,Revenue,Profitability,Financial Stability,Debt Level,Industry,Location,Number of Employees,CEO Age,CEO Experience,Audit Reports,label
0,100000.0,10.0,1.0,0.0,Technology,New York,100.0,20.0,0.0,2,1
1,100900.9009009009,10.02002002002002,1.001001001001001,0.06006006006006006,Pharmaceuticals,California,100.90090090090091,20.04004004004004,0.02002002002002002,0,0
2,101801.8018018018,10.04004004004004,1.002002002002002,0.12012012012012012,Retail,Texas,101.8018018018018,20.08008008008008,0.04004004004004004,0,0
3,102702.7027027027,10.06006006006006,1.003003003003003,0.18018018018018017,Financial Services,Florida,102.70270270270271,20.12012012012012,0.06006006006006006,1,0
4,103603.60360360361,10.08008008008008,1.004004004004004,0.24024024024024024,Technology,New York,103.6036036036036,20.16016016016016,0.08008008008008008,2,0
5,104504.5045045045,10.1001001001001,1.005005005005005,0.3003003003003003,Pharmaceuticals,California,104.50450450450451,20.2002002002002,0.10010010010010009,1,0
6,105405.4054054054,10.12012012012012,1.006006006006006,0.36036036036036034,Retail,Texas,105.4054054054054,20.24024024024024,0.12012012012012012,1,0
7,106306.3063063063,10.14014014014014,1.007007007007007,0.42042042042042044,Financial Services,Florida,106.30630630630631,20.28028028028028,0.14014014014014015,2,0
8,107207.2072072072,10.16016016016016,1.008008008008008,0.4804804804804805,Technology,New York,107.2072072072072,20.32032032032032,0.16016016016016016,0,0
9,108108.1081081081,10.18018018018018,1.009009009009009,0.5405405405405406,Pharmaceuticals,California,108.10810810810811,20.36036036036036,0.18018018018018017,2,0
10,109009.00900900901,10.2002002002002,1.01001001001001,0.6006006006006006,Retail,Texas,109.009009009009,20.4004004004004,0.20020020020020018,2,0
11,109909.90990990991,10.22022022022022,1.011011011011011,0.6606606606606606,Financial Services,Florida,109.90990990990991,20.44044044044044,0.22022022022022023,2,0
12,110810.81081081081,10.24024024024024,1.012012012012012,0.7207207207207207,Technology,New York,110.8108108108108,20.48048048048048,0.24024024024024024,2,0
13,111711.71171171172,10.26026026026026,1.013013013013013,0.7807807807807807,Pharmaceuticals,California,111.71171171171171,20.52052052052052,0.2602602602602603,2,0
14,112612.61261261262,10.28028028028028,1.014014014014014,0.8408408408408409,Retail,Texas,112.61261261261261,20.56056056056056,0.2802802802802803,0,0
15,113513.51351351352,10.3003003003003,1.015015015015015,0.9009009009009009,Financial Services,Florida,113.51351351351352,20.6006006006006,0.3003003003003003,2,0
16,114414.41441441441,10.32032032032032,1.016016016016016,0.960960960960961,Technology,New York,114.41441441441441,20.64064064064064,0.3203203203203203,1,0
17,115315.31531531531,10.34034034034034,1.017017017017017,1.021021021021021,Pharmaceuticals,California,115.31531531531532,20.68068068068068,0.34034034034034033,2,0
18,116216.21621621621,10.36036036036036,1.018018018018018,1.0810810810810811,Retail,Texas,116.21621621621622,20.72072072072072,0.36036036036036034,0,0
19,117117.11711711712,10.38038038038038,1.019019019019019,1.1411411411411412,Financial Services,Florida,117.11711711711712,20.76076076076076,0.38038038038038036,2,0
20,118018.01801801802,10.4004004004004,1.02002002002002,1.2012012012012012,Technology,New York,118.01801801801801,20.8008008008008,0.40040040040040037,0,0
21,118918.91891891892,10.42042042042042,1.021021021021021,1.2612612612612613,Pharmaceuticals,California,118.91891891891892,20.84084084084084,0.42042042042042044,1,0
22,119819.81981981982,10.44044044044044,1.022022022022022,1.3213213213213213,Retail,Texas,119.81981981981983,20.88088088088088,0.44044044044044045,1,0
23,120720.72072072072,10.46046046046046,1.023023023023023,1.3813813813813813,Financial Services,Florida,120.72072072072072,20.92092092092092,0.46046046046046046,2,0
24,121621.62162162163,10.48048048048048,1.024024024024024,1.4414414414414414,Technology,New York,121.62162162162161,20.96096096096096,0.4804804804804805,2,0
25,122522.52252252251,10.5005005005005,1.025025025025025,1.5015015015015014,Pharmaceuticals,California,122.52252252252252,21.001001001001,0.5005005005005005,2,0
26,123423.42342342342,10.52052052052052,1.026026026026026,1.5615615615615615,Retail,Texas,123.42342342342343,21.04104104104104,0.5205205205205206,1,0
27,124324.32432432432,10.54054054054054,1.027027027027027,1.6216216216216217,Financial Services,Florida,124.32432432432432,21.08108108108108,0.5405405405405406,0,0
28,125225.22522522522,10.56056056056056,1.028028028028028,1.6816816816816818,Technology,New York,125.22522522522523,21.12112112112112,0.5605605605605606,0,0
29,126126.12612612612,10.58058058058058,1.029029029029029,1.7417417417417418,Pharmaceuticals,California,126.12612612612612,21.16116116116116,0.5805805805805806,0,0
30,127027.02702702703,10.6006006006006,1.03003003003003,1.8018018018018018,Retail,Texas,127.02702702702703,21.2012012012012,0.6006006006006006,0,0
31,127927.92792792793,10.62062062062062,1.031031031031031,1.8618618618618619,Financial Services,Florida,127.92792792792793,21.24124124124124,0.6206206206206206,2,0
32,128828.82882882883,10.64064064064064,1.032032032032032,1.921921921921922,Technology,New York,128.82882882882882,21.28128128128128,0.6406406406406406,0,0
33,129729.72972972973,10.66066066066066,1.033033033033033,1.981981981981982,Pharmaceuticals,California,129.72972972972974,21.32132132132132,0.6606606606606606,1,0
34,130630.63063063062,10.68068068068068,1.034034034034034,2.042042042042042,Retail,Texas,130.63063063063063,21.36136136136136,0.6806806806806807,1,0
35,131531.53153153154,10.7007007007007,1.035035035035035,2.1021021021021022,Financial Services,Florida,131.53153153153153,21.4014014014014,0.7007007007007007,0,0
36,132432.43243243243,10.72072072072072,1.0360360360360361,2.1621621621621623,Technology,New York,132.43243243243245,21.44144144144144,0.7207207207207207,1,0
37,133333.3333333333,10.74074074074074,1.037037037037037,2.2222222222222223,Pharmaceuticals,California,133.33333333333334,21.48148148148148,0.7407407407407407,0,0
38,134234.23423423423,10.76076076076076,1.038038038038038,2.2822822822822824,Retail,Texas,134.23423423423424,21.52152152152152,0.7607607607607607,1,0
39,135135.13513513515,10.78078078078078,1.039039039039039,2.3423423423423424,Financial Services,Florida,135.13513513513513,21.56156156156156,0.7807807807807807,0,0
40,136036.03603603604,10.8008008008008,1.04004004004004,2.4024024024024024,Technology,New York,136.03603603603602,21.6016016016016,0.8008008008008007,0,0
41,136936.93693693692,10.82082082082082,1.0410410410410411,2.4624624624624625,Pharmaceuticals,California,136.93693693693695,21.64164164164164,0.8208208208208209,0,0
42,137837.83783783784,10.84084084084084,1.042042042042042,2.5225225225225225,Retail,Texas,137.83783783783784,21.68168168168168,0.8408408408408409,0,0
43,138738.73873873873,10.86086086086086,1.043043043043043,2.5825825825825826,Financial Services,Florida,138.73873873873873,21.72172172172172,0.8608608608608609,1,0
44,139639.63963963964,10.88088088088088,1.044044044044044,2.6426426426426426,Technology,New York,139.63963963963965,21.76176176176176,0.8808808808808809,1,0
45,140540.54054054053,10.9009009009009,1.045045045045045,2.7027027027027026,Pharmaceuticals,California,140.54054054054055,21.8018018018018,0.9009009009009009,2,0
46,141441.44144144145,10.92092092092092,1.0460460460460461,2.7627627627627627,Retail,Texas,141.44144144144144,21.84184184184184,0.9209209209209209,2,0
47,142342.34234234234,10.94094094094094,1.047047047047047,2.8228228228228227,Financial Services,Florida,142.34234234234233,21.88188188188188,0.9409409409409409,0,0
48,143243.24324324325,10.96096096096096,1.048048048048048,2.8828828828828827,Technology,New York,143.24324324324323,21.92192192192192,0.960960960960961,0,0
49,144144.14414414414,10.98098098098098,1.049049049049049,2.942942942942943,Pharmaceuticals,California,144.14414414414415,21.96196196196196,0.980980980980981,0,0
50,145045.04504504503,11.001001001001,1.05005005005005,3.003003003003003,Retail,Texas,145.04504504504504,22.002002002002,1.001001001001001,0,0
51,145945.94594594595,11.02102102102102,1.0510510510510511,3.063063063063063,Financial Services,Florida,145.94594594594594,22.04204204204204,1.021021021021021,1,0
52,146846.84684684683,11.04104104104104,1.052052052052052,3.123123123123123,Technology,New York,146.84684684684686,22.08208208208208,1.0410410410410411,0,0
53,147747.74774774775,11.06106106106106,1.053053053053053,3.183183183183183,Pharmaceuticals,California,147.74774774774775,22.12212212212212,1.0610610610610611,1,0
54,148648.64864864864,11.08108108108108,1.054054054054054,3.2432432432432434,Retail,Texas,148.64864864864865,22.16216216216216,1.0810810810810811,1,0
55,149549.54954954956,11.1011011011011,1.055055055055055,3.3033033033033035,Financial Services,Florida,149.54954954954957,22.2022022022022,1.1011011011011012,2,0
56,150450.45045045044,11.12112112112112,1.0560560560560561,3.3633633633633635,Technology,New York,150.45045045045046,22.24224224224224,1.1211211211211212,1,0
57,151351.35135135136,11.14114114114114,1.057057057057057,3.4234234234234235,Pharmaceuticals,California,151.35135135135135,22.28228228228228,1.1411411411411412,2,0
58,152252.25225225225,11.16116116116116,1.058058058058058,3.4834834834834836,Retail,Texas,152.25225225225225,22.32232232232232,1.1611611611611612,1,0
59,153153.15315315314,11.18118118118118,1.059059059059059,3.5435435435435436,Financial Services,Florida,153.15315315315314,22.36236236236236,1.1811811811811812,0,0
60,154054.05405405405,11.2012012012012,1.06006006006006,3.6036036036036037,Technology,New York,154.05405405405406,22.4024024024024,1.2012012012012012,2,0
61,154954.95495495497,11.22122122122122,1.0610610610610611,3.6636636636636637,Pharmaceuticals,California,154.95495495495496,22.44244244244244,1.2212212212212212,1,0
62,155855.85585585586,11.24124124124124,1.062062062062062,3.7237237237237237,Retail,Texas,155.85585585585585,22.48248248248248,1.2412412412412412,2,0
63,156756.75675675675,11.26126126126126,1.063063063063063,3.7837837837837838,Financial Services,Florida,156.75675675675677,22.52252252252252,1.2612612612612613,2,0
64,157657.65765765766,11.28128128128128,1.064064064064064,3.843843843843844,Technology,New York,157.65765765765767,22.56256256256256,1.2812812812812813,1,0
65,158558.55855855855,11.3013013013013,1.065065065065065,3.903903903903904,Pharmaceuticals,California,158.55855855855856,22.6026026026026,1.3013013013013013,1,0
66,159459.45945945947,11.32132132132132,1.0660660660660661,3.963963963963964,Retail,Texas,159.45945945945945,22.64264264264264,1.3213213213213213,2,0
67,160360.36036036036,11.34134134134134,1.067067067067067,4.024024024024024,Financial Services,Florida,160.36036036036035,22.68268268268268,1.3413413413413413,0,0
68,161261.26126126124,11.36136136136136,1.068068068068068,4.084084084084084,Technology,New York,161.26126126126127,22.72272272272272,1.3613613613613613,2,0
69,162162.16216216216,11.381381381381381,1.069069069069069,4.1441441441441444,Pharmaceuticals,California,162.16216216216216,22.762762762762762,1.3813813813813813,0,0
70,163063.06306306308,11.401401401401401,1.07007007007007,4.2042042042042045,Retail,Texas,163.06306306306305,22.802802802802802,1.4014014014014013,0,0
71,163963.96396396396,11.421421421421421,1.0710710710710711,4.2642642642642645,Financial Services,Florida,163.96396396396398,22.842842842842842,1.4214214214214214,1,0
72,164864.86486486485,11.441441441441441,1.072072072072072,4.324324324324325,Technology,New York,164.86486486486487,22.882882882882882,1.4414414414414414,1,0
73,165765.76576576577,11.461461461461461,1.073073073073073,4.384384384384385,Pharmaceuticals,California,165.76576576576576,22.922922922922922,1.4614614614614614,1,0
74,166666.66666666666,11.481481481481481,1.074074074074074,4.444444444444445,Retail,Texas,166.66666666666669,22.962962962962962,1.4814814814814814,0,0
75,167567.56756756757,11.501501501501501,1.075075075075075,4.504504504504505,Financial Services,Florida,167.56756756756755,23.003003003003002,1.5015015015015014,0,0
76,168468.46846846846,11.521521521521521,1.0760760760760761,4.564564564564565,Technology,New York,168.46846846846847,23.043043043043042,1.5215215215215214,0,0
77,169369.36936936935,11.541541541541541,1.077077077077077,4.624624624624625,Pharmaceuticals,California,169.36936936936937,23.083083083083082,1.5415415415415414,1,0
78,170270.27027027027,11.561561561561561,1.078078078078078,4.684684684684685,Retail,Texas,170.27027027027026,23.123123123123122,1.5615615615615615,0,0
79,171171.17117117118,11.581581581581581,1.079079079079079,4.744744744744745,Financial Services,Florida,171.17117117117118,23.163163163163162,1.5815815815815815,1,0
80,172072.07207207207,11.601601601601601,1.08008008008008,4.804804804804805,Technology,New York,172.07207207207207,23.203203203203202,1.6016016016016015,0,0
81,172972.97297297296,11.621621621621621,1.0810810810810811,4.864864864864865,Pharmaceuticals,California,172.97297297297297,23.243243243243242,1.6216216216216217,2,0
82,173873.87387387388,11.641641641641641,1.082082082082082,4.924924924924925,Retail,Texas,173.8738738738739,23.283283283283282,1.6416416416416417,2,0
83,174774.7747747748,11.661661661661661,1.083083083083083,4.984984984984985,Financial Services,Florida,174.77477477477476,23.323323323323322,1.6616616616616617,0,0
84,175675.67567567568,11.681681681681681,1.084084084084084,5.045045045045045,Technology,New York,175.67567567567568,23.363363363363362,1.6816816816816818,0,0
85,176576.57657657657,11.701701701701701,1.085085085085085,5.105105105105105,Pharmaceuticals,California,176.57657657657657,23.403403403403402,1.7017017017017018,1,0
86,177477.47747747746,11.721721721721721,1.0860860860860861,5.165165165165165,Retail,Texas,177.47747747747746,23.443443443443442,1.7217217217217218,0,0
87,178378.37837837837,11.741741741741741,1.087087087087087,5.225225225225225,Financial Services,Florida,178.3783783783784,23.483483483483482,1.7417417417417418,2,0
88,179279.2792792793,11.761761761761761,1.088088088088088,5.285285285285285,Technology,New York,179.27927927927928,23.523523523523522,1.7617617617617618,1,0
89,180180.18018018018,11.781781781781781,1.0890890890890892,5.345345345345345,Pharmaceuticals,California,180.18018018018017,23.563563563563562,1.7817817817817818,1,0
90,181081.08108108107,11.801801801801801,1.09009009009009,5.405405405405405,Retail,Texas,181.0810810810811,23.603603603603602,1.8018018018018018,1,0
91,181981.98198198198,11.821821821821821,1.0910910910910911,5.465465465465465,Financial Services,Florida,181.981981981982,23.643643643643642,1.8218218218218218,2,0
92,182882.8828828829,11.841841841841841,1.092092092092092,5.525525525525525,Technology,New York,182.88288288288288,23.683683683683682,1.8418418418418419,1,0
93,183783.7837837838,11.861861861861861,1.093093093093093,5.585585585585585,Pharmaceuticals,California,183.7837837837838,23.723723723723722,1.8618618618618619,2,0
94,184684.68468468467,11.881881881881881,1.0940940940940942,5.645645645645645,Retail,Texas,184.68468468468467,23.763763763763762,1.8818818818818819,0,0
95,185585.58558558556,11.901901901901901,1.095095095095095,5.7057057057057055,Financial Services,Florida,185.5855855855856,23.803803803803802,1.901901901901902,0,0
96,186486.48648648648,11.921921921921921,1.0960960960960962,5.7657657657657655,Technology,New York,186.48648648648648,23.843843843843842,1.921921921921922,1,0
97,187387.3873873874,11.941941941941941,1.097097097097097,5.8258258258258255,Pharmaceuticals,California,187.38738738738738,23.883883883883883,1.941941941941942,1,0
98,188288.28828828828,11.961961961961961,1.098098098098098,5.885885885885886,Retail,Texas,188.2882882882883,23.923923923923923,1.961961961961962,2,0
99,189189.18918918917,11.981981981981981,1.0990990990990992,5.945945945945946,Financial Services,Florida,189.1891891891892,23.963963963963963,1.981981981981982,2,0
100,190090.0900900901,12.002002002002001,1.1001001001001,6.006006006006006,Technology,New York,190.0900900900901,24.004004004004003,2.002002002002002,2,0
101,190990.990990991,12.022022022022021,1.1011011011011012,6.066066066066066,Pharmaceuticals,California,190.990990990991,24.044044044044043,2.022022022022022,0,0
102,191891.8918918919,12.042042042042041,1.102102102102102,6.126126126126126,Retail,Texas,191.89189189189187,24.084084084084083,2.042042042042042,2,0
103,192792.79279279278,12.062062062062061,1.103103103103103,6.186186186186186,Financial Services,Florida,192.7927927927928,24.124124124124123,2.062062062062062,0,0
104,193693.69369369367,12.082082082082081,1.1041041041041042,6.246246246246246,Technology,New York,193.6936936936937,24.164164164164163,2.0820820820820822,1,0
105,194594.5945945946,12.102102102102101,1.105105105105105,6.306306306306306,Pharmaceuticals,California,194.59459459459458,24.204204204204203,2.1021021021021022,2,0
106,195495.4954954955,12.122122122122121,1.1061061061061062,6.366366366366366,Retail,Texas,195.4954954954955,24.244244244244243,2.1221221221221223,2,0
107,196396.3963963964,12.142142142142141,1.107107107107107,6.426426426426427,Financial Services,Florida,196.3963963963964,24.284284284284283,2.1421421421421423,1,0
108,197297.29729729728,12.162162162162161,1.1081081081081081,6.486486486486487,Technology,New York,197.2972972972973,24.324324324324323,2.1621621621621623,0,0
109,198198.1981981982,12.182182182182181,1.1091091091091092,6.546546546546547,Pharmaceuticals,California,198.1981981981982,24.364364364364363,2.1821821821821823,2,0
110,199099.0990990991,12.202202202202201,1.11011011011011,6.606606606606607,Retail,Texas,199.0990990990991,24.404404404404403,2.2022022022022023,0,0
111,200000.0,12.222222222222221,1.1111111111111112,6.666666666666667,Financial Services,Florida,200.0,24.444444444444443,2.2222222222222223,0,0
112,200900.9009009009,12.242242242242241,1.112112112112112,6.726726726726727,Technology,New York,200.90090090090092,24.484484484484483,2.2422422422422423,0,0
113,201801.8018018018,12.262262262262261,1.1131131131131131,6.786786786786787,Pharmaceuticals,California,201.8018018018018,24.524524524524523,2.2622622622622623,0,0
114,202702.7027027027,12.282282282282281,1.1141141141141142,6.846846846846847,Retail,Texas,202.7027027027027,24.564564564564563,2.2822822822822824,2,0
115,203603.6036036036,12.302302302302301,1.115115115115115,6.906906906906907,Financial Services,Florida,203.6036036036036,24.604604604604603,2.3023023023023024,2,0
116,204504.5045045045,12.322322322322321,1.1161161161161162,6.966966966966967,Technology,New York,204.5045045045045,24.644644644644643,2.3223223223223224,1,0
117,205405.40540540538,12.342342342342342,1.117117117117117,7.027027027027027,Pharmaceuticals,California,205.40540540540542,24.684684684684683,2.3423423423423424,2,0
118,206306.3063063063,12.362362362362362,1.1181181181181181,7.087087087087087,Retail,Texas,206.3063063063063,24.724724724724723,2.3623623623623624,0,0
119,207207.20720720722,12.382382382382382,1.1191191191191192,7.147147147147147,Financial Services,Florida,207.2072072072072,24.764764764764763,2.3823823823823824,2,0
120,208108.1081081081,12.402402402402402,1.12012012012012,7.207207207207207,Technology,New York,208.10810810810813,24.804804804804803,2.4024024024024024,0,0
121,209009.009009009,12.422422422422422,1.1211211211211212,7.267267267267267,Pharmaceuticals,California,209.009009009009,24.844844844844843,2.4224224224224224,2,0
122,209909.9099099099,12.442442442442442,1.122122122122122,7.327327327327327,Retail,Texas,209.9099099099099,24.884884884884883,2.4424424424424425,2,0
123,210810.81081081083,12.462462462462462,1.1231231231231231,7.387387387387387,Financial Services,Florida,210.8108108108108,24.924924924924923,2.4624624624624625,0,0
124,211711.71171171172,12.482482482482482,1.1241241241241242,7.4474474474474475,Technology,New York,211.7117117117117,24.964964964964963,2.4824824824824825,1,0
125,212612.6126126126,12.502502502502502,1.125125125125125,7.5075075075075075,Pharmaceuticals,California,212.61261261261262,25.005005005005003,2.5025025025025025,2,0
126,213513.5135135135,12.522522522522522,1.1261261261261262,7.5675675675675675,Retail,Texas,213.51351351351352,25.045045045045043,2.5225225225225225,2,0
127,214414.4144144144,12.542542542542542,1.127127127127127,7.627627627627628,Financial Services,Florida,214.4144144144144,25.085085085085083,2.5425425425425425,1,0
128,215315.31531531533,12.562562562562562,1.1281281281281281,7.687687687687688,Technology,New York,215.31531531531533,25.125125125125123,2.5625625625625625,2,0
129,216216.2162162162,12.582582582582582,1.1291291291291292,7.747747747747748,Pharmaceuticals,California,216.21621621621622,25.165165165165163,2.5825825825825826,2,0
130,217117.1171171171,12.602602602602602,1.13013013013013,7.807807807807808,Retail,Texas,217.11711711711712,25.205205205205203,2.6026026026026026,1,0
131,218018.01801801802,12.622622622622622,1.1311311311311312,7.867867867867868,Financial Services,Florida,218.01801801801804,25.245245245245243,2.6226226226226226,2,0
132,218918.91891891893,12.642642642642642,1.132132132132132,7.927927927927928,Technology,New York,218.9189189189189,25.285285285285283,2.6426426426426426,0,0
133,219819.81981981982,12.662662662662662,1.1331331331331331,7.987987987987988,Pharmaceuticals,California,219.81981981981983,25.325325325325323,2.6626626626626626,1,0
134,220720.7207207207,12.682682682682682,1.1341341341341342,8.048048048048049,Retail,Texas,220.72072072072072,25.365365365365363,2.6826826826826826,1,0
135,221621.6216216216,12.702702702702702,1.135135135135135,8.108108108108109,Financial Services,Florida,221.6216216216216,25.405405405405403,2.7027027027027026,0,0
136,222522.52252252251,12.722722722722722,1.1361361361361362,8.168168168168169,Technology,New York,222.52252252252254,25.445445445445444,2.7227227227227226,1,0
137,223423.42342342343,12.742742742742742,1.137137137137137,8.228228228228229,Pharmaceuticals,California,223.42342342342343,25.485485485485484,2.7427427427427427,2,0
138,224324.32432432432,12.762762762762762,1.1381381381381381,8.288288288288289,Retail,Texas,224.32432432432432,25.525525525525524,2.7627627627627627,1,0
139,225225.2252252252,12.782782782782782,1.1391391391391392,8.348348348348349,Financial Services,Florida,225.22522522522524,25.565565565565564,2.7827827827827827,2,0
140,226126.12612612612,12.802802802802802,1.14014014014014,8.408408408408409,Technology,New York,226.1261261261261,25.605605605605604,2.8028028028028027,2,0
141,227027.02702702704,12.822822822822822,1.1411411411411412,8.468468468468469,Pharmaceuticals,California,227.02702702702703,25.645645645645644,2.8228228228228227,1,0
142,227927.92792792793,12.842842842842842,1.142142142142142,8.528528528528529,Retail,Texas,227.92792792792793,25.685685685685684,2.8428428428428427,2,0
143,228828.82882882882,12.862862862862862,1.1431431431431431,8.588588588588589,Financial Services,Florida,228.82882882882882,25.725725725725724,2.8628628628628627,0,0
144,229729.7297297297,12.882882882882882,1.1441441441441442,8.64864864864865,Technology,New York,229.72972972972974,25.765765765765764,2.8828828828828827,1,0
145,230630.63063063062,12.902902902902902,1.145145145145145,8.70870870870871,Pharmaceuticals,California,230.63063063063063,25.805805805805804,2.9029029029029028,0,0
146,231531.53153153154,12.922922922922922,1.1461461461461462,8.76876876876877,Retail,Texas,231.53153153153153,25.845845845845844,2.9229229229229228,2,0
147,232432.43243243243,12.942942942942942,1.147147147147147,8.82882882882883,Financial Services,Florida,232.43243243243242,25.885885885885884,2.942942942942943,1,0
148,233333.3333333333,12.962962962962962,1.1481481481481481,8.88888888888889,Technology,New York,233.33333333333334,25.925925925925924,2.962962962962963,0,0
149,234234.23423423423,12.982982982982982,1.1491491491491492,8.94894894894895,Pharmaceuticals,California,234.23423423423424,25.965965965965964,2.982982982982983,2,0
150,235135.13513513512,13.003003003003002,1.15015015015015,9.00900900900901,Retail,Texas,235.13513513513513,26.006006006006004,3.003003003003003,1,0
151,236036.03603603604,13.023023023023022,1.1511511511511512,9.06906906906907,Financial Services,Florida,236.03603603603605,26.046046046046044,3.023023023023023,1,0
152,236936.93693693692,13.043043043043042,1.1521521521521523,9.12912912912913,Technology,New York,236.93693693693695,26.086086086086084,3.043043043043043,1,0
153,237837.83783783784,13.063063063063062,1.1531531531531531,9.18918918918919,Pharmaceuticals,California,237.83783783783784,26.126126126126124,3.063063063063063,2,0
154,238738.73873873873,13.083083083083082,1.1541541541541542,9.24924924924925,Retail,Texas,238.73873873873873,26.166166166166164,3.083083083083083,0,0
155,239639.63963963964,13.103103103103102,1.155155155155155,9.30930930930931,Financial Services,Florida,239.63963963963965,26.206206206206204,3.103103103103103,1,0
156,240540.54054054053,13.123123123123122,1.1561561561561562,9.36936936936937,Technology,New York,240.54054054054055,26.246246246246244,3.123123123123123,1,0
157,241441.44144144145,13.143143143143142,1.1571571571571573,9.42942942942943,Pharmaceuticals,California,241.44144144144144,26.286286286286284,3.143143143143143,2,0
158,242342.34234234234,13.163163163163162,1.1581581581581581,9.48948948948949,Retail,Texas,242.34234234234233,26.326326326326324,3.163163163163163,0,0
159,243243.24324324323,13.183183183183182,1.1591591591591592,9.54954954954955,Financial Services,Florida,243.24324324324326,26.366366366366364,3.183183183183183,1,0
160,244144.14414414414,13.203203203203202,1.16016016016016,9.60960960960961,Technology,New York,244.14414414414415,26.406406406406404,3.203203203203203,2,0
161,245045.04504504503,13.223223223223224,1.1611611611611612,9.66966966966967,Pharmaceuticals,California,245.04504504504504,26.446446446446448,3.2232232232232234,1,0
162,245945.94594594595,13.243243243243244,1.1621621621621623,9.72972972972973,Retail,Texas,245.94594594594594,26.486486486486488,3.2432432432432434,0,0
163,246846.84684684683,13.263263263263264,1.1631631631631631,9.78978978978979,Financial Services,Florida,246.84684684684686,26.526526526526528,3.2632632632632634,0,0
164,247747.74774774775,13.283283283283284,1.1641641641641642,9.84984984984985,Technology,New York,247.74774774774775,26.566566566566568,3.2832832832832834,0,0
165,248648.64864864864,13.303303303303304,1.165165165165165,9.90990990990991,Pharmaceuticals,California,248.64864864864865,26.606606606606608,3.3033033033033035,0,0
166,249549.54954954956,13.323323323323324,1.1661661661661662,9.96996996996997,Retail,Texas,249.54954954954954,26.646646646646648,3.3233233233233235,0,0
167,250450.45045045044,13.343343343343344,1.1671671671671673,10.03003003003003,Financial Services,Florida,250.45045045045046,26.686686686686688,3.3433433433433435,2,0
168,251351.35135135133,13.363363363363364,1.1681681681681682,10.09009009009009,Technology,New York,251.35135135135135,26.726726726726728,3.3633633633633635,1,0
169,252252.25225225225,13.383383383383384,1.1691691691691692,10.15015015015015,Pharmaceuticals,California,252.25225225225225,26.766766766766768,3.3833833833833835,2,0
170,253153.15315315314,13.403403403403404,1.17017017017017,10.21021021021021,Retail,Texas,253.15315315315314,26.806806806806808,3.4034034034034035,1,0
171,254054.05405405405,13.423423423423424,1.1711711711711712,10.27027027027027,Financial Services,Florida,254.05405405405406,26.846846846846848,3.4234234234234235,2,0
172,254954.95495495494,13.443443443443444,1.1721721721721723,10.33033033033033,Technology,New York,254.95495495495496,26.886886886886888,3.4434434434434436,2,0
173,255855.85585585586,13.463463463463464,1.1731731731731732,10.39039039039039,Pharmaceuticals,California,255.85585585585585,26.926926926926928,3.4634634634634636,0,0
174,256756.75675675675,13.483483483483484,1.1741741741741742,10.45045045045045,Retail,Texas,256.7567567567568,26.966966966966968,3.4834834834834836,0,0
175,257657.65765765766,13.503503503503504,1.1751751751751751,10.51051051051051,Financial Services,Florida,257.65765765765764,27.007007007007008,3.5035035035035036,0,0
176,258558.55855855855,13.523523523523524,1.1761761761761762,10.57057057057057,Technology,New York,258.55855855855856,27.047047047047048,3.5235235235235236,0,0
177,259459.45945945947,13.543543543543544,1.1771771771771773,10.63063063063063,Pharmaceuticals,California,259.4594594594595,27.087087087087088,3.5435435435435436,1,0
178,260360.36036036036,13.563563563563564,1.1781781781781782,10.69069069069069,Retail,Texas,260.36036036036035,27.127127127127128,3.5635635635635636,1,0
179,261261.26126126124,13.583583583583584,1.1791791791791792,10.75075075075075,Financial Services,Florida,261.26126126126127,27.167167167167168,3.5835835835835836,0,0
180,262162.16216216213,13.603603603603604,1.1801801801801801,10.81081081081081,Technology,New York,262.1621621621622,27.207207207207208,3.6036036036036037,1,0
181,263063.0630630631,13.623623623623624,1.1811811811811812,10.87087087087087,Pharmaceuticals,California,263.06306306306305,27.24724724724725,3.6236236236236237,0,0
182,263963.96396396396,13.643643643643644,1.1821821821821823,10.93093093093093,Retail,Texas,263.963963963964,27.28728728728729,3.6436436436436437,0,0
183,264864.86486486485,13.663663663663664,1.1831831831831832,10.99099099099099,Financial Services,Florida,264.8648648648649,27.32732732732733,3.6636636636636637,1,0
184,265765.7657657658,13.683683683683684,1.1841841841841843,11.05105105105105,Technology,New York,265.76576576576576,27.36736736736737,3.6836836836836837,1,0
185,266666.6666666666,13.703703703703704,1.1851851851851851,11.11111111111111,Pharmaceuticals,California,266.66666666666663,27.40740740740741,3.7037037037037037,0,0
186,267567.5675675676,13.723723723723724,1.1861861861861862,11.17117117117117,Retail,Texas,267.5675675675676,27.44744744744745,3.7237237237237237,0,0
187,268468.46846846846,13.743743743743744,1.1871871871871873,11.23123123123123,Financial Services,Florida,268.4684684684685,27.48748748748749,3.7437437437437437,1,0
188,269369.36936936935,13.763763763763764,1.1881881881881882,11.29129129129129,Technology,New York,269.36936936936934,27.52752752752753,3.7637637637637638,0,0
189,270270.2702702703,13.783783783783784,1.1891891891891893,11.35135135135135,Pharmaceuticals,California,270.27027027027026,27.56756756756757,3.7837837837837838,2,0
190,271171.1711711711,13.803803803803804,1.1901901901901901,11.411411411411411,Retail,Texas,271.1711711711712,27.60760760760761,3.803803803803804,2,0
191,272072.0720720721,13.823823823823824,1.1911911911911912,11.471471471471471,Financial Services,Florida,272.07207207207205,27.64764764764765,3.823823823823824,0,0
192,272972.97297297296,13.843843843843844,1.1921921921921923,11.531531531531531,Technology,New York,272.97297297297297,27.68768768768769,3.843843843843844,0,0
193,273873.87387387385,13.863863863863864,1.1931931931931932,11.591591591591591,Pharmaceuticals,California,273.8738738738739,27.72772772772773,3.863863863863864,1,0
194,274774.7747747748,13.883883883883884,1.1941941941941943,11.651651651651651,Retail,Texas,274.77477477477476,27.76776776776777,3.883883883883884,1,0
195,275675.6756756757,13.903903903903904,1.1951951951951951,11.711711711711711,Financial Services,Florida,275.6756756756757,27.80780780780781,3.903903903903904,2,0
196,276576.57657657657,13.923923923923924,1.1961961961961962,11.771771771771771,Technology,New York,276.5765765765766,27.84784784784785,3.923923923923924,0,0
197,277477.47747747746,13.943943943943944,1.1971971971971973,11.831831831831831,Pharmaceuticals,California,277.47747747747746,27.88788788788789,3.943943943943944,1,0
198,278378.37837837834,13.963963963963964,1.1981981981981982,11.891891891891891,Retail,Texas,278.3783783783784,27.92792792792793,3.963963963963964,1,0
199,279279.2792792793,13.983983983983984,1.1991991991991993,11.951951951951951,Financial Services,Florida,279.2792792792793,27.96796796796797,3.983983983983984,1,0
200,280180.1801801802,14.004004004004004,1.2002002002002001,12.012012012012011,Technology,New York,280.1801801801802,28.00800800800801,4.004004004004004,2,0
201,281081.08108108107,14.024024024024024,1.2012012012012012,12.072072072072071,Pharmaceuticals,California,281.0810810810811,28.04804804804805,4.024024024024024,0,0
202,281981.981981982,14.044044044044044,1.2022022022022023,12.132132132132131,Retail,Texas,281.981981981982,28.08808808808809,4.044044044044044,0,0
203,282882.88288288284,14.064064064064064,1.2032032032032032,12.192192192192191,Financial Services,Florida,282.8828828828829,28.12812812812813,4.064064064064064,2,0
204,283783.7837837838,14.084084084084084,1.2042042042042043,12.252252252252251,Technology,New York,283.78378378378375,28.16816816816817,4.084084084084084,1,0
205,284684.6846846847,14.104104104104104,1.2052052052052051,12.312312312312311,Pharmaceuticals,California,284.6846846846847,28.20820820820821,4.104104104104104,0,0
206,285585.58558558556,14.124124124124124,1.2062062062062062,12.372372372372372,Retail,Texas,285.5855855855856,28.24824824824825,4.124124124124124,2,0
207,286486.4864864865,14.144144144144144,1.2072072072072073,12.432432432432432,Financial Services,Florida,286.48648648648646,28.28828828828829,4.1441441441441444,1,0
208,287387.38738738734,14.164164164164164,1.2082082082082082,12.492492492492492,Technology,New York,287.3873873873874,28.32832832832833,4.1641641641641645,2,0
209,288288.2882882883,14.184184184184184,1.2092092092092093,12.552552552552552,Pharmaceuticals,California,288.2882882882883,28.36836836836837,4.1841841841841845,1,0
210,289189.1891891892,14.204204204204204,1.2102102102102101,12.612612612612612,Retail,Texas,289.18918918918916,28.40840840840841,4.2042042042042045,0,0
211,290090.09009009006,14.224224224224224,1.2112112112112112,12.672672672672672,Financial Services,Florida,290.0900900900901,28.44844844844845,4.2242242242242245,0,0
212,290990.990990991,14.244244244244245,1.2122122122122123,12.732732732732732,Technology,New York,290.990990990991,28.48848848848849,4.2442442442442445,0,0
213,291891.8918918919,14.264264264264265,1.2132132132132132,12.792792792792792,Pharmaceuticals,California,291.8918918918919,28.52852852852853,4.2642642642642645,1,0
214,292792.7927927928,14.284284284284285,1.2142142142142143,12.852852852852854,Retail,Texas,292.7927927927928,28.56856856856857,4.2842842842842845,2,0
215,293693.6936936937,14.304304304304305,1.2152152152152151,12.912912912912914,Financial Services,Florida,293.6936936936937,28.60860860860861,4.3043043043043046,2,0
216,294594.59459459456,14.324324324324325,1.2162162162162162,12.972972972972974,Technology,New York,294.5945945945946,28.64864864864865,4.324324324324325,0,0
217,295495.4954954955,14.344344344344345,1.2172172172172173,13.033033033033034,Pharmaceuticals,California,295.4954954954955,28.68868868868869,4.344344344344345,0,0
218,296396.3963963964,14.364364364364365,1.2182182182182182,13.093093093093094,Retail,Texas,296.3963963963964,28.72872872872873,4.364364364364365,1,0
219,297297.2972972973,14.384384384384385,1.2192192192192193,13.153153153153154,Financial Services,Florida,297.2972972972973,28.76876876876877,4.384384384384385,1,0
220,298198.1981981982,14.404404404404405,1.2202202202202201,13.213213213213214,Technology,New York,298.1981981981982,28.80880880880881,4.404404404404405,2,0
221,299099.09909909905,14.424424424424425,1.2212212212212212,13.273273273273274,Pharmaceuticals,California,299.09909909909913,28.84884884884885,4.424424424424425,1,0
222,300000.0,14.444444444444445,1.2222222222222223,13.333333333333334,Retail,Texas,300.0,28.88888888888889,4.444444444444445,2,0
223,300900.9009009009,14.464464464464465,1.2232232232232232,13.393393393393394,Financial Services,Florida,300.90090090090087,28.92892892892893,4.464464464464465,2,0
224,301801.8018018018,14.484484484484485,1.2242242242242243,13.453453453453454,Technology,New York,301.80180180180184,28.96896896896897,4.484484484484485,2,0
225,302702.7027027027,14.504504504504505,1.2252252252252251,13.513513513513514,Pharmaceuticals,California,302.7027027027027,29.00900900900901,4.504504504504505,0,0
226,303603.6036036036,14.524524524524525,1.2262262262262262,13.573573573573574,Retail,Texas,303.6036036036036,29.04904904904905,4.524524524524525,0,0
227,304504.5045045045,14.544544544544545,1.2272272272272273,13.633633633633634,Financial Services,Florida,304.5045045045045,29.08908908908909,4.544544544544545,1,0
228,305405.4054054054,14.564564564564565,1.2282282282282282,13.693693693693694,Technology,New York,305.4054054054054,29.12912912912913,4.564564564564565,2,0
229,306306.3063063063,14.584584584584585,1.2292292292292293,13.753753753753754,Pharmaceuticals,California,306.3063063063063,29.16916916916917,4.584584584584585,0,0
230,307207.2072072072,14.604604604604605,1.2302302302302301,13.813813813813814,Retail,Texas,307.2072072072072,29.20920920920921,4.604604604604605,2,0
231,308108.1081081081,14.624624624624625,1.2312312312312312,13.873873873873874,Financial Services,Florida,308.1081081081081,29.24924924924925,4.624624624624625,2,0
232,309009.009009009,14.644644644644645,1.2322322322322323,13.933933933933934,Technology,New York,309.009009009009,29.28928928928929,4.644644644644645,0,0
233,309909.90990990994,14.664664664664665,1.2332332332332332,13.993993993993994,Pharmaceuticals,California,309.9099099099099,29.32932932932933,4.664664664664665,1,0
234,310810.81081081077,14.684684684684685,1.2342342342342343,14.054054054054054,Retail,Texas,310.81081081081084,29.36936936936937,4.684684684684685,1,0
235,311711.7117117117,14.704704704704705,1.2352352352352352,14.114114114114114,Financial Services,Florida,311.7117117117117,29.40940940940941,4.704704704704705,1,0
236,312612.6126126126,14.724724724724725,1.2362362362362362,14.174174174174174,Technology,New York,312.6126126126126,29.44944944944945,4.724724724724725,0,0
237,313513.5135135135,14.744744744744745,1.2372372372372373,14.234234234234235,Pharmaceuticals,California,313.51351351351354,29.48948948948949,4.744744744744745,2,0
238,314414.41441441444,14.764764764764765,1.2382382382382382,14.294294294294295,Retail,Texas,314.4144144144144,29.52952952952953,4.764764764764765,1,0
239,315315.31531531527,14.784784784784785,1.2392392392392393,14.354354354354355,Financial Services,Florida,315.31531531531533,29.56956956956957,4.784784784784785,2,0
240,316216.2162162162,14.804804804804805,1.2402402402402402,14.414414414414415,Technology,New York,316.21621621621625,29.60960960960961,4.804804804804805,0,0
241,317117.1171171171,14.824824824824825,1.2412412412412412,14.474474474474475,Pharmaceuticals,California,317.1171171171171,29.64964964964965,4.824824824824825,1,0
242,318018.018018018,14.844844844844845,1.2422422422422423,14.534534534534535,Retail,Texas,318.018018018018,29.68968968968969,4.844844844844845,1,0
243,318918.91891891893,14.864864864864865,1.2432432432432432,14.594594594594595,Financial Services,Florida,318.91891891891896,29.72972972972973,4.864864864864865,1,0
244,319819.8198198198,14.884884884884885,1.2442442442442443,14.654654654654655,Technology,New York,319.8198198198198,29.76976976976977,4.884884884884885,2,0
245,320720.7207207207,14.904904904904905,1.2452452452452452,14.714714714714715,Pharmaceuticals,California,320.7207207207207,29.80980980980981,4.904904904904905,0,0
246,321621.62162162166,14.924924924924925,1.2462462462462462,14.774774774774775,Retail,Texas,321.6216216216216,29.84984984984985,4.924924924924925,2,0
247,322522.5225225225,14.944944944944945,1.2472472472472473,14.834834834834835,Financial Services,Florida,322.52252252252254,29.88988988988989,4.944944944944945,1,0
248,323423.42342342343,14.964964964964965,1.2482482482482482,14.894894894894895,Technology,New York,323.4234234234234,29.92992992992993,4.964964964964965,2,0
249,324324.3243243243,14.984984984984985,1.2492492492492493,14.954954954954955,Pharmaceuticals,California,324.3243243243243,29.96996996996997,4.984984984984985,0,0
250,325225.2252252252,15.005005005005005,1.2502502502502502,15.015015015015015,Retail,Texas,325.22522522522524,30.01001001001001,5.005005005005005,0,0
251,326126.12612612615,15.025025025025025,1.2512512512512513,15.075075075075075,Financial Services,Florida,326.1261261261261,30.05005005005005,5.025025025025025,0,0
252,327027.027027027,15.045045045045045,1.2522522522522523,15.135135135135135,Technology,New York,327.02702702702703,30.09009009009009,5.045045045045045,2,0
253,327927.9279279279,15.065065065065065,1.2532532532532532,15.195195195195195,Pharmaceuticals,California,327.92792792792795,30.13013013013013,5.065065065065065,0,0
254,328828.8288288288,15.085085085085085,1.2542542542542543,15.255255255255255,Retail,Texas,328.8288288288288,30.17017017017017,5.085085085085085,1,0
255,329729.7297297297,15.105105105105105,1.2552552552552552,15.315315315315315,Financial Services,Florida,329.72972972972974,30.21021021021021,5.105105105105105,0,0
256,330630.63063063065,15.125125125125125,1.2562562562562563,15.375375375375375,Technology,New York,330.63063063063066,30.25025025025025,5.125125125125125,1,0
257,331531.5315315315,15.145145145145145,1.2572572572572573,15.435435435435435,Pharmaceuticals,California,331.5315315315315,30.29029029029029,5.145145145145145,2,0
258,332432.4324324324,15.165165165165165,1.2582582582582582,15.495495495495495,Retail,Texas,332.43243243243245,30.33033033033033,5.165165165165165,2,0
259,333333.3333333333,15.185185185185185,1.2592592592592593,15.555555555555555,Financial Services,Florida,333.33333333333337,30.37037037037037,5.185185185185185,0,0
260,334234.2342342342,15.205205205205205,1.2602602602602602,15.615615615615615,Technology,New York,334.23423423423424,30.41041041041041,5.205205205205205,2,0
261,335135.13513513515,15.225225225225225,1.2612612612612613,15.675675675675675,Pharmaceuticals,California,335.1351351351351,30.45045045045045,5.225225225225225,0,0
262,336036.03603603604,15.245245245245245,1.2622622622622623,15.735735735735735,Retail,Texas,336.0360360360361,30.49049049049049,5.245245245245245,1,0
263,336936.9369369369,15.265265265265265,1.2632632632632632,15.795795795795796,Financial Services,Florida,336.93693693693695,30.53053053053053,5.265265265265265,1,0
264,337837.83783783787,15.285285285285285,1.2642642642642643,15.855855855855856,Technology,New York,337.8378378378378,30.57057057057057,5.285285285285285,2,0
265,338738.7387387387,15.305305305305305,1.2652652652652652,15.915915915915916,Pharmaceuticals,California,338.73873873873873,30.61061061061061,5.305305305305305,1,0
266,339639.63963963964,15.325325325325325,1.2662662662662663,15.975975975975976,Retail,Texas,339.63963963963965,30.65065065065065,5.325325325325325,2,0
267,340540.54054054053,15.345345345345345,1.2672672672672673,16.036036036036037,Financial Services,Florida,340.5405405405405,30.69069069069069,5.345345345345345,0,0
268,341441.4414414414,15.365365365365365,1.2682682682682682,16.096096096096097,Technology,New York,341.44144144144144,30.73073073073073,5.365365365365365,2,0
269,342342.34234234237,15.385385385385385,1.2692692692692693,16.156156156156158,Pharmaceuticals,California,342.34234234234236,30.77077077077077,5.385385385385385,0,0
270,343243.2432432432,15.405405405405405,1.2702702702702702,16.216216216216218,Retail,Texas,343.2432432432432,30.81081081081081,5.405405405405405,0,0
271,344144.14414414414,15.425425425425425,1.2712712712712713,16.276276276276278,Financial Services,Florida,344.14414414414415,30.85085085085085,5.425425425425425,1,0
272,345045.04504504503,15.445445445445445,1.2722722722722724,16.336336336336338,Technology,New York,345.0450450450451,30.89089089089089,5.445445445445445,0,0
273,345945.9459459459,15.465465465465465,1.2732732732732732,16.396396396396398,Pharmaceuticals,California,345.94594594594594,30.93093093093093,5.465465465465465,0,0
274,346846.84684684686,15.485485485485485,1.2742742742742743,16.456456456456458,Retail,Texas,346.84684684684686,30.97097097097097,5.485485485485485,1,0
275,347747.74774774775,15.505505505505505,1.2752752752752752,16.516516516516518,Financial Services,Florida,347.7477477477478,31.01101101101101,5.505505505505505,2,0
276,348648.64864864864,15.525525525525525,1.2762762762762763,16.576576576576578,Technology,New York,348.64864864864865,31.05105105105105,5.525525525525525,2,0
277,349549.5495495495,15.545545545545545,1.2772772772772774,16.636636636636638,Pharmaceuticals,California,349.5495495495495,31.09109109109109,5.545545545545545,1,0
278,350450.4504504504,15.565565565565565,1.2782782782782782,16.696696696696698,Retail,Texas,350.4504504504505,31.13113113113113,5.565565565565565,2,0
279,351351.35135135136,15.585585585585585,1.2792792792792793,16.756756756756758,Financial Services,Florida,351.35135135135135,31.17117117117117,5.585585585585585,0,0
280,352252.25225225225,15.605605605605605,1.2802802802802802,16.816816816816818,Technology,New York,352.2522522522522,31.21121121121121,5.605605605605605,0,0
281,353153.15315315314,15.625625625625625,1.2812812812812813,16.876876876876878,Pharmaceuticals,California,353.1531531531532,31.25125125125125,5.625625625625625,1,0
282,354054.0540540541,15.645645645645645,1.2822822822822824,16.936936936936938,Retail,Texas,354.05405405405406,31.29129129129129,5.645645645645645,1,0
283,354954.9549549549,15.665665665665665,1.2832832832832832,16.996996996996998,Financial Services,Florida,354.9549549549549,31.33133133133133,5.665665665665665,1,0
284,355855.85585585586,15.685685685685685,1.2842842842842843,17.057057057057058,Technology,New York,355.85585585585585,31.37137137137137,5.685685685685685,0,0
285,356756.75675675675,15.705705705705705,1.2852852852852852,17.117117117117118,Pharmaceuticals,California,356.7567567567568,31.41141141141141,5.7057057057057055,1,0
286,357657.65765765763,15.725725725725725,1.2862862862862863,17.177177177177178,Retail,Texas,357.65765765765764,31.45145145145145,5.7257257257257255,1,0
287,358558.5585585586,15.745745745745745,1.2872872872872874,17.237237237237238,Financial Services,Florida,358.55855855855856,31.49149149149149,5.7457457457457455,2,0
288,359459.4594594594,15.765765765765765,1.2882882882882882,17.2972972972973,Technology,New York,359.4594594594595,31.53153153153153,5.7657657657657655,0,0
289,360360.36036036036,15.785785785785786,1.2892892892892893,17.35735735735736,Pharmaceuticals,California,360.36036036036035,31.57157157157157,5.7857857857857855,2,0
290,361261.26126126124,15.805805805805806,1.2902902902902902,17.41741741741742,Retail,Texas,361.26126126126127,31.61161161161161,5.8058058058058055,0,0
291,362162.16216216213,15.825825825825826,1.2912912912912913,17.47747747747748,Financial Services,Florida,362.1621621621622,31.65165165165165,5.8258258258258255,2,0
292,363063.0630630631,15.845845845845846,1.2922922922922924,17.53753753753754,Technology,New York,363.06306306306305,31.69169169169169,5.8458458458458455,1,0
293,363963.96396396396,15.865865865865866,1.2932932932932932,17.5975975975976,Pharmaceuticals,California,363.963963963964,31.73173173173173,5.865865865865866,1,0
294,364864.86486486485,15.885885885885886,1.2942942942942943,17.65765765765766,Retail,Texas,364.86486486486484,31.77177177177177,5.885885885885886,1,0
295,365765.76576576574,15.905905905905906,1.2952952952952952,17.71771771771772,Financial Services,Florida,365.76576576576576,31.81181181181181,5.905905905905906,1,0
296,366666.6666666666,15.925925925925926,1.2962962962962963,17.77777777777778,Technology,New York,366.6666666666667,31.85185185185185,5.925925925925926,0,0
297,367567.5675675676,15.945945945945946,1.2972972972972974,17.83783783783784,Pharmaceuticals,California,367.56756756756755,31.89189189189189,5.945945945945946,2,0
298,368468.46846846846,15.965965965965966,1.2982982982982982,17.8978978978979,Retail,Texas,368.4684684684685,31.93193193193193,5.965965965965966,2,0
299,369369.36936936935,15.985985985985986,1.2992992992992993,17.95795795795796,Financial Services,Florida,369.3693693693694,31.97197197197197,5.985985985985986,2,0
300,370270.27027027024,16.006006006006004,1.3003003003003002,18.01801801801802,Technology,New York,370.27027027027026,32.01201201201201,6.006006006006006,1,0
301,371171.1711711712,16.026026026026024,1.3013013013013013,18.07807807807808,Pharmaceuticals,California,371.1711711711712,32.05205205205205,6.026026026026026,2,0
302,372072.0720720721,16.046046046046044,1.3023023023023024,18.13813813813814,Retail,Texas,372.0720720720721,32.09209209209209,6.046046046046046,1,0
303,372972.97297297296,16.066066066066064,1.3033033033033032,18.1981981981982,Financial Services,Florida,372.97297297297297,32.13213213213213,6.066066066066066,1,0
304,373873.87387387385,16.086086086086084,1.3043043043043043,18.25825825825826,Technology,New York,373.8738738738739,32.17217217217217,6.086086086086086,1,0
305,374774.7747747748,16.106106106106104,1.3053053053053052,18.31831831831832,Pharmaceuticals,California,374.77477477477476,32.21221221221221,6.106106106106106,1,0
306,375675.6756756757,16.126126126126124,1.3063063063063063,18.37837837837838,Retail,Texas,375.6756756756757,32.25225225225225,6.126126126126126,2,0
307,376576.57657657657,16.146146146146144,1.3073073073073074,18.43843843843844,Financial Services,Florida,376.5765765765766,32.29229229229229,6.146146146146146,1,0
308,377477.47747747746,16.166166166166164,1.3083083083083082,18.4984984984985,Technology,New York,377.47747747747746,32.33233233233233,6.166166166166166,2,0
309,378378.37837837834,16.186186186186184,1.3093093093093093,18.55855855855856,Pharmaceuticals,California,378.3783783783784,32.37237237237237,6.186186186186186,0,0
310,379279.2792792793,16.206206206206204,1.3103103103103102,18.61861861861862,Retail,Texas,379.2792792792793,32.41241241241241,6.206206206206206,0,0
311,380180.1801801802,16.226226226226224,1.3113113113113113,18.67867867867868,Financial Services,Florida,380.1801801801802,32.45245245245245,6.226226226226226,0,0
312,381081.08108108107,16.246246246246244,1.3123123123123124,18.73873873873874,Technology,New York,381.0810810810811,32.49249249249249,6.246246246246246,1,0
313,381981.98198198195,16.266266266266264,1.3133133133133132,18.7987987987988,Pharmaceuticals,California,381.98198198198196,32.53253253253253,6.266266266266266,2,0
314,382882.8828828829,16.286286286286284,1.3143143143143143,18.85885885885886,Retail,Texas,382.8828828828829,32.57257257257257,6.286286286286286,0,0
315,383783.7837837838,16.306306306306304,1.3153153153153152,18.91891891891892,Financial Services,Florida,383.7837837837838,32.61261261261261,6.306306306306306,0,0
316,384684.6846846847,16.326326326326324,1.3163163163163163,18.97897897897898,Technology,New York,384.68468468468467,32.65265265265265,6.326326326326326,0,0
317,385585.58558558556,16.346346346346344,1.3173173173173174,19.03903903903904,Pharmaceuticals,California,385.5855855855856,32.69269269269269,6.346346346346346,1,0
318,386486.48648648645,16.366366366366364,1.3183183183183182,19.0990990990991,Retail,Texas,386.4864864864865,32.73273273273273,6.366366366366366,2,0
319,387387.3873873874,16.386386386386384,1.3193193193193193,19.15915915915916,Financial Services,Florida,387.3873873873874,32.77277277277277,6.386386386386386,1,0
320,388288.2882882883,16.406406406406404,1.3203203203203202,19.21921921921922,Technology,New York,388.2882882882883,32.81281281281281,6.406406406406406,1,0
321,389189.1891891892,16.426426426426428,1.3213213213213213,19.27927927927928,Pharmaceuticals,California,389.1891891891892,32.852852852852855,6.426426426426427,0,0
322,390090.09009009006,16.446446446446448,1.3223223223223224,19.33933933933934,Retail,Texas,390.0900900900901,32.892892892892895,6.446446446446447,1,0
323,390990.990990991,16.466466466466468,1.3233233233233233,19.3993993993994,Financial Services,Florida,390.990990990991,32.932932932932935,6.466466466466467,0,0
324,391891.8918918919,16.486486486486488,1.3243243243243243,19.45945945945946,Technology,New York,391.8918918918919,32.972972972972975,6.486486486486487,0,0
325,392792.7927927928,16.506506506506508,1.3253253253253252,19.51951951951952,Pharmaceuticals,California,392.7927927927928,33.013013013013015,6.506506506506507,2,0
326,393693.69369369367,16.526526526526528,1.3263263263263263,19.57957957957958,Retail,Texas,393.6936936936937,33.053053053053056,6.526526526526527,0,0
327,394594.59459459456,16.546546546546548,1.3273273273273274,19.63963963963964,Financial Services,Florida,394.5945945945946,33.093093093093096,6.546546546546547,1,0
328,395495.4954954955,16.566566566566568,1.3283283283283283,19.6996996996997,Technology,New York,395.4954954954955,33.133133133133136,6.566566566566567,2,0
329,396396.3963963964,16.586586586586588,1.3293293293293293,19.75975975975976,Pharmaceuticals,California,396.3963963963964,33.173173173173176,6.586586586586587,2,0
330,397297.2972972973,16.606606606606608,1.3303303303303302,19.81981981981982,Retail,Texas,397.2972972972973,33.213213213213216,6.606606606606607,2,0
331,398198.19819819817,16.626626626626628,1.3313313313313313,19.87987987987988,Financial Services,Florida,398.1981981981982,33.253253253253256,6.626626626626627,0,0
332,399099.0990990991,16.646646646646648,1.3323323323323324,19.93993993993994,Technology,New York,399.0990990990991,33.293293293293296,6.646646646646647,1,0
333,400000.0,16.666666666666668,1.3333333333333333,20.0,Pharmaceuticals,California,400.0,33.333333333333336,6.666666666666667,1,0
334,400900.9009009009,16.686686686686688,1.3343343343343343,20.06006006006006,Retail,Texas,400.9009009009009,33.373373373373376,6.686686686686687,1,0
335,401801.8018018018,16.706706706706708,1.3353353353353352,20.12012012012012,Financial Services,Florida,401.8018018018018,33.413413413413416,6.706706706706707,1,0
336,402702.70270270266,16.726726726726728,1.3363363363363363,20.18018018018018,Technology,New York,402.7027027027027,33.453453453453456,6.726726726726727,1,0
337,403603.6036036036,16.746746746746748,1.3373373373373374,20.24024024024024,Pharmaceuticals,California,403.60360360360363,33.493493493493496,6.746746746746747,1,0
338,404504.5045045045,16.766766766766768,1.3383383383383383,20.3003003003003,Retail,Texas,404.5045045045045,33.533533533533536,6.766766766766767,2,0
339,405405.4054054054,16.786786786786788,1.3393393393393394,20.36036036036036,Financial Services,Florida,405.4054054054054,33.573573573573576,6.786786786786787,0,0
340,406306.3063063063,16.806806806806808,1.3403403403403402,20.42042042042042,Technology,New York,406.3063063063063,33.613613613613616,6.806806806806807,2,0
341,407207.2072072072,16.826826826826828,1.3413413413413413,20.48048048048048,Pharmaceuticals,California,407.2072072072072,33.653653653653656,6.826826826826827,1,0
342,408108.1081081081,16.846846846846848,1.3423423423423424,20.54054054054054,Retail,Texas,408.1081081081081,33.693693693693696,6.846846846846847,1,0
343,409009.009009009,16.866866866866868,1.3433433433433433,20.6006006006006,Financial Services,Florida,409.009009009009,33.733733733733736,6.866866866866867,2,0
344,409909.9099099099,16.886886886886888,1.3443443443443444,20.66066066066066,Technology,New York,409.9099099099099,33.773773773773776,6.886886886886887,2,0
345,410810.81081081077,16.906906906906908,1.3453453453453452,20.72072072072072,Pharmaceuticals,California,410.81081081081084,33.813813813813816,6.906906906906907,0,0
346,411711.7117117117,16.926926926926928,1.3463463463463463,20.78078078078078,Retail,Texas,411.7117117117117,33.853853853853856,6.926926926926927,0,0
347,412612.6126126126,16.946946946946948,1.3473473473473474,20.84084084084084,Financial Services,Florida,412.6126126126126,33.893893893893896,6.946946946946947,2,0
348,413513.5135135135,16.966966966966968,1.3483483483483483,20.9009009009009,Technology,New York,413.51351351351354,33.933933933933936,6.966966966966967,0,0
349,414414.4144144144,16.986986986986988,1.3493493493493494,20.96096096096096,Pharmaceuticals,California,414.4144144144144,33.973973973973976,6.986986986986987,0,0
350,415315.3153153153,17.007007007007008,1.3503503503503502,21.02102102102102,Retail,Texas,415.31531531531533,34.014014014014016,7.007007007007007,1,0
351,416216.2162162162,17.027027027027028,1.3513513513513513,21.08108108108108,Financial Services,Florida,416.2162162162162,34.054054054054056,7.027027027027027,2,0
352,417117.1171171171,17.047047047047048,1.3523523523523524,21.14114114114114,Technology,New York,417.1171171171171,34.094094094094096,7.047047047047047,1,0
353,418018.018018018,17.067067067067068,1.3533533533533533,21.2012012012012,Pharmaceuticals,California,418.01801801801804,34.134134134134136,7.067067067067067,1,0
354,418918.91891891893,17.087087087087088,1.3543543543543544,21.26126126126126,Retail,Texas,418.9189189189189,34.174174174174176,7.087087087087087,2,0
355,419819.8198198198,17.107107107107108,1.3553553553553552,21.32132132132132,Financial Services,Florida,419.8198198198198,34.214214214214216,7.107107107107107,0,0
356,420720.7207207207,17.127127127127128,1.3563563563563563,21.38138138138138,Technology,New York,420.72072072072075,34.254254254254256,7.127127127127127,0,0
357,421621.6216216216,17.147147147147148,1.3573573573573574,21.44144144144144,Pharmaceuticals,California,421.6216216216216,34.294294294294296,7.147147147147147,1,0
358,422522.5225225225,17.167167167167168,1.3583583583583583,21.5015015015015,Retail,Texas,422.52252252252254,34.334334334334336,7.167167167167167,0,0
359,423423.42342342343,17.187187187187188,1.3593593593593594,21.56156156156156,Financial Services,Florida,423.4234234234234,34.374374374374376,7.187187187187187,1,0
360,424324.3243243243,17.207207207207208,1.3603603603603602,21.62162162162162,Technology,New York,424.3243243243243,34.414414414414416,7.207207207207207,2,0
361,425225.2252252252,17.227227227227228,1.3613613613613613,21.68168168168168,Pharmaceuticals,California,425.22522522522524,34.454454454454456,7.227227227227227,2,0
362,426126.1261261261,17.24724724724725,1.3623623623623624,21.74174174174174,Retail,Texas,426.1261261261261,34.4944944944945,7.247247247247247,1,0
363,427027.02702702704,17.26726726726727,1.3633633633633633,21.8018018018018,Financial Services,Florida,427.02702702702703,34.53453453453454,7.267267267267267,1,0
364,427927.9279279279,17.28728728728729,1.3643643643643644,21.86186186186186,Technology,New York,427.92792792792795,34.57457457457458,7.287287287287287,2,0
365,428828.8288288288,17.30730730730731,1.3653653653653652,21.92192192192192,Pharmaceuticals,California,428.8288288288288,34.61461461461462,7.307307307307307,0,0
366,429729.7297297297,17.32732732732733,1.3663663663663663,21.98198198198198,Retail,Texas,429.72972972972974,34.65465465465466,7.327327327327327,0,0
367,430630.6306306306,17.34734734734735,1.3673673673673674,22.04204204204204,Financial Services,Florida,430.63063063063066,34.6946946946947,7.347347347347347,0,0
368,431531.53153153154,17.36736736736737,1.3683683683683685,22.1021021021021,Technology,New York,431.5315315315315,34.73473473473474,7.367367367367367,0,0
369,432432.4324324324,17.38738738738739,1.3693693693693694,22.16216216216216,Pharmaceuticals,California,432.43243243243245,34.77477477477478,7.387387387387387,0,0
370,433333.3333333333,17.40740740740741,1.3703703703703702,22.22222222222222,Retail,Texas,433.3333333333333,34.81481481481482,7.407407407407407,1,0
371,434234.2342342342,17.42742742742743,1.3713713713713713,22.28228228228228,Financial Services,Florida,434.23423423423424,34.85485485485486,7.4274274274274275,1,0
372,435135.13513513515,17.44744744744745,1.3723723723723724,22.34234234234234,Technology,New York,435.13513513513516,34.8948948948949,7.4474474474474475,0,0
373,436036.03603603604,17.46746746746747,1.3733733733733735,22.4024024024024,Pharmaceuticals,California,436.036036036036,34.93493493493494,7.4674674674674675,0,0
374,436936.9369369369,17.48748748748749,1.3743743743743744,22.46246246246246,Retail,Texas,436.93693693693695,34.97497497497498,7.4874874874874875,1,0
375,437837.8378378378,17.50750750750751,1.3753753753753752,22.52252252252252,Financial Services,Florida,437.83783783783787,35.01501501501502,7.5075075075075075,2,0
376,438738.7387387387,17.52752752752753,1.3763763763763763,22.58258258258258,Technology,New York,438.73873873873873,35.05505505505506,7.5275275275275275,0,0
377,439639.63963963964,17.54754754754755,1.3773773773773774,22.64264264264264,Pharmaceuticals,California,439.63963963963965,35.0950950950951,7.5475475475475475,2,0
378,440540.54054054053,17.56756756756757,1.3783783783783785,22.7027027027027,Retail,Texas,440.5405405405405,35.13513513513514,7.5675675675675675,0,0
379,441441.4414414414,17.58758758758759,1.3793793793793794,22.762762762762762,Financial Services,Florida,441.44144144144144,35.17517517517518,7.587587587587588,0,0
380,442342.3423423423,17.60760760760761,1.3803803803803802,22.822822822822822,Technology,New York,442.34234234234236,35.21521521521522,7.607607607607608,2,0
381,443243.24324324325,17.62762762762763,1.3813813813813813,22.882882882882882,Pharmaceuticals,California,443.2432432432432,35.25525525525526,7.627627627627628,0,0
382,444144.14414414414,17.64764764764765,1.3823823823823824,22.942942942942942,Retail,Texas,444.14414414414415,35.2952952952953,7.647647647647648,1,0
383,445045.04504504503,17.66766766766767,1.3833833833833835,23.003003003003002,Financial Services,Florida,445.0450450450451,35.33533533533534,7.667667667667668,2,0
384,445945.9459459459,17.68768768768769,1.3843843843843844,23.063063063063062,Technology,New York,445.94594594594594,35.37537537537538,7.687687687687688,2,0
385,446846.8468468468,17.70770770770771,1.3853853853853852,23.123123123123122,Pharmaceuticals,California,446.84684684684686,35.41541541541542,7.707707707707708,2,0
386,447747.74774774775,17.72772772772773,1.3863863863863863,23.183183183183182,Retail,Texas,447.7477477477478,35.45545545545546,7.727727727727728,0,0
387,448648.64864864864,17.74774774774775,1.3873873873873874,23.243243243243242,Financial Services,Florida,448.64864864864865,35.4954954954955,7.747747747747748,2,0
388,449549.5495495495,17.76776776776777,1.3883883883883885,23.303303303303302,Technology,New York,449.54954954954957,35.53553553553554,7.767767767767768,1,0
389,450450.4504504504,17.78778778778779,1.3893893893893894,23.363363363363362,Pharmaceuticals,California,450.45045045045043,35.57557557557558,7.787787787787788,2,0
390,451351.35135135136,17.80780780780781,1.3903903903903903,23.423423423423422,Retail,Texas,451.35135135135135,35.61561561561562,7.807807807807808,2,0
391,452252.25225225225,17.82782782782783,1.3913913913913913,23.483483483483482,Financial Services,Florida,452.2522522522523,35.65565565565566,7.827827827827828,0,0
392,453153.15315315314,17.84784784784785,1.3923923923923924,23.543543543543542,Technology,New York,453.15315315315314,35.6956956956957,7.847847847847848,1,0
393,454054.054054054,17.86786786786787,1.3933933933933935,23.603603603603602,Pharmaceuticals,California,454.05405405405406,35.73573573573574,7.867867867867868,1,0
394,454954.9549549549,17.88788788788789,1.3943943943943944,23.663663663663662,Retail,Texas,454.954954954955,35.77577577577578,7.887887887887888,2,0
395,455855.85585585586,17.90790790790791,1.3953953953953953,23.723723723723722,Financial Services,Florida,455.85585585585585,35.81581581581582,7.907907907907908,2,0
396,456756.75675675675,17.92792792792793,1.3963963963963963,23.783783783783782,Technology,New York,456.7567567567568,35.85585585585586,7.927927927927928,2,0
397,457657.65765765763,17.94794794794795,1.3973973973973974,23.843843843843842,Pharmaceuticals,California,457.65765765765764,35.8958958958959,7.947947947947948,2,0
398,458558.5585585585,17.96796796796797,1.3983983983983985,23.903903903903903,Retail,Texas,458.55855855855856,35.93593593593594,7.967967967967968,1,0
399,459459.45945945947,17.98798798798799,1.3993993993993994,23.963963963963963,Financial Services,Florida,459.4594594594595,35.97597597597598,7.987987987987988,0,0
400,460360.36036036036,18.00800800800801,1.4004004004004003,24.024024024024023,Technology,New York,460.36036036036035,36.01601601601602,8.008008008008009,0,0
401,461261.26126126124,18.02802802802803,1.4014014014014013,24.084084084084083,Pharmaceuticals,California,461.26126126126127,36.05605605605606,8.028028028028029,0,0
402,462162.16216216213,18.04804804804805,1.4024024024024024,24.144144144144143,Retail,Texas,462.1621621621622,36.0960960960961,8.048048048048049,0,0
403,463063.0630630631,18.06806806806807,1.4034034034034035,24.204204204204203,Financial Services,Florida,463.06306306306305,36.13613613613614,8.068068068068069,2,0
404,463963.96396396396,18.08808808808809,1.4044044044044044,24.264264264264263,Technology,New York,463.963963963964,36.17617617617618,8.088088088088089,0,0
405,464864.86486486485,18.10810810810811,1.4054054054054055,24.324324324324323,Pharmaceuticals,California,464.86486486486484,36.21621621621622,8.108108108108109,1,0
406,465765.76576576574,18.12812812812813,1.4064064064064064,24.384384384384383,Retail,Texas,465.76576576576576,36.25625625625626,8.128128128128129,1,0
407,466666.6666666666,18.14814814814815,1.4074074074074074,24.444444444444443,Financial Services,Florida,466.6666666666667,36.2962962962963,8.148148148148149,1,0
408,467567.5675675676,18.16816816816817,1.4084084084084085,24.504504504504503,Technology,New York,467.56756756756755,36.33633633633634,8.168168168168169,1,0
409,468468.46846846846,18.18818818818819,1.4094094094094094,24.564564564564563,Pharmaceuticals,California,468.4684684684685,36.37637637637638,8.188188188188189,1,0
410,469369.36936936935,18.20820820820821,1.4104104104104105,24.624624624624623,Retail,Texas,469.3693693693694,36.41641641641642,8.208208208208209,1,0
411,470270.27027027024,18.22822822822823,1.4114114114114114,24.684684684684683,Financial Services,Florida,470.27027027027026,36.45645645645646,8.228228228228229,2,0
412,471171.1711711712,18.24824824824825,1.4124124124124124,24.744744744744743,Technology,New York,471.1711711711712,36.4964964964965,8.248248248248249,1,0
413,472072.0720720721,18.26826826826827,1.4134134134134135,24.804804804804803,Pharmaceuticals,California,472.0720720720721,36.53653653653654,8.268268268268269,1,0
414,472972.97297297296,18.28828828828829,1.4144144144144144,24.864864864864863,Retail,Texas,472.97297297297297,36.57657657657658,8.288288288288289,0,0
415,473873.87387387385,18.30830830830831,1.4154154154154155,24.924924924924923,Financial Services,Florida,473.8738738738739,36.61661661661662,8.308308308308309,1,0
416,474774.77477477473,18.32832832832833,1.4164164164164164,24.984984984984983,Technology,New York,474.77477477477476,36.65665665665666,8.328328328328329,2,0
417,475675.6756756757,18.34834834834835,1.4174174174174174,25.045045045045043,Pharmaceuticals,California,475.6756756756757,36.6966966966967,8.348348348348349,2,0
418,476576.57657657657,18.36836836836837,1.4184184184184185,25.105105105105103,Retail,Texas,476.5765765765766,36.73673673673674,8.368368368368369,2,0
419,477477.47747747746,18.38838838838839,1.4194194194194194,25.165165165165163,Financial Services,Florida,477.47747747747746,36.77677677677678,8.388388388388389,0,0
420,478378.37837837834,18.40840840840841,1.4204204204204205,25.225225225225223,Technology,New York,478.3783783783784,36.81681681681682,8.408408408408409,1,0
421,479279.2792792793,18.42842842842843,1.4214214214214214,25.285285285285283,Pharmaceuticals,California,479.2792792792793,36.85685685685686,8.428428428428429,1,0
422,480180.1801801802,18.44844844844845,1.4224224224224224,25.345345345345343,Retail,Texas,480.1801801801802,36.8968968968969,8.448448448448449,0,0
423,481081.08108108107,18.46846846846847,1.4234234234234235,25.405405405405403,Financial Services,Florida,481.0810810810811,36.93693693693694,8.468468468468469,2,0
424,481981.98198198195,18.48848848848849,1.4244244244244244,25.465465465465464,Technology,New York,481.98198198198196,36.97697697697698,8.488488488488489,0,0
425,482882.88288288284,18.50850850850851,1.4254254254254255,25.525525525525524,Pharmaceuticals,California,482.8828828828829,37.01701701701702,8.508508508508509,0,0
426,483783.7837837838,18.52852852852853,1.4264264264264264,25.585585585585584,Retail,Texas,483.7837837837838,37.05705705705706,8.528528528528529,1,0
427,484684.6846846847,18.54854854854855,1.4274274274274275,25.645645645645647,Financial Services,Florida,484.68468468468467,37.0970970970971,8.548548548548549,0,0
428,485585.58558558556,18.56856856856857,1.4284284284284285,25.705705705705707,Technology,New York,485.5855855855856,37.13713713713714,8.568568568568569,1,0
429,486486.48648648645,18.58858858858859,1.4294294294294294,25.765765765765767,Pharmaceuticals,California,486.4864864864865,37.17717717717718,8.588588588588589,1,0
430,487387.3873873874,18.60860860860861,1.4304304304304305,25.825825825825827,Retail,Texas,487.3873873873874,37.21721721721722,8.608608608608609,0,0
431,488288.2882882883,18.62862862862863,1.4314314314314314,25.885885885885887,Financial Services,Florida,488.2882882882883,37.25725725725726,8.62862862862863,0,0
432,489189.1891891892,18.64864864864865,1.4324324324324325,25.945945945945947,Technology,New York,489.1891891891892,37.2972972972973,8.64864864864865,1,0
433,490090.09009009006,18.66866866866867,1.4334334334334335,26.006006006006007,Pharmaceuticals,California,490.0900900900901,37.33733733733734,8.66866866866867,0,0
434,490990.99099099095,18.68868868868869,1.4344344344344344,26.066066066066067,Retail,Texas,490.990990990991,37.37737737737738,8.68868868868869,2,0
435,491891.8918918919,18.70870870870871,1.4354354354354355,26.126126126126128,Financial Services,Florida,491.8918918918919,37.41741741741742,8.70870870870871,2,0
436,492792.7927927928,18.72872872872873,1.4364364364364364,26.186186186186188,Technology,New York,492.7927927927928,37.45745745745746,8.72872872872873,2,0
437,493693.69369369367,18.74874874874875,1.4374374374374375,26.246246246246248,Pharmaceuticals,California,493.6936936936937,37.4974974974975,8.74874874874875,0,0
438,494594.59459459456,18.76876876876877,1.4384384384384385,26.306306306306308,Retail,Texas,494.5945945945946,37.53753753753754,8.76876876876877,0,0
439,495495.4954954955,18.78878878878879,1.4394394394394394,26.366366366366368,Financial Services,Florida,495.4954954954955,37.57757757757758,8.78878878878879,2,0
440,496396.3963963964,18.80880880880881,1.4404404404404405,26.426426426426428,Technology,New York,496.3963963963964,37.61761761761762,8.80880880880881,2,0
441,497297.2972972973,18.82882882882883,1.4414414414414414,26.486486486486488,Pharmaceuticals,California,497.2972972972973,37.65765765765766,8.82882882882883,1,0
442,498198.19819819817,18.84884884884885,1.4424424424424425,26.546546546546548,Retail,Texas,498.1981981981982,37.6976976976977,8.84884884884885,2,0
443,499099.0990990991,18.86886886886887,1.4434434434434436,26.606606606606608,Financial Services,Florida,499.0990990990991,37.73773773773774,8.86886886886887,2,0
444,500000.0,18.88888888888889,1.4444444444444444,26.666666666666668,Technology,New York,500.0,37.77777777777778,8.88888888888889,1,0
445,500900.9009009009,18.90890890890891,1.4454454454454455,26.726726726726728,Pharmaceuticals,California,500.9009009009009,37.81781781781782,8.90890890890891,0,0
446,501801.8018018018,18.92892892892893,1.4464464464464464,26.786786786786788,Retail,Texas,501.8018018018018,37.85785785785786,8.92892892892893,2,0
447,502702.70270270266,18.94894894894895,1.4474474474474475,26.846846846846848,Financial Services,Florida,502.7027027027027,37.8978978978979,8.94894894894895,0,0
448,503603.6036036036,18.96896896896897,1.4484484484484486,26.906906906906908,Technology,New York,503.60360360360363,37.93793793793794,8.96896896896897,0,0
449,504504.5045045045,18.98898898898899,1.4494494494494494,26.966966966966968,Pharmaceuticals,California,504.5045045045045,37.97797797797798,8.98898898898899,0,0
450,505405.4054054054,19.00900900900901,1.4504504504504505,27.027027027027028,Retail,Texas,505.4054054054054,38.01801801801802,9.00900900900901,2,0
451,506306.3063063063,19.02902902902903,1.4514514514514514,27.087087087087088,Financial Services,Florida,506.30630630630634,38.05805805805806,9.02902902902903,0,0
452,507207.2072072072,19.04904904904905,1.4524524524524525,27.147147147147148,Technology,New York,507.2072072072072,38.0980980980981,9.04904904904905,2,0
453,508108.1081081081,19.06906906906907,1.4534534534534536,27.207207207207208,Pharmaceuticals,California,508.1081081081081,38.13813813813814,9.06906906906907,0,0
454,509009.009009009,19.08908908908909,1.4544544544544544,27.26726726726727,Retail,Texas,509.009009009009,38.17817817817818,9.08908908908909,1,0
455,509909.9099099099,19.10910910910911,1.4554554554554555,27.32732732732733,Financial Services,Florida,509.9099099099099,38.21821821821822,9.10910910910911,0,0
456,510810.81081081077,19.12912912912913,1.4564564564564564,27.38738738738739,Technology,New York,510.81081081081084,38.25825825825826,9.12912912912913,0,0
457,511711.7117117117,19.14914914914915,1.4574574574574575,27.44744744744745,Pharmaceuticals,California,511.7117117117117,38.2982982982983,9.14914914914915,0,0
458,512612.6126126126,19.16916916916917,1.4584584584584586,27.50750750750751,Retail,Texas,512.6126126126126,38.33833833833834,9.16916916916917,0,0
459,513513.5135135135,19.18918918918919,1.4594594594594594,27.56756756756757,Financial Services,Florida,513.5135135135135,38.37837837837838,9.18918918918919,1,0
460,514414.4144144144,19.20920920920921,1.4604604604604605,27.62762762762763,Technology,New York,514.4144144144144,38.41841841841842,9.20920920920921,2,0
461,515315.3153153153,19.22922922922923,1.4614614614614614,27.68768768768769,Pharmaceuticals,California,515.3153153153153,38.45845845845846,9.22922922922923,1,0
462,516216.2162162162,19.24924924924925,1.4624624624624625,27.74774774774775,Retail,Texas,516.2162162162163,38.4984984984985,9.24924924924925,0,0
463,517117.1171171171,19.26926926926927,1.4634634634634636,27.80780780780781,Financial Services,Florida,517.1171171171171,38.53853853853854,9.26926926926927,2,0
464,518018.018018018,19.28928928928929,1.4644644644644644,27.86786786786787,Technology,New York,518.018018018018,38.57857857857858,9.28928928928929,1,0
465,518918.9189189189,19.30930930930931,1.4654654654654655,27.92792792792793,Pharmaceuticals,California,518.918918918919,38.61861861861862,9.30930930930931,2,0
466,519819.8198198198,19.32932932932933,1.4664664664664664,27.98798798798799,Retail,Texas,519.8198198198198,38.65865865865866,9.32932932932933,2,0
467,520720.7207207207,19.34934934934935,1.4674674674674675,28.04804804804805,Financial Services,Florida,520.7207207207207,38.6986986986987,9.34934934934935,2,0
468,521621.6216216216,19.36936936936937,1.4684684684684686,28.10810810810811,Technology,New York,521.6216216216217,38.73873873873874,9.36936936936937,1,0
469,522522.5225225225,19.38938938938939,1.4694694694694694,28.16816816816817,Pharmaceuticals,California,522.5225225225225,38.77877877877878,9.38938938938939,2,0
470,523423.42342342343,19.40940940940941,1.4704704704704705,28.22822822822823,Retail,Texas,523.4234234234234,38.81881881881882,9.40940940940941,0,0
471,524324.3243243243,19.42942942942943,1.4714714714714714,28.28828828828829,Financial Services,Florida,524.3243243243244,38.85885885885886,9.42942942942943,0,0
472,525225.2252252252,19.44944944944945,1.4724724724724725,28.34834834834835,Technology,New York,525.2252252252252,38.8988988988989,9.44944944944945,2,0
473,526126.1261261262,19.46946946946947,1.4734734734734736,28.40840840840841,Pharmaceuticals,California,526.1261261261261,38.93893893893894,9.46946946946947,0,0
474,527027.027027027,19.48948948948949,1.4744744744744744,28.46846846846847,Retail,Texas,527.0270270270271,38.97897897897898,9.48948948948949,1,0
475,527927.9279279279,19.50950950950951,1.4754754754754755,28.52852852852853,Financial Services,Florida,527.927927927928,39.01901901901902,9.50950950950951,1,0
476,528828.8288288289,19.52952952952953,1.4764764764764764,28.58858858858859,Technology,New York,528.8288288288288,39.05905905905906,9.52952952952953,0,0
477,529729.7297297297,19.54954954954955,1.4774774774774775,28.64864864864865,Pharmaceuticals,California,529.7297297297298,39.0990990990991,9.54954954954955,2,0
478,530630.6306306305,19.56956956956957,1.4784784784784786,28.70870870870871,Retail,Texas,530.6306306306307,39.13913913913914,9.56956956956957,1,0
479,531531.5315315316,19.58958958958959,1.4794794794794794,28.76876876876877,Financial Services,Florida,531.5315315315315,39.17917917917918,9.58958958958959,0,0
480,532432.4324324324,19.60960960960961,1.4804804804804805,28.82882882882883,Technology,New York,532.4324324324325,39.21921921921922,9.60960960960961,0,0
481,533333.3333333333,19.62962962962963,1.4814814814814814,28.88888888888889,Pharmaceuticals,California,533.3333333333333,39.25925925925926,9.62962962962963,0,0
482,534234.2342342342,19.64964964964965,1.4824824824824825,28.94894894894895,Retail,Texas,534.2342342342342,39.2992992992993,9.64964964964965,0,0
483,535135.1351351351,19.66966966966967,1.4834834834834836,29.00900900900901,Financial Services,Florida,535.1351351351352,39.33933933933934,9.66966966966967,1,0
484,536036.036036036,19.68968968968969,1.4844844844844844,29.06906906906907,Technology,New York,536.036036036036,39.37937937937938,9.68968968968969,0,0
485,536936.9369369369,19.70970970970971,1.4854854854854855,29.12912912912913,Pharmaceuticals,California,536.936936936937,39.41941941941942,9.70970970970971,2,0
486,537837.8378378379,19.72972972972973,1.4864864864864864,29.18918918918919,Retail,Texas,537.8378378378379,39.45945945945946,9.72972972972973,2,0
487,538738.7387387387,19.74974974974975,1.4874874874874875,29.24924924924925,Financial Services,Florida,538.7387387387387,39.4994994994995,9.74974974974975,2,0
488,539639.6396396396,19.76976976976977,1.4884884884884886,29.30930930930931,Technology,New York,539.6396396396397,39.53953953953954,9.76976976976977,2,0
489,540540.5405405406,19.78978978978979,1.4894894894894894,29.36936936936937,Pharmaceuticals,California,540.5405405405405,39.57957957957958,9.78978978978979,0,0
490,541441.4414414414,19.80980980980981,1.4904904904904905,29.42942942942943,Retail,Texas,541.4414414414414,39.61961961961962,9.80980980980981,0,0
491,542342.3423423423,19.82982982982983,1.4914914914914914,29.48948948948949,Financial Services,Florida,542.3423423423424,39.65965965965966,9.82982982982983,1,0
492,543243.2432432433,19.84984984984985,1.4924924924924925,29.54954954954955,Technology,New York,543.2432432432432,39.6996996996997,9.84984984984985,2,0
493,544144.1441441441,19.86986986986987,1.4934934934934936,29.60960960960961,Pharmaceuticals,California,544.1441441441441,39.73973973973974,9.86986986986987,2,0
494,545045.045045045,19.88988988988989,1.4944944944944945,29.66966966966967,Retail,Texas,545.0450450450451,39.77977977977978,9.88988988988989,2,0
495,545945.9459459459,19.90990990990991,1.4954954954954955,29.72972972972973,Financial Services,Florida,545.9459459459459,39.81981981981982,9.90990990990991,1,0
496,546846.8468468469,19.92992992992993,1.4964964964964964,29.78978978978979,Technology,New York,546.8468468468468,39.85985985985986,9.92992992992993,0,0
497,547747.7477477477,19.94994994994995,1.4974974974974975,29.84984984984985,Pharmaceuticals,California,547.7477477477478,39.8998998998999,9.94994994994995,0,0
498,548648.6486486486,19.96996996996997,1.4984984984984986,29.90990990990991,Retail,Texas,548.6486486486486,39.93993993993994,9.96996996996997,1,0
499,549549.5495495496,19.98998998998999,1.4994994994994995,29.96996996996997,Financial Services,Florida,549.5495495495495,39.97997997997998,9.98998998998999,2,0
500,550450.4504504504,20.01001001001001,1.5005005005005005,30.03003003003003,Technology,New York,550.4504504504505,40.02002002002002,10.01001001001001,0,0
501,551351.3513513514,20.03003003003003,1.5015015015015014,30.09009009009009,Pharmaceuticals,California,551.3513513513514,40.06006006006006,10.03003003003003,0,0
502,552252.2522522523,20.05005005005005,1.5025025025025025,30.15015015015015,Retail,Texas,552.2522522522522,40.1001001001001,10.05005005005005,1,0
503,553153.1531531531,20.07007007007007,1.5035035035035036,30.21021021021021,Financial Services,Florida,553.1531531531532,40.14014014014014,10.07007007007007,0,1
504,554054.054054054,20.09009009009009,1.5045045045045045,30.27027027027027,Technology,New York,554.0540540540541,40.18018018018018,10.09009009009009,0,0
505,554954.9549549549,20.11011011011011,1.5055055055055055,30.33033033033033,Pharmaceuticals,California,554.9549549549549,40.22022022022022,10.11011011011011,1,0
506,555855.8558558559,20.13013013013013,1.5065065065065064,30.39039039039039,Retail,Texas,555.8558558558559,40.26026026026026,10.13013013013013,2,0
507,556756.7567567567,20.15015015015015,1.5075075075075075,30.45045045045045,Financial Services,Florida,556.7567567567568,40.3003003003003,10.15015015015015,0,1
508,557657.6576576576,20.17017017017017,1.5085085085085086,30.51051051051051,Technology,New York,557.6576576576576,40.34034034034034,10.17017017017017,2,0
509,558558.5585585586,20.19019019019019,1.5095095095095095,30.57057057057057,Pharmaceuticals,California,558.5585585585586,40.38038038038038,10.19019019019019,0,0
510,559459.4594594594,20.21021021021021,1.5105105105105106,30.63063063063063,Retail,Texas,559.4594594594595,40.42042042042042,10.21021021021021,0,0
511,560360.3603603604,20.23023023023023,1.5115115115115114,30.69069069069069,Financial Services,Florida,560.3603603603603,40.46046046046046,10.23023023023023,2,1
512,561261.2612612613,20.25025025025025,1.5125125125125125,30.75075075075075,Technology,New York,561.2612612612613,40.5005005005005,10.25025025025025,0,0
513,562162.1621621621,20.27027027027027,1.5135135135135136,30.81081081081081,Pharmaceuticals,California,562.1621621621622,40.54054054054054,10.27027027027027,2,0
514,563063.063063063,20.29029029029029,1.5145145145145145,30.87087087087087,Retail,Texas,563.063063063063,40.58058058058058,10.29029029029029,2,0
515,563963.963963964,20.31031031031031,1.5155155155155156,30.93093093093093,Financial Services,Florida,563.963963963964,40.62062062062062,10.31031031031031,1,1
516,564864.8648648649,20.33033033033033,1.5165165165165164,30.99099099099099,Technology,New York,564.8648648648649,40.66066066066066,10.33033033033033,0,0
517,565765.7657657657,20.35035035035035,1.5175175175175175,31.05105105105105,Pharmaceuticals,California,565.7657657657658,40.7007007007007,10.35035035035035,1,0
518,566666.6666666666,20.37037037037037,1.5185185185185186,31.11111111111111,Retail,Texas,566.6666666666667,40.74074074074074,10.37037037037037,1,0
519,567567.5675675676,20.39039039039039,1.5195195195195195,31.17117117117117,Financial Services,Florida,567.5675675675675,40.78078078078078,10.39039039039039,0,1
520,568468.4684684684,20.41041041041041,1.5205205205205206,31.23123123123123,Technology,New York,568.4684684684685,40.82082082082082,10.41041041041041,1,0
521,569369.3693693693,20.43043043043043,1.5215215215215214,31.29129129129129,Pharmaceuticals,California,569.3693693693695,40.86086086086086,10.43043043043043,1,0
522,570270.2702702703,20.45045045045045,1.5225225225225225,31.35135135135135,Retail,Texas,570.2702702702702,40.9009009009009,10.45045045045045,2,0
523,571171.1711711711,20.47047047047047,1.5235235235235236,31.41141141141141,Financial Services,Florida,571.1711711711712,40.94094094094094,10.47047047047047,2,1
524,572072.0720720721,20.49049049049049,1.5245245245245245,31.47147147147147,Technology,New York,572.0720720720722,40.98098098098098,10.49049049049049,1,0
525,572972.972972973,20.51051051051051,1.5255255255255256,31.53153153153153,Pharmaceuticals,California,572.9729729729729,41.02102102102102,10.51051051051051,0,0
526,573873.8738738738,20.53053053053053,1.5265265265265264,31.59159159159159,Retail,Texas,573.8738738738739,41.06106106106106,10.53053053053053,2,0
527,574774.7747747747,20.55055055055055,1.5275275275275275,31.65165165165165,Financial Services,Florida,574.7747747747748,41.1011011011011,10.55055055055055,1,1
528,575675.6756756757,20.57057057057057,1.5285285285285286,31.71171171171171,Technology,New York,575.6756756756756,41.14114114114114,10.57057057057057,2,0
529,576576.5765765766,20.59059059059059,1.5295295295295295,31.77177177177177,Pharmaceuticals,California,576.5765765765766,41.18118118118118,10.59059059059059,2,0
530,577477.4774774774,20.61061061061061,1.5305305305305306,31.83183183183183,Retail,Texas,577.4774774774775,41.22122122122122,10.61061061061061,0,0
531,578378.3783783783,20.63063063063063,1.5315315315315314,31.89189189189189,Financial Services,Florida,578.3783783783783,41.26126126126126,10.63063063063063,1,1
532,579279.2792792793,20.65065065065065,1.5325325325325325,31.95195195195195,Technology,New York,579.2792792792793,41.3013013013013,10.65065065065065,0,0
533,580180.1801801801,20.67067067067067,1.5335335335335336,32.012012012012015,Pharmaceuticals,California,580.1801801801802,41.34134134134134,10.67067067067067,1,0
534,581081.0810810811,20.69069069069069,1.5345345345345345,32.072072072072075,Retail,Texas,581.081081081081,41.38138138138138,10.69069069069069,1,0
535,581981.981981982,20.71071071071071,1.5355355355355356,32.132132132132135,Financial Services,Florida,581.981981981982,41.42142142142142,10.71071071071071,0,1
536,582882.8828828828,20.73073073073073,1.5365365365365364,32.192192192192195,Technology,New York,582.8828828828829,41.46146146146146,10.73073073073073,2,0
537,583783.7837837838,20.75075075075075,1.5375375375375375,32.252252252252255,Pharmaceuticals,California,583.7837837837837,41.5015015015015,10.75075075075075,2,0
538,584684.6846846847,20.77077077077077,1.5385385385385386,32.312312312312315,Retail,Texas,584.6846846846847,41.54154154154154,10.77077077077077,1,0
539,585585.5855855856,20.79079079079079,1.5395395395395395,32.372372372372375,Financial Services,Florida,585.5855855855856,41.58158158158158,10.79079079079079,0,1
540,586486.4864864864,20.81081081081081,1.5405405405405406,32.432432432432435,Technology,New York,586.4864864864865,41.62162162162162,10.81081081081081,2,0
541,587387.3873873875,20.83083083083083,1.5415415415415414,32.492492492492495,Pharmaceuticals,California,587.3873873873874,41.66166166166166,10.83083083083083,1,0
542,588288.2882882883,20.85085085085085,1.5425425425425425,32.552552552552555,Retail,Texas,588.2882882882883,41.7017017017017,10.85085085085085,2,0
543,589189.1891891891,20.87087087087087,1.5435435435435436,32.612612612612615,Financial Services,Florida,589.1891891891892,41.74174174174174,10.87087087087087,1,1
544,590090.0900900901,20.89089089089089,1.5445445445445445,32.672672672672675,Technology,New York,590.0900900900901,41.78178178178178,10.89089089089089,2,0
545,590990.990990991,20.91091091091091,1.5455455455455456,32.732732732732735,Pharmaceuticals,California,590.990990990991,41.82182182182182,10.91091091091091,1,0
546,591891.8918918918,20.93093093093093,1.5465465465465464,32.792792792792795,Retail,Texas,591.8918918918919,41.86186186186186,10.93093093093093,1,0
547,592792.7927927928,20.95095095095095,1.5475475475475475,32.852852852852855,Financial Services,Florida,592.7927927927929,41.9019019019019,10.95095095095095,1,1
548,593693.6936936937,20.97097097097097,1.5485485485485486,32.912912912912915,Technology,New York,593.6936936936937,41.94194194194194,10.97097097097097,1,0
549,594594.5945945946,20.99099099099099,1.5495495495495497,32.972972972972975,Pharmaceuticals,California,594.5945945945946,41.98198198198198,10.99099099099099,1,0
550,595495.4954954955,21.01101101101101,1.5505505505505506,33.033033033033036,Retail,Texas,595.4954954954956,42.02202202202202,11.01101101101101,1,0
551,596396.3963963964,21.03103103103103,1.5515515515515514,33.093093093093096,Financial Services,Florida,596.3963963963964,42.06206206206206,11.03103103103103,2,1
552,597297.2972972973,21.05105105105105,1.5525525525525525,33.153153153153156,Technology,New York,597.2972972972973,42.1021021021021,11.05105105105105,1,0
553,598198.1981981981,21.07107107107107,1.5535535535535536,33.213213213213216,Pharmaceuticals,California,598.1981981981983,42.14214214214214,11.07107107107107,2,0
554,599099.099099099,21.09109109109109,1.5545545545545547,33.273273273273276,Retail,Texas,599.099099099099,42.18218218218218,11.09109109109109,1,0
555,600000.0,21.11111111111111,1.5555555555555556,33.333333333333336,Financial Services,Florida,600.0,42.22222222222222,11.11111111111111,0,1
556,600900.9009009008,21.13113113113113,1.5565565565565564,33.393393393393396,Technology,New York,600.900900900901,42.26226226226226,11.13113113113113,0,0
557,601801.8018018018,21.15115115115115,1.5575575575575575,33.453453453453456,Pharmaceuticals,California,601.8018018018017,42.3023023023023,11.15115115115115,1,0
558,602702.7027027027,21.17117117117117,1.5585585585585586,33.513513513513516,Retail,Texas,602.7027027027027,42.34234234234234,11.17117117117117,0,0
559,603603.6036036036,21.19119119119119,1.5595595595595597,33.573573573573576,Financial Services,Florida,603.6036036036037,42.38238238238238,11.19119119119119,0,1
560,604504.5045045045,21.21121121121121,1.5605605605605606,33.633633633633636,Technology,New York,604.5045045045044,42.42242242242242,11.21121121121121,1,0
561,605405.4054054054,21.23123123123123,1.5615615615615615,33.693693693693696,Pharmaceuticals,California,605.4054054054054,42.46246246246246,11.23123123123123,2,0
562,606306.3063063063,21.25125125125125,1.5625625625625625,33.753753753753756,Retail,Texas,606.3063063063064,42.5025025025025,11.25125125125125,1,0
563,607207.2072072071,21.27127127127127,1.5635635635635636,33.813813813813816,Financial Services,Florida,607.2072072072071,42.54254254254254,11.27127127127127,1,1
564,608108.1081081082,21.29129129129129,1.5645645645645647,33.873873873873876,Technology,New York,608.1081081081081,42.58258258258258,11.29129129129129,0,0
565,609009.009009009,21.31131131131131,1.5655655655655656,33.933933933933936,Pharmaceuticals,California,609.009009009009,42.62262262262262,11.31131131131131,2,0
566,609909.9099099098,21.33133133133133,1.5665665665665665,33.993993993993996,Retail,Texas,609.9099099099099,42.66266266266266,11.33133133133133,2,0
567,610810.8108108108,21.35135135135135,1.5675675675675675,34.054054054054056,Financial Services,Florida,610.8108108108108,42.7027027027027,11.35135135135135,0,1
568,611711.7117117117,21.37137137137137,1.5685685685685686,34.114114114114116,Technology,New York,611.7117117117117,42.74274274274274,11.37137137137137,1,0
569,612612.6126126125,21.39139139139139,1.5695695695695697,34.174174174174176,Pharmaceuticals,California,612.6126126126126,42.78278278278278,11.391391391391391,2,0
570,613513.5135135135,21.41141141141141,1.5705705705705706,34.234234234234236,Retail,Texas,613.5135135135135,42.82282282282282,11.411411411411411,0,0
571,614414.4144144144,21.43143143143143,1.5715715715715715,34.294294294294296,Financial Services,Florida,614.4144144144144,42.86286286286286,11.431431431431431,1,1
572,615315.3153153153,21.45145145145145,1.5725725725725725,34.354354354354356,Technology,New York,615.3153153153153,42.9029029029029,11.451451451451451,2,0
573,616216.2162162162,21.47147147147147,1.5735735735735736,34.414414414414416,Pharmaceuticals,California,616.2162162162163,42.94294294294294,11.471471471471471,1,0
574,617117.1171171172,21.49149149149149,1.5745745745745747,34.474474474474476,Retail,Texas,617.1171171171171,42.98298298298298,11.491491491491491,1,0
575,618018.018018018,21.51151151151151,1.5755755755755756,34.53453453453454,Financial Services,Florida,618.018018018018,43.02302302302302,11.511511511511511,2,1
576,618918.9189189188,21.53153153153153,1.5765765765765765,34.5945945945946,Technology,New York,618.918918918919,43.06306306306306,11.531531531531531,0,0
577,619819.8198198199,21.55155155155155,1.5775775775775776,34.65465465465466,Pharmaceuticals,California,619.8198198198198,43.1031031031031,11.551551551551551,1,0
578,620720.7207207207,21.57157157157157,1.5785785785785786,34.71471471471472,Retail,Texas,620.7207207207207,43.14314314314314,11.571571571571571,0,0
579,621621.6216216215,21.59159159159159,1.5795795795795797,34.77477477477478,Financial Services,Florida,621.6216216216217,43.18318318318318,11.591591591591591,1,1
580,622522.5225225225,21.61161161161161,1.5805805805805806,34.83483483483484,Technology,New York,622.5225225225225,43.22322322322322,11.611611611611611,0,0
581,623423.4234234234,21.63163163163163,1.5815815815815815,34.8948948948949,Pharmaceuticals,California,623.4234234234234,43.26326326326326,11.631631631631631,2,0
582,624324.3243243243,21.65165165165165,1.5825825825825826,34.95495495495496,Retail,Texas,624.3243243243244,43.3033033033033,11.651651651651651,0,0
583,625225.2252252252,21.67167167167167,1.5835835835835836,35.01501501501502,Financial Services,Florida,625.2252252252252,43.34334334334334,11.671671671671671,2,1
584,626126.1261261262,21.69169169169169,1.5845845845845847,35.07507507507508,Technology,New York,626.1261261261261,43.38338338338338,11.691691691691691,2,0
585,627027.027027027,21.71171171171171,1.5855855855855856,35.13513513513514,Pharmaceuticals,California,627.0270270270271,43.42342342342342,11.711711711711711,0,0
586,627927.9279279279,21.73173173173173,1.5865865865865865,35.1951951951952,Retail,Texas,627.927927927928,43.46346346346346,11.731731731731731,2,0
587,628828.8288288288,21.75175175175175,1.5875875875875876,35.25525525525526,Financial Services,Florida,628.8288288288288,43.5035035035035,11.751751751751751,0,1
588,629729.7297297297,21.77177177177177,1.5885885885885886,35.31531531531532,Technology,New York,629.7297297297297,43.54354354354354,11.771771771771771,2,0
589,630630.6306306307,21.79179179179179,1.5895895895895897,35.37537537537538,Pharmaceuticals,California,630.6306306306307,43.58358358358358,11.791791791791791,2,0
590,631531.5315315315,21.81181181181181,1.5905905905905906,35.43543543543544,Retail,Texas,631.5315315315315,43.62362362362362,11.811811811811811,0,0
591,632432.4324324324,21.83183183183183,1.5915915915915915,35.4954954954955,Financial Services,Florida,632.4324324324324,43.66366366366366,11.831831831831831,0,1
592,633333.3333333333,21.85185185185185,1.5925925925925926,35.55555555555556,Technology,New York,633.3333333333334,43.7037037037037,11.851851851851851,1,0
593,634234.2342342342,21.87187187187187,1.5935935935935936,35.61561561561562,Pharmaceuticals,California,634.2342342342342,43.74374374374374,11.871871871871871,2,0
594,635135.1351351351,21.89189189189189,1.5945945945945947,35.67567567567568,Retail,Texas,635.1351351351351,43.78378378378378,11.891891891891891,1,0
595,636036.036036036,21.91191191191191,1.5955955955955956,35.73573573573574,Financial Services,Florida,636.0360360360361,43.82382382382382,11.911911911911911,1,1
596,636936.9369369369,21.93193193193193,1.5965965965965965,35.7957957957958,Technology,New York,636.936936936937,43.86386386386386,11.931931931931931,1,0
597,637837.8378378379,21.95195195195195,1.5975975975975976,35.85585585585586,Pharmaceuticals,California,637.8378378378378,43.9039039039039,11.951951951951951,0,0
598,638738.7387387387,21.97197197197197,1.5985985985985987,35.91591591591592,Retail,Texas,638.7387387387388,43.94394394394394,11.971971971971971,1,0
599,639639.6396396396,21.99199199199199,1.5995995995995997,35.97597597597598,Financial Services,Florida,639.6396396396397,43.98398398398398,11.991991991991991,1,1
600,640540.5405405405,22.01201201201201,1.6006006006006006,36.03603603603604,Technology,New York,640.5405405405405,44.02402402402402,12.012012012012011,0,0
601,641441.4414414414,22.03203203203203,1.6016016016016015,36.0960960960961,Pharmaceuticals,California,641.4414414414415,44.06406406406406,12.032032032032031,2,0
602,642342.3423423424,22.05205205205205,1.6026026026026026,36.15615615615616,Retail,Texas,642.3423423423424,44.1041041041041,12.052052052052051,1,0
603,643243.2432432432,22.07207207207207,1.6036036036036037,36.21621621621622,Financial Services,Florida,643.2432432432432,44.14414414414414,12.072072072072071,2,1
604,644144.1441441441,22.09209209209209,1.6046046046046047,36.27627627627628,Technology,New York,644.1441441441442,44.18418418418418,12.092092092092091,1,0
605,645045.045045045,22.11211211211211,1.6056056056056056,36.33633633633634,Pharmaceuticals,California,645.0450450450451,44.22422422422422,12.112112112112111,0,0
606,645945.9459459459,22.13213213213213,1.6066066066066065,36.3963963963964,Retail,Texas,645.9459459459459,44.26426426426426,12.132132132132131,1,0
607,646846.8468468469,22.15215215215215,1.6076076076076076,36.45645645645646,Financial Services,Florida,646.8468468468468,44.3043043043043,12.152152152152151,2,1
608,647747.7477477477,22.17217217217217,1.6086086086086087,36.51651651651652,Technology,New York,647.7477477477478,44.34434434434434,12.172172172172171,1,0
609,648648.6486486486,22.19219219219219,1.6096096096096097,36.57657657657658,Pharmaceuticals,California,648.6486486486486,44.38438438438438,12.192192192192191,2,0
610,649549.5495495496,22.21221221221221,1.6106106106106106,36.63663663663664,Retail,Texas,649.5495495495495,44.42442442442442,12.212212212212211,0,0
611,650450.4504504504,22.23223223223223,1.6116116116116115,36.6966966966967,Financial Services,Florida,650.4504504504505,44.46446446446446,12.232232232232231,1,1
612,651351.3513513514,22.25225225225225,1.6126126126126126,36.75675675675676,Technology,New York,651.3513513513514,44.5045045045045,12.252252252252251,0,0
613,652252.2522522522,22.27227227227227,1.6136136136136137,36.81681681681682,Pharmaceuticals,California,652.2522522522522,44.54454454454454,12.272272272272271,0,0
614,653153.1531531531,22.29229229229229,1.6146146146146148,36.87687687687688,Retail,Texas,653.1531531531532,44.58458458458458,12.292292292292291,1,0
615,654054.0540540541,22.31231231231231,1.6156156156156156,36.93693693693694,Financial Services,Florida,654.0540540540541,44.62462462462462,12.312312312312311,0,1
616,654954.9549549549,22.33233233233233,1.6166166166166165,36.996996996997,Technology,New York,654.9549549549549,44.66466466466466,12.332332332332332,2,0
617,655855.8558558559,22.35235235235235,1.6176176176176176,37.05705705705706,Pharmaceuticals,California,655.8558558558559,44.7047047047047,12.352352352352352,1,0
618,656756.7567567567,22.37237237237237,1.6186186186186187,37.11711711711712,Retail,Texas,656.7567567567568,44.74474474474474,12.372372372372372,2,0
619,657657.6576576576,22.39239239239239,1.6196196196196198,37.17717717717718,Financial Services,Florida,657.6576576576576,44.78478478478478,12.392392392392392,0,1
620,658558.5585585586,22.41241241241241,1.6206206206206206,37.23723723723724,Technology,New York,658.5585585585586,44.82482482482482,12.412412412412412,0,0
621,659459.4594594594,22.43243243243243,1.6216216216216215,37.2972972972973,Pharmaceuticals,California,659.4594594594595,44.86486486486486,12.432432432432432,1,0
622,660360.3603603604,22.45245245245245,1.6226226226226226,37.35735735735736,Retail,Texas,660.3603603603603,44.9049049049049,12.452452452452452,2,0
623,661261.2612612612,22.47247247247247,1.6236236236236237,37.41741741741742,Financial Services,Florida,661.2612612612613,44.94494494494494,12.472472472472472,2,1
624,662162.1621621621,22.49249249249249,1.6246246246246248,37.47747747747748,Technology,New York,662.1621621621622,44.98498498498498,12.492492492492492,2,0
625,663063.0630630631,22.51251251251251,1.6256256256256256,37.53753753753754,Pharmaceuticals,California,663.063063063063,45.02502502502502,12.512512512512512,2,0
626,663963.9639639639,22.53253253253253,1.6266266266266265,37.5975975975976,Retail,Texas,663.9639639639639,45.06506506506506,12.532532532532532,2,0
627,664864.8648648649,22.55255255255255,1.6276276276276276,37.65765765765766,Financial Services,Florida,664.8648648648649,45.1051051051051,12.552552552552552,1,1
628,665765.7657657658,22.57257257257257,1.6286286286286287,37.71771771771772,Technology,New York,665.7657657657658,45.14514514514514,12.572572572572572,0,0
629,666666.6666666666,22.59259259259259,1.6296296296296298,37.77777777777778,Pharmaceuticals,California,666.6666666666666,45.18518518518518,12.592592592592592,1,0
630,667567.5675675676,22.61261261261261,1.6306306306306306,37.83783783783784,Retail,Texas,667.5675675675676,45.22522522522522,12.612612612612612,0,0
631,668468.4684684684,22.63263263263263,1.6316316316316315,37.8978978978979,Financial Services,Florida,668.4684684684685,45.26526526526526,12.632632632632632,2,1
632,669369.3693693693,22.65265265265265,1.6326326326326326,37.95795795795796,Technology,New York,669.3693693693693,45.3053053053053,12.652652652652652,1,0
633,670270.2702702703,22.67267267267267,1.6336336336336337,38.01801801801802,Pharmaceuticals,California,670.2702702702703,45.34534534534534,12.672672672672672,2,0
634,671171.1711711711,22.69269269269269,1.6346346346346348,38.07807807807808,Retail,Texas,671.1711711711712,45.38538538538538,12.692692692692692,2,0
635,672072.0720720721,22.71271271271271,1.6356356356356356,38.13813813813814,Financial Services,Florida,672.072072072072,45.42542542542542,12.712712712712712,1,1
636,672972.9729729729,22.73273273273273,1.6366366366366365,38.1981981981982,Technology,New York,672.972972972973,45.46546546546546,12.732732732732732,0,0
637,673873.8738738738,22.75275275275275,1.6376376376376376,38.25825825825826,Pharmaceuticals,California,673.8738738738739,45.5055055055055,12.752752752752752,1,0
638,674774.7747747748,22.772772772772772,1.6386386386386387,38.31831831831832,Retail,Texas,674.7747747747748,45.545545545545544,12.772772772772772,1,0
639,675675.6756756756,22.792792792792792,1.6396396396396398,38.37837837837838,Financial Services,Florida,675.6756756756757,45.585585585585584,12.792792792792792,2,1
640,676576.5765765766,22.812812812812812,1.6406406406406406,38.43843843843844,Technology,New York,676.5765765765766,45.625625625625624,12.812812812812812,2,0
641,677477.4774774774,22.832832832832835,1.6416416416416415,38.4984984984985,Pharmaceuticals,California,677.4774774774775,45.66566566566567,12.832832832832834,2,0
642,678378.3783783783,22.852852852852855,1.6426426426426426,38.55855855855856,Retail,Texas,678.3783783783784,45.70570570570571,12.852852852852854,2,0
643,679279.2792792793,22.872872872872875,1.6436436436436437,38.61861861861862,Financial Services,Florida,679.2792792792793,45.74574574574575,12.872872872872874,2,1
644,680180.1801801801,22.892892892892895,1.6446446446446448,38.67867867867868,Technology,New York,680.1801801801802,45.78578578578579,12.892892892892894,1,0
645,681081.0810810811,22.912912912912915,1.6456456456456456,38.73873873873874,Pharmaceuticals,California,681.081081081081,45.82582582582583,12.912912912912914,0,0
646,681981.981981982,22.932932932932935,1.6466466466466465,38.7987987987988,Retail,Texas,681.981981981982,45.86586586586587,12.932932932932934,0,0
647,682882.8828828828,22.952952952952955,1.6476476476476476,38.85885885885886,Financial Services,Florida,682.8828828828829,45.90590590590591,12.952952952952954,2,1
648,683783.7837837838,22.972972972972975,1.6486486486486487,38.91891891891892,Technology,New York,683.7837837837837,45.94594594594595,12.972972972972974,0,0
649,684684.6846846846,22.992992992992995,1.6496496496496498,38.97897897897898,Pharmaceuticals,California,684.6846846846847,45.98598598598599,12.992992992992994,2,0
650,685585.5855855856,23.013013013013015,1.6506506506506506,39.03903903903904,Retail,Texas,685.5855855855856,46.02602602602603,13.013013013013014,0,0
651,686486.4864864865,23.033033033033036,1.6516516516516515,39.0990990990991,Financial Services,Florida,686.4864864864865,46.06606606606607,13.033033033033034,1,1
652,687387.3873873873,23.053053053053056,1.6526526526526526,39.15915915915916,Technology,New York,687.3873873873874,46.10610610610611,13.053053053053054,2,0
653,688288.2882882883,23.073073073073076,1.6536536536536537,39.21921921921922,Pharmaceuticals,California,688.2882882882883,46.14614614614615,13.073073073073074,1,0
654,689189.1891891891,23.093093093093096,1.6546546546546548,39.27927927927928,Retail,Texas,689.1891891891892,46.18618618618619,13.093093093093094,2,0
655,690090.0900900901,23.113113113113116,1.6556556556556556,39.33933933933934,Financial Services,Florida,690.0900900900901,46.22622622622623,13.113113113113114,0,1
656,690990.990990991,23.133133133133136,1.6566566566566565,39.3993993993994,Technology,New York,690.990990990991,46.26626626626627,13.133133133133134,2,0
657,691891.8918918918,23.153153153153156,1.6576576576576576,39.45945945945946,Pharmaceuticals,California,691.8918918918919,46.30630630630631,13.153153153153154,1,0
658,692792.7927927928,23.173173173173176,1.6586586586586587,39.51951951951952,Retail,Texas,692.7927927927929,46.34634634634635,13.173173173173174,0,0
659,693693.6936936937,23.193193193193196,1.6596596596596598,39.57957957957958,Financial Services,Florida,693.6936936936937,46.38638638638639,13.193193193193194,0,1
660,694594.5945945946,23.213213213213216,1.6606606606606606,39.63963963963964,Technology,New York,694.5945945945946,46.42642642642643,13.213213213213214,2,0
661,695495.4954954955,23.233233233233236,1.6616616616616615,39.6996996996997,Pharmaceuticals,California,695.4954954954954,46.46646646646647,13.233233233233234,1,0
662,696396.3963963963,23.253253253253256,1.6626626626626626,39.75975975975976,Retail,Texas,696.3963963963964,46.50650650650651,13.253253253253254,2,0
663,697297.2972972973,23.273273273273276,1.6636636636636637,39.81981981981982,Financial Services,Florida,697.2972972972973,46.54654654654655,13.273273273273274,2,1
664,698198.1981981982,23.293293293293296,1.6646646646646648,39.87987987987988,Technology,New York,698.1981981981982,46.58658658658659,13.293293293293294,0,0
665,699099.099099099,23.313313313313316,1.6656656656656657,39.93993993993994,Pharmaceuticals,California,699.0990990990991,46.62662662662663,13.313313313313314,0,0
666,700000.0,23.333333333333336,1.6666666666666665,40.0,Retail,Texas,700.0,46.66666666666667,13.333333333333334,1,0
667,700900.9009009008,23.353353353353356,1.6676676676676676,40.06006006006006,Financial Services,Florida,700.9009009009009,46.70670670670671,13.353353353353354,1,1
668,701801.8018018018,23.373373373373376,1.6686686686686687,40.12012012012012,Technology,New York,701.8018018018018,46.74674674674675,13.373373373373374,0,0
669,702702.7027027027,23.393393393393396,1.6696696696696698,40.18018018018018,Pharmaceuticals,California,702.7027027027027,46.78678678678679,13.393393393393394,2,0
670,703603.6036036036,23.413413413413416,1.6706706706706707,40.24024024024024,Retail,Texas,703.6036036036036,46.82682682682683,13.413413413413414,2,0
671,704504.5045045045,23.433433433433436,1.6716716716716715,40.3003003003003,Financial Services,Florida,704.5045045045046,46.86686686686687,13.433433433433434,0,1
672,705405.4054054053,23.453453453453456,1.6726726726726726,40.36036036036036,Technology,New York,705.4054054054054,46.90690690690691,13.453453453453454,2,0
673,706306.3063063063,23.473473473473476,1.6736736736736737,40.42042042042042,Pharmaceuticals,California,706.3063063063063,46.94694694694695,13.473473473473474,1,0
674,707207.2072072072,23.493493493493496,1.6746746746746748,40.48048048048048,Retail,Texas,707.2072072072073,46.98698698698699,13.493493493493494,0,0
675,708108.108108108,23.513513513513516,1.6756756756756757,40.54054054054054,Financial Services,Florida,708.1081081081081,47.02702702702703,13.513513513513514,1,1
676,709009.009009009,23.533533533533536,1.6766766766766765,40.6006006006006,Technology,New York,709.009009009009,47.06706706706707,13.533533533533534,2,0
677,709909.9099099099,23.553553553553556,1.6776776776776776,40.66066066066066,Pharmaceuticals,California,709.90990990991,47.10710710710711,13.553553553553554,1,0
678,710810.8108108108,23.573573573573576,1.6786786786786787,40.72072072072072,Retail,Texas,710.8108108108108,47.14714714714715,13.573573573573574,0,0
679,711711.7117117117,23.593593593593596,1.6796796796796798,40.78078078078078,Financial Services,Florida,711.7117117117117,47.18718718718719,13.593593593593594,2,1
680,712612.6126126125,23.613613613613616,1.6806806806806807,40.84084084084084,Technology,New York,712.6126126126126,47.22722722722723,13.613613613613614,0,0
681,713513.5135135135,23.633633633633636,1.6816816816816815,40.9009009009009,Pharmaceuticals,California,713.5135135135135,47.26726726726727,13.633633633633634,2,0
682,714414.4144144144,23.653653653653656,1.6826826826826826,40.96096096096096,Retail,Texas,714.4144144144144,47.30730730730731,13.653653653653654,2,0
683,715315.3153153153,23.673673673673676,1.6836836836836837,41.02102102102102,Financial Services,Florida,715.3153153153153,47.34734734734735,13.673673673673674,1,1
684,716216.2162162162,23.693693693693696,1.6846846846846848,41.08108108108108,Technology,New York,716.2162162162163,47.38738738738739,13.693693693693694,2,0
685,717117.117117117,23.713713713713716,1.6856856856856857,41.14114114114114,Pharmaceuticals,California,717.1171171171171,47.42742742742743,13.713713713713714,1,0
686,718018.018018018,23.733733733733736,1.6866866866866865,41.2012012012012,Retail,Texas,718.018018018018,47.46746746746747,13.733733733733734,1,0
687,718918.9189189189,23.753753753753756,1.6876876876876876,41.26126126126126,Financial Services,Florida,718.918918918919,47.50750750750751,13.753753753753754,0,1
688,719819.8198198198,23.773773773773776,1.6886886886886887,41.32132132132132,Technology,New York,719.8198198198198,47.54754754754755,13.773773773773774,2,0
689,720720.7207207207,23.793793793793796,1.6896896896896898,41.38138138138138,Pharmaceuticals,California,720.7207207207207,47.58758758758759,13.793793793793794,1,0
690,721621.6216216215,23.813813813813816,1.6906906906906907,41.44144144144144,Retail,Texas,721.6216216216217,47.62762762762763,13.813813813813814,1,0
691,722522.5225225225,23.833833833833836,1.6916916916916915,41.5015015015015,Financial Services,Florida,722.5225225225225,47.66766766766767,13.833833833833834,2,1
692,723423.4234234234,23.853853853853856,1.6926926926926926,41.56156156156156,Technology,New York,723.4234234234234,47.70770770770771,13.853853853853854,0,0
693,724324.3243243243,23.873873873873876,1.6936936936936937,41.62162162162162,Pharmaceuticals,California,724.3243243243244,47.74774774774775,13.873873873873874,0,0
694,725225.2252252252,23.893893893893896,1.6946946946946948,41.68168168168168,Retail,Texas,725.2252252252252,47.78778778778779,13.893893893893894,1,0
695,726126.1261261262,23.913913913913916,1.6956956956956957,41.74174174174174,Financial Services,Florida,726.1261261261261,47.82782782782783,13.913913913913914,1,1
696,727027.027027027,23.933933933933936,1.6966966966966965,41.8018018018018,Technology,New York,727.0270270270271,47.86786786786787,13.933933933933934,0,0
697,727927.9279279279,23.953953953953956,1.6976976976976976,41.86186186186186,Pharmaceuticals,California,727.927927927928,47.90790790790791,13.953953953953954,1,0
698,728828.8288288288,23.973973973973976,1.6986986986986987,41.92192192192192,Retail,Texas,728.8288288288288,47.94794794794795,13.973973973973974,0,0
699,729729.7297297297,23.993993993993996,1.6996996996996998,41.98198198198198,Financial Services,Florida,729.7297297297297,47.98798798798799,13.993993993993994,1,1
700,730630.6306306307,24.014014014014016,1.7007007007007007,42.04204204204204,Technology,New York,730.6306306306307,48.02802802802803,14.014014014014014,2,0
701,731531.5315315315,24.034034034034036,1.7017017017017015,42.1021021021021,Pharmaceuticals,California,731.5315315315315,48.06806806806807,14.034034034034034,0,0
702,732432.4324324324,24.054054054054056,1.7027027027027026,42.16216216216216,Retail,Texas,732.4324324324324,48.10810810810811,14.054054054054054,0,0
703,733333.3333333333,24.074074074074076,1.7037037037037037,42.22222222222222,Financial Services,Florida,733.3333333333334,48.14814814814815,14.074074074074074,1,1
704,734234.2342342342,24.094094094094096,1.7047047047047048,42.28228228228228,Technology,New York,734.2342342342342,48.18818818818819,14.094094094094094,0,0
705,735135.1351351351,24.114114114114116,1.7057057057057057,42.34234234234234,Pharmaceuticals,California,735.1351351351351,48.22822822822823,14.114114114114114,0,0
706,736036.036036036,24.134134134134136,1.7067067067067065,42.4024024024024,Retail,Texas,736.0360360360361,48.26826826826827,14.134134134134134,1,0
707,736936.9369369369,24.154154154154156,1.7077077077077076,42.46246246246246,Financial Services,Florida,736.936936936937,48.30830830830831,14.154154154154154,0,1
708,737837.8378378379,24.174174174174176,1.7087087087087087,42.52252252252252,Technology,New York,737.8378378378378,48.34834834834835,14.174174174174174,1,0
709,738738.7387387387,24.194194194194196,1.7097097097097098,42.58258258258258,Pharmaceuticals,California,738.7387387387388,48.38838838838839,14.194194194194194,0,0
710,739639.6396396396,24.214214214214216,1.7107107107107107,42.64264264264264,Retail,Texas,739.6396396396397,48.42842842842843,14.214214214214214,0,0
711,740540.5405405405,24.234234234234236,1.7117117117117115,42.7027027027027,Financial Services,Florida,740.5405405405405,48.46846846846847,14.234234234234235,1,1
712,741441.4414414414,24.254254254254256,1.7127127127127126,42.76276276276276,Technology,New York,741.4414414414415,48.50850850850851,14.254254254254255,1,0
713,742342.3423423424,24.274274274274276,1.7137137137137137,42.82282282282282,Pharmaceuticals,California,742.3423423423424,48.54854854854855,14.274274274274275,0,0
714,743243.2432432432,24.294294294294296,1.7147147147147148,42.88288288288288,Retail,Texas,743.2432432432432,48.58858858858859,14.294294294294295,2,0
715,744144.1441441441,24.314314314314316,1.7157157157157157,42.94294294294294,Financial Services,Florida,744.1441441441442,48.62862862862863,14.314314314314315,1,1
716,745045.045045045,24.334334334334336,1.7167167167167166,43.003003003003,Technology,New York,745.0450450450451,48.66866866866867,14.334334334334335,1,0
717,745945.9459459459,24.354354354354356,1.7177177177177176,43.06306306306306,Pharmaceuticals,California,745.9459459459459,48.70870870870871,14.354354354354355,2,0
718,746846.8468468469,24.374374374374376,1.7187187187187187,43.12312312312312,Retail,Texas,746.8468468468468,48.74874874874875,14.374374374374375,2,0
719,747747.7477477477,24.394394394394396,1.7197197197197198,43.18318318318318,Financial Services,Florida,747.7477477477478,48.78878878878879,14.394394394394395,2,1
720,748648.6486486486,24.414414414414416,1.7207207207207207,43.24324324324324,Technology,New York,748.6486486486486,48.82882882882883,14.414414414414415,2,0
721,749549.5495495495,24.434434434434436,1.7217217217217216,43.3033033033033,Pharmaceuticals,California,749.5495495495495,48.86886886886887,14.434434434434435,2,0
722,750450.4504504504,24.454454454454456,1.7227227227227226,43.36336336336336,Retail,Texas,750.4504504504505,48.90890890890891,14.454454454454455,1,0
723,751351.3513513514,24.474474474474476,1.7237237237237237,43.42342342342342,Financial Services,Florida,751.3513513513514,48.94894894894895,14.474474474474475,1,1
724,752252.2522522522,24.494494494494496,1.7247247247247248,43.48348348348348,Technology,New York,752.2522522522522,48.98898898898899,14.494494494494495,2,0
725,753153.1531531531,24.514514514514516,1.7257257257257257,43.54354354354354,Pharmaceuticals,California,753.1531531531532,49.02902902902903,14.514514514514515,0,0
726,754054.0540540541,24.534534534534536,1.7267267267267266,43.6036036036036,Retail,Texas,754.0540540540541,49.06906906906907,14.534534534534535,1,0
727,754954.9549549549,24.554554554554556,1.7277277277277276,43.66366366366366,Financial Services,Florida,754.9549549549549,49.10910910910911,14.554554554554555,1,1
728,755855.8558558559,24.574574574574577,1.7287287287287287,43.72372372372372,Technology,New York,755.8558558558559,49.14914914914915,14.574574574574575,0,0
729,756756.7567567567,24.594594594594597,1.7297297297297298,43.78378378378378,Pharmaceuticals,California,756.7567567567568,49.18918918918919,14.594594594594595,2,0
730,757657.6576576576,24.614614614614617,1.7307307307307307,43.84384384384384,Retail,Texas,757.6576576576576,49.22922922922923,14.614614614614615,0,0
731,758558.5585585586,24.634634634634637,1.7317317317317316,43.9039039039039,Financial Services,Florida,758.5585585585586,49.26926926926927,14.634634634634635,0,1
732,759459.4594594594,24.654654654654657,1.7327327327327327,43.96396396396396,Technology,New York,759.4594594594595,49.30930930930931,14.654654654654655,1,0
733,760360.3603603604,24.674674674674677,1.7337337337337337,44.02402402402402,Pharmaceuticals,California,760.3603603603603,49.34934934934935,14.674674674674675,2,0
734,761261.2612612612,24.694694694694697,1.7347347347347348,44.08408408408408,Retail,Texas,761.2612612612613,49.38938938938939,14.694694694694695,2,0
735,762162.1621621621,24.714714714714717,1.7357357357357357,44.14414414414414,Financial Services,Florida,762.1621621621622,49.42942942942943,14.714714714714715,0,1
736,763063.0630630631,24.734734734734737,1.7367367367367368,44.2042042042042,Technology,New York,763.063063063063,49.46946946946947,14.734734734734735,1,0
737,763963.9639639639,24.754754754754757,1.7377377377377377,44.26426426426426,Pharmaceuticals,California,763.9639639639639,49.50950950950951,14.754754754754755,0,0
738,764864.8648648649,24.774774774774777,1.7387387387387387,44.32432432432432,Retail,Texas,764.8648648648649,49.54954954954955,14.774774774774775,1,0
739,765765.7657657657,24.794794794794797,1.7397397397397398,44.38438438438438,Financial Services,Florida,765.7657657657658,49.58958958958959,14.794794794794795,1,1
740,766666.6666666666,24.814814814814817,1.7407407407407407,44.44444444444444,Technology,New York,766.6666666666666,49.62962962962963,14.814814814814815,1,0
741,767567.5675675676,24.834834834834837,1.7417417417417418,44.5045045045045,Pharmaceuticals,California,767.5675675675676,49.66966966966967,14.834834834834835,1,0
742,768468.4684684684,24.854854854854857,1.7427427427427427,44.56456456456456,Retail,Texas,768.4684684684685,49.70970970970971,14.854854854854855,2,0
743,769369.3693693693,24.874874874874877,1.7437437437437437,44.62462462462462,Financial Services,Florida,769.3693693693693,49.74974974974975,14.874874874874875,2,1
744,770270.2702702703,24.894894894894897,1.7447447447447448,44.68468468468468,Technology,New York,770.2702702702703,49.78978978978979,14.894894894894895,1,0
745,771171.1711711711,24.914914914914917,1.7457457457457457,44.74474474474474,Pharmaceuticals,California,771.1711711711712,49.82982982982983,14.914914914914915,2,0
746,772072.0720720721,24.934934934934937,1.7467467467467468,44.8048048048048,Retail,Texas,772.072072072072,49.86986986986987,14.934934934934935,2,0
747,772972.9729729729,24.954954954954957,1.7477477477477477,44.86486486486486,Financial Services,Florida,772.972972972973,49.90990990990991,14.954954954954955,2,1
748,773873.8738738738,24.974974974974977,1.7487487487487487,44.92492492492492,Technology,New York,773.8738738738739,49.94994994994995,14.974974974974975,2,0
749,774774.7747747748,24.994994994994997,1.7497497497497498,44.98498498498498,Pharmaceuticals,California,774.7747747747748,49.98998998998999,14.994994994994995,0,0
750,775675.6756756756,25.015015015015017,1.7507507507507507,45.04504504504504,Retail,Texas,775.6756756756757,50.030030030030034,15.015015015015015,0,1
751,776576.5765765766,25.035035035035037,1.7517517517517518,45.1051051051051,Financial Services,Florida,776.5765765765766,50.070070070070074,15.035035035035035,0,1
752,777477.4774774774,25.055055055055057,1.7527527527527527,45.16516516516516,Technology,New York,777.4774774774775,50.110110110110114,15.055055055055055,1,1
753,778378.3783783783,25.075075075075077,1.7537537537537538,45.22522522522522,Pharmaceuticals,California,778.3783783783784,50.150150150150154,15.075075075075075,1,1
754,779279.2792792793,25.095095095095097,1.7547547547547548,45.28528528528528,Retail,Texas,779.2792792792793,50.190190190190194,15.095095095095095,2,1
755,780180.1801801801,25.115115115115117,1.7557557557557557,45.34534534534534,Financial Services,Florida,780.1801801801802,50.230230230230234,15.115115115115115,0,1
756,781081.0810810811,25.135135135135137,1.7567567567567568,45.4054054054054,Technology,New York,781.081081081081,50.270270270270274,15.135135135135135,1,1
757,781981.981981982,25.155155155155157,1.7577577577577577,45.46546546546546,Pharmaceuticals,California,781.981981981982,50.310310310310314,15.155155155155155,0,1
758,782882.8828828828,25.175175175175177,1.7587587587587588,45.525525525525524,Retail,Texas,782.8828828828829,50.350350350350354,15.175175175175175,0,1
759,783783.7837837838,25.195195195195197,1.7597597597597598,45.585585585585584,Financial Services,Florida,783.7837837837837,50.390390390390394,15.195195195195195,0,1
760,784684.6846846846,25.215215215215217,1.7607607607607607,45.645645645645644,Technology,New York,784.6846846846847,50.430430430430434,15.215215215215215,0,1
761,785585.5855855856,25.235235235235237,1.7617617617617618,45.705705705705704,Pharmaceuticals,California,785.5855855855856,50.470470470470474,15.235235235235235,1,1
762,786486.4864864865,25.255255255255257,1.7627627627627627,45.765765765765764,Retail,Texas,786.4864864864865,50.510510510510514,15.255255255255255,1,1
763,787387.3873873873,25.275275275275277,1.7637637637637638,45.825825825825824,Financial Services,Florida,787.3873873873874,50.550550550550554,15.275275275275275,2,1
764,788288.2882882883,25.295295295295297,1.7647647647647648,45.885885885885884,Technology,New York,788.2882882882883,50.590590590590594,15.295295295295295,1,1
765,789189.1891891891,25.315315315315317,1.7657657657657657,45.945945945945944,Pharmaceuticals,California,789.1891891891892,50.630630630630634,15.315315315315315,0,1
766,790090.0900900901,25.335335335335337,1.7667667667667668,46.006006006006004,Retail,Texas,790.0900900900901,50.670670670670674,15.335335335335335,2,1
767,790990.990990991,25.355355355355357,1.7677677677677677,46.066066066066064,Financial Services,Florida,790.990990990991,50.710710710710714,15.355355355355355,2,1
768,791891.8918918918,25.375375375375377,1.7687687687687688,46.126126126126124,Technology,New York,791.8918918918919,50.750750750750754,15.375375375375375,2,1
769,792792.7927927928,25.395395395395397,1.7697697697697699,46.186186186186184,Pharmaceuticals,California,792.7927927927929,50.790790790790794,15.395395395395395,0,1
770,793693.6936936936,25.415415415415417,1.7707707707707707,46.246246246246244,Retail,Texas,793.6936936936937,50.830830830830834,15.415415415415415,0,1
771,794594.5945945946,25.435435435435437,1.7717717717717718,46.306306306306304,Financial Services,Florida,794.5945945945946,50.870870870870874,15.435435435435435,1,1
772,795495.4954954955,25.455455455455457,1.7727727727727727,46.366366366366364,Technology,New York,795.4954954954956,50.910910910910914,15.455455455455455,0,1
773,796396.3963963963,25.475475475475477,1.7737737737737738,46.426426426426424,Pharmaceuticals,California,796.3963963963964,50.950950950950954,15.475475475475475,2,1
774,797297.2972972973,25.495495495495497,1.7747747747747749,46.486486486486484,Retail,Texas,797.2972972972973,50.990990990990994,15.495495495495495,1,1
775,798198.1981981982,25.515515515515517,1.7757757757757757,46.546546546546544,Financial Services,Florida,798.1981981981982,51.031031031031034,15.515515515515515,2,1
776,799099.099099099,25.535535535535537,1.7767767767767768,46.606606606606604,Technology,New York,799.0990990990991,51.071071071071074,15.535535535535535,1,1
777,800000.0,25.555555555555557,1.7777777777777777,46.666666666666664,Pharmaceuticals,California,800.0,51.111111111111114,15.555555555555555,2,1
778,800900.9009009008,25.575575575575577,1.7787787787787788,46.726726726726724,Retail,Texas,800.9009009009009,51.151151151151154,15.575575575575575,0,1
779,801801.8018018018,25.595595595595597,1.7797797797797799,46.786786786786784,Financial Services,Florida,801.8018018018018,51.191191191191194,15.595595595595595,2,1
780,802702.7027027027,25.615615615615617,1.7807807807807807,46.846846846846844,Technology,New York,802.7027027027027,51.231231231231234,15.615615615615615,0,1
781,803603.6036036036,25.635635635635637,1.7817817817817818,46.906906906906904,Pharmaceuticals,California,803.6036036036036,51.271271271271274,15.635635635635635,0,1
782,804504.5045045045,25.655655655655657,1.7827827827827827,46.966966966966964,Retail,Texas,804.5045045045046,51.311311311311314,15.655655655655655,1,1
783,805405.4054054053,25.675675675675677,1.7837837837837838,47.027027027027025,Financial Services,Florida,805.4054054054054,51.351351351351354,15.675675675675675,2,1
784,806306.3063063063,25.695695695695697,1.7847847847847849,47.087087087087085,Technology,New York,806.3063063063063,51.391391391391394,15.695695695695695,2,1
785,807207.2072072072,25.715715715715717,1.7857857857857857,47.147147147147145,Pharmaceuticals,California,807.2072072072073,51.431431431431434,15.715715715715715,1,1
786,808108.108108108,25.735735735735737,1.7867867867867868,47.207207207207205,Retail,Texas,808.1081081081081,51.471471471471475,15.735735735735735,0,1
787,809009.009009009,25.755755755755757,1.7877877877877877,47.267267267267265,Financial Services,Florida,809.009009009009,51.511511511511515,15.755755755755755,0,1
788,809909.9099099098,25.775775775775777,1.7887887887887888,47.327327327327325,Technology,New York,809.90990990991,51.551551551551555,15.775775775775776,1,1
789,810810.8108108108,25.795795795795797,1.7897897897897899,47.387387387387385,Pharmaceuticals,California,810.8108108108108,51.591591591591595,15.795795795795796,0,1
790,811711.7117117117,25.815815815815817,1.7907907907907907,47.447447447447445,Retail,Texas,811.7117117117117,51.631631631631635,15.815815815815816,1,1
791,812612.6126126125,25.835835835835837,1.7917917917917918,47.507507507507505,Financial Services,Florida,812.6126126126127,51.671671671671675,15.835835835835836,1,1
792,813513.5135135135,25.855855855855857,1.7927927927927927,47.567567567567565,Technology,New York,813.5135135135135,51.711711711711715,15.855855855855856,0,1
793,814414.4144144144,25.875875875875877,1.7937937937937938,47.627627627627625,Pharmaceuticals,California,814.4144144144144,51.751751751751755,15.875875875875876,1,1
794,815315.3153153153,25.895895895895897,1.7947947947947949,47.687687687687685,Retail,Texas,815.3153153153153,51.791791791791795,15.895895895895896,1,1
795,816216.2162162162,25.915915915915917,1.7957957957957957,47.747747747747745,Financial Services,Florida,816.2162162162163,51.831831831831835,15.915915915915916,1,1
796,817117.117117117,25.935935935935937,1.7967967967967968,47.807807807807805,Technology,New York,817.1171171171171,51.871871871871875,15.935935935935936,0,1
797,818018.018018018,25.955955955955957,1.7977977977977977,47.867867867867865,Pharmaceuticals,California,818.018018018018,51.911911911911915,15.955955955955956,0,1
798,818918.9189189189,25.975975975975977,1.7987987987987988,47.927927927927925,Retail,Texas,818.918918918919,51.951951951951955,15.975975975975976,0,1
799,819819.8198198198,25.995995995995997,1.7997997997997999,47.987987987987985,Financial Services,Florida,819.8198198198198,51.991991991991995,15.995995995995996,1,1
800,820720.7207207207,26.016016016016017,1.8008008008008007,48.048048048048045,Technology,New York,820.7207207207207,52.032032032032035,16.016016016016017,1,1
801,821621.6216216215,26.036036036036037,1.8018018018018018,48.108108108108105,Pharmaceuticals,California,821.6216216216217,52.072072072072075,16.036036036036037,2,1
802,822522.5225225225,26.056056056056057,1.8028028028028027,48.168168168168165,Retail,Texas,822.5225225225225,52.112112112112115,16.056056056056057,1,1
803,823423.4234234234,26.076076076076077,1.8038038038038038,48.228228228228225,Financial Services,Florida,823.4234234234234,52.152152152152155,16.076076076076077,0,1
804,824324.3243243243,26.096096096096097,1.8048048048048049,48.288288288288285,Technology,New York,824.3243243243244,52.192192192192195,16.096096096096097,1,1
805,825225.2252252252,26.116116116116117,1.805805805805806,48.348348348348345,Pharmaceuticals,California,825.2252252252252,52.232232232232235,16.116116116116117,2,1
806,826126.1261261262,26.136136136136138,1.8068068068068068,48.408408408408405,Retail,Texas,826.1261261261261,52.272272272272275,16.136136136136138,0,1
807,827027.027027027,26.156156156156158,1.8078078078078077,48.468468468468465,Financial Services,Florida,827.0270270270271,52.312312312312315,16.156156156156158,0,1
808,827927.9279279279,26.176176176176178,1.8088088088088088,48.528528528528525,Technology,New York,827.927927927928,52.352352352352355,16.176176176176178,2,1
809,828828.8288288288,26.196196196196198,1.8098098098098099,48.588588588588586,Pharmaceuticals,California,828.8288288288288,52.392392392392395,16.196196196196198,1,1
810,829729.7297297297,26.216216216216218,1.810810810810811,48.648648648648646,Retail,Texas,829.7297297297297,52.432432432432435,16.216216216216218,2,1
811,830630.6306306307,26.236236236236238,1.8118118118118118,48.708708708708706,Financial Services,Florida,830.6306306306307,52.472472472472475,16.236236236236238,2,1
812,831531.5315315315,26.256256256256258,1.8128128128128127,48.768768768768766,Technology,New York,831.5315315315315,52.512512512512515,16.256256256256258,0,1
813,832432.4324324324,26.276276276276278,1.8138138138138138,48.828828828828826,Pharmaceuticals,California,832.4324324324324,52.552552552552555,16.276276276276278,0,1
814,833333.3333333333,26.296296296296298,1.8148148148148149,48.888888888888886,Retail,Texas,833.3333333333334,52.592592592592595,16.296296296296298,0,1
815,834234.2342342342,26.316316316316318,1.815815815815816,48.948948948948946,Financial Services,Florida,834.2342342342342,52.632632632632635,16.316316316316318,0,1
816,835135.1351351351,26.336336336336338,1.8168168168168168,49.009009009009006,Technology,New York,835.1351351351351,52.672672672672675,16.336336336336338,0,1
817,836036.036036036,26.356356356356358,1.8178178178178177,49.069069069069066,Pharmaceuticals,California,836.0360360360361,52.712712712712715,16.356356356356358,2,1
818,836936.9369369369,26.376376376376378,1.8188188188188188,49.129129129129126,Retail,Texas,836.936936936937,52.752752752752755,16.376376376376378,1,1
819,837837.8378378378,26.396396396396398,1.8198198198198199,49.189189189189186,Financial Services,Florida,837.8378378378378,52.792792792792795,16.396396396396398,1,1
820,838738.7387387387,26.416416416416418,1.820820820820821,49.249249249249246,Technology,New York,838.7387387387388,52.832832832832835,16.416416416416418,2,1
821,839639.6396396396,26.436436436436438,1.8218218218218218,49.309309309309306,Pharmaceuticals,California,839.6396396396397,52.872872872872875,16.436436436436438,0,1
822,840540.5405405405,26.456456456456458,1.8228228228228227,49.369369369369366,Retail,Texas,840.5405405405405,52.912912912912915,16.456456456456458,2,1
823,841441.4414414414,26.476476476476478,1.8238238238238238,49.429429429429426,Financial Services,Florida,841.4414414414415,52.952952952952955,16.476476476476478,1,1
824,842342.3423423424,26.496496496496498,1.8248248248248249,49.489489489489486,Technology,New York,842.3423423423424,52.992992992992995,16.496496496496498,1,1
825,843243.2432432432,26.516516516516518,1.825825825825826,49.549549549549546,Pharmaceuticals,California,843.2432432432432,53.033033033033036,16.516516516516518,0,1
826,844144.1441441441,26.536536536536538,1.8268268268268268,49.609609609609606,Retail,Texas,844.1441441441442,53.073073073073076,16.536536536536538,1,1
827,845045.045045045,26.556556556556558,1.8278278278278277,49.669669669669666,Financial Services,Florida,845.0450450450451,53.113113113113116,16.556556556556558,2,1
828,845945.9459459459,26.576576576576578,1.8288288288288288,49.729729729729726,Technology,New York,845.9459459459459,53.153153153153156,16.576576576576578,1,1
829,846846.8468468469,26.596596596596598,1.82982982982983,49.789789789789786,Pharmaceuticals,California,846.8468468468468,53.193193193193196,16.596596596596598,1,1
830,847747.7477477477,26.616616616616618,1.830830830830831,49.849849849849846,Retail,Texas,847.7477477477478,53.233233233233236,16.616616616616618,0,1
831,848648.6486486486,26.636636636636638,1.8318318318318318,49.909909909909906,Financial Services,Florida,848.6486486486486,53.273273273273276,16.636636636636638,0,1
832,849549.5495495495,26.656656656656658,1.8328328328328327,49.969969969969966,Technology,New York,849.5495495495495,53.313313313313316,16.656656656656658,2,1
833,850450.4504504504,26.676676676676678,1.8338338338338338,50.03003003003003,Pharmaceuticals,California,850.4504504504505,53.353353353353356,16.676676676676678,0,1
834,851351.3513513514,26.696696696696698,1.834834834834835,50.09009009009009,Retail,Texas,851.3513513513514,53.393393393393396,16.696696696696698,0,1
835,852252.2522522522,26.716716716716718,1.835835835835836,50.15015015015015,Financial Services,Florida,852.2522522522522,53.433433433433436,16.716716716716718,0,1
836,853153.1531531531,26.736736736736738,1.8368368368368369,50.21021021021021,Technology,New York,853.1531531531532,53.473473473473476,16.736736736736738,1,1
837,854054.054054054,26.756756756756758,1.8378378378378377,50.27027027027027,Pharmaceuticals,California,854.0540540540541,53.513513513513516,16.756756756756758,1,1
838,854954.9549549549,26.776776776776778,1.8388388388388388,50.33033033033033,Retail,Texas,854.9549549549549,53.553553553553556,16.776776776776778,0,1
839,855855.8558558559,26.796796796796798,1.83983983983984,50.39039039039039,Financial Services,Florida,855.8558558558559,53.593593593593596,16.796796796796798,2,1
840,856756.7567567567,26.816816816816818,1.840840840840841,50.45045045045045,Technology,New York,856.7567567567568,53.633633633633636,16.816816816816818,1,1
841,857657.6576576576,26.836836836836838,1.8418418418418419,50.51051051051051,Pharmaceuticals,California,857.6576576576576,53.673673673673676,16.836836836836838,1,1
842,858558.5585585586,26.856856856856858,1.8428428428428427,50.57057057057057,Retail,Texas,858.5585585585586,53.713713713713716,16.856856856856858,1,1
843,859459.4594594594,26.876876876876878,1.8438438438438438,50.63063063063063,Financial Services,Florida,859.4594594594595,53.753753753753756,16.876876876876878,2,1
844,860360.3603603604,26.896896896896898,1.844844844844845,50.69069069069069,Technology,New York,860.3603603603603,53.793793793793796,16.896896896896898,0,1
845,861261.2612612612,26.916916916916918,1.845845845845846,50.75075075075075,Pharmaceuticals,California,861.2612612612613,53.833833833833836,16.916916916916918,2,1
846,862162.1621621621,26.936936936936938,1.8468468468468469,50.81081081081081,Retail,Texas,862.1621621621622,53.873873873873876,16.936936936936938,1,1
847,863063.0630630631,26.956956956956958,1.8478478478478477,50.87087087087087,Financial Services,Florida,863.063063063063,53.913913913913916,16.956956956956958,2,1
848,863963.9639639639,26.976976976976978,1.8488488488488488,50.93093093093093,Technology,New York,863.9639639639639,53.953953953953956,16.976976976976978,1,1
849,864864.8648648649,26.996996996996998,1.84984984984985,50.99099099099099,Pharmaceuticals,California,864.8648648648649,53.993993993993996,16.996996996996998,2,1
850,865765.7657657657,27.017017017017018,1.850850850850851,51.05105105105105,Retail,Texas,865.7657657657658,54.034034034034036,17.017017017017018,2,1
851,866666.6666666666,27.037037037037038,1.8518518518518519,51.11111111111111,Financial Services,Florida,866.6666666666666,54.074074074074076,17.037037037037038,2,1
852,867567.5675675676,27.057057057057058,1.8528528528528527,51.17117117117117,Technology,New York,867.5675675675676,54.114114114114116,17.057057057057058,0,1
853,868468.4684684684,27.077077077077078,1.8538538538538538,51.23123123123123,Pharmaceuticals,California,868.4684684684685,54.154154154154156,17.077077077077078,1,1
854,869369.3693693693,27.097097097097098,1.854854854854855,51.291291291291294,Retail,Texas,869.3693693693693,54.194194194194196,17.097097097097098,2,1
855,870270.2702702703,27.117117117117118,1.855855855855856,51.351351351351354,Financial Services,Florida,870.2702702702703,54.234234234234236,17.117117117117118,2,1
856,871171.1711711711,27.137137137137138,1.8568568568568569,51.411411411411414,Technology,New York,871.1711711711712,54.274274274274276,17.137137137137138,0,1
857,872072.0720720721,27.157157157157158,1.8578578578578577,51.471471471471475,Pharmaceuticals,California,872.072072072072,54.314314314314316,17.157157157157158,1,1
858,872972.9729729729,27.177177177177178,1.8588588588588588,51.531531531531535,Retail,Texas,872.972972972973,54.354354354354356,17.177177177177178,2,1
859,873873.8738738738,27.197197197197198,1.85985985985986,51.591591591591595,Financial Services,Florida,873.8738738738739,54.394394394394396,17.197197197197198,1,1
860,874774.7747747748,27.217217217217218,1.860860860860861,51.651651651651655,Technology,New York,874.7747747747748,54.434434434434436,17.217217217217218,1,1
861,875675.6756756756,27.237237237237238,1.8618618618618619,51.711711711711715,Pharmaceuticals,California,875.6756756756757,54.474474474474476,17.237237237237238,1,1
862,876576.5765765766,27.25725725725726,1.8628628628628627,51.771771771771775,Retail,Texas,876.5765765765766,54.51451451451452,17.25725725725726,0,1
863,877477.4774774774,27.27727727727728,1.8638638638638638,51.831831831831835,Financial Services,Florida,877.4774774774775,54.55455455455456,17.27727727727728,2,1
864,878378.3783783783,27.2972972972973,1.864864864864865,51.891891891891895,Technology,New York,878.3783783783784,54.5945945945946,17.2972972972973,0,1
865,879279.2792792793,27.31731731731732,1.865865865865866,51.951951951951955,Pharmaceuticals,California,879.2792792792793,54.63463463463464,17.31731731731732,1,1
866,880180.1801801801,27.33733733733734,1.8668668668668669,52.012012012012015,Retail,Texas,880.1801801801802,54.67467467467468,17.33733733733734,2,1
867,881081.0810810811,27.35735735735736,1.8678678678678677,52.072072072072075,Financial Services,Florida,881.081081081081,54.71471471471472,17.35735735735736,0,1
868,881981.9819819819,27.37737737737738,1.8688688688688688,52.132132132132135,Technology,New York,881.981981981982,54.75475475475476,17.37737737737738,0,1
869,882882.8828828828,27.3973973973974,1.86986986986987,52.192192192192195,Pharmaceuticals,California,882.8828828828829,54.7947947947948,17.3973973973974,2,1
870,883783.7837837838,27.41741741741742,1.870870870870871,52.252252252252255,Retail,Texas,883.7837837837837,54.83483483483484,17.41741741741742,2,1
871,884684.6846846846,27.43743743743744,1.8718718718718719,52.312312312312315,Financial Services,Florida,884.6846846846847,54.87487487487488,17.43743743743744,1,1
872,885585.5855855856,27.45745745745746,1.8728728728728727,52.372372372372375,Technology,New York,885.5855855855856,54.91491491491492,17.45745745745746,1,1
873,886486.4864864865,27.47747747747748,1.8738738738738738,52.432432432432435,Pharmaceuticals,California,886.4864864864865,54.95495495495496,17.47747747747748,0,1
874,887387.3873873873,27.4974974974975,1.874874874874875,52.492492492492495,Retail,Texas,887.3873873873874,54.994994994995,17.4974974974975,2,1
875,888288.2882882883,27.51751751751752,1.875875875875876,52.552552552552555,Financial Services,Florida,888.2882882882883,55.03503503503504,17.51751751751752,0,1
876,889189.1891891891,27.53753753753754,1.8768768768768769,52.612612612612615,Technology,New York,889.1891891891892,55.07507507507508,17.53753753753754,0,1
877,890090.0900900901,27.55755755755756,1.8778778778778777,52.672672672672675,Pharmaceuticals,California,890.0900900900901,55.11511511511512,17.55755755755756,2,1
878,890990.990990991,27.57757757757758,1.8788788788788788,52.732732732732735,Retail,Texas,890.990990990991,55.15515515515516,17.57757757757758,0,1
879,891891.8918918918,27.5975975975976,1.87987987987988,52.792792792792795,Financial Services,Florida,891.8918918918919,55.1951951951952,17.5975975975976,0,1
880,892792.7927927928,27.61761761761762,1.880880880880881,52.852852852852855,Technology,New York,892.7927927927929,55.23523523523524,17.61761761761762,2,1
881,893693.6936936936,27.63763763763764,1.8818818818818819,52.912912912912915,Pharmaceuticals,California,893.6936936936937,55.27527527527528,17.63763763763764,1,1
882,894594.5945945946,27.65765765765766,1.8828828828828827,52.972972972972975,Retail,Texas,894.5945945945946,55.31531531531532,17.65765765765766,1,1
883,895495.4954954955,27.67767767767768,1.8838838838838838,53.033033033033036,Financial Services,Florida,895.4954954954956,55.35535535535536,17.67767767767768,0,1
884,896396.3963963963,27.6976976976977,1.884884884884885,53.093093093093096,Technology,New York,896.3963963963964,55.3953953953954,17.6976976976977,1,1
885,897297.2972972973,27.71771771771772,1.885885885885886,53.153153153153156,Pharmaceuticals,California,897.2972972972973,55.43543543543544,17.71771771771772,0,1
886,898198.1981981982,27.73773773773774,1.8868868868868869,53.213213213213216,Retail,Texas,898.1981981981982,55.47547547547548,17.73773773773774,1,1
887,899099.099099099,27.75775775775776,1.8878878878878878,53.273273273273276,Financial Services,Florida,899.0990990990991,55.51551551551552,17.75775775775776,1,1
888,900000.0,27.77777777777778,1.8888888888888888,53.333333333333336,Technology,New York,900.0,55.55555555555556,17.77777777777778,1,1
889,900900.9009009008,27.7977977977978,1.88988988988989,53.393393393393396,Pharmaceuticals,California,900.9009009009009,55.5955955955956,17.7977977977978,2,1
890,901801.8018018018,27.81781781781782,1.890890890890891,53.453453453453456,Retail,Texas,901.8018018018018,55.63563563563564,17.81781781781782,1,1
891,902702.7027027027,27.83783783783784,1.8918918918918919,53.513513513513516,Financial Services,Florida,902.7027027027027,55.67567567567568,17.83783783783784,1,1
892,903603.6036036036,27.85785785785786,1.8928928928928928,53.573573573573576,Technology,New York,903.6036036036036,55.71571571571572,17.85785785785786,2,1
893,904504.5045045045,27.87787787787788,1.8938938938938938,53.633633633633636,Pharmaceuticals,California,904.5045045045046,55.75575575575576,17.87787787787788,1,1
894,905405.4054054053,27.8978978978979,1.894894894894895,53.693693693693696,Retail,Texas,905.4054054054054,55.7957957957958,17.8978978978979,1,1
895,906306.3063063063,27.91791791791792,1.895895895895896,53.753753753753756,Financial Services,Florida,906.3063063063063,55.83583583583584,17.91791791791792,1,1
896,907207.2072072072,27.93793793793794,1.896896896896897,53.813813813813816,Technology,New York,907.2072072072073,55.87587587587588,17.93793793793794,1,1
897,908108.108108108,27.95795795795796,1.8978978978978978,53.873873873873876,Pharmaceuticals,California,908.1081081081081,55.91591591591592,17.95795795795796,1,1
898,909009.009009009,27.97797797797798,1.8988988988988988,53.933933933933936,Retail,Texas,909.009009009009,55.95595595595596,17.97797797797798,0,1
899,909909.9099099098,27.997997997998,1.8998998998999,53.993993993993996,Financial Services,Florida,909.90990990991,55.995995995996,17.997997997998,1,1
900,910810.8108108108,28.01801801801802,1.900900900900901,54.054054054054056,Technology,New York,910.8108108108108,56.03603603603604,18.01801801801802,2,1
901,911711.7117117117,28.03803803803804,1.901901901901902,54.114114114114116,Pharmaceuticals,California,911.7117117117117,56.07607607607608,18.03803803803804,0,1
902,912612.6126126125,28.05805805805806,1.9029029029029028,54.174174174174176,Retail,Texas,912.6126126126127,56.11611611611612,18.05805805805806,1,1
903,913513.5135135135,28.07807807807808,1.9039039039039038,54.234234234234236,Financial Services,Florida,913.5135135135135,56.15615615615616,18.07807807807808,0,1
904,914414.4144144144,28.0980980980981,1.904904904904905,54.294294294294296,Technology,New York,914.4144144144144,56.1961961961962,18.0980980980981,1,1
905,915315.3153153153,28.11811811811812,1.905905905905906,54.354354354354356,Pharmaceuticals,California,915.3153153153153,56.23623623623624,18.11811811811812,1,1
906,916216.2162162162,28.13813813813814,1.906906906906907,54.414414414414416,Retail,Texas,916.2162162162163,56.27627627627628,18.13813813813814,0,1
907,917117.117117117,28.15815815815816,1.9079079079079078,54.474474474474476,Financial Services,Florida,917.1171171171171,56.31631631631632,18.15815815815816,1,1
908,918018.018018018,28.17817817817818,1.9089089089089089,54.53453453453454,Technology,New York,918.018018018018,56.35635635635636,18.17817817817818,2,1
909,918918.9189189189,28.1981981981982,1.90990990990991,54.5945945945946,Pharmaceuticals,California,918.918918918919,56.3963963963964,18.1981981981982,0,1
910,919819.8198198198,28.21821821821822,1.910910910910911,54.65465465465466,Retail,Texas,919.8198198198198,56.43643643643644,18.21821821821822,0,1
911,920720.7207207207,28.23823823823824,1.911911911911912,54.71471471471472,Financial Services,Florida,920.7207207207207,56.47647647647648,18.23823823823824,1,1
912,921621.6216216215,28.25825825825826,1.9129129129129128,54.77477477477478,Technology,New York,921.6216216216217,56.51651651651652,18.25825825825826,0,1
913,922522.5225225225,28.27827827827828,1.9139139139139139,54.83483483483484,Pharmaceuticals,California,922.5225225225225,56.55655655655656,18.27827827827828,0,1
914,923423.4234234234,28.2982982982983,1.914914914914915,54.8948948948949,Retail,Texas,923.4234234234234,56.5965965965966,18.2982982982983,0,1
915,924324.3243243243,28.31831831831832,1.915915915915916,54.95495495495496,Financial Services,Florida,924.3243243243244,56.63663663663664,18.31831831831832,2,1
916,925225.2252252252,28.33833833833834,1.916916916916917,55.01501501501502,Technology,New York,925.2252252252252,56.67667667667668,18.33833833833834,0,1
917,926126.126126126,28.35835835835836,1.9179179179179178,55.07507507507508,Pharmaceuticals,California,926.1261261261261,56.71671671671672,18.35835835835836,1,1
918,927027.027027027,28.37837837837838,1.9189189189189189,55.13513513513514,Retail,Texas,927.0270270270271,56.75675675675676,18.37837837837838,0,1
919,927927.9279279279,28.3983983983984,1.91991991991992,55.1951951951952,Financial Services,Florida,927.927927927928,56.7967967967968,18.3983983983984,1,1
920,928828.8288288288,28.41841841841842,1.920920920920921,55.25525525525526,Technology,New York,928.8288288288288,56.83683683683684,18.41841841841842,1,1
921,929729.7297297297,28.43843843843844,1.921921921921922,55.31531531531532,Pharmaceuticals,California,929.7297297297298,56.87687687687688,18.43843843843844,2,1
922,930630.6306306307,28.45845845845846,1.9229229229229228,55.37537537537538,Retail,Texas,930.6306306306307,56.91691691691692,18.45845845845846,0,1
923,931531.5315315315,28.47847847847848,1.9239239239239239,55.43543543543544,Financial Services,Florida,931.5315315315315,56.95695695695696,18.47847847847848,2,1
924,932432.4324324324,28.4984984984985,1.924924924924925,55.4954954954955,Technology,New York,932.4324324324324,56.996996996997,18.4984984984985,2,1
925,933333.3333333333,28.51851851851852,1.925925925925926,55.55555555555556,Pharmaceuticals,California,933.3333333333334,57.03703703703704,18.51851851851852,2,1
926,934234.2342342342,28.53853853853854,1.926926926926927,55.61561561561562,Retail,Texas,934.2342342342342,57.07707707707708,18.53853853853854,0,1
927,935135.1351351351,28.55855855855856,1.9279279279279278,55.67567567567568,Financial Services,Florida,935.1351351351351,57.11711711711712,18.55855855855856,2,1
928,936036.036036036,28.57857857857858,1.9289289289289289,55.73573573573574,Technology,New York,936.0360360360361,57.15715715715716,18.57857857857858,2,1
929,936936.9369369369,28.5985985985986,1.92992992992993,55.7957957957958,Pharmaceuticals,California,936.936936936937,57.1971971971972,18.5985985985986,2,1
930,937837.8378378378,28.61861861861862,1.930930930930931,55.85585585585586,Retail,Texas,937.8378378378378,57.23723723723724,18.61861861861862,1,1
931,938738.7387387387,28.63863863863864,1.931931931931932,55.91591591591592,Financial Services,Florida,938.7387387387388,57.27727727727728,18.63863863863864,1,1
932,939639.6396396396,28.65865865865866,1.9329329329329328,55.97597597597598,Technology,New York,939.6396396396397,57.31731731731732,18.65865865865866,2,1
933,940540.5405405405,28.67867867867868,1.9339339339339339,56.03603603603604,Pharmaceuticals,California,940.5405405405405,57.35735735735736,18.67867867867868,0,1
934,941441.4414414414,28.6986986986987,1.934934934934935,56.0960960960961,Retail,Texas,941.4414414414415,57.3973973973974,18.6986986986987,0,1
935,942342.3423423424,28.71871871871872,1.935935935935936,56.15615615615616,Financial Services,Florida,942.3423423423424,57.43743743743744,18.71871871871872,0,1
936,943243.2432432432,28.73873873873874,1.936936936936937,56.21621621621622,Technology,New York,943.2432432432432,57.47747747747748,18.73873873873874,1,1
937,944144.1441441441,28.75875875875876,1.9379379379379378,56.27627627627628,Pharmaceuticals,California,944.1441441441442,57.51751751751752,18.75875875875876,0,1
938,945045.045045045,28.77877877877878,1.9389389389389389,56.33633633633634,Retail,Texas,945.0450450450451,57.55755755755756,18.77877877877878,1,1
939,945945.9459459459,28.7987987987988,1.93993993993994,56.3963963963964,Financial Services,Florida,945.9459459459459,57.5975975975976,18.7987987987988,2,1
940,946846.8468468469,28.81881881881882,1.940940940940941,56.45645645645646,Technology,New York,946.8468468468469,57.63763763763764,18.81881881881882,1,1
941,947747.7477477477,28.83883883883884,1.941941941941942,56.51651651651652,Pharmaceuticals,California,947.7477477477478,57.67767767767768,18.83883883883884,2,1
942,948648.6486486486,28.85885885885886,1.9429429429429428,56.57657657657658,Retail,Texas,948.6486486486486,57.71771771771772,18.85885885885886,2,1
943,949549.5495495495,28.87887887887888,1.9439439439439439,56.63663663663664,Financial Services,Florida,949.5495495495495,57.75775775775776,18.87887887887888,0,1
944,950450.4504504504,28.8988988988989,1.944944944944945,56.6966966966967,Technology,New York,950.4504504504505,57.7977977977978,18.8988988988989,2,1
945,951351.3513513514,28.91891891891892,1.945945945945946,56.75675675675676,Pharmaceuticals,California,951.3513513513514,57.83783783783784,18.91891891891892,1,1
946,952252.2522522522,28.93893893893894,1.946946946946947,56.81681681681682,Retail,Texas,952.2522522522522,57.87787787787788,18.93893893893894,1,1
947,953153.1531531531,28.95895895895896,1.9479479479479478,56.87687687687688,Financial Services,Florida,953.1531531531532,57.91791791791792,18.95895895895896,2,1
948,954054.054054054,28.97897897897898,1.9489489489489489,56.93693693693694,Technology,New York,954.0540540540541,57.95795795795796,18.97897897897898,1,1
949,954954.9549549549,28.998998998999,1.94994994994995,56.996996996997,Pharmaceuticals,California,954.9549549549549,57.997997997998,18.998998998999,0,1
950,955855.8558558559,29.01901901901902,1.950950950950951,57.05705705705706,Retail,Texas,955.8558558558559,58.03803803803804,19.01901901901902,1,1
951,956756.7567567567,29.03903903903904,1.951951951951952,57.11711711711712,Financial Services,Florida,956.7567567567568,58.07807807807808,19.03903903903904,1,1
952,957657.6576576576,29.05905905905906,1.9529529529529528,57.17717717717718,Technology,New York,957.6576576576576,58.11811811811812,19.05905905905906,1,1
953,958558.5585585586,29.07907907907908,1.9539539539539539,57.23723723723724,Pharmaceuticals,California,958.5585585585586,58.15815815815816,19.07907907907908,1,1
954,959459.4594594594,29.0990990990991,1.954954954954955,57.2972972972973,Retail,Texas,959.4594594594595,58.1981981981982,19.0990990990991,2,1
955,960360.3603603604,29.11911911911912,1.955955955955956,57.35735735735736,Financial Services,Florida,960.3603603603603,58.23823823823824,19.11911911911912,1,1
956,961261.2612612612,29.13913913913914,1.956956956956957,57.41741741741742,Technology,New York,961.2612612612613,58.27827827827828,19.13913913913914,1,1
957,962162.1621621621,29.15915915915916,1.9579579579579578,57.47747747747748,Pharmaceuticals,California,962.1621621621622,58.31831831831832,19.15915915915916,2,1
958,963063.0630630631,29.17917917917918,1.9589589589589589,57.53753753753754,Retail,Texas,963.063063063063,58.35835835835836,19.17917917917918,0,1
959,963963.9639639639,29.1991991991992,1.95995995995996,57.5975975975976,Financial Services,Florida,963.9639639639639,58.3983983983984,19.1991991991992,2,1
960,964864.8648648649,29.21921921921922,1.960960960960961,57.65765765765766,Technology,New York,964.8648648648649,58.43843843843844,19.21921921921922,0,1
961,965765.7657657657,29.23923923923924,1.961961961961962,57.71771771771772,Pharmaceuticals,California,965.7657657657658,58.47847847847848,19.23923923923924,0,1
962,966666.6666666666,29.25925925925926,1.9629629629629628,57.77777777777778,Retail,Texas,966.6666666666666,58.51851851851852,19.25925925925926,2,1
963,967567.5675675676,29.27927927927928,1.9639639639639639,57.83783783783784,Financial Services,Florida,967.5675675675676,58.55855855855856,19.27927927927928,2,1
964,968468.4684684684,29.2992992992993,1.964964964964965,57.8978978978979,Technology,New York,968.4684684684685,58.5985985985986,19.2992992992993,1,1
965,969369.3693693693,29.31931931931932,1.965965965965966,57.95795795795796,Pharmaceuticals,California,969.3693693693693,58.63863863863864,19.31931931931932,1,1
966,970270.2702702702,29.33933933933934,1.966966966966967,58.01801801801802,Retail,Texas,970.2702702702703,58.67867867867868,19.33933933933934,2,1
967,971171.1711711711,29.35935935935936,1.9679679679679678,58.07807807807808,Financial Services,Florida,971.1711711711712,58.71871871871872,19.35935935935936,0,1
968,972072.0720720721,29.37937937937938,1.968968968968969,58.13813813813814,Technology,New York,972.072072072072,58.75875875875876,19.37937937937938,2,1
969,972972.9729729729,29.3993993993994,1.96996996996997,58.1981981981982,Pharmaceuticals,California,972.972972972973,58.7987987987988,19.3993993993994,1,1
970,973873.8738738738,29.41941941941942,1.970970970970971,58.25825825825826,Retail,Texas,973.8738738738739,58.83883883883884,19.41941941941942,0,1
971,974774.7747747748,29.43943943943944,1.971971971971972,58.31831831831832,Financial Services,Florida,974.7747747747748,58.87887887887888,19.43943943943944,2,1
972,975675.6756756756,29.45945945945946,1.9729729729729728,58.37837837837838,Technology,New York,975.6756756756757,58.91891891891892,19.45945945945946,2,1
973,976576.5765765766,29.47947947947948,1.973973973973974,58.43843843843844,Pharmaceuticals,California,976.5765765765766,58.95895895895896,19.47947947947948,0,1
974,977477.4774774774,29.4994994994995,1.974974974974975,58.4984984984985,Retail,Texas,977.4774774774775,58.998998998999,19.4994994994995,2,1
975,978378.3783783783,29.51951951951952,1.975975975975976,58.55855855855856,Financial Services,Florida,978.3783783783784,59.03903903903904,19.51951951951952,2,1
976,979279.2792792793,29.53953953953954,1.976976976976977,58.61861861861862,Technology,New York,979.2792792792793,59.07907907907908,19.53953953953954,0,1
977,980180.1801801801,29.55955955955956,1.9779779779779778,58.67867867867868,Pharmaceuticals,California,980.1801801801802,59.11911911911912,19.55955955955956,1,1
978,981081.0810810811,29.57957957957958,1.978978978978979,58.73873873873874,Retail,Texas,981.081081081081,59.15915915915916,19.57957957957958,1,1
979,981981.9819819819,29.5995995995996,1.97997997997998,58.7987987987988,Financial Services,Florida,981.981981981982,59.1991991991992,19.5995995995996,2,1
980,982882.8828828828,29.61961961961962,1.980980980980981,58.85885885885886,Technology,New York,982.8828828828829,59.23923923923924,19.61961961961962,1,1
981,983783.7837837838,29.63963963963964,1.981981981981982,58.91891891891892,Pharmaceuticals,California,983.7837837837837,59.27927927927928,19.63963963963964,0,1
982,984684.6846846846,29.65965965965966,1.9829829829829828,58.97897897897898,Retail,Texas,984.6846846846847,59.31931931931932,19.65965965965966,2,1
983,985585.5855855856,29.67967967967968,1.983983983983984,59.03903903903904,Financial Services,Florida,985.5855855855856,59.35935935935936,19.67967967967968,1,1
984,986486.4864864865,29.6996996996997,1.984984984984985,59.0990990990991,Technology,New York,986.4864864864865,59.3993993993994,19.6996996996997,1,1
985,987387.3873873873,29.71971971971972,1.985985985985986,59.15915915915916,Pharmaceuticals,California,987.3873873873874,59.43943943943944,19.71971971971972,2,1
986,988288.2882882883,29.73973973973974,1.986986986986987,59.21921921921922,Retail,Texas,988.2882882882883,59.47947947947948,19.73973973973974,0,1
987,989189.1891891891,29.75975975975976,1.9879879879879878,59.27927927927928,Financial Services,Florida,989.1891891891892,59.51951951951952,19.75975975975976,2,1
988,990090.0900900901,29.77977977977978,1.988988988988989,59.33933933933934,Technology,New York,990.0900900900901,59.55955955955956,19.77977977977978,1,1
989,990990.990990991,29.7997997997998,1.98998998998999,59.3993993993994,Pharmaceuticals,California,990.990990990991,59.5995995995996,19.7997997997998,0,1
990,991891.8918918918,29.81981981981982,1.990990990990991,59.45945945945946,Retail,Texas,991.8918918918919,59.63963963963964,19.81981981981982,0,1
991,992792.7927927928,29.83983983983984,1.991991991991992,59.51951951951952,Financial Services,Florida,992.7927927927929,59.67967967967968,19.83983983983984,0,1
992,993693.6936936936,29.85985985985986,1.992992992992993,59.57957957957958,Technology,New York,993.6936936936937,59.71971971971972,19.85985985985986,1,1
993,994594.5945945946,29.87987987987988,1.993993993993994,59.63963963963964,Pharmaceuticals,California,994.5945945945946,59.75975975975976,19.87987987987988,1,1
994,995495.4954954955,29.8998998998999,1.994994994994995,59.6996996996997,Retail,Texas,995.4954954954956,59.7997997997998,19.8998998998999,0,1
995,996396.3963963963,29.91991991991992,1.995995995995996,59.75975975975976,Financial Services,Florida,996.3963963963964,59.83983983983984,19.91991991991992,2,1
996,997297.2972972973,29.93993993993994,1.996996996996997,59.81981981981982,Technology,New York,997.2972972972973,59.87987987987988,19.93993993993994,0,1
997,998198.1981981981,29.95995995995996,1.997997997997998,59.87987987987988,Pharmaceuticals,California,998.1981981981982,59.91991991991992,19.95995995995996,1,1
998,999099.099099099,29.97997997997998,1.998998998998999,59.93993993993994,Retail,Texas,999.0990990990991,59.95995995995996,19.97997997997998,2,1
999,1000000.0,30.0,2.0,60.0,Financial Services,Florida,1000.0,60.0,20.0,0,1
