,MolWeight,LogP,HBD,HBA,RotatableBonds,AlogP,MolarVolume,PolarSurfaceArea,NumAtoms,label
0,287.27005942368123,0.11079757303171789,3,7,5,0.21699919071127166,213.77335820809486,27.801065036571533,37,1
1,575.3571532049581,2.251405684270149,2,5,5,2.2681574455231535,341.9690909084278,68.90981918695485,38,1
2,465.99697090570254,4.23767501525845,3,0,1,4.375077149471762,337.9486468418141,140.32579119473533,20,1
3,399.3292420985183,3.393349318457367,5,3,0,3.2390680042503703,297.09142230441415,85.39568718241279,25,1
4,178.00932022121827,3.8393668871686986,1,6,1,3.6402346824306777,203.16607162783572,106.0745373550633,36,1
5,177.99726016810132,2.952700200264304,5,1,3,2.978751942449679,174.25455455927235,138.63791492688074,29,1
6,129.04180608409973,3.1536593871071146,1,8,1,3.181309001444503,166.05964396428146,133.59330975458448,10,1
7,533.0880728874677,4.0951739093919155,0,7,0,3.761223891566491,298.1740166607194,85.23664882026642,25,0
8,400.5575058716044,0.49800805315511565,4,7,6,0.43565044403491415,356.2588297857,76.89401934548826,28,1
9,454.03628889802275,1.9365497818588429,5,6,7,1.8356835504204974,364.5826079452312,64.16004040234633,30,1
10,110.29224714790122,0.32725665091761336,3,3,5,0.1880620268472977,265.90551858586247,113.47252761117585,31,1
11,584.9549260809972,4.926008047979882,0,1,3,4.8249038715189005,346.0678248266792,57.30828393130062,18,1
12,516.2213204002109,4.66435603811968,4,2,5,4.7239348182796155,386.72004908525594,52.485388836017016,18,0
13,206.16955533913807,-0.7634391317889646,3,5,2,-0.8651796339179354,218.79252812201702,66.31248629849142,18,1
14,190.9124836035503,3.233451035094131,2,4,7,3.135138821635947,249.4900865951893,43.037957394242966,36,1
15,191.7022549267169,4.5514899044939945,3,7,9,4.389609373608226,382.86974814917016,110.36557607294975,26,1
16,252.12112147976887,0.08345207076400118,1,5,1,0.2103430350155838,234.55774182932123,100.1112844129796,21,1
17,362.37821581611894,2.407671383315777,1,5,4,2.4511346198628403,378.46907258044905,82.77420943505967,34,1
18,315.9725093210579,4.492929785528251,2,0,0,4.243694165237961,395.2612155636165,70.74235130400211,22,1
19,245.61457009902097,-0.796324128485207,0,3,5,-0.8945481364075256,315.4526821436062,138.1781305765751,17,1
20,405.92644736118973,3.1845216034810395,4,4,1,3.2373733919205323,354.2225723760421,23.786092048583686,25,1
21,169.7469303260209,0.7840940442353046,3,2,3,0.9122332991335883,337.3863910552713,119.98400665594889,27,1
22,246.07232426760908,4.546377172259183,1,8,5,4.630461048195849,324.88356440388094,137.24824432735554,38,1
23,283.18092164684583,4.826349470992207,0,0,9,4.790781179966418,226.73276824530814,78.02609532589037,36,1
24,328.03499210851794,4.665598934680603,2,5,7,4.4724612486013,164.27358447698592,91.58976389118408,10,1
25,492.5879806965068,1.8452852999447824,5,5,7,1.9323101993359135,235.76293312991265,142.7802794246649,10,1
26,199.83689107917985,4.172255905935881,1,9,5,4.142566220803831,316.7339963009766,47.596076987116874,21,1
27,357.1172192068058,4.067296391210422,2,4,3,4.074182592671929,175.63229955695033,87.61753021200903,15,1
28,396.2072844310212,0.9146028394595338,3,4,7,0.8968607956386841,152.97949574456052,81.71374652666768,18,1
29,123.22520635999886,3.9734928449040643,4,9,7,3.8379398949464374,184.92309315073467,53.59104422314811,32,1
30,403.7724259507192,-0.7779541917070443,1,4,9,-0.7415291704847453,328.93398160269885,126.41711994850404,14,1
31,185.26206184364577,2.5776192708923182,1,5,0,2.600265174003663,393.198425414111,136.94807731922066,36,1
32,132.52579649263976,0.3800530237262183,3,7,3,0.3374741394347385,395.7661749037051,121.65123537246716,25,1
33,574.4427686266666,-0.27659868533632714,5,1,3,-0.22948810535007844,273.494787285047,45.39666491031909,27,0
34,582.8160165372797,-0.5382807902247451,0,5,6,-0.6756807449670756,367.33807524808685,31.277322615179603,26,1
35,504.19867405823055,3.177732655268839,4,0,6,3.150832377680528,334.206613937876,98.7077830896945,27,0
36,252.30688458668536,1.0392497826083966,1,3,7,1.0418625299019755,275.26005924615083,27.42231886628491,10,1
37,148.83605700319194,3.3486006291725685,4,9,4,3.1751078659590624,293.1901332387717,107.46736551255096,28,1
38,442.11651325607846,-0.6078619552063458,1,2,6,-0.6135716162899512,184.30678665421777,88.95514864254154,31,1
39,320.0762468698007,0.891742026983662,4,8,7,0.9651065416517915,384.41536515414805,106.16214525667627,38,1
40,161.0191174223894,2.2369477542520233,2,2,8,2.2066246618477363,237.9824426829442,96.72220057446673,17,1
41,347.5884550556351,3.744338989033781,1,5,2,3.7409274987823466,261.53731411429237,74.95133403853245,12,1
42,117.1942605576092,0.9125150175924195,4,0,2,0.9687494215158362,317.91505774947467,46.114033418229674,35,1
43,554.660201039391,2.7553482586220546,0,5,3,2.7165682477354274,233.47561788163847,59.74127765536351,34,1
44,229.38999080000846,4.315866489417123,2,3,4,4.286086749462694,213.56479024723262,88.18507464846694,35,1
45,431.261142176991,2.6951791290938276,2,7,9,2.5775087776405807,307.76234831755517,104.74285217418877,14,1
46,255.85553804470547,0.3977568485218026,0,8,0,0.39626317078972606,156.24602057046235,121.3327921949887,32,1
47,360.0340105889054,-0.8535953106607719,4,3,6,-0.8870801590212499,330.1812780066697,119.7321933983779,17,1
48,373.35513967163985,4.220593243405579,3,9,8,4.2705022229109115,278.5058424691274,146.4495366239411,28,1
49,192.42722776276352,-0.8723835348976772,0,9,7,-0.8160375394793533,301.4384326302336,57.159388326243224,27,1
50,584.7923138822794,4.248210036105196,4,5,4,4.327330940006485,307.9700398117213,29.244392067746784,27,0
51,487.5664116805573,2.173622804163272,0,0,3,2.122796769073759,281.7625391231409,64.93540162044171,30,1
52,569.7494707820945,4.634406191077377,0,3,6,4.416748082514966,295.633444360184,116.62828177912996,10,0
53,547.4136752138245,3.7926994146419926,1,6,4,3.86686338928847,320.94705022246865,76.95451463432838,24,1
54,398.94998940554257,4.987604663200025,4,0,6,5.030716759609766,338.2797117949185,126.31249597662452,27,1
55,560.9371175115584,1.104270892710261,3,7,0,1.040741732241652,331.8630978215301,91.41242747418194,38,0
56,144.24625102595974,3.603129733586761,1,9,0,3.6586237535434947,367.4041144330654,140.87292394196538,34,1
57,197.9914312095726,1.411585481655453,0,5,9,1.2667265014038287,197.3608582918507,143.22224745987893,16,1
58,122.61364445526903,1.8792537218234528,5,4,2,1.9822777431104803,250.28699237294938,29.009585782437334,25,1
59,262.66516538163216,2.7650327793102205,0,9,1,2.7316703241308153,386.9490165036143,79.33374716261517,25,1
60,294.338644844741,4.242062685118032,0,8,1,4.159169923817543,249.14764359658244,99.25957796244384,24,1
61,235.67451588694794,4.904500815195771,4,1,6,4.842330659571882,181.21751922648068,53.26343030558766,15,1
62,514.3687545759647,3.6096404831871087,4,4,9,3.5864919845870875,281.3612815905449,72.91998131926744,18,0
63,278.37666334679466,1.5066006930040023,1,5,1,1.505399485674056,177.37274313861553,108.09860034530078,16,1
64,240.46725484369037,1.5281420136624213,3,6,3,1.532970041702362,200.7133096819663,49.475449496786986,23,1
65,371.34804157912424,3.425493809533349,1,4,1,3.3825330651375367,399.5796891427392,98.25757588667882,20,1
66,170.46211248738132,0.432662874609814,2,8,5,0.45268683195596193,285.34065959903296,110.66821766135979,30,1
67,501.09849037701986,-0.33715532121163205,0,0,7,-0.3363273937782887,221.01459726010725,31.76452044246268,25,1
68,137.2753218398854,1.1277329458446594,5,6,9,1.0629756462872195,398.69373864347654,84.67881108356886,34,1
69,593.4434683002587,0.7234339499244904,0,9,3,0.643614887482364,391.6397296387858,54.2004038901448,15,0
70,486.1223846483287,0.7778487227359405,0,6,4,0.8386852770254243,260.1847602710659,114.17022627974579,31,1
71,199.3578407670862,0.40164650629945964,1,3,3,0.45407910989925016,215.1007771969771,44.64221610980226,36,1
72,102.7610585618012,-0.7474408621818287,5,8,2,-0.7417272266657023,359.5999095230475,135.99092901995382,25,1
73,507.7307142274171,-0.8927563915995171,5,4,4,-0.8003368450004971,328.9051792429465,76.02237374738249,29,0
74,453.42867192380857,4.926334338416189,5,3,8,4.730201572799426,321.7353587508776,45.740393939981956,38,1
75,464.50358402049363,1.566638802415174,1,6,7,1.5101993382645038,373.27843533061815,76.94283352554282,25,1
76,485.63517334297285,1.3059598829580903,0,3,7,1.190328171724626,322.3542834678311,73.13668916510862,21,1
77,137.0223258670452,3.077883696158419,1,2,7,3.3035109226722037,220.9494857603873,75.75946473418233,26,1
78,279.23286427213634,0.309523327190385,4,8,7,0.38084530922998366,323.46579046893305,96.1229681546681,14,1
79,157.93452976256486,4.699767103701352,4,7,6,4.691860905335524,226.453377820916,87.75258423875988,36,1
80,531.5517129377968,3.718070086493312,1,0,7,3.7965691443779277,339.80974491424877,39.47102711851735,34,1
81,411.64906341377895,-0.4635339861264429,5,6,7,-0.3519064197509314,304.93696362289154,28.525279444062722,22,1
82,265.4490124263246,1.5054846547095702,0,8,7,1.6160478238619773,169.35288799618763,114.82400833445027,17,1
83,131.77917514301183,4.274709845372988,1,7,9,4.3668801938830235,278.2088406087855,92.76326667068075,33,1
84,255.4911608578311,4.668392133748462,1,7,6,4.642138101420255,235.82524229893522,66.67009985030428,14,1
85,262.5916610133735,1.8044090674992184,1,5,0,1.7542725255508231,232.14265818307356,125.0865169247496,21,1
86,464.80308916903203,2.680468335264246,2,3,3,2.5842494172661774,300.5640755943143,70.44760165392441,18,1
87,418.77873567760656,0.00220367655245135,4,7,3,0.05244840322535208,230.58120611735623,123.47546164807898,12,1
88,543.6063712881632,4.947011756821859,5,2,4,4.931118183288981,344.2234370512182,59.74829657660871,12,0
89,336.10746258097464,0.3900302083006604,3,8,9,0.3481831052489408,167.69785900279362,29.469888680875968,10,1
90,159.79712296915085,4.656390644810754,5,1,5,4.6093245086379735,315.09706309895637,141.24316019399078,34,1
91,456.6223936114975,2.8978798939542108,3,1,3,3.0428991570176795,352.2987009141853,71.29164680657851,31,1
92,480.39252430844874,2.6464207692731545,2,6,1,2.7416888105573216,318.2079224801075,123.05003447041912,27,1
93,380.6385987847481,2.0761310660990517,1,9,5,2.2591704517118685,274.30729875499895,56.28873731889958,33,1
94,485.4835899772805,0.38401887030655213,2,3,7,0.436920500295763,387.5767534340453,104.02746457607527,21,1
95,346.8977981821954,0.05916819203304957,2,9,7,0.06486363605853938,224.98462244951588,133.53041352350468,18,1
96,361.36641469099703,0.3229172544210521,0,7,6,0.32037700934655966,154.79197188124445,25.413722904197442,18,1
97,313.7705091792748,0.11862957286552711,4,8,5,0.016599418139379818,257.9973428658602,127.9826494091916,27,1
98,112.7095633720476,3.67750684140052,3,6,1,3.55136494222538,158.2529839750818,94.27329064635072,27,1
99,153.94571349665222,1.1007515550003806,1,4,6,1.151485657189668,388.4841881316022,98.971328008114,38,1
100,115.71459284336713,-0.6529439406196218,3,7,4,-0.7464118116679472,202.4795114370129,88.01054010477775,16,1
101,418.2052056318902,4.814615780844868,5,3,5,4.835761556231591,347.23175598721986,133.68176342687352,36,1
102,257.17799053816333,4.302715309780554,3,1,9,4.414261978090075,343.64302079359123,25.64633644063287,13,1
103,354.2853455823514,4.566513699171278,5,5,7,4.4999683058681885,204.43222492073338,53.933690899660256,22,1
104,553.7832369630465,4.9694469358786115,4,8,7,5.170495099337769,305.3066326200418,133.8491300516902,26,0
105,224.6461145744375,0.04337149531692375,5,0,2,-0.0556980167774862,162.01974212161255,117.80494132915427,33,1
106,305.1914615178149,1.3774521134159525,3,9,6,1.4764715890649371,270.89364642596684,22.29387082321876,11,1
107,477.7755692715243,3.549430854224548,3,6,0,3.5919064723377843,153.66178181812168,87.21081681726213,23,1
108,214.39908274581123,3.176123708322754,5,9,0,3.295533233317369,380.28597004521043,88.84444849264773,12,1
109,138.4899549143965,-0.07662456196086964,2,8,6,-0.1882443230968386,394.02150604989293,72.11467756662836,14,1
110,244.87572645688402,3.8949987499437064,4,9,9,4.125700841639068,205.57069165964631,58.66113316805866,23,1
111,180.61064362700222,0.346643431019964,0,8,8,0.3287659226416734,202.0265086490932,108.62423055360448,12,1
112,564.8488261712865,0.3429056889357385,1,9,6,0.4105704828656666,338.4300441405324,47.012760411618,32,0
113,504.06018978220845,2.2218465373604817,3,2,9,2.3662952862551316,213.34484970733362,123.86331306932179,16,0
114,416.70187825521174,2.557639609050219,1,4,4,2.4971734023006977,373.7691397904613,124.39483089977134,39,1
115,535.7302950938588,2.4805172470268673,0,7,7,2.563089883321585,293.4822840307455,73.98398688446667,27,0
116,501.83603844955724,-0.45107897561347077,1,7,1,-0.5282259401356201,237.69440575257804,56.861241418254195,22,0
117,193.28502944301792,4.264765175782282,0,3,8,4.404461333828066,358.173436587355,56.904163606792714,38,1
118,546.2794992449889,0.5936002555322364,5,0,5,0.517582182409363,273.3516751033488,82.69787211950731,32,0
119,369.67112095782534,-0.22291047230317496,2,0,8,-0.21905977405359905,377.9082284271189,113.54529921741664,36,1
120,503.72007758203125,4.332488479213863,3,3,1,4.3631005493150585,382.00355918234527,66.65292982920164,31,1
121,548.0456499617467,4.73390898937852,0,5,2,4.812338966350781,191.35503803210233,99.3056349095077,19,0
122,259.0017374859319,4.172765703592704,1,7,7,4.369613334435359,150.58085153298256,69.72297987573727,34,1
123,155.02596226383838,3.8570964483492682,3,5,0,3.811899549387819,395.98273503560057,59.58801458967983,22,1
124,213.96758127097084,2.9314518838341304,2,8,9,3.045325361261491,376.5343840318699,23.231737069053242,25,1
125,313.5538943131281,2.305144223654836,5,8,6,2.5021700685182497,163.86130892596034,20.508833745600782,18,1
126,509.00738296124655,-0.47807944053153917,3,1,6,-0.4615061044450474,358.2585659852675,49.53699811816058,11,1
127,530.3652916281717,1.4507192784241925,0,9,0,1.3957060034121633,264.4512331398017,72.8328172841294,32,0
128,103.47606526559535,1.2361311020738839,2,0,8,1.0631277281303548,214.7404012562438,130.66395175706782,14,1
129,355.37365128878287,0.5585227025619572,1,1,7,0.7468502793030635,369.68663091923247,123.80295158095531,38,1
130,308.7055015743895,3.34052068213151,2,4,3,3.3160762491390736,199.16680809757682,54.73148413643869,31,1
131,211.0539052353651,1.9752544104726248,2,3,9,1.8751185605495697,386.8249998550167,51.79025758795891,26,1
132,159.9326836668414,-0.5137227045541124,4,3,4,-0.6495557129750886,201.40537192483526,49.55186923910357,32,1
133,268.807585701814,0.321099211698868,2,8,1,0.22077779265986386,303.4207969321859,64.10085426875271,31,1
134,571.4548519562595,3.0995525819575755,2,7,8,3.191523111280292,205.77158363224373,84.7658335430191,13,0
135,261.60146601037764,-0.5432148430581989,3,5,5,-0.4374279902907251,286.4171662421587,77.02681036410482,26,1
136,359.395310871683,4.107241484292612,1,0,2,4.172453671438166,320.9937824787853,48.37551584159419,18,1
137,451.50947944758894,1.970879162083846,3,1,6,1.9841129448191823,197.5569827050344,36.958683292670344,29,1
138,281.814801189647,1.883519463959888,3,5,8,1.7589674050097543,280.2214456751698,21.6351156232054,11,1
139,585.8910413604804,2.554446707957106,0,1,2,2.4814526133669013,267.26493609752976,40.015221026645506,33,1
140,581.2236474710556,3.9480857955508952,3,9,1,3.8374238544827675,167.7593553508353,111.69632812523537,27,0
141,225.89114791268207,1.0868552474131583,4,4,6,1.1441373479657848,354.5769544188257,51.67301401492578,30,1
142,348.6242529461927,3.0680969153543813,4,4,6,2.961765667468211,233.92060016071042,80.91823531579627,36,1
143,250.43915490838484,2.394391783974746,0,5,3,2.322967172869387,293.6455493879699,96.86914936002181,31,1
144,242.4202471887338,0.6021696210165279,5,5,8,0.5838208967166773,278.6960587332836,135.28931736810893,20,1
145,118.4434736772664,4.271779918130948,1,5,7,4.104799902821313,278.31512614261055,135.55116279114452,22,1
146,404.78216698994845,3.784556129641569,1,1,0,3.7892332727256535,176.80559855212186,116.94538537857667,17,1
147,351.33951161443076,2.950711007950553,3,9,0,2.9399957198469995,255.8705023123332,24.570408966305184,36,1
148,125.73937562499468,4.103490374565451,3,2,4,4.22191128916162,263.0916898016426,94.75915448110393,10,1
149,239.32323211830573,4.203765205758814,5,5,5,4.121778651255439,333.41071009111215,122.25585120809585,26,1
150,554.1329429833269,3.2501778602902087,3,7,2,3.120258308458975,360.00470798017466,22.247445819237218,21,0
151,219.78094533348622,4.022079970182032,1,0,8,3.984674005222904,286.2455695250045,91.45899977535518,13,1
152,172.44743604561154,3.1848287700157023,2,0,9,3.075019640672101,171.69573851624762,131.50933895218384,30,1
153,344.7263801387815,3.0808446305618027,4,1,5,3.0847600897431153,209.21236764913658,81.6332698594947,22,1
154,592.8252270553003,2.711668269291106,2,5,3,2.525674783108445,191.23350671318275,20.5338063766683,38,1
155,221.02763575575023,3.516299837345848,2,8,6,3.45576529700812,181.15376579728118,21.431736583628968,18,1
156,436.0677737029393,-0.0483693682415578,1,3,7,-0.1412065352237798,241.47482465445188,74.16268486378758,36,1
157,480.8098076643588,4.285224555193571,2,2,8,4.342000262902178,207.34837553859552,40.151126764178095,39,1
158,218.8187719961998,4.231061166471392,5,7,5,4.150004695508855,204.57577795287807,106.37858542212375,16,1
159,464.10817430592977,-0.8245163017926451,0,9,5,-0.998125877652495,163.67329364406692,112.14390443780002,32,1
160,283.8915663596266,3.9549005033885756,3,8,7,3.934718493695121,154.41751119885848,43.12437340988171,33,1
161,416.15291529678973,-0.2267807951593288,0,4,4,-0.1947921811318779,175.69206066244544,135.50932750818305,14,1
162,416.76485538044733,1.0107131255548514,4,8,2,0.9835926062287788,193.04936985590825,77.44801984726035,14,1
163,367.88734203737926,3.4610495377496466,3,1,2,3.3999172598277356,257.7459322120508,38.56996798695008,26,1
164,145.14488502720417,-0.035440623710150776,2,2,5,-0.10259683376857705,277.63006532471115,119.3527077490214,39,1
165,517.6512477946189,3.907802144714373,4,6,1,3.9190969479585767,185.1479795433414,122.69668500218047,18,0
166,260.3900324858679,3.9928050677464517,3,6,5,3.903860192822497,256.19583538104655,103.10841144650948,15,1
167,193.2592551999271,2.0448064025650172,5,5,5,2.0119581054239637,235.43721058148182,130.95052191633192,34,1
168,120.38757077738197,-0.9616847696989985,5,5,7,-0.8866401126102612,195.855910874489,115.85848636398727,28,1
169,395.4464715941209,0.7222287990494767,5,1,6,0.5920964911589122,151.7101870370909,134.68674583950877,25,1
170,438.7821809211412,2.7015615102544532,5,9,7,2.6971948082804262,266.75446663043545,76.40544630311233,30,1
171,108.29391446392808,4.887117068164541,2,5,8,4.70821812688484,321.4129373162998,117.18762665292752,11,1
172,356.0465291496405,2.7908811621000105,0,3,5,2.8136741291010057,206.56933353595176,149.96770324577577,19,1
173,213.247887598969,0.5588214863849588,3,2,2,0.4609405653050527,182.95170747416984,114.24105567755049,25,1
174,422.5863952047249,2.804034218597668,2,1,9,2.9059933999007477,371.7606861117405,34.843891430827185,14,1
175,187.18321450249573,2.239912278295133,5,0,2,2.0922175473305984,218.75619312194942,87.38143391579379,24,1
176,445.46886905123296,3.6790723709068613,0,4,0,3.723280274586962,205.9031549481662,96.35521286159363,22,1
177,293.36767315026873,-0.35811616703824956,4,1,4,-0.23600305918560022,364.27423490247895,42.64738775928083,22,1
178,568.3649943683672,3.566167415012168,4,1,3,3.463098474870121,354.2767747916903,145.17591244314488,22,0
179,168.7604720729966,2.2475994720566614,4,6,8,2.1614109791571674,262.0866176311584,42.82537109250012,24,1
180,270.53317552512925,4.777952023153968,5,7,8,4.683532458716308,272.3097153569436,43.08252956271896,23,1
181,156.73676062029455,1.0512329962321165,4,9,4,1.0026467273916861,204.4371762085055,138.97172793669216,17,1
182,562.3468091392814,2.795731358803689,1,7,9,2.8474735387226353,169.57541761988938,80.47670630581723,20,0
183,538.6696766904905,4.592168633060105,3,3,3,4.535418139671393,293.3579563389153,28.214476305687107,27,1
184,228.9708138575778,-0.38494163205592447,3,0,6,-0.4970374545765602,174.5862303975533,97.76437499200871,33,1
185,429.99202301708954,4.623370923418706,5,6,5,4.421495552760377,262.31863673916246,98.23742532229622,13,1
186,508.6111001006079,3.12731433380488,1,0,3,3.2875090844561194,385.1242996282527,28.385098629253033,35,1
187,377.60040579973116,-0.5929776453689686,2,3,9,-0.4249280823275038,388.2085972926461,146.42792443237607,19,1
188,364.82528917800323,0.8057814016808975,2,7,1,0.8618051056297432,209.83307163683966,90.72389548829483,10,1
189,220.92614545022585,3.2490325318716895,4,1,0,3.167994162429191,306.0283550114136,92.77344388336935,38,1
190,146.5513839029496,-0.5958963911873698,0,5,3,-0.5211261796742052,268.5190660269644,87.61500388531128,14,1
191,548.6078789766634,2.49302276105764,2,5,3,2.5878934528069464,368.92128189652647,99.3951313538006,22,0
192,550.2090285816653,1.0752983417177404,0,8,0,1.049873528576467,217.8577160690133,54.358967860588145,10,0
193,416.55072863663395,2.725493106604863,3,4,5,2.729629961004752,150.9256017081042,57.341375236729306,32,1
194,269.5148955243503,-0.7255477971249229,0,9,3,-0.6023709741759736,190.64030148285377,86.47408167349725,17,1
195,274.6047873063304,4.229220836914258,3,3,0,4.065174701208617,237.3807002923495,124.86916111926534,12,1
196,462.9778394351197,4.840933815064382,1,4,0,4.9407760973766,228.93028244262217,26.482394944243254,12,1
197,548.5551299762885,4.813267131714149,1,9,0,4.782351750578497,347.8407297807215,98.44254758863198,16,0
198,543.5432121325587,3.497910990457548,5,4,7,3.386653160256443,320.14016653470946,124.88115852582082,13,0
199,489.9377729288119,-0.21948255921620818,5,7,9,-0.3225132065456421,224.8890799037243,40.39924536483953,12,1
200,421.01582307714386,3.5495791755741353,4,9,7,3.4631069621222266,264.43595429155334,21.95293045747362,24,1
201,142.06998249752442,-0.8524785012471909,2,7,1,-0.9734855732573112,173.8897759895838,60.652728368389546,17,1
202,180.81435704730688,-0.8672586908260165,4,1,6,-0.6901197933871148,374.5366112050252,96.45868187484776,12,1
203,549.2770942635395,0.9416613148972475,3,6,7,0.9907816087473476,383.8562061121336,37.9768125426172,38,1
204,403.21452982979497,1.9318591424279945,4,7,7,2.038307417788851,394.95088384523456,75.39590822642312,39,1
205,104.59852580831482,3.622444506846759,0,5,9,3.678681336008427,367.1382076964594,91.80179465865614,16,1
206,150.73577143301605,3.099772259639031,3,4,6,3.1058950204860483,193.49022192405639,97.85480231845123,27,1
207,431.7508845540279,1.6754162382604898,5,8,4,1.682891770597053,161.5491208004072,55.67352373004877,20,1
208,102.53079192310935,0.6417599976899953,1,2,0,0.602008733799009,294.8991818531685,72.00385267821788,20,1
209,180.40402570874932,4.982747000946267,5,9,8,4.95116876330225,378.1512567207776,121.18409977878264,26,1
210,374.3668946832931,1.557087813415838,2,3,6,1.4162774760345487,194.33784041493573,142.35791023568913,37,1
211,445.94759884634664,1.7083221459780527,3,8,1,1.816504761082079,151.76072865603547,132.04444304537344,15,1
212,425.9806297513003,-0.0182570728499849,3,5,5,-0.19958040145028944,351.3740115080611,93.35685522534615,17,1
213,212.1346547302799,3.7688572924995762,0,7,1,3.6629962334466564,169.19892107168351,73.33806438271304,10,1
214,456.08961067376794,3.162093354688932,2,6,0,3.363296767784993,253.42650797750758,63.28435986828437,38,1
215,218.62454374840001,0.32461767673256237,1,1,6,0.33823496503904504,319.72183429719627,36.244353590922344,19,1
216,262.69984907963385,-0.5057137263049438,3,2,1,-0.48794268180192396,209.19939636404501,33.85166213809469,37,1
217,473.24570255901205,3.082995812448279,3,0,1,3.1467296672250518,170.99064086168167,109.4864912387755,34,1
218,424.81644952360733,2.927067285686811,0,8,4,2.7730335363746716,342.5053071139572,53.77327410225085,28,1
219,524.611705247089,0.6395571619892559,4,6,4,0.5001778253422536,307.5437712217604,53.10601923621808,12,0
220,428.80644615017167,4.705181373502462,1,0,6,4.660691938847577,397.1226211217012,149.76535708211213,13,1
221,384.1543016677358,-0.0936526493145986,5,2,0,-0.18398874506936763,236.07700832998984,44.4303745235934,20,1
222,146.83738391404623,1.5940088062556113,2,3,7,1.5865132097546712,165.44059657254994,39.24776873354786,24,1
223,283.85790152971674,4.661695521005593,3,3,2,4.710250450535807,333.5875088338239,32.829079608789684,10,1
224,232.60118384086272,1.518363901556734,3,4,3,1.6572802063437937,280.4333547133114,95.3746948716835,18,1
225,221.9948216895418,2.8311556859845135,5,2,8,2.9122645199634727,203.30098284728376,101.62229738027318,20,1
226,586.5052773762228,1.3855663877767657,1,2,3,1.2861387166078702,345.4322472511899,67.47963041339466,28,1
227,296.5488623333802,0.6452912140920202,4,0,9,0.6077948062972409,200.93887146248593,89.60373361649081,22,1
228,546.0232775885567,4.903865887758969,3,6,4,4.839171370634007,215.16541370823415,122.49193902283864,35,0
229,415.56931299863146,1.4560040378902581,1,9,6,1.3543479499890232,173.1321385916798,126.35354188182728,25,1
230,497.4056517708242,4.364595222074806,5,0,3,4.240177710807023,249.85806975771362,144.5285698430343,13,1
231,351.31854655259605,0.3797276353465171,0,1,0,0.5461588741189711,254.73230598435475,127.15483816997369,10,1
232,388.45194231317953,0.2786282241504998,4,3,8,0.2796924484737648,278.6404475870746,93.42938677326546,29,1
233,346.25884690943195,-0.8131955026929318,2,3,3,-0.8356185233534066,327.2410667809444,43.35540555878998,22,1
234,197.62149389902225,2.9100009522553103,3,4,8,2.9584267089147405,376.52523217010645,32.96926250136951,10,1
235,461.2260576307527,1.2111580623425668,1,1,5,1.264532672716724,184.43352472195215,27.086545688411697,14,1
236,240.3861812204279,4.186149499037822,0,3,0,4.298032064408464,163.58702458716425,106.64835813209989,14,1
237,112.15798321572692,1.839259440149343,2,0,2,1.7648932788126663,154.63280839858334,124.9797132017391,23,1
238,422.7361479535839,4.80916056748833,1,1,1,4.849432789175612,185.90534451720407,86.12891358893027,36,1
239,188.55533970352445,0.11315309421872688,1,0,8,0.022035696583644,314.4873714454065,27.11284272837319,32,1
240,570.2292921764572,4.211739007733665,2,9,0,4.192723213359792,331.86926949912413,89.61117469687396,23,0
241,576.9642885012937,3.6595811167504504,0,9,8,3.665255373466656,346.62642838203055,141.64740399819155,17,0
242,557.4321951102243,3.625531067864312,5,3,8,3.640979467436218,210.92705297608566,97.68971482121987,13,0
243,285.0793501277222,4.068699368701326,0,3,7,4.079731479286045,226.47370331537996,125.22557350016594,16,1
244,107.72830826443371,3.566143945657993,4,6,7,3.646327043912485,270.78366139137484,124.01984429092758,29,1
245,564.1592812938627,2.7573219297884926,3,9,0,2.6976230906909153,165.7957742150566,141.17678297148487,28,0
246,314.09207415865717,-0.21253073390567456,2,8,7,-0.1943633066153274,302.7853808028116,120.12973953448353,24,1
247,583.3274095218349,-0.8048429230524885,5,8,9,-0.8807334070045285,395.9337584189394,117.20106682170164,31,0
248,581.8099885446264,4.525087086894121,2,4,2,4.8171623434827096,240.20157784450066,50.43334644618328,13,1
249,526.50472773368,2.6999018871244282,2,9,6,2.6086154553480654,338.21186877284595,27.79027019174059,39,0
250,247.22444603479283,3.779223745857058,0,0,0,3.7091584804226025,275.00847889240197,87.287930456995,28,1
251,292.54886430096263,1.8891341090753002,3,0,0,1.9773989167766122,181.9529610900957,36.176447033078176,18,1
252,525.5683357584285,-0.29615086622563314,4,5,9,-0.339097380575749,295.55936220064655,145.08546391613885,30,0
253,258.46100257813885,-0.24888524678469737,1,1,4,-0.16058063401459444,224.96856711101623,57.690219142293714,22,1
254,184.74637334304623,3.1133917233738284,1,7,4,3.128693982746417,158.60080211336455,130.8827464399581,23,1
255,378.4006312291751,1.5818353693967762,2,8,7,1.5415164427413972,308.732432529436,70.39120127631972,32,1
256,568.0773870803905,0.20314836020202032,3,3,6,0.12787282528954258,364.7330873311819,62.015252481459065,37,1
257,448.0148983374865,1.9495672804486213,5,4,7,1.870683624284934,236.19244172496855,141.57061440896075,23,1
258,385.0305850446825,-0.6147463775491955,0,7,5,-0.6539784778004697,247.57388680319264,67.23193437120912,31,1
259,148.58824688538425,2.4918284114863924,3,2,5,2.4743887796519126,372.7554207418029,70.73742812620773,19,1
260,407.5036133495849,0.613960426610586,3,4,1,0.5307723022681986,353.40220334183897,33.791931349678194,25,1
261,595.0269250521317,3.785354603823129,0,2,5,3.7744313608044746,328.7382058879443,107.15806648672621,14,0
262,170.042007618262,0.8621717535414426,2,9,4,0.7527602242746418,212.19926593828697,57.549123882076756,32,1
263,359.16482618186836,1.731320894490807,3,2,2,1.8069110161504423,377.5541637416611,96.12854181913593,36,1
264,538.6865359639778,-0.9302767605513962,1,2,5,-0.8355405206053997,188.60393938480325,96.87572152691723,15,0
265,470.3843088771022,-0.5653186732326467,0,6,7,-0.6357511922534999,306.69262985430544,113.49596042744972,35,1
266,448.507870497634,1.3549613384401091,5,6,8,1.278944032928587,157.20029513662968,116.88139320241736,11,1
267,451.2420419935546,1.8796330083027408,4,6,0,1.897424689003728,310.9299515812364,86.87881647220013,22,1
268,279.7455756098776,2.6001232887158223,2,9,2,2.726659898018979,219.28608796833996,63.028953188442394,38,1
269,246.7959221322467,0.7499754722558194,0,7,2,0.8986418386811368,262.41924429593,128.8686163285154,22,1
270,504.6805777392568,3.169891316759255,4,4,7,3.0296170444356285,236.3161380142633,60.282534423103016,28,0
271,505.05669733959036,4.160734383135227,4,4,0,4.261364866100379,193.18918906155247,85.9761822810131,27,0
272,533.5361592900518,3.6791059333600984,5,3,4,3.6729505995665788,305.4951975234685,72.16283581648464,37,0
273,556.6202762782357,-0.7622870479098571,3,6,2,-0.7665060179559107,370.49388878515185,131.16019017605947,28,0
274,355.6711994304689,1.8830416835469737,5,9,1,1.9335129201120298,389.77106057060087,76.14940904895775,10,1
275,350.75814734359983,-0.3704189294909508,3,3,7,-0.41851467653256225,198.08659078847876,70.19289454887296,17,1
276,499.1475894833876,0.4522700951751648,3,1,2,0.5619401583859953,329.34319351574334,109.67708007669287,31,1
277,424.9819653888826,4.919975559602879,0,3,6,5.06237178677986,316.08484165142056,98.31734428198756,25,1
278,450.9834386288517,-0.14502674259092063,0,7,0,0.001101685162603061,235.84444739364312,33.94208835445999,38,1
279,497.8963347180505,1.9933289207081364,2,8,5,1.8089374418816084,154.77479983843145,86.06194482471521,11,1
280,545.0026709087831,2.708934405908715,3,2,2,2.685968679035872,322.4478118282165,115.6121904833222,17,0
281,268.99757842576787,3.214789823264624,4,6,7,3.0212667647838485,386.373715139875,148.96971939687631,15,1
282,287.79147631997205,2.3578921009214846,1,8,5,2.2813640947271505,308.03003047891286,101.78908841614148,25,1
283,146.9909699204345,-0.941374915484898,2,3,1,-1.1811248025978638,258.82318104690853,68.13809863737131,32,1
284,389.14007049808697,0.9587678494639513,0,9,5,1.0037945129279,281.28847352790706,49.399707974275394,20,1
285,117.97113689837104,2.1062698603082683,5,2,6,2.128200823866286,199.9072019149794,133.46793043993165,26,1
286,332.79900906623004,-0.4728010051309999,2,4,4,-0.5160611157866765,337.63604093843435,125.89347757475535,32,1
287,371.3223173537883,1.1037615872550846,2,0,2,1.0246467762000544,336.60495750246224,50.40996670132003,28,1
288,243.2706260641422,-0.8007813472518006,2,2,3,-0.7693781848164336,186.37932509685623,46.08217171905455,20,1
289,395.4166302845054,-0.5285290170698755,2,7,3,-0.6296712242069852,369.4945956249148,112.96778098545283,37,1
290,115.25012496952472,1.3815396572095766,1,7,5,1.273593445732844,217.29743486832632,60.94376804943873,17,1
291,118.67409437460721,-0.2037054757416379,5,3,9,-0.3239470959351088,395.5640152341537,59.83184378705452,31,1
292,511.30028032982915,2.405245089569349,5,1,0,2.384860996495484,245.72575350931146,39.79773211879518,13,0
293,280.0953207056315,3.1367898148235946,5,7,3,3.0785590578703186,194.4710146836249,54.31681756227789,20,1
294,163.5302563259424,3.8035201946544976,3,7,9,3.7650963928081307,237.93002783641307,75.57598248704444,17,1
295,361.1216300274022,0.20090146546886056,4,9,3,0.2530823394707338,260.0450821742983,115.26898384541403,18,1
296,484.9967765493054,0.00489549355441854,5,3,9,0.10122515404036844,167.3269432595737,63.720052273787466,35,1
297,207.91051374842158,-0.3725929579935985,2,2,0,-0.22754487950400995,294.5545953058224,62.71856413237955,11,1
298,411.4452379095001,2.81858149726182,2,1,8,2.824595195058649,299.4081099672251,57.038722831816656,25,1
299,142.67373249688399,3.238854358921407,5,8,3,3.2736132691776842,334.73261383736804,82.17687677643559,15,1
300,125.84086058430384,-0.8104831310461478,5,0,6,-0.7915984953330564,157.29247307268582,43.482770732370994,30,1
301,365.677315784074,4.617273477462139,2,6,2,4.4498549075807485,285.3095536084575,83.13199542417632,30,1
302,370.31756080505323,-0.6881722980911655,3,4,9,-0.7251420036882742,163.22685831766609,111.54282230530968,35,1
303,418.71495074910325,2.247778011806423,0,7,2,2.2112681895323565,325.2860549916634,23.872765524240883,36,1
304,463.0456668613308,3.2543631167054983,0,3,7,3.203281834128537,163.93199642524613,21.271319439749043,28,1
305,587.9260397312673,4.225814742476514,5,6,7,4.22172080961463,377.93196208540814,29.765978320086198,37,0
306,358.15017415059765,3.284521592794567,1,4,0,3.262573537473134,325.52064172112415,89.63580802465457,17,1
307,261.47823647062296,3.810368498418751,5,4,9,3.7117358220262453,276.84744127128926,131.07916081410247,23,1
308,497.59309738435184,1.0367011552568366,5,8,1,1.0215985598721313,260.37598082029376,20.634980582632753,33,1
309,235.41612563103712,3.8889506824790736,0,8,7,3.8250456427705704,182.6681576033156,141.76596959600852,25,1
310,319.48571035281805,-0.5193109216919491,2,8,0,-0.7812351943836384,222.74984739116576,33.81620650416966,21,1
311,139.22819067113298,4.3688999363631655,5,5,7,4.229193044332119,367.23977625522406,129.45785864756942,14,1
312,112.67537170772876,2.2855542569224174,2,5,7,2.2944456895037253,376.1132028906235,82.77111944778308,33,1
313,581.3242073389625,3.903786619774962,2,4,1,4.012975751190373,150.18692709263277,105.71646034624972,35,0
314,517.9900602561029,1.713909707109801,1,8,3,1.4711893813419745,298.5340978693878,86.3887879781337,33,0
315,447.987103046849,2.86146617117915,2,9,5,2.7744270078037845,329.82515225627844,82.01626927331611,28,1
316,304.476472207135,2.1584159656166793,0,7,8,2.2015613490161554,304.68674561440156,128.5369256873709,27,1
317,186.64716003542287,3.3895371305319912,3,6,7,3.477356676907308,170.41994121658848,118.26522934381613,18,1
318,178.21852133554302,-0.5102201078164625,3,6,7,-0.5522314639740643,204.43122469972556,82.84229074799055,11,1
319,225.12144908229766,-0.6378874960566172,4,5,6,-0.7061657318987241,212.58506684534652,34.51267082148801,34,1
320,374.61333235306023,0.48261940406087867,5,4,8,0.6045904790498979,357.9311578262724,35.00238471087306,29,1
321,457.2979613500312,-0.04273191932086995,0,3,1,0.03687735127898692,265.7998590772301,124.20012989347981,21,1
322,430.0986883588656,4.23070139955321,2,2,2,4.3165632393608115,271.7070529853092,88.82078077517934,38,1
323,239.9669484729714,0.3152839241482659,3,2,9,0.2684775238991914,383.72326163862715,82.60658822851714,11,1
324,577.432640331597,4.855191534914788,0,5,7,4.966560958683155,309.27147221367886,108.47368937689296,19,0
325,468.94845834788424,1.021374750626641,3,3,5,0.8268678773402699,374.66692538816596,131.64940584385386,10,1
326,377.17702625570035,0.0927074941321957,2,5,9,0.20583050329809705,264.12721383538326,101.75350877372968,13,1
327,405.8603731171761,3.738191042854875,3,2,8,3.7315378275106856,187.35906462957357,119.17022730504227,34,1
328,309.80003121389495,2.9522466530052567,5,3,9,2.9651400721300383,382.4838985185214,119.4851681352044,21,1
329,223.86549475057873,1.9891742987188339,5,8,3,1.894649032911086,264.67627891688454,66.31398834308467,18,1
330,277.98633932563075,2.332181305625787,4,4,7,2.1507786708149723,195.40785546970545,55.63081543332944,13,1
331,478.92305523218454,3.315210669633583,4,6,9,3.325981084412756,225.59893507598056,124.15132873277062,18,1
332,107.19674431487793,0.37072844798779236,3,9,2,0.4258679029469321,162.70064742223556,69.03324293195166,37,1
333,158.03632025345811,4.978003496340452,0,1,2,5.048272734822328,267.07514786409627,137.43368084795168,15,1
334,123.00132101087638,4.848758972880699,5,4,7,4.908236832463158,363.2820429775592,29.059790574915553,10,1
335,120.36440115948507,2.9019541180816213,0,8,4,2.938770287586967,383.39511400167237,27.568276569794154,19,1
336,527.7302920055035,0.1972547055748708,0,2,2,0.10487606195557478,383.15055187591093,140.51054081318307,38,0
337,451.8289296900118,3.0813694545877475,3,8,9,3.158117061839751,181.30750640718668,104.29913884358653,23,1
338,337.0869145436626,-0.5668095461249449,0,5,0,-0.6703717808724778,245.51347062776426,69.3479163382832,31,1
339,148.91708032550073,-0.8160849867651636,5,3,2,-0.7053785631586501,157.0571899126766,118.15785392610377,34,1
340,345.80793755841614,0.5460973310672821,2,6,8,0.5376991441866648,363.79133624286817,107.40248529917336,38,1
341,336.7358853902829,1.7757377404358978,4,7,4,1.7706668184493495,239.68894050531844,89.05613608654751,27,1
342,186.60093495500757,4.209635032450283,2,5,9,4.296227694280793,307.7792569730587,32.85353454614467,15,1
343,316.92582461898655,3.3630144185978477,0,4,1,3.4631612811512618,328.72460951932214,125.5833463480577,27,1
344,299.2523671986867,3.4562391271998862,2,5,6,3.5333029950949,257.46116743578887,132.5830147884812,29,1
345,407.92504902610824,1.5529600066884521,5,4,1,1.4709142217328852,226.61058413756075,42.38192951184438,25,1
346,417.5468254338219,1.0756099552817773,5,7,3,1.1518769103256326,390.55322752898616,130.56651475701867,24,1
347,122.65200488602225,1.2262325779076164,0,0,6,1.1447536169105716,391.12205625596357,134.12015043215337,25,1
348,287.3063073132356,4.925897382416347,3,6,3,5.004687522589112,222.35909200750547,91.42571959750708,17,1
349,412.9299578571182,-0.7593448515251051,2,9,6,-0.9018611711313316,269.9062741861145,105.30327470894932,22,1
350,351.5681292900439,4.202188976734691,3,9,6,4.192820970540854,393.2110396650056,69.69085160188388,32,1
351,528.2449205941612,2.4720524514343607,3,1,0,2.3899633374837936,151.2171019138758,56.63291417620458,20,1
352,429.3468158094725,1.6316925151375425,1,8,5,1.7186860803823452,253.1695620947873,113.85780910371382,37,1
353,181.46721354071485,3.3515459624908193,0,0,8,3.4630626398997206,175.1143874202421,132.04376937205507,38,1
354,135.28437370021493,1.9200136485482169,4,9,1,1.9399132999274102,277.28949139065065,105.03008188424718,34,1
355,421.2096391031578,4.240539428489964,5,5,2,4.257150342883752,156.1674886351218,86.5067793840514,16,1
356,113.2556552708109,4.404211184067551,5,8,9,4.474628896315664,251.72460784765696,40.660219689742306,26,1
357,392.88779063673167,1.5303255612407325,0,0,4,1.6424370492356442,205.17476869633379,26.949632638626362,27,1
358,570.1151207124788,0.6609667834103095,4,3,8,0.6646979008765256,283.3270906146852,77.93993273207704,31,0
359,387.73708893793946,2.5541019715601734,5,3,3,2.5041344390653753,398.9984122751749,26.415443280664768,32,1
360,294.084963103261,4.474180073700146,0,8,0,4.538906822344194,350.13402628168694,94.01350214793926,28,1
361,421.64410922117656,0.26397313403399947,5,4,3,0.07810039692463233,361.41052290610537,69.75479487131027,34,1
362,329.1264452457583,2.7377995013808967,3,4,5,2.828764655336779,308.8162468397702,118.43458555865602,22,1
363,372.8083946579675,2.7893613205551233,2,5,4,2.718342625610952,160.38996206806465,59.73430458870385,24,1
364,570.7324043882626,3.3986781344916857,2,0,0,3.3746553478644405,201.699419011036,97.08775112576618,32,0
365,293.0513189003871,-0.21059388923644118,5,0,3,-0.11898875692461007,381.2661391117638,89.89885782816306,39,1
366,580.595281911957,3.2949497880925316,1,8,5,3.2533988364535626,241.52827948218783,20.61261531789135,31,0
367,552.6753209780319,4.454195123993846,4,2,9,4.518936011851326,175.9091816201989,29.410621774360344,38,0
368,197.89556739464822,0.07809865322145182,4,3,9,0.1919895286288933,325.6013414665505,57.747867623182664,31,1
369,134.68065043758273,0.42525994954326585,4,0,3,0.4362632585480164,224.86443098356364,134.69056053269946,10,1
370,150.38900068871334,4.828370564249838,3,8,8,4.859515379832309,217.2142282260429,39.11194413697122,38,1
371,109.11091282577486,0.08586171625693861,4,7,4,0.07391812886256671,399.4943638895651,112.41626295987041,25,1
372,147.2214803779642,4.126310560217474,2,1,7,4.137870359923847,364.5347312566636,146.53765359979735,14,1
373,441.5033867081784,1.9536671386882087,3,7,8,1.8420266606932056,251.98445459196026,122.77378184985018,35,1
374,135.5943242301145,0.48338644641906225,0,6,9,0.45401263776325473,395.0653019541248,51.58289701931571,12,1
375,259.4878151468806,4.224499407635069,4,5,4,4.095678846936817,312.5283058548034,138.08748385370063,32,1
376,522.4376554847272,1.671831530015993,4,0,5,1.581954807563253,335.50561296994005,32.103930346090706,19,0
377,111.63596786791294,2.088904123578141,0,6,0,1.8886092215109247,157.87826077055288,80.85845244319566,28,1
378,507.2342412944679,1.1554002163985944,4,9,6,1.181793031749083,180.40131483701427,135.3804480044338,14,0
379,240.92738738669996,2.5577051086095643,0,6,3,2.7268653251473056,308.2712816240596,103.36454220339307,16,1
380,159.08241381082814,-0.018856764489863398,3,8,1,-0.06446733800392049,374.755995662371,73.77379341460085,23,1
381,448.3685826820753,1.3464892199105645,2,0,4,1.4430025789678025,305.9359315218989,58.06567267583194,12,1
382,414.471423389942,4.816473934011725,0,1,2,4.929043215613417,183.50622357974794,68.76292269138548,22,1
383,538.7360067635265,0.5488005962067652,1,8,5,0.4288868727719382,178.94001156158117,86.1624315312072,22,0
384,467.5355219019429,2.940419987247753,0,8,7,2.842040595478671,361.0464739560204,61.47571088346496,19,1
385,501.74046519242427,0.9511403853481692,4,5,6,1.05022019418339,184.82558467697856,145.96582207069895,11,0
386,241.01728628565326,3.6408387541196037,3,5,2,3.6316046178204187,280.05799012600636,141.30009489859884,15,1
387,188.71977188986142,-0.21475803568990104,5,3,7,-0.3438369223049603,159.27832999057557,133.1872908678617,17,1
388,475.3073758204292,4.818926270471268,3,3,1,4.755240311778407,170.16744184779435,74.83787861794494,13,1
389,503.417369633632,1.7227372483018355,5,4,9,1.764703272783042,318.0870669107162,109.86923001357975,34,0
390,595.2525710003367,0.41630278007878374,0,2,8,0.33690911266830037,322.2953526068792,137.3678099146754,21,0
391,306.30883845571327,-0.5590195160199241,2,0,3,-0.8364732025633634,235.36735165211059,130.55583339826063,37,1
392,286.0090428963916,0.018547430525244435,1,0,0,-0.0136538871955392,203.9024413107612,73.862511822627,24,1
393,488.2064803709984,2.118643691336106,3,6,7,2.0945443719505867,353.427567689327,34.61018641189389,17,1
394,270.40177012650895,1.022019058587718,4,0,6,1.0229417020021507,204.2758073674726,29.83194729849143,16,1
395,565.3786628017824,3.973300195295657,5,0,4,4.09918853262461,285.5067674165949,95.01832587934135,23,0
396,529.2063759215059,1.5853251419708356,4,2,9,1.5906774217607402,392.0522102157264,103.54163157742111,32,0
397,314.49701368750914,0.4922856355257794,2,9,4,0.5165793709683502,186.96310946559595,130.47953859761313,28,1
398,475.4355338957487,2.70286991962418,5,3,6,2.808423616989122,385.2190668736772,58.02695264433404,23,1
399,477.2714370423412,3.240663301312675,3,3,4,3.2416977028962513,195.72326326716717,41.77116377150553,31,1
400,151.5619344179663,0.0022514474056991585,0,1,7,0.21590352193470938,291.8608020058074,69.27075831316593,22,1
401,551.2764533397833,0.005715297729905977,4,0,5,-0.12065553166799423,244.25192798968615,65.96476607219576,38,0
402,352.6261862239286,-0.7799714383987422,2,2,4,-0.8733862097095266,391.2321503754565,37.22096402232111,30,1
403,513.2287330538709,3.4184120903938435,3,3,8,3.479807931220925,218.38550725048424,107.39674482670978,10,0
404,260.02480051530586,2.9828271657308303,3,2,1,3.108258519024694,249.9145005214384,86.12995229481888,36,1
405,547.7616142481002,1.8477852544988833,3,7,0,1.8277057548120208,395.7150294638551,113.74595829491962,28,0
406,294.60083936708156,4.065022693815183,3,9,7,3.9639605767362425,284.11759779711826,65.84984562206552,38,1
407,105.41882574014917,3.834020917700319,5,0,2,4.010119876222854,275.65752890531337,62.3412875051013,37,1
408,552.6909882096318,2.512126186380513,3,1,6,2.432889296900082,214.44462205099782,81.43486089570123,10,0
409,145.64333839306678,4.209627683079551,4,6,9,4.2435331281928494,325.34089007761037,134.0629549013691,13,1
410,259.6568187952074,0.2350472602206095,2,3,7,0.3664624413553881,153.5932379444444,25.236569875417445,19,1
411,575.0309835254025,-0.32848228361363274,5,7,5,-0.37264280595573485,162.3781574255734,124.62826624854137,12,0
412,575.303573468778,0.6184976691019377,3,2,9,0.5562848853762663,299.8396467839507,67.96838964550835,36,1
413,386.71894406164307,-0.6574788634641109,1,5,8,-0.7128476376670773,235.41864345461352,131.1004733525021,29,1
414,415.91860608489964,2.187017168006192,1,8,6,2.2771722936636687,388.32909305024015,124.28639114866134,18,1
415,324.2227609891599,4.619634153769769,2,0,9,4.725648924290035,375.79767268069645,65.33896216149148,12,1
416,246.60538584903227,-0.7639387559889421,0,0,4,-0.7605662168127294,328.4265646691768,110.20394959181007,37,1
417,264.33227268495796,-0.2673405159398392,0,7,7,-0.07903229063286585,354.5363952819503,40.75225838054722,15,1
418,436.2592280385192,1.7131941697006114,5,2,1,1.7163908256276241,316.83296241692335,136.51660178129242,15,1
419,476.18726471884,4.6032501051674295,5,4,6,4.732483426584246,181.39552567754018,72.58383837874823,32,1
420,495.7895218629243,0.896936629860503,5,0,3,0.8537364694354092,341.3858424223007,79.23132999617602,34,1
421,494.80907139727697,2.0434088521303546,0,4,8,2.276784505500911,202.5479921797116,111.74867663480804,21,1
422,145.60305152434518,-0.7505628456976474,1,5,0,-0.5935497041396762,230.8607137750492,126.70923077163063,32,1
423,347.21015235129073,-0.10994079422746683,0,7,6,-0.12273825778031838,354.8085530256051,50.724556632667245,39,1
424,128.77938000832214,4.919780737753081,4,2,5,5.063234758624781,284.13140209836206,105.9755181840094,10,1
425,374.76444116186775,4.790712178616273,3,2,7,4.929110227733474,364.9851785458523,70.95974570558931,25,1
426,320.76525068668855,-0.9703601143935423,5,9,4,-0.8150560067642775,203.25882996081606,67.93138012051497,33,1
427,543.8520913791499,4.710870712539434,1,8,0,4.462672078967403,301.9446096517218,109.70335711228512,14,0
428,275.45750627603934,2.834719626893002,2,3,0,2.906654771822086,170.9477431370654,70.33382564027147,18,1
429,158.53350821380292,4.207509767120133,2,3,8,4.2617396440507065,310.76524838500745,64.994105021373,19,1
430,171.49584102641793,1.7284391338031546,3,6,9,1.7755464618974999,340.63350944388367,128.66549305641152,22,1
431,480.75531585873614,2.0935761714755015,1,1,5,2.115410814815291,296.2327234946804,33.16589609803083,24,1
432,409.1090316581305,1.933079481541521,0,7,9,1.9578606094929738,216.55787537470258,107.86604096792739,21,1
433,150.56133806139513,3.001185545276626,0,5,4,3.129499575806434,157.8356672147167,52.334301192781204,14,1
434,142.0534030574987,-0.16209247146212258,4,2,0,-0.10814513409278537,179.86222099107144,22.01477143740474,14,1
435,450.48456572956,-0.8201584607639323,4,8,5,-0.798467816390696,305.5757447685065,41.67935495344996,37,1
436,136.38150318209676,0.8475796495471455,0,4,5,0.9615177510307074,383.6050542106284,98.86599887086281,37,1
437,510.9300296451781,3.22808457641988,2,7,2,3.269887194261067,201.6336009930016,112.18653489317187,39,0
438,453.1211135782481,0.21112071273769017,5,6,7,0.2624775554730282,333.7565372762747,22.737511862321604,27,1
439,140.6743903209499,3.040594599949504,2,7,0,3.227298310830627,366.61276581226036,24.73530762922362,21,1
440,142.41885704259596,4.819472276643623,4,6,0,4.776024205388659,280.22054461187776,137.3304749295839,36,1
441,593.3197892505877,-0.4365957052634897,3,2,5,-0.588166739103614,317.31644896091444,29.52975635478358,12,1
442,287.1353978780602,3.035612709350758,0,1,9,3.042849060449838,353.75382916903703,136.24368062015427,35,1
443,285.32107353344543,1.662501315827427,4,6,0,1.6839556503231234,215.1687894351484,49.66156878761775,34,1
444,506.39978362875127,4.208853526265032,4,2,5,4.281006429210751,224.22391856701074,116.20231402056767,16,0
445,573.6242886919293,0.06289873668431545,5,2,0,0.07363032815051154,150.15687915711405,60.26532236298157,26,0
446,593.0005319114355,3.155755713356987,0,1,5,3.2312676377542426,390.77353272445066,131.6377633291939,28,0
447,476.6890926294708,4.0286917378886615,5,3,2,4.279153405915818,379.3862236490862,111.05913250516652,37,1
448,288.12979276545786,4.667685316844139,0,7,7,4.74783674873184,341.1420659398576,72.23574961822037,27,1
449,141.7503583493344,3.0994881697378744,5,0,5,3.1972196998430213,169.76900524416203,29.91931904263034,10,1
450,488.5734579637184,1.9830485840505636,2,0,0,1.9700954432783202,261.87572242487704,115.25102390320491,34,1
451,379.2021248679025,2.707083441207283,3,4,4,2.568557732256553,175.4729384928882,100.1950182754736,33,1
452,312.11100462348816,4.213429906872309,3,4,7,3.983618748159335,153.98006681569964,20.378523318392535,14,1
453,553.177192547368,2.4236584798329783,0,0,2,2.3717904216194063,304.0457413031493,21.224581276417894,36,1
454,155.59874115307568,-0.8176776418189788,1,5,5,-1.0757148074154907,390.2073542700471,125.14308651505021,37,1
455,346.31255214542955,4.585692173041867,4,0,4,4.637047075543794,375.7170058580375,53.721966044241,11,1
456,105.67682238370953,3.1371605061893666,4,4,5,3.098878807746881,324.18870373385107,102.69737680464854,10,1
457,334.33032099706315,3.059080314663479,0,8,9,2.9277428280159548,174.16014604121784,79.04787456948216,16,1
458,128.15163784091868,0.29405091438630304,5,4,0,0.3071383263811656,218.54100941807502,132.24590188782975,38,1
459,159.40895813403597,2.953312821395943,1,5,6,2.879449602031763,230.01418172132276,139.20494470332352,20,1
460,158.76312338855246,1.3631864339249509,2,7,8,1.4082640592900277,340.7875144363903,149.58500264825102,20,1
461,424.60515105803177,2.9073978622489527,5,0,1,2.978160495231203,350.5622948087785,39.97893765494209,27,1
462,473.02243963271167,-0.36044181815205567,5,1,9,-0.43062523445089984,246.2765307474801,132.1853260418118,26,1
463,391.68438254857983,2.947071827618216,0,8,4,2.9233437095091834,254.47099915440242,54.58277897474423,11,1
464,581.086274237271,4.996482354624,0,2,9,5.017971930007822,161.12725981904282,96.806063736416,16,0
465,287.435289761852,-0.7107277668366638,4,5,3,-0.8514319881909064,222.28417960469025,85.75046840299741,16,1
466,242.85604314093035,4.863045105327904,0,4,5,4.884525857615606,262.82129429441,22.338457104410395,19,1
467,534.2995640947302,1.4414477643372239,0,1,5,1.2983458995292843,179.2457615963144,141.2602663877923,31,0
468,211.7979192597263,4.224520702023555,0,6,1,4.281092399978842,263.31686518875534,30.1825171693984,30,1
469,581.6112697203057,3.6943129043496405,4,3,1,3.6507965380868206,363.2939530644501,109.46845952300566,12,0
470,106.07723734490817,2.402097565920007,2,0,3,2.2584432925155835,295.3302549312633,122.05088870707407,39,1
471,584.9394133538195,3.430695255507959,2,3,0,3.3726978955938764,169.7324637596031,123.38742037619895,21,0
472,121.57995597528806,4.271093367808088,0,5,8,4.217325909688744,197.9178297075686,37.61428746074982,12,1
473,545.5715568490355,1.424841929906198,4,6,6,1.5316940182448926,268.63608753963905,78.18409356603638,20,0
474,363.85055454314994,0.9621989693794322,2,6,6,0.9795294393080116,240.37178745545302,127.82575315641738,38,1
475,596.4823980596502,3.0055603133815083,5,6,2,2.909932567624995,239.6817548865247,59.34829734923811,21,0
476,136.89828236769944,3.8470756516475513,2,2,2,4.0119822803676,282.31686203589754,80.80732779870627,34,1
477,376.9271422006604,3.573710808659694,2,5,0,3.63635984881075,296.09898039736436,55.46320605097995,13,1
478,584.6512678095495,3.786881893151807,4,7,2,3.753249656293841,349.21539256904776,80.26168432509215,34,0
479,361.5489220850744,1.6134998888775982,5,3,2,1.458116470308096,235.24164086562115,135.4189299370744,25,1
480,414.6993190676313,3.90700529705013,4,7,3,3.864545939102111,351.3665707601467,79.16615003426003,29,1
481,447.8743444923086,-0.27874566777634935,0,1,3,-0.30079697624211643,234.65280727815815,92.26856221966165,27,1
482,327.2705323838866,2.266934587765097,3,9,2,2.3038378209101227,163.85824723530845,72.51691682940086,13,1
483,413.77904004203174,-0.9654480370112706,2,8,9,-0.9047223860453051,288.5469127511978,79.81523381643231,31,1
484,392.15715596155013,0.9475149794016218,3,8,7,1.0281731889426953,296.97558122370367,21.97264587603482,15,1
485,550.5790052454945,1.198769209228387,4,7,7,1.0376224661445324,383.635061405465,56.88691629485928,30,0
486,122.72319017072894,1.3770361496555323,4,9,0,1.3978866317718566,331.51533151561864,76.75562382643717,24,1
487,240.48159479611516,3.1728032401391726,4,9,6,3.1568416576143514,379.4431631236099,102.39360687905476,10,1
488,575.2057420382794,1.3313486076220746,3,0,1,1.5991463352390625,377.0868025607524,78.50675097200599,12,1
489,545.1318919454582,1.692161735735184,4,1,0,1.698631179644821,301.14352756456054,63.916215631803325,14,0
490,327.82837639285646,0.4252647852459648,0,5,2,0.36299946539982764,281.94051633411186,70.45283559474043,31,1
491,410.06629890076834,1.2395107497760405,4,9,3,1.250547635447732,289.3602417909,51.498132796060645,39,1
492,238.69059149056633,0.36361776357890885,1,4,5,0.3627609347778322,394.58270191931194,140.18425676062688,26,1
493,194.06057986188065,-0.5608244573893382,3,8,9,-0.7597283881044397,343.29192293673975,87.8266193528189,39,1
494,331.84920246999104,2.620691560288267,1,4,4,2.661522006630051,176.56647619809897,21.743229003376005,23,1
495,276.67611401302645,3.0092767913300973,4,1,3,2.978220982262239,344.60710169534997,22.528013594541058,18,1
496,391.82805592543605,2.716942076057687,0,9,7,2.714272954541635,192.63451222455646,146.4850125437654,39,1
497,138.8673184824924,1.7809642628034341,2,3,3,1.6936074094143783,261.8376372514064,48.78861587852185,12,1
498,587.1974038330832,1.2787146810753791,5,8,9,1.1693232580541555,202.61491804413356,124.7290775458609,35,0
499,593.1053722398015,4.180001897430952,5,0,1,4.267890130838516,322.39576638330743,27.57578920287468,22,0
500,449.08085700987255,2.114490710817308,4,0,2,2.2253363764615903,369.3274340482589,139.75115577029138,12,1
501,368.0481831720602,1.8750912657783858,0,6,5,1.9169011263221094,222.59047134167025,133.67421047666818,20,1
502,254.76380814316389,-0.8461476051613859,3,2,7,-1.0272273652173494,170.5026853020469,94.24211111648691,11,1
503,506.89750985347433,1.0474869657569381,1,9,7,1.0957933016830705,224.6232745187408,21.16982544682325,33,0
504,442.3655862769396,1.2811737127151424,1,1,8,1.1015800575814738,318.0904644830486,53.515413623033886,24,1
505,181.30846967244565,1.392936685381403,1,8,6,1.3268191218985763,232.19003188861248,72.88694416180044,22,1
506,555.4635922469213,2.4810342153639935,3,2,1,2.5675900602397177,219.52804188845084,79.80833517718303,28,1
507,511.2686214615845,2.2016152803612705,5,1,7,2.26737512853172,196.10879764606625,58.698238613108366,31,0
508,574.899956645962,2.6474305567606677,0,7,6,2.693127293214015,274.3791067186084,24.283222871918895,25,0
509,462.85975419417997,3.58929956925277,3,9,7,3.7205898346447484,218.9872070392969,96.71656277045048,27,1
510,406.7075979678949,3.877914432296561,1,5,2,3.9339159470373537,332.7525872848708,88.14010680031828,16,1
511,309.12151814530944,3.3087384573589667,4,5,6,3.1068365348548785,169.1556004980507,56.7900826057801,22,1
512,566.3642416770067,4.733142175729608,2,9,9,4.696189091103972,316.0082582778294,24.936875784048848,13,0
513,533.0319447502042,-0.8906045039418302,3,6,8,-0.8947653497149363,209.39000364194249,149.2972443388522,18,0
514,122.6093350530947,0.17466791410127658,3,6,2,0.15879374142433936,272.31981526290076,82.65820428743277,39,1
515,113.18348724862601,-0.9546227501311473,0,5,9,-1.0163362676413863,221.52248050781515,118.28055143063003,19,1
516,288.2316834390248,2.8848482849276182,0,3,5,2.7818326715812587,330.6921690026989,78.80082455667362,18,1
517,505.27666539091643,4.388183293699921,3,8,1,4.628257790645852,386.3267600629092,25.61213781218239,16,0
518,593.6380646574722,0.46089377945779564,1,5,1,0.42201929693721746,379.2691948674533,60.24809686111501,24,1
519,175.2084455517641,4.56220726877784,2,3,4,4.797367474115285,295.8565537860228,61.614318330767155,37,1
520,397.06535767606755,-0.6383956582626349,0,2,4,-0.7525246987382403,265.6525758142446,128.98587752637206,17,1
521,290.44542831551075,4.606616160833086,1,3,6,4.672322167708987,354.57512735984545,105.04989713998367,28,1
522,584.9571989073015,1.1097361234378065,4,2,1,1.1327002650767934,320.83159065693246,55.80588747313147,20,0
523,521.0594615678543,-0.3914750293047009,0,1,6,-0.483669982011207,195.89102855423323,145.8061941056812,14,0
524,519.164352355569,1.9152305551179536,1,4,4,1.8684748441358852,355.22980340325006,61.800438211723275,11,1
525,334.3465798974851,0.5406594063230477,1,1,5,0.5391463993869506,257.2210973486775,149.77042335773365,19,1
526,307.4097511688326,0.709237411771537,2,5,7,0.6248257500549244,197.24641499279377,149.50128011213422,25,1
527,236.70353596535313,0.8437397895577194,2,2,9,0.8181257301541768,220.4493375991231,44.85736730707643,32,1
528,128.18774832546356,3.818155386995981,4,5,3,3.5816651444569194,216.88175756208557,60.65634510449202,22,1
529,532.3611881275266,2.234967660051527,1,9,6,2.3061192590784008,279.80174365086503,83.18574580300505,17,0
530,506.4505045650388,0.8678461949360219,5,8,5,0.9905613623483012,208.59252266946888,106.33308724922583,18,0
531,599.8588366430653,2.66200269986551,1,0,9,2.707439070615376,180.89162185039405,88.64616837049391,20,0
532,598.3184185369527,3.2969040453391614,2,5,1,3.5233298581329393,180.9227126534402,146.02739098719337,20,0
533,377.7158528013137,0.6357440044012026,5,8,7,0.7039536271611919,295.81904928477417,114.11859135063989,32,1
534,484.49370759025527,1.4812946091521093,0,3,9,1.5955755730298653,333.68982221234467,47.56583041978668,35,1
535,572.3828649412139,-0.2686834399783147,0,1,8,-0.14484715672730358,230.38325220958518,33.66268152777298,25,1
536,524.8236953387056,0.08689609720808189,3,3,4,-0.1882052384504816,158.66267745350427,109.49216779221638,19,0
537,223.6740508715988,3.086707123789897,2,0,9,3.1290744436648534,181.8062217342527,40.59881722349919,38,1
538,325.2720676550467,0.08863008617376167,3,2,3,-0.04966340885791645,378.67364008426426,122.39798924364804,33,1
539,164.57970757574748,2.150980302002361,5,9,5,2.0328899568452803,273.38591489736325,60.4347667438438,21,1
540,577.0255136293612,3.2542775703345956,2,8,7,3.153580243154404,263.3932024037937,62.496124197228845,34,0
541,403.08731722544,-0.358738461431537,4,9,2,-0.3900100414332746,159.51229457752274,21.403791010636557,15,1
542,214.32140275173134,2.4038733177734213,1,4,9,2.468919313847191,332.1592555792248,111.13146472235529,37,1
543,435.85034220292835,0.5393767022081826,4,5,0,0.582775684708853,282.0170202330197,34.72506789840915,21,1
544,409.0641202289479,4.777561251425479,5,2,3,4.77630311314372,200.5202340216302,120.47447507025736,19,1
545,279.08135901642027,1.9012738803195486,2,4,3,1.9735422244401446,177.5184400452643,83.94281684923689,27,1
546,156.7787960998145,3.8359552986509486,5,7,0,3.914303930810159,245.84696590799962,121.95637594409398,27,1
547,435.7865977963998,2.3013592529375706,1,5,8,2.345621671860905,359.2904910487564,95.91045009570637,13,1
548,360.15385045189663,-0.739524802871085,0,3,2,-0.9119752814785637,366.32363980025616,30.716325362468798,18,1
549,486.1591958678197,2.798908253564134,0,1,4,2.7249749746284615,300.71159509890913,119.5348037716738,16,1
550,360.0817505559967,4.7084200532399425,5,8,5,4.711052836634208,331.88410680753566,29.073933036317467,27,1
551,526.0907501592701,2.609670920877987,3,0,7,2.6830162091920955,178.7889468507176,82.2312236740132,17,0
552,375.9534193872428,3.9151331565607412,2,0,5,3.7822751907883427,297.03151636696373,42.40539783884523,20,1
553,380.46898576769314,4.305238780090447,2,3,2,4.3041042611129186,316.7414258717954,117.80357313712504,16,1
554,538.3268013291724,0.36847863169359485,0,6,5,0.21191618605464962,200.17821072844805,138.50685961479644,18,0
555,301.74143310619854,0.2722690394493599,4,0,0,0.37486083802128767,370.0386832275647,92.03640123657566,17,1
556,167.00761422532037,2.66588593310595,1,8,3,2.6901206609424224,198.74918438025495,88.52914825889347,12,1
557,114.39133815666949,1.4661708188402285,4,3,5,1.3315572152446342,228.3693399616126,119.31521552233033,26,1
558,477.5686278368095,4.0391678172003225,4,2,6,3.903894963419893,305.1392117558646,20.660245686844537,11,1
559,410.15477567673236,4.400138740388067,5,0,9,4.438881927546493,309.5875162826827,139.3086235425709,24,1
560,452.03988404961177,1.1205282758163086,0,9,2,1.258008167272625,324.8461852468418,45.66834622184712,23,1
561,206.48208075445535,0.42122335384689236,0,3,8,0.31154477010195764,178.00292826705143,147.93545489741084,38,1
562,168.18573779338487,3.683153091463171,0,8,6,3.7618135023247787,362.36610748213883,115.71301323486009,27,1
563,107.27233283394096,0.6488362132888166,5,9,0,0.5946124414860336,283.21178307081493,120.65264920108724,25,1
564,275.29377940329846,3.9356859110820706,3,5,1,4.018005321351359,267.8304485262671,105.30638744856886,29,1
565,394.95884342731654,1.542429521892577,4,5,0,1.6107486129291082,395.2744061283774,81.31621376207084,31,1
566,296.1220225498662,3.005299395748823,5,0,8,3.020829379897067,335.0945742352549,94.31160013695151,13,1
567,318.7374610118645,-0.42678811699199093,2,9,8,-0.6102272476200492,179.50150665484372,26.032375181966337,34,1
568,552.0793472468742,2.743155948059438,1,1,6,2.811274513071849,339.1347918065602,101.11473622616185,29,0
569,274.12773351165015,1.7106060724233747,3,5,9,1.7608079995230612,173.81223349321738,101.39275325831608,15,1
570,356.9947445799054,2.519650779052845,2,1,2,2.560693754372295,156.86764062824622,135.85610366223523,15,1
571,491.82650637057156,0.008085246469180518,4,2,4,0.02765265279227835,250.90647381747428,85.73532646592852,35,1
572,298.27139116063506,3.421242469665093,0,3,3,3.333363780831882,398.3945432048047,30.02876863118793,20,1
573,411.04335011393675,4.176782465259372,4,4,6,4.285078742361283,193.72098404871565,59.80546966267056,35,1
574,531.1818543733725,0.3004388005446539,5,8,8,0.39025277262631747,318.16108588169755,105.23182357486127,26,0
575,574.760311828821,-0.42571266687902964,1,3,1,-0.5332549445634962,193.34901655152984,51.103652157690306,33,1
576,173.53674046451897,-0.8581684837219816,5,8,7,-0.7267389826702064,331.1967437395965,56.46861684120212,37,1
577,563.2938125807473,2.851829002659596,3,9,8,2.864995946123135,276.33841705945656,126.66097212691095,12,0
578,346.0581465397691,2.6425642165326844,3,2,9,2.6554779118472016,319.9929275223441,95.96156512915218,22,1
579,229.12219414947918,2.28018447628442,1,7,9,2.262548942642552,200.71829397855865,86.10856613056443,31,1
580,329.5678781191307,0.3916825766958525,2,0,8,0.3838832370373469,336.4070831301255,61.39875568475456,12,1
581,590.0162876427385,1.3454359754330882,2,8,9,1.4825258942640653,398.90476490567664,115.02064467129433,25,0
582,346.3090469964348,2.5668580111170383,3,8,6,2.67016550957689,316.41262515649,57.40339648370381,24,1
583,264.37580514375406,1.9806011531550163,3,9,8,2.081785861518958,273.3699995182194,115.81825729374278,20,1
584,416.7004271583629,4.926713121289324,0,1,8,4.945169556543862,380.79349715481624,29.113192434767463,27,1
585,220.07280938909653,-0.18136148465960122,2,3,2,-0.09244431230616157,153.96296055796907,132.39037440567085,24,1
586,137.93166405433197,3.170867324285563,1,7,3,3.087436016881506,332.4808798214553,84.94364023887127,14,1
587,164.4398609553246,1.4259126086257528,2,6,1,1.4842569064755595,372.1866292034532,77.0060421708661,25,1
588,164.02291947888622,1.5691976895536888,0,0,9,1.553848886356792,165.41864590523937,99.43304350045018,39,1
589,175.9513467561472,3.305586593949057,5,4,2,3.099606095208225,262.5160426039396,101.14496947651516,25,1
590,169.41358632470508,3.1546169079462176,3,6,4,2.9960067420640213,201.17986348749974,37.16457299569942,26,1
591,420.4373724016073,4.94753596221313,3,3,4,4.881238084204208,291.6295413969575,118.31036667610772,18,1
592,190.94004219957242,-0.2296342632752486,0,0,5,-0.1881188648403776,312.3857396509151,55.87067873350818,36,1
593,272.8336416619316,-0.375342103695002,1,8,6,-0.4415500825283989,225.65579573218875,137.6450444220888,32,1
594,548.3942049530059,3.346032902772447,3,4,6,3.286921229033976,264.9954174195252,126.32058624392822,12,0
595,336.9808201314362,2.4703215020384546,4,1,0,2.546647594225939,219.8348713191399,65.0145853995173,29,1
596,433.7788692605136,0.6449639993588352,3,7,1,0.5894627874138665,242.34779111377844,125.00610811609288,22,1
597,186.15993560081492,-0.5234837860660804,4,1,8,-0.3904030618626393,189.8849891721059,66.33076490898755,31,1
598,196.1445094043354,-0.4860505024214168,0,2,9,-0.3695381284394033,371.38986089640787,33.12319861268528,12,1
599,120.43430813323943,4.36514524798471,0,9,1,4.367333380041842,152.5026026397841,145.04547103434203,37,1
600,184.46753153608228,0.15120394831245743,3,0,5,0.2265500934782903,370.6022966109471,104.83826197800721,16,1
601,239.29516951597932,0.9402293726931246,2,1,0,1.0019534181287628,292.91971958743466,79.29293846613692,38,1
602,188.5052421383734,0.3599384133619281,4,6,2,0.33537188576598775,232.91446104425438,71.71053569903515,15,1
603,144.3512668785278,1.1299778349916236,1,9,1,1.2161413012888382,330.7642813650824,62.21169345357432,18,1
604,160.3179355503004,-0.5834569435234398,3,1,2,-0.4825667379843871,276.93803796566607,147.5881874057868,21,1
605,330.3893840163629,2.114358745449622,1,5,4,2.019115222370582,274.77716452690163,37.517144467017964,24,1
606,203.16685920289626,-0.5943246184467106,3,2,9,-0.5789697546146364,177.5355707297416,60.92465765967388,30,1
607,282.1349305240377,3.802139046934169,2,3,5,3.8163894291917857,247.37900648635218,83.11469323674626,29,1
608,351.7086354274285,0.40227249146259814,2,7,8,0.4872344382076686,210.26608646418416,82.13994085706048,12,1
609,445.19741431468265,2.2400714876270635,2,2,9,2.1956856525821298,153.92397639906991,81.27764297301965,19,1
610,119.65606992054947,4.280474525368749,5,9,3,4.220698492091106,240.02490769552833,42.85189605794964,10,1
611,499.70519945452133,2.9052642142831653,2,5,6,2.922164180314281,172.4555323564012,38.84122852423507,28,1
612,413.95019474545387,2.197746719308012,0,0,5,2.315882641633369,214.2075094312963,53.119786222720606,28,1
613,140.87951597443595,0.9460025186922536,0,6,1,0.8260648071512602,173.12915529577361,138.88839999426727,32,1
614,536.7893120533886,0.9980114783491876,5,7,9,0.8955308630154748,175.23540638909972,34.696885818486315,32,0
615,560.4362002659066,3.016921731189141,4,7,7,2.9648712403920823,199.75282360379708,118.46526343853222,22,0
616,130.53897992743188,4.964836167327006,1,2,6,4.93057846011885,399.96231112160007,118.48129110733827,21,1
617,238.43882407360186,2.971035139096272,3,9,6,2.7944768588525206,150.54603571431218,125.2701525066441,10,1
618,503.10063989653065,2.3467005042201494,3,0,7,2.4965200329116644,309.6681590301013,135.26001356861622,28,0
619,474.1298451918292,3.3839030614354764,5,8,0,3.370872402300565,185.31092450663934,54.19470308006093,38,1
620,192.26050967818867,1.7912336737023091,0,5,0,1.763223221284312,380.15703417769396,49.19273100495653,33,1
621,204.67466166835516,-0.6391459443952887,3,8,7,-0.47688219059174697,173.4082233334073,80.51573664857236,25,1
622,285.236051395691,2.373780895267459,0,6,3,2.44556024477984,388.7657967815591,54.4615919377647,34,1
623,342.2614925955107,4.745751707032281,4,0,4,4.692209519298946,302.73159687086945,115.46029856780397,32,1
624,409.127385765148,0.05181765414595785,1,0,7,0.06827843867677338,150.31701922887257,102.67214497638638,32,1
625,284.4568197848862,3.1400293449239944,4,5,4,3.1358556316863466,373.5017994792015,133.7483994468447,37,1
626,331.26735806657393,0.20560213195433885,5,4,9,0.35043721764726654,280.42795034172957,30.755979453319306,24,1
627,473.7354690668783,2.214966106838488,2,8,3,2.1982236866701284,215.66743383262116,138.96083333654974,25,1
628,118.34160144529895,-0.4199413021196823,2,1,5,-0.5641472563055032,341.81979437890755,58.13532146711164,20,1
629,226.21847217201037,1.7022256175491108,2,7,4,1.5145032068685813,381.6663884717175,83.79026497050792,33,1
630,456.6747929422762,3.5369799733714764,4,4,6,3.6844961081121452,270.9227057866985,77.01948667215368,15,1
631,547.6034188435997,1.0854291454338925,3,1,9,1.0065676756576294,228.88836861077772,118.8405146435751,20,0
632,355.838721057833,2.989470346923308,1,9,6,3.056491512486639,347.2362809837317,74.64333022613954,12,1
633,366.0567426326578,3.772699764738375,2,5,3,3.7798761078098804,320.44637444711367,142.66190893442322,24,1
634,153.58600566988804,4.563066916876716,5,9,4,4.5214014380888905,372.1881209375681,137.3294047430148,10,1
635,323.70618341172735,0.40785249113272126,5,7,2,0.3818677494324087,323.12850319029826,133.38094975603585,16,1
636,366.30863322751156,1.395895494855849,2,3,3,1.5542332830088024,210.88208472488407,29.263583244269626,10,1
637,221.23525181736483,-0.0855039200174954,2,1,3,-0.2303102628818079,382.91481243975477,131.05354800201212,26,1
638,234.6216154746905,4.954901012950251,1,4,2,4.916255489874659,176.20893680149783,121.61260790761736,18,1
639,288.6420815523113,4.562005807545772,2,1,9,4.652662383614142,216.98568752671196,33.45668311079703,38,1
640,110.03559888886318,2.2397427816833577,1,1,4,2.111428280838732,280.0486519309714,33.96386230670885,35,1
641,261.03958279158917,4.052199766258528,5,5,4,4.183928047036286,291.43550651772534,33.15129549728035,32,1
642,205.72400349827234,2.1257478636322533,2,9,6,2.214972835207616,153.82764665672636,21.47323711658338,22,1
643,263.7486760889573,2.7415141280165582,4,8,3,2.768693696529792,345.143181455235,91.32245967529586,20,1
644,159.8810659096256,-0.4652534073039003,4,3,3,-0.5155690977313271,240.40182960634738,146.54125788668563,38,1
645,545.2636403699476,3.5316225229808476,5,5,8,3.3904659074624517,251.60463525053444,77.02901137697316,29,0
646,396.79622677702434,-0.23371909818859105,1,6,5,-0.16301450877518397,352.34238610923643,90.29847524535633,15,1
647,439.5511595722448,3.95640578151517,4,5,3,4.231270274963559,244.82084793188614,145.83607358009422,10,1
648,494.58561930366915,3.692168526022315,1,7,1,3.706757779614001,161.8062191236887,53.17368974064999,16,1
649,349.2210994645286,3.2524681864578584,4,3,5,3.069863645384668,194.1099426175876,131.60113283777417,21,1
650,143.46014404371184,-0.7830377168514273,4,0,1,-0.7372860678387525,388.9757930970456,91.0307607375257,31,1
651,368.55327090927386,0.8187701356719717,1,6,4,0.9047964328120912,167.60134060062853,94.0319469061914,29,1
652,393.42055901043955,0.5786754194650572,3,2,5,0.4868901762754635,238.73280024200406,64.61260143694686,32,1
653,472.719737092165,1.1608184448291148,4,5,3,1.0962672522201753,275.79479176283616,93.00596692569806,28,1
654,315.82977311483967,-0.47414351941696875,2,1,2,-0.5488813422915979,273.32020683464003,29.508526232176912,26,1
655,163.79015139778187,4.6217469381863765,5,8,6,4.568610551500008,150.98998575303568,119.40366443983459,13,1
656,241.88795289936223,2.3228134442742574,3,0,1,2.3055971328464526,275.29068286437257,57.00940900075532,12,1
657,281.54114819931755,0.8331458639481413,1,5,5,0.747055753098791,245.9431144943523,135.38908283421415,10,1
658,422.9586206658006,1.3818891024457005,3,5,3,1.258305328310478,393.0198338686393,67.82059029896959,27,1
659,385.38915233445596,1.683215243029014,0,4,5,1.7006527815965156,189.78977099845747,38.56713436329474,36,1
660,278.0483629489231,2.6035660001637035,0,4,3,2.5852997961773334,238.53854918987375,110.46460466790305,30,1
661,593.2576243964899,2.0940765661789866,4,0,3,2.050452389167305,254.87037127245492,41.39515881275537,24,0
662,402.8874096784436,4.516351839286504,4,9,3,4.524670810958655,247.6733842752372,117.97846702058875,17,1
663,218.61339586799724,1.9817808974349815,2,4,8,1.8297633268791371,316.4577069129656,145.85459073279515,10,1
664,150.89123631020186,4.952948088939876,5,1,6,4.979268381239552,203.8782143869422,121.34187294338403,29,1
665,176.42956959216602,4.108549746470574,3,6,2,4.066980926441618,205.26788820349796,22.91840229607221,23,1
666,222.97886419225406,0.25106308614401485,0,2,2,0.2750120329552928,332.3027371252133,97.98515244686071,13,1
667,180.34068662977785,4.5835712878634975,4,3,5,4.623536198405394,275.0726296695449,110.40338722606415,14,1
668,193.2835120256529,-0.30180161268714345,5,2,5,-0.18868648485852568,253.7889190143276,127.30958235351707,32,1
669,242.54758434692354,3.904698250947149,3,2,3,3.91499369264604,192.30076291931294,27.28030016207002,22,1
670,186.68679764737743,1.2837397608594805,4,3,8,1.3904116438649132,196.88180572804166,82.41401763379722,37,1
671,548.3827123132126,4.267845922670417,4,4,3,4.235654608557407,152.63790920397514,89.59821344299127,33,0
672,140.1168728308211,4.208340140644702,0,0,8,4.180922389308259,172.8565672154273,41.986232143743145,24,1
673,362.25569478512733,3.835552400705727,0,3,3,3.8264595834233597,289.20967367256026,61.918475262384455,15,1
674,305.1984134948308,3.7401826178423683,4,7,1,3.8175951079101895,372.96828250210245,77.22882441330148,10,1
675,591.1893084543033,0.8280748345882447,1,9,1,0.891170742290536,221.79119128263937,128.3172594345142,32,0
676,156.01945108402617,-0.5144843016924869,4,6,4,-0.5009771137063075,231.93680647403204,140.8229835891269,28,1
677,298.9277995228708,1.4178810725909687,5,8,3,1.2951075384305166,178.90140265287806,101.69496775929747,22,1
678,584.7352166376844,0.04114708991905203,4,4,6,0.10245300749568462,247.1577364017757,71.34287418279007,38,0
679,532.7535629469901,3.16970653341477,2,9,4,3.083566069936473,159.3054261423323,53.024032313868176,38,0
680,508.53603547463996,1.076598359226713,2,3,5,0.9850086198467409,379.4001740654751,147.67757397669956,15,0
681,228.95141352246992,4.853661205159489,2,7,9,4.739812696165721,318.2778370311322,147.79259974992658,24,1
682,185.44379369503292,2.845832464071992,1,8,3,2.8375155929917883,397.6872023483047,140.2470032705545,25,1
683,434.3216099622155,3.9348833818061655,1,6,1,4.056055811653234,370.7057906696234,122.1369894841165,33,1
684,564.6879945637929,-0.20485196354890944,4,6,9,-0.3013880179869308,268.24764842453817,62.35134068693037,32,0
685,378.3814465069649,4.172086893635735,2,4,8,4.339944488953144,279.9212577875942,126.21006285469198,25,1
686,385.8063447349499,4.536543143080366,1,3,9,4.627524165325723,197.64401162929846,73.14309224525243,19,1
687,239.98954683014207,1.9223715129136156,0,9,6,1.7759113065885532,265.5098357098889,62.48050276015587,31,1
688,484.74646659596846,2.637517626505865,4,0,3,2.5992401082880328,375.7569683732029,116.83249660061634,18,1
689,193.5218742787617,3.5888588054179724,5,9,2,3.484833778718892,162.7133559089553,30.355010590654977,18,1
690,261.83961820212187,0.049031763562475295,3,9,9,0.11552730933604692,365.8892007495774,26.31315402843602,26,1
691,312.7182193082084,2.0153964587806543,4,6,2,1.9165801240136133,235.23695041065244,78.23398063355413,26,1
692,353.80518934222755,1.3919781666338786,3,0,8,1.2298662189282608,374.8781912740775,77.93304410688106,26,1
693,221.20486620754014,-0.12175604702650533,2,0,4,-0.15432862470021416,385.21997658537117,136.43373989829854,33,1
694,157.41841236960175,1.2052065337491884,3,4,2,1.3221459411188143,317.7162217504765,36.39990251741618,21,1
695,405.3100212208163,-0.5909661436870386,2,8,4,-0.610217766071294,316.1059466481695,36.02691056881366,22,1
696,244.3152766201279,-0.8451285583030781,0,5,1,-0.8052841719674099,263.188584427185,39.16883806173715,39,1
697,390.6191107113061,-0.18900226507106344,3,2,3,-0.14527915531635935,358.8850561359269,23.865713968298337,21,1
698,177.18135763710114,4.7786906695350435,4,2,9,4.627463110260936,390.40318960832076,29.325125915938088,23,1
699,340.5700509274087,2.2971772153701018,2,6,1,2.2072398026546365,343.7704500847798,105.78308268777508,19,1
700,366.29471627579295,4.79493296691932,4,5,1,4.79557938563908,305.4841834391773,76.1059627852762,32,1
701,125.91176841121346,1.594987269980792,1,8,7,1.5392517716152532,301.6982239553342,119.26839872144177,28,1
702,268.30213909696033,0.8708967985115574,2,5,0,1.0413422535509733,362.36747539591556,149.03770341561582,38,1
703,167.20733846948713,2.0368511770414646,3,4,6,1.9140189375333756,285.3009414428246,105.67450854287017,11,1
704,131.68748523638388,1.6370701317974605,2,9,4,1.5461441214741756,350.9649715622057,26.559224180616084,13,1
705,594.9801161949727,-0.3660118944295365,4,6,7,-0.33695746848156194,277.2213137935614,33.5931724180644,28,0
706,261.1769224873615,2.8449578881412374,0,0,0,2.7821685543629084,165.61106874348104,134.530531025912,16,1
707,504.9372229273174,0.29622909505759765,2,6,6,0.007045835162576952,245.9867522260388,88.574472792574,35,0
708,227.32032738188192,2.7175277293869775,3,2,4,2.9109958523283592,261.1102394178747,127.2288307214462,24,1
709,440.7513611119646,2.9012065543889203,1,8,3,2.7937760157662717,185.4043112466543,131.3596037092404,24,1
710,480.1139299448433,-0.08785088122811135,5,5,6,-0.03176160895993077,175.6240822973032,140.5976903949375,33,1
711,397.81937030392214,-0.631902237335991,0,8,9,-0.7572413544584066,283.8662374142385,143.47779671322755,15,1
712,335.7880942750792,3.6845695164106385,1,4,1,3.5982660257023396,171.28590913902053,92.12735354542981,12,1
713,305.9204570736342,1.7588025426159213,2,6,0,1.5965092423477976,225.73629197252097,64.3326223932844,15,1
714,274.43413327149767,-0.6510172269671453,4,3,0,-0.7251365669934533,336.149243990769,145.0424336652398,25,1
715,564.7645721239129,4.969197903018603,4,6,0,4.904769721273748,391.1080448919952,91.16283278015928,11,0
716,515.3097038938646,-0.6533166340218002,3,0,4,-0.6665732017562899,329.4676451379821,28.352853984099436,37,1
717,582.5134553332563,3.170211373151319,4,6,9,3.132954488913674,398.15638711321753,103.56095150778245,16,0
718,162.14861174277237,4.902073551580481,0,7,6,4.757921568884099,324.58449281985065,96.3990175513514,39,1
719,465.43373760182214,0.4350806252955537,4,4,1,0.382690642461161,223.44861766358187,136.45307347631177,20,1
720,569.1702284105189,-0.14650378787682294,3,1,9,-0.0018027211993422443,318.01313512634044,104.91433459051562,35,0
721,190.61653308283007,-0.27169036346542663,5,4,7,-0.13885130892424535,325.539191299226,65.37681518000167,39,1
722,133.24813368338874,0.8196508854055733,2,5,3,0.8652195882970423,242.93174615411516,145.60934434175664,16,1
723,470.56032464502954,-0.39372513393611985,2,1,2,-0.32741520926210255,154.42846265234726,124.21053317766436,13,1
724,387.23655658995597,3.152968050164791,4,5,9,3.3590503302783254,325.79994619387173,101.95429038957606,38,1
725,520.914388379136,-0.6262492112196238,1,5,7,-0.5691244452607741,155.4250238188854,58.080276442405975,33,1
726,169.88618831314474,2.0565327688987383,2,0,1,2.120951754952493,307.7970195150178,68.56023852085842,29,1
727,497.6336559299451,4.980181123117861,5,0,2,4.823722820506506,190.90412218563876,107.09609013256537,16,1
728,200.81366002387227,3.883821617036113,4,9,2,3.7725585609122994,291.4008819370108,29.357506400231824,13,1
729,181.82797143285225,2.6913166293860655,3,2,9,2.6880475976859453,275.97825634515,53.36847691453425,38,1
730,182.13289896549645,0.83752172471967,5,9,0,0.7567775022122453,153.37841057654563,112.80712134155775,21,1
731,507.28736011569106,2.743375017749831,4,9,5,2.6435794890475135,240.71645424877585,82.40240627980072,14,0
732,432.59861034810007,2.16224878346991,5,2,1,2.074002878646685,300.2727918490757,72.31116342587592,32,1
733,361.53271238455966,1.5565003033422289,2,3,0,1.4141432391241162,362.15163797469495,39.689490912053884,38,1
734,279.41524206175126,-0.21573773955880315,3,1,1,-0.29487618816700834,372.1605284591293,77.44037448210524,39,1
735,538.6002704065542,4.319625291442801,4,8,5,4.353568846923891,270.9624925083058,120.1899561988304,39,0
736,296.2225537113177,1.698707892927935,0,9,3,1.8783402855764033,332.10562182485955,54.32166998934609,38,1
737,508.2997197357885,0.1677350709245904,3,6,5,0.2474332891959523,229.1136441333644,20.701810483878063,35,1
738,319.5674542851092,1.2065561052637377,0,6,8,1.2701716537676813,235.54660143966436,106.90563714962776,28,1
739,288.4722147124538,1.484778515173562,5,5,9,1.3224251767337214,198.61587979557845,146.44145857623184,35,1
740,331.3398928348032,3.9652273734012455,1,2,9,3.977157043903447,290.4870274983098,98.88745326651578,14,1
741,250.68893708207105,3.401686283368412,3,5,7,3.394990293038698,228.64103773184132,35.589841660526915,36,1
742,473.80469008812554,3.6158293618480393,5,7,0,3.644903471543157,171.09272410962626,61.6953020048075,39,1
743,351.3601950462396,-0.9338124134281167,0,7,7,-0.9698811603758626,321.2515216657947,132.79340991362903,28,1
744,216.10634757340864,1.496923989078569,2,8,8,1.663131663180036,326.9383019013495,50.233849653387715,30,1
745,549.7872866372843,1.8880649098119417,2,0,5,1.893342461441724,239.99810469476446,99.00046745468904,39,0
746,291.94561068660573,-0.8848463390616599,1,0,9,-0.8698240035679726,169.1808498640057,72.34725707301972,12,1
747,371.7764305569943,0.5588792524702053,3,2,4,0.3626352299855202,256.57442935085646,47.019683784554374,36,1
748,553.2360554822735,3.56173893873281,3,2,5,3.5510713705383776,260.5838645125539,125.74289616340836,35,0
749,412.11899795699605,-0.17734176562600568,3,9,5,-0.06241583062294222,317.1677212244732,116.56806594053974,20,1
750,158.44902035418204,2.21186078871555,5,7,8,2.2674183495296534,228.85409781467087,106.0068385747045,16,1
751,569.9160618067376,0.29121123210342503,1,9,3,0.0756521381291142,320.6498199453264,50.72375673493765,38,0
752,413.85402653570895,-0.9272753521366404,3,0,1,-0.9722428594512628,367.87213543934706,32.72141035313851,26,1
753,267.45280732854303,0.4472087455972489,5,1,8,0.6203986923335492,209.37151059054997,94.90071287737561,34,1
754,169.63603633169362,4.855242529460323,2,1,1,4.840178457432171,394.72988902997497,91.97811836012633,18,1
755,497.012594635148,3.8092226712979373,0,2,9,3.84146426956905,246.59203428420176,44.49005121353349,30,1
756,410.03637796425676,4.757459865926201,5,5,8,4.919360794654931,216.81467128676542,27.312070260972423,18,1
757,366.73054598816077,1.9271242635581745,2,0,1,1.9116628494034837,255.37779562757262,30.492099045218175,19,1
758,546.9462915254788,-0.34158280793497897,2,1,7,-0.2624798219391886,173.59936897596478,149.06022824665538,22,0
759,494.29860561226536,2.2877569338421577,0,0,8,2.328896521557994,181.42647662802892,121.86590631657488,24,1
760,175.83743986637558,1.7262640073597653,2,4,9,1.7887788937108045,253.60851174208284,139.85837187547244,31,1
761,255.86103389777412,4.0661424964376955,1,6,8,4.104064062121043,340.611130484775,45.357113890727234,14,1
762,224.24456990723286,-0.41150451529453247,0,7,9,-0.4662675031460111,375.0780598936227,144.87390972204656,38,1
763,471.9731462863385,1.9294468221306689,2,9,8,1.8846670669884018,316.2044976790677,38.54506569151107,12,1
764,116.7662173678897,-0.09970801183609446,4,0,1,-0.18516562987292695,176.30488880954243,86.18063771364125,36,1
765,384.94484243565824,0.9480555613403598,5,6,3,0.7840846494533309,318.00494054513376,127.86043897421831,36,1
766,481.22934287034525,3.424142464326798,2,4,6,3.5485954553944623,308.856980175743,65.47443608650532,17,1
767,538.3828183808747,1.856108776212599,1,9,1,1.85711707290072,351.4409795733328,75.22770931299706,29,0
768,271.0408743579537,1.2553297108746158,3,0,0,1.3747457291270615,356.3121666630452,36.664064338882724,19,1
769,510.62865233600644,1.3668576714202119,2,2,2,1.5233949388786767,367.05076894474473,35.97984439986646,22,1
770,155.3158684776036,1.7566806104359198,3,6,3,1.7620223585268742,253.5328786447746,100.54386922122575,38,1
771,523.2261458672591,3.7100992630223413,4,9,7,3.5787503498532787,324.46609883803603,107.81920792060737,12,0
772,163.7443311659912,4.352508133641407,2,0,5,4.33288931905616,217.06258973057768,121.05322683068513,38,1
773,298.64364528018365,4.73200811902357,0,6,1,4.664893758347258,399.83406999587606,92.36866684862795,31,1
774,498.64768288977683,3.721420317531771,3,4,8,3.523405271626272,193.833560344215,103.94870799396976,17,1
775,174.9587136743869,0.8924413744880764,4,0,1,0.8422684839951885,152.52860791520897,21.75724532096361,38,1
776,214.62569761632074,3.1288082365192533,0,0,4,3.121654515312802,187.202178629544,41.082194527834446,18,1
777,461.12628419653316,1.6256187443323515,0,0,3,1.561286304755886,343.9680723860317,148.0389195821976,39,1
778,460.01826827303717,0.5280237322763071,0,8,6,0.45086922358115833,261.6959191270529,29.879155821058134,31,1
779,420.57381644264865,4.045229476555535,0,2,7,3.91747589434224,261.8750619526071,108.24246889383184,30,1
780,446.97422223355,-0.76944190622605,2,4,4,-0.7498496913906223,388.7557299029171,42.890742294123115,21,1
781,371.3622216737981,4.410571952812541,5,9,9,4.597498881134165,379.90872700701857,113.17341614979345,20,1
782,225.89952945347636,1.768864787748405,2,8,4,1.8967271765535196,227.79868445100232,111.77875238505915,11,1
783,272.8479967519597,2.8232088608496824,2,5,1,2.888571549648379,202.26453219521653,50.44587777245172,27,1
784,190.79885840071285,2.9561235332346962,4,8,7,3.0236644451278005,362.12055248343495,55.05247189849654,18,1
785,554.2252806668141,4.370706444239218,4,7,1,4.357442129813306,376.50476776109076,105.12019276827148,11,0
786,391.69589738306024,2.820018093003244,5,7,9,2.63956677507454,285.39923069962174,70.71118504142777,11,1
787,300.42570838181996,2.6836015085603706,4,0,5,2.6466583396143006,307.35592777927513,45.29123606098847,12,1
788,331.00290182206635,-0.6000877566358602,1,8,7,-0.6970155253690753,214.22857117307336,115.11834784237263,25,1
789,573.6416698059077,2.1104481316712245,5,5,5,2.1259178066057567,350.2006719946312,40.03917816372344,28,0
790,176.6757015580401,-0.09898599509775008,4,8,3,0.024335475296125397,308.0306071122558,131.23367633884305,13,1
791,393.1149160083986,3.424602612328913,5,2,3,3.621943571353759,275.8783778244991,86.90703812673758,32,1
792,352.944339442233,2.073331524876047,2,2,5,2.0797936279941003,165.02713901959896,33.74107850430909,34,1
793,405.7271177173239,3.08136667525012,2,5,3,2.9146510415323843,378.9837406277884,110.22940335902797,27,1
794,109.05509191042026,-0.7499625963856944,5,8,7,-0.7436949913694966,303.8628550961015,87.49119514469027,29,1
795,536.0619544720757,-0.4912479037251807,1,6,8,-0.4822622874338425,198.17277367324198,58.74748433332524,34,1
796,566.0591412418062,3.297940328376093,1,2,0,3.365824715428713,301.59652924576324,74.93011942910113,39,1
797,382.56659179460445,-0.5674939840079598,5,2,3,-0.5694135390480429,319.36583855999334,58.78390666637484,27,1
798,448.3254119384461,-0.5724596334084484,4,1,3,-0.5658078060123805,281.4425841708064,54.193358646561926,19,1
799,561.2496905886478,-0.9273491485906753,3,8,1,-0.9905552243793811,329.52543448900565,41.269094709682584,20,0
800,453.6193171566993,4.739008389796881,1,2,5,4.707818191485993,295.3634869821561,67.15972730787186,38,1
801,176.26952145713068,3.4250501567540415,0,4,2,3.47637339943556,386.94239550803707,52.6283368210892,26,1
802,388.1441800834066,1.119508451012385,2,8,6,0.9186600793980348,163.4242696498267,108.84648331700922,35,1
803,403.35752319142796,0.7792134877259314,5,7,4,0.7474846311595489,176.5614271173901,108.90397635122982,33,1
804,312.065335651193,1.0982193784750973,0,1,3,1.1670093752746884,193.41790923858497,85.23923153223299,34,1
805,468.22211781236143,3.647921187087091,5,2,4,3.8119940811876445,322.54276765108307,121.13278857114173,32,1
806,567.1835073845075,2.968223666422486,2,1,7,2.9283900220094625,311.39896818745217,129.37416347078627,33,0
807,562.7842564533881,0.11117340720480762,2,7,2,0.22971038528718635,373.0147150524235,95.36963946645551,29,0
808,325.4196857020661,0.044656012004506085,1,5,6,0.21365839654630042,333.2193632209746,100.46157115924639,25,1
809,156.61902292037763,-0.4096261017196161,1,5,5,-0.44816434182588394,277.0888718911481,56.775168272227475,29,1
810,592.4205994811673,2.9618163182080286,0,8,0,2.9059954649248465,397.9579481159076,136.33299609171758,22,0
811,519.449043222967,3.5862359733304157,5,7,6,3.568028526321223,216.52698904232477,23.146785774928876,11,0
812,162.33134060163343,0.5902785699500241,2,3,6,0.5820833914437146,358.29791494636345,65.31832102756994,33,1
813,560.4209413086862,-0.8743302338145231,0,3,0,-0.7652479670289711,256.69759304847986,113.83405480148129,36,0
814,534.9481810310642,-0.5069699951414359,3,8,8,-0.5843425130923955,312.18378471893357,30.41163625725096,11,0
815,359.4190285630361,4.807160209070183,0,0,5,4.96096675268073,331.8171176131085,43.81203856567804,34,1
816,395.63771787246463,0.7726686648645216,4,1,1,0.6925929095918998,308.4385217975841,96.60714462217065,23,1
817,299.50135193506514,3.615338887028802,0,1,4,3.4888963950670457,185.12682577714833,92.79917729026253,13,1
818,127.38081941101566,2.747981413125583,4,5,3,2.8003591342814507,260.7377526869832,116.06067849702416,26,1
819,267.59862082295047,1.2916378379173752,4,3,6,1.414693880804296,290.35959448328106,125.63964308146234,22,1
820,501.42672429900574,0.23412357317333066,4,9,7,0.2519891212746219,362.2609397946492,36.715345206516986,13,0
821,102.31601150230144,-0.27168149104356143,3,2,0,-0.22817305124693404,260.91143719964305,22.389528670781466,12,1
822,266.7495858455721,2.6900778082332,0,2,4,2.885507532035731,379.6868262010629,109.6530075556578,21,1
823,299.0843467954717,3.647802683826728,0,2,2,3.7722679619802584,260.09355575630264,59.1809334496267,31,1
824,368.6978014689614,2.863425521246784,3,5,0,2.8665180630250338,287.1949648157529,101.37790880933397,32,1
825,559.9278082063802,2.18181279949495,2,7,2,2.1386981111767565,349.07142073570026,39.57079644808921,17,0
826,273.1729971829806,-0.7482926594101824,1,6,5,-0.6387867727620438,295.7669211055359,80.97520606657517,11,1
827,273.47660094811386,4.810932665566303,0,3,6,4.893861056908891,390.05451809570616,85.5752169882468,15,1
828,468.7506240548742,3.792285149927448,1,3,7,3.834142818193456,315.0839576285319,96.06011612851809,31,1
829,326.10897044490355,0.7569322202057884,5,9,3,0.7242308516064396,280.6773635169003,86.71210212297336,19,1
830,212.302411469991,4.879821976153104,5,1,2,4.8721830125264205,155.89799194519895,84.4398001297328,21,1
831,326.2197580663467,2.6112895378179326,3,0,4,2.596537581356127,253.43322439508245,63.25544001790122,30,1
832,170.42851018989992,2.494535949243479,5,8,8,2.4634990708853493,224.81210481504013,29.253430721351208,19,1
833,188.19349325311165,3.488439076577192,5,1,5,3.428324262917594,337.0264169718723,31.6376255835895,19,1
834,349.18388636973987,3.8706187285408253,2,7,8,3.8971385921356556,202.06941878838643,76.39117567292998,32,1
835,309.46272475227397,2.9388716439890157,2,8,5,2.8742401144120815,201.30502182351796,66.2531066167291,12,1
836,557.42295053405,-0.23142552180279985,2,3,1,-0.21368760471135306,197.3797608093442,87.09752460768472,29,0
837,281.19694955831653,1.0296050359669904,5,7,4,0.8196177127450857,181.40390328905897,59.628962003314705,19,1
838,390.2941751390217,4.568501841956298,3,8,8,4.508514425096217,227.75175091772184,109.42831188919216,38,1
839,416.1321439597652,0.34769367106311155,4,9,7,0.45752659113251637,371.48052861085625,132.3141268612364,18,1
840,106.54722829416681,1.2330021430250797,4,9,6,1.1429592204786307,343.73211807648875,58.8522145422928,29,1
841,431.7686860083553,1.5924612976651762,1,4,0,1.6516714937694905,333.8128040766984,45.087921032073716,28,1
842,189.0179834348757,1.636429938166713,4,6,3,1.5547015631634051,349.33420141249064,35.10347465303158,23,1
843,580.5351587347276,2.6776374949671533,4,9,6,2.7552160606464753,217.3544723323929,100.11302527420563,11,0
844,174.33136387655648,4.658455026468245,2,3,6,4.628744131748391,371.86042268812196,77.70127884827403,14,1
845,307.3120618635119,0.44415627099502974,2,0,5,0.41049161055850114,184.3258437854011,44.44204323551756,29,1
846,142.67483403932192,-0.2709917421944916,5,2,7,-0.26555659433978995,234.08643167889548,104.9077753279412,38,1
847,598.4371259229737,0.1848229391596239,1,4,5,0.05048024244745433,296.6870297418357,39.30281379068697,38,1
848,351.0975051656213,4.321549401255617,0,2,9,4.418758483131263,175.72627208550017,92.05909176023383,17,1
849,397.6925086600219,2.874864875931236,1,6,2,3.00520822008281,332.53254694410623,88.52928961128441,16,1
850,133.53823869421373,0.7154407354349608,1,8,3,0.6794375857354651,246.81151205086874,115.44961415419083,15,1
851,474.9802351995889,3.8956816338117033,3,5,2,3.948102050901858,346.1014164021,27.16425319228668,20,1
852,204.9527965477929,4.168219978180616,5,9,0,4.246111046201822,273.2240713961507,135.42348114067295,21,1
853,549.0271447203569,4.079086032141668,3,0,9,4.069960276908505,195.2186311063341,111.38892439908653,27,0
854,202.56982024100358,4.513559201837326,1,6,4,4.40273448656554,333.6904528388361,48.09637978533909,28,1
855,195.3438603318333,0.5134461210401695,1,2,0,0.672854334235354,213.0359889597359,43.842695319266156,19,1
856,118.27483392404744,3.5302515724776695,1,4,0,3.49099940198479,272.7025753170107,76.11582783869184,34,1
857,336.03347255499966,1.7632369836448403,4,9,1,1.7023235067234592,168.8833172892269,126.2834928407976,38,1
858,382.4205666313082,4.051991317340369,3,3,3,4.215870510473762,304.4666636030092,129.5834991080839,34,1
859,132.8543197141762,3.370944062969679,1,9,5,3.4319499397252993,316.4644415540693,87.6592919781198,30,1
860,487.7638083475053,3.6586846789983483,2,4,7,3.6844276866041494,244.66855249319588,131.9054121492759,23,1
861,326.6444173740138,2.936971026086429,5,4,2,2.839894959746174,388.60569508026845,20.707682194919773,12,1
862,362.19513466379004,0.06457261681824122,5,5,0,0.1448530226395633,368.54223037051713,24.57270209910756,27,1
863,320.38137346911407,2.27016151338163,2,9,2,2.5598133739336046,326.98522893499864,138.53680717277655,33,1
864,300.381530437663,4.908018437147049,5,9,2,4.996069203534903,328.4130186234357,120.79315088516908,24,1
865,379.82016565410896,4.624328398982714,4,5,4,4.673937248611971,213.1004287355378,78.59178757255015,15,1
866,177.62012296535625,-0.74095758521793,4,7,3,-0.6688483055693204,314.2038077721122,117.96931709213833,19,1
867,190.96406524763557,-0.011111105623377249,0,7,3,-0.0439226389402315,199.5515663088799,144.2331300240448,36,1
868,530.8928105067587,-0.20962735927262854,0,8,8,-0.2433924322319434,186.00080597995554,120.37163810456705,21,0
869,573.0577310668164,3.3558794599117725,0,7,6,3.320834911488151,399.86697355064507,129.50827339638187,16,0
870,286.65465813987646,3.9067119791416705,5,1,3,3.849216983602983,305.59398286829355,118.87885558070803,26,1
871,235.37233657177688,0.2810681978640315,4,9,2,0.2458237112864297,257.74696816429764,41.86744201636041,10,1
872,421.9997716195079,2.035116157710974,4,0,5,1.9994054384860822,222.04113072098784,128.36463425394578,35,1
873,304.36708554904817,4.0442181680672,4,9,2,4.019749717183787,300.98011091555685,45.364146603147304,27,1
874,112.69317783017243,3.3968092685975035,2,1,5,3.3695414654394935,162.39837705502154,136.03947264573912,35,1
875,178.07629868309516,2.2534232329510897,4,1,8,2.2777244186520598,173.67024762619877,79.62448675053987,24,1
876,457.9861144236988,2.5420861427526376,2,2,5,2.5499654445734223,158.2141744350991,108.0069778004337,28,1
877,429.4619709550757,2.05016328149768,0,9,3,2.06689952684885,274.79245831566544,84.64131022448365,37,1
878,113.54799625174175,0.7852907079129234,0,6,4,0.9375204642473717,300.15165729679563,32.218820824158264,10,1
879,210.98608096647473,2.3901319571540967,5,1,5,2.397805381025748,165.6199403394552,57.79389999068646,39,1
880,215.5373982940357,3.133311812300544,0,0,2,3.354400911580622,330.3061168747291,147.88514101961078,14,1
881,435.9463717993642,4.239937495164846,5,5,7,4.275206449147108,207.5987678786411,144.89291771707627,24,1
882,109.85526887718208,2.8177481238754885,1,8,3,2.773022164787205,321.3003634424665,61.66329669522115,12,1
883,152.05429099228692,3.5667292222589477,1,2,7,3.701687546163648,395.4742850088114,149.51858455187934,10,1
884,499.9580426865947,-0.039570190272562034,3,5,9,-0.04752291704338189,322.77646751346276,129.92165541459696,17,1
885,189.2723310271668,1.7693448465187394,5,2,9,1.5299764313453266,370.79826323090214,99.42473492619311,21,1
886,426.37305392593737,-0.9440102810374402,3,0,2,-0.9444105952209586,387.04962668576684,25.216200633931233,36,1
887,219.09139052336326,0.4800731871297381,3,4,9,0.45515560333534233,271.6877620880789,137.18808783998935,31,1
888,149.72069637967257,3.358770290678029,1,9,6,3.5194250293068627,325.5812448549267,92.46580630436156,34,1
889,221.58609549972704,4.95085970809618,5,3,8,4.861103039596143,362.99231338896044,132.90189965636006,28,1
890,461.1334659278296,-0.40493140247670456,1,6,3,-0.4381968842845318,239.15222821859652,128.4757855877465,34,1
891,527.8482340531428,1.4089658951677295,3,5,7,1.5357298327737754,215.34932914009872,128.2908079761412,34,0
892,515.1099322834958,3.8004258121949572,5,9,2,3.839866665467375,386.64964319458466,110.76260189293765,21,0
893,298.5917648092274,0.22421380777339306,3,6,6,0.20706812527607968,331.57587509220446,57.88396802788632,22,1
894,434.04256828532306,2.3305096958137175,4,4,2,2.254861129166414,204.92053334395658,63.70083350678758,37,1
895,202.49214770791048,3.398427776178049,5,3,6,3.433602348865552,262.27084816902834,60.10099763574922,10,1
896,246.57386513050662,2.695912701561074,5,6,9,2.692982587239247,349.11294238445237,22.60597993923341,28,1
897,548.1679092605599,0.1281484076924968,3,6,9,0.051365481171777055,286.76574772961055,95.73395819792546,15,0
898,106.50096175536802,1.1323074121144368,4,5,5,1.0607227579816503,312.48802454147227,110.84837715798427,17,1
899,142.75426542723403,3.702750706912383,2,7,1,3.6213034954678744,338.4420505112631,131.00257915827646,13,1
900,203.94312757301367,2.3253590847920997,1,3,2,2.226103523415712,305.50229720224513,38.221506339754946,14,1
901,113.26610193690986,-0.9686223187425236,3,9,5,-0.87521894274529,285.01983048054893,90.74380936698422,34,1
902,190.71771754489868,3.565944560168563,5,4,3,3.645883896030607,337.4035710969433,21.04105828759177,31,1
903,391.5207804848461,-0.7881318703585656,1,3,5,-0.6945644247199863,331.89075885805016,32.36217420239483,37,1
904,310.712275296249,3.4744026963873926,1,0,0,3.474852651264245,307.4681000457947,27.0475267467791,16,1
905,546.3358555384874,0.21488336099142447,1,7,9,0.19062048221140881,239.94735334548238,114.3121444220133,32,0
906,508.7217808692204,4.748440880716281,2,0,0,4.726002669727147,251.45302305006788,30.53774330408841,13,1
907,270.90867584893795,1.2076445078125069,0,4,2,1.3097546651031178,392.60963722102434,113.1388876026427,29,1
908,229.71171671564625,0.9615896980284746,3,5,7,0.7795749158288917,178.09648307288145,52.451211573375836,13,1
909,289.84620408363344,-0.10667169800533194,0,5,7,-0.15812030834107418,217.12622931320882,134.10268489060212,39,1
910,395.1474712574039,0.8336252929412893,0,4,3,0.7448907301908475,273.1004398010839,125.70949848729583,24,1
911,234.03182041143813,4.259904570969203,0,2,5,4.395893325628044,359.18242153594645,144.51792827178593,36,1
912,412.074453924567,4.978006025763484,1,4,7,4.930260273418773,190.91891593243196,134.88906200954415,30,1
913,304.7058260956202,1.2098571830410902,4,7,6,1.0462582994971128,219.23865453115246,141.33282448512514,14,1
914,376.0235904259901,1.6916637857272554,1,1,6,1.7140061499519343,166.44955444880975,131.63651154673,33,1
915,318.06326456765834,3.332425629216422,1,5,3,3.2954142097270305,326.49631651270465,110.1396470799312,18,1
916,247.23287977095885,4.317174682790447,5,8,8,4.261481802021951,209.55235886890404,42.133689776306674,11,1
917,574.2266534810783,2.558266005120705,5,7,9,2.492262809448122,247.16868766773763,55.32197745103208,36,0
918,481.80289707988044,1.3491541890669758,0,7,5,1.2792057111508952,260.92536175741697,47.6545055969355,16,1
919,170.05658788322626,1.4757310450917425,1,7,2,1.546587076577407,372.82848390161394,98.46615239556672,26,1
920,534.2339879489564,3.1737088789808414,0,6,4,3.1960876156366256,252.8325725828092,85.47059193656818,25,0
921,343.7155991247568,-0.9806904183743279,5,7,4,-1.0004869939373808,186.30625497881226,132.72039963059507,26,1
922,547.2761134470456,2.717536024759044,4,5,4,2.6077121370744103,281.07873458503025,143.84747264487984,29,0
923,499.9276279736576,1.1329580626481444,3,1,7,1.1160687303093524,390.7394986621574,72.63178565035876,35,1
924,312.6067522346167,3.765183987662505,0,1,8,3.7912467734225075,301.92141026270275,85.8255719265056,32,1
925,111.2346541600587,-0.44205616106120704,4,7,8,-0.412190716235258,395.8468051151432,146.2971263845381,11,1
926,234.33867969247305,2.5292136016903433,3,0,5,2.54530203998952,360.27682723471753,55.911062411008665,20,1
927,370.8171073304335,1.8858373393167422,2,5,5,1.7935780726339894,158.9914390533532,123.01080079664577,11,1
928,416.73910991307366,2.8539531554313644,0,5,8,2.6136354961721624,314.59989884426045,49.281187303582016,10,1
929,228.94384271660115,-0.6108784331021899,0,3,3,-0.4309165570969966,221.6917193894709,108.58981500528536,35,1
930,169.67803703641206,2.4799027245687877,2,9,5,2.3489390371579346,289.90421391118093,52.97003159301334,11,1
931,517.4651183996496,2.368907527757142,2,2,3,2.172411731890448,219.83629773280666,134.8853405480803,38,0
932,592.2010903517761,2.363960566497026,0,2,0,2.3770121277974354,237.2176041513226,92.99213268576798,32,0
933,362.8450911513429,2.620925999578729,2,0,6,2.4500741492556566,380.79217793854485,44.171373313669996,18,1
934,185.83964292415175,3.058807623358174,1,2,9,2.978327748500685,201.6607962229263,49.16799284080318,31,1
935,236.15366325968446,3.829933998084618,3,3,5,3.884819040665501,368.5272795064576,84.20039544205304,35,1
936,109.19533827373337,0.618924320769286,3,4,8,0.7961930476166906,157.6144520176242,145.00826332473423,11,1
937,557.1494032802495,3.950296461080372,3,2,6,3.9890476419076095,172.7191345924121,120.05348130487508,37,0
938,158.87554144507055,1.9895340935807218,1,5,6,1.9456181664930337,363.6687603460659,83.48025356735987,24,1
939,388.2582377571268,-0.537650325194013,2,4,1,-0.5427922806346972,307.6390077272988,63.90348879308822,19,1
940,237.027610343603,-0.6486944245361248,4,2,8,-0.8295530202536151,336.80903450988757,91.40490413529754,24,1
941,377.0890012578967,1.005429912176365,2,5,9,0.96035470125985,202.35441770546356,117.28690834572056,19,1
942,425.7101941759321,3.7093818626688053,0,5,8,3.6644037022761107,284.2708638975259,121.910716498864,38,1
943,514.8709018536008,3.2460856084454948,5,7,5,3.2614184746592128,334.30480589282615,62.19914375260281,34,0
944,203.2106358803016,3.731689788034439,3,1,2,3.925908749303816,306.82853425256565,113.75070486780403,32,1
945,105.49791432924025,2.103614338649656,2,0,0,1.9099348097764324,267.9246917228024,105.5125414047042,36,1
946,168.44281503440362,1.6411939877329433,4,3,3,1.6004262265754947,389.9459466094287,144.68459795951821,26,1
947,550.0093209240525,-0.11528483976229631,0,6,2,-0.2986357941614809,319.0393333633613,141.04173776604193,37,0
948,536.9450387812576,0.9691565216558693,1,9,0,0.9188201123308185,376.93770006030945,122.61931232846501,18,0
949,398.70655108515416,1.6041161970432514,1,2,2,1.517655982931452,332.4426278934203,114.0413095511407,27,1
950,400.2584302168267,-0.4683974219222966,4,2,3,-0.6178320526724366,333.8658821494208,55.62540666155586,13,1
951,432.5183372731277,0.32367171626726754,0,4,7,0.4149809193202455,170.00456743941984,129.97548329280932,18,1
952,187.6856393117248,2.5893517643824326,3,4,8,2.6149165347674757,239.86615546348588,75.5757414827376,25,1
953,557.2059729624799,3.413978685435139,2,9,2,3.493564248400544,364.5923516799146,55.39127052578581,13,0
954,309.38526244603656,4.990085068357698,0,2,5,4.936919685890948,208.150965537189,69.94089853395013,25,1
955,291.56926412474877,4.598679988061346,1,8,9,4.591608340483338,178.87646653911654,128.67161370214603,28,1
956,359.4588526414188,2.855391197211149,4,3,4,3.0148552613327806,231.52651415969837,39.32231802512505,10,1
957,123.48298338752753,1.5274883197644318,4,2,5,1.5272163002535206,205.1094712231535,79.30063634557692,32,1
958,183.1416843780397,2.8170641882493963,2,1,3,2.8978598431653406,381.32204869828877,84.00648728883365,15,1
959,469.01680821318524,3.713909708481392,4,9,9,3.652164078209719,366.9916605005328,24.76186068784652,19,1
960,141.39933396256322,-0.2899828544596761,4,8,5,-0.21838112012325006,274.920807570726,45.44698384126149,25,1
961,401.5760547331941,1.4594293381777295,0,3,6,1.4045374021971992,165.335968620967,127.47651571486134,13,1
962,222.67455484066048,4.0388137138137035,3,2,8,3.849171476207736,328.6405865232891,127.99976051731888,31,1
963,294.64780702098824,1.3029977115982643,2,6,9,1.30223942280616,305.8529328340661,58.013960904952235,31,1
964,244.34686838534992,2.4312336273631194,0,7,6,2.384203313102723,392.638667682124,133.7366404977304,22,1
965,277.8363582324746,2.5266161651731895,3,1,5,2.3641380292334633,289.7383100675942,120.33178207888521,25,1
966,459.52295259212275,0.10685751880183614,0,6,0,0.12600680396915354,234.09843085072737,74.32797289340323,29,1
967,248.5608578115875,1.1734126499137303,5,4,1,1.084060001418398,279.7554233946389,117.29282477265492,39,1
968,383.2023201484486,1.0070677324515929,0,4,0,1.316331860297861,394.81582285112904,144.97350205532481,38,1
969,338.0252010995498,-0.8428197488076112,4,2,8,-0.989263972148978,324.09060813325766,79.66606334849534,15,1
970,431.83558268132407,-0.8548494166518685,3,4,9,-0.9761419108968825,317.9940344817628,50.99553326395287,35,1
971,568.414869662379,3.990182262054641,2,1,9,4.07713737271942,210.17039743147134,142.43614500652026,20,0
972,466.28604860512513,0.6384248598368745,2,3,8,0.6251226717728656,335.90062939015445,98.48675751322334,33,1
973,207.47018929537836,2.1084725974328924,3,5,6,2.1933928283591144,337.56795736794294,33.684471122455285,38,1
974,115.59156753064234,0.7923534415326383,4,0,1,0.8303925469224284,229.32224594397633,94.44876606136962,12,1
975,231.13202214991253,4.644075470692043,1,9,5,4.585844757898925,270.9284580976783,85.07551562827884,29,1
976,397.5389653501274,0.5557805531946425,0,3,3,0.4178713138866793,223.65083323511402,131.22655622982325,19,1
977,125.71290674212517,1.5779408764336105,4,5,0,1.6850491845064137,214.67626758107167,88.99037466925778,38,1
978,348.18312360061816,4.236381502907611,5,8,0,4.107536484348682,156.47401756237127,53.180216464756846,37,1
979,398.4214244584446,4.051601400750852,3,1,4,4.107491996867268,221.30293616333302,107.8337283024355,39,1
980,267.1219454084804,0.1166085070776639,0,6,1,0.20850838280334877,288.4924874695687,90.53480882962542,10,1
981,485.45610187291095,3.815859858774262,2,5,3,3.803168078371266,150.4002968872572,50.29580167469342,29,1
982,153.2991265668859,1.749121320427356,1,1,0,1.7187065668585757,220.80477095241685,94.57162153257802,20,1
983,137.56889086790437,1.8978132325121315,5,7,3,1.7994406220460295,370.3525830808125,126.79962512565919,35,1
984,464.0943781018017,-0.1991201655043373,2,6,5,-0.15284589383390712,298.4121462768402,23.714219304121357,35,1
985,347.74565810309923,-0.5163909174572521,3,4,9,-0.8209838005654133,301.9657060202451,102.01063502386452,21,1
986,444.201198213868,3.367635841842591,0,4,3,3.439208475748272,250.8410762565883,65.44607545197097,23,1
987,317.41366930187314,1.9787669141317985,3,6,0,1.99071454822937,319.11803587310277,58.04728794872514,34,1
988,223.2010166195534,1.6211042156910773,0,8,6,1.598822645719109,197.4831915575898,71.03640754694447,17,1
989,509.5511588370999,3.3770493719143806,4,8,1,3.401279599380765,354.6867025960479,64.46294635223762,20,0
990,499.7079394844896,3.5930773939466585,1,8,8,3.4557217547534456,179.17227998397496,128.1910838720974,13,1
991,447.34823542721335,-0.04655099398387863,4,5,2,-0.28785026279146697,314.0003386632773,55.72371539982707,37,1
992,236.07256861498135,2.661350896865848,4,9,7,2.708208403861244,235.28733145492077,115.3098930038561,16,1
993,395.1153334345436,-0.18787550633388683,3,5,7,-0.056220889115417866,336.8782426456192,32.22777662971653,19,1
994,280.48694847001343,3.5082505161742743,1,2,2,3.3343103189806005,287.44113781650503,143.68152842297403,28,1
995,145.79103666331707,2.941730937602837,0,0,3,2.8364829299031955,263.08825961967904,100.90116284231173,34,1
996,558.6567877311213,4.7396877265007475,0,6,1,4.814920215803491,192.35560052331175,111.87341501579282,35,0
997,168.4093154594807,-0.5862519018614729,5,3,3,-0.5503629258667877,309.2053660710882,58.74511317227863,13,1
998,575.1186769104013,-0.6576716730924741,2,0,8,-0.36136082746180326,393.69246085510326,73.5725539320549,11,1
999,323.00288647897787,0.6931224481592009,5,7,1,0.8006881950417908,356.4008562267537,49.09119021522691,35,1
