,Molecular Weight,Surface Area,Number of Reactive Sites,Log Kow,Water Solubility,Log Pca,label
0,88.46941717910872,66.53343517918886,0,2.431716712145058,0.04131806868100148,1.55226703026605,0
1,363.1002066137787,68.56931123423868,3,2.9697046404649026,0.12343848860081602,1.4324687269027687,0
2,852.0928287372587,195.43335555849367,3,2.260535415099257,0.13354132782222414,0.05193722088581143,0
3,123.16883131740953,59.96751451979814,2,1.7703354075668738,0.17760162593750606,2.130186212944295,0
4,424.67628118731915,119.82763207794756,3,0.36049560766926947,0.1595895052527991,0.07230934707052894,1
5,43.36610845020861,66.98120053833223,4,1.279969080144561,0.009167577622658274,2.1118995011047894,1
6,114.01733371973732,168.7074214620539,3,2.4663173476825997,0.0043945234440021744,1.5788468822927029,1
7,200.4497233290161,61.97196566126073,4,2.6601204064960093,0.1085978591316371,0.9539920185938159,0
8,915.2680873745875,100.31734418577747,4,2.0155378771145704,0.0472227684388922,1.4672026707560406,0
9,679.7765316313277,142.849591240147,4,0.2526774502482756,0.036395286897500045,1.9572459482352964,1
10,425.97463468132656,22.023090284512257,1,1.2543079816105616,0.0013503984446732844,2.7270274760042863,0
11,389.05822376792656,23.576923320675157,3,1.7198045971520024,0.0979983773821399,0.21160804101461816,0
12,997.1284470016635,110.40951248892983,2,2.077465082669509,0.05583396061600135,2.414466118655204,0
13,782.1990752785247,191.3081552785997,3,2.6925077679357416,0.12105135525613885,0.5929798107234138,0
14,959.725451565942,110.1314910443685,3,2.5830338855284176,0.01655606370082636,2.1867430515891977,0
15,988.9598342479529,59.56512910302576,0,0.39562190180239576,0.13764424850764173,0.592417043090427,0
16,255.0797817596836,83.6844623151855,0,2.119353589089463,0.14786559462231225,1.4744522331095065,0
17,698.5100628542192,42.65959620129438,4,2.183728066148106,0.18990856618538107,2.8892839367575895,0
18,729.522281983541,81.93081509753435,3,2.847194526583232,0.018367395814279753,2.406903622285558,0
19,804.6536085028989,38.664162065848615,1,1.6708225024311907,0.07604118417204564,2.7007876923365295,0
20,722.857424656288,100.83251401722855,0,2.0072212730889585,0.12101496493247824,1.9178340272755579,0
21,738.1172913942346,158.91890188779237,0,2.6813928063058583,0.011698255680044546,1.581912638407971,0
22,268.74227542659855,199.0356425020173,1,2.645035306433984,0.009426847805629968,1.7616006274126605,1
23,482.8761726117061,92.61991490327246,2,0.8114014808388934,0.11818822705627174,2.8023067977730927,0
24,402.74123374935346,5.747163957969725,4,0.3954432211462744,0.09596327853858018,2.043278955234639,1
25,320.20025233283366,10.695566568563741,4,1.8188292129848462,0.14735756808612213,2.026438789185536,0
26,495.71776059864646,126.30311646030776,0,1.5897985192575703,0.03571821121614778,2.3502987880771755,1
27,510.11621049229603,85.7196704734301,0,2.5053614606165997,0.011071019952258277,1.8357892243680063,0
28,224.3931557293649,9.149385021633583,1,2.9479517006306186,0.04871551827378828,0.7780931296827621,0
29,411.21112311191456,93.70590105797628,1,1.6211730268040871,0.012641054678386322,2.5233121683839013,0
30,615.9117084694091,6.532584019366516,1,0.0455280429725754,0.06250610680417323,2.245117736713349,0
31,310.00326853758395,153.44192879821253,1,0.4800928014158673,0.0757487855373356,1.1199082053819769,1
32,767.9206796065445,6.302517089677084,1,1.1989389557155452,0.08322371003659886,2.3200828202926465,0
33,154.84835633873485,56.28834130496572,4,0.6400816556630856,0.038000261221115376,1.4259790501604392,1
34,747.5880854751911,25.789476447093485,4,0.1804043021086944,0.1878122214208111,0.6758561801697555,1
35,375.5953508450456,124.93910789924747,4,0.566901064494588,0.1506630584727747,1.254954766860528,1
36,116.20942440711379,55.127688063168364,2,1.0060057847122552,0.009928584613272529,2.0580925959905203,0
37,852.91527167283,177.18752350546075,3,0.7201577787801903,0.0808165325186163,1.5891210974834307,1
38,1.912096612977976,150.96365108863048,1,2.8251958627855194,0.07252360300223788,0.07441089290242053,1
39,131.52116007395188,12.794318037205855,0,1.6175619261701861,0.09314396329330597,2.1168010712680387,0
40,454.7235405501767,73.57409860874735,0,1.2546337945824177,0.0725135342733421,2.7305856938869235,0
41,134.73627239554432,2.092461804609358,4,0.4804816746748827,0.01888902473585883,0.6370350599074404,1
42,431.67883442250934,192.0906726314016,0,0.5847417083156584,0.11171581481354516,1.0489969352350959,1
43,382.89929637031116,172.1620441066082,3,2.037811760437815,0.15651093503738941,2.484137609515102,1
44,499.9980216916833,43.06829220269297,4,2.0528380108951367,0.17526210729544106,1.4579410630482217,0
45,529.9806782991722,32.40243823234981,4,1.402682769591884,0.12500974006378737,0.5337049054712117,1
46,403.2632125933131,103.6334031721102,4,1.8191851896586377,0.13075217391648927,0.07033164369358735,1
47,411.1829751457222,169.86023153470876,1,1.942013799481937,0.024151090596264326,0.6812996687937818,1
48,888.5214954179993,51.31784449777142,2,0.7647512275653224,0.07275364996371485,0.03942922611258737,0
49,431.3081648790786,163.0648924320503,1,0.4697377130198226,0.10046387255345256,1.6521067339440476,1
50,328.2231233551295,16.531630844747514,1,1.0163305435477188,0.07015604004482319,0.9008240181446142,0
51,477.80741356349466,2.1770680545756704,4,1.5066032652114396,0.04265797461561258,0.05563705902736704,0
52,464.6061208426661,33.046987191870755,2,2.424888199030982,0.0636085194775852,0.9200490205461016,0
53,849.9500210633947,49.917670706316386,0,2.5697619373731335,0.18376477747091446,2.3427150992861074,0
54,681.4756537341794,146.0502398553248,4,0.9798429628164208,0.10808551115359187,0.28882618241082525,1
55,135.76660563931665,190.3603017157853,1,1.3046239729788889,0.18981910707540225,0.7922433966853872,1
56,682.0721774839726,194.88223891966325,4,1.8997450220221959,0.09659425715555246,2.6114005750194913,0
57,259.69097130220587,30.540116145609876,4,0.6859168225387717,0.16874732221258756,1.9699958196432297,1
58,854.5565386820892,146.38297019431673,4,1.2375740741497712,0.01694549730370234,0.6692415380362345,1
59,921.5200535747931,83.76666747847061,3,2.4261294980769805,0.12911589251759992,2.722785546243575,0
60,852.5789469904954,84.8815711901824,4,1.4913367909140882,0.06443294705241574,2.4250898931176206,1
61,79.77205305592582,60.13796140140648,3,0.552518343424188,0.07012778591868236,0.04569531463061516,1
62,487.61305967074173,107.81175686428774,0,1.2583741916179205,0.01650031341212894,2.5654096131779633,1
63,166.86943165681834,4.166000329632014,2,0.07287957200189388,0.16582351842215404,2.990182225894659,0
64,522.8989328445817,41.32361478450777,0,2.730613328800679,0.04173738240182623,2.9452041969430454,0
65,283.23208566558225,154.33725887443183,3,0.6773233867737882,0.08768157508360408,1.1448940996126178,1
66,677.5452729596236,195.900747577724,1,0.1647698416444986,0.053380929895909125,1.4008685747077558,0
67,521.6744649693302,36.20349777735565,1,0.5515496495053862,0.08461974990230783,0.8258849765632716,0
68,305.6940215387337,91.55248623481285,3,1.2802089712703677,0.09453180096321355,0.37552184362441987,1
69,835.4805219622165,79.16116790917664,0,0.5542785419937137,0.1878675659025994,1.6845580821102426,0
70,290.3413496040055,191.80378535236167,4,1.0361936751024023,0.09891466146297706,1.9125977077677914,1
71,447.1271940917882,97.85485123085844,1,2.1889518004017825,0.19695210655859058,2.4866358935991246,0
72,208.99637708844875,187.42981323426747,2,0.7638652196789623,0.06998629255755472,0.1778015777032994,1
73,602.3133729368654,40.605711534837184,2,2.4855145548865787,0.10370283366316842,2.8881658535061527,0
74,892.4645456266303,32.73284415548774,2,2.4509359063079836,0.1499365500412921,2.4974238497204144,0
75,392.2309803511551,49.72316502836445,1,2.920537691470116,0.10648880877289646,1.817154555806622,0
76,80.15246971420054,170.12240108217165,2,0.5271657305391239,0.17210944172512108,2.6398200366361633,1
77,116.1735702675154,174.96999838310353,2,1.065605900480406,0.08816375749151911,2.687735437937916,1
78,848.6422684937883,181.43449412034784,1,2.0484597276795844,0.16025648723334562,1.6175601195564648,0
79,87.44129666086819,153.19431135305894,1,1.4471645155813562,0.009730492680117298,1.9614056087976692,1
80,814.9204298606176,143.49952450317608,1,2.2346627636762664,0.023981263471797812,1.2126225891233493,0
81,616.8906310921325,107.29209301936476,3,0.85770501602101,0.11400099057439957,1.556762119831823,1
82,163.77953619862285,6.232404364996502,4,2.6620810633843517,0.04598870662815857,0.3278683008330632,0
83,540.8290419693707,139.87813897020308,2,1.014332050171752,0.1692284396805619,1.3363702067443421,0
84,429.4007038725921,22.86129224801914,0,2.4905656650750294,0.10928754059213597,0.7190258997506259,0
85,673.366428606103,140.79938808723796,3,1.862454298747355,0.16212076441566714,0.5984692411295863,0
86,116.48103777509633,45.354273600598894,4,1.109669973598432,0.12378114999905028,0.09700900089412168,1
87,940.7952362089226,170.80605002661068,0,0.05156787278590291,0.13275479775409063,2.620293875731277,0
88,7.266639230657179,37.72317168196413,0,2.010689386399327,0.12946332586451897,1.489801847556611,0
89,728.4099948029414,184.27285366502554,3,0.5497542171462906,0.04246329134306477,0.23874431156288534,1
90,436.3971553925978,111.1332836937321,3,1.3060538402272073,0.12298694167114,1.7254443823137826,1
91,365.1548520068217,22.666419877600894,3,0.40273795267718493,0.11932784000878348,1.0530060655028946,1
92,847.8753193629325,168.80747748141545,1,1.0296360454078857,0.101722754208125,0.2444255733077042,0
93,548.7846516212386,194.60182596552616,1,2.7444202701139067,0.01552213199241035,1.5605626223275562,0
94,564.7684161638674,43.9387415657088,4,1.3954044109026114,0.08640878981511134,2.002165693531385,1
95,887.7986917744892,87.21772100624601,2,1.4638581812735296,0.02609386501188149,2.8091712401879194,0
96,342.2354582046091,63.28375336950454,2,1.3364936524915976,0.01964543299251025,2.581496350632924,0
97,583.6840247403597,60.44590130416745,2,0.31870733103711657,0.1609148465289297,1.5291994393607116,0
98,405.9097139008974,164.88569079219872,1,1.4601621108374294,0.14032615074521457,0.1443702796826396,1
99,132.73731529359034,96.43241485545617,1,1.714862031021846,0.03214565952620687,1.2867913359715142,0
100,336.02211118441693,86.33747569679902,3,2.389966702922827,0.05535599695250646,2.5287503063974626,0
101,293.03198794043107,29.739697014908174,3,1.6322166016742947,0.0267012005153678,2.1340465724300817,0
102,856.9168469653532,125.41453897241158,3,1.1597585741306013,0.09254005103010482,1.4066937399065962,1
103,739.1917270199369,82.67521852578234,2,0.30257659974330164,0.17820747958115069,1.003598063459596,0
104,71.09536091449652,154.67170616042702,1,0.626703536256324,0.12409329723025582,2.9719494868749434,1
105,376.9318558310506,122.38643465458053,4,2.425423089218099,0.10739821450053227,1.8229344831580467,1
106,681.3955227225456,29.7220422018015,0,1.5716548044286114,0.13197582272452132,2.1206468068530127,0
107,552.6490848711808,105.38323032699601,3,0.9449410133537987,0.18877438308423822,1.231212410310203,1
108,458.8046972156291,178.0606222662426,3,1.4121091991810797,0.19258925722845893,0.9052881503819274,1
109,795.256309074754,111.11104518794556,1,0.925649704185184,0.0950069420052184,1.6113019323392748,0
110,372.334613297732,4.095123039835102,4,1.5430274975308977,0.08064062322865351,2.510328995808635,0
111,906.1550412046121,171.53809102234615,0,1.030357336290257,0.04540857819157547,2.88321185633496,0
112,116.87570068416076,173.3777403716666,2,2.4966378420842417,0.09512324472962906,0.3122150919368082,1
113,680.0697908879187,165.78164331411088,0,1.8557858842104684,0.12060164210912082,0.19610369282513274,0
114,956.2641605851463,164.9571022481078,2,1.5789987291684269,0.19614567689071044,1.4254676730659828,0
115,947.1315305650336,82.01766878788712,0,1.7050939006371113,0.1341195720590138,1.9955922060720617,0
116,244.32050295894138,42.06945575417704,2,2.3385906528146103,0.17035227878123346,2.5835288555962235,0
117,884.2090629084427,111.28828109414151,3,2.8577935815584516,0.12398180490644353,2.0094368734943275,0
118,882.1299196940109,139.03377608500065,4,0.5840016026101033,0.006968159846973388,0.04520429607407084,1
119,27.910199825868396,26.35219123306609,1,0.31948748316299724,0.08318096333540517,2.9194537437071864,0
120,365.7511652999789,49.90075216303587,2,0.5474899482506864,0.017424353120295534,2.461152219806557,0
121,256.17621008008194,107.67656042108173,4,1.917842801900456,0.015189531033547544,0.5486102317013194,1
122,137.22587482433457,150.94442369142794,3,0.30692673738196263,0.19191782383832587,2.0813017415125223,1
123,534.0873153912729,115.51174914897098,0,2.7371376507340086,0.11547906589169327,0.015205419971626832,0
124,821.389552054655,154.07960679864857,1,1.9296632817744792,0.1276099918332599,2.4422601627988914,0
125,111.36942180562659,122.20750956554379,1,2.135799173236248,0.11575882374420055,1.09424974069761,1
126,507.22729855576046,79.72527196303703,4,1.9842765272180674,0.0804696104413275,0.5026680735460144,0
127,196.74192018598657,123.28710312965518,3,0.0715363962793325,0.04058795203896009,1.7874849041414915,1
128,96.72549256843755,185.9141243744659,3,2.233600875327265,0.11142510613492894,2.9818664215589816,1
129,816.7218857174953,22.903953789423113,3,0.630762030496741,0.09680876665054863,1.403280416982276,1
130,273.85948260239513,134.37911764530185,0,0.6423029117307577,0.014556121477981111,2.5048969574417295,1
131,727.6274072748879,4.708722865025083,4,2.3222255945236956,0.09967647889973992,0.3318464206230709,0
132,719.2972455749783,175.46805950310502,0,0.8032400885050617,0.08497359540626577,1.4040283030428782,0
133,818.1565862995725,52.898484622789496,2,1.9326497350722254,0.09195193576147398,0.14407887324434987,0
134,936.3446579416016,184.97652000148034,2,1.1452697306474748,0.17461222194507098,1.1388363383470383,0
135,274.58417832703907,45.52172213068686,0,1.2028645892830827,0.19861446307238795,0.7238260803561896,0
136,597.194681302936,79.69341793533091,1,1.6961854784087655,0.07481866953281134,2.0811804949036423,0
137,772.8932613380911,112.43456761005402,2,0.2851376402829061,0.00737282850865868,1.5287732151959754,0
138,917.4890574326312,64.06650258808659,1,1.680652611858223,0.14064669886132272,2.9660039547535724,0
139,882.1667649695369,23.26051110956442,2,0.11300343627353626,0.00041873872353779266,1.205013657015084,0
140,123.65072700710722,164.69706095441842,3,0.8108587048839243,0.004112964191274426,0.9868280122994759,1
141,37.77667268884222,142.72498409749835,2,0.10545436705144351,0.1738054389288738,2.706428104690676,1
142,217.86673677376777,145.315710569388,0,1.4857579166753039,0.1993138443912843,1.6903619126572034,1
143,969.2293495540773,105.28101772906709,1,2.6889783026072127,0.03214298702160774,2.126494249904222,0
144,843.8078664855217,110.68070606967362,0,0.3241394763455314,0.040082584501482194,2.098373328406236,0
145,536.9539103261234,96.76798164494704,1,2.8417969244319883,0.014022738931388258,2.913479794794185,0
146,950.0813208456981,82.16586487450692,0,2.529969580917548,0.1856317373552036,1.2535449182119864,0
147,975.9214715883473,122.98911251484822,0,1.958420047973676,0.04219260263981468,1.500357381416557,0
148,594.134197145905,127.6284615643962,1,2.887871507368057,0.1078207281796241,2.580617483702894,0
149,239.90420092675723,139.3384060981554,2,2.7945559537543367,0.09407437004429753,2.5971334752804944,1
150,989.2284663525597,48.62306324173937,1,2.8891837134777734,0.03600418308868512,2.048490175695549,0
151,68.26870470487944,43.737689359576,3,2.996745687945433,0.1577000217694861,2.102844896075057,0
152,349.8401298531464,176.24140547537868,3,0.18087490680539053,0.03348243597512592,0.6646150110677452,1
153,102.25608059088177,66.61012955935735,2,1.8537796854949344,0.009828683116695582,0.8818430873678594,0
154,108.55513256033534,88.63493388291748,0,2.400807800174297,0.12348473768426392,2.9605088522999385,0
155,601.4558051635444,91.6392204196586,0,2.016789822627091,0.02197796383774897,0.905428884275035,0
156,187.72167619893975,81.21066577523473,0,2.385900218662695,0.1722550241704808,0.9268237854454084,0
157,789.2911272007938,117.74758276829098,3,2.2059634152633043,0.1442376872170465,0.5552104705649559,0
158,206.52636948262082,129.052007963695,4,0.5497435408342811,0.10417375749744671,0.7315496198387256,1
159,44.765456970432105,103.94228525192104,3,0.3871965782494581,0.01645265467388297,2.643647137408998,1
160,234.980879503506,63.50577138692739,0,2.900862686039084,0.14414739599215592,0.0125793365375515,0
161,880.3501097629621,33.15241765534671,1,0.6090414684764169,0.0901270941507406,1.9961880663406335,0
162,583.8130558625733,161.2295210086969,3,0.04281190330511453,0.12684876519254215,2.149526330119046,1
163,903.6938806889083,197.13371423215642,2,2.8837497677443693,0.1245892246210219,2.207656176031575,0
164,804.8179440355356,152.37409503551794,1,1.246071494897997,0.1368890525445807,2.6171503661892683,0
165,281.0460570186063,102.90502085175766,3,1.5575642783211974,0.11245525734193816,0.4291475137932026,1
166,949.3480063671421,180.48586558602094,4,1.5900170829546743,0.19295371610195022,0.8000313970459996,0
167,308.2942222127749,136.43992997624989,3,0.28096154228075787,0.02351361088875994,2.448143197005836,1
168,920.111339103991,128.15156847471366,0,2.827805491208462,0.029645489911238346,1.6680464227598284,0
169,620.7253782896305,10.119218030102694,2,2.409392434728598,0.06392281363904158,0.2612550959061456,0
170,868.3047240558697,113.93455759652109,2,1.2293057503117915,0.10237905547012721,0.2696126879625519,0
171,839.1092158916988,77.98841423701663,0,1.7703799174774923,0.044893253824513105,1.7494137510407446,0
172,199.35603442502358,83.40562220722379,3,2.1509965018565564,0.06444555171796221,1.4569034926784923,0
173,139.76256273520437,181.87520115442152,1,0.054006063939672444,0.0072503895013487085,1.4442293538731084,1
174,123.56482142816493,54.364093611362144,1,0.9552445299621164,0.0674512109143489,0.8445670343195425,0
175,394.74947318684815,165.13418314498284,4,2.8138195538021074,0.03863711806914969,0.7406167359728639,1
176,904.9445490459661,172.37723575626677,1,1.177516589075728,0.09857446269220377,2.603133088995743,0
177,851.5396233575863,143.65618366965643,3,2.690509347451663,0.1464116361461731,1.44337540197956,0
178,410.91142630925856,16.13024046898026,2,2.1804016422782633,0.052526070674015005,2.923056313325159,0
179,430.784776666014,159.7948436421394,3,2.047378996689603,0.0006241163621766744,0.10847142752808592,1
180,996.2251361758597,5.996326889492609,2,1.6037505493836215,0.09378620966838923,2.7558799699437686,0
181,165.05626195676714,192.91951285904906,3,1.8043776880118907,0.1634470289984219,1.6180330443447124,1
182,630.7437427857021,129.8806730347857,3,0.5362444289508219,0.11061515144633845,1.6087962854592277,1
183,479.1796553899552,91.1107633829505,2,0.47304612553233316,0.16552277292660708,2.636738769904858,0
184,359.2774254982689,33.18969963915266,0,2.98968077918826,0.01453499334522872,2.8536326749592273,0
185,725.344632460925,123.73628108638212,0,2.5491284262018277,0.055406315964228715,0.3765014800328398,0
186,325.0083908587511,113.32137341199444,1,1.9328224238101854,0.1536437777792097,1.1334828994018422,1
187,181.02471828556943,81.83440594084949,2,1.5008392806992323,0.03546544766093971,0.9327884643079746,0
188,523.3331377442131,118.02245308292265,3,0.7692232385313901,0.13881483174704498,0.958119785558111,1
189,578.6256978604515,90.23165864454722,3,2.489839759664755,0.12113314071820035,1.8643545392494558,0
190,852.5612963809064,10.12018613936334,0,2.1217915994443453,0.10141142108449684,0.8476356568847614,0
191,90.6154705813449,147.27926663119501,0,2.0418878269646434,0.14361206559484882,1.8133191401669608,1
192,898.8915871079373,180.42886892133595,2,1.5371732028554206,0.1670513474477956,1.6610418610758926,0
193,600.137564948875,85.66359895543607,0,2.352361672054035,0.07913851114641315,2.5137517230627227,0
194,829.8162215478325,136.1996583087462,1,1.5577158557603261,0.07886667714456375,1.0994649644345311,0
195,259.12977448196784,28.425062759240348,4,1.4749052887036078,0.07710339043757207,1.1056620372354975,1
196,719.9238151311976,197.72488102369394,0,0.6695584979159062,0.01666966342804004,0.09711425233403359,0
197,307.62810954546535,86.47366618634946,0,1.8071708807588722,0.17297141473335362,0.2566304454655677,0
198,105.67475578941111,8.606799686000087,2,0.379517316408424,0.1054775869108373,0.5264394112134227,0
199,754.8036961873481,16.982027634176887,2,1.0708988275707174,0.17477509048307666,1.5577994712916952,0
200,328.64620078869547,55.45234583059242,2,1.1998166200677511,0.1064306621354469,0.4305744346368471,0
201,369.9830877866681,121.46404556656871,1,0.22837759636344257,0.07109101484311851,1.0254385572952935,1
202,222.45234764970888,122.72108403144395,4,1.9776272356964675,0.15306429605783423,1.3509984100161585,1
203,617.9263458806982,18.043501881373516,0,2.3081241369973506,0.0763458547104776,1.6626024884883512,0
204,48.35092415492082,95.61216728191413,3,2.2227373547549796,0.08446663681713983,1.3801996003812285,0
205,218.3468946984739,7.408387125592264,1,2.3221446636694054,0.18294955954811332,2.0301164673894605,0
206,265.34270363125114,144.42673538307886,2,2.7550196172241095,0.12572726338774615,1.3081094318103994,1
207,333.02645164020817,197.63320005654248,3,2.536491386545788,0.17622591296497023,0.8915563953863416,1
208,159.62740011770993,73.24973363919531,3,0.853584610645751,0.1663729354679433,0.9400439573014538,1
209,350.39648335450244,179.42871305306568,4,1.8566026993237146,0.05224596711438734,2.86026484638391,1
210,84.05796396329845,189.39370576826755,3,0.7295909677254123,0.11751838183712648,2.258159939991997,1
211,11.651014445941744,142.21815858806605,0,0.3507890110269821,0.07802177306454808,1.2244882112845623,1
212,572.4625189745583,160.23694117009794,0,0.48459297561827963,0.062308471740654285,2.862534159477214,0
213,9.786136944965218,10.770165389479391,1,1.9343177138882472,0.14932489334149848,0.6870443328836394,0
214,354.65673577025615,168.33877642783378,2,2.0871908322774546,0.07796349453773668,1.271908826824214,1
215,914.3600178362027,36.650150363270775,2,2.88568758431265,0.18610958671804423,1.6284089956316383,0
216,466.14689891307825,26.241660564464798,1,2.634205516258337,0.161869778817352,1.0106831894997954,0
217,668.2680850972067,176.2671865614144,4,0.1208597137354227,0.019521110890180826,1.0788570185685735,1
218,948.3937524410127,97.09749165265833,1,0.6075387081034039,0.1403109912543882,2.8229094775388477,0
219,118.38854024775536,160.16120524951705,4,1.4770619219778478,0.150977388005254,0.8072940115975331,1
220,935.1762040314568,56.58690618846818,2,1.5898566972353487,0.08992156729665896,0.5651351066507475,0
221,23.896365542848464,65.60351663472015,1,1.3354342286118794,0.07773640745458861,1.333693734420824,0
222,446.0912109610542,25.74002062772751,2,0.1886002366837115,0.15454545663985286,0.4187397667131433,0
223,901.0329048322217,50.895011995685266,0,1.4075042016728518,0.008938007833207062,0.38534659494846246,0
224,344.6526431603776,18.402910593036005,0,2.2094976795154855,0.18841139874056861,1.738148940652615,0
225,759.7595775569313,47.50897102502234,2,0.3392954129113297,0.11877058380308987,1.6651222560686838,0
226,435.89927107125857,114.54147339605481,2,0.14281764211646697,0.12468644928920923,2.0738379667743962,1
227,164.16350466729378,21.731115069500895,2,0.8318744671506428,0.1910807452921561,1.0806533702251828,0
228,582.6753960463078,148.96332266851405,3,1.2791138589327558,0.05265286341777014,2.838838366830115,1
229,508.4071354800196,174.67473524159516,0,1.993466541934935,0.07100866501276237,1.8113933151065336,0
230,640.5988593630684,117.74835518012759,3,2.2264824449979495,0.15209701844060308,2.0667895579338387,0
231,552.5828797041476,138.29933166391956,4,0.5615586600272101,0.048990294117661384,1.8533023373661697,1
232,2.060909589106541,40.16559417718173,1,2.7933964481011535,0.1890727347841049,0.5039047875895076,0
233,695.1917899610344,145.10193282693055,4,1.9871731980067628,0.07043174425849055,2.3598750090454894,0
234,892.7917015545331,187.10400718703468,1,2.9771110188078582,0.021468391867581538,1.6604571473407774,0
235,695.9713903523037,144.58537270661287,2,1.8178123821310475,0.15895469716114036,1.389996179416514,0
236,49.41417204553489,109.53279887904775,1,0.6072972519805058,0.16418901633858948,0.21526069479418353,1
237,869.494799472376,87.99767481925036,1,1.0816524791912168,0.15212206569857503,0.5695127233000424,0
238,463.43674873801086,172.8100495255778,3,0.37715163391554496,0.025778006555728906,1.5854412995224836,1
239,856.5481270736046,11.937878534863898,3,0.32685557635450513,0.15657607920367675,0.08217785792119814,1
240,491.113126458802,0.7946056625832698,0,1.1613965062012261,0.11767678528907591,2.464808377552473,0
241,762.3761217427754,61.02994573302287,3,2.206133684380868,0.0848857274976017,1.476188943864738,0
242,205.76707434637242,179.40213318841737,2,1.1085457267180447,0.04765646039610241,1.5923378839096005,1
243,92.74473281037487,12.392476906705907,1,1.9234632181225186,0.010519354111295032,0.024817560026202057,0
244,311.18915625921096,42.534687238251465,2,2.593833003969767,0.19628836798016483,2.833154424069424,0
245,430.2852185968794,61.633236304658624,3,2.7700163705213914,0.19672968079059372,1.344056196144393,0
246,447.2957678532262,32.215893511561646,4,2.026639989258604,0.042875391814338304,1.717661501496722,0
247,260.85891657658686,178.279211168821,0,1.8369982399002764,0.043900888405934604,1.1738281878835477,1
248,388.90923875568603,141.1192986973795,3,0.025434035097916197,0.013531232306142484,1.9775691825858348,1
249,940.9748179670192,91.62949025581683,1,1.4422621587520816,0.11118843313603406,0.21457756893517743,0
250,50.67799463600209,116.69974801038461,4,0.24002736920591183,0.020272397755507755,1.5245804855518086,1
251,439.90962428227385,84.25948835438186,4,1.0883445830382206,0.11578612051444628,0.43022053707238195,1
252,142.19029251498606,175.48831925471285,2,2.4567673024585877,0.0039766321012927545,1.2583138167459524,1
253,347.6621755698005,60.89839269286388,0,1.9208117590055727,0.10191690770305697,1.8110955221963843,0
254,761.3788932042006,36.803458412105705,4,0.08108890378471578,0.0008832810343583742,1.0746291167425155,1
255,699.8648860070072,179.54741932064553,3,2.196806170140199,0.022971265111154215,0.8152259423453734,0
256,943.9122997012747,118.8657425447029,2,2.486880577569198,0.1869486570825878,2.7365301145114325,0
257,956.4696206153826,183.024597290134,3,2.1504550640747095,0.0799974697724472,1.0555622737879289,0
258,702.9276810535677,78.02262561599476,0,2.334806239787394,0.12660761714900212,0.2222456085330914,0
259,636.7761658843871,36.128174708244096,2,0.3923970408139539,0.10430982550655908,1.5318730810664172,0
260,523.213866525348,130.91863582839605,1,1.1833836495083156,0.1910491579013244,0.4799432244137114,0
261,264.285841095942,16.410665573734697,2,2.358579866522917,0.14258715057939061,2.8643731830631856,0
262,741.7886125818836,37.872346828175594,4,0.11125795559178941,0.10345778786141786,0.5012351450064032,1
263,285.4229031215596,69.07933518819027,4,1.7790666292376085,0.16894390904127954,1.1559613188699225,0
264,556.1870928057191,145.52768300409633,2,1.2449849194051916,0.12253662387006091,2.2964711081248796,0
265,719.7344392327424,44.0306339977683,4,0.4466637406836883,0.044014128121339646,1.9049326194405243,1
266,432.80162320577153,58.137898152274836,1,1.6662808887551617,0.19785119058277253,0.7595239348713039,0
267,15.54757036243637,110.25150177748174,2,2.9878885038468996,0.020333265580275664,0.5522451470263399,1
268,880.6223605444744,115.47989436780075,4,1.1897186545002532,0.19960882333637306,2.419303898678209,1
269,434.7789542549182,155.73075740609553,3,0.8001997017773975,0.15261844803330238,0.13933176784563772,1
270,838.0530469423368,159.21724835970141,1,1.0783132027558393,0.1533387005621291,1.363175340232896,0
271,201.13012737012647,61.351386994372014,2,1.3826662038307767,0.07491870896269408,0.19717099958540485,0
272,880.8227021473034,65.50478983877215,3,1.7345533282369459,0.18836657659168832,2.7919341844562866,0
273,135.8752351725011,61.2758376661489,2,0.006424710415103729,0.017797288321391293,1.6231412372718323,0
274,119.57534037390305,180.91676449833207,3,2.5905972681968845,0.14598042970105982,1.3872186591064546,1
275,115.4569843714287,179.32929838225022,0,0.2984406331662518,0.09136445546544819,0.33430309477573417,1
276,242.89241584941212,138.08665775347492,1,0.20445925896338146,0.03218724123571122,1.1831173981071093,1
277,26.50005144020684,137.19093733688513,2,2.5046969788384117,0.06321868417988885,0.6880462811567998,1
278,385.8504012891505,83.04167772658701,1,1.5940483576719304,0.1512679017532588,0.989429709592577,0
279,442.28877719440084,77.27351657000135,1,2.8327492817030118,0.16722176230590466,0.9620477418229969,0
280,577.8006643361767,39.64958925075934,2,0.976031221838549,0.09079257528604208,2.521201118550636,0
281,861.4695715233678,181.3175147395068,2,2.267146926703654,0.0076312647280292415,2.9261354286395864,0
282,372.7964119957469,96.7615354040267,4,2.0701378739268375,0.11414682605336797,1.0956397764622925,0
283,86.7140269808473,32.479513861420116,1,0.9335805840789895,0.1738089080905464,1.234642232712594,0
284,151.27940947606965,68.59562689433105,4,1.9671825759212158,0.05277474529338231,2.128502415078017,0
285,40.094436259547116,111.65494093494432,4,2.43314322535831,0.1278258163383563,2.050732340488512,1
286,178.95992107399817,118.50436496777041,3,2.836315558620537,0.15755890823998198,0.9318926271832522,1
287,133.22072625056248,23.439997018677094,2,0.13317131400406634,0.09287308080926354,0.4305337165680987,0
288,268.04076251400835,126.35481008346147,2,1.3898510657270209,0.1958879907448956,2.3577890696142,1
289,425.5375746447463,158.8952061070264,1,0.8990413347031615,0.14395408103346913,2.1143210036002262,1
290,185.7021827372476,22.366871962247558,1,2.3992854398648804,0.02653496096019521,1.6656771930533039,0
291,917.1871913251814,62.44257088928513,4,0.31120014839101484,0.10448252646851791,1.890910072171148,1
292,505.5815518722171,42.8598852470611,2,2.1891915150152683,0.04601564253757578,1.2433734757235162,0
293,484.8947196727994,128.10134595178752,1,2.033940057659504,0.021611700698927372,0.9862500170861941,1
294,495.3992935682201,134.08322443556105,3,0.06117477411956174,0.02814824257518178,2.6561497429586454,1
295,554.721230652159,197.9684776435714,3,0.9129711942451566,0.021599204992242372,0.34815666925342714,1
296,79.91497715469342,58.98275519024625,4,0.24884031854560507,0.10056170837353683,1.1120320548509384,1
297,276.2533810391088,88.76746579487329,1,1.8994209188621591,0.15765862224362656,2.872932614987377,0
298,33.08079866108138,88.42268588312412,0,0.9210019505834879,0.006125396065775335,0.5847514734898983,0
299,855.0149424812014,178.78717053868004,3,0.7231915523173579,0.09965915233413576,1.8066099360838512,1
300,93.04138282195883,136.23308105064365,0,0.24433960347442096,0.06647872838913382,0.18564463080320937,1
301,987.4147101962977,23.89818091628493,3,0.7062532269341181,0.12111709784631315,2.685523108967658,1
302,105.11257894874937,169.62334215477293,3,1.358627939918992,0.17731072848992716,0.1880346995639638,1
303,84.66194375672076,190.19577777926168,1,0.2004094498181832,0.004858598156593486,2.4834218267937054,1
304,611.5445784343273,74.52990537885933,4,2.9743510892284277,0.106133660533355,0.07660501725922564,0
305,585.3141984390248,81.3276983189161,3,2.3383023922365713,0.19713435703197496,1.7850204253680224,0
306,743.6728053318267,40.88795067805737,2,0.6847957821456534,0.015513242151666273,2.952719853760227,0
307,514.7827716812798,108.66469728848848,3,0.49485541848048176,0.1991804201797724,2.6043338532788862,1
308,773.6550374878846,161.86472157645684,1,2.1783441012612723,0.032082565005792034,2.8562392009746502,0
309,570.1512046281415,186.35940980035758,1,1.1363909876043676,0.03305699907148967,1.161050864666417,0
310,196.33129279094564,29.739675859569136,4,2.5086545426928315,0.011862487553993217,2.7945384224763217,0
311,92.30912041630313,144.1804355107408,3,0.5618696654796351,0.1451258440269347,2.7141817333903346,1
312,929.023899012846,30.093665183304186,2,1.6284431802397237,0.18306287028631707,0.29135191550523964,0
313,553.8968863085954,24.67911482052738,4,2.9434457323245087,0.009441604975980079,0.9023449943075673,0
314,706.9711390709402,137.86760114972932,1,1.321940483057087,0.1011030426850613,2.6294335213247257,0
315,422.9756751009618,176.42557462753084,1,0.6893491690816782,0.006971026135391423,2.912656464374245,1
316,887.8980832788086,8.918016430543062,4,2.4336173674977637,0.1455793387859601,2.9675949037421248,0
317,275.44088257632205,120.10017483963233,2,2.6956365537235425,0.18815414786367368,2.6001910443435556,1
318,242.1242996093661,139.93457958744776,3,0.4913022083072076,0.19769932065324522,2.8248631183043402,1
319,467.3438272550099,137.969336453442,2,2.38892802450217,0.056546180414575535,1.5408834095013626,1
320,206.0002621045701,24.77385834794592,4,0.7900990250066166,0.14443552601161566,0.07513157906723722,1
321,455.8799214920182,167.4415553446872,4,1.861045458745783,0.14514984716662957,1.8134989894427473,1
322,258.75515958609765,23.948116801693576,4,0.48901517570989916,0.17988054720829272,1.6530695925607493,1
323,709.1200633775316,121.31254111561202,3,2.754669325907395,0.13809425806014053,1.6171147713291802,0
324,776.0138363973324,103.41693017864961,4,1.4855242807495261,0.06719064628638348,1.8365034074131459,1
325,914.9080863325662,11.045483059103024,0,2.6474959947955905,0.15854609610436582,1.4814850450799018,0
326,307.8249011999825,22.033545724573965,3,1.5146480471235548,0.10648452867864536,2.4143869124744426,0
327,195.43748111022907,141.30051062017702,3,0.323408284967976,0.10557025349034228,0.2829829057878124,1
328,895.4869825151638,44.070106002494704,4,2.805912405853468,0.0032670864330911044,2.541531069719881,0
329,930.8495325266535,146.89677710046735,3,0.47187689061761595,0.19311424184901205,2.846750846405559,1
330,115.64686511150124,24.72496351723772,4,1.5972870050758219,0.024788688658144653,0.9642236494477509,0
331,918.8434332693375,30.10905629286096,4,2.186422171455462,0.1474258767383952,1.239688522637422,0
332,637.8056123687652,126.55141369377101,2,0.03721435911671622,0.042929365229165885,2.7310104800900676,0
333,111.05079726502032,86.94135397605768,1,0.7414592082272946,0.0907371682970261,1.5286501680113913,0
334,23.739911360777576,198.63148092854374,0,2.707731394437867,0.14477333346722765,2.6832037500625936,1
335,34.76265946611456,175.55928026969963,2,0.6237661839336478,0.0312582181406398,2.996707401141818,1
336,722.6527335373423,16.63947332858968,0,2.3499165825567734,0.008666451451594193,1.0152433621884098,0
337,711.2733268732655,12.573479954504085,0,1.5185282426175117,0.002001584967437986,2.7661879768362225,0
338,31.33884257382391,33.05390777074755,3,1.8162696022318348,0.13217803174197676,1.8540879534602994,0
339,593.9865052448473,152.67401976095277,0,0.4587136960389284,0.04868957526864311,2.733737264374204,0
340,943.8725956207102,102.77300790388351,2,2.328176325618442,0.017309004261582262,0.5877522351762456,0
341,521.9138740797948,155.86738132115016,3,1.7423856979330767,0.13966950308175705,0.8986366519174187,0
342,714.3098476913377,77.87300210889659,0,0.49941176854108027,0.0009072713376455211,0.03978174091718689,0
343,363.25741067837095,164.56573088764716,3,2.5797737362460995,0.1878909423190952,2.1945655411819756,1
344,406.344532118334,32.17624485069999,4,0.4998604352982777,0.06770371183213097,1.4244056921198966,1
345,189.6014230768085,101.20567478220951,0,0.7348336644022718,0.19926556068528045,0.06657027935020876,1
346,539.9990587172508,60.066069178736605,0,1.8936481638926514,0.03512202448194048,2.534671158825442,0
347,549.8196877541062,160.8946874311867,4,2.9101565829730633,0.05897192712281705,1.4282505368587715,0
348,238.32977067533855,121.27330483527115,2,1.3263253402337143,0.09107233537429377,2.5950236307182823,1
349,682.9065493847812,115.14745145670334,4,0.6454307603793575,0.16379270676562552,1.556797525897279,1
350,275.24404386273727,44.92926883025517,4,2.850195425904291,0.1308107053450892,0.027790585875206553,0
351,882.6967519673443,108.46486840931568,1,0.5725219962165221,0.09007569244606761,0.9123770046383093,0
352,862.2854836709254,147.79134973955263,3,0.6471551790504871,0.14481012374037158,2.5650384349064757,1
353,618.6359999240925,56.99963148532095,0,2.537997553127863,0.1767763853310722,0.09036537564558111,0
354,75.50078309396335,53.06796249491303,0,1.3395765704048412,0.14725509853807586,0.7607506636291205,0
355,31.293940453163916,191.00084756197083,2,1.7514476600343643,0.07001895732026885,1.3558763304567385,1
356,532.8950861062374,104.19942959211652,4,2.492559627650417,0.07906337860422633,2.454641150780793,0
357,205.44733917124057,59.55332905526425,2,1.5363899895639164,0.18424908997005043,1.184332407480314,0
358,984.2384261902508,115.18164388869221,2,1.0085617818257138,0.09749727516841611,0.3659531111388665,0
359,486.5322052453064,147.13986784468776,3,0.7881963162476057,0.17863595041649438,2.0410630209018796,1
360,337.2262037180623,172.1212421736736,3,0.6757500175217432,0.04369907975768783,0.37504456160837596,1
361,740.8769182815058,92.0339307128498,1,0.14059544349439734,0.04950702907439922,1.0002571878415738,0
362,172.9249055868538,188.4019183031816,3,1.8786710857648279,0.1220847243179494,1.063559983651642,1
363,311.0987550506722,25.623172420424467,2,0.024645442987755062,0.1746940351443958,2.9131873124813237,0
364,795.2026196739597,143.067690988656,4,0.09462586562241815,0.09467770558944369,1.0666695468101905,1
365,271.6876113755219,19.87125238379026,2,0.7266143645873225,0.16867799597382507,2.7505298904315403,0
366,544.324533812623,102.15456239543434,1,1.2572431282491152,0.15075584096139694,1.6851218800456453,0
367,240.7682462024656,187.87351712751266,2,2.007528009656827,0.022507807108439873,2.6237437666439627,1
368,139.13459614794388,6.028741214441036,3,0.8688395020984692,0.08309620843495996,0.040189559567941346,1
369,523.5750755328542,15.233175270126665,1,1.832584935089173,0.08480110528169327,1.4506074485896523,0
370,788.3589459560535,31.289190940661626,0,2.8724648355879627,0.033638335081484616,1.8185607244953168,0
371,688.2299692259612,157.27979189671075,1,1.5571027295565418,0.15369053299429955,0.4561871860366653,0
372,119.07583919518106,150.1545757214047,1,1.6444020081815034,0.1299745385110078,2.0620635806943635,1
373,510.67008971408313,43.43455036243622,4,0.20394765302614226,0.10266962807284015,2.56392012058147,1
374,355.44581030954834,114.40027915336417,0,2.3635710156153795,0.024272629966733142,0.5145338579176298,1
375,140.15489585836394,110.34213306920925,0,1.488430216533665,0.1582305227099242,1.13364030012049,1
376,919.1201276858964,35.933664271452834,3,0.45858670459914985,0.10145814786139057,2.1706478883900413,1
377,324.3231772476469,81.97428121531428,1,1.302966472393135,0.0870587404839942,2.1863492797813873,0
378,116.73546677987035,163.26060598618676,0,2.549220347559369,0.1168061054121261,0.2017732781035102,1
379,733.8527357653296,86.03483530192788,2,2.1770735806476944,0.12360967845740721,1.3687035498245068,0
380,828.4828679612609,18.24355129507822,4,2.071853883740228,0.1511996799337909,0.2596381037867682,0
381,649.6887981161279,93.27904184603358,1,0.006863882272578059,0.033515415714782004,2.717903129866838,0
382,101.35268985611867,43.610943457276605,4,1.5304043203769422,0.016418424255104782,0.36612682028288324,0
383,449.4952457881863,13.269352411531642,2,0.7269310820796236,0.18235193578702552,0.5077480459563948,0
384,250.35299467509654,109.79785942495748,0,2.2215628631077333,0.14384492658258757,1.5300947568500969,1
385,795.6888816102883,188.58726579483306,4,2.6731822277796433,0.19586290170999843,2.5553756522365627,0
386,324.52175648361003,95.11348854902542,2,0.8439586047023546,0.11186879942258941,1.6907115352420086,0
387,450.46273762896215,190.0042604933474,3,2.7052497427690976,0.037578604068178284,1.2064082696371123,1
388,845.8809584745405,105.32932919958769,3,2.087698486391976,0.06463227961186695,0.8187304099725069,0
389,315.0043127610115,135.00670397525246,1,1.0120735496122193,0.19153812873655543,2.975072799824977,1
390,43.257813052731464,126.02041937032658,3,2.7838433884748386,0.0142439974087621,0.7613814470482615,1
391,774.6662277318471,177.43576587476022,3,2.507174504057116,0.15631840646935768,1.1525473510804383,0
392,607.2622567786025,165.51834834444992,3,0.975476938055132,0.1270893195805507,0.6135360800675024,1
393,202.49900102942385,129.8811490237848,1,2.4865124642350547,0.17344809455721813,2.252488670411814,1
394,151.59898583271547,68.8428995349445,2,2.170830163753991,0.011492391368393862,0.2721506829903476,0
395,608.4190788493177,134.2346898828,4,2.411045666821029,0.12272992220545183,2.5838842697410076,0
396,155.45423117082237,73.69149772830063,0,1.4413712001129206,0.14874811719306094,0.5847420915844208,0
397,143.8726907080058,56.89253646028825,4,1.8479737950758237,0.059162617039636795,2.954009019088314,0
398,316.70927570613685,143.20905724913328,0,0.4603251153594654,0.13840860586654102,0.10628696701598794,1
399,357.6873261439449,184.4945427721564,0,0.29391379896491,0.06988629714153823,0.316010512478729,1
400,979.4313799767593,95.21903281352549,0,1.7045214761895535,0.09059929063324967,0.9570162479126555,0
401,977.7131019738575,0.16016780448866452,4,2.963726384733521,0.018215821847067073,2.5422205987551356,0
402,835.4971991168737,32.42143819348928,2,0.030975663679546073,0.1645383294350557,2.9630237143441436,0
403,748.0800395212061,109.42643300634461,4,0.8699275665299528,0.1827888133130526,0.6651335248710653,1
404,780.6293941114052,58.34991887645016,4,1.9084717822875297,0.18639682872166727,1.6276820322374896,0
405,887.3435089536662,139.80462454695183,0,0.28083288532291384,0.08982187725046152,2.6834724826944316,0
406,501.58703761772585,109.4749223621287,0,2.7027857276788163,0.11367918260242647,2.983857549248373,0
407,141.7418188723878,174.30697738419641,2,1.141231039047383,0.15410668225435462,2.9564103934564034,1
408,649.6019773498539,163.6196390687262,4,2.293100217842845,0.17502241732880097,0.024986656907399096,0
409,900.6531473173864,41.37516545109248,3,0.41392293864258645,0.12244081589097165,2.97902850901023,1
410,186.7041821361626,54.60852017510083,1,2.574288868748524,0.0841265550248696,0.5368009738798093,0
411,558.7789891659505,20.1002363179972,0,0.434896727351757,0.10546623239173841,2.2811131952212254,0
412,790.149128440888,118.41200117817709,0,2.469483180719747,0.17485981880095722,0.11663505910204697,0
413,40.50327108991403,144.89821216430258,1,2.631400783439422,0.020552163999788698,1.7040012393882782,1
414,990.1249586837175,82.43248470144499,1,0.699821539398485,0.17334796805206684,0.09087592658687371,0
415,906.7073571456829,186.87882427915702,3,0.9475518784088454,0.030558799455092524,1.994629053119478,1
416,926.4523231224196,133.5232785614171,4,2.970793458694094,0.051886207627844086,0.13726626224832517,0
417,628.9053073513955,10.66626179905208,1,2.191191980296921,0.19908310447699756,1.560531115574792,0
418,838.9598663924055,145.0947145418711,4,0.9603393123079798,0.10825318821127113,0.2923895503820182,1
419,409.9480342386437,64.15431824480262,3,0.9570313410971737,0.12623877987894927,2.229118991716018,1
420,588.573571612412,99.20044973417232,1,2.8843104878900707,0.0779284259402395,0.12457949204153818,0
421,546.9722529464511,187.39553017164747,3,0.9656796923080222,0.19524852789354216,0.4834560567266446,1
422,205.86294893961698,165.0613101817593,4,2.0836589077469476,0.14101691217237802,0.9144627631698669,1
423,945.3827377485161,158.22850876929195,2,1.1142509608921531,0.165535912951941,0.2897741104173597,0
424,970.9125331042992,143.4743967871121,4,2.683737896609443,0.12466632846493234,0.060425942443335545,0
425,781.0746809783493,121.78305611204601,2,2.270460136134614,0.08848096055912408,0.5440711032617411,0
426,6.909567997272714,100.20434472951732,3,1.458086251360184,0.05951528662954948,1.9620072733248617,1
427,666.310779489424,95.73054020529668,1,2.2475694420437025,0.08908894238113557,1.7311419850650545,0
428,214.30084761609558,60.766508229738214,3,2.902948460610349,0.13797545037364814,2.029201155966188,0
429,531.8574297474394,124.76336726087868,3,0.42247843639340044,0.1509774740262691,0.4145202348161523,1
430,455.2260009043998,151.2933041856544,4,0.26975627028439364,0.023550167208778006,0.6317734610402659,1
431,520.0789299142035,178.3721784993286,3,2.4703565077068017,0.170569303300171,1.6227182188206972,0
432,224.65230730393637,185.27688322552967,3,2.6945343599799383,0.11727320760911174,0.8474405312712096,1
433,222.88656265414951,1.6053872600763963,0,0.31961708727818816,0.17843121614065688,0.585917136398082,0
434,550.8970195685979,151.09326428105393,2,1.9344145113628026,0.17074905485957217,2.8848350887933423,0
435,215.14367585483663,61.75813232740295,0,0.2680784263136611,0.037770209431220225,2.4561424979776842,0
436,839.7443552543275,4.628276717215285,4,1.1415471956490046,0.04855493864228005,0.9329510692934972,1
437,730.1114863468539,33.40923148116504,3,0.2619835219576988,0.03140231924607475,0.39108270727562544,1
438,727.3472058776637,0.7530726353233819,2,0.782491351259927,0.025595561843004513,2.4818227483254773,0
439,631.1167076120366,164.45693905304873,1,2.878697223094068,0.05769856489537206,0.7720451596765625,0
440,204.4657655123727,175.37551384493023,0,1.900648223060051,0.04129857256675445,0.5617627234451216,1
441,837.4874029570545,92.45442374077157,3,1.1097666558692176,0.03679619668143832,2.420574641716503,1
442,391.94085332292497,28.5530606261323,4,2.0332385809733218,0.13450893466764444,0.20040115545847814,0
443,720.8744366059037,166.35257603984584,0,0.09830073511695214,0.14749865057056064,2.7447875672016515,0
444,73.00041876790897,134.89351029513296,0,2.7748717507876224,0.03867316593454733,2.8623091784691446,1
445,474.0280725464243,149.3409872959039,3,1.086152108617486,0.10454685921767509,1.8658586396322834,1
446,557.6163767395693,86.11646061225433,1,0.9554612597238263,0.14299993103517178,1.383326063979297,0
447,333.77338185548564,67.5730353698154,0,0.6561159839597794,0.10326854870428158,0.7189806246287823,0
448,910.8456645990506,77.8985986573634,3,0.704730707538843,0.05221741517247942,0.7609136603474334,1
449,446.1309259288144,180.1672876174891,0,0.23167220825494717,0.059519985702988734,1.4647920541747066,1
450,960.1710748686622,126.10059568649426,2,0.4055041672210805,0.0326290979633463,0.8609562758154617,0
451,224.24203608358462,14.485618523460865,1,1.1585064429472682,0.1005102625683388,0.25284920482748896,0
452,838.1401649723765,42.67235887873739,2,1.8147604365800967,0.025769185102277103,2.20932688255061,0
453,854.2847303975165,57.97349413730153,0,0.6865767494557161,0.1044685587958094,1.5010924342807794,0
454,395.94025671289626,10.284744262584432,4,0.425719610547467,0.11024401270246911,0.3767918441100254,1
455,875.8550946694002,92.96875264832931,2,2.2460891673436545,0.02972890754816944,1.6818695232396033,0
456,8.108607904312892,140.68987903259068,4,0.4014858743819918,0.050033774098354994,2.1969180424338908,1
457,190.7962240116128,20.34126277414112,4,2.7343435856758966,0.005887886193196402,1.213368339722198,0
458,187.91434110767258,67.1049927640347,1,1.717759718381962,0.08151375595780626,0.27846569282783584,0
459,332.594381472374,44.361238771709345,1,0.59080170382751,0.12337412496109797,0.10455704256920861,0
460,976.6830379689255,134.6077689091971,1,2.15225503000856,0.18443302878747314,0.5244948785838953,0
461,86.17716534059826,170.31866330476464,0,1.8991273014307084,0.022112726377450365,2.0171857287294355,1
462,535.947658966414,130.5233913096269,4,0.41733714494524865,0.0608891702778017,1.7772128828177762,1
463,607.4878167250625,169.81924443719478,3,2.599555420611637,0.13224950172064198,1.7358536577175825,0
464,812.3510195458668,48.12581000369951,1,0.9474220564385735,0.001996580750466337,2.2763360641328347,0
465,602.3058003868936,65.17802794941785,1,0.24656715926842798,0.1825775283932781,0.6983148373838289,0
466,230.94788400667997,152.61024570752747,1,1.6017609420170706,0.12969401307432493,2.7304162104736265,1
467,645.4899057107415,183.47005745121493,1,1.0013206831872314,0.04410735405034756,2.591045340039536,0
468,733.4592743765156,111.2585587202836,4,1.8406222204201121,0.10772835702009753,1.147221093344975,0
469,185.11559963545687,57.71023627526641,0,0.6594517610278505,0.1029787192395844,1.4042974009900726,0
470,181.3163068806659,79.27134685285304,4,1.7332775574497348,0.19406804617882978,2.1616123683974977,0
471,425.861076108796,129.63292433995218,2,2.002957598729445,0.1257470195892347,0.42869267434303504,1
472,693.6493339593793,28.59316728762298,1,0.8003363687821003,0.16943692999129248,0.003481858169042118,0
473,212.17685599265678,145.59492345653672,3,2.0714537301327334,0.11563133069537755,0.5951449639185858,1
474,26.814636640564714,58.34104525094157,0,2.357037425831868,0.05060660428516517,0.3642366564987153,0
475,733.8071166923153,54.547391720512195,0,0.2271039135292663,0.05065623696598769,0.7409666021922456,0
476,68.89132960473698,20.315929200911942,0,0.9459452279221189,0.07853807959283365,0.42837969801084164,0
477,857.3268738695573,164.27880854463217,3,2.1698256740331847,0.09070853731000356,0.09995890439042465,0
478,491.27866663682454,117.07804814679264,2,1.1895669857131947,0.02892036684125472,0.44447474590807634,1
479,870.8201543196392,143.43685673727472,1,2.078400408459297,0.17769824243713564,1.57520554031238,0
480,72.40076162806363,102.51502595561672,4,0.9661062133058034,0.13679101566479873,2.6122513033210657,1
481,445.73041854708725,91.26187160761448,1,0.2603113167832758,0.061774113862825636,0.33525488275105186,0
482,865.4650242860272,125.63645181300996,2,1.6259312194141986,0.1711328279838356,2.673522504493972,0
483,488.7369257487725,125.52215026011875,4,1.5861540601610689,0.023522938284501718,1.564247857025479,1
484,229.4040590580416,155.03621619859,3,0.8961171538721313,0.12042797270276893,2.7711450936838524,1
485,131.9218071973678,180.29969948158418,1,0.2466460231937062,0.08371999528394883,2.2738768681750514,1
486,845.6826738374306,25.1595210595871,3,2.640033058220162,0.11418279551076622,2.065583001289066,0
487,204.92573810076377,77.91704312661997,2,0.3818401184943958,0.1459432551625068,1.6946960596344232,0
488,157.1485614376109,117.0850144799072,3,2.3955799907623003,0.09197162254736085,2.5530218216475515,1
489,659.0057372855517,73.86004302514144,3,2.281053551190126,0.09981340012644146,1.170973748097134,0
490,369.756693236464,27.97558456082585,4,0.06541853730549241,0.11892958703017123,0.2439290370738475,1
491,196.86192348120167,59.54744929160694,1,0.5210739970773751,0.15041780817115427,1.4050572002935606,0
492,317.02348551314816,44.52637525839802,1,2.4474033141368157,0.07744646886336459,2.658892853924167,0
493,21.16240893266752,59.04309454677011,1,1.4320495488383391,0.03667120016471059,0.09108877159282025,0
494,532.8135238003047,109.98316258804878,2,0.9198664731948984,0.19416169013705054,2.3809337476250403,0
495,786.748937393642,167.89499576024804,0,2.5203028799200284,0.0030879051611278244,2.847361935609366,0
496,727.4214333927326,41.79938714180289,2,0.6624740832808126,0.13168590780252062,1.769303624083443,0
497,616.5797097844173,78.3012912603114,2,1.884128173472759,0.1667489672843793,2.0343283763108246,0
498,237.08787801889176,90.81806342455099,2,2.2943361840132876,0.15334616202515303,1.7653608534957823,0
499,374.69122404222543,105.65327725204519,0,1.242986630814701,0.18904207723877098,0.9857613392752481,1
500,286.24187629527984,125.44520195801485,1,1.8434371792322064,0.16634115728273846,0.29670146713284784,1
501,721.9187449812102,9.22629211713426,0,0.5904704876122979,0.10415639326637385,2.3782920983591627,0
502,708.531684743269,157.35674245408273,4,2.71001091538471,0.05296122953615445,0.5552913139757599,0
503,316.9743019921786,184.25307692006564,1,1.5512476033657416,0.07694009954256198,1.896406731311821,1
504,722.1049553808754,51.824054121422215,3,2.147302379685949,0.07574698689808008,1.2358479160476568,0
505,397.4547020634498,31.584284678117847,4,1.1766445110461266,0.08630494674888683,2.110829513870777,1
506,876.9540599848901,110.3374547416117,0,1.3224999907589956,0.11230415042654668,1.3669026704458958,0
507,847.4681477388488,127.30160280498852,1,2.4735152453280755,0.13131737377974045,2.0802693959494185,0
508,240.97170083269114,9.962076342990667,1,0.4525751219661841,0.1864332434866888,2.1010055068084252,0
509,999.0572796174347,142.63896492354573,1,1.7219461379220355,0.19608674572489954,0.05280931396644195,0
510,942.8588783005521,2.403847364533762,4,0.10845383009207987,0.1949658320985126,0.5241903451255999,1
511,280.54098147849163,4.694299491934095,2,1.3682225862055848,0.0916370733303566,0.13188031916854026,0
512,71.95500500332741,172.52849542022574,1,2.5796389789663423,0.15892099604403115,0.5069051225407514,1
513,737.0404202640649,171.0181917347297,2,0.6368938417393024,0.15027101124753725,1.936862288596532,0
514,169.04409298498956,60.56296641747845,3,0.8521841645225281,0.15094336031375566,0.40420679081192123,1
515,423.5818411066553,66.02099331217464,4,0.9136922126829827,0.1455417121063612,0.10215836566847836,1
516,11.060419250977006,86.38262861343708,2,2.5926852522389723,0.06398439341860218,1.9843118683982468,0
517,365.283088459864,156.52427331838518,4,1.0840574956841058,0.09493649810279117,2.114332041059016,1
518,903.7596653110129,38.29559368796953,1,2.873931431704677,0.17455244759945232,1.7639134212231444,0
519,172.47514445877465,143.45885012056397,1,0.8716307111936651,0.02116399381280101,1.0105349987527195,1
520,532.7955049344494,89.0633540699004,2,0.4861592274755071,0.0939383746452705,0.5370438139008019,0
521,748.4810670887749,109.59189558616784,2,1.1656765212884779,0.13002142505754472,0.5492196050729452,0
522,346.86564230792226,152.01176802777218,4,0.6071444715244207,0.08938307797539927,2.070994338132013,1
523,210.73098517273615,43.39231919922264,3,2.838502308661665,0.17749552767709376,1.7345708289733073,0
524,164.55079964002795,5.108459002790022,2,0.087289722198305,0.049945942290917866,0.21858575892812282,0
525,385.3219290430915,146.07732361633305,1,1.198293257726129,0.08689375128865423,1.2111670543666788,1
526,482.37258711030006,186.9252694452375,3,2.3733694856056986,0.05237536165126371,1.6385550787650882,1
527,397.54335902883264,49.85821453119668,4,0.4457242757415578,0.1597572921793526,1.2066474279056818,1
528,811.2720890735376,175.72396474852948,0,0.7483161693596504,0.09801385052001782,1.6962922765224864,0
529,391.30420717001437,149.46745631378704,4,2.8030366111034333,0.1132638779645504,2.4837831104119563,1
530,429.61244477304996,128.25941218891128,2,2.1317572583605156,0.007918720664654978,1.7827253770258173,1
531,580.6264901608655,148.23313936467233,1,2.3111994467736667,0.05034601771061649,1.8981739486451303,0
532,239.05337170754126,63.161528729186635,4,2.1039246109669594,0.07467202349694768,1.7666444170396298,0
533,590.5812649201321,105.96544472959204,1,1.683250998590049,0.049055417660417946,1.6424271892941444,0
534,719.7954899838438,47.14346818550983,1,2.833186871074358,0.10432797234122233,1.9727316357723415,0
535,558.6039578999324,162.4663371022747,0,2.9147158586922446,0.17959235465417583,2.582728172811359,0
536,588.5482396358083,91.17464943895874,2,2.3477685516398097,0.09689491162974835,2.141343841171601,0
537,102.83803898828769,77.61747225425735,1,1.5902181981270733,0.07062328963033519,0.27326886698577524,0
538,308.18904504406987,5.746757660374979,2,1.1631684465621928,0.03989552094382185,0.74958359543582,0
539,175.83821142723087,126.21177162459627,4,2.507240581625087,0.09832919616109376,0.84816060103297,1
540,651.8228586077339,103.33670879342137,1,1.1605903276082459,0.12225552913861365,2.999923275834304,0
541,588.6497784965763,186.23628790899005,4,1.8508081293119802,0.19735157354299251,1.8689512660207823,0
542,544.1574617594364,173.8443676262087,4,1.0285580581734555,0.19951255148191643,2.1102933562614883,1
543,792.1498566581732,102.5783833778501,3,2.3131913947358393,0.032054624320706694,1.091061445492246,0
544,71.08719205942282,189.23562609905434,1,2.5393441056270523,0.07644204271963609,2.483223899631313,1
545,355.48983222362517,193.14728271730442,3,1.862921732500654,0.055608929531538,2.5406024001369563,1
546,683.6432943523115,169.05233012882485,4,1.119036197521848,0.032531833459195414,2.117808884888988,1
547,755.5920411282474,168.90509763977371,1,0.6197661516141428,0.023501107208936924,1.6778093181052485,0
548,225.0333795956685,47.93640777017725,1,1.5636848547294795,0.0006530539905661881,0.925550512984301,0
549,19.305849636212734,127.90416835634302,3,2.8877007047447116,0.11991664266740112,2.768597607804238,1
550,535.890290379718,82.87482796651395,2,0.998306077261467,0.09515558995535214,0.7558980917401955,0
551,954.0149759438475,20.504756790907884,3,1.5862982212684313,0.1655950124921568,1.038560377110498,0
552,520.7668911101204,121.25485583122322,0,1.36109480176036,0.11151740092881318,0.8997857093895149,0
553,670.7367480769108,31.675257691543422,2,0.8438094189125639,0.07651212803408934,0.4525975495305894,0
554,883.6595999821449,65.46829978891398,4,2.480055454756587,0.17005172243418817,0.565077559802295,0
555,965.7701528787946,111.64417645711137,0,2.361397353002415,0.034530774652935727,0.5383612819730678,0
556,609.6523922590166,188.84662782591556,1,0.030117092633837328,0.03238245832158539,0.6860756515415866,0
557,545.1830432583047,158.5095199380254,4,0.7278533526036561,0.17772753873552308,1.45290504062219,1
558,562.7339436734906,197.6579262168354,2,0.02609938275103585,0.08166505145058883,1.0308615300895931,0
559,45.39592809976145,128.26324124875907,4,1.1000572239368118,0.02594334226637578,1.7365541320863818,1
560,37.51156287221002,70.65608843078262,4,0.1684313924272458,0.1112521180740276,2.773562312713479,1
561,272.6916047167428,196.64847128909716,0,0.6231297682631588,0.19050220476479907,1.8923317020384465,1
562,587.4121875945827,41.290194805284685,0,0.708210431917158,0.08526071979250072,0.9884052352556857,0
563,50.69552550768097,148.0254657894907,0,1.746470091675814,0.059847882343523943,1.2244817517722495,1
564,945.2739781395102,93.27908096717962,0,0.14561354800648396,0.14490081709399247,0.2694427132553996,0
565,325.3165795739106,140.05838231068526,3,0.42197193150012946,0.05175861220492837,0.28119486846530617,1
566,473.5658861995358,175.4385809065267,3,0.5008210988339611,0.08319439206566355,2.4387371725556095,1
567,404.62109257868326,84.26634007958623,4,2.188597645875629,0.10783056212838045,0.06329515886315962,0
568,709.161477326996,45.16698353920459,0,2.510166020877213,0.0974740777861135,2.562803692649161,0
569,517.2015683249048,158.05397283874277,0,2.3855287729796353,0.18987536981120745,0.1454637275765035,0
570,524.6420220452586,75.34117697958223,2,0.5453673968108628,0.16699665389503113,1.6894836322515987,0
571,482.03620197375386,178.829248909363,1,0.9337045719491827,0.13424528018389514,1.6625757953390012,1
572,451.3014688610715,30.706515073492668,3,1.4826084102215145,0.10427760925891989,2.4030465552658318,1
573,146.5024614370637,56.851225434131905,0,1.5481396333683595,0.10536202132440958,1.500681531667324,0
574,784.0352016250534,175.2952856035109,0,1.3371744435544775,0.055365537540067504,1.6966638095146362,0
575,935.3953045867203,158.79260015423085,3,2.8758996378967803,0.08129588073748595,0.5381763689909488,0
576,270.61045261543416,142.41762400083846,4,2.5043699868955676,0.11020462322025924,0.2103066962966077,1
577,784.0247911282934,191.94886964368135,4,1.9704222053935818,0.11258368772288313,1.1564771304893702,0
578,115.58506201220642,71.96737462612661,1,2.4588682078704522,0.011159649343265611,1.1355164698165494,0
579,50.88868888061282,76.37702249162899,3,2.2301321088296002,0.0279713844592143,2.2537113305148244,0
580,605.3375748679704,83.5623747089789,4,1.1186519916871502,0.1795427109488918,0.9311937729117533,1
581,992.9749126134626,32.93788819773831,3,0.1852771584945455,0.1785610910634887,2.6546266627964594,1
582,189.8737728194718,83.2962456509131,1,1.279690907951044,0.02998845907100376,1.5971451739381166,0
583,531.5709980795323,114.63737527148953,2,1.4789451509598492,0.14249352129653622,1.7277557258523482,0
584,650.0806786122482,185.0470393250489,1,1.2680655876909617,0.09186482537590246,1.4106461974191846,0
585,225.34137218395668,72.7580509544469,2,1.275586536078814,0.18466129543986282,0.6622549589463139,0
586,642.6138546764934,2.050570268013052,2,1.392260173727463,0.07530466980791986,0.7413427168856523,0
587,124.97455096624977,187.3669638726557,3,2.3862019680995425,0.05159537352223871,2.706239626968202,1
588,45.8306095208002,110.88382019641575,3,1.1231393613574443,0.17106514448448984,1.1149864190704375,1
589,487.1353252173335,20.4850365377367,1,2.498941388683452,0.06619896558739623,0.10233611711346502,0
590,239.51926230100008,91.19411936081343,2,0.46664441937787415,0.1882342916979366,0.45968156337177757,0
591,608.6127166670154,40.761750558997356,1,0.4429194568113003,0.19179257529119648,2.1733359854580754,0
592,490.53046539441726,139.85049348691547,1,2.143715191989001,0.14319832265081306,0.7468808248857169,1
593,243.5522873872873,88.36030161257375,4,1.1267058499274971,0.18459746399744437,1.9191606150078382,1
594,46.840944792520325,7.072026391586461,1,2.225602415232651,0.15500262266356818,0.965513666417026,0
595,508.6824809099112,139.15711527372994,0,0.308470433966348,0.11738949343453647,1.651050936259343,0
596,988.8990340011038,37.23141273009387,2,1.2308948714064796,0.08124123276906597,0.6617191959918275,0
597,174.52443150355302,108.15214352480295,0,1.0540546146500835,0.029116965497154902,1.0468656781956636,1
598,249.32943158287202,144.1415867177463,0,0.9683356320686136,0.0871478269354945,2.2976827279967154,1
599,18.28370955679681,139.78806606410586,3,1.3090436365237919,0.16480595652548138,1.9322100346208932,1
600,518.0806086836914,128.87940468298905,4,1.5714933487403417,0.1633076870532643,0.3390947220429672,0
601,42.40762258873077,175.03135264912737,4,1.2563572951035007,0.043108234349423326,1.5207914849763915,1
602,666.2112768077279,104.41598954985972,3,2.142170869274243,0.03726517518681587,1.6927487629903335,0
603,751.3122206156169,10.202695353519498,3,0.8233934506111273,0.1708070995393114,2.8268819519841415,1
604,352.8569584229362,151.30156142008704,3,1.267356672728332,0.13265689986969942,1.4269157477363938,1
605,899.119243273745,25.358258342169005,3,2.9171789375249344,0.1394120795384354,1.260806189745446,0
606,249.80029867263465,152.82542092900536,1,2.568813421980563,0.16454175880086652,0.7987029644445961,1
607,359.5907519668965,84.5288440891915,4,1.257184847131981,0.12550992406573558,1.1772218282243108,1
608,710.900693826456,82.8288598073939,3,1.3764619554310944,0.14907095017150856,1.8665053698140546,1
609,875.6453095140979,157.86059128547092,4,1.084889873971198,0.09414258100167108,0.340636298344381,1
610,181.92192635708017,29.28048944945767,4,1.0312320305761664,0.014690556057817794,1.225039110091824,1
611,84.19567744906975,167.91505549513212,1,0.6220397532271945,0.15535079382308487,2.549065861503605,1
612,766.0576371104753,175.89186585547878,2,2.299906659631659,0.18768544615205418,1.8559898280626315,0
613,154.28687797242912,163.696862169477,0,1.8668606544936668,0.12659282996786272,2.8887594527155622,1
614,561.9823295606619,117.85317082303142,0,2.318032657594072,0.09736964282377632,0.25933116176111726,0
615,379.84637702838796,165.37775791197117,4,2.664589958105987,0.06715650881105535,2.3729058174196513,1
616,415.0905530326443,191.5091224317878,0,2.4249590486831716,0.19937170738250015,0.09760712448375786,1
617,721.4542985123693,134.5278052627978,4,2.3180714610988544,0.014866731100392272,1.4684681387940246,0
618,0.7633124311855477,21.11427165410362,3,0.7517946816602066,0.16619318938798022,1.272788614868655,1
619,613.9296525609576,46.998389182066916,0,1.40624818778578,0.05807800395240181,1.1677582933728035,0
620,779.9174088417362,119.2324341209015,1,1.8880577976994197,0.035501992734541646,2.643258741235453,0
621,759.6721433994622,56.031803491402535,4,1.453247399285205,0.11694623475140985,1.0684023528547353,1
622,455.30434280515954,145.353705905658,1,1.8616629448738782,0.02281671031460213,0.38458772356233384,1
623,158.98068893804762,100.90550642378476,0,2.899299578569754,0.06826760816889997,0.36733414102730444,1
624,69.17278988468378,28.720522485996767,4,2.2005877735713106,0.15236360002153695,0.39234002583609895,0
625,692.6967335580982,185.9704940541398,0,0.5490263221016984,0.11552445738770863,0.8384167030236938,0
626,125.08945905721714,8.406405237765258,2,0.8369687649016133,0.04332774990143134,2.3254762044340875,0
627,542.5223339520148,17.337993489309266,2,0.16461776205238876,0.051728986626417096,1.3497487798417729,0
628,746.695418341167,81.7448912216621,3,2.0980341006337104,0.13866438274288848,1.5326685433125928,0
629,832.1714811500132,21.245128429229098,3,1.9324124160457272,0.1625681807527732,0.5832170162167634,0
630,871.460447008013,106.50293965315541,0,2.9255646675146205,0.11254248078589352,1.5481300581701718,0
631,849.4469105418692,29.439481157934154,2,0.5951621025654902,0.14785380575899107,0.270005422693645,0
632,990.9450043119276,159.83160589999554,2,0.4996833848246377,0.03289188977768818,2.5198815661782965,0
633,5.813724911719942,150.26950064496316,4,0.48533383783380246,0.1747922973278071,1.658279696609354,1
634,875.4863099595358,14.182724396699008,3,2.2694146479832282,0.12277185419867805,0.33426134232522187,0
635,912.2032362260582,35.320767629119175,0,0.4301418977491094,0.03967057939668126,2.8433199120888566,0
636,869.7836180865393,170.26451591886604,3,0.5629907911116544,0.05865055542543434,0.2704934625628619,1
637,566.1332956921932,164.49974557065696,3,0.2557912398402885,0.03187411610316611,0.32158389057193204,1
638,538.8861111126022,117.89038336834885,0,0.9496278221771741,0.08435466796041194,1.79461904854718,0
639,290.2818094355387,116.41848951992957,0,0.6823164541756864,0.18447314723848113,0.43786686069099745,1
640,3.3305975129581666,88.43447806669549,2,1.7605636233010682,0.020286024587681584,0.607526733691788,0
641,645.957675688635,198.68254255949702,3,2.64963930290815,0.11499029639886676,2.497796550305209,0
642,669.7707972549366,100.24777537332442,0,0.02046784879359953,0.14810622517084707,1.0626778239444685,0
643,963.4627729984329,77.51529745360055,3,1.1325303510315432,0.12610906371357553,1.4318395934651367,1
644,437.50412846441867,32.64061151599999,3,0.5663239612820404,0.03230027652045966,1.7363677044546901,1
645,893.7191652954358,88.865562705026,0,2.8439013262134267,0.0962844437548821,0.6449851611276161,0
646,631.8209627341146,88.67380405477014,2,0.6196945095497682,0.012440147174919258,1.3885456783578047,0
647,649.6943703606372,147.71574423876535,2,0.9245560797987822,0.02350696600464841,1.0284978094442683,0
648,129.76542251203537,109.33973635896234,0,0.8784220725296779,0.06919474384911739,0.010510177590349001,1
649,718.3780572230534,128.38767131930956,3,0.5818234898061807,0.14117960735883645,1.5716883971627134,1
650,377.026125693928,106.81904094266838,4,1.3232560299451943,0.1973363531155111,0.9551230509563964,1
651,71.88989009633629,163.11409660798694,0,2.9888092681174867,0.19897448375253468,2.6842500772789046,1
652,47.331113154613135,197.16609380106004,3,1.2780566371535376,0.10571239043714811,0.843033067815339,1
653,980.8143468456858,33.08236549801031,1,1.4029800498880736,0.09496129427217524,0.8434320358263434,0
654,337.63314726962324,176.41804959667923,2,2.7145960983204165,0.020123706952902998,0.8909599299103218,1
655,457.9874831972862,171.99796790014744,4,1.777402479095664,0.18841672571417642,1.5067176598255931,1
656,410.03416009000927,1.759298255089714,1,2.476942449546449,0.12031389450279897,1.003941731328411,0
657,427.77750121574445,104.8641463671069,4,2.886450467528916,0.021439902202922315,1.7737280070184056,1
658,509.24612236829427,30.06322783658493,4,1.1409851177424926,0.026413338188302583,0.6072809150514252,1
659,357.96968691452446,83.32200582604831,3,0.2023924673628733,0.082266982525937,2.2807315132489827,1
660,19.96491503708919,115.09645600783477,1,2.8684082201988166,0.15085117041423868,1.1077374530460538,1
661,227.56065792436576,158.5681024022945,3,2.192786923422639,0.07052164133269474,2.7843948295010295,1
662,474.50903050049254,84.40091027002093,3,2.316040774229266,0.058460458708994814,0.006015467879280756,0
663,89.51151019557291,164.84781637218225,0,2.8166295487998196,0.14396751390221374,0.34866715708495,1
664,592.374151868383,153.0838464506887,3,2.7159300449523798,0.149413934597374,1.4878259980899649,0
665,452.52118343056935,106.73211002113415,3,0.4955021564077341,0.05256845248722861,0.7680566066681039,1
666,895.5421175124225,161.7063189416408,2,0.9012386450806052,0.18997417974539632,0.10358787296017224,0
667,832.0855344385185,125.81322054631019,2,2.245578495107522,0.0556122738955837,2.9599962127929667,0
668,439.9767315593365,4.338340135074525,3,1.8823067554655997,0.08167610754690287,1.9946784311942174,0
669,736.1953235292211,185.62930060964186,3,1.0494859588048158,0.035332249826538,1.8020523001217208,1
670,536.940349255886,89.78776172888132,4,1.7668181708090085,0.11656629267887164,2.7996754158949804,0
671,905.5105792108508,11.652112620427491,2,0.34001746316014514,0.034938975572863316,1.6638005715750912,0
672,449.69489271267815,162.6925991779568,1,1.5793432556589377,0.1143211016157095,2.7576011697288294,1
673,188.7028474481388,72.72635424750094,0,1.0040390720296337,0.07796626714560125,2.79195419520346,0
674,721.55658863438,179.48129274508202,2,1.1335838755707326,0.0941763019255628,0.48044967055088805,0
675,224.5831992214119,169.99074556440968,3,1.348586534201172,0.1880590572335159,1.109871240207157,1
676,29.188451198365883,113.299285846641,4,0.31764889416768594,0.009178280253677085,2.3596070401198124,1
677,343.69500046952726,115.38954300408852,1,1.5988008051117948,0.18323618713771256,0.7518561752177426,1
678,172.33748463456556,119.47114419905509,3,0.8030578660241842,0.0820638911992093,1.6899527026779715,1
679,663.4526700457686,139.57928990989367,4,1.7617011150632425,0.0005951954358404343,0.12354879359032289,0
680,791.7931629333378,62.576383398321525,3,1.8578160459392226,0.105719948728604,2.552813408785329,0
681,644.4383108911039,93.46450633074109,2,0.13156887616016544,0.03628090922741139,2.9387022833038317,0
682,782.6798495139273,196.91468106839088,1,2.9561769649739342,0.045058893629507796,0.8076428017973097,0
683,83.43232145089242,125.51242504544769,4,1.9334231564823914,0.14782329911217765,2.329742966046159,1
684,291.1711240234541,21.21401011070594,2,1.0419034053180805,0.19449522058916502,1.5062753422478408,0
685,976.4803953239466,1.4018435794776352,2,1.6341119902406778,0.10287593977756158,1.31103453268563,0
686,789.6028099711095,167.34378125666794,3,0.9730816192959143,0.045021425321864574,0.19523405751490341,1
687,496.68406895989193,5.693065389276386,0,0.6978509427695109,0.16977288169036528,0.3512647672061888,0
688,116.97822035162375,14.120384825964138,3,2.3404102389419945,0.19860568511990528,2.3887240241741203,0
689,384.7240668396692,170.7529217088645,2,2.196347595950418,0.14859284745769194,0.5481210683587961,1
690,695.2149608021631,52.42459854464552,2,0.22941752914016744,0.023001009337265857,1.1413003401323634,0
691,311.36242504863367,16.668522025401277,0,1.4131470415381426,0.02227467097441889,2.4586075496774464,0
692,198.43779239588665,54.25237026607128,3,1.0002055221227422,0.019561707983016,1.559186763268689,1
693,889.8415544732865,70.01310342735184,2,0.5375985916902516,0.12672788283954872,2.5218445101169817,0
694,172.72968025524392,112.43355206218837,0,0.9639773270730262,0.11619243341672075,2.5455774882093145,1
695,800.2871206287044,40.9593444125977,4,1.8799524414441553,0.06628069441588395,1.5559975553481349,0
696,246.09592244767276,179.26686390456553,1,2.2776318614463174,0.12491643704999718,1.0199625924178202,1
697,23.510901680745768,148.50365590287223,1,0.02363595763418691,0.07234448803790428,1.4348990243016235,1
698,209.56658464741253,164.32962916482913,3,2.945194320724324,0.1471141291511751,2.267295285013154,1
699,580.3703387729352,108.43269850881158,0,2.6438228415613994,0.13122683462027834,0.7135609265133734,0
700,702.0933617303697,0.3111563672470119,4,2.9554472887741383,0.07977686628964697,1.717600416207691,0
701,983.0746781664658,164.5546455147333,4,0.9761753635400849,0.17931246271647033,2.842090791171428,1
702,489.25520753689153,81.64503363012594,3,0.5158775848637527,0.09129944082814762,0.7018115370348078,1
703,401.4801070777795,5.415091240040648,3,1.7882300050331814,0.11749995885245533,2.568051670690251,0
704,42.40108110922935,115.63170333723095,3,2.649626928129564,0.13025236974900256,1.8049127227012622,1
705,514.779106829826,191.1708960686137,1,0.20208927988434022,0.0605792583891126,2.0419476986485314,0
706,698.0849623005396,0.818177094146133,3,2.04681399936267,0.13506023367819306,1.3676063059190662,0
707,228.5245338598283,194.18283079818735,1,1.3252700651158502,0.10692712392394609,1.3184253477836263,1
708,943.422739791296,180.198068202024,2,0.2064850976977014,0.041408871560973864,2.7051810189002747,0
709,598.699726453132,10.61943795698781,3,1.355410714573998,0.016184609529082294,2.4016882324751148,1
710,389.0519331325327,44.49863791134878,1,0.6137610031055887,0.06678353033559069,0.9765469815900051,0
711,764.8090694152962,11.386064266790473,4,1.2154766709167615,0.13988868626602247,0.6555840145732694,1
712,179.8244895643567,12.224063541324504,1,2.1179713729287486,0.1458852135604243,1.3639731477579615,0
713,50.34204054040925,162.14645515966782,4,0.9705654142295531,0.16446593579753405,0.12087353427326653,1
714,539.6698164098922,26.427046509678043,1,1.4247815490896454,0.16957930992677686,0.1802127176032896,0
715,939.9987759427892,142.92770318649184,2,2.4490481472020655,0.05386172391814355,0.5536652731147992,0
716,741.4744182291175,169.87844081825315,1,2.071224492049164,0.12142606054851982,2.9514189007971243,0
717,130.85368101585092,168.42836566092168,3,1.7271628948861435,0.0489333437395618,1.5870854808697228,1
718,1.8108685706180738,152.52189601269512,1,0.3225641997939235,0.17406126930869847,2.544709965576744,1
719,523.177798997803,150.39186832008647,2,1.1897262926963985,0.049195604123281056,2.245434023930951,0
720,195.04432808729487,159.0816659647995,2,1.4497052667505894,0.19937495760093615,2.6766131542965645,1
721,698.8694922570005,145.74255741384206,1,1.0930688244244757,0.07686402902120344,2.35706826517555,0
722,211.1398139139191,143.3249837297177,4,0.837230446395257,0.0482323899456715,1.3394456474973508,1
723,754.1145469197371,56.10988181382035,0,2.2538743158585683,0.1195527271131522,2.0118722203405484,0
724,63.07670885425431,51.49495085672664,3,0.9253505963371493,0.07561690140421642,0.312679763464326,1
725,91.88291313585472,94.33058274869992,1,0.8971014926423362,0.17168914388927684,0.7330357460481733,0
726,886.8226232094494,4.1062097179416,3,2.4467911306051047,0.16079866507618962,2.9490196427247017,0
727,525.8006633481957,54.369143209675656,3,0.7970874785588595,0.1764062744174705,1.4801273108124677,1
728,914.3527880135786,122.29257985183774,2,2.8860833384467837,0.1691459348675421,0.10351366393543504,0
729,778.3032920923395,121.16315063692275,1,0.992374161791291,0.003179836716557194,1.8144099013766621,0
730,11.817202761913892,70.55987290411466,2,1.5096078563237576,0.15797389048812996,1.326360032079784,0
731,388.048176460559,93.80293656845618,0,0.46447350569757484,0.19383351951089084,1.572415373728451,0
732,683.6794863559539,195.89944327358086,0,0.8844327866983971,0.033445833120575766,1.438771795818198,0
733,353.8116869572291,35.30349270883333,3,0.27185716051894415,0.00910022858184969,2.5634383737285007,1
734,747.1967984597035,149.8497825495357,3,1.0598019413220836,0.1830323603656644,2.380673917217184,1
735,59.44262521912258,198.55707578335253,1,1.1891466821840875,0.10481956245529989,0.46445258202892814,1
736,214.55460810001725,159.11680608121563,2,2.863296454215857,0.19384040021390256,0.10961493216483686,1
737,956.1965041136384,34.677623117156166,2,0.37762400515995553,0.033258194672748,1.5891050869318342,0
738,490.48402297393415,179.5637188126446,2,2.6359286576097363,0.18547231697492128,1.181211110061464,1
739,976.1953208632373,52.11496880263206,3,0.5366564267153311,0.11996422330928341,0.8736899816597706,1
740,593.3581481362397,51.84770715678499,1,2.9730412368002543,0.18313080011299676,1.2396560008109598,0
741,159.58628961310694,87.3999835682066,1,0.8985038118076312,0.12240776187038348,2.4099458366508184,0
742,747.2683320607543,15.777127314215079,0,2.4670498026733516,0.1514767106946127,0.3564137012101092,0
743,875.2562472934321,54.95167493786413,2,1.1482949189468052,0.15244201859323014,2.768068097502676,0
744,201.09599107626707,98.39551003094233,0,1.1608403539850183,0.004359575805881577,0.8040061851152963,0
745,109.69866880716562,180.76425340291829,1,1.1197073697040782,0.18327076435552103,1.626705006090806,1
746,590.1719064509147,134.56551549708985,1,1.4147167234646822,0.018581489783819263,2.5277167592086576,0
747,681.6442529980334,128.65236860543646,2,0.16557483284005703,0.11296015681452659,2.739035672672851,0
748,128.43169459559644,90.99290657340124,0,2.8934651678239067,0.0011761688679770234,2.6156785014934987,0
749,937.0823752178811,163.4929695525684,1,0.7656592535992285,0.06425259774399299,0.331023016933496,0
750,548.2749212271764,162.39354895856872,0,1.6802780233450054,0.03574060807302017,2.328327298924496,0
751,184.274131300726,197.4620171677321,0,2.5352038355689324,0.034403147725762966,2.7395451751722977,1
752,442.1318763757199,133.38569733079044,1,0.10612424171707402,0.04749529855122994,1.833602724577133,1
753,385.4505662503932,129.62838656223235,1,1.7937817445201365,0.1106194858745217,1.4282179436461795,1
754,227.66612655934992,15.545647917941352,0,0.5207770118591537,0.08023224573539496,2.321555195289128,0
755,500.16325705447616,43.43820233792026,2,2.4584892212905616,0.1569664448938189,1.9624348451640379,0
756,701.7715229074938,164.87890737077348,3,1.5375406245519943,0.1092673883537136,1.9524086935690304,0
757,937.1261458806083,147.99596653930885,4,2.5330385507753,0.04323877992451169,1.143014608072136,0
758,670.3528576324974,142.1852058887114,0,2.313370190213849,0.14744777584619942,1.3031736545296204,0
759,951.2296213111491,53.34997558002803,1,0.6662481752168053,0.03751597798136761,1.0678721087410734,0
760,94.77898769472127,53.712785923746374,1,1.9476942521130032,0.12260341879831396,2.5047763663440814,0
761,849.5808825757169,52.37396758052056,1,2.456881331505842,0.022779083754196596,2.9464749786021924,0
762,259.2955955333235,186.98395485112042,0,2.8711787774836024,0.011591844325046187,0.373375531504222,1
763,752.4978465808556,106.95671423069177,0,2.3398834180734345,0.14100876750199823,0.3933567494407213,0
764,908.9891997583534,163.57672782910643,4,1.5938943649196906,0.05185158336246701,0.23588644524801483,0
765,535.0533130165542,163.5818180363698,1,0.8467586230155613,0.07796626952602013,1.8250898131839215,0
766,208.62440371427226,179.82408875618844,4,2.8020035658042692,0.009695197777089626,1.3905246620266314,1
767,299.5315410001832,171.46824442960607,2,2.9662012049946163,0.11956778823250756,1.639650576917354,1
768,157.7187697361254,51.466946712364646,4,2.534939489280545,0.025301225366839566,2.572790881965063,0
769,565.041380480706,70.3892634700054,3,0.26714903131058454,0.15082589765459528,0.14325597088936415,1
770,419.7777923338406,38.79043433900904,4,1.1124943159717615,0.034748375985603035,0.32619083305720986,1
771,958.9524422503921,118.48045608932385,2,1.1242594623837303,0.17565026695048258,2.638585919635535,0
772,519.7120341472792,141.11561398766895,2,1.364571884092656,0.11364535867123544,2.9284454311279937,0
773,103.86040698451549,127.29091890766824,1,0.926065237267529,0.011585043848371246,1.1941871751207662,1
774,889.8453714347914,64.35189574627972,3,1.034822465381651,0.17098887404296223,0.20722800598551483,1
775,692.0621702019924,88.64352814165927,3,2.3817986420413515,0.11846225824501494,0.12061089984919526,0
776,296.00848185745286,93.50656587623484,4,0.6807151866644516,0.008291840828418518,1.0826919366259202,1
777,54.092344701113795,44.5664046081522,3,1.769262663532444,0.11694936169973712,2.754635793816333,0
778,546.4751635827248,135.06791915067004,4,2.3087035453984113,0.12847375822110413,0.0897776373138609,0
779,174.21584435227376,20.905301879655937,2,1.0795665851694525,0.0006015320230042365,1.9927305676878322,0
780,384.4209207643239,105.46113114534874,1,2.8493908647714994,0.007545810741378167,2.06101824836818,1
781,287.89573596933195,112.9528151227787,0,2.0144298299474013,0.1594235402494221,2.2127548354842785,1
782,992.9061199061189,30.741418443088886,0,1.864465343621553,0.16564525083815754,0.28926892061695597,0
783,108.51501287931053,130.13116577388436,0,0.1711320394916256,0.18784393132644547,0.6943890897784366,1
784,560.2398008482712,48.88100667228355,1,1.9067428821332488,0.17429027753940377,0.7473654420236038,0
785,27.473987108582175,140.385249489351,0,1.966736256814928,0.062299101767541054,1.5294747765172596,1
786,314.9198438377084,1.853336239862502,2,2.553572304978529,0.13244607233584696,2.3965957939409175,0
787,200.74420042971352,187.48790518108368,0,2.447428421094365,0.0878144449726252,2.6760095303846922,1
788,616.0360295852543,1.973808510031505,2,2.2988990452001206,0.004543844549522303,0.6027629474887584,0
789,296.3906110675728,27.363114136579725,3,0.16450892004583384,0.07134016486842663,0.5637661974411312,1
790,90.91458712881905,54.74081585240826,4,1.2480088801107858,0.19346755100939586,0.38097699442705135,1
791,628.4975672130525,7.330406795566269,3,0.9996381611057932,0.06915578919154364,1.8212305229399428,1
792,638.7619922044352,140.5532104984179,0,0.5805659930864532,0.009955908891771538,2.3287901678115714,0
793,262.7573381912915,12.621445632338467,3,2.708055144917407,0.11249375653771494,1.7223788462951508,0
794,453.6063836542765,4.686522566742135,2,1.6860621258012585,0.061509698518748705,1.4306987532426096,0
795,687.7668600475511,95.4309926489836,1,0.526639339814856,0.05645040036495286,0.037823950231068215,0
796,294.0895277495098,173.80010317343832,2,0.008979424850370621,0.0033326313341416115,2.007922805272996,1
797,877.6025441689656,23.99848164700906,3,1.2295206836905153,0.1384945723199784,1.5195638141169625,1
798,25.583973322391927,80.70135425393678,1,1.6258770120118098,0.17752615014026718,0.9318753230113991,0
799,345.36622328137224,40.24603376550628,2,0.6794505368739794,0.09773141052635903,1.3402366718706924,0
800,890.3641110005817,54.22013748607848,0,2.022797246520951,0.19007888918133448,0.2748647546789973,0
801,449.70693004521155,177.37717895826052,2,2.6663179258565135,0.11772660062496368,2.6937625349477217,1
802,270.4600049420456,152.11808959093892,0,0.16473478947181852,0.06746266484156742,1.7263377208632522,1
803,409.77179547846987,12.096869123298791,3,1.2084605569866618,0.1650863469886598,1.0745261946699962,1
804,579.5107306734785,21.271085536914704,2,0.32285987691131524,0.06588307534732499,2.2103142920234893,0
805,648.2892761874025,29.86481098654461,0,2.0373165887493605,0.17612528306886252,2.4004094236822624,0
806,286.48999084842876,57.26835642213226,2,2.3610699300032247,0.09412860939112039,1.1244718139840368,0
807,220.61495535158338,166.1953706186987,3,2.2909480309344374,0.04335582917964205,2.5100750466799586,1
808,859.1089632643497,184.00729072213963,2,1.7284450375496077,0.05732175779096345,0.4776827600459377,0
809,401.8239509319652,81.83458783111293,3,2.3469509169647216,0.17310340527089826,2.9365415348473043,0
810,823.0243969975627,127.57175189741925,0,0.05325191577518262,0.16123049256303676,2.564835180150766,0
811,361.1460587705788,61.130269132139105,2,1.0791315466294078,0.15248415445087266,0.9185630558960624,0
812,346.69672300959206,197.44945094751168,3,0.28036148368897984,0.1653624500966931,1.1801016307098964,1
813,610.6013009941206,155.82977154526,0,0.2974749564008521,0.08619334525853523,0.5971307922168179,0
814,643.764888165788,71.31585727587266,0,1.7353148295243357,0.16767224289018526,1.7712823715208939,0
815,468.8104293552598,136.58157449598514,3,2.057577194553612,0.11525329982360127,0.9157523666347879,1
816,30.015268630040893,27.89462210071587,4,2.027914797008386,0.051286582001344644,2.024402640783364,0
817,8.515838641721341,7.572289925219566,1,1.1237743271254614,0.05558831150173369,2.584247687114677,0
818,38.69857829904688,161.6666798823218,2,2.565028365662007,0.10608752613461184,2.465679297698415,1
819,479.0966909040214,117.06843178746745,4,2.194383989454234,0.026199578829924297,2.112551225129561,1
820,445.8673137317691,78.14946664129539,2,2.775369767950242,0.17900150787129512,0.35546667345025895,0
821,793.4265885394584,83.32765943005617,2,1.8523136978216315,0.04579266981771311,1.0874468842974152,0
822,49.80472641229294,198.26698783091769,3,2.409237547181825,0.17372939622196656,0.8722695896877248,1
823,386.47989902758616,12.74434592949667,2,2.5084396100207886,0.15960846815826935,1.1374574209173802,0
824,305.85698067345226,55.25357173990335,1,2.078624144503664,0.03162334618868974,2.9407818134394854,0
825,541.5315868387255,178.67004935010712,2,2.6319351594860194,0.05696206126498935,1.0037964865370774,0
826,516.8088369159116,121.24054416488961,2,1.7820497719180726,0.13021338387172476,2.615732703047205,0
827,587.4371213594779,102.85545371609544,3,2.7816250904261253,0.014708843164361163,0.31635198237170026,0
828,611.9835855544761,38.012201965037626,2,0.7956546113459051,0.10115801511523773,2.3438112862172114,0
829,74.68391096995997,157.45078640918905,1,0.0424053200858705,0.032840909924016295,1.4173976524111718,1
830,132.1914986332706,29.889558022305863,1,2.9661481878410405,0.11196502798300388,0.07318766804998145,0
831,141.84666502395993,33.78530860202571,4,1.9272006803865795,0.05622610051778785,1.6482341980074688,0
832,385.77158663061937,34.71955484465925,0,1.5376495292038843,0.11375579002078551,0.749173640019124,0
833,637.2180210060852,182.5019554668424,4,1.4435682107004035,0.0021428883060358173,0.7331980385317717,1
834,112.44379462859555,50.76496306254077,1,2.6149927097448877,0.026656270716760223,2.449376600465025,0
835,321.0569041382837,29.971364972903245,0,1.6954872485925159,0.02663091749961435,2.420925689693167,0
836,154.44387027592043,43.42035737477832,4,0.7181798786610788,0.17728465129555301,1.0564006542415778,1
837,457.2309111755394,26.841415280676806,4,1.140145639688672,0.1016569376868471,2.047216179779905,1
838,400.23203106370585,172.09202280536581,3,1.2546779925141767,0.195387293112364,1.5775409946904966,1
839,497.454815139598,38.37636641421742,3,1.0086483942651276,0.190518228640307,1.1907064783133667,1
840,534.0243096930278,63.15268280442425,1,1.973189725278764,0.04920088619428549,2.5863468442597966,0
841,250.79883065404695,153.06251379136134,2,1.4212851709501853,0.10402957918758811,2.0929433604871,1
842,843.7964822973473,30.47097440675166,0,1.4669200524142356,0.12269580376268022,0.22879727783301562,0
843,270.5792974648771,60.8202344381414,3,2.1577461875723714,0.01145072124199209,2.9386714307431774,0
844,259.2865927360967,155.12286627606153,3,1.559363512851141,0.04375208756650748,1.6951656399333581,1
845,481.31223472718875,155.7697122693511,4,2.4597939051704163,0.11946071227530641,1.093220708068634,1
846,317.97576476080667,2.50056912825225,2,1.7347305362705838,0.02531553646849967,0.6033609268522032,0
847,433.86581224452436,183.1041237366224,3,0.42048556759648936,0.19485628194945567,2.454152906334043,1
848,717.28122958702,70.5952534062446,1,2.6934046652941945,0.08894924612655844,2.0677052458067666,0
849,518.5001207479436,24.708028851035802,4,1.963235116698899,0.02542146851771634,2.44251866558943,0
850,286.2820416567876,28.352859458088187,2,2.299908945943905,0.09609958758776019,1.7938349779644431,0
851,288.1678395598406,34.96685162915212,4,2.4243149334772296,0.11855730260215276,2.931986489222288,0
852,968.202673566164,151.42858850626268,1,0.26804527267893385,0.17770929037730837,2.6489073375534073,0
853,684.7174457589986,43.15688637301258,1,0.29457210227760133,0.06736829042367017,2.9659608536813855,0
854,343.2162555564041,177.46132354219634,4,1.1564220399017595,0.07167588089440738,1.7080129485287432,1
855,431.2226821583809,20.758785517171162,0,2.9883021061428505,0.13192089051667188,2.0888365701681373,0
856,681.6707887345235,123.18084086654129,2,0.06678989600749563,0.04717550486643212,0.27024587465034633,0
857,638.9182545481482,148.2519009780861,2,2.8410310616981405,0.01671973152226236,0.2064301582991369,0
858,903.5758977588476,44.374411219372625,4,0.1546437076672844,0.10629557783476394,1.3265254981084142,1
859,604.5232124615634,127.47256523697632,3,1.8688214022229306,0.028542680455304104,1.8673848391166554,0
860,651.6265859886615,161.22897489191536,3,2.8572328390995603,0.1674984890618021,2.4551914484341553,0
861,21.062103846967716,115.92872665513782,4,2.683252961561009,0.15547665648497572,2.729468324846735,1
862,136.709939533881,114.97247722412258,1,0.6833383101237344,0.04879052451102524,0.9616648891721955,1
863,476.466899981845,155.59859485734967,2,2.2804008368199016,0.09430542118313182,1.0294744476789914,1
864,20.11747210357784,110.7263828151716,2,2.0416292153242264,0.19536815336011173,1.7664332177242104,1
865,697.112570430002,60.74258856246688,4,1.3903807342508676,0.11464533604528078,0.24691428378175917,1
866,358.911962522355,23.713741090937646,2,2.0557675352537297,0.036662874257503766,0.5219586353455814,0
867,153.75656137536564,154.0183744319793,2,1.8477208106300198,0.12876768593149854,1.634729031453951,1
868,487.6225321442453,186.42342394322898,2,0.16080144996652146,0.19487492067360138,2.7004719056101703,1
869,275.3449454428367,110.4058573153765,0,0.12572852109587984,0.16965085174033245,0.05700082132557294,1
870,150.62704601613143,197.724910087926,2,2.413632356284165,0.09828828688192862,2.7242026138996325,1
871,625.8323212599994,144.21201022829203,0,0.028893164824820627,0.09298498979295125,2.8986143594089286,0
872,409.2500670528275,30.403815335471474,0,1.1908250933639255,0.03199304003175505,0.6245509973055157,0
873,420.5120844834629,6.896640183643443,0,2.3884433312791065,0.07346299626573119,2.462193129216327,0
874,334.51493867040637,61.15574693583537,2,2.783401466614592,0.14609335851021985,1.892111708896365,0
875,562.5360066243464,89.70139849353902,2,0.5994580493463297,0.03375010148953763,2.1556154378223447,0
876,791.3710835400145,160.25808947650833,1,2.3114273482927974,0.1419592546297128,1.2731829865665536,0
877,291.32401564200103,183.70153012508382,4,2.44973564808149,0.08432852240961225,1.7071566541788854,1
878,93.59731255561255,42.95513121379946,3,1.2592554531430449,0.012868829036725283,1.1098719128250878,1
879,713.2190754494392,99.01399861749647,4,1.9243967599418723,0.16549318082692033,0.201237018279397,0
880,859.4616005596174,29.66387938313899,2,0.6491338650631902,0.0538555142640724,2.9522653920150423,0
881,431.7773043774694,8.293361281518541,4,1.3713592715529974,0.05070827570993213,0.07836974179040512,1
882,562.6289604338848,51.18160718845828,4,0.6917520086541311,0.03326216938296711,0.6116764422093863,1
883,114.58836747711388,58.13427747518936,2,0.18304224028598248,0.1995804329697295,2.990429364720999,0
884,965.266442544194,6.291436285032126,2,0.5604030721097965,0.053318025281778474,2.05336283425497,0
885,950.8491052139151,89.88732247026479,1,0.8760298980158955,0.1019635280628444,2.2824899645211025,0
886,924.9934225599981,185.06301840552663,3,1.3290370630336241,0.05979769474041894,0.4457772325461077,1
887,992.360398617522,150.11343472346636,2,2.9315305468100754,0.056371135132636474,1.3431537369922975,0
888,824.3740079808198,163.94785676716393,1,0.9867169562195747,0.04401059680474735,2.9712249493893017,0
889,400.7254316031393,58.694484526076465,1,1.529914685146999,0.046583185115978726,0.8611999775680381,0
890,970.5486618093955,95.30625866001881,4,0.9300316109413617,0.12546156794354832,0.20675566860044192,1
891,363.4255774011068,117.96212482763781,1,1.4168306666317028,0.05398758745803725,1.328918804499162,1
892,424.29009649301787,42.806768650972906,2,2.965136523350111,0.15326708964442842,2.932419861257861,0
893,628.9297235957636,95.86891806258578,2,2.2061666851976423,0.1107932106170287,2.94472709011982,0
894,239.96233499649534,46.56522773265061,1,1.809791783847782,0.047242205509329144,1.5338081691112886,0
895,375.9222126500666,42.304929999617855,2,0.8735553100622926,0.19615924221151904,1.9607194294970705,0
896,936.5790730962847,43.91948246872981,3,2.8633863091650076,0.1337438763506674,1.8760638889733805,0
897,707.2371546498505,86.04521637520565,0,1.2591841891764275,0.002930409277611257,0.9818900572936545,0
898,10.845410290531987,54.045461898041665,1,1.6465799084844372,0.10454939138439433,2.6145038015957276,0
899,87.9201762318681,171.85158958005377,3,2.9587797869813754,0.1409507370709961,1.3396677002674624,1
900,306.89486567237077,136.45311502154735,2,0.8044699423286201,0.08270312875299478,2.3995190933933124,1
901,452.5838457509086,142.90047489221436,0,0.7659265980426233,0.16313560717533743,1.588253350296235,1
902,837.2118277666232,179.38842423839156,4,2.9657108643527317,0.13035633454306003,0.8506524872063744,0
903,792.5020965612263,46.50979965231428,1,0.31622541585014696,0.1251582980450643,2.5258822145894495,0
904,436.62979143816517,135.24260364955188,3,2.0568430859415487,0.13952304682894998,0.7209033357094126,1
905,101.53142428554507,169.97133046848475,3,0.5190894082899684,0.16316122242807676,2.0764843792282965,1
906,602.8784316330457,91.17442137325153,0,2.584197394415458,0.03592038053116666,1.9504182463971094,0
907,139.14623398749637,100.17985422281595,0,0.06468640975782691,0.12740271866651562,1.5478931066920276,1
908,487.95146353107486,74.59834063276685,4,0.1698131006577619,0.02897921706000164,2.2131203279461604,1
909,906.2498097260597,67.95222171533611,4,1.0112935866609738,0.10445532795807673,0.7548540899790359,1
910,943.0097118539021,46.470572771746646,0,0.29344850967793656,0.09463770218482322,1.8387572974947362,0
911,354.1213608113668,168.69471069790447,0,0.8944413730044728,0.1664689355248382,2.300452521742917,1
912,432.1585806035263,50.12169389979526,1,2.529996613956876,0.06765437282149378,1.1377132772530942,0
913,584.563213943802,128.78943815101405,0,2.754833182620298,0.15303301915540954,2.077265623855612,0
914,844.6003476359994,113.28946278722509,4,1.6774050976655865,0.040033436733990735,2.0929597099089987,0
915,838.0521988255865,126.50238105570664,1,2.4640696821176546,0.08061741743286055,0.5088723254076272,0
916,15.179633579836981,77.70601951027662,0,2.582139564569451,0.14804319198317978,1.5376468786341868,0
917,623.9108818412815,112.37663092547913,3,0.0022972088153393466,0.08237184696720978,1.1638888667458758,1
918,89.51498334041341,137.7214655190523,0,1.7098993238842723,0.1502723238627053,1.6195972371897565,1
919,751.2205105895091,36.47352857784063,0,0.2386296705377421,0.16463576290982143,2.6428088613989185,0
920,631.382665559514,51.250138093933394,0,2.735959876857762,0.02376093525980294,1.0970594361513086,0
921,158.4685181680272,154.4057624202213,4,1.1203593615687417,0.03101893109643188,0.7148600372168272,1
922,829.789320407005,153.5722316143735,2,1.4061592406337247,0.17776926737572446,0.5715535659600542,0
923,99.21775205257543,53.65040863441715,3,2.5856922076713618,0.1164610532860647,1.241542889842389,0
924,284.6835015120678,136.87684362080032,3,2.1219276640227083,0.03867686226547287,1.6912041010822148,1
925,945.848846020737,167.24193505657962,4,2.5946463025051405,0.13417922369735152,0.23954023161287907,0
926,571.1885079000925,12.601531510988018,1,2.014319326440345,0.15840953531646207,0.5188400043497553,0
927,482.6472773025915,63.10061733698218,3,2.1044787195713806,0.1525269150691533,1.4361392241112658,0
928,889.0929553670547,156.44862588008993,4,0.6012398066194258,0.008533536642347217,2.281103871104103,1
929,449.15869436191747,105.2134602283209,4,2.4582617096403676,0.16854918698323917,1.6095503089749057,1
930,646.6023140514549,0.7125079376248511,2,2.162447424241514,0.1026190450587941,0.17600596306536243,0
931,378.11838494987484,76.5890717669981,4,2.1110268404641883,0.06544199679612275,0.26235815131925666,0
932,856.308069375177,30.885552216435453,3,2.481739751693455,0.02884246341790675,0.34932317630140985,0
933,97.04054762689584,0.5395899596297271,0,0.8775415085520305,0.18693885611973715,0.1342469819200932,0
934,597.8826186298106,146.47005530176065,2,2.876209399309087,0.16276175918722297,0.7962412032549369,0
935,224.29476470908128,73.93921898130986,0,2.049530484843487,0.15439047769510317,1.381122621203653,0
936,429.84043042409206,67.02467691017118,4,2.5203651798286577,0.02945097643190038,0.8263341960514531,0
937,899.9417325995375,190.109806205581,3,2.989150503599336,0.0005825352639786896,1.978703424491448,0
938,607.1516145710484,61.468485727203095,4,2.2814508239532563,0.16556669773593644,1.7022128620899166,0
939,555.5128435774461,44.54738544545363,1,2.540176629415961,0.032656272323406225,1.866270385572944,0
940,620.8125466018367,60.16340401146718,4,1.7695615089349315,0.16502958715153393,1.003624982752726,0
941,655.9897865684475,44.61503966543867,2,1.672078554623484,0.1522885459155042,0.19201132214950778,0
942,958.9488148912737,7.879145312915381,0,1.0943103895700141,0.18835769699132143,1.0573476169778084,0
943,766.4383839143788,56.08697900387387,2,0.1189983949035951,0.12340887037889343,1.9991223416259705,0
944,33.56711569999349,57.54086164985115,2,2.9162370723127156,0.0005959919194174157,1.1248108125974738,0
945,602.7359268298103,11.57060346363814,1,1.4104678735249296,0.17944245885361063,0.23704315617497052,0
946,886.0414535253766,16.052793186721324,1,1.6989865927724712,0.07742160207353568,0.9820133901709431,0
947,602.3627609266779,164.46858710502755,3,1.7177830588970044,0.1909313846585612,0.5140326234656339,0
948,181.8837163493997,1.1482796123404082,3,2.4581802779045225,0.03746512615320954,1.8174066440062255,0
949,513.4025570469532,188.55669275518576,4,2.465047654472608,0.1782563712589316,2.2235873056783504,0
950,50.805782174297875,28.039141173670522,2,2.736639818658063,0.19273461168813366,1.9796764769223114,0
951,849.7129837579149,109.57368599882906,4,0.6903195129801583,0.13417503364269942,1.0962963487452533,1
952,879.7875685114022,138.47001306123542,4,2.5530554829765304,0.1312003225562298,0.43099060888860463,0
953,349.92870285936675,179.5976931579083,0,2.6810043284210625,0.1604192237665796,1.2892500366092972,1
954,270.5265357529747,89.96628014445747,3,1.5144471417089176,0.04168648237024049,2.003481895391577,0
955,807.2593034100078,41.41517246572464,0,0.49027471256601385,0.16020871339299594,1.9406799214054922,0
956,148.79580001023228,86.74599467732101,2,2.430610754203615,0.015234750651278973,0.39905086043899274,0
957,566.5164902684169,137.96167669832792,4,0.5672753586795963,0.08024219672412435,2.058516630233169,1
958,189.30407960829055,13.845199029870159,1,0.15150940238749788,0.16726725981990048,2.8908758167940034,0
959,497.9410576712634,119.36064976059322,0,1.0790913967217133,0.02413177340345072,0.6670412927974412,1
960,661.6449361778003,90.44090465879833,3,1.145057829531099,0.13934977803570778,1.619106726629398,1
961,618.2819473694987,5.777652373868247,1,0.5882924222213003,0.1588700999117557,2.704046508139065,0
962,442.9535947037744,98.6696003037405,1,1.3388866402727406,0.14294335406347675,2.9215047375475245,0
963,936.2201078312979,90.70890555789657,1,1.5145143212498784,0.10580436294220581,1.3810272178293288,0
964,79.6721713886639,44.25769581827059,0,1.819398638094989,0.015121331546591055,0.2354160984694842,0
965,745.1476867313687,181.7296646633295,3,0.24544971352755318,0.1547425052349315,2.535421143977005,1
966,367.3336121019436,124.55692731676682,4,2.3837138826870974,0.17973089874611053,0.6879757556388761,1
967,180.2556412048537,39.38301890062495,3,0.749165855966286,0.04906758188696658,0.2564164229822642,1
968,372.2688002289941,108.49557223894826,3,1.5181288479884651,0.13580028913022765,0.6264715195268244,1
969,897.4290079393147,24.43623187523185,3,0.9782514616691732,0.018894635365617887,2.337626593769748,1
970,136.53651750633156,145.05091823277056,2,2.298400386841564,0.04930623565851982,1.4151689008152535,1
971,825.7313360866439,4.631408765822309,2,1.2187792296212048,0.025031810095996934,0.23843813127630153,0
972,551.3189764252819,107.61235378141055,1,2.5510570117146374,0.1499582248821386,1.426926249735716,0
973,361.8611122766814,42.85682060980454,4,2.3692619566089617,0.19691462063353615,0.933814327734008,0
974,535.974652516942,81.52272306368404,3,1.9191435321845256,0.0491064193146932,0.20229003145386681,0
975,740.138726860368,30.762789681782344,3,1.1180248035214728,0.1277954959929442,0.5007774747512169,1
976,927.7933828436562,38.187304292191904,0,0.16616914408813777,0.1117026116119294,1.6739237115051435,0
977,277.45909422666534,198.58712701298242,3,1.5254808755914007,0.15347807225511717,1.5562191556423128,1
978,323.6030383820485,171.77226805059914,1,0.030946117768590242,0.07518267933273226,0.7666288038276539,1
979,52.137625196041036,88.19350898093595,4,2.885711028520938,0.021537243010864484,1.851559399716111,0
980,215.7962700018603,116.45022541037105,1,2.5745156359372396,0.09226916161295298,1.5028954354799229,1
981,645.6022209562578,36.519100823594705,3,1.8044811888699925,0.12949845469814378,1.8223109348139732,0
982,763.9305053211848,46.452114566811176,2,2.808929569903238,0.13998677092542355,2.670854262584719,0
983,649.479223304424,86.90731362640128,3,2.727445201714618,0.11323766979428954,1.2579605315823532,0
984,375.98849687948046,53.84447832253614,4,2.6137524450406846,0.047421111174060164,2.596871869053422,0
985,911.75630098751,2.943180380065513,4,1.5717591494396896,0.1785492949487377,0.19216609049477973,0
986,774.9195013159849,3.8718997746220563,4,2.9556120315415795,0.12499685957462325,2.956835656411971,0
987,539.7460069288958,89.61574505257639,4,0.6686550737327702,0.08707951439620487,1.5068484247483218,1
988,458.1261395969419,2.077912823056205,4,0.4597807939070173,0.013251662274609832,2.199712260591248,1
989,535.4261692194341,127.457109894837,0,1.3342911403935913,0.1724575060901894,2.131506599219467,0
990,73.14257189877571,143.19935266431887,2,0.8906431270242853,0.1516580766966923,0.8735489738159133,1
991,569.2536694438687,191.42773574632287,0,0.7554632666778067,0.19664436785673264,1.9294188592595154,0
992,181.42650955813855,193.1001916982261,0,0.13942231407378036,0.13234753467076374,1.0786799777289264,1
993,702.3191540924271,128.89860849414842,3,0.21925344868998742,0.15042561324215373,1.305170810475702,1
994,28.979992952402167,81.40979688434776,1,2.1242838338982186,0.16303833080086183,2.8699203044891353,0
995,759.7582579051414,83.08646461079059,3,0.7055987888541796,0.14293140240947758,0.7244842303062077,1
996,808.5481088039394,168.15532837705865,1,0.290012231093577,0.14531131592153199,0.9819869266688994,0
997,396.6461908362632,67.79685851287991,1,1.1923436228133029,0.18106717662101435,1.050601947524192,0
998,994.014013707054,127.45992612538188,0,0.6449105766599228,0.0506698965678277,1.8521522405373587,0
999,967.2555853846984,50.96534059315398,2,0.08249680215589805,0.12575205603764744,2.345072021529839,0
