,logP,MolWt,NumHDonors,NumHAcceptors,NumRotatableBonds,Aromaticity,Solubility,pKa,HydrogenBonding,FunctionalGroup,MolarVolume,label
0,3.9983267778870806,387,1,9,3,0.3445391067020531,186.16109721217438,3.0235622670859725,0,Amine,140.92341436003863,1
1,4.545924781756618,303,4,3,3,0.36904130080086783,7766.715133263124,1.812267085869525,0,Ketone,264.13889373068787,0
2,4.252052357808847,300,1,8,1,0.5793610506856186,2783.1513699635757,9.861642572354626,1,Carboxylic Acid,153.08593439693888,1
3,0.13660243336786393,142,4,8,3,0.6896109919231692,1323.1060307755013,8.917296164903561,0,Ester,232.13297624195718,0
4,1.5860212844558959,434,1,9,6,0.012658497380686806,1819.7301451202918,1.7714551544931791,1,Ketone,148.74255941257312,1
5,3.18791211437292,496,2,6,1,0.8766412395027434,6411.678303897108,13.672554590073037,0,Amide,122.91386218872687,0
6,0.0034690697205602694,101,2,4,6,0.3643354085512396,4331.073857222474,4.281701423178791,1,Ester,232.80465592443733,1
7,3.7317953053369344,311,2,5,8,0.6436103227961631,9414.022496050298,6.018306132360725,1,Amine,218.97763902719976,1
8,4.3439160339978065,497,0,2,9,0.12239243017990187,3659.550281696522,3.30876736013911,1,Ketone,180.29671003915414,1
9,0.3879049350664293,269,1,1,2,0.5714560805892019,8338.909434793984,11.77078821268784,0,Ketone,107.3364789667556,0
10,2.1561089189306437,242,2,9,7,0.6784595305664299,5465.103650109234,13.51338670995677,1,Alcohol,195.0558535781962,1
11,1.51410839528193,192,4,9,4,0.15743804577628684,7053.76959443019,3.772973753719176,0,Carboxylic Acid,129.74130107487713,1
12,4.734696747461256,221,0,3,9,0.9121548037592039,1687.4389544688947,4.6811980928200345,1,Ketone,171.89432820877414,1
13,1.6236735435941858,312,0,2,9,0.7574664070451129,7490.096276044009,10.184707811296402,0,Carboxylic Acid,217.2395952716438,0
14,2.904683188615429,493,2,3,9,0.5339195605726157,857.4679350761105,7.862559516175159,1,Ketone,287.8704741528351,1
15,0.045302224247645295,472,3,9,3,0.16606603591690106,6911.522777862115,2.3658773394133283,0,Alcohol,202.26239251835943,1
16,4.183013305273596,355,2,0,7,0.8655513694154501,4655.710469620467,13.072050859886012,1,Amine,138.9566054623223,1
17,0.1464320225126009,349,3,0,9,0.068625968749087,2286.0328733855117,8.944964416768812,1,Ether,289.2452610662434,1
18,2.8461593086133945,204,2,5,0,0.11517155801163581,4804.3908875854195,4.916347628620873,1,Alcohol,105.18199136070483,1
19,3.7035658542186267,413,1,9,6,0.6981742376858379,8556.92561663112,7.367440677233807,0,Amide,228.56402656826486,0
20,1.9831203104141033,329,4,3,8,0.2538608515424583,1548.0370616661403,7.503209070803838,0,Amine,152.4784229411752,1
21,0.158336153631638,454,3,1,6,0.4593178994346546,1697.0945412157419,7.8304309153143645,0,Amine,251.50202958194956,1
22,4.503603931765855,473,3,2,8,0.5389101228964761,5340.438459039442,7.464974074705668,0,Ketone,166.2446355802955,0
23,1.8303710018202373,349,0,7,6,0.4582341587372808,6252.920248567898,8.303312289649048,0,Alcohol,185.74928804605338,1
24,2.3308047454660965,207,3,5,1,0.0838936565575511,4202.57752091032,6.113585107267701,1,Aldehyde,254.08334263895097,1
25,4.065401977417048,161,1,1,4,0.7374744386284878,2664.659588667044,2.9001150372949738,0,Ester,279.56371569057893,0
26,3.3033439789993384,156,4,6,3,0.2399902077606364,672.8535937051445,9.639580419655237,1,Ketone,136.51068825450923,1
27,1.6268495040443702,350,3,1,9,0.7385316808721663,498.88149669496613,11.302324464278737,0,Ether,159.25848261239307,0
28,2.7032038142679875,231,0,0,7,0.8652907856909033,409.160209644843,11.933236640980363,0,Alcohol,100.8649553040138,0
29,0.4698193490932029,177,4,4,9,0.5363738253896737,9012.929050619003,1.2853773749173734,1,Aldehyde,271.3143205788881,1
30,2.4058489412578905,459,3,9,8,0.7063764386093888,1314.4401995637331,6.260129292877486,0,Ether,289.4256501029212,0
31,2.1414020732028267,451,1,8,8,0.036937786072455014,2951.939484103756,13.719697145151178,0,Carboxylic Acid,155.88913551443588,1
32,3.799732029891697,478,1,4,2,0.03674811705608516,9858.936965892912,1.8133202850129102,1,Alcohol,176.9110141225,1
33,3.999991278181189,387,4,0,2,0.19716228892984689,9274.819970211589,11.212203225764654,0,Ester,185.79130102813025,0
34,4.361261699083022,433,0,1,4,0.3583832914997659,429.57627210927853,2.639468361798315,0,Ketone,181.9503731333616,0
35,4.286191083855519,261,1,3,1,0.1827838452303847,5513.0846164987115,11.720309088994899,0,Ester,178.57506958399998,0
36,4.991734204530578,395,2,4,3,0.6349602695447233,6335.351436456842,9.738876886823023,1,Amide,195.17492430963375,1
37,3.5372816057758243,134,2,1,2,0.2768876169308402,542.0871502223097,10.425430147761812,1,Carboxylic Acid,130.7567180674036,1
38,3.1036482500270495,114,3,2,5,0.8457510253872802,7281.5331219600475,13.705174945499033,1,Ether,111.53600035319351,1
39,0.735882083002472,406,1,5,0,0.5606037992529497,9878.712007248088,13.21328918038958,0,Carboxylic Acid,244.7053014353769,1
40,2.3408008216118508,119,2,5,4,0.3780795332935698,4294.366376283945,4.95682927135827,1,Ester,269.31320203935877,1
41,2.1522738613751518,392,3,9,3,0.8930781664846015,4494.726054824464,5.877814751740126,0,Aldehyde,262.03855583302925,0
42,3.672996188659698,137,3,0,0,0.8283630614777231,6593.80950095141,6.293362297464145,1,Ester,225.32529730027284,1
43,1.373392377448448,248,3,9,3,0.8200351462044363,7365.684011748026,3.3474735252936405,0,Alcohol,293.7622474470651,1
44,4.354235694597421,315,0,7,6,0.7283512490062121,7897.933568844399,5.954753472473143,0,Amide,100.3086223906396,0
45,1.0990745818586651,109,3,5,2,0.6142143365702505,776.72084326799,13.727323279491518,0,Amine,163.90846243040775,1
46,2.4178753390294494,199,0,2,4,0.3668233991971326,8007.0881927515275,7.364319465590341,0,Alcohol,162.00322222798673,0
47,4.721737188908479,492,2,1,7,0.42260042653655694,8640.875448757539,13.383811554676631,1,Carboxylic Acid,169.93458944847026,1
48,1.7199048514768844,313,3,8,2,0.6471239930346191,453.2272136457703,1.9289535965365092,1,Alcohol,259.99792078884946,1
49,3.6397865192182417,200,2,7,2,0.17287133261309273,392.31084663654866,1.5107118292951016,1,Carboxylic Acid,170.29931490725548,1
50,1.678096717395397,499,1,2,7,0.8278146214452561,5509.353961504705,8.47929173713543,1,Amide,205.41671644010293,1
51,2.571993198991237,462,0,6,2,0.9386702204028939,4968.569297880829,10.571299286755979,0,Carboxylic Acid,222.78797067760752,1
52,3.878181418344952,379,2,6,1,0.09798860614154536,9800.986890885884,3.8269671559329628,1,Amide,269.0766482459843,1
53,4.0728814804292055,103,3,0,1,0.022455681055802312,2944.7206154368055,7.543660351492408,1,Ether,223.17231542779825,1
54,4.212451052682805,217,2,5,7,0.14270017459218653,5902.409596088222,12.348226501924495,1,Aldehyde,176.26129860060388,1
55,0.49774411186595036,250,3,2,5,0.7599026052722544,5067.22586336458,10.902417841391406,1,Ether,238.9484310812154,1
56,4.27441503314067,141,4,9,9,0.10782655905673566,5357.797513930163,4.013580933126507,0,Aldehyde,203.10711573477266,1
57,0.7318841879707444,475,0,2,2,0.3722495556205715,6597.023481927011,5.348128398850999,1,Amide,205.6804468475762,1
58,1.364062154448456,447,1,4,9,0.06312361594362548,5376.412311610254,4.975286485233196,0,Ester,167.03050734992783,0
59,4.8554525512352384,216,2,5,9,0.43255716905407327,70.43858293662123,10.353589717387582,1,Ether,100.32150364156026,0
60,0.7210957583152083,118,2,8,0,0.6038590686315528,8437.258964289389,13.586354920382849,1,Ether,171.16938953401683,1
61,1.2554177558928814,461,4,4,5,0.6285096001749141,2012.3429219480824,4.6410197652354075,0,Ketone,160.54358586269416,0
62,1.6789070027140762,123,3,2,8,0.5189153459444275,2312.3149415659045,8.647906754124635,1,Amide,120.06780683813076,1
63,4.030981635992163,335,1,0,5,0.938107910963896,6480.079653789039,13.851260548528852,1,Carboxylic Acid,139.72723958296217,1
64,1.6043956036912483,357,3,2,0,0.5311365305165245,4778.038802943228,3.0485327652215255,1,Aldehyde,296.1780156257631,1
65,4.12988711353869,106,3,3,5,0.859238022951518,5745.225122082347,9.568070096539286,0,Amine,155.9633905682213,1
66,1.0279666042389994,223,2,9,8,0.9930257448812658,4975.491876386847,5.315845262896227,0,Aldehyde,203.6316069099817,0
67,3.005092706974462,100,2,6,5,0.22974539816422568,4179.208429710805,13.891691252133922,0,Ether,209.86652325405146,1
68,4.7986403006553475,494,2,4,2,0.26553541654944746,4833.541411380513,2.414027615199551,1,Amide,212.00601127855242,1
69,0.20510717825284686,278,0,2,1,0.5218695334368043,1411.7130169200248,6.866336021553726,1,Ester,109.46562702403548,1
70,4.542798220145814,287,0,8,7,0.18237838259202332,9693.088504199768,4.314653718305038,0,Amide,254.2924365484704,0
71,0.8241965340704982,258,2,9,1,0.5641250684577263,5747.942895007768,1.4118704399761577,1,Carboxylic Acid,246.06900485477345,1
72,2.9048373869426896,129,3,5,6,0.6843899068462943,2868.8830478830937,13.526763230327205,1,Carboxylic Acid,295.4384273138826,1
73,0.24401771224409952,176,1,4,2,0.06039754901358818,7128.689807077537,8.38623436535261,0,Ketone,136.93825251715302,1
74,2.856487579208198,117,1,6,4,0.6813949027455817,8801.181067761543,10.110233032400542,1,Ether,210.75826102542132,1
75,3.075048720943792,285,3,9,2,0.1594668594312746,2965.3800656569397,9.063574277165852,0,Alcohol,260.7660453848206,1
76,4.038332150066672,372,4,0,2,0.29931860752264594,3245.79130081296,2.930156885772798,0,Ester,124.86920408452195,0
77,2.0804543138780818,401,3,7,6,0.7388098214959699,4386.0485057793585,3.2172852499515625,1,Aldehyde,257.9141535920113,1
78,4.578747263164934,211,1,6,6,0.16358999598185087,2173.6804280439023,9.143791802966653,0,Amine,153.99265678814382,1
79,1.8520098449092415,118,4,4,6,0.531683048113518,8098.073980113063,11.137523710662103,0,Ether,156.16921519465484,0
80,0.4579469967795341,111,4,5,3,0.5891753062147126,5842.182571650979,8.943912626399172,1,Carboxylic Acid,289.11911101370646,1
81,1.933786691089655,317,1,8,7,0.1643578731633739,571.3880163205216,8.414860356537048,0,Ketone,162.77461811793495,0
82,1.5313286567894935,437,4,0,8,0.2747814456667753,9967.04406098899,10.697510139297272,0,Carboxylic Acid,216.84748237517908,1
83,2.232165682444922,495,0,2,0,0.6064639217343286,5750.140090133429,4.166908642085335,1,Ether,188.01859065688774,1
84,0.9978670720656829,405,2,8,6,0.4611985075811237,8899.473353887855,10.511399940848214,0,Ester,115.63186545065756,0
85,1.8517056927959614,105,4,2,7,0.6599813341345503,5016.680044618048,6.345865784854988,0,Ether,290.0965122371782,0
86,4.431206739907222,484,4,5,1,0.8547168810269675,5824.912538908917,9.762651207320166,0,Ether,142.74504799385278,0
87,3.262277119358278,490,0,9,5,0.13503402394378627,4545.29802193949,4.571316489990263,1,Amide,153.53890535994023,1
88,0.9905974159333414,451,0,1,4,0.0706327139948486,4228.184573970905,2.7870443662921227,0,Alcohol,175.44931116704177,0
89,0.2643744782034996,410,3,8,3,0.6667265688371201,2183.826118215012,1.3790672124525571,1,Amine,199.70719884209524,1
90,1.0832873032058998,223,1,4,3,0.7706436470194115,9621.280391417631,11.445164710175629,1,Carboxylic Acid,128.85714321324002,1
91,2.0458373101167133,464,3,7,9,0.4493069886164782,1818.5306649977913,3.5605998371546277,0,Alcohol,225.98731780344463,1
92,1.835658436033491,460,1,1,5,0.3939094696878319,5264.516383616372,5.725036551740101,0,Aldehyde,202.94049869528428,0
93,4.242433291999082,114,0,7,0,0.5967718571219902,871.8813625242645,10.995114099876078,1,Alcohol,160.60206550588737,1
94,2.9298704663770456,450,2,4,0,0.5514539522664452,9933.77565446776,6.852365157824689,0,Ether,238.5303605025086,0
95,4.212439279658393,384,1,2,3,0.4901706911184498,5557.208255654875,3.828135944479663,0,Carboxylic Acid,202.81602841851432,0
96,4.994385559376811,437,1,5,2,0.8187051282375125,8146.017715908949,3.531911238846977,1,Amine,268.13712721545016,1
97,1.451714727304834,298,0,5,4,0.17350046003178543,5629.725609922364,6.303159512564056,0,Amide,271.0809591406542,0
98,2.3872771086786884,389,4,7,9,0.6812089115503848,8050.047213077326,8.347292757264904,0,Amine,296.02133945022695,1
99,3.527767601402816,192,3,6,9,0.7413397394581756,5344.564854145229,6.10057206127259,1,Ether,113.46715156577136,1
100,2.5587687414497533,136,2,8,4,0.9013020104973855,4450.298701814552,12.759404464853317,0,Carboxylic Acid,181.0357280871074,1
101,1.6341130279623761,291,1,0,0,0.9451002025813438,4559.602080706587,1.0498423940747372,1,Aldehyde,200.30379483018874,1
102,4.081029146061522,194,4,7,4,0.5078656283332058,24.433054926018702,6.226150843755373,1,Ketone,146.76197317020433,0
103,4.462141579532215,170,0,0,5,0.4336400161772397,3707.1788528980946,10.656853364793902,1,Alcohol,284.4070381083817,1
104,1.3911665892452523,105,1,8,3,0.5039085640145723,9519.48861017981,12.581584522741354,1,Amide,117.62567693259076,1
105,1.4072841591865144,346,4,9,9,0.7325792627606937,6756.092850990408,5.659223628718595,1,Amine,185.70121893812097,1
106,2.837233576233003,454,3,2,1,0.01717136877467973,9193.270710522049,9.756658681839394,1,Amide,137.03814426537213,1
107,4.081941039092205,154,0,2,9,0.17414393545240436,2003.4254355632227,8.54453378923885,0,Amine,236.42776216673005,1
108,2.5996230781131624,394,4,2,8,0.9076663211942027,4912.111325848644,3.6199220649830908,1,Alcohol,240.99846622808352,1
109,0.30024793667446203,380,4,0,8,0.1954346802907393,345.78482225692835,9.852276554530066,0,Alcohol,274.5028030946335,1
110,1.4750230186167224,197,1,6,8,0.22848335763909344,6770.844466997155,4.244339903564535,0,Alcohol,181.79411303349497,1
111,2.5142466752270574,182,3,3,8,0.9394643367591543,7840.378663821235,11.190799668712254,0,Aldehyde,255.0220755983684,0
112,3.6834201131669047,359,0,2,9,0.29428032370576007,7478.266110724182,12.256715537180508,1,Amide,209.91611358757757,1
113,3.874728248046344,315,0,4,6,0.29044274091689226,868.6131593191501,7.219489860326611,1,Carboxylic Acid,262.45418199829743,1
114,3.7615303471092054,388,3,0,1,0.9237088448905957,2476.0290385316857,1.7036196873416456,1,Aldehyde,117.07579824574385,1
115,0.4741160477167977,334,2,4,6,0.37508199402345554,6558.617841459359,10.585583266456453,0,Ketone,192.6895306783952,0
116,3.07999672089959,421,1,1,0,0.493942019403545,7590.152017800585,7.073797103489449,0,Alcohol,130.11211845606448,0
117,2.1271655602016057,485,4,7,5,0.5604073437094627,2742.831239763603,2.2287499909197273,1,Alcohol,258.071096908292,1
118,1.5676199590811712,497,1,8,5,0.8682824779995022,4063.004202767063,5.304781273929315,0,Amine,130.5342770737904,1
119,4.138043490681001,277,3,8,4,0.07757142769238035,3513.309510078844,4.7783349481772746,1,Carboxylic Acid,101.61207410185675,1
120,1.7918764978283268,366,4,2,6,0.2608562351955065,46.64466710444083,10.442672181460662,1,Amine,285.9047479903461,1
121,0.9125741550665917,133,2,7,2,0.5870080964688112,5765.554551311908,6.512867163426942,1,Ketone,196.91966323793127,1
122,3.4786919434436205,346,3,1,6,0.43461277549082233,6691.458542445801,8.631620091550326,0,Ketone,297.03817758519483,0
123,0.6775399287645617,319,1,0,5,0.2782807436221122,2765.080650108821,7.51428195465958,1,Carboxylic Acid,190.599446872194,1
124,1.4694096095974913,249,4,0,2,0.4096422593579844,6878.157458403596,10.415340067109783,1,Ketone,218.15852733612985,1
125,2.2222490724258055,397,0,6,5,0.9662426353098504,2428.245251252248,10.33466099467103,1,Carboxylic Acid,248.8350591754766,1
126,0.7083651490193832,329,4,0,0,0.021032565064954878,7155.58838960836,6.83426782153258,0,Ester,156.1596676550732,0
127,1.4366285581343545,343,4,5,1,0.14697450270930146,4572.417035671853,2.755433313373979,0,Aldehyde,126.57127977235729,0
128,3.2080527475808833,305,3,7,9,0.01865516759036223,8719.477030642309,6.302392620835112,0,Ester,232.22590261020488,0
129,2.7870279206237343,265,2,9,3,0.5933966589257713,5447.799519627063,3.0817578068065785,0,Ketone,202.1373619780506,0
130,4.221400317057784,364,4,3,4,0.012936875238072743,1847.3442308871847,13.46905290286962,0,Carboxylic Acid,265.3602330452393,1
131,0.704453121965698,354,4,1,2,0.4540159759797414,8220.290749652286,13.351873274001786,0,Amide,109.01375850726626,0
132,4.319309856789976,443,2,3,3,0.8591962118691056,7777.00732896948,6.936913609712608,0,Aldehyde,208.9540214204845,0
133,0.3780954615265725,128,2,8,1,0.0972049896767534,843.1975854240184,1.3591623863928106,1,Ester,137.15117892864905,1
134,3.7170988815143975,415,4,1,7,0.3651740554930911,481.35888497158993,5.870367964363166,1,Ether,223.46348893974442,0
135,1.0344792183875107,446,0,4,4,0.37799792113761077,1363.774123464617,12.636222112612037,0,Amine,252.08795409245047,1
136,4.5154734026549965,415,0,1,0,0.3622542638904874,8453.305296860066,4.7442747668750105,0,Amine,152.6020383851216,0
137,0.2077976486664196,225,0,0,3,0.7274620450150864,3204.5051746591116,9.085737977961804,0,Alcohol,196.35773599831975,0
138,2.9012091381105143,431,3,8,9,0.0044095989617776166,5048.00957495899,3.391183975759544,1,Aldehyde,184.0408332518607,1
139,0.06412596455502129,235,3,4,1,0.7799650742627435,6030.061027516803,11.727134673902926,1,Amide,250.97416172221708,1
140,3.6801979533232103,205,0,5,8,0.8390413358916874,7435.070837577901,12.594665171240257,0,Amide,219.97355724065682,0
141,0.1687016710964051,204,0,5,4,0.4314635642046011,8299.723186681349,8.996556048392652,1,Carboxylic Acid,124.14147985118458,1
142,3.6357726260418985,248,0,7,5,0.8871569957556424,5159.139264686125,9.108912247908977,1,Carboxylic Acid,295.3496222897239,1
143,4.0426200695944505,283,2,3,8,0.38103901337547663,4158.180340793217,5.921280382240516,0,Ketone,282.4675018462052,0
144,4.477633724978053,275,1,0,8,0.6947227819548313,1960.221915990448,10.192187753066607,0,Alcohol,215.74400260095734,0
145,1.7970835225245092,402,3,6,2,0.3888248802458433,6075.596036929248,7.220000624884477,0,Amine,255.49538212230127,1
146,2.7126182850828586,364,3,5,8,0.03784342102077498,5499.220716304278,10.691329283038739,1,Amide,103.99409804986699,1
147,3.667642550407959,177,3,6,3,0.08342637299490685,2912.312383099832,13.590654644330758,1,Carboxylic Acid,140.2983648306228,1
148,4.103669864605783,484,1,7,0,0.44204941574009493,4462.588596427516,11.690886232584306,1,Ester,253.57260566432387,1
149,3.9142174621034846,410,4,4,7,0.9900960932220453,7396.770603260572,7.725306180304319,1,Amine,121.23760272457882,1
150,4.239008583989473,386,3,5,1,0.17755685864363202,6271.17323065998,13.725550703014777,1,Carboxylic Acid,108.54533541474296,1
151,4.4882176354522905,435,4,1,9,0.8955819569674982,4817.925651952165,8.892068981789093,1,Ether,223.1431830215595,1
152,3.251593662341498,190,2,4,3,0.9193941871802642,2723.8921698286254,1.8433414543125433,1,Alcohol,106.84835885662172,1
153,0.8698865891092455,494,0,2,2,0.40964881850183343,6680.375185805884,10.494779108362184,0,Alcohol,136.62276809695516,0
154,4.167404852960888,421,0,4,8,0.46182548744662444,6276.952196826053,11.660807699757651,1,Ester,115.9963838875317,1
155,2.3164357335847074,130,2,8,4,0.5028204423299762,4582.877326309242,2.7529122776142807,1,Aldehyde,206.85431631163237,1
156,0.25322502724449913,277,0,2,1,0.7704068482898476,2386.0019528672333,9.830769564249552,1,Ether,235.38684875347153,1
157,3.1304086514249074,415,2,2,3,0.12372436727101532,1749.5901332234232,12.971916329154507,1,Amide,136.66183886105014,1
158,3.63735610602667,417,0,0,4,0.32863726807773697,3394.65554802599,4.26853738687022,1,Alcohol,193.75152433188214,1
159,2.289287701681721,266,2,0,5,0.17070233817778147,9087.239925886639,8.605111915308346,0,Ketone,104.03421467109426,0
160,2.53334445887418,486,2,6,7,0.8784141511391494,7539.112013372225,4.569647700555835,1,Amide,152.93207257808243,1
161,2.749890312374715,467,0,8,8,0.07051807543770394,8910.80687453576,11.067296392495846,1,Ester,135.9208703480009,1
162,1.2624946112123803,167,4,1,8,0.7477041522008886,8426.147250188302,8.548580483920645,0,Ester,133.19287178315142,0
163,1.8699190842825042,129,3,1,0,0.4397411656508555,4589.36676948749,6.564992520399549,0,Aldehyde,145.00399621150567,0
164,4.034429918956711,166,3,0,0,0.7146041466836629,5304.894444081207,1.376843857473594,0,Ketone,261.06881305972325,0
165,0.14956015398419342,167,1,4,2,0.8898952577685654,1696.69111330438,13.282386322937205,0,Amine,289.95011880968184,1
166,2.784493722703365,285,1,9,7,0.33966231456909735,7209.000643852035,7.470610548718937,1,Alcohol,241.21045898100007,1
167,0.15890910213523124,176,0,6,4,0.22700139686502496,4220.066325065025,11.453424061163146,0,Ester,114.45110046841323,1
168,1.008189917856791,280,3,0,9,0.6502185943659832,1613.5289903325145,6.094633846528305,1,Carboxylic Acid,225.63276244679815,1
169,1.8644704275814377,113,1,7,5,0.9975258322238082,954.452646051682,12.038347281158908,1,Amide,246.82306716429855,1
170,0.9321880215168649,237,3,0,7,0.7295084169289082,6961.651963737982,3.0805063555320973,1,Amide,122.22506475006946,1
171,4.242561540103342,377,2,0,3,0.795622407960299,4822.5475283955275,4.009420856669401,0,Amine,158.86455468140002,0
172,4.351025107290399,290,4,3,8,0.6298572294208322,90.94492799586413,5.334088147299337,0,Carboxylic Acid,185.67626436470152,1
173,0.7650566131554792,160,2,1,9,0.3681834563409757,8245.331506993956,2.151739385216244,0,Amide,162.14479799293193,0
174,4.461680144292449,273,1,8,3,0.654644285888777,6195.002798647997,6.7699322551051,0,Amine,203.66367813181182,1
175,1.1499520665760836,392,1,9,9,0.12855023124284592,384.7256475737854,7.317017055223301,0,Amine,126.18403989915466,1
176,0.06068199639792049,376,0,1,9,0.48881803992510453,3047.5436383055103,2.492399970705748,0,Carboxylic Acid,188.9498806410788,0
177,3.6842003594640738,486,4,6,4,0.5730582308334122,7224.334395728415,6.552283181116789,0,Ether,246.65604845653914,0
178,2.5911739405435035,387,4,1,5,0.9067499870164563,591.2383631315539,3.5648486589828208,0,Amine,192.18664859289282,1
179,2.4919543488603924,306,3,0,5,0.9197193310782971,7362.789337653162,12.377753007170499,0,Amide,142.08698193483238,0
180,0.013516025063036174,353,0,8,7,0.060124509680291705,5049.447415834145,7.620814513424009,1,Ester,260.42250780845114,1
181,4.892692566989398,379,4,3,8,0.6318811285292703,7828.791174253311,13.375559849896767,0,Aldehyde,178.8791168963139,0
182,4.162859307906422,429,1,6,0,0.7963907450592507,8552.51414024271,5.438609415832488,0,Ketone,185.01848011614993,0
183,4.837203366838668,451,2,0,2,0.5364484428155862,7677.816752270628,5.43813685583776,1,Amine,171.52470389774874,1
184,1.2183679286511357,413,2,7,6,0.09567015650465249,781.6710769583126,5.403254008626836,1,Ether,157.94632681841418,1
185,3.0183796948472974,234,4,5,2,0.2327293134636811,4604.2745682143495,4.487698680549139,1,Alcohol,220.38958661702753,1
186,3.7337142691765823,145,2,1,4,0.31364397106955066,3188.0372503414505,11.195075998061682,0,Alcohol,137.56145982731505,0
187,4.016679356342348,469,1,8,3,0.662799410362232,5085.415674875547,4.675630545488186,0,Alcohol,253.84593875505738,1
188,3.9086501156196416,225,3,0,4,0.0655784912664108,9658.053568515657,4.7441717739238545,0,Alcohol,196.33989923828705,1
189,2.8616361746361862,498,1,8,2,0.5496201169756079,1244.8376284034064,1.609651362653152,0,Alcohol,276.7174993214473,1
190,0.15799967040005525,312,4,9,2,0.10893447308931403,8656.117487948119,13.549697960434623,0,Carboxylic Acid,287.7781689219846,1
191,4.969885708678769,173,1,1,9,0.3951197878904208,9908.54047310922,12.521820035011089,0,Ester,176.5945959002622,0
192,0.5743640899569435,186,1,5,7,0.4255562834690626,9900.229763429548,4.802625525952802,1,Aldehyde,131.76464234955913,1
193,0.9041114837697634,104,2,8,2,0.45183785352465466,7967.096179580805,7.769997484782147,1,Alcohol,201.0520128895613,1
194,4.122173169159234,340,3,2,7,0.710869371903248,4656.339190931145,7.275686252477922,0,Ether,154.0903552098928,0
195,0.5028795782412449,286,0,2,4,0.08119641764612806,1780.8282071059516,2.1401402548348054,0,Amide,185.30459080733547,0
196,1.0667625323754821,349,4,2,0,0.2682423206757627,6082.522544198348,7.905562804021823,1,Ether,175.48857444876126,1
197,0.10150945045445836,297,4,8,1,0.6411297736666652,6104.116369929018,2.473245759587002,1,Amine,190.09442970781208,1
198,0.7833542345887728,121,1,1,6,0.943565556619328,3165.0289027877047,6.643165146099645,1,Amide,199.71311850509213,1
199,3.2948000570648874,127,2,3,0,0.6207974955034462,6168.605343972886,2.141455729193223,1,Aldehyde,225.48577863752683,1
200,1.8026797694963221,118,2,7,1,0.883366112606938,1166.3552479044915,8.655910413933611,0,Ketone,100.76279392132723,0
201,0.675671277895733,212,4,7,0,0.9684059175293899,6340.450171112844,1.6371154884363803,1,Amine,151.28407497431337,1
202,1.3199835911072437,113,0,4,9,0.8839043236838621,8967.327107752804,9.16957219256046,1,Alcohol,134.0508423124062,1
203,3.768385184182978,275,0,1,6,0.9722068753704117,4721.181073084205,10.193840100529261,1,Alcohol,242.0893319332289,1
204,2.7842330035876173,490,3,5,1,0.7770414402971596,7645.865195466725,8.421221510009714,1,Ester,266.46543558576195,1
205,2.380218199355256,306,1,7,9,0.8871563799455572,6356.770018489119,7.103370395328743,1,Ketone,245.15129150170287,1
206,0.23329039482177238,249,4,1,2,0.4914515398629262,31.638193839338435,1.7903051823626104,1,Ketone,294.93276248651597,0
207,2.5586292942975133,401,0,3,6,0.3454390632580885,1220.8622452321022,1.1475925217947396,0,Ether,115.44950592627514,0
208,2.407640847351379,440,0,3,0,0.9997106298144672,7748.579000614379,5.451609880604997,1,Amide,192.95084743002383,1
209,2.214343807288213,310,2,8,3,0.09775990400638157,405.48882014026196,11.026281642833704,0,Ether,279.87405424190575,0
210,2.4374628226945116,240,3,9,6,0.9581986428011969,9562.52032364083,9.414612634575814,1,Amide,163.81767295338318,1
211,0.3714829679693943,377,4,0,1,0.4308743000510661,8940.86754175117,2.6286522684968685,0,Carboxylic Acid,260.46342152041484,1
212,4.66505364785697,237,3,8,3,0.022383311367265235,3624.3870463858325,9.943209121648033,0,Amine,212.34813401656578,1
213,1.530664416647482,465,0,7,8,0.8030164299227873,3104.528257678358,8.473902675343028,1,Amide,295.7113345418947,1
214,3.2625803564660094,143,3,0,6,0.44421668753564425,6129.704935777301,3.1674015160937388,0,Alcohol,174.20439044956498,0
215,1.794928866185273,379,0,9,2,0.7986861333835974,6118.314427233235,10.818921338476638,0,Alcohol,183.43345161864795,1
216,1.6396802521303973,171,2,5,2,0.044816470465462666,891.2428998392322,11.793958612876814,0,Amide,132.76129985752422,1
217,3.6249886829192617,212,1,9,3,0.9741465017941915,2154.641406003887,4.02324661175711,1,Carboxylic Acid,131.92802637501643,1
218,2.0938713480469833,282,4,1,3,0.6710379547672568,6365.0293921055045,9.26652181372312,1,Ether,272.2004594096811,1
219,3.0793715165686257,330,1,2,7,0.04799618124894389,8007.904335627485,5.915722242993321,0,Amine,181.45902515105024,0
220,1.3711240830027682,149,3,4,5,0.004646776240027406,1920.832963739814,1.7599929764165168,1,Aldehyde,224.09310663524298,1
221,1.3273222466199364,333,0,7,5,0.5940015794594683,7019.620213519609,12.197591910521597,1,Amine,250.45044914473374,1
222,0.995312723149771,157,1,5,7,0.9764992988602612,8704.882060479516,11.669678252502978,0,Amide,187.64864721638986,0
223,1.50456674252044,196,2,8,7,0.5239994895533131,1178.9336236224988,5.13325260582202,1,Aldehyde,290.75679890625605,1
224,0.3245137058412312,275,3,0,7,0.35389438091756653,4391.594853923718,7.909567168536612,0,Amide,287.634735743831,0
225,0.389011805348623,328,3,4,0,0.9389259355340039,8505.704661383732,7.6608053123522994,1,Aldehyde,236.0236605416615,1
226,4.2645483058561755,448,1,3,7,0.9839536123938017,3706.898343927058,3.3069687078120786,0,Ether,299.04156266293717,0
227,1.3993448576021068,451,3,7,4,0.7844848062690377,2695.3038090641994,2.8937608091445726,0,Alcohol,100.52969946909312,1
228,2.6916612812991043,171,4,4,2,0.7179147539496814,7456.401911328653,11.975482380265513,0,Ether,101.85054069530628,0
229,2.482139062040773,451,1,8,6,0.0020637023951489697,4008.3784019180516,12.275655488601043,0,Alcohol,113.50696307894086,1
230,3.170952925766568,495,1,1,1,0.3136826529872775,7063.411109507234,10.427336231310445,0,Aldehyde,288.703965718684,0
231,3.2397076774266647,185,2,7,9,0.9251762448958077,1264.7856524002832,1.9459518250968058,1,Ether,220.96690880053228,1
232,1.8339246406102305,272,3,0,9,0.36813580784387756,5535.555505879052,12.818848278125529,1,Ester,285.5444784124812,1
233,0.6671548074702788,125,2,7,5,0.33457957012573536,3795.2289615263103,13.749785553158327,1,Amine,125.41963447149183,1
234,0.8870657801455012,180,3,8,3,0.5371806562155163,9973.053321543346,11.082981078166222,0,Ketone,106.39573351705903,0
235,1.7966232206955763,461,1,2,0,0.44778636139651773,5914.322804616777,5.594364687206965,0,Ether,208.6564504960192,0
236,2.80054843929664,181,3,1,5,0.8587978789329093,6821.970996436363,6.275072040588786,1,Alcohol,135.04387661953328,1
237,3.0712335588683985,158,2,4,2,0.08169606864222345,1311.22013335513,12.305277448139583,1,Amine,271.9667755677991,1
238,4.661777846486644,230,1,8,3,0.6587493528112186,9919.70020836342,4.642419398241029,0,Carboxylic Acid,184.08187805801862,1
239,1.5261023446069406,373,3,7,3,0.6971901871612641,514.9932570984479,2.8441489445059553,1,Ketone,254.09135226473165,1
240,0.5464745794853343,439,2,0,7,0.8801127624996188,709.2958733626854,11.69645579172931,1,Ketone,203.2877669800378,1
241,2.688290670735441,471,3,0,6,0.4157844044467194,758.2770074077777,3.513323153627212,1,Ketone,205.73409093049526,1
242,0.3329834747687943,345,2,7,8,0.2950053436194984,8706.135848158674,12.794897773754968,0,Ketone,236.36900164841666,0
243,0.8280950186012309,141,4,2,6,0.6265608623676449,7286.16449815973,8.743867651209158,0,Ether,167.09036500284157,0
244,2.770676093808638,417,2,0,8,0.7249250698700586,9730.55645587895,8.219808080828527,0,Carboxylic Acid,289.76946025404305,0
245,4.622360262907313,334,0,9,0,0.1709792766425574,666.5367702428226,11.08474130820222,0,Aldehyde,180.08202126701664,0
246,0.9777423336805674,129,3,0,3,0.15816362469901535,6917.064760276318,1.2140487466933076,0,Amine,179.6084766853184,1
247,1.8124908874606467,160,0,3,0,0.26360314037194343,5333.1595710630845,10.276006953458294,1,Ester,241.48444819190303,1
248,2.214272284532851,391,4,5,5,0.24791732075880413,6391.722754919883,8.780421407118284,1,Carboxylic Acid,227.25037156145146,1
249,4.767497304817965,154,2,8,1,0.7506541067935286,5129.650818590312,7.809148941793732,1,Ketone,299.1563226266901,1
250,3.678074933128218,359,1,4,9,0.5307025975215673,6753.794205859621,3.825239603234357,0,Alcohol,270.0461619140966,1
251,1.6607610906265617,370,1,6,8,0.5477908533707269,9070.683880868648,11.782647781865258,0,Amide,156.9181572154638,0
252,1.3568323891103469,211,2,8,3,0.014702165947224732,5875.151286314006,4.258454197794504,0,Amine,120.3105225544729,1
253,2.592523504351987,298,4,4,3,0.9942575243811199,8964.262342659526,7.367047377057853,0,Amide,121.32543602925496,0
254,1.9068892415643934,195,2,6,5,0.8297900775005576,7821.840994863769,3.0550444972693644,1,Ether,172.3217549837573,1
255,3.083991199442143,196,1,8,4,0.4436644958707415,8649.375416570343,13.658232692092987,1,Ether,195.43719902280847,1
256,2.6737768011428735,412,1,5,5,0.06688221923990556,6592.849422097771,3.5289274960694557,0,Amine,227.42481830205972,1
257,0.16882642153386362,418,1,8,8,0.6942879819603276,5186.539156485321,11.441839218552913,0,Alcohol,271.54520707252345,1
258,0.372376210926863,432,2,5,5,0.535046143347018,696.4741857128605,4.420030260785466,0,Amine,297.908096431063,1
259,0.6702483431894157,419,4,5,5,0.6775389051692532,8349.18973401716,4.328562086303979,1,Ester,181.7431997034234,1
260,3.2537463385864367,244,4,2,3,0.6775774805729257,2420.8653888558483,6.48223505574898,0,Aldehyde,209.11607471727137,0
261,4.886252518782995,408,4,4,6,0.1547343634851054,367.5732710173343,11.996018744106516,0,Alcohol,220.14946406592622,1
262,2.2631028411150247,267,1,6,3,0.3288098516924124,5191.192728180531,9.938246427233778,1,Amide,211.71234848142004,1
263,0.7469793947509967,329,3,1,4,0.017760050732478216,6325.523849398112,12.331252976853385,0,Aldehyde,118.06261704660488,0
264,3.0502252581493683,169,2,5,3,0.9822628236147459,6618.652182621035,1.6137599551044601,1,Ester,123.00813359235414,1
265,3.127046422640088,226,1,1,8,0.8064654928435028,6697.488179563093,13.424005464699189,0,Amine,277.7510967710468,0
266,3.7787775614456,149,4,8,5,0.9288085588726139,6537.570212849197,2.002779635358727,1,Carboxylic Acid,235.11680052339798,1
267,3.549149230273068,423,2,9,9,0.0441306371911141,8082.113228467059,10.373850058708731,1,Ether,235.75222220201633,1
268,3.439212244382039,370,4,2,5,0.5003469960736595,7693.846727880086,3.6932510108578143,1,Amine,262.95635033325243,1
269,3.624198205731858,171,0,6,4,0.7474337507131936,8128.52744205268,11.930983135995794,0,Amide,116.8283226344081,0
270,4.096125433362414,345,1,6,8,0.10370474819212283,4603.161131240301,12.21070206774769,1,Ester,183.0959897924253,1
271,4.47728997134736,342,4,4,4,0.7770869562451689,629.1246397948225,8.16624665874441,1,Ketone,149.33488491290575,1
272,0.017030847397259685,207,0,9,7,0.6475022725211917,6396.123069195496,6.237319350476711,0,Alcohol,232.16132638627823,1
273,3.331099665626296,107,4,1,5,0.9849553029516246,2102.9372620981703,11.313825686704442,0,Ester,142.9869789652486,0
274,4.706066188250349,469,1,4,5,0.14086579751327655,8595.356044919426,12.362407724719597,1,Ester,238.4249751829715,1
275,3.789351774308412,380,3,1,2,0.629277288311179,7216.935531971856,10.597375458761936,1,Aldehyde,177.5800931581366,1
276,0.40684040019983214,304,4,2,8,0.9471343622843946,7658.932963352121,12.789917858465238,1,Ketone,187.88110763328032,1
277,3.6815774966493593,380,4,7,9,0.7436694141058263,2864.935682359512,9.14491063172263,1,Amide,263.6025593647525,1
278,1.2629816521269737,117,0,5,2,0.3361479755851787,6330.907972617352,9.71613511079984,1,Amide,169.63340489017907,1
279,0.9202805876152231,172,1,9,8,0.11925083344918963,5281.311290545989,8.434205500936223,0,Ester,151.31984042111435,1
280,1.0160052454395818,297,4,9,1,0.9637665007590328,2685.2501953997726,7.346109083987355,0,Ketone,270.0529546729481,0
281,4.860672673478122,113,2,9,7,0.07190371698159015,8122.444043111305,9.513187775611119,1,Ether,237.07981774400588,1
282,3.2955671682493604,489,1,3,6,0.9751684567221115,5500.034193568486,8.295020146428225,1,Alcohol,180.7791158178021,1
283,4.889276208799008,202,0,7,2,0.3035116996275141,1908.6917723495344,10.506119680955933,1,Ester,199.71218415271807,1
284,4.2359760158232955,317,0,9,6,0.8603111096018462,3053.166006676478,13.145047018562549,0,Amine,169.57161377184713,1
285,4.624480284795689,391,0,8,7,0.5543117789544577,2271.8474850235684,5.849613357510735,0,Ketone,210.24179772509876,0
286,2.774694432291879,135,1,4,3,0.9125905294245523,3124.6868050727057,6.345189439674794,0,Amine,127.7391632615904,1
287,1.7437015163600433,302,1,0,8,0.42661893161580056,1882.5037567004472,1.1954365077726807,1,Amine,277.6884198890269,1
288,3.692670556554995,245,4,5,7,0.8498039646390255,3712.017833035552,7.8514493326641075,0,Ether,210.8096057152541,0
289,0.09032828495211087,114,0,8,9,0.23838507592969505,6940.137717483575,2.708212433126957,1,Alcohol,177.05378786096566,1
290,3.2187498434407438,355,0,5,1,0.466741519143931,9593.03499345495,10.308009239726879,0,Ketone,214.31873744941413,0
291,4.78242284927601,444,1,5,5,0.8463024545713178,2106.150038804931,11.134630107328059,0,Amine,132.238530373787,1
292,4.229317286276585,371,1,4,0,0.11836167368730821,2998.9962577292845,10.395627366561637,0,Amine,115.69456353637656,1
293,0.9473206589395516,175,2,6,0,0.7286342924359753,22.533556401554907,8.106376528018657,1,Aldehyde,209.62522731607865,0
294,0.6402088750293189,113,0,3,9,0.4368718285101171,2253.8213757433623,7.944824777810344,0,Amide,114.09934239128738,0
295,4.13240366018369,146,1,3,0,0.5132149585758302,4185.10007986182,9.405201230725979,0,Amide,232.17386456847126,0
296,0.2669529229487061,281,1,3,6,0.5790319219912614,4617.912313284867,8.21111060794729,1,Amide,260.0483063839198,1
297,4.976528733788186,157,4,8,6,0.2756600889133334,2664.0485809513893,10.753781623735746,0,Amine,297.6734779588361,1
298,2.336996938955984,304,0,9,0,0.09637189939083202,1504.0793619811525,12.62886159084565,1,Amide,253.84877338458926,1
299,4.63796278307704,330,2,2,4,0.018659352523677897,5631.134115189973,7.969683416456632,0,Aldehyde,294.8250411236301,0
300,4.056385897394856,257,1,9,4,0.43092210373700224,4092.482933786035,2.4344410343735,1,Ester,104.43657919252915,1
301,3.486859494234703,401,4,2,5,0.268870732134073,4263.232484323358,2.7034274869631725,1,Ketone,211.76952438443772,1
302,1.028784301124856,115,4,2,3,0.6329300788879382,8949.91086049467,5.886939809618286,1,Amide,132.94734490409866,1
303,0.42826181598115853,228,3,2,1,0.7159378779246001,5614.8676025018685,7.451805665534387,0,Ether,149.02706231554976,0
304,3.2783322765239333,268,0,7,3,0.5037447458548145,3884.0055764360536,3.925654869007869,1,Carboxylic Acid,246.90708498006003,1
305,0.948704454305313,320,4,8,4,0.6189613172047003,2538.644255972744,6.885752686946709,0,Ether,150.5652064498921,0
306,4.143566513914107,476,2,7,2,0.5607461260463575,4286.548450397755,2.7645409195788417,0,Amine,135.96231477993,1
307,0.3354567908697248,382,0,3,1,0.004578051114287773,8618.822633876855,4.130790099387938,0,Ketone,174.36904081677244,0
308,2.619272152061412,304,2,9,5,0.8417019238181689,9651.035395865389,10.541466325511385,0,Alcohol,116.65095537629409,1
309,2.110242638376685,161,4,6,9,0.05956252696897957,3772.9304158187497,13.812414190867356,0,Alcohol,129.2987925671453,1
310,4.6243167466067705,154,0,3,3,0.41034042306761576,2090.6124240404024,3.420640242073695,1,Amide,129.2901003798124,1
311,4.492516760568206,406,4,9,6,0.11101850277147318,9145.282066686595,5.408255539729583,1,Ether,145.2113067984693,1
312,3.601498348592884,216,4,0,5,0.6623139455772643,1445.2256150389505,5.558926410504294,0,Ketone,274.1403082247771,0
313,3.776586159868058,168,4,6,7,0.32558776427525526,2974.5551955177957,3.903239035518736,1,Alcohol,159.04733647251783,1
314,3.532660590897318,443,1,2,4,0.07115217390896278,2042.2552525269216,3.652740377939553,0,Alcohol,154.77361134094025,0
315,3.3739960928940125,300,1,4,5,0.04535281803287772,5658.730023546586,2.712026340418936,1,Aldehyde,125.19767961046841,1
316,4.984725834639489,196,2,2,8,0.23714175092401257,4087.002593563054,12.797689745047323,1,Ether,103.22103633016786,1
317,3.680337561144241,337,1,0,4,0.6672647563087203,2872.376341587907,9.44184059669245,1,Alcohol,132.07576863816678,1
318,4.727907081788557,200,2,8,8,0.718221498175289,7679.513269046903,4.776083260762059,1,Aldehyde,244.59425154052676,1
319,2.1861300807349906,196,1,1,2,0.12843041609606187,6641.502963151303,4.35522802996014,0,Amine,293.96926037969126,1
320,4.990622595139204,467,4,1,8,0.13911221370096594,9955.119234672908,8.666401006988483,0,Alcohol,248.76279349219607,1
321,3.072325827948787,393,1,5,1,0.5932269409544677,3120.570094385293,10.063890913369475,0,Ether,270.6455353612481,0
322,4.5246471331497,384,3,0,7,0.9572663460354534,8452.965389990995,4.289111396272196,1,Ketone,257.3491320981948,1
323,0.4546193426911266,390,4,7,0,0.5529110627819684,3025.7721618630026,5.5131170619891545,1,Amine,159.2104515000533,1
324,3.0527449681620986,375,3,3,8,0.7117421272806844,91.36454603366576,4.777960187038479,1,Amine,246.24603579758707,1
325,4.963985083241436,246,4,2,6,0.5754159621053728,1509.8259660221968,2.1402083028161085,0,Ether,250.11740999636513,0
326,0.3328108514937833,488,1,4,9,0.10483578111613057,5085.196713160486,6.0248697254799755,0,Aldehyde,151.7127603327328,0
327,4.7352483785235275,380,0,7,0,0.946464010689174,8100.283390241047,7.936945265509109,1,Alcohol,284.13072478720153,1
328,0.7295005551701134,192,2,0,0,0.07198493559839825,575.0685277432641,9.519761306346805,1,Ether,299.5894349242453,1
329,4.980594466046716,381,4,4,7,0.7598701428556318,8320.31397978732,6.41757691136931,1,Amine,212.2594509414817,1
330,1.4446987115970278,465,0,8,8,0.9793522282584338,7161.027857890108,13.783811539585075,0,Carboxylic Acid,163.31902931809822,1
331,3.968217793664844,293,0,1,1,0.31899720680390364,346.15631189271693,9.13589000447429,1,Ester,171.522125664815,0
332,0.13855441612741326,288,1,7,2,0.17163024451504194,1063.8513680611757,12.525599261425894,1,Aldehyde,216.48872825892698,1
333,1.433975327950393,498,4,1,1,0.5661743551242172,757.2240034475029,12.907840914366181,0,Carboxylic Acid,101.55593919535326,1
334,3.015984370809974,227,0,6,0,0.7950665641623069,6790.250970477479,11.678191731366766,1,Ether,161.66730290134458,1
335,1.1362714073443776,144,2,8,1,0.9494750495848429,5610.734899010045,4.509812570256729,0,Ester,109.80082227923285,0
336,3.803731025152011,361,3,4,7,0.6936742541712748,3589.224086409999,6.606602395955986,1,Ether,224.83596328423198,1
337,3.378314381042646,285,1,8,1,0.3358731152380754,884.0274393709929,1.0050069597160136,1,Ester,220.81072712798525,1
338,4.954407282627453,484,1,0,8,0.4943461578411026,3930.422084487627,6.868289519984649,1,Carboxylic Acid,218.209610264496,1
339,2.9216115394938873,428,1,6,0,0.7612005858842195,6822.048495567427,4.818785172241334,0,Amide,130.19813462685778,0
340,3.840588627445336,142,2,3,5,0.7879324236677416,935.0239182588124,2.454648992300159,0,Amide,288.911834881638,0
341,0.37262471942895614,371,1,6,5,0.07443724896965376,8565.99293057955,11.901642076302917,1,Amine,206.84576004224164,1
342,0.21496125834409074,113,2,0,5,0.6137396606971928,630.023264445078,9.754809257740774,1,Aldehyde,211.1723997954296,1
343,2.9082361920331614,173,0,6,6,0.9673700521077648,6082.329407740798,13.988346043306867,1,Ketone,208.8518491019598,1
344,4.926758717046493,118,4,6,0,0.7852567008339028,1892.2878852208246,7.479049751313924,0,Amide,204.88261793708065,0
345,1.3439582024082797,150,0,9,8,0.00732278584918622,917.3051032224226,5.299179767621397,1,Aldehyde,287.68558668478227,1
346,0.00856481597870884,491,4,9,4,0.22494157010886295,3550.3603997576042,4.429548136555462,0,Ether,220.40484104489948,0
347,1.704580346197735,403,1,6,7,0.44500877626406443,6669.613485034805,6.659694260180369,0,Carboxylic Acid,197.02504298721033,1
348,3.6954234637854326,239,0,9,1,0.7062694681573262,1211.4083979253253,5.028338321520372,0,Ketone,253.28903540478416,0
349,4.011357847508844,297,2,1,4,0.5552467126748015,4757.497543032543,13.87986119656672,0,Amide,150.29249978537888,0
350,3.905339776300959,390,1,5,6,0.07732785820542942,4061.665049033599,3.376321030855449,1,Amide,138.40200558773597,1
351,0.4046172118438024,297,0,2,2,0.7382685828883456,4275.114959984425,1.2486860342786041,0,Alcohol,187.84252876110855,0
352,3.854145713761114,105,0,5,6,0.8387136818796913,9434.22408494479,2.6899934207100364,0,Amine,103.1371291863518,1
353,0.40827138858888334,454,2,4,6,0.20575782577300916,3490.949985547859,12.5899202474117,0,Alcohol,158.70340125125838,1
354,4.935820256669635,335,2,3,9,0.06742363311083965,9916.297449628752,10.020950370763348,0,Ester,184.01488237296462,0
355,1.8524058882486405,366,0,7,1,0.790957520381636,5384.373283354402,11.19163873733816,1,Ether,215.7397458861256,1
356,3.467443884391719,350,2,1,7,0.6404463543909258,8424.966373928608,5.166130370986214,0,Alcohol,208.64068765623,0
357,2.4225848878993794,446,3,6,8,0.8035040258966537,3489.294487844805,9.0951462589925,0,Amine,173.48037526954,1
358,1.2032347748875711,125,3,3,5,0.5665967601471509,848.6534386148641,10.20268227833395,1,Carboxylic Acid,168.65261587939517,1
359,3.054278891907831,171,2,6,5,0.4285378933083749,844.9520702740091,5.243409458399236,1,Aldehyde,100.26375620519747,1
360,0.07960778841162919,188,0,4,7,0.9630777129053489,5741.918732025282,10.418859984207119,1,Aldehyde,276.22254932291736,1
361,2.5257824426069404,182,2,4,4,0.7799597553213575,9299.2280802459,9.185563305385283,0,Ether,146.25473998514383,0
362,0.19519753557796393,405,2,8,0,0.4119162462490302,713.1369650936285,4.851055003901581,0,Amine,171.60063172347748,1
363,2.8390158877150644,125,4,4,9,0.9075180863727669,6891.483865863011,1.6871265073368487,0,Alcohol,104.05099609972024,1
364,2.2864522591424317,370,3,7,8,0.9934992461680672,5632.947654174952,4.09224268480035,0,Amine,291.36862949817294,1
365,4.473634026411116,379,1,6,2,0.3082365142353909,6522.853883776099,9.053970352044352,0,Ether,198.91450873479488,0
366,4.8300166553284525,432,1,3,6,0.8924767888982074,2156.194019068305,8.787398544591325,1,Alcohol,104.65449586538705,1
367,3.255505081273302,286,1,7,5,0.04539747402110583,706.0146153953164,7.599438967093947,0,Aldehyde,150.23880650692254,0
368,0.9259383971584667,412,2,6,3,0.21434900257601797,748.207565868995,4.269176319803895,1,Ester,275.8525129202989,1
369,2.617820894524737,180,1,3,6,0.1609122726525386,2468.001051074652,6.778977653168267,0,Amine,175.1403229366503,1
370,0.008137850951565606,228,4,5,8,0.3565935802578384,2137.1790151304303,2.872568791984466,0,Amine,237.8810244601527,1
371,3.8403375802590736,238,2,6,3,0.5626225780576194,1264.4497316066975,9.61097829892353,0,Amide,222.77014102357037,0
372,0.2058227102337168,375,0,9,5,0.7199798483344162,2647.5649295797057,12.29908060549842,0,Ester,194.38767294719503,0
373,4.0378421813918814,130,0,6,2,0.9028037971671428,5340.202944426921,7.027916683135124,0,Ketone,266.64375950296073,0
374,1.3233899486997376,335,2,7,2,0.15854763317187814,9495.188588017048,3.7689681055028155,1,Carboxylic Acid,108.07085953110106,1
375,1.2501552992974512,198,3,8,6,0.5782835149154907,9222.765330022028,11.762521784864925,0,Carboxylic Acid,282.484722937053,1
376,0.4483992667599379,266,3,4,8,0.5546933276690331,2717.864707513307,5.0700325199574925,1,Amide,243.61108153495627,1
377,3.4288194589635883,105,0,1,4,0.4584738653201149,663.0317311310868,8.721579218959103,0,Amide,272.74275332710374,0
378,1.8299587099696297,454,1,9,2,0.6945826473243991,9956.340251441015,1.9804798343609127,1,Ketone,103.3864896024807,1
379,0.44952871505821224,383,4,4,5,0.5133611119236766,4764.607119983951,10.333186774985235,0,Ester,116.95891865484009,0
380,1.6050449449186621,152,2,6,7,0.5501913979593831,9783.032128090897,6.988732164100993,1,Aldehyde,141.17576769447473,1
381,4.6105534568445785,215,4,2,3,0.903330998373833,5376.882536037516,6.503532087604084,1,Amide,218.71215957157375,1
382,0.1747250390920907,399,4,9,6,0.8602722106475496,8863.721844516016,13.152874112093665,1,Ester,118.48417909001347,1
383,3.345269580534644,164,4,4,6,0.5773340008670017,4472.75929787618,7.3893640588934115,0,Amine,286.3094004629189,1
384,2.5050291781250653,307,2,5,4,0.15620965657586117,6220.608087437816,1.2177566719744801,1,Ether,249.7188202688638,1
385,2.98822278150973,340,1,5,9,0.958701488944178,5357.867438234844,13.477671483662549,1,Ester,261.5192495244292,1
386,1.9582227124544405,208,2,3,1,0.6226999319575273,2199.5533136387944,1.158767616282523,0,Ketone,216.77000170777683,0
387,2.4077085422978373,367,0,2,3,0.8074746247067792,7638.219052734923,7.966302775355961,1,Aldehyde,226.18961388774989,1
388,3.7964919100828025,255,1,3,4,0.05502177533563102,549.0009306076063,9.23676129099474,1,Amine,144.21156815496215,1
389,2.4158919268962133,355,0,0,2,0.8968253781713157,3624.7550472060025,12.628294020092339,1,Amine,282.00826030742155,1
390,1.8814455263404035,171,4,7,3,0.6934955324101818,8699.157233361406,9.829761993002025,1,Ester,229.78356336417193,1
391,1.378770615042963,322,1,2,4,0.6854248897535636,5027.334943087456,11.5447262303187,0,Carboxylic Acid,183.54803641878195,0
392,2.252503980527366,348,4,3,0,0.11011235237141037,777.3771282736535,11.008993817523573,1,Ether,276.3343951942842,1
393,2.8785962193507704,209,0,8,2,0.7128632848925475,2076.0950048600866,3.775953207342702,1,Aldehyde,272.76437564015316,1
394,1.8724109784750915,129,2,9,8,0.07663724812059747,1097.2856610404715,10.106084935027688,1,Ketone,100.10784283657672,1
395,4.504937252833548,489,1,8,8,0.05582595856454331,2777.055436369139,9.288568276926304,0,Alcohol,284.96750703103834,1
396,4.9797265012183365,457,4,5,8,0.3253479315017994,1653.9530008118338,4.171621090197086,1,Ester,172.68543882149493,1
397,1.0205925061010612,184,3,3,8,0.023169634644511716,7119.79588347326,2.668302605304567,0,Amide,184.42937743056808,1
398,3.221322965185005,129,4,7,8,0.15962522594353057,6594.603682763485,10.771311822682781,1,Amide,117.06269218767417,1
399,1.030756568435371,480,0,6,3,0.7261267426327823,1351.653591857696,13.624641516082443,1,Aldehyde,275.51542814432696,1
400,2.7052545713584477,435,0,5,6,0.8349254702431063,4450.4633352135515,10.599795872728551,0,Amide,207.84093161202162,0
401,1.9664619682118845,418,2,5,0,0.17952142124351045,2959.1199485318366,10.742848393828634,1,Amine,281.14084287891643,1
402,1.227066781974397,363,1,8,4,0.8232975415038267,3372.8224775475346,3.167158681552955,0,Amide,256.1631361366838,0
403,1.7103890078373678,318,3,3,1,0.48053009562881865,5760.22169681836,4.211719700533037,1,Ether,279.5962649605822,1
404,0.616704207406833,227,0,5,9,0.9578946456326183,8986.991763009051,8.614914256994272,0,Alcohol,289.651727186928,1
405,0.39744634935940604,388,1,1,3,0.13930895384207298,8973.352848368988,1.4086009181143528,1,Amide,277.1808725764504,1
406,2.250628977139788,398,3,8,8,0.053564782288952895,4130.801942925124,9.68299825943126,0,Ketone,141.96705593735564,0
407,4.076303343671681,175,2,6,4,0.8450799057696241,3932.5583109792706,2.882546273256873,0,Aldehyde,114.0225066383697,0
408,3.41450127400309,398,1,7,1,0.3619855453389643,5180.2407332947005,6.3741528257691815,0,Aldehyde,224.05063439682533,0
409,2.9766611174684945,144,4,1,0,0.45717019220428956,4741.675955354747,5.162445638848822,1,Carboxylic Acid,131.0112464210772,1
410,2.102523698259857,333,3,4,1,0.5117940058121316,618.7884533044074,2.383921506208624,0,Ketone,272.6213242252233,0
411,2.342760202270836,343,4,8,9,0.8251667279860974,5787.915766070688,8.524029311688677,1,Ester,289.49125957025797,1
412,0.10748220493185967,337,4,2,0,0.07600038075733606,5847.739864143733,5.696196074792264,0,Ether,124.25536757772414,0
413,4.700703295698571,214,3,6,2,0.5511242670892074,4503.923749920078,1.571804809299603,1,Ketone,147.16786575294088,1
414,1.5543111638586438,470,4,4,7,0.43056823918462506,4140.23346845865,6.777459717136305,1,Ester,225.04502166501538,1
415,4.5722797677184275,490,3,5,6,0.3402803070974526,9389.518502101047,8.67336531955602,0,Ester,245.0515832069955,0
416,3.581251249354807,263,4,4,0,0.3481312206427578,6008.639194079628,2.6953866228137477,0,Aldehyde,202.4624272505344,0
417,2.8086043264040708,380,2,5,9,0.9303407545857885,8162.978122687442,8.60492071364915,1,Amide,173.80649467969513,1
418,2.2260692447225776,312,2,8,2,0.2681125223033267,9538.456800260989,4.926313775394441,0,Amine,161.20498685020502,1
419,1.6148409214210773,392,1,6,6,0.45461916510918465,8101.206798104188,4.37542581627256,0,Ester,233.19362285550852,0
420,3.1915274829400433,220,4,0,4,0.4928023477389645,9429.852741760948,11.34128172950732,0,Amide,248.91229767178766,0
421,4.851130904728763,495,2,8,5,0.7198637814939233,7593.176474743999,7.08064173767723,0,Amide,157.7672220924212,0
422,4.02162924165777,155,2,1,4,0.518986558849172,1702.03509840808,5.91299901562996,0,Ether,165.19916034551005,0
423,1.9556449049047302,179,2,3,7,0.6212327390244351,2270.0772963795275,11.569291067101993,1,Carboxylic Acid,192.0134714238501,1
424,2.4108735820984,463,0,3,0,0.3988308556446646,1939.7586140323742,12.834475283902004,1,Ester,190.04339658902586,1
425,2.342280691103533,480,4,4,6,0.7186166367614364,3221.9387664419082,5.0960870399546785,0,Aldehyde,268.53093029892125,0
426,1.2977192869862242,381,1,9,8,0.465851800725241,3550.5729632434477,1.6551748229144931,1,Amine,187.38190819044468,1
427,4.236440590321852,156,2,3,8,0.22271311404293515,8112.008602827574,8.0293283245672,0,Aldehyde,295.6818690145963,1
428,3.464167761539514,497,3,7,2,0.8169302184747269,3609.1588048768963,10.296998145830157,1,Carboxylic Acid,162.1926742463641,1
429,2.987671091935449,425,0,8,3,0.7654521708606333,7272.459556085958,8.641279675409281,1,Ester,238.564161333655,1
430,2.166505629324234,396,4,1,3,0.6274901457030749,9038.263920077228,9.944724752861834,0,Amide,251.78725107874976,0
431,1.195001346646301,150,1,8,7,0.521947213259796,1146.4196026733841,9.407415603632812,1,Ether,226.08079351258274,1
432,3.199020914454853,462,2,1,6,0.20849610667960128,3.6122681765324822,13.427933819991008,1,Ester,173.40955212629925,0
433,1.1838282365514448,111,3,2,7,0.8683540832050606,8886.69729199628,12.25693373514128,1,Aldehyde,151.48305071289383,1
434,0.04402627257538816,196,0,5,4,0.09719234078234562,2383.323560564758,2.7139657913413857,0,Aldehyde,220.85643250807038,1
435,0.3331919119179727,208,3,8,2,0.38318376862653736,1535.2240636834524,6.883850414563959,1,Amine,231.72623732195478,1
436,3.470054259389195,356,3,6,8,0.8525609321215698,2952.7925616811212,6.9119912499825755,0,Aldehyde,151.5244372729328,0
437,1.8877408252736905,246,0,7,8,0.5955667881100342,1861.0750516306516,6.932338235983873,0,Amine,167.29782095291262,1
438,1.0320385511036967,293,3,1,9,0.43861987841794436,7936.726383042614,13.09915133842063,1,Amide,272.4125973257957,1
439,1.1893353276421954,442,2,8,9,0.7913608035062156,6345.445661716231,5.253507228170227,0,Ketone,262.1025075641186,0
440,2.4723469191207323,336,0,5,1,0.9895140432597875,1673.8755736647688,8.985549483368267,0,Ketone,136.75615969547815,0
441,4.527232187695129,171,4,2,7,0.188813394616134,5836.054185104373,12.652074806674948,0,Amine,286.67116687994195,1
442,1.3439793370124187,325,0,1,2,0.05073300189079699,2081.7024835353786,1.6570024889818353,1,Aldehyde,225.60656930638493,1
443,3.277269056067953,225,1,1,8,0.46298803909121944,1976.3621682035828,12.421201646109829,0,Ester,199.35095634564635,0
444,4.1279483907983945,359,2,9,1,0.28739611099505535,5954.874591103937,10.94446697599108,1,Amide,140.1729094111474,1
445,2.4434188801968943,491,4,8,8,0.6667515373082687,6647.205681707013,3.702341096115669,1,Ether,246.03903461142534,1
446,0.1351641356584382,126,2,3,1,0.49425835871657753,3462.6743190362095,5.231646830593194,0,Ether,284.15902370675633,0
447,3.980851258079874,125,2,7,6,0.4990029524122338,7634.312402291364,5.037627712525578,0,Amine,112.98967866313313,1
448,4.3968353989412865,452,0,6,6,0.35498202898191145,8372.307679485504,3.8769845622565184,1,Ester,204.14893312561128,1
449,0.15521032316560157,398,4,4,7,0.21067304913596474,9163.52570313458,9.300777836301991,1,Alcohol,275.4264100851586,1
450,0.5810074128111858,203,0,3,3,0.21345430803242804,6260.973201711145,13.776767896577526,0,Alcohol,290.5045798084287,1
451,0.4351503955830732,464,1,5,3,0.3869702400899242,2201.0288736586585,3.165953315030948,0,Amide,114.42795148557616,0
452,1.1059021195804097,139,1,9,7,0.6818357808696212,7484.8995520679,4.018455172451607,1,Aldehyde,258.21096597832246,1
453,2.48002179917026,277,1,7,5,0.3371491688412267,1079.3505666324068,4.7748637114269465,1,Aldehyde,156.28124794683194,1
454,0.16671362399834855,300,0,4,5,0.3260171191666176,1812.9673998816145,13.188423661788073,0,Ether,208.30087071913286,0
455,0.8451523153878049,301,0,1,9,0.4250005821231193,8328.048485314619,9.1356806124842,1,Amide,256.74649683409734,1
456,2.0362567099796713,128,1,3,4,0.9908614549886156,9108.383595362851,3.7646874794130882,1,Ester,209.0269045353694,1
457,3.1653505449595842,440,0,0,9,0.0912356406495024,668.1039435139708,11.451857879400025,1,Alcohol,122.01198247558975,1
458,4.547920215217735,346,3,8,2,0.29465248351109286,3121.903186704833,12.99734504956944,0,Ketone,218.1069722944375,0
459,4.14934142160072,216,3,5,1,0.2920021029420736,6292.146140472327,6.244748526585041,1,Ether,123.56218194773167,1
460,0.26955731157405516,481,3,6,7,0.9745007783023064,9386.5387516253,3.2466195610777175,0,Ketone,169.48875448725045,0
461,4.8346280019021695,341,2,0,0,0.40717800001843607,5707.6836802728785,5.028915221335395,0,Amine,211.6461972114416,0
462,1.3351186748636397,373,4,4,0,0.5669719345040551,8210.104530361426,3.822491783910083,0,Amine,298.28299538372255,1
463,1.81769135139774,436,4,8,4,0.19813096075499037,9227.628434606138,3.6185512312202954,1,Amine,245.38606311229958,1
464,0.3725820844001232,346,4,0,4,0.012708339687787618,5190.909819636698,3.220253587321246,0,Aldehyde,160.66053875763328,0
465,4.680242079473433,248,1,0,1,0.33926941518258436,7404.7552462870035,12.388621665990652,0,Amine,275.3104712283348,0
466,2.7295815691234693,417,3,1,9,0.6390330619554312,6624.466713551181,2.1165442659476326,0,Aldehyde,145.2294128349538,0
467,2.581544967120577,195,3,2,6,0.6915404775151675,6713.9509225506745,6.373543884066083,1,Amine,176.79836260087296,1
468,0.07598436511188689,205,0,5,0,0.753875832324232,5171.149603419056,1.1915558634358927,1,Ketone,229.40426312618249,1
469,0.01718875213146842,320,2,5,3,0.8606636441415677,6232.293380618743,4.814138898059362,1,Alcohol,182.11228575657663,1
470,3.4110688501647974,274,2,9,3,0.11562304234977061,5544.190686885199,10.190157137387363,1,Amine,245.9153970993068,1
471,2.4113983413729305,125,3,9,1,0.08279261222139378,6377.79237650948,3.63686483923251,1,Amide,230.12144652213124,1
472,2.537863520262742,492,0,0,2,0.7876854032788555,5052.472699965775,13.983485446370521,1,Amide,233.456897315609,1
473,3.2511508060086203,190,3,2,1,0.4357513390325498,2225.7476511891614,1.6278901479979018,1,Ketone,184.05274935368521,1
474,0.7297091790227772,478,1,8,5,0.9471167266716657,6936.490884404172,2.774287681427437,0,Amide,111.02598545636278,0
475,4.99173108024135,495,1,7,1,0.9434847064519318,3840.932804931237,11.22945259177665,0,Aldehyde,274.54145392038606,0
476,0.4038448140789591,115,4,8,6,0.14165210572300813,1278.2874003254155,13.687978636382347,1,Ether,114.80456047870571,1
477,1.3393944498876258,402,4,7,5,0.6912247671428148,8513.39062550444,13.402169080337151,1,Ether,192.80690486588136,1
478,3.469245267106324,155,3,8,9,0.06710731259027125,1814.288689207561,11.377073790380496,0,Ester,160.38805488360617,1
479,2.5795934369326847,421,4,6,1,0.4034100244232539,5407.549026457087,13.648825391657782,1,Carboxylic Acid,159.26619006290787,1
480,0.48287127766231563,150,3,9,2,0.841710043807598,7211.452786165342,11.93032784126598,1,Amide,145.3248579963344,1
481,3.874240167008067,382,2,8,7,0.46095952252140293,6477.376482728763,1.7543223531489671,0,Carboxylic Acid,154.3305484547512,1
482,4.852163841863295,209,1,2,0,0.03361343328465227,1609.4341436534323,11.993243528925126,1,Ester,291.06825839499976,1
483,2.3653808278177975,165,0,5,8,0.24032864368798712,1942.1871280016708,7.289139165993996,1,Aldehyde,294.41057401439144,1
484,1.2655828236840567,161,0,5,1,0.0863704431405512,1489.3309897146733,6.937791767796241,0,Carboxylic Acid,214.1849116478944,1
485,0.5341370580558003,170,2,0,7,0.40823529183963747,726.3993339059492,1.0328551189199129,1,Amine,204.931341642949,1
486,1.0261401354589261,491,3,9,7,0.6966990490094966,2833.451556415345,9.063343144131926,1,Ketone,109.67301743924287,1
487,1.5561422308750916,265,1,9,7,0.6603574060829772,5241.859260996813,9.7309127494327,1,Amine,260.7470833682514,1
488,0.9398354996248798,105,3,6,3,0.7189399947795639,1730.3359237450106,11.279300749836786,1,Ketone,134.11035662536187,1
489,3.42240316263614,219,3,2,1,0.38381600822160833,9708.621859363933,5.2373888251910525,0,Ether,128.51668210325667,0
490,0.11470893420462314,158,2,1,1,0.26527959890077923,6988.605982535275,2.6657368216252904,1,Ether,184.81418524027475,1
491,2.0455448744173186,374,2,6,6,0.056932317374603136,5834.762398526707,6.718054040406138,0,Ether,169.50816110463185,0
492,1.8707207846567786,178,4,9,0,0.9415753603239947,6814.504713318156,5.709743095838925,1,Amide,119.3273195224827,1
493,4.389991891198907,336,2,3,1,0.11828027265981578,4360.064155464597,10.790732163007497,0,Carboxylic Acid,129.5868587010103,1
494,1.3639031149265135,255,4,6,2,0.17824416114451447,4699.611870164427,3.9827041245244876,1,Alcohol,298.4674240497652,1
495,2.9120252153307415,237,0,0,6,0.025000801064261502,8886.760898518016,2.7962227289862525,0,Ester,246.96513703788887,1
496,0.023396808200131236,272,4,9,7,0.3171682237612433,7219.672599000362,6.7224112560080105,1,Ketone,219.7114391384606,1
497,4.584746298913922,450,4,7,3,0.8188469701142239,5882.280193602456,9.163864679566675,1,Ketone,160.72329745428556,1
498,3.183313949506674,292,0,1,3,0.3322467322028755,9502.17534177348,4.652969023249113,1,Alcohol,185.68802282764068,1
499,3.9681596131520704,277,1,7,9,0.6659827268385075,6626.75027062632,2.487631095725379,1,Amine,225.59671907671367,1
500,2.846754765972821,243,3,7,0,0.9655445764749939,3987.5023193100737,6.708513088377014,0,Ester,256.85591598770594,0
501,4.0776329584542985,489,3,8,0,0.8925305987464761,475.53175796954304,13.504405498955512,1,Amine,289.28182792049773,1
502,0.42194582986616325,417,2,3,6,0.179972149503288,3907.3703861944664,13.575088143067838,1,Ester,124.53609074095904,1
503,3.5524654397079796,333,2,0,8,0.3592073371774759,9248.133243443981,10.212913406969697,0,Ether,138.32833978055027,0
504,0.744028806438754,421,1,9,1,0.7511404981119562,447.4539304391724,11.10299438694923,0,Aldehyde,213.51431879561977,0
505,2.882420131840787,246,2,7,8,0.9776586616414613,1846.4418965401176,3.645631780640482,1,Ketone,287.6986719249707,1
506,4.928614738786083,359,3,8,6,0.7159349387558932,8087.666753394528,5.8705010328975,1,Ketone,190.50838807281627,1
507,0.902560958303385,476,4,8,7,0.2522125205254854,3650.1833062823443,8.86180400039744,1,Ester,226.78929363242906,1
508,1.2808443537970442,142,4,5,4,0.13282270642643346,1859.8008782546776,10.755416083078924,1,Ether,158.7450948071167,1
509,1.05656104065958,245,2,7,0,0.49515968607007876,8156.835795109797,3.1661241358483636,0,Ester,262.3477538168166,0
510,2.061039754145248,210,3,7,7,0.19295135768791583,5584.8379837491575,6.949168843705449,1,Amide,221.0522222848865,1
511,2.4426905515767015,273,0,4,9,0.2276147971412904,5485.086153913237,3.1158069456455264,1,Ether,176.36167204406587,1
512,0.8002751848149348,464,0,3,2,0.6344318010928014,2938.5556882191117,9.233661374250545,0,Ketone,208.5242529997854,0
513,0.13914687941884052,345,4,9,4,0.5148353527227018,6751.6718993156355,11.038108694230488,0,Alcohol,238.95143852500635,1
514,1.708110247218828,401,3,9,6,0.12069327455099277,8618.399057556411,11.83301012449276,1,Carboxylic Acid,142.70253444733802,1
515,1.9101378446890938,312,4,1,6,0.15367811109924812,7502.302877478052,10.520747032384289,1,Aldehyde,168.28901687442197,1
516,1.91426958171372,202,3,2,6,0.01943439362465782,6124.64835995287,3.068886996467638,0,Ester,150.10209526951053,1
517,3.324911513819596,257,0,2,1,0.219659883871688,3505.8447721702632,11.769355190754688,1,Amide,292.03190258816596,1
518,2.2437221755437897,291,2,5,1,0.8873131603557959,8548.18117294318,5.3473808848143864,0,Ketone,108.59362996313213,0
519,0.5392978674326371,140,1,6,2,0.7930333462197701,5661.509792751717,11.864962290748439,1,Ketone,111.28824151893966,1
520,4.661758457745686,232,2,5,5,0.4147819013591164,8895.958228888248,4.261708039348383,0,Ester,171.14723550086075,0
521,3.503289299283235,104,3,0,9,0.7419341010623459,2542.531854310947,7.184142331262277,1,Aldehyde,207.60535947142154,1
522,1.0642941131991686,472,4,6,1,0.40696926107111187,6543.3007341023795,8.495432457730722,0,Alcohol,165.77944817809743,1
523,4.675521802074957,300,4,8,6,0.7921040395479696,9351.953817373089,1.4513801108547049,0,Amine,271.38648310852113,1
524,4.957890791478933,174,0,7,8,0.18194597551321845,3741.4827158258677,12.74802935007428,1,Carboxylic Acid,133.87669354410372,1
525,0.9871065926542821,483,0,4,8,0.15251735972307334,9512.71236442518,7.650062723958744,1,Ketone,172.92521494272563,1
526,1.902602363408995,459,2,3,1,0.07794060631429756,3925.2278144179904,3.496543006150678,1,Amide,197.5901517249928,1
527,0.3446671763613496,219,2,4,7,0.2418063427128999,4377.442613645516,3.0905550677627116,0,Aldehyde,140.43292926581117,1
528,2.412275099516679,137,1,2,7,0.14631623216240652,8064.667284963634,9.92512712800315,0,Aldehyde,158.01806473865574,1
529,3.938492302998923,361,3,8,7,0.7986413729946096,2608.455714461974,2.062530559869417,0,Ether,289.4819545315759,0
530,4.520074232118348,285,2,4,1,0.23997169014422837,7059.024632391824,6.717682346147115,0,Ether,204.04541020735087,0
531,2.7262566242762105,369,2,6,2,0.5162076078032655,2984.5935159429955,8.023594310001208,0,Ether,273.9333058938795,0
532,1.6300790635264755,321,0,6,3,0.7561971522025897,5938.108297611048,4.030703993783262,0,Ester,153.87325612977824,0
533,2.8739624105665005,444,3,0,5,0.6770744506818341,7759.832834840465,2.679598089005612,1,Amide,222.4738991061836,1
534,0.5775650506759439,112,0,5,1,0.2045895735186818,262.36694435415376,7.379185009900828,1,Carboxylic Acid,252.64896738065252,1
535,4.176443766918225,254,1,3,4,0.07707184668937417,885.6822604955812,5.424261003698462,0,Amine,184.317357644604,1
536,2.6034658241053634,283,2,2,8,0.9117616414134884,9343.809180619515,2.823141053527,0,Aldehyde,224.94264044536945,0
537,4.912160840121075,167,2,2,5,0.6219937387535402,8158.47963478591,3.7348568224131085,0,Carboxylic Acid,272.6438958704224,1
538,2.00487068724289,286,2,5,7,0.7065637002795113,8770.218196517955,7.122215857576616,1,Alcohol,128.1570112307191,1
539,3.2677106953112522,338,4,0,1,0.3860140462039604,4389.977733850377,2.729655171871994,1,Ether,170.94835140295388,1
540,1.6996527773212406,350,3,4,3,0.24160685642918533,7163.80238159765,13.169551315273411,0,Ester,264.7807457454093,0
541,0.7382776290635085,194,0,3,5,0.5306174654855432,9982.754094611884,11.08092566519696,0,Carboxylic Acid,146.17925667856235,0
542,3.773641045309188,276,0,9,3,0.07788186774944417,4325.879854314813,5.23225188209665,1,Ketone,211.22286233808242,1
543,3.3622675197869323,117,0,7,8,0.7999764436375195,8467.95151830185,4.358624907344946,0,Aldehyde,187.60311020945107,0
544,3.9020857876957775,302,1,8,1,0.6545050314505321,793.7508476456258,12.365841588624088,0,Ketone,232.97942298881347,0
545,4.900562695897783,431,4,7,6,0.7616339904476618,5439.083051424541,6.550064692001202,1,Ether,233.60106920498822,1
546,4.967048998912786,102,1,6,8,0.5692608853799307,3333.0649498853873,12.215331707667582,0,Aldehyde,215.69625270981192,0
547,4.644972818460611,306,3,2,1,0.5779091433592171,5231.380901122962,10.651932898767804,0,Aldehyde,289.3560765589758,0
548,4.474201404034038,156,0,7,5,0.6003756601365929,1141.6298249059178,2.1975341065127307,0,Aldehyde,135.06525527624038,0
549,1.5075276903384782,489,0,0,1,0.7841590637729471,3677.451656830893,11.576851179835838,1,Amide,267.017394208184,1
550,2.342287213408322,424,0,3,4,0.22538540687553754,766.2208410325584,8.018453562436425,0,Amine,197.88359677451496,0
551,0.23398273015663718,386,2,2,7,0.6815321115939756,4531.478281433981,9.808801826410283,1,Ester,232.3624258997446,1
552,3.421011857307649,363,2,2,2,0.5527056626815586,4418.507066555407,3.8470580622900092,0,Amide,154.7493759140595,0
553,2.7302254931907806,109,0,1,4,0.4951077525183468,3297.771698172543,1.0035174807067373,1,Amine,118.92262060726475,1
554,3.5348273517944104,102,0,6,2,0.5409065537247928,9483.172224302572,5.3379452117475426,0,Amine,255.5412079770924,1
555,3.4040985781146555,111,2,9,2,0.2722001304798307,830.2526400468603,3.4781553980921105,1,Amide,150.35010708895177,1
556,1.3595970396353603,447,1,2,0,0.03708063848330645,8248.96159477083,6.6578146893489,1,Ester,178.05860944161876,1
557,2.3053119933821673,205,4,6,1,0.7591639607454838,3549.9164487382,2.181671543646016,0,Amine,109.5049103387731,1
558,0.5254448454566535,449,1,1,6,0.9161735234263904,1993.9378718772628,12.635601909724828,0,Ketone,230.04078274200404,0
559,0.422591507631761,374,4,2,3,0.48076258049595877,2726.316456917246,2.5434103309072174,1,Ether,237.48972894306232,1
560,2.3002182818833914,308,2,2,0,0.8379018045319593,9019.036275021523,10.934404097275769,1,Ether,280.33188641012606,1
561,2.779043460256783,113,0,6,3,0.5552564334719006,8249.161308112622,13.21121891167378,0,Aldehyde,278.2041238592119,0
562,1.5938790357138677,202,0,9,8,0.9303022216548126,158.56067863319183,2.926970063170558,0,Alcohol,241.02714333278863,1
563,0.30791642766525074,342,0,3,7,0.5084175200707601,1474.1471339608024,5.50419831667441,1,Amide,164.42581147384857,1
564,3.3078499185859824,430,1,9,5,0.2048527154145955,6750.596379182703,10.50381234525804,0,Carboxylic Acid,174.92524744769656,1
565,3.3869194132583322,128,0,6,5,0.8701151131449788,3174.822720896594,10.28800701457714,0,Amine,176.34034723293726,1
566,1.6036027463008007,469,4,2,1,0.8002717933182009,9191.491949040457,1.4861356535695198,1,Amide,125.92645006883996,1
567,0.004052235434517937,362,0,9,4,0.3980107347876799,7865.230157008309,1.9190227130339075,1,Ester,289.4573921257559,1
568,3.1790957946108356,148,2,8,8,0.8419115452601051,8750.51260708795,2.5618152202483486,0,Ether,263.63289049344223,0
569,0.3526026775663338,292,0,1,7,0.009050472721289116,1929.5117185246702,8.384284252862962,0,Amide,129.05395247681108,0
570,1.1171214355381727,362,1,2,3,0.7997472018548702,1507.9014627913919,1.715560410259941,1,Ether,289.292759061053,1
571,1.2392622372150452,497,1,5,6,0.6880401627092246,9319.367475914138,8.649329323019032,0,Carboxylic Acid,268.6448230493082,1
572,1.3176357121780546,371,2,5,8,0.3796780997618201,4042.536196357523,5.452005788224038,0,Amide,283.7706596466671,0
573,3.083335962544525,198,3,5,4,0.7915858279214585,4157.751374339915,9.702335634066799,0,Ketone,157.12888138234257,0
574,0.395873762700783,243,1,9,1,0.12666187928249728,6846.02177458163,11.166550336610005,1,Ether,167.11398782929086,1
575,3.226344950060884,440,3,7,1,0.20331942006868953,3975.1137034642547,11.288191210883346,1,Alcohol,193.9850869088418,1
576,2.4239838036895,496,2,7,7,0.5335800311354686,8752.03829707415,1.489252714874786,0,Amide,144.8401333154497,0
577,1.7437994022807017,437,0,5,7,0.8810262876896598,9590.789763343471,13.313539252214829,0,Carboxylic Acid,193.0845178037982,1
578,3.0209412563351745,428,3,7,7,0.13010503130511109,3325.857390882706,8.626401728229279,1,Amine,101.84033711518559,1
579,4.367386862910109,477,2,0,4,0.5642686778665409,2081.368665320546,12.644088241107424,0,Aldehyde,275.50731420093666,0
580,2.719801169651073,480,3,6,1,0.7531317010578773,753.9809087352077,8.996887358322532,1,Ketone,132.45880803040365,1
581,0.7806033687367425,160,3,2,9,0.7433534738274857,2144.413499396585,7.293521362006623,1,Alcohol,200.16956578169032,1
582,2.7888271529942603,464,0,2,7,0.6279611321698241,1395.3147949637726,10.486472005948851,1,Amine,285.7652985456501,1
583,2.268314195471191,372,1,8,3,0.9409210674737084,292.1742163655951,3.852476418291782,1,Aldehyde,264.1965085223213,0
584,4.702853107770727,386,3,0,8,0.4821371307292762,467.52945383286703,2.341940899214357,0,Amide,255.22491561046485,0
585,2.966878518223873,158,4,8,9,0.8802446598175745,5094.127995735194,2.1764768560338172,1,Ketone,221.0891278616499,1
586,0.17609374129709143,187,0,4,5,0.6195839396798722,7078.230495133683,12.038768889906194,1,Carboxylic Acid,187.25469717686454,1
587,0.603634234575916,466,4,8,9,0.73746667884871,9832.597989196314,12.861782295332596,1,Amine,189.20747420772676,1
588,2.6620481506299316,361,0,0,6,0.4648321851134215,1557.648866116747,11.5873819862555,0,Ester,117.39312060091467,0
589,3.9760421344863377,387,0,5,2,0.16761933973706178,6982.599979135719,12.757637201317399,1,Alcohol,112.95719105799273,1
590,0.478030755137715,386,1,0,1,0.10909542175500098,5540.415217850954,13.802084843744497,0,Ether,268.6877037914703,0
591,2.8271897103282995,350,4,0,1,0.6823304151910329,4781.776320343721,7.8387654385688,1,Amine,181.7304175202724,1
592,2.2630970521773097,473,3,4,2,0.3764761927613862,7218.682641242571,3.0004474064108253,0,Carboxylic Acid,110.80320927548708,1
593,1.8144397535512664,339,0,4,6,0.5674828149192728,2387.314360639458,8.903044746212746,0,Amine,232.61085483953042,1
594,0.41044935915456215,108,4,0,7,0.7460493319414387,3113.6061729492753,5.600612505406609,0,Ester,236.6604800963271,0
595,4.398226253729613,102,4,1,3,0.7864817078378057,3846.7275315011616,5.503831753655621,0,Alcohol,145.48807162580158,1
596,3.8160871877630975,225,1,2,2,0.5096603286207205,1824.7796056301208,10.461505441259794,1,Alcohol,182.1439179578137,1
597,4.604449665865801,170,4,2,6,0.3145023970631128,4786.73595868439,2.1784589452407035,1,Amide,214.6848137074741,1
598,0.8382951196409016,496,3,6,2,0.7758802746353166,1319.53387584849,1.4879096240032155,1,Ether,219.25635309245888,1
599,2.8622680999245365,261,4,1,7,0.41534527316427095,3182.1134610400486,10.038568082073436,1,Ester,202.22309852016207,1
600,0.09637923377696589,398,1,2,3,0.9367307576126929,1132.5097254638815,4.389487211274951,0,Ether,172.83929221455384,0
601,0.8884647959129921,320,0,0,7,0.8245720242591132,359.79380502896504,6.011515537251996,1,Amine,113.76401213011786,0
602,3.9452639914467333,260,4,0,1,0.7469167283854643,3552.7444213662334,4.99922880428014,0,Alcohol,104.45672304718285,1
603,1.434735418962031,424,4,0,7,0.24124413262360112,6175.886819598881,8.992935709327224,1,Alcohol,191.90694761570552,1
604,0.9862400155122142,263,2,0,7,0.362762005904657,1519.7491583586616,3.0087020085487186,0,Amide,140.58853339236032,0
605,2.71124492810958,178,3,3,9,0.8489807315624607,9934.57858973416,10.367644708126276,1,Amine,287.697769066972,1
606,3.277343900315834,220,3,0,2,0.023139766499565395,2744.209011494724,13.024050436035882,1,Amide,228.08340354624832,1
607,3.0517335786513033,301,3,3,1,0.7814687461018618,227.9250578013929,11.869412945161471,0,Aldehyde,217.10162354344283,0
608,0.4957586146078852,423,4,5,6,0.4041515589958451,281.315385397017,12.791480602438398,0,Aldehyde,181.31037047232,0
609,4.651992761225995,456,3,2,8,0.799349076647883,6666.019702453964,13.181921139336119,1,Aldehyde,165.90505186862146,1
610,0.8859758748819796,482,3,2,9,0.5523918976441938,6699.033779118465,5.8403443707192535,0,Aldehyde,135.96159317809816,0
611,4.626917376507565,146,2,4,0,0.5268067008923089,9027.125797707795,11.344622351355762,1,Ester,112.02861698142499,1
612,2.418636696828539,328,1,9,4,0.7015913484465404,909.3220770472759,7.432732993499316,0,Ester,226.89952844118224,0
613,0.5147767400224018,400,1,1,2,0.8063338370152326,3764.3095830279467,4.507051207957699,0,Carboxylic Acid,255.8400902249079,0
614,0.7431067453532275,457,0,3,8,0.6934547954902369,8892.841624047483,10.70946631391778,0,Carboxylic Acid,271.5525332855609,0
615,2.1540930687184967,195,2,0,7,0.4507143058282208,7976.975306213079,4.173671499318695,0,Amine,244.8615662904033,0
616,4.990175078455016,315,4,9,8,0.32083607652884905,2335.263951691759,2.425067002036574,0,Aldehyde,279.39017637963974,0
617,4.429273908856489,439,0,8,8,0.8456298788680141,8899.783003436347,10.160054263815589,0,Ether,296.5613022932825,0
618,4.901155887272422,140,3,2,9,0.5207776191307562,6808.484278081291,4.738215176737334,0,Ether,292.3335935827779,0
619,2.274159278572724,459,0,7,2,0.783460751469852,2643.9060831394186,4.9769440628998005,1,Ether,218.44605668850846,1
620,3.3988009491643227,423,1,3,6,0.9957174431233042,449.1990089223043,12.454596834003995,1,Aldehyde,144.8400006503393,0
621,2.5959742853710885,302,0,5,4,0.6438875802689655,4974.934625678003,2.762009929912714,1,Ester,121.27108649486567,1
622,0.1478563261953264,366,0,9,5,0.2783461947562891,7131.063074328764,10.942998232196214,1,Ketone,298.78499962128376,1
623,0.7091922232267939,371,2,3,7,0.8655566069278361,2687.173149330988,6.020763025001053,1,Aldehyde,161.67804628711164,1
624,1.4267791102821032,204,3,3,9,0.2736730475778487,1688.1913908146857,12.60913456222502,0,Amine,106.79421185098334,1
625,1.5655941847193784,164,4,5,7,0.2604009683587938,753.7370130242022,6.724474611405901,0,Aldehyde,178.20921928154945,1
626,3.474273391581431,298,4,7,6,0.07393702169716043,8420.404455058908,6.317297581318999,0,Ester,249.61994705013407,0
627,3.6038621425507844,426,2,8,0,0.07856269724984621,548.259548571438,6.588259447848205,0,Alcohol,278.1599972986444,1
628,2.2525780954584285,100,2,1,0,0.8623213679184644,6094.428274745113,11.889975927528095,0,Ester,195.5127693283299,0
629,1.895022310039249,324,4,5,5,0.23072951509609785,7632.668961637513,1.1366326706683754,0,Ether,158.80578302455328,0
630,0.8854422670921613,103,0,0,8,0.10868818152381376,7805.03819392046,10.163219257581614,0,Amine,255.68084029885335,1
631,0.20470683797154,181,3,6,7,0.3525879938713512,6537.345457748179,3.6681240816336045,0,Aldehyde,200.7536704982037,0
632,2.926716915737408,344,4,9,0,0.713544105958214,6528.30676213028,12.467631722734009,0,Ester,117.20591823959865,0
633,1.740056361242931,136,0,2,7,0.3396310556329344,4741.444997196749,5.8870465037466335,0,Carboxylic Acid,277.549941276333,0
634,2.3836657752952757,497,0,8,4,0.3092800671597721,4167.651804303109,5.406422510061386,0,Alcohol,231.1614093254957,1
635,4.504201018714908,343,1,5,1,0.48806572949883453,1374.4104991198353,10.264116968626034,0,Alcohol,107.36242370936961,1
636,3.3384327239145333,434,2,8,6,0.02120014362069622,5354.00230543236,10.391837199436576,0,Alcohol,101.81134780871939,1
637,3.8938400814278595,380,4,5,1,0.4910734727105407,711.2274794503658,9.238242773547869,1,Ether,117.54431471531575,1
638,0.8995191673714975,437,4,3,3,0.9900190220236337,4682.503403367118,5.287506959267754,1,Amine,264.3910783542409,1
639,0.007811643082569764,231,3,5,3,0.799348600403299,7309.276687042208,8.934589672713141,0,Ester,196.26153828805502,0
640,0.6765690752682252,270,4,0,4,0.07049179916181192,4429.1870172695635,1.7054569887031914,1,Ketone,167.06023906114078,1
641,3.8404108270101025,125,0,9,5,0.6548224898591845,5083.321524160569,13.417337521495424,0,Ketone,149.85868247519562,0
642,2.219157373585986,311,0,7,1,0.46111221313927675,8422.21667839368,6.885253555219202,1,Carboxylic Acid,201.3715968076501,1
643,1.0695469308241934,242,3,9,7,0.8262485671999121,6466.176661903494,4.9582107735584,1,Ether,116.60804496365371,1
644,4.809370535992798,489,0,7,8,0.09852621575224918,1276.8378198814326,12.19012679511198,1,Amide,223.43609200618306,1
645,2.4335388867884067,264,0,2,2,0.2327288109511486,5429.8280883314055,5.214235820764002,0,Ketone,176.10547764891572,0
646,1.8447343988844744,226,4,4,6,0.7911410802966231,3646.3891494135687,13.963254493352915,0,Carboxylic Acid,271.6880065610994,1
647,4.885746298620111,141,2,4,3,0.8491993380600145,2069.1186947808733,9.977794121174183,1,Ketone,250.88537083952843,1
648,0.6679184156685131,368,4,2,9,0.52931576662535,6480.038837198982,9.444514467097182,0,Carboxylic Acid,103.6732351148046,1
649,2.997752260569857,243,1,5,3,0.019697026971121523,3865.646722568286,2.9741352807938863,0,Aldehyde,133.2996126758858,1
650,3.7450595822353017,141,3,8,0,0.8937150232045481,7673.30198838884,8.928215126188608,1,Ketone,194.80690279018847,1
651,4.703826526614502,137,0,2,4,0.38276522602397567,5865.421375801359,3.0166241434435275,1,Ketone,231.73605303196268,1
652,4.170001770279515,421,4,8,5,0.039680534188093364,1043.4619344518367,11.186854035655196,1,Carboxylic Acid,243.0251899192111,1
653,1.447048848104715,292,4,7,4,0.8188122458496552,3504.1424442089296,2.799231154951686,1,Ester,263.24865259370426,1
654,1.3019990243074697,232,0,4,5,0.41806912235515425,2699.1594682208347,5.664825183637416,0,Alcohol,109.84372293201712,1
655,0.48835830331195373,129,3,8,2,0.18999029042913695,1500.5757004316117,7.1975261943192095,1,Amine,103.6966400026453,1
656,0.8370999092165299,194,4,6,1,0.801578264419503,8002.394885433917,11.467516326703869,0,Carboxylic Acid,220.1011466611463,1
657,3.650426738687101,131,2,2,4,0.45771567686221837,3785.908512563038,9.22588258938202,1,Carboxylic Acid,244.76538943889094,1
658,1.4462392132987496,294,0,9,5,0.6078095634608476,6132.975216116139,10.723575688333508,0,Amide,257.33922448822835,0
659,2.2093898421146814,397,3,1,9,0.8231214237197464,8820.239184821745,4.171663435956486,0,Amide,131.14311691440673,0
660,3.4516062258998295,481,1,4,5,0.5224220890414957,5430.523100223455,4.0844248295971095,0,Amine,293.7472034337125,1
661,3.324752975712655,104,0,2,4,0.11047803206942508,2581.547446811031,5.948059165589352,0,Aldehyde,145.88581763892697,1
662,3.9657864804994385,195,1,9,1,0.9637618253865446,7907.057332046976,1.2428512985161182,0,Amine,150.0660759901661,1
663,0.29156434364293715,286,0,8,0,0.28654050744322124,4358.112402554897,11.799153739694997,1,Amide,130.85780789347766,1
664,2.8606107472088667,378,4,9,9,0.9942494315547915,5638.801556132433,5.8095924973151245,0,Ether,108.64948861122441,0
665,4.460956677342422,329,3,6,5,0.006024538046446204,9020.930092269053,1.8781972888865786,1,Ketone,261.9448249607761,1
666,1.8656189362603963,461,2,9,0,0.4837880582548335,4893.262589842911,12.338801047619565,1,Amine,101.1287073837295,1
667,0.9574109002830161,491,1,9,0,0.704934996793921,3347.6074828424366,13.581743234990899,0,Ketone,192.75597238846598,0
668,0.344124749347689,425,1,7,5,0.9063019340183481,7274.208401540494,9.405598992265098,1,Ether,118.39343676913687,1
669,4.698890604224702,318,0,5,0,0.7803369453824599,1335.8707440926944,5.635647583401777,1,Aldehyde,108.95906942911091,1
670,0.018983684778779986,374,1,8,1,0.2556278186907207,9137.328537512607,6.378840825345581,0,Ester,286.9313857204338,0
671,3.9600384806417974,205,0,5,0,0.24330440792992925,9155.5482928012,4.330023625305921,1,Ketone,265.07996572457694,1
672,1.3223967262630143,335,0,2,6,0.35658666592462895,5794.494033738107,10.246579560267914,1,Alcohol,178.97525186870456,1
673,1.2122244401204325,448,1,1,3,0.1105402007091586,1543.8040896257305,5.628936984127211,0,Ketone,191.71874582673036,0
674,0.7876990730649852,393,1,0,3,0.6695732453952048,4521.458705587561,1.422289313257365,0,Amide,273.62251180613964,0
675,0.9688958503515627,489,4,8,3,0.9412583425458304,4233.627034431159,1.6001083540300893,1,Ester,259.36738400076797,1
676,2.5702643234438183,358,4,5,4,0.6421043810746968,2983.8382976518706,8.991744330135226,0,Ketone,238.32300082579536,0
677,4.377486313912883,179,4,3,8,0.5333736291698195,1751.826127497083,4.77499209467455,0,Alcohol,207.31307599246503,1
678,1.8376004528494456,353,3,4,4,0.5033492160381464,2637.691961330389,3.1916912978168597,0,Ether,221.56448746791284,0
679,3.727825247438286,355,2,7,9,0.5926131271797094,5555.729456748488,8.180745650145601,1,Ester,178.67167065891175,1
680,1.233263005974989,165,4,0,1,0.710612924862805,6857.381910364043,4.619674425733436,1,Ester,205.61940488053392,1
681,4.520588870958834,481,4,7,7,0.7949993538235368,9795.982191247616,1.95335882877262,0,Ketone,207.9395591255566,0
682,4.569637190030512,462,0,6,7,0.6983211716049109,2158.368107304788,3.5165710763948743,1,Ester,272.96792285253866,1
683,0.5412815310635993,413,2,8,8,0.7050318727747409,2040.9583667721654,11.112787358446006,1,Ester,143.73081174672592,1
684,4.194086018672875,198,1,3,3,0.9517338093016817,1171.216423022492,12.076149070977106,0,Amide,149.32432646290806,0
685,3.509465705601527,383,3,4,2,0.8993433953183175,9389.99589434371,12.337919175953049,1,Carboxylic Acid,142.1875138183028,1
686,1.9691969310654027,270,1,7,9,0.8239233184568069,3819.109110314211,7.952827386052304,0,Ester,215.8335548272225,0
687,4.173879228088729,340,0,2,5,0.043360240960183205,9239.884011482618,13.3623647168567,0,Amine,239.03154306926058,0
688,4.517412979686332,174,3,9,0,0.6688673470876072,8894.465503138952,2.9716946850742865,0,Ether,147.70050617679624,0
689,2.481881338284784,209,4,0,5,0.45498077638082135,440.7130875171847,9.81863005100716,1,Alcohol,235.392306258514,1
690,2.5439758107900112,315,2,0,4,0.6175992182669536,2798.4318364524543,10.155400501877917,0,Amide,225.61822504593604,0
691,3.5213886468031186,115,2,9,0,0.686282173105824,3025.926454899562,1.6914102415611523,1,Ether,164.2156341127034,1
692,1.2211026109235579,188,4,5,5,0.7146518762635335,2774.193223260331,4.671819337317047,0,Amide,145.96376863739675,0
693,0.38395528030509274,378,1,1,2,0.8694262897795457,4253.932792756781,13.337625761778455,0,Ether,276.36119066616493,0
694,2.643405573787633,286,1,8,7,0.9099911682352615,4993.57922367181,10.867375770414855,1,Ester,213.9337739282023,1
695,1.6020162935991404,458,4,4,2,0.6068284132445005,7582.2360511374545,1.7110210863330795,1,Ester,240.7798423863107,1
696,0.6144528065063043,390,4,8,2,0.8941642353860708,2677.7612735683606,8.030319799074354,0,Ether,285.0677640343255,0
697,0.700628106471452,316,2,7,6,0.7646217203363415,2988.1678054582635,9.432088363087884,1,Ketone,141.07951002515037,1
698,1.0650552763001808,224,1,7,0,0.20272538855548783,5986.457760636977,13.650084136072804,1,Ketone,170.1108539582551,1
699,1.6889305448736935,268,3,4,9,0.03531189863388817,1793.5103169691574,10.313643690877775,1,Alcohol,186.89001105042945,1
700,2.184191633919666,472,3,1,9,0.009888318552643383,4732.455337820204,9.302501411368162,0,Carboxylic Acid,146.578902143258,1
701,4.782841028471956,464,0,5,7,0.5866231974728808,2510.6000124073976,12.810857039184073,0,Amide,268.084107950393,0
702,2.4261680813318547,452,0,4,3,0.5215932555864967,1980.703028717366,9.592184480933359,1,Ester,116.68062181857212,1
703,4.567026246075372,173,0,2,4,0.6963685525054121,7956.735109996763,13.117586789636313,1,Aldehyde,147.83188636773298,1
704,2.7312610563760007,484,1,9,4,0.8428282869493567,7071.520848641169,7.406090074364627,0,Aldehyde,138.2068272797456,0
705,0.7904225737187653,145,3,8,3,0.16444249736184846,2498.8763308070543,10.34134540103694,0,Ester,290.6783457363768,1
706,4.214660728803593,457,1,6,0,0.8564317695035335,4152.320077968418,9.212810557934269,0,Aldehyde,225.47083241724619,0
707,0.08240253647213314,377,4,8,2,0.0980820454060527,1543.0863952594523,8.182838305059747,1,Ketone,243.24304201233494,1
708,2.8186848864502463,387,2,9,7,0.883243354504646,532.631218787484,5.213229642369801,1,Alcohol,121.68422012178908,1
709,1.7090672321422278,314,0,3,1,0.8504864438353148,5852.616815592695,12.749119579680784,1,Carboxylic Acid,138.8021114023968,1
710,2.1911884678080136,257,4,2,7,0.696955802985576,3636.274685454489,4.510580479755317,0,Ether,261.97769428092386,0
711,3.9872903430833277,186,4,1,3,0.3000292190169547,2073.3048236971717,3.072062602204847,1,Aldehyde,213.5461717194638,1
712,0.027282918550171065,398,2,4,8,0.09341345948829916,1146.9468514295006,10.256651446185595,0,Ketone,109.02430493455795,0
713,0.9116538066588842,210,3,0,7,0.7780870659288138,6800.597998200435,8.10518690658811,1,Alcohol,213.13395322367757,1
714,4.063342074857328,111,3,5,7,0.217879413959585,2715.3286001394545,4.417188633826756,1,Aldehyde,195.0770873667865,1
715,2.727410554457443,438,4,1,3,0.44093708292579425,9073.981713841864,12.31399953064711,0,Amine,130.73873975578468,1
716,1.2915731971772015,245,2,8,1,0.5308590667143719,1928.8636919746127,4.72069194589281,0,Alcohol,218.58816645779572,1
717,2.488804607585921,191,3,4,7,0.6854423179362207,2438.5073811325865,1.8291669622880664,0,Alcohol,134.76352628308868,1
718,2.0145644892002954,430,0,1,6,0.4874380722532863,8517.494830536101,1.1997673225381231,0,Ester,262.2900212405998,0
719,3.843504954271731,180,1,3,1,0.6945332661509895,5724.734826372192,12.99711517480952,0,Amide,223.69786580827264,0
720,3.7826887488677317,288,2,5,6,0.8140382395145027,1084.6783218740604,6.228315301010479,0,Alcohol,274.26234399217356,1
721,2.3155827399256106,273,4,3,0,0.7130608877447268,5495.052418883761,3.7753557856857647,1,Ketone,184.93325261085693,1
722,1.379495164996174,128,1,4,5,0.2995027084580103,3081.9724068432224,8.372318387599446,0,Ketone,202.38417787626952,1
723,0.06032154396657552,259,3,3,6,0.8942861503154493,7369.680001428762,7.342513641873046,0,Aldehyde,252.1168916729283,0
724,2.3628766183641696,341,3,3,1,0.550571438804407,778.8234539451407,13.997954493147349,1,Ester,209.2552381404769,1
725,2.962738395060944,242,2,2,1,0.46537481776738,9178.937608405093,12.55056468061751,0,Amide,214.3968373530276,0
726,3.027280336248034,287,1,8,7,0.5750470058045267,4782.547278310776,4.524329887923383,1,Carboxylic Acid,210.66779748053085,1
727,4.3398855458240915,309,3,2,1,0.4832200002253765,7343.1173420637815,10.070223204973448,0,Alcohol,198.2630997478161,1
728,2.337099680680714,255,2,3,9,0.7551099664067855,7046.911265944949,6.033271109328071,0,Ether,261.1393982261301,0
729,3.6022149953879694,268,1,7,1,0.420663976135047,1783.330240396187,5.737689617435991,1,Alcohol,197.04232834876623,1
730,0.6359826687635872,214,4,4,4,0.7767231392937451,8801.052666318812,5.772395274690726,1,Ketone,280.1589091838556,1
731,3.8199943424546285,402,4,6,3,0.7601552368136568,2327.7802406904034,9.310317220618272,1,Amide,261.7233292058086,1
732,2.225769110104099,388,3,5,0,0.2768704170254659,1906.4826463504708,7.993790305903112,1,Ester,238.4880112878235,1
733,3.471857407666749,399,2,0,7,0.09594133050987796,5206.897941436331,10.815648987167895,1,Ether,279.73170131206774,1
734,4.175762785944607,149,0,1,3,0.8509580166948545,9845.48226392618,2.9888160010831353,0,Ether,207.41866218423786,0
735,1.2699168845820574,365,3,9,8,0.16891979402979684,3134.632104005029,6.530551603886495,0,Carboxylic Acid,264.36818674476604,1
736,3.333020891118908,221,0,4,1,0.031182539575532298,9644.547587817056,12.184199722748499,1,Amide,148.3646079928194,1
737,0.6162422293818742,389,1,9,1,0.4023264953295015,4351.476905086249,1.041137063107891,1,Ketone,114.59512777707543,1
738,0.5581925514018193,462,2,2,5,0.2541494287742929,8346.922872382493,9.105399234650786,0,Carboxylic Acid,237.00012681188318,1
739,1.417951425456791,446,3,7,1,0.22036121211677762,5300.313513003423,11.2145812777238,1,Amide,160.32206002863046,1
740,0.6546464290741183,119,4,7,1,0.17231359176811967,2053.4069634471884,5.9901081348825675,0,Amine,226.9209331573191,1
741,2.2646144178144336,332,1,1,5,0.7491965647609372,8800.052414871352,12.48700784848476,1,Ester,115.47886908786596,1
742,4.337989606075975,380,1,5,5,0.7834227190544623,720.5904873342802,10.563992137431741,0,Aldehyde,291.1295498798401,0
743,0.37179557009796194,154,1,6,7,0.04638958366359014,6827.861917685493,8.878626485299685,1,Amide,203.0229355454877,1
744,1.8168638382665925,340,0,6,9,0.5468117537246384,8307.753859565188,3.578192217215767,0,Aldehyde,101.90525097060244,0
745,1.0389736164801355,317,0,2,0,0.1351454459323843,8320.422643808073,9.711351245526238,0,Amide,195.2153764326759,0
746,2.293786815381556,312,1,8,0,0.4995541273002818,6553.335861670676,11.838969277656822,0,Alcohol,257.94416733340483,1
747,3.1713843741500365,277,3,6,6,0.34792980869988954,2510.722957969841,10.488817577982003,1,Ester,273.04381546077,1
748,4.264741720065042,154,0,0,8,0.2018161937439189,5317.135810144928,8.473139217409713,0,Alcohol,192.25228529449154,1
749,0.11765122866648547,496,2,8,6,0.9480597023099471,6295.7336188483105,10.289498903746622,0,Carboxylic Acid,125.18730024728379,1
750,2.8408955538607428,276,4,5,3,0.9567461767837984,8897.053836698762,13.699551450717674,1,Aldehyde,281.2339889274011,1
751,3.449398779001755,223,3,5,8,0.5639705210811585,1597.5205389222544,1.1404564332668636,1,Carboxylic Acid,296.23407846684154,1
752,0.6742412864692265,237,2,6,5,0.188050064266291,4649.729237271358,9.631072041507851,1,Amine,112.6387819134494,1
753,4.68799691373728,447,0,1,9,0.5832659442675097,3332.026237334855,11.30890354924394,1,Ether,115.61356132683478,1
754,0.4047448598597553,366,4,1,0,0.9284992667251015,4277.696083511603,9.305589833585481,0,Aldehyde,213.11889494176287,0
755,1.6009840274158287,477,1,3,5,0.377760780066969,1831.310241967529,4.550197251322871,0,Aldehyde,206.78008976739983,0
756,1.192539905097052,218,4,1,9,0.1377367973574578,2175.0914236717595,11.69584615521533,1,Ester,217.73093155556745,1
757,0.3389995881136876,305,1,6,5,0.6936901845373474,7698.71953619278,12.87288848792478,0,Carboxylic Acid,163.42252290010285,1
758,3.4999291329911655,183,2,9,0,0.6562689374130933,4784.284959372564,9.885561513051236,1,Alcohol,110.06861464515099,1
759,2.5563736145891975,455,2,8,7,0.0013882415097277168,5141.957950066066,7.643314665936085,0,Alcohol,216.0702286707341,1
760,2.135624556420587,332,3,1,4,0.8536055879863731,8974.88359205741,5.76217141217522,0,Aldehyde,130.28911397931623,0
761,0.9972172214816166,119,2,0,3,0.6607470983758903,2400.5562566423455,5.290737853436453,1,Aldehyde,168.25182259517797,1
762,2.214330360454482,171,0,0,9,0.19569859380822452,3293.3862740338272,10.401959391167729,1,Aldehyde,216.48983546137123,1
763,4.506202423306255,434,0,1,0,0.0032387588528003386,3086.8551193233043,8.892604098885212,0,Ketone,141.69731256662595,0
764,1.7760106800475755,182,4,2,4,0.972300138299489,6592.72218744772,3.0390574531861043,0,Carboxylic Acid,208.49254901424985,1
765,2.543785678354063,403,1,0,0,0.7546797360606777,5624.944734152396,2.8342563922577577,1,Ether,242.94363461092684,1
766,4.643371738253434,175,4,7,2,0.3650512012719118,4715.974679262304,1.9242896476933544,1,Carboxylic Acid,113.15607888392142,1
767,3.4561245953016217,388,3,5,9,0.4327884325523129,6680.175401308863,9.885654947202406,0,Amide,223.89446690048948,0
768,0.20929143976956,342,3,2,0,0.538860511787883,4839.702516061575,5.08673682313063,0,Ether,201.88686150037495,0
769,1.661840635979623,375,0,8,9,0.7186279034199528,8159.757606210978,1.263152096611135,0,Alcohol,119.48867688875966,1
770,4.881923572439697,386,3,3,2,0.1729309664463351,4103.021028556127,5.3900055642196,0,Aldehyde,241.26906203516577,0
771,4.325894926984676,201,0,8,1,0.19572905009717712,8906.185492263126,11.817516475786038,1,Ketone,162.17794505959338,1
772,4.413429514432397,219,1,4,3,0.04826967889708911,1197.180705572871,4.2196128924791445,1,Carboxylic Acid,136.45937855553998,1
773,4.670238110751584,347,4,8,6,0.9857942379831084,940.3868694163431,9.236142130588892,0,Ether,156.49107612903822,0
774,3.1677611367739775,438,3,7,0,0.8755709875379476,6557.359454626631,6.715725378237196,1,Amide,209.24005452977718,1
775,3.9014279703465062,374,1,1,6,0.5529580135969052,3897.6689794791073,8.135646529232952,1,Aldehyde,216.01125353464244,1
776,3.267566549281169,417,3,4,5,0.4302736456528612,4557.68785774998,8.745045199619614,0,Alcohol,133.9303009529827,1
777,2.64197735604815,304,2,0,3,0.23743995262864892,6960.49042229991,6.912542750349431,0,Ketone,287.3273419455651,0
778,2.5992018604488285,265,3,0,8,0.5949827976834338,2146.1792913256795,1.7521259447933828,1,Amine,165.7887214585981,1
779,0.06485449404820542,404,1,2,6,0.6905103584094772,440.23583968091964,8.380040420086125,1,Carboxylic Acid,153.65812958023557,0
780,1.1592682344427463,420,3,0,9,0.6891827733616814,4389.453170959977,6.167822560907558,1,Aldehyde,137.3445622039818,1
781,0.14504495173780108,366,2,5,9,0.006436137938264586,8947.35872954485,3.5984387713100645,1,Ester,124.1054366014174,1
782,2.2487540836608186,382,3,5,4,0.7020389198743041,4507.928045763014,12.654606658746198,1,Ether,296.4163831291171,1
783,3.606634395327907,157,1,4,1,0.866372851242774,5720.071439651813,10.568873451100457,1,Ester,234.94479093425812,1
784,4.691110600397081,330,0,8,0,0.1149166848962353,2084.472454008482,4.692887215841425,1,Alcohol,257.4061463269518,1
785,0.06791478938510342,292,1,3,1,0.7553770122947577,4641.2752987780295,8.006443287095923,0,Amide,180.2973983474573,0
786,2.453470563391644,114,0,2,8,0.8232385925651264,4807.0649727705195,13.520471219437585,0,Amide,182.9221762722724,0
787,3.4992492708365646,437,0,2,1,0.27616938503087585,2352.1770762902534,4.191000435018052,0,Ether,297.37834417469605,0
788,3.336001961590391,444,4,0,4,0.7121061918768363,1638.8028778749906,13.315998234662695,1,Amine,140.1380500061303,1
789,3.764420870373501,356,1,3,7,0.0967548730300889,3503.227422376564,9.883697486989801,0,Ester,165.38649288296273,0
790,4.2262235349256265,118,4,6,7,0.6492121318789292,389.61563377156915,8.030876410359834,1,Ether,139.0323080052508,0
791,4.570812152565527,283,0,7,8,0.5103293509773202,1665.3513943848175,13.781700002736857,0,Amine,156.52480385687585,1
792,0.902006916945135,291,3,5,3,0.8498521472606846,7313.8035380578085,5.338215198556653,1,Alcohol,232.7148381475536,1
793,4.775585767147039,389,0,6,9,0.4519676105758842,6491.6893554878325,4.617005436676063,0,Ester,161.78337259027302,0
794,4.029285955985611,163,1,4,6,0.4280958285126826,3128.4953810856514,5.41471257576123,0,Ether,275.1046096030294,0
795,4.499561871501618,365,1,7,8,0.9337848438741518,5512.068523110784,10.761159224724379,0,Ketone,109.7301097131123,0
796,1.7161945334867008,431,1,9,6,0.9342667512206299,8294.020164029067,5.381085116445508,1,Aldehyde,170.9442397750946,1
797,4.992864191946051,287,1,2,0,0.03571163134010569,8391.607863043328,2.335910634940687,0,Ketone,272.1414013999116,0
798,0.0609929205230203,266,3,7,5,0.48556505258806126,6544.114702587908,9.376057253829552,1,Carboxylic Acid,224.27567461205814,1
799,4.353465025682107,336,4,9,1,0.16095760153337302,1241.4098199027105,3.898786803026079,0,Ether,254.19210425857105,0
800,3.3947051817898095,165,2,6,6,0.27370621764958203,1629.8394467672076,1.0541199142458768,0,Amide,164.72919842934215,1
801,0.6888776474594605,387,4,8,8,0.6661403424645692,2917.440343025924,3.5890466775406145,0,Carboxylic Acid,173.86096713661783,1
802,4.156274885280819,150,0,5,6,0.12928787825988242,6707.476675702512,11.64889057626787,0,Ether,277.64576883878556,1
803,3.9662760854779084,381,1,9,7,0.011270493422808836,2580.7806921202045,13.22322537256498,0,Alcohol,249.91563784729755,1
804,2.697642945647668,156,1,9,1,0.7271236426006724,4644.860405389875,9.605386365470284,0,Amine,176.85212190227583,1
805,3.1685322733109613,183,2,1,9,0.6413442861982552,8255.430876027887,5.036367192313101,1,Alcohol,143.0716491174458,1
806,0.6369039328181464,287,4,4,4,0.9026642843862662,8917.845725867426,6.6744655097412835,0,Ester,121.2579962467125,0
807,2.290409809771796,282,0,8,9,0.542310121117728,8385.615106639836,3.5291336322313454,0,Alcohol,272.3655945715815,1
808,0.19803602370030426,361,1,6,0,0.9453306915356681,1165.2704039142905,12.450113003997805,0,Carboxylic Acid,239.52963088101177,1
809,2.886244522590932,106,2,2,2,0.6093133612654622,9107.630397422157,9.652560316275068,0,Amide,221.46842470218087,0
810,2.2586756032199062,436,2,1,0,0.38715036539522807,6841.703055010421,2.0973637659057327,0,Ester,255.3175668598026,0
811,0.42770837571699305,253,0,7,1,0.6084637052934029,6188.24719686917,5.770137887271486,1,Alcohol,282.99788514306715,1
812,2.0594480060974005,217,2,7,3,0.7491802701162894,2476.203478788714,7.994293758331442,0,Aldehyde,252.31785195482738,0
813,2.189369187323766,450,2,0,5,0.3475411526667046,9282.350463725208,11.365291053006194,0,Alcohol,184.13186774388618,0
814,3.6879796152291053,218,4,1,0,0.37252493709604384,174.5933030039413,12.966559810349201,1,Ether,135.2940434819524,0
815,0.26726520068113324,453,1,4,8,0.6299372948502964,822.7779485771661,2.724754502795149,1,Amide,242.76483578081752,1
816,3.069650324018944,309,4,4,0,0.4555919561270315,1537.5920954967057,11.849222282484773,0,Ester,149.3442686529399,0
817,2.564378009085673,332,2,6,7,0.5269732061474895,6941.750183427445,1.8551890992114555,1,Amide,256.52267398652424,1
818,1.3745685782500812,223,3,4,0,0.9820816324818173,6228.949992006584,4.12637612087552,1,Carboxylic Acid,167.7461186314922,1
819,3.722071772757394,177,0,8,0,0.04377493234483665,9446.83329888172,1.273159797112772,1,Carboxylic Acid,131.35438662390771,1
820,2.814780528729579,232,2,0,7,0.6479003730188805,3490.468194016357,1.829768995661038,1,Alcohol,150.92941092994968,1
821,2.6016677089844293,314,2,4,1,0.9228854653586399,3476.819790846987,1.421462403205517,1,Aldehyde,153.32764453265816,1
822,4.761756165917492,355,4,2,0,0.23621140652189043,6695.670548594551,2.8981021793393325,0,Aldehyde,175.76024744736924,0
823,4.072946118015274,100,0,9,6,0.21202759431403462,1742.3979744423943,12.394864978852906,1,Ether,151.45808277464585,1
824,1.0321466732767433,439,1,5,0,0.36299806093030706,4640.96235195001,4.689745635501719,0,Ester,145.11149978817804,0
825,1.9398408884726215,485,0,0,3,0.07407853225221628,155.31705721936274,7.236299478573551,1,Alcohol,178.349777736499,0
826,3.3144510593354286,334,2,1,9,0.5602847931819782,5920.803033211815,7.332512786836213,1,Amide,273.62004188228207,1
827,2.75045178299456,224,4,8,9,0.6454588782729672,7840.1199527336785,13.938418136423953,1,Alcohol,114.09116938277111,1
828,2.15350578174871,200,3,8,8,0.8198868095077821,2038.339544202839,5.740747839422034,0,Aldehyde,159.24805685841073,0
829,4.906670826582235,164,2,1,9,0.06617609831491555,3072.3994501500324,4.446291267468498,0,Ketone,212.46168235714538,1
830,0.8296485730877889,365,0,3,2,0.4361849792744925,1319.2613694646536,13.522181097819079,1,Amide,274.8960585833943,1
831,1.6927387622268886,346,0,9,5,0.784206836470232,6157.129436375475,8.702833412265417,0,Ketone,156.82636399790687,0
832,1.9812099996666666,277,3,2,9,0.7683018637913037,5640.641274348218,4.763258706181555,1,Amine,169.7484845090648,1
833,0.34179029332856825,406,0,7,8,0.07364055927293556,8264.13535764326,4.737317176098594,1,Amide,259.5901404662367,1
834,2.3397340437943974,424,0,0,3,0.011395589642960169,9703.466716032808,2.12271520804073,1,Amine,174.50353448532158,1
835,2.622952212315128,396,4,8,2,0.7833277438612216,9836.45219382843,8.23929229130486,1,Aldehyde,270.3107596093761,1
836,1.3229824779293136,176,0,3,4,0.1379776353545331,1072.5704893527598,10.407942505684828,0,Ketone,191.05418185940687,1
837,4.809347018548181,167,1,7,6,0.5777895645243009,5531.8119737080615,7.171279373001989,0,Amine,213.81931753533468,1
838,2.6766497748862497,379,3,7,4,0.09424616989025625,7896.757637838908,12.497679488451391,1,Ether,212.17619326108525,1
839,2.9088844464205965,211,2,5,3,0.29551113410447905,6590.1718221873725,7.2915421904622955,0,Ketone,123.86123427993422,1
840,4.469102709419264,411,3,9,0,0.15803728203239742,8969.970238666981,5.502658392444118,1,Ester,170.98850726418692,1
841,1.3712098140014994,477,2,8,5,0.7363943686562127,4417.750159740902,4.260177046770751,1,Ether,148.31708354777751,1
842,3.1709604613107345,327,4,7,3,0.6727244176315794,4271.5436347340565,4.162813242584788,1,Alcohol,236.60424822212653,1
843,2.246205485587578,334,0,2,5,0.13530548059366143,262.09930944815903,5.114681573242928,0,Amine,286.7293673740651,0
844,1.8572624616644817,391,2,5,5,0.059330346137176804,157.48248126314937,13.895673698444323,0,Aldehyde,142.48393085950525,0
845,1.8862707786747475,357,2,1,3,0.4663352509721924,6926.767070031511,5.690744832078051,1,Alcohol,118.25212613353635,1
846,0.12015994770242344,155,4,0,7,0.19554794916092566,4715.189999219992,7.819798639916983,0,Alcohol,201.31814559510693,1
847,4.105612063557013,367,3,4,3,0.008142036903027061,6602.647660654522,4.570776716478356,1,Ester,178.16736457598785,1
848,2.9282393504965807,495,3,6,4,0.26427274122820166,2382.9850863744487,2.8659662364983287,0,Ketone,107.14354304407236,0
849,4.663316238032669,440,3,5,4,0.215243676987257,8631.059548716064,9.395834722068345,1,Amide,284.3243282080964,1
850,4.227324058282617,171,0,3,1,0.6849592487198379,9028.742238592522,8.087860535021441,0,Ether,288.0301336945929,0
851,4.9244483352004895,311,4,3,7,0.8608630786870408,6623.304883515639,1.8817430374661033,1,Aldehyde,270.08257363767626,1
852,0.16924993493809215,161,2,8,7,0.23763891598774156,2778.7355830085376,12.476229816819092,1,Amide,156.10392182066505,1
853,3.2419923855921553,127,3,2,9,0.22304776160983097,2162.3435381414197,7.600228850789799,1,Ketone,124.48558913562475,1
854,4.773121686112697,444,3,1,7,0.38776633892244783,6255.373163148754,5.3591571755917755,1,Ether,218.49888444047085,1
855,3.8425953371236026,255,3,5,0,0.17255763396908164,9407.838997430741,11.131667623551149,0,Carboxylic Acid,156.30271822753514,1
856,1.5863881879465507,103,1,0,6,0.9468150400812485,5781.546399237553,2.4571727849983724,1,Ether,140.34356789413974,1
857,0.5627124316292398,445,0,1,2,0.24352653957696158,8393.209132905078,7.159142351349905,1,Amine,228.26095471523524,1
858,3.3413296193975297,496,3,3,0,0.09332911354725515,5654.49007999702,8.13404235821424,0,Aldehyde,250.07567647160258,0
859,3.2919159668856706,182,1,8,4,0.5568887963569144,6746.338336317579,11.076624847681783,0,Alcohol,205.45652246618073,1
860,1.4614548264133775,197,4,3,3,0.5376195462534835,5678.198676553201,5.8131801128561,0,Aldehyde,163.9988211919756,0
861,4.028316975831977,336,2,9,6,0.6319141723481814,5754.062131473571,12.114531833737203,0,Amide,202.50419349458969,0
862,3.1605225285619016,359,3,2,0,0.9667025653720267,7392.761677833372,10.069747829317762,0,Carboxylic Acid,219.94719466419025,1
863,2.073657854928422,183,0,0,0,0.3234871845364745,3963.04763361769,11.023979692053954,1,Ester,110.37766703897296,1
864,2.328930986452684,460,3,7,7,0.35957137658146054,9040.07294589946,13.598009356287433,0,Aldehyde,188.76274559928817,0
865,1.2385907295658587,207,0,3,3,0.3370404454113597,8635.064991879017,11.98179662559157,1,Amine,219.66613349643325,1
866,2.6930846901891057,457,1,1,8,0.6286296606464112,7253.417278731389,5.50824878752238,0,Ether,125.89699657939204,0
867,2.5102926962392216,449,0,6,9,0.6040690389460868,7434.518497390592,9.39554378476185,1,Ester,189.76725263436947,1
868,4.716418888469142,233,4,0,9,0.5288070627255029,4132.994843491259,12.291950693895679,0,Carboxylic Acid,169.34571024581192,1
869,2.546578804770903,329,0,2,4,0.36432595945326485,8325.432230251115,7.826580592942572,0,Amine,273.5769736796608,0
870,3.887463969334182,432,2,9,5,0.4276496528570518,9326.162726249633,9.876398051581681,0,Amide,197.87720235382386,0
871,3.0710423857004407,217,1,4,1,0.7925072014256445,7951.69092788333,3.23939531335188,1,Carboxylic Acid,185.25512662838418,1
872,1.1261204900717403,180,0,6,2,0.6092467256571003,1331.0960185397157,11.606885597114495,1,Ether,148.77631437223448,1
873,0.2477491853998265,254,3,2,6,0.7163078537829314,7866.432595231873,10.8469882069239,1,Aldehyde,291.4941854767979,1
874,3.509655212219382,390,4,3,6,0.2767297228511433,4646.2503664799015,12.555620338159658,0,Alcohol,292.2321906279574,1
875,4.011744767081613,331,2,4,5,0.9114920933345287,6087.386399531002,10.231933774512576,1,Amide,173.35097823781024,1
876,4.374489245773714,309,0,9,3,0.0351627219430064,9911.60842155409,12.399707721770682,0,Amine,285.8080436029647,1
877,3.4186252325990028,285,0,1,9,0.5956968848273174,3594.1887397979385,3.1088092576666737,0,Amine,223.7201957044326,0
878,2.1713873146275358,439,2,8,3,0.8123500519306939,3485.935322688005,11.577415656934107,0,Ether,256.2094285311117,0
879,2.4627888160719675,290,2,6,7,0.866285480329225,2632.0666652942805,13.38857435253236,0,Aldehyde,117.96929810380057,0
880,3.8017540639612823,214,0,1,8,0.319551731167258,1272.104079755066,11.601600799738655,1,Ether,104.26197950012333,1
881,0.890590530799899,450,3,5,7,0.45975086283046485,1682.5685614563943,8.997963112746021,0,Amide,202.81552464931963,0
882,2.263536194456051,200,3,6,7,0.034889160041931655,5143.175635617216,13.044501350599534,0,Ether,115.18163464855023,1
883,0.26971216018830124,476,3,9,4,0.7897654138330443,9098.088468916565,2.2283222457736658,1,Amide,278.34003087098074,1
884,0.5263665946579515,438,0,3,1,0.12457198786174117,8099.182775640756,1.2192397661679735,0,Aldehyde,264.03049048864807,0
885,1.1539715040719716,452,1,3,9,0.42808142571944063,1825.7382429893298,13.54916279815373,0,Amine,242.96665554957315,1
886,3.1502250615962635,180,0,7,1,0.9908090099950743,5617.339766821909,9.879067510085669,0,Ether,106.2793020718264,0
887,4.600487288104566,132,1,1,1,0.9177372396664757,8469.399490689764,2.4841639500867725,0,Ketone,191.66690125659602,0
888,1.8246420238623784,199,3,1,5,0.330023564962996,5395.390818691574,5.420159685942773,1,Alcohol,115.61818810004311,1
889,2.5017392570710513,424,0,1,9,0.22388060126593912,9114.409781216988,10.734427087457222,1,Alcohol,285.7284892702212,1
890,2.852589710826901,139,3,1,4,0.2516924766545665,9078.94171230854,10.755038352281513,0,Ketone,222.52371454930153,1
891,1.4228797485957885,349,0,6,3,0.68478565707439,3483.0920512502194,3.2098900470968053,1,Amine,131.30645460895903,1
892,3.4488989991799257,146,3,3,3,0.7257972780688937,8739.421799537116,7.111919663414794,0,Aldehyde,212.12183678789475,0
893,1.0619916024557225,482,2,4,7,0.21649307978782983,5851.572922096518,11.4950442602181,0,Amide,123.70657994710021,0
894,0.9465827423624423,272,0,7,9,0.2399899599109151,4798.983245782466,13.568364439832648,0,Amine,129.1353502967792,1
895,1.029075163397946,382,1,6,1,0.3233890828514163,7742.878482700673,9.093352642621781,1,Ketone,116.19118241002494,1
896,2.396411140243204,234,3,7,4,0.4331779783575046,7896.377963460027,9.295733519835,0,Amine,274.3458744178823,1
897,1.251053406973801,113,4,4,6,0.9174708827336517,6754.5481941803,7.101540877578699,0,Ketone,209.13610471919714,0
898,2.1659334286246077,487,1,7,6,0.026507844146644644,8109.126813787778,8.007753929279778,0,Amide,165.58080447890177,0
899,1.8844104346586814,213,4,0,7,0.6381973847256187,9514.28769964693,2.2861365479265725,0,Aldehyde,100.13556598282798,0
900,4.154980959369578,309,3,4,2,0.8616975999061783,8731.001449608359,5.544645137047102,1,Aldehyde,194.40499521816608,1
901,1.0952993434040388,261,0,9,1,0.7233636001610512,743.4584555949474,7.5948181132098105,1,Carboxylic Acid,202.55466473904215,1
902,1.5304830253061985,468,0,1,7,0.21674211979565683,8500.43973910966,4.574756013937946,0,Alcohol,167.3132400181948,0
903,4.761911762636252,435,0,4,8,0.47674665435530383,7815.495391628905,5.677777408022299,0,Amide,196.86495580861603,0
904,1.2231689612756451,446,4,1,0,0.9102805786032152,9267.487197781082,13.625556391181417,0,Amide,120.14456261747569,0
905,3.984478624981352,145,3,5,8,0.11571746536242122,7395.949998926025,1.0676318358127626,1,Amide,284.41232040823377,1
906,0.707880079251274,246,2,8,7,0.9875111823612193,8778.657319168606,4.934364716954434,0,Amide,151.6681138849415,0
907,2.9336060353188484,228,0,1,6,0.1436236764062967,103.17739908520356,8.591402208266103,0,Aldehyde,289.6996232361129,1
908,0.4599266485259812,335,3,9,7,0.14241754353020597,9778.075438000627,4.62656948930165,0,Ether,198.5757622738421,0
909,2.049966446033295,250,2,1,2,0.8128593177815052,1909.872134300821,9.794030112265416,1,Ketone,271.34499177115254,1
910,4.77816161747999,211,2,9,1,0.8283465182943164,8642.431324731017,4.890576045534961,1,Ketone,215.4410398337434,1
911,3.2131662324433896,300,3,2,3,0.03791865602929023,9296.176718169723,9.29670014048333,0,Ketone,268.88314534599215,0
912,1.0382923206009387,383,0,9,6,0.16830540614295653,23.23211102446655,12.048213753207053,0,Ketone,102.02766493964421,0
913,4.044241507679783,439,0,4,1,0.9485276536678734,9136.867228589928,9.562371236470229,1,Alcohol,137.29494330094616,1
914,3.272446875583655,435,1,9,6,0.2793452654105125,8292.289617275583,1.6484990540126194,0,Amine,170.7809716500633,1
915,4.638582521436448,432,3,8,6,0.012239665168893077,9224.20404330047,11.3377738049932,1,Ketone,159.22676856869717,1
916,1.1437909068261236,486,2,2,9,0.2540421005382505,1769.646167645869,3.7664178449280277,0,Amine,289.3460880218063,1
917,0.6063530310683818,306,4,8,8,0.7354325631798991,7774.631893589997,9.25229163828883,0,Carboxylic Acid,178.9341271719428,1
918,3.174556601509752,115,4,8,2,0.9164533791808384,4875.371061690325,9.407537867119203,1,Ether,294.4225566297764,1
919,4.567952452502271,226,0,8,8,0.15515658522799658,2577.6326609624043,11.448582355218987,1,Aldehyde,230.20298373484906,1
920,3.888811592889631,385,1,3,6,0.22441381985171405,7561.957868214825,7.575700565296913,1,Amide,267.11021455203684,1
921,2.0556121549253694,177,4,9,7,0.44153130419333875,4733.059010451477,5.887523868372388,0,Amine,178.77106655109435,1
922,2.15852875107651,484,0,5,2,0.7483023524009247,8998.946990652441,7.734366883040644,0,Ether,138.01526946701523,0
923,1.662975195775926,132,1,1,4,0.658697022053559,7107.604301735873,8.09484011799379,0,Amine,110.09152976021429,0
924,4.586647729153274,136,4,0,6,0.3275335810060329,1392.3146842200151,11.679995873118882,0,Alcohol,231.28102114310894,1
925,4.058236611176068,256,2,1,7,0.06635181916253652,2508.383945437533,3.6659231450078993,0,Alcohol,294.35990994775295,0
926,1.336992048962788,264,4,3,5,0.25296064658121153,2646.0707695135566,12.00881749505082,0,Ester,123.65141728220001,0
927,1.6034709774002058,288,4,6,5,0.21956339632629107,3441.1568524377726,5.7541989444199,1,Ketone,254.35084355113202,1
928,3.698909159712203,107,4,1,4,0.02105376307410456,6664.837842020197,10.67021005635613,0,Aldehyde,172.92250065684564,1
929,2.120775281143544,356,4,9,3,0.9750399765414619,8943.431304978836,5.364263602567146,0,Ketone,298.69259140353057,0
930,3.0485951367298036,418,0,0,6,0.25537153134334645,5937.408870683809,10.215509537796665,1,Ether,274.0072514914227,1
931,0.7773255627779596,315,3,2,9,0.8365350472606017,7518.265314609943,11.389331165107222,0,Ketone,146.15340589218658,0
932,4.132982769117254,213,2,6,4,0.4848616053400465,3168.0122334125467,8.254851105031612,0,Amine,253.15130426481792,1
933,2.781819533184904,292,3,2,7,0.9722907569065073,5225.125594123482,9.054080098628523,0,Amine,246.84597260805018,1
934,4.128680868157175,273,0,1,0,0.149553120953565,5041.759309767108,10.200887421465307,0,Alcohol,252.6827305983675,0
935,3.5742719966651046,219,4,0,7,0.1106731609395577,7010.8971865696985,9.949555700838356,1,Amine,116.56459015833653,1
936,2.145007418284734,109,1,2,4,0.002462924490255314,5180.071484389359,10.456402154088932,1,Aldehyde,261.8832853527351,1
937,3.402821058850817,309,1,6,3,0.7184470889866125,3343.202052757663,12.045779417040231,0,Ketone,152.28651362544883,0
938,0.29925858057612165,312,3,2,5,0.30637627005641965,2439.8301211205744,3.8667134366085705,1,Alcohol,218.08453368681018,1
939,2.18079906986074,365,1,4,6,0.8703549476336496,2547.804782785692,3.7915096080407205,0,Ketone,123.08059238810651,0
940,2.1791715775736242,161,3,5,2,0.6338048521470965,9808.863388810978,13.618871409152312,0,Alcohol,211.6249401950461,1
941,2.103220357693829,185,2,4,3,0.5774318886867612,3575.4073912205554,12.067168529097684,0,Carboxylic Acid,281.2835723002508,1
942,0.5879027229433975,144,1,0,6,0.4868915367272295,8066.23436604097,8.692166759645161,1,Ester,135.43504025244096,1
943,2.4348612165724974,300,4,4,6,0.25817364508445806,714.5926542405261,1.1063243557074114,0,Amine,271.00841661829804,1
944,3.808523460610123,300,0,2,2,0.06468853125884899,897.4426377708063,12.111857004208247,1,Ketone,187.08908383388933,1
945,1.6151843633810863,203,2,7,8,0.44356797855235974,6861.825373447237,10.770755414468356,0,Aldehyde,164.4661713449026,0
946,4.092932271334565,400,1,4,2,0.09911965198526673,4572.6339719069865,13.43289037764762,1,Amide,111.41959508906972,1
947,2.9273492934863965,184,1,7,7,0.9057311320953739,8805.052499618825,1.1711037163756277,1,Ether,205.70206790938215,1
948,3.620628721807951,285,3,8,7,0.8293291184033433,8622.340522549053,1.3708346568701557,0,Carboxylic Acid,139.98764205457894,1
949,4.48849796224372,194,2,1,2,0.6197612894740295,7556.816750233327,7.726856629070031,0,Amide,288.0200698765978,0
950,2.4111819153981955,293,0,3,6,0.4524396929677499,8153.346896630728,12.128639720751988,1,Ketone,147.6284566346673,1
951,4.224615737845718,342,0,9,2,0.4541954019645855,8705.170287182613,13.88711290740395,1,Ketone,217.35712084195177,1
952,0.7018808337138488,344,3,0,1,0.46451507701058015,7835.971918943603,5.160327975044628,1,Ether,211.7074098913966,1
953,3.892049534056177,123,3,9,6,0.7454631339734644,5269.395607108299,1.472727916537645,1,Ketone,167.36443727192074,1
954,4.1684453308600915,324,3,8,7,0.1262050637962201,2648.2006234359174,3.541604299730688,1,Ketone,270.4128731919907,1
955,4.517001259855436,282,1,9,8,0.5312957828144111,7874.036029285864,12.401134801253702,1,Carboxylic Acid,136.64882304368066,1
956,0.40506638692832,212,2,7,0,0.8126666613652517,3177.765001842854,7.0638549228647936,1,Ketone,263.4117844726823,1
957,0.5848423230599786,278,0,1,8,0.5101258764022482,2448.935127486159,12.092990431173735,0,Alcohol,141.4958051298355,0
958,0.1131109855335749,299,4,5,1,0.01374123188519083,1717.5045165401195,6.770807789888139,1,Ketone,107.81972449979169,1
959,2.5289896331301573,428,0,4,2,0.2446905939378522,6272.258084043695,1.6940675710059163,1,Ester,288.77029492764296,1
960,0.9643131518292475,376,2,4,7,0.6685846423130258,2425.54728406008,9.028477993176395,1,Ketone,227.45968161137978,1
961,2.8388683348726835,402,3,2,1,0.9341995749929453,3748.901541823322,6.663846449759707,0,Aldehyde,226.09578248724034,0
962,4.461417477017493,395,1,0,6,0.8937480848684757,7090.920930224453,7.387591582034793,1,Alcohol,153.0090551702496,1
963,1.6351266915697171,230,0,5,7,0.8227049195234015,7938.498754175498,13.336619671383414,0,Amide,127.83405658099207,0
964,0.026735937715300917,380,4,5,9,0.9501641632885912,3148.3318788801694,6.941974851743248,1,Ketone,241.21214083678305,1
965,4.449334247111604,309,1,4,4,0.2799178554686321,8428.158104403316,11.354857141493373,0,Ether,203.7478265234503,0
966,3.109418117941925,223,0,8,2,0.01239767906713296,580.5094067887184,1.7658633062015014,0,Ether,163.58183694372923,1
967,1.0075084761341317,366,2,9,8,0.3543745958782569,9858.742086611835,7.227506371611544,1,Ester,163.3575199348618,1
968,3.4618005917044945,193,0,8,7,0.5770110019269309,4169.347773217743,8.627032845260075,0,Ketone,277.85137955667,0
969,3.1641001382736587,188,4,9,2,0.3164660001437033,3249.5272802427603,2.472004200605521,1,Ketone,277.9335856001218,1
970,1.9006121511789342,302,1,0,7,0.04420375854584513,9236.833785486007,4.929033152645484,0,Ketone,154.92538217440705,0
971,1.0607206338347792,325,0,6,2,0.5071869915167037,1324.7578664503615,10.614717453726138,1,Ketone,258.8304948673722,1
972,4.962128472515311,187,4,5,5,0.19969636098669463,3578.6293252788005,3.390786511407393,0,Amide,145.33631013014798,1
973,3.2151005601828158,403,0,2,0,0.7275712771394993,3589.652278868337,2.669867841423624,0,Amine,261.59166784744184,0
974,0.008738771312558069,259,0,3,3,0.08920157644661653,4244.192622968797,4.890581633816437,0,Ketone,125.25670721546746,0
975,0.6279663934464863,486,3,3,7,0.9581257800601037,8483.54243226408,12.166501850417749,1,Aldehyde,251.63100303815952,1
976,1.2370710998350598,188,4,3,5,0.8766804791098896,8493.965459109837,10.918265495900325,0,Ketone,211.13675027276702,0
977,4.065685927056917,221,0,6,4,0.8738541507283372,5916.781330116064,11.098420511542907,1,Ether,123.52392099708692,1
978,2.3732508360929545,208,1,3,5,0.7898906387535269,9917.59586195599,5.191947793445065,0,Amine,223.15067779994754,1
979,0.3006309712560451,375,2,9,6,0.6335892924591671,8441.763623357541,2.286207830515619,1,Amide,138.48171015771533,1
980,1.3254654114924946,347,3,5,0,0.05342903930961229,6811.0115304089795,1.415385722014475,1,Ester,138.82394744315053,1
981,4.903575345234906,406,3,0,2,0.6624258884404557,1995.3847665740188,8.620579513853123,0,Ether,189.46957050497514,0
982,3.8393452552912812,180,3,7,0,0.7469272816792416,5497.75765796215,10.129712672847642,0,Aldehyde,292.8565013654787,0
983,0.023296204943885068,119,2,3,8,0.13081991545521587,2139.8534932003404,5.912584798155479,1,Alcohol,278.446181369769,1
984,4.193500621823224,476,4,2,3,0.6157560255071125,3017.2606736630337,7.875202980785638,1,Alcohol,265.2964159047124,1
985,0.9613393086899996,113,1,8,1,0.4788674742015746,6858.952212602045,4.627050319863575,1,Ester,270.2276344222296,1
986,1.653871583651347,325,2,1,4,0.4724415423199988,1845.0127182771248,5.735928833618248,0,Ester,199.4577427232041,0
987,0.5919419793655628,435,1,7,1,0.19946223351832715,909.3189909811932,10.48760977265077,1,Ether,174.9444658731693,1
988,0.05289515952077939,131,1,5,6,0.7394381855960992,5315.924379364249,10.336862868166573,1,Amine,276.79741204237996,1
989,2.5200570219177947,299,3,5,3,0.9251246609446535,10.51363974056637,1.3651921788383437,1,Ester,116.17437350292764,0
990,1.4299309706457253,269,0,9,4,0.7878033162500583,6089.544566963012,13.275010353201118,1,Amine,299.21897647502067,1
991,1.8008312102203488,221,1,5,8,0.3690322228173921,9013.514470438213,4.497154913108357,1,Amide,210.59509796120534,1
992,0.8449751009713058,291,1,1,1,0.9841773105448673,1903.2366459444463,12.798624503562115,0,Ether,208.09223770667762,0
993,4.032263529747847,103,1,6,4,0.3641703059569329,3828.3085124536315,7.654658844794801,0,Alcohol,158.38939058072606,1
994,0.8674196017590136,326,1,7,3,0.23442386316778852,9163.748584556553,7.489366209012228,0,Alcohol,134.07211756518402,1
995,2.5864917680741994,223,3,7,2,0.9680846389330361,7039.007931005517,6.857971127401033,1,Ether,236.05872545004448,1
996,2.346915968173282,319,1,9,0,0.7898165349846519,1354.0018629290857,12.99155607171544,0,Alcohol,172.34237218620888,1
997,4.598631751015941,290,0,6,5,0.7612441415334618,3820.563230142012,3.7054037973727114,0,Aldehyde,160.48895108241948,0
998,4.9386655426149915,334,4,6,6,0.07743194340703186,7560.1958178744035,8.951387237747742,0,Carboxylic Acid,132.46846827467064,1
999,4.528782193309822,416,4,4,0,0.1920236062239159,6648.113283562982,5.1311608965218864,0,Ester,207.0258761959304,0
