,Age,Gender,Race,Education level,Employment status,Monthly income,Marital status,Number of previous criminal offenses,Offense type,Severity of offense,Length of sentence,Release date,Release conditions,label
0,39.79186500205043,Female,Hispanic,Graduate school,False,2599.463277599081,Single,3,Violent crime,Non-violent,18.49538488116474,2018-10-31,House arrest,1
1,44.14136487560063,Female,White,Graduate school,True,1712.2534647684606,Divorced,1,Theft,Violent,8.584307429318017,2018-10-31,House arrest,0
2,44.00683711384318,Male,White,Bachelor's,True,2135.6268536901443,Single,0,Assault,Violent,15.472186078912886,2018-10-31,House arrest,0
3,43.10314646317727,Female,Black,High school,True,1853.665305007349,Married,4,Theft,Violent,6.975739427227735,2018-10-31,House arrest,1
4,36.42080018339966,Male,Hispanic,Graduate school,True,2956.774951821536,Divorced,7,Drug possession,Non-violent,20.59939284030701,2018-10-31,House arrest,0
5,25.19329461225244,Male,Black,Graduate school,False,2523.931429269971,Divorced,4,Theft,Non-violent,15.031083898216162,2018-10-31,House arrest,1
6,40.02732716314021,Female,Other,High school,False,4764.178312969354,Single,3,Theft,Non-violent,16.34637347506123,2018-10-31,House arrest,1
7,27.315786989617067,Male,Other,Graduate school,False,1360.0710341892845,Widowed,0,Murder,Non-violent,-2.3766932869922917,2018-10-31,House arrest,1
8,41.37107219500664,Female,Hispanic,Bachelor's,True,1649.3207387014454,Widowed,8,Murder,Non-violent,27.15007259783736,2018-10-31,House arrest,0
9,30.75508179016629,Male,Hispanic,Graduate school,True,4105.518176666009,Single,10,Murder,Non-violent,6.771545442977099,2018-10-31,House arrest,0
10,29.81071535729847,Female,Hispanic,Graduate school,True,2508.687902900956,Divorced,3,Assault,Non-violent,-9.345920596073336,2018-10-31,House arrest,0
11,35.39221709039032,Female,Black,High school,True,3424.3510403800065,Married,0,Property crime,Violent,3.8249189253616915,2018-10-31,House arrest,1
12,54.507597212789975,Male,Other,Graduate school,True,1753.7384711728628,Single,7,Theft,Violent,19.94704193447039,2018-10-31,House arrest,0
13,43.04626643136878,Male,Black,Bachelor's,False,3129.2021471076728,Single,6,Drug possession,Violent,7.478201052383379,2018-10-31,House arrest,0
14,50.28179838925571,Male,Other,Bachelor's,True,1754.5271436684598,Single,0,Property crime,Non-violent,1.722698138271877,2018-10-31,House arrest,0
15,30.480690425639988,Female,Black,Bachelor's,True,4402.593268118093,Widowed,2,Theft,Violent,27.04018998171573,2018-10-31,House arrest,0
16,36.206565073964455,Male,White,High school,False,1920.0584880640085,Married,3,Violent crime,Violent,4.3257171882221055,2018-10-31,House arrest,1
17,45.84607940958517,Male,Other,High school,True,2984.8571697090165,Single,6,Property crime,Non-violent,17.180892567241365,2018-10-31,House arrest,0
18,44.59690080458486,Female,Black,Graduate school,False,4986.09922449148,Widowed,9,Theft,Violent,16.555069427649798,2018-10-31,House arrest,0
19,36.83151336339114,Male,Hispanic,Graduate school,True,3395.105386096213,Divorced,10,Assault,Violent,23.45842626925159,2018-10-31,House arrest,0
20,55.38574630592705,Male,Hispanic,Bachelor's,True,2295.449511879254,Divorced,8,Assault,Non-violent,-0.815979302154509,2018-10-31,House arrest,0
21,40.10763522843365,Female,White,Graduate school,True,1439.4516506309128,Single,7,Assault,Violent,15.774356859427588,2018-10-31,House arrest,0
22,44.56627140514609,Female,White,Some college,True,2365.6301101819517,Married,9,Murder,Non-violent,9.932072355100125,2018-10-31,House arrest,1
23,38.95145939858269,Male,Other,High school,True,3172.4597103180276,Widowed,7,Violent crime,Non-violent,-10.965275047847323,2018-10-31,House arrest,1
24,27.748458923781655,Male,Other,Bachelor's,True,473.2484245148041,Widowed,7,Murder,Non-violent,-11.177253693374233,2018-10-31,House arrest,0
25,47.77802597323716,Female,Other,High school,True,2931.318049369073,Widowed,3,Murder,Non-violent,10.265788218026985,2018-10-31,House arrest,0
26,33.03995709969636,Male,Black,Bachelor's,False,1026.36044360235,Married,8,Assault,Non-violent,-8.81532980864321,2018-10-31,House arrest,1
27,36.26069544913076,Male,White,Bachelor's,False,723.0661533196153,Widowed,9,Murder,Violent,10.160361776669276,2018-10-31,House arrest,1
28,26.663582021462812,Male,Black,Some college,False,1948.8119793603514,Married,1,Drug possession,Violent,2.207881537070295,2018-10-31,House arrest,1
29,30.406596824163,Female,White,Bachelor's,True,1895.1257711097196,Married,5,Violent crime,Violent,11.725079283466165,2018-10-31,House arrest,0
30,30.331910629549668,Female,Hispanic,Graduate school,False,2452.915950314238,Married,3,Property crime,Violent,13.319177737095714,2018-10-31,House arrest,1
31,46.99709154892402,Female,White,Bachelor's,True,2561.6334869433936,Married,6,Property crime,Violent,2.0981634810376466,2018-10-31,House arrest,0
32,54.5921698097386,Male,Hispanic,Graduate school,True,3855.954991987116,Widowed,5,Drug possession,Violent,4.263895227688007,2018-10-31,House arrest,0
33,42.926215300737795,Female,Other,Some college,True,3710.6443419998172,Married,7,Assault,Non-violent,5.51868114037068,2018-10-31,House arrest,1
34,51.266419136146915,Female,Other,High school,True,2930.3594105262837,Single,4,Violent crime,Non-violent,-4.2905191451400135,2018-10-31,House arrest,0
35,24.2654945509926,Male,Hispanic,Bachelor's,False,3235.2876689237883,Widowed,3,Property crime,Violent,5.4874647363933455,2018-10-31,House arrest,0
36,44.16188397692908,Female,Hispanic,Bachelor's,False,2908.124797787087,Single,0,Property crime,Violent,6.275715219697982,2018-10-31,House arrest,1
37,50.17471800929236,Female,Hispanic,Bachelor's,True,1848.1500446109874,Widowed,1,Murder,Non-violent,-12.889605549029984,2018-10-31,House arrest,0
38,58.39226726939346,Female,Other,Some college,True,2542.2779678180946,Divorced,7,Assault,Violent,0.6510028647757684,2018-10-31,House arrest,0
39,58.62063456409807,Male,Hispanic,Bachelor's,True,1190.7051991471922,Married,9,Murder,Non-violent,2.1364341965895424,2018-10-31,House arrest,0
40,60.049287957514345,Female,Hispanic,Bachelor's,True,3773.1624400925,Single,7,Murder,Non-violent,-8.64164012526697,2018-10-31,House arrest,0
41,49.722823730206734,Female,Other,High school,True,3341.918524572784,Divorced,9,Theft,Non-violent,15.331887371286395,2018-10-31,House arrest,0
42,40.37893030994374,Female,Black,High school,False,1142.9312325111946,Single,9,Violent crime,Violent,6.190078394630416,2018-10-31,House arrest,1
43,35.60088229473142,Male,White,High school,False,3642.7016638777004,Single,7,Violent crime,Violent,13.771302953783547,2018-10-31,House arrest,1
44,42.40278242376813,Male,Black,Graduate school,True,2516.175124453959,Divorced,6,Murder,Violent,5.075792929672161,2018-10-31,House arrest,0
45,29.53296156665164,Male,Hispanic,Some college,False,2427.57616772861,Divorced,8,Theft,Non-violent,8.43160198242556,2018-10-31,House arrest,1
46,60.12401242572538,Female,Hispanic,Bachelor's,False,4074.893258360963,Widowed,2,Violent crime,Non-violent,-2.8746645382839775,2018-10-31,House arrest,0
47,32.83554497411997,Male,Other,Bachelor's,True,2081.6994632587366,Widowed,4,Property crime,Violent,23.46448703908085,2018-10-31,House arrest,0
48,44.88283531430786,Female,Other,Bachelor's,False,1835.3357524845412,Single,5,Drug possession,Non-violent,-1.4417664471604752,2018-10-31,House arrest,1
49,69.20294216968173,Male,Black,Graduate school,True,2005.8526258322138,Divorced,0,Assault,Non-violent,10.178284768287599,2018-10-31,House arrest,0
50,42.67604222766193,Female,Other,Some college,False,3705.3214576154933,Married,10,Theft,Violent,-12.67630744847163,2018-10-31,House arrest,1
51,47.41124270042425,Male,Black,Graduate school,True,2656.8707815899324,Single,3,Property crime,Non-violent,4.873246478189474,2018-10-31,House arrest,0
52,44.60661659290133,Female,Other,High school,True,2147.3542325468775,Divorced,3,Murder,Non-violent,10.804422214247001,2018-10-31,House arrest,1
53,39.55207039000181,Male,Hispanic,Bachelor's,True,2188.1624511550444,Widowed,5,Violent crime,Violent,-7.685755163810693,2018-10-31,House arrest,0
54,36.00320544485812,Male,White,Bachelor's,False,2438.4245216313543,Divorced,1,Murder,Non-violent,11.828141674238264,2018-10-31,House arrest,1
55,39.67642903986774,Male,Hispanic,High school,False,3273.3305076561724,Married,1,Drug possession,Violent,6.6327521394111475,2018-10-31,House arrest,1
56,44.45466675323258,Female,Black,Bachelor's,False,2969.523368609823,Widowed,2,Murder,Violent,-4.870068149197754,2018-10-31,House arrest,1
57,38.33357793704357,Female,Hispanic,Graduate school,True,1490.540271073416,Married,6,Assault,Non-violent,10.074463303541956,2018-10-31,House arrest,0
58,57.11665866539114,Female,Other,Graduate school,True,2851.390630673396,Married,0,Assault,Non-violent,4.606803521419164,2018-10-31,House arrest,0
59,23.548255200737604,Female,White,Some college,True,2582.9218871757803,Single,9,Drug possession,Non-violent,4.6537696554416925,2018-10-31,House arrest,1
60,42.682185920813694,Male,Hispanic,Graduate school,False,4267.234082378682,Single,9,Theft,Violent,8.586170705090247,2018-10-31,House arrest,0
61,50.55059137052396,Male,White,Some college,False,1652.7197629155767,Widowed,9,Violent crime,Violent,12.675230301070746,2018-10-31,House arrest,1
62,36.86210555865242,Female,Hispanic,High school,False,1580.387034386286,Widowed,5,Murder,Non-violent,3.4042271942180014,2018-10-31,House arrest,1
63,56.37275488144023,Female,White,Graduate school,False,2926.3497328564604,Widowed,8,Violent crime,Non-violent,11.775398504806322,2018-10-31,House arrest,1
64,29.675903954965555,Male,Black,Graduate school,True,3925.8418747501414,Widowed,3,Assault,Non-violent,-1.3204816337275913,2018-10-31,House arrest,0
65,33.84027532692706,Male,White,Bachelor's,True,1201.5614175454657,Widowed,2,Drug possession,Non-violent,14.152968360495867,2018-10-31,House arrest,0
66,49.3727067826945,Male,Hispanic,Graduate school,True,2105.6482171466205,Single,7,Property crime,Violent,2.122157290108259,2018-10-31,House arrest,0
67,38.91594486265579,Female,Black,Some college,True,2861.9870748208796,Widowed,9,Drug possession,Violent,15.69805394902517,2018-10-31,House arrest,1
68,32.133695448771796,Female,Hispanic,Graduate school,True,2419.857568872523,Divorced,10,Assault,Violent,8.116604155490394,2018-10-31,House arrest,0
69,55.910025333341665,Female,Other,Graduate school,True,2730.2170255682768,Divorced,4,Property crime,Violent,7.8342245463380005,2018-10-31,House arrest,0
70,41.88550107443183,Male,Hispanic,High school,True,3391.0231291911186,Single,4,Assault,Violent,10.717435238176318,2018-10-31,House arrest,1
71,27.11599166013566,Male,Black,Graduate school,True,1512.1473840489436,Single,7,Theft,Violent,31.447667872204686,2018-10-31,House arrest,0
72,37.41593530111836,Male,Black,Bachelor's,True,2331.9621891483544,Single,9,Drug possession,Violent,3.2301963265239064,2018-10-31,House arrest,0
73,30.57979843504927,Male,Hispanic,High school,True,2425.377527332529,Divorced,0,Property crime,Non-violent,23.26703464114182,2018-10-31,House arrest,1
74,16.567337179431693,Female,Other,Bachelor's,True,2100.795540038098,Married,3,Drug possession,Non-violent,11.799517010122184,2018-10-31,House arrest,0
75,36.777743032289855,Female,Black,Some college,False,2436.797303732801,Married,0,Theft,Violent,12.568017678514742,2018-10-31,House arrest,1
76,35.13525761987306,Female,Hispanic,High school,False,1638.7924016432457,Widowed,9,Theft,Non-violent,3.830713477309449,2018-10-31,House arrest,1
77,55.33497962831818,Male,Black,Some college,True,1857.3422380004872,Single,5,Drug possession,Non-violent,13.62126543952655,2018-10-31,House arrest,0
78,34.339378946535035,Male,Black,Graduate school,False,3044.648581245154,Married,6,Assault,Non-violent,-0.3811235146769052,2018-10-31,House arrest,0
79,48.722260163445306,Female,White,Bachelor's,True,2693.1086536526423,Married,1,Property crime,Non-violent,-6.456627998985711,2018-10-31,House arrest,0
80,46.40407644348569,Male,Other,High school,False,3096.2025992660992,Married,4,Property crime,Violent,12.048850678665506,2018-10-31,House arrest,0
81,51.13466690946452,Female,White,High school,True,2260.468051145781,Widowed,7,Property crime,Non-violent,-0.9352185453961068,2018-10-31,House arrest,0
82,56.69458318365945,Female,Other,Bachelor's,True,1116.881302282462,Widowed,6,Assault,Violent,27.192883141664947,2018-10-31,House arrest,0
83,41.932500460015476,Female,Other,Some college,True,2429.760879914551,Married,5,Murder,Non-violent,1.9067444041042174,2018-10-31,House arrest,1
84,32.37526179393828,Male,Hispanic,Some college,False,2468.7621021383156,Single,2,Assault,Non-violent,20.71674602717023,2018-10-31,House arrest,1
85,38.90957249191054,Male,Black,Graduate school,True,3027.82954418336,Widowed,4,Violent crime,Violent,0.8046247698222491,2018-10-31,House arrest,0
86,25.98516646866553,Male,White,Graduate school,False,1545.6749596928441,Divorced,4,Drug possession,Non-violent,14.730024832777755,2018-10-31,House arrest,1
87,51.144705013647524,Female,Black,Graduate school,False,2304.8645764286453,Married,10,Assault,Violent,-3.0590761204735664,2018-10-31,House arrest,1
88,33.65809302642545,Male,Hispanic,Some college,True,1256.9711004422193,Widowed,3,Assault,Non-violent,-8.691150984762743,2018-10-31,House arrest,1
89,50.214038770641324,Female,Black,Graduate school,False,1984.201837681618,Single,3,Murder,Violent,5.344287807704547,2018-10-31,House arrest,1
90,49.2900717117506,Male,Hispanic,High school,False,3808.2606073466486,Married,4,Violent crime,Violent,13.717648707692751,2018-10-31,House arrest,0
91,58.85611911176491,Male,Hispanic,Graduate school,False,4345.484691896331,Widowed,0,Murder,Non-violent,9.788446682766555,2018-10-31,House arrest,0
92,30.771232992248244,Female,Black,Graduate school,False,1928.542878630148,Married,2,Assault,Violent,-2.0162991113821107,2018-10-31,House arrest,1
93,35.68134049893065,Male,White,High school,False,3091.598838806421,Divorced,1,Assault,Violent,16.907586473673003,2018-10-31,House arrest,1
94,20.865521501508756,Female,Hispanic,Some college,True,2484.196636349488,Married,8,Property crime,Non-violent,-6.286465238086645,2018-10-31,House arrest,1
95,40.67062074979435,Female,Other,Some college,True,3385.6271556532406,Married,9,Assault,Non-violent,19.422166236391387,2018-10-31,House arrest,1
96,46.56906082412118,Male,Other,High school,False,2692.5290146695543,Married,4,Drug possession,Violent,18.110256338638706,2018-10-31,House arrest,1
97,41.90219313710234,Female,Hispanic,Graduate school,False,3378.6432272312286,Married,3,Murder,Non-violent,4.872838889486615,2018-10-31,House arrest,0
98,38.793436885358574,Female,Black,Bachelor's,True,2432.466839285884,Single,0,Violent crime,Violent,0.3489235702885125,2018-10-31,House arrest,0
99,42.907479515463855,Female,White,High school,True,3062.1917718316313,Widowed,5,Assault,Non-violent,31.84686226445979,2018-10-31,House arrest,1
100,43.99313481165312,Male,Other,Some college,True,3968.8430380354603,Divorced,2,Assault,Non-violent,9.383530374091904,2018-10-31,House arrest,1
101,32.74749140865552,Female,Other,High school,True,2221.3932751274597,Divorced,1,Murder,Non-violent,15.586160753644595,2018-10-31,House arrest,1
102,55.641185286059816,Male,Black,Bachelor's,False,1525.565651434616,Widowed,10,Property crime,Non-violent,4.186620311644305,2018-10-31,House arrest,1
103,48.73177204464112,Male,White,Some college,True,2848.107513148206,Widowed,1,Property crime,Non-violent,18.097033451482794,2018-10-31,House arrest,0
104,54.52664759774632,Male,Hispanic,Graduate school,False,1140.3943094791985,Widowed,4,Murder,Non-violent,-7.376729841302144,2018-10-31,House arrest,1
105,28.968963661487123,Male,Black,High school,False,2818.0980875882933,Single,1,Theft,Non-violent,1.400897233973959,2018-10-31,House arrest,1
106,52.68283765629491,Female,White,High school,False,1871.759648074614,Married,8,Violent crime,Violent,12.963863344635904,2018-10-31,House arrest,1
107,55.474507770241175,Female,Black,Some college,True,3087.0804521505943,Divorced,6,Property crime,Non-violent,-1.2702049683946095,2018-10-31,House arrest,0
108,15.820048599835943,Female,Other,High school,True,1800.9096326541196,Married,4,Property crime,Non-violent,30.406582729898343,2018-10-31,House arrest,1
109,42.57743178193001,Female,Other,Graduate school,True,5699.962705387539,Married,10,Assault,Violent,15.884264067697597,2018-10-31,House arrest,0
110,38.90364835651953,Male,Other,Graduate school,False,2570.2472605350104,Widowed,0,Drug possession,Non-violent,-3.3001987402549595,2018-10-31,House arrest,1
111,34.21262399715295,Female,Hispanic,Graduate school,True,2589.2026748301832,Single,0,Theft,Violent,16.73248870160468,2018-10-31,House arrest,0
112,25.379344234758335,Female,Hispanic,Some college,True,1881.0019235276554,Single,9,Property crime,Violent,11.631578589161936,2018-10-31,House arrest,1
113,39.645214510125335,Female,Hispanic,High school,True,3620.2475642199875,Married,1,Violent crime,Non-violent,16.50800121258953,2018-10-31,House arrest,1
114,28.358869454134865,Female,Hispanic,High school,True,3809.297445334216,Single,6,Theft,Violent,5.331760299525389,2018-10-31,House arrest,1
115,44.93699726112875,Female,Hispanic,High school,True,3066.740352550309,Divorced,5,Assault,Violent,19.984085063509532,2018-10-31,House arrest,1
116,29.564180048588,Female,Black,Bachelor's,False,2363.371832517051,Married,10,Theft,Non-violent,-7.815534095235435,2018-10-31,House arrest,1
117,43.56090353653695,Female,White,Bachelor's,False,3795.8050399792696,Widowed,6,Drug possession,Non-violent,9.599628385586502,2018-10-31,House arrest,0
118,41.05837960926775,Male,Black,High school,True,3024.022309602767,Married,5,Assault,Violent,9.321906461810885,2018-10-31,House arrest,1
119,22.241550104615474,Female,Hispanic,Bachelor's,False,3048.9615247275424,Widowed,10,Murder,Non-violent,12.475894066864662,2018-10-31,House arrest,0
120,40.34414225690427,Male,Hispanic,Bachelor's,True,1230.7046355039558,Divorced,8,Assault,Violent,0.44207329473643586,2018-10-31,House arrest,0
121,51.18104245138064,Male,Hispanic,Bachelor's,False,2991.505096177477,Married,8,Property crime,Non-violent,7.973710880887433,2018-10-31,House arrest,1
122,43.60604271735309,Female,Black,Some college,False,1843.558659070351,Single,3,Violent crime,Non-violent,6.365121254327708,2018-10-31,House arrest,1
123,48.62832829338971,Male,Black,Graduate school,True,2956.0295045142066,Single,8,Drug possession,Violent,2.6131211240063505,2018-10-31,House arrest,0
124,44.40299338599381,Female,White,Graduate school,False,1990.7425074795292,Married,9,Theft,Violent,12.527724406587925,2018-10-31,House arrest,1
125,49.8835148173352,Female,White,Graduate school,False,1670.5640259901493,Widowed,7,Violent crime,Violent,24.665930959791623,2018-10-31,House arrest,1
126,34.233693855044145,Male,Black,Some college,True,3476.2589092791104,Widowed,10,Violent crime,Violent,3.292204736031003,2018-10-31,House arrest,1
127,36.44781398793381,Male,Black,Graduate school,True,3068.300845452683,Single,8,Assault,Violent,5.769904931393685,2018-10-31,House arrest,0
128,31.07581755922162,Female,Other,High school,True,2436.707275811577,Single,8,Murder,Violent,4.239976752872249,2018-10-31,House arrest,1
129,31.63135391902907,Male,Black,Graduate school,False,2943.56223826818,Single,7,Theft,Non-violent,17.14667678198938,2018-10-31,House arrest,1
130,38.53476450882661,Female,Black,High school,False,1539.5671038924686,Divorced,5,Assault,Violent,10.643077125734926,2018-10-31,House arrest,1
131,31.20540225241573,Female,White,Graduate school,True,2975.222095126496,Widowed,9,Murder,Non-violent,1.5678296262678764,2018-10-31,House arrest,0
132,23.66465989430264,Female,Other,Bachelor's,False,2468.514535030521,Single,10,Assault,Violent,0.6654144191457014,2018-10-31,House arrest,1
133,47.37410515624241,Male,White,Some college,True,2391.6887177400595,Divorced,10,Violent crime,Non-violent,-11.281911846957144,2018-10-31,House arrest,0
134,32.11490881678165,Male,Hispanic,Bachelor's,True,1398.5793021839934,Married,10,Violent crime,Non-violent,28.188881103641535,2018-10-31,House arrest,0
135,44.98793542772504,Male,White,Some college,True,2042.7835861319563,Divorced,5,Violent crime,Violent,7.5875183855028965,2018-10-31,House arrest,1
136,26.20919695756139,Female,Other,Graduate school,False,2457.2043509505775,Married,0,Assault,Non-violent,-19.166413012624595,2018-10-31,House arrest,1
137,36.341124537974395,Female,Black,Bachelor's,False,2894.653541197283,Single,8,Theft,Non-violent,-0.5985537903523772,2018-10-31,House arrest,1
138,44.34921236274662,Female,Other,High school,False,1175.833339146416,Single,9,Theft,Violent,15.03306601693887,2018-10-31,House arrest,1
139,34.93662008163977,Male,White,High school,False,2294.7288538284315,Divorced,3,Drug possession,Non-violent,8.72299940490897,2018-10-31,House arrest,1
140,30.434112865397346,Male,Hispanic,Graduate school,True,3505.5765692785267,Married,5,Theft,Non-violent,2.2861275506961447,2018-10-31,House arrest,0
141,32.14817621326886,Female,Other,Some college,False,2064.0560330017706,Divorced,4,Violent crime,Violent,7.294307014058475,2018-10-31,House arrest,1
142,22.838777974118432,Female,Black,Graduate school,True,3572.891710881133,Single,10,Murder,Non-violent,-3.0848898746541398,2018-10-31,House arrest,0
143,56.569811026899664,Male,Black,Some college,False,1560.7631757027802,Single,4,Murder,Non-violent,6.923574855246446,2018-10-31,House arrest,1
144,25.943887188021307,Female,Hispanic,High school,True,4882.757401059352,Single,10,Drug possession,Violent,-12.313202221975942,2018-10-31,House arrest,1
145,36.46661645053381,Male,Hispanic,Graduate school,False,801.189349858801,Widowed,6,Theft,Non-violent,-3.376631964123238,2018-10-31,House arrest,1
146,38.617594345572094,Male,Other,Some college,True,2505.1342500581754,Divorced,3,Property crime,Violent,4.516793782957301,2018-10-31,House arrest,1
147,53.523501774213145,Male,Hispanic,Some college,False,1359.0028887840222,Married,8,Property crime,Non-violent,1.1277729257688773,2018-10-31,House arrest,1
148,45.722660494632336,Male,Hispanic,Bachelor's,False,2603.957660720411,Divorced,8,Property crime,Non-violent,-12.491184676026762,2018-10-31,House arrest,1
149,41.18235690181014,Male,White,Some college,True,1117.072528614079,Single,1,Assault,Non-violent,-6.119341762414145,2018-10-31,House arrest,1
150,43.59477791838967,Male,Black,High school,True,3636.591533597252,Married,8,Assault,Violent,18.649484104415414,2018-10-31,House arrest,1
151,40.922604763057954,Female,Hispanic,Some college,False,2774.5368830199986,Single,5,Drug possession,Non-violent,9.172275899830536,2018-10-31,House arrest,1
152,40.13940157012747,Male,Hispanic,High school,True,4579.855800374593,Divorced,3,Property crime,Violent,7.013862381873876,2018-10-31,House arrest,1
153,31.958692968420795,Male,White,Some college,False,2598.5200852418925,Widowed,4,Violent crime,Non-violent,12.16222307634225,2018-10-31,House arrest,1
154,43.233656165515754,Male,White,High school,True,3801.4573111769387,Divorced,4,Theft,Non-violent,23.576521046333227,2018-10-31,House arrest,1
155,51.315791022678404,Female,White,Some college,True,236.78991555049743,Single,0,Violent crime,Violent,10.224541126370962,2018-10-31,House arrest,0
156,40.520848554776,Male,Black,Some college,False,2729.706830088111,Married,8,Drug possession,Violent,3.2170470678527883,2018-10-31,House arrest,1
157,45.62937690335784,Male,Black,Graduate school,True,964.9485038787716,Widowed,9,Drug possession,Non-violent,-8.009276449414575,2018-10-31,House arrest,0
158,53.85002972781129,Female,Black,Some college,True,2882.5608635702765,Single,5,Murder,Non-violent,10.005127161164385,2018-10-31,House arrest,0
159,48.42902837883718,Male,Black,Some college,False,3281.6819148387904,Divorced,6,Drug possession,Violent,4.027962627376625,2018-10-31,House arrest,0
160,34.25032000335315,Female,Other,High school,False,3957.1113880725243,Single,0,Violent crime,Non-violent,8.253339089423752,2018-10-31,House arrest,1
161,39.35555644646052,Female,Other,Graduate school,True,3180.7177531218804,Single,9,Assault,Non-violent,-0.6028544316695639,2018-10-31,House arrest,0
162,45.49095850727141,Male,Other,Some college,True,2946.881456723214,Widowed,10,Assault,Violent,5.5860690372218,2018-10-31,House arrest,0
163,21.717924294659937,Female,Black,Graduate school,False,4138.624516612664,Married,4,Assault,Violent,14.37083733829139,2018-10-31,House arrest,0
164,43.270071180351245,Male,White,Bachelor's,True,3147.4189642641836,Married,5,Property crime,Violent,4.554549366864331,2018-10-31,House arrest,0
165,46.51405632953483,Female,White,High school,False,3876.3928924880565,Married,9,Assault,Non-violent,19.804555454825383,2018-10-31,House arrest,0
166,57.77408386552808,Female,Hispanic,Bachelor's,False,3762.4094905895545,Divorced,10,Property crime,Violent,4.8785439485266,2018-10-31,House arrest,0
167,32.360869077916554,Female,Other,Bachelor's,False,2485.4406116117348,Single,1,Murder,Non-violent,4.650198473006327,2018-10-31,House arrest,1
168,25.06739699566429,Male,Black,Some college,True,2346.515583545748,Divorced,5,Theft,Non-violent,-1.6082140940549774,2018-10-31,House arrest,1
169,23.83042130423659,Female,White,Graduate school,True,4376.683529898021,Married,6,Drug possession,Violent,15.684173635889977,2018-10-31,House arrest,0
170,43.65234317518868,Female,Black,Bachelor's,False,2458.566491557316,Divorced,3,Theft,Violent,8.025759579066548,2018-10-31,House arrest,1
171,45.88828840132269,Male,Hispanic,Bachelor's,True,2016.4065473626024,Divorced,3,Violent crime,Violent,4.8563602171436235,2018-10-31,House arrest,0
172,55.033868385945084,Male,Hispanic,Some college,False,2648.36759974754,Single,1,Assault,Non-violent,4.879396045410388,2018-10-31,House arrest,1
173,40.47058492813208,Male,Other,High school,False,4471.885925272025,Married,6,Murder,Non-violent,6.881518330705595,2018-10-31,House arrest,1
174,36.48943498787206,Female,Other,High school,True,2087.5594608901883,Divorced,6,Theft,Non-violent,-7.815132437437075,2018-10-31,House arrest,1
175,26.20580848453021,Female,Black,Graduate school,False,1604.420243223531,Married,4,Murder,Non-violent,6.761987276934507,2018-10-31,House arrest,1
176,59.39851536804552,Female,Other,Graduate school,False,2077.884556152271,Single,8,Drug possession,Violent,-9.548804676356351,2018-10-31,House arrest,1
177,45.179055007748616,Female,Hispanic,Bachelor's,True,2659.965537605372,Single,3,Property crime,Violent,25.75541374523055,2018-10-31,House arrest,0
178,41.23299715208749,Male,Hispanic,Bachelor's,False,2532.187766104003,Divorced,7,Property crime,Violent,11.22350925063291,2018-10-31,House arrest,1
179,29.984861855430726,Male,White,High school,True,1927.4688277281143,Widowed,1,Drug possession,Non-violent,-1.94212380671373,2018-10-31,House arrest,1
180,44.16971893984353,Female,Other,Graduate school,False,592.3116988133679,Single,0,Murder,Violent,21.425663250818495,2018-10-31,House arrest,1
181,22.786573770657405,Female,Other,High school,False,1788.9518666719869,Single,9,Assault,Violent,9.993288324846269,2018-10-31,House arrest,1
182,24.35339147488599,Female,Hispanic,Some college,False,1826.4103736248849,Widowed,1,Property crime,Violent,32.21164471505692,2018-10-31,House arrest,1
183,33.67795000001699,Male,White,Graduate school,True,494.6770030534178,Widowed,5,Assault,Violent,2.064668829585025,2018-10-31,House arrest,0
184,31.395689111623348,Female,Other,High school,True,2241.7187636611093,Married,0,Violent crime,Non-violent,30.0750875350661,2018-10-31,House arrest,1
185,41.1218032853007,Female,Other,Bachelor's,False,3287.1775974959723,Divorced,8,Violent crime,Violent,1.968381335528739,2018-10-31,House arrest,0
186,53.783076706598465,Male,Black,Bachelor's,True,2518.646265025014,Divorced,3,Assault,Violent,-15.459104129071221,2018-10-31,House arrest,0
187,49.9521718650493,Male,White,Some college,False,1219.7705222957272,Widowed,7,Violent crime,Violent,6.609170479728254,2018-10-31,House arrest,1
188,38.56824454453487,Male,Black,Graduate school,True,1481.5775051154064,Widowed,2,Property crime,Non-violent,17.347208862035796,2018-10-31,House arrest,0
189,41.5741814629509,Female,Hispanic,High school,False,2016.2364717583569,Married,8,Drug possession,Violent,-6.255761736984116,2018-10-31,House arrest,1
190,32.45202700625449,Female,Other,Graduate school,False,3058.7608566517233,Married,9,Drug possession,Violent,15.467369163614002,2018-10-31,House arrest,0
191,41.27302447689458,Male,Black,Bachelor's,True,4347.699889645437,Widowed,0,Drug possession,Violent,4.767658202804387,2018-10-31,House arrest,0
192,34.32447300580748,Female,Other,High school,True,3825.1021890165975,Divorced,5,Murder,Violent,18.06159061527382,2018-10-31,House arrest,1
193,36.35852809268006,Male,Black,High school,False,3428.8863939908438,Widowed,9,Murder,Violent,2.4256752028309654,2018-10-31,House arrest,1
194,33.19653847435835,Male,Other,Bachelor's,True,-320.70190555518775,Married,9,Violent crime,Violent,19.79198930166109,2018-10-31,House arrest,0
195,34.021319797042146,Female,Black,Bachelor's,False,1837.3146462553434,Single,10,Murder,Violent,12.301859399753575,2018-10-31,House arrest,1
196,33.62703790254312,Male,Other,Bachelor's,False,2625.026370705877,Divorced,3,Violent crime,Non-violent,-1.8735722818137361,2018-10-31,House arrest,1
197,32.93934606727966,Female,Black,Graduate school,False,1282.421795735159,Divorced,8,Assault,Non-violent,1.1271251229429642,2018-10-31,House arrest,1
198,35.44536478110328,Female,Black,Bachelor's,True,1805.2647600789692,Widowed,0,Murder,Violent,-7.779666334841114,2018-10-31,House arrest,0
199,59.88101760800167,Female,Hispanic,High school,True,2831.8391233259545,Married,8,Violent crime,Non-violent,2.7350719568307187,2018-10-31,House arrest,0
200,27.858196120001615,Male,Hispanic,Bachelor's,False,2601.8209792712946,Widowed,4,Property crime,Violent,-3.665159206208859,2018-10-31,House arrest,1
201,41.76592450988805,Female,Black,High school,False,115.70785718375237,Divorced,9,Assault,Violent,-2.4607853226796443,2018-10-31,House arrest,1
202,53.828594788969845,Male,Hispanic,High school,False,4056.280382263163,Divorced,7,Violent crime,Violent,17.972947743310243,2018-10-31,House arrest,0
203,40.411279990510586,Male,White,Graduate school,False,3700.1492592857667,Single,3,Theft,Non-violent,17.090880854733978,2018-10-31,House arrest,0
204,54.46288566821034,Female,Other,Some college,False,2830.956391406426,Married,10,Property crime,Non-violent,3.7262179790456864,2018-10-31,House arrest,1
205,40.77584118565553,Female,White,Graduate school,True,917.3013527980609,Widowed,7,Violent crime,Non-violent,0.3222137002915124,2018-10-31,House arrest,0
206,52.78269623642389,Female,Black,Graduate school,True,2286.191618176285,Widowed,6,Assault,Violent,-1.6847281144069193,2018-10-31,House arrest,0
207,36.44188485947962,Female,White,Bachelor's,True,2080.359255196227,Divorced,8,Drug possession,Non-violent,20.015445744794068,2018-10-31,House arrest,0
208,36.75267214537616,Female,Hispanic,Bachelor's,True,3025.2221252620843,Single,4,Murder,Violent,6.164118814948466,2018-10-31,House arrest,0
209,29.24525092979878,Female,Hispanic,Graduate school,True,1775.2607044951483,Widowed,3,Drug possession,Non-violent,-1.0214180776004556,2018-10-31,House arrest,0
210,47.31722804602741,Female,Hispanic,Graduate school,False,2735.491240966255,Single,3,Murder,Non-violent,12.974615565178684,2018-10-31,House arrest,1
211,53.58785121866143,Female,White,High school,False,2771.6434077041326,Single,8,Violent crime,Non-violent,11.746637909051254,2018-10-31,House arrest,1
212,27.866301932672556,Female,Black,Some college,False,4555.469600174492,Widowed,0,Property crime,Non-violent,2.1780790239823027,2018-10-31,House arrest,1
213,38.17625974050612,Female,Hispanic,High school,False,312.56482991608937,Married,10,Murder,Violent,-3.483724316875122,2018-10-31,House arrest,1
214,38.53275881011599,Male,Hispanic,High school,True,2295.1364256217466,Divorced,3,Violent crime,Violent,-19.711416473932466,2018-10-31,House arrest,1
215,37.91852649109295,Female,Other,Bachelor's,False,3956.1856849203377,Divorced,4,Violent crime,Violent,4.604397553642981,2018-10-31,House arrest,0
216,53.19210333860121,Female,White,High school,True,3875.8779392145816,Single,0,Drug possession,Non-violent,-1.935113923909019,2018-10-31,House arrest,0
217,48.0153440984779,Female,White,High school,True,454.53722150640715,Widowed,7,Assault,Violent,0.34888992792789875,2018-10-31,House arrest,0
218,41.663832118190655,Male,White,Bachelor's,False,2733.336611979636,Divorced,7,Violent crime,Non-violent,4.36818451734446,2018-10-31,House arrest,1
219,32.07426197496025,Male,Black,Graduate school,False,2173.225965634835,Divorced,5,Drug possession,Violent,1.0894950630146765,2018-10-31,House arrest,1
220,21.738059392099498,Female,Black,High school,False,3652.7716673701307,Married,2,Assault,Non-violent,23.421218245173215,2018-10-31,House arrest,1
221,26.865689008934552,Female,Hispanic,High school,False,5059.35393891171,Married,7,Assault,Non-violent,-2.273900414077188,2018-10-31,House arrest,1
222,36.534563372957145,Female,Other,High school,False,4191.091142373757,Single,5,Property crime,Violent,11.716926410490816,2018-10-31,House arrest,1
223,32.251297315057,Female,Hispanic,Bachelor's,False,2680.375006802437,Married,2,Theft,Violent,-4.6979434620672365,2018-10-31,House arrest,1
224,48.41651715023914,Male,Other,Graduate school,True,1828.7312262385974,Widowed,3,Murder,Non-violent,9.362552971905787,2018-10-31,House arrest,0
225,42.38931791571258,Male,Hispanic,Bachelor's,True,1032.228579537232,Single,2,Drug possession,Non-violent,17.849946362850098,2018-10-31,House arrest,0
226,50.59116262322953,Male,Black,Bachelor's,True,1927.6949626895514,Widowed,3,Property crime,Violent,11.987111557874455,2018-10-31,House arrest,0
227,32.002537977810995,Female,Black,Bachelor's,True,3227.797728473549,Single,4,Murder,Violent,-10.940732515847678,2018-10-31,House arrest,0
228,35.82063818546352,Female,White,High school,True,4602.517153348773,Married,3,Violent crime,Violent,-22.900355821446524,2018-10-31,House arrest,1
229,36.33767894913169,Female,Other,Graduate school,False,1576.8185276914433,Divorced,5,Theft,Violent,8.07787433309456,2018-10-31,House arrest,1
230,51.05674021757761,Male,Other,Bachelor's,True,2886.350530602277,Widowed,2,Drug possession,Non-violent,-11.271171387392485,2018-10-31,House arrest,0
231,49.057304644382405,Male,Hispanic,Bachelor's,True,2795.7139040911657,Widowed,9,Theft,Violent,15.117282876738667,2018-10-31,House arrest,0
232,29.56252444241415,Female,Hispanic,Bachelor's,False,807.0488766607889,Widowed,3,Assault,Non-violent,17.81272884964571,2018-10-31,House arrest,1
233,19.057857478333812,Female,White,Some college,False,2527.5779582744053,Divorced,9,Violent crime,Non-violent,26.558081351139723,2018-10-31,House arrest,1
234,58.1359921803678,Male,Other,Some college,True,3003.1178566599056,Divorced,8,Murder,Violent,2.350372611051455,2018-10-31,House arrest,0
235,38.49516678883935,Female,Hispanic,Bachelor's,False,2307.0659114822206,Divorced,8,Property crime,Non-violent,6.120297905337288,2018-10-31,House arrest,1
236,32.39411206708514,Male,Black,Bachelor's,False,3366.9489823265626,Single,2,Murder,Violent,-3.3022795919123222,2018-10-31,House arrest,0
237,35.66038161272043,Male,Hispanic,Bachelor's,True,1246.03236028565,Married,8,Theft,Non-violent,-14.1431084749252,2018-10-31,House arrest,0
238,43.591154524801674,Female,Hispanic,Some college,True,3829.919471742077,Widowed,5,Theft,Violent,-4.838869556616931,2018-10-31,House arrest,1
239,50.39409450657855,Male,White,High school,False,2702.325345124636,Widowed,4,Drug possession,Violent,-10.977862777726655,2018-10-31,House arrest,1
240,19.827557897708544,Female,Black,Some college,False,2712.97157982051,Divorced,8,Violent crime,Non-violent,-0.12148999807149874,2018-10-31,House arrest,1
241,46.11230834029547,Female,Other,High school,False,3489.8603698787656,Widowed,1,Drug possession,Violent,9.242470359189012,2018-10-31,House arrest,0
242,39.77883640560202,Male,Hispanic,High school,False,749.47902659651,Divorced,1,Violent crime,Non-violent,3.97731164342928,2018-10-31,House arrest,1
243,35.85992758876985,Female,Other,Some college,False,1833.6131954053847,Single,2,Assault,Non-violent,0.07950161138221912,2018-10-31,House arrest,1
244,22.26898669745549,Female,Other,Bachelor's,False,3079.351046222925,Widowed,0,Murder,Non-violent,4.588636443854936,2018-10-31,House arrest,0
245,39.567753628001185,Female,White,High school,False,-238.13242062654354,Single,10,Violent crime,Violent,-1.3349065196845409,2018-10-31,House arrest,1
246,47.80228398963543,Female,Black,Graduate school,False,2639.8162194466827,Divorced,2,Theft,Violent,3.0733348982817335,2018-10-31,House arrest,1
247,47.63933384074366,Male,White,Bachelor's,False,2472.081265382939,Single,0,Murder,Non-violent,0.769567512834211,2018-10-31,House arrest,1
248,28.412584057274167,Female,Hispanic,Graduate school,False,2888.9612558316703,Divorced,4,Violent crime,Violent,20.673253994268634,2018-10-31,House arrest,1
249,25.303792944155006,Male,Other,High school,True,3805.6310299096326,Married,4,Property crime,Non-violent,-2.255952350530931,2018-10-31,House arrest,1
250,12.365144925658832,Male,Black,High school,True,2291.925798011,Married,8,Property crime,Non-violent,-0.2933976864026633,2018-10-31,House arrest,1
251,39.04679865590551,Male,Other,Graduate school,True,2925.6971801255013,Married,6,Murder,Violent,-0.7773084637739638,2018-10-31,House arrest,0
252,54.014820967191454,Female,Black,Some college,True,3024.5668653925095,Widowed,0,Assault,Violent,5.000429214446558,2018-10-31,House arrest,0
253,46.07301795278897,Male,White,Graduate school,True,2557.6261059057233,Widowed,1,Assault,Violent,-4.787120384327217,2018-10-31,House arrest,0
254,24.129985002824036,Female,Other,Some college,True,1832.3356848233666,Divorced,0,Theft,Violent,19.653794138576657,2018-10-31,House arrest,1
255,42.16085564340245,Male,Other,Bachelor's,True,1631.7825625375733,Widowed,4,Theft,Non-violent,11.150498496934539,2018-10-31,House arrest,0
256,50.637670713363114,Female,Hispanic,Some college,True,430.1086452979507,Married,9,Murder,Violent,-4.272183753861535,2018-10-31,House arrest,0
257,43.67142739357552,Male,Black,Some college,False,1548.0291046345371,Widowed,4,Violent crime,Non-violent,4.031018208163938,2018-10-31,House arrest,1
258,30.337468195109295,Male,Hispanic,Bachelor's,True,2914.958249695969,Single,9,Theft,Violent,7.760864378587944,2018-10-31,House arrest,0
259,49.298346592663094,Female,Black,High school,True,2823.4673505000405,Widowed,2,Theft,Violent,-1.5437869201118462,2018-10-31,House arrest,0
260,37.14833447214247,Male,Hispanic,High school,True,2141.108498753443,Divorced,10,Murder,Violent,-2.917245982517578,2018-10-31,House arrest,1
261,22.703173411490553,Male,Other,Bachelor's,False,5386.495646640389,Widowed,3,Drug possession,Non-violent,9.120343506200363,2018-10-31,House arrest,0
262,31.256402408894107,Male,Hispanic,High school,True,1776.7713914294427,Widowed,9,Assault,Non-violent,-5.031640101964532,2018-10-31,House arrest,1
263,47.138922423178215,Female,White,Bachelor's,True,3864.4358632297226,Married,2,Drug possession,Violent,-0.41368244482347194,2018-10-31,House arrest,0
264,35.734650350536846,Male,Hispanic,Some college,False,2401.1266957446937,Widowed,10,Property crime,Violent,12.598123681185811,2018-10-31,House arrest,1
265,40.254478289749805,Male,Other,Bachelor's,False,1925.027956795303,Married,5,Drug possession,Non-violent,6.343156211961474,2018-10-31,House arrest,1
266,51.05385592752903,Female,Other,Some college,True,2772.8943836377107,Single,8,Property crime,Non-violent,13.353882200427286,2018-10-31,House arrest,0
267,47.07088196237193,Female,Hispanic,High school,True,2459.753914792587,Single,4,Assault,Non-violent,1.5309637298953844,2018-10-31,House arrest,0
268,34.3233909820599,Female,White,Some college,True,2773.263226633965,Married,0,Drug possession,Violent,18.05916875965707,2018-10-31,House arrest,1
269,28.090600409222624,Female,Hispanic,Graduate school,True,2843.3231760928124,Divorced,8,Murder,Non-violent,3.520454567818872,2018-10-31,House arrest,0
270,35.3877381746478,Female,White,Graduate school,False,3156.278989227674,Widowed,0,Assault,Violent,19.930421464400265,2018-10-31,House arrest,0
271,30.408294514415648,Male,White,High school,False,3173.4605643243235,Widowed,1,Property crime,Non-violent,-5.6781126713765,2018-10-31,House arrest,1
272,43.33306133372368,Male,Black,High school,False,2294.2782341669645,Married,1,Drug possession,Non-violent,22.44305841411979,2018-10-31,House arrest,1
273,38.07185568526616,Male,Other,Bachelor's,True,2816.554474268567,Single,7,Drug possession,Non-violent,3.1392490106589523,2018-10-31,House arrest,0
274,57.63554743574359,Female,Hispanic,Graduate school,True,-664.9282588745905,Married,4,Drug possession,Violent,15.583113000883325,2018-10-31,House arrest,0
275,26.216075451915426,Female,Other,High school,True,2081.1235043334777,Single,2,Assault,Non-violent,9.76577058573905,2018-10-31,House arrest,1
276,33.05920816077979,Female,Other,High school,True,-96.94879996479631,Single,6,Theft,Violent,1.6596275570084456,2018-10-31,House arrest,1
277,42.91720753483204,Male,Hispanic,Graduate school,True,952.2709655400542,Divorced,7,Assault,Non-violent,14.374184712541544,2018-10-31,House arrest,0
278,43.087333517691874,Male,Other,Graduate school,True,1369.2508744820627,Divorced,2,Violent crime,Non-violent,-5.948357828109534,2018-10-31,House arrest,0
279,37.78449613572717,Male,Black,High school,False,1332.3236421934403,Widowed,7,Property crime,Violent,0.8063271904537697,2018-10-31,House arrest,1
280,46.30196979771181,Female,White,Some college,True,2442.475566775777,Married,3,Property crime,Non-violent,3.481121079662671,2018-10-31,House arrest,0
281,35.90971169308847,Male,Black,Graduate school,True,2118.559851946217,Widowed,4,Violent crime,Non-violent,13.642984413558606,2018-10-31,House arrest,0
282,41.64271967494446,Female,White,High school,False,396.98097780084527,Single,0,Theft,Non-violent,10.678386072732918,2018-10-31,House arrest,1
283,53.80561141918377,Female,Hispanic,Graduate school,True,1129.393224598464,Single,8,Property crime,Non-violent,-1.247322517262556,2018-10-31,House arrest,0
284,44.51581318537739,Male,White,Graduate school,True,2564.0616231897857,Widowed,4,Property crime,Violent,11.29995023306731,2018-10-31,House arrest,0
285,29.641313194137155,Female,White,Some college,False,5176.760101012513,Divorced,6,Violent crime,Violent,-0.25017760728926053,2018-10-31,House arrest,1
286,32.15872548841773,Female,Other,Bachelor's,False,2347.618135386082,Married,6,Murder,Violent,-0.5529128802845804,2018-10-31,House arrest,1
287,54.47823362544966,Male,White,Bachelor's,False,2464.68002959076,Married,1,Property crime,Violent,3.8646068164659924,2018-10-31,House arrest,1
288,34.57423104044257,Female,Black,Bachelor's,False,2706.1401244052176,Married,10,Murder,Violent,15.944620125331951,2018-10-31,House arrest,1
289,60.59635490182595,Female,Hispanic,Some college,True,3539.420580584696,Divorced,1,Murder,Violent,-5.803570095545876,2018-10-31,House arrest,0
290,37.57391835848176,Female,Other,Bachelor's,False,2035.9182016855743,Single,0,Murder,Violent,-0.9776327025994016,2018-10-31,House arrest,1
291,60.25619446989349,Male,White,Bachelor's,True,1731.3231854934425,Married,0,Drug possession,Non-violent,3.0493362898465244,2018-10-31,House arrest,0
292,55.6054727074006,Male,Hispanic,Bachelor's,True,3526.808442239415,Divorced,6,Theft,Violent,6.716029494890398,2018-10-31,House arrest,0
293,34.54470375991732,Male,Other,Bachelor's,True,1870.1196151983695,Married,6,Drug possession,Non-violent,-1.047342084299693,2018-10-31,House arrest,0
294,65.6777320101329,Female,Other,Graduate school,False,2868.8976990698666,Single,2,Violent crime,Violent,14.99146641983447,2018-10-31,House arrest,1
295,27.833932092184913,Male,Other,High school,False,808.2283342897438,Widowed,9,Drug possession,Non-violent,10.416690933506633,2018-10-31,House arrest,1
296,22.43865042017353,Male,Black,Bachelor's,True,1332.4193343793663,Married,2,Assault,Violent,23.521350419281145,2018-10-31,House arrest,0
297,34.29702357383556,Male,Hispanic,Graduate school,False,1830.047475262687,Single,5,Property crime,Non-violent,26.679368462174807,2018-10-31,House arrest,1
298,29.688913675885914,Female,Other,Some college,True,2905.531056875377,Single,4,Murder,Violent,3.4830512081861724,2018-10-31,House arrest,1
299,52.963056081601906,Male,Hispanic,Graduate school,False,1849.530197497229,Widowed,4,Violent crime,Violent,10.064828752305285,2018-10-31,House arrest,1
300,44.555783255415875,Female,Black,Some college,False,1102.3014700734257,Widowed,3,Drug possession,Violent,4.035607327920912,2018-10-31,House arrest,1
301,38.203619992661174,Female,Black,Some college,False,2866.713617753124,Married,8,Property crime,Violent,14.43458614912026,2018-10-31,House arrest,1
302,47.09672747427662,Male,White,Graduate school,False,2361.840381726297,Widowed,7,Theft,Violent,11.66089745373693,2018-10-31,House arrest,1
303,16.022543864973898,Female,Other,Bachelor's,True,2438.9790037923194,Divorced,3,Drug possession,Non-violent,-0.5519081871933871,2018-10-31,House arrest,0
304,48.31457523890776,Male,White,High school,True,3489.13719301328,Single,6,Murder,Violent,17.507125932206854,2018-10-31,House arrest,0
305,51.43469552917823,Male,Other,Graduate school,False,-700.2996396038739,Widowed,0,Drug possession,Violent,9.679329163162674,2018-10-31,House arrest,1
306,40.9260673556905,Male,White,Some college,True,657.3885249200803,Married,8,Property crime,Violent,-0.10253726631022975,2018-10-31,House arrest,1
307,45.18821162636075,Male,White,Some college,False,2309.605394831555,Single,8,Theft,Violent,18.238411947787007,2018-10-31,House arrest,1
308,41.740795697635924,Male,Other,Some college,False,3487.9138218172275,Widowed,6,Property crime,Non-violent,5.082673168611419,2018-10-31,House arrest,1
309,40.84836882464947,Male,White,Some college,False,3718.778487164379,Widowed,2,Theft,Violent,10.483933397477685,2018-10-31,House arrest,1
310,41.52670629245652,Female,Black,Some college,False,297.0961437487899,Widowed,2,Property crime,Non-violent,5.504418151912882,2018-10-31,House arrest,1
311,51.489601347641766,Male,Black,Bachelor's,False,2457.361416757728,Widowed,1,Murder,Violent,4.403089573789169,2018-10-31,House arrest,1
312,41.46597347238452,Female,Black,Some college,True,1988.3955715200636,Single,3,Drug possession,Violent,19.571881236523815,2018-10-31,House arrest,1
313,28.320760894279935,Male,Hispanic,Bachelor's,False,3055.7730066228246,Married,7,Drug possession,Violent,6.4092696301477226,2018-10-31,House arrest,0
314,44.2806090051383,Male,White,High school,False,2909.1237720894073,Married,2,Murder,Non-violent,-2.0658055068448995,2018-10-31,House arrest,1
315,41.66275702518307,Male,Black,Some college,False,2197.949892470159,Married,9,Theft,Violent,1.5255294665579644,2018-10-31,House arrest,1
316,41.623196491682975,Female,Black,Graduate school,True,4335.078147164801,Widowed,4,Property crime,Violent,3.836057940234328,2018-10-31,House arrest,0
317,41.77210460375638,Male,White,Bachelor's,False,2288.716317204468,Single,2,Assault,Non-violent,2.205018172065889,2018-10-31,House arrest,1
318,50.19294185986047,Male,White,Graduate school,False,2141.348672243381,Married,8,Property crime,Non-violent,-3.1882298606839825,2018-10-31,House arrest,1
319,41.796112714431125,Female,Other,Bachelor's,True,3335.2225666892336,Married,2,Murder,Violent,12.314881228298333,2018-10-31,House arrest,0
320,50.59356259367631,Female,White,Bachelor's,True,2446.5663826996156,Single,3,Property crime,Violent,9.110248214528538,2018-10-31,House arrest,0
321,49.23595390648754,Male,Other,Bachelor's,True,2464.4028334224904,Single,8,Drug possession,Violent,-0.8533021229645863,2018-10-31,House arrest,0
322,37.95034306157039,Male,Other,Bachelor's,False,1181.1180432523827,Widowed,1,Drug possession,Non-violent,9.795938070907988,2018-10-31,House arrest,1
323,51.73968249614589,Male,White,High school,True,1818.229233235344,Married,0,Violent crime,Violent,9.61510525722483,2018-10-31,House arrest,0
324,40.75518527661569,Female,Black,Some college,True,1561.1638520720117,Widowed,3,Assault,Non-violent,12.975024710486153,2018-10-31,House arrest,1
325,47.515476220649695,Male,Black,High school,True,2381.442063219372,Widowed,4,Drug possession,Violent,24.051986077751323,2018-10-31,House arrest,0
326,38.33784007321585,Male,Other,Graduate school,False,1102.8102536470112,Widowed,0,Murder,Violent,6.130568539755828,2018-10-31,House arrest,1
327,30.809125138165424,Female,White,Bachelor's,True,1838.806671008954,Single,9,Theft,Violent,17.422530276122295,2018-10-31,House arrest,0
328,40.1872734480408,Male,Other,Graduate school,True,3007.925761030853,Married,6,Property crime,Violent,12.245192518566196,2018-10-31,House arrest,0
329,49.390264035058316,Female,White,Some college,False,1279.9444128211915,Married,1,Drug possession,Non-violent,6.863893513848255,2018-10-31,House arrest,1
330,35.53793280579952,Female,Other,Some college,False,3026.306135275944,Single,8,Murder,Violent,8.977012532729573,2018-10-31,House arrest,1
331,63.78383009138709,Male,Other,High school,True,2313.3123661397276,Married,5,Violent crime,Violent,-7.819862836173748,2018-10-31,House arrest,0
332,41.50487524718468,Male,Black,Some college,False,-31.350430734918973,Married,2,Property crime,Violent,11.910441067225232,2018-10-31,House arrest,1
333,41.25790230785509,Male,Black,High school,True,1728.0194109867207,Widowed,8,Theft,Non-violent,17.875385993507606,2018-10-31,House arrest,1
334,46.49131447455678,Female,Black,Some college,False,3050.4594596869288,Widowed,0,Violent crime,Violent,-15.767270890220814,2018-10-31,House arrest,0
335,54.46013710623131,Female,Other,Some college,False,2979.0422191811726,Widowed,1,Murder,Violent,5.423784901728567,2018-10-31,House arrest,1
336,45.210478001606354,Male,Black,High school,False,2912.4256188655813,Single,2,Assault,Violent,14.441859276593926,2018-10-31,House arrest,1
337,41.68579440524594,Male,Black,Some college,False,2304.6298041686096,Single,4,Violent crime,Violent,-5.956264955015067,2018-10-31,House arrest,1
338,30.06401309301468,Female,White,Some college,False,3554.568112417791,Single,2,Theft,Non-violent,-4.3761217264096235,2018-10-31,House arrest,1
339,41.34192789197175,Female,Hispanic,Some college,False,978.1926000433862,Single,1,Drug possession,Violent,-13.839362558514601,2018-10-31,House arrest,1
340,47.44402412055898,Male,Hispanic,Bachelor's,True,3464.667865438984,Married,2,Theft,Violent,14.536217318371857,2018-10-31,House arrest,0
341,32.82612974327283,Male,White,Bachelor's,False,1845.1076010456577,Married,9,Theft,Non-violent,10.192225322088882,2018-10-31,House arrest,1
342,42.68788549349466,Female,Hispanic,Bachelor's,True,1614.2749126273327,Single,3,Drug possession,Non-violent,0.22830848433596884,2018-10-31,House arrest,0
343,43.83995346669708,Female,Other,Graduate school,True,1290.4785519712182,Single,3,Theft,Violent,8.838806043331989,2018-10-31,House arrest,0
344,40.52609438681505,Male,White,High school,False,2957.0662633445854,Married,9,Drug possession,Violent,18.989184636336855,2018-10-31,House arrest,1
345,32.8184904961728,Female,Hispanic,High school,False,2626.304536575124,Widowed,2,Drug possession,Violent,5.303866832087886,2018-10-31,House arrest,1
346,48.12561273878909,Female,Hispanic,Some college,True,3742.4649781120575,Married,2,Assault,Violent,-2.039373834050693,2018-10-31,House arrest,0
347,30.94805349876774,Female,Black,Graduate school,True,2878.1528980129665,Divorced,0,Property crime,Violent,-9.21269980450643,2018-10-31,House arrest,0
348,49.62015744039008,Female,Other,Some college,False,2297.6523480080405,Married,2,Drug possession,Non-violent,2.7838172564100048,2018-10-31,House arrest,1
349,47.50627174886448,Male,White,Bachelor's,True,4068.152973368297,Single,1,Assault,Violent,-11.394095752169306,2018-10-31,House arrest,0
350,29.06366998676029,Female,White,Bachelor's,False,3317.633458776975,Married,9,Theft,Non-violent,12.70381782906237,2018-10-31,House arrest,0
351,54.74112689165561,Female,White,Graduate school,False,3026.007574372621,Widowed,0,Theft,Violent,3.017375517493429,2018-10-31,House arrest,0
352,45.53465728659226,Male,Other,Some college,False,1956.0479363213553,Married,1,Violent crime,Violent,5.945497388759383,2018-10-31,House arrest,1
353,25.155763254600156,Male,White,Some college,False,3440.8792084229676,Married,7,Drug possession,Non-violent,10.957916876621434,2018-10-31,House arrest,1
354,48.52252379217891,Male,White,Some college,True,1095.4707974961696,Single,8,Murder,Violent,-17.92029432966586,2018-10-31,House arrest,0
355,33.93035624031284,Female,Hispanic,Graduate school,False,887.6367163912932,Married,0,Theft,Violent,19.365011927054443,2018-10-31,House arrest,1
356,60.32870860960921,Male,Other,High school,True,4051.2643618415104,Married,3,Theft,Violent,23.941400416764363,2018-10-31,House arrest,0
357,17.34761114138609,Female,Other,Bachelor's,False,1953.4221307846924,Married,8,Violent crime,Non-violent,22.623196874628956,2018-10-31,House arrest,1
358,35.97059948217069,Male,Black,High school,False,3604.57453572372,Married,4,Assault,Non-violent,7.912778900581936,2018-10-31,House arrest,1
359,48.0165357379517,Female,Hispanic,Some college,False,2826.374553647399,Single,7,Violent crime,Non-violent,18.15773772129007,2018-10-31,House arrest,1
360,43.97593185340079,Female,Other,High school,True,5436.137974137135,Married,3,Theft,Violent,26.245404295891625,2018-10-31,House arrest,1
361,38.74780986102351,Male,White,Some college,False,1256.2938121342663,Widowed,5,Assault,Violent,-4.7501818461273935,2018-10-31,House arrest,1
362,36.98817223960604,Male,Hispanic,Graduate school,False,2654.312998350601,Widowed,6,Murder,Violent,1.7404234603020408,2018-10-31,House arrest,1
363,55.39086888201924,Female,Hispanic,Graduate school,True,3740.6933274701482,Divorced,3,Property crime,Non-violent,-1.6607964616323319,2018-10-31,House arrest,0
364,29.98641511485983,Female,Hispanic,Graduate school,False,1011.5579647178431,Widowed,5,Theft,Violent,-6.114803763824801,2018-10-31,House arrest,1
365,34.10412542786821,Male,Other,Some college,True,1930.2246365642902,Married,0,Violent crime,Non-violent,21.331446408220817,2018-10-31,House arrest,1
366,40.73108818072496,Male,Other,Bachelor's,True,3761.576573512788,Single,9,Property crime,Violent,-7.672628938227394,2018-10-31,House arrest,0
367,27.493757524978115,Male,Other,High school,True,2676.582586865912,Single,7,Murder,Non-violent,-4.8112360705213355,2018-10-31,House arrest,1
368,68.2688006878065,Male,Black,High school,False,2566.9917364284865,Widowed,5,Theft,Non-violent,-7.763798988758365,2018-10-31,House arrest,1
369,47.09563027974048,Female,White,Bachelor's,False,1806.9128772217828,Single,1,Assault,Non-violent,-2.0677396295446924,2018-10-31,House arrest,1
370,43.19949595867916,Male,Black,Some college,True,2010.9161345582486,Married,3,Property crime,Non-violent,-19.90509968860382,2018-10-31,House arrest,1
371,46.061874560431264,Female,White,Graduate school,False,1709.5413608740746,Married,1,Murder,Non-violent,-3.0223818526039086,2018-10-31,House arrest,1
372,38.49391185028762,Male,White,Bachelor's,True,1602.6129151577788,Widowed,8,Drug possession,Non-violent,6.609117945697772,2018-10-31,House arrest,0
373,39.004410955246684,Female,Other,Some college,False,1352.3633878573469,Divorced,8,Property crime,Violent,-13.693628528150214,2018-10-31,House arrest,1
374,39.18238072472648,Female,Other,Some college,True,1723.4662355724872,Single,7,Assault,Non-violent,11.983243643665837,2018-10-31,House arrest,1
375,54.82897294343769,Female,White,High school,True,3048.6128081018214,Divorced,8,Violent crime,Non-violent,0.3731389946564958,2018-10-31,House arrest,0
376,31.056022185355026,Female,White,Bachelor's,False,2916.7079481794635,Single,6,Violent crime,Violent,0.8240328872202651,2018-10-31,House arrest,1
377,51.30889230294444,Male,Black,Bachelor's,True,185.52608688885584,Divorced,8,Murder,Violent,-7.621734014514271,2018-10-31,House arrest,0
378,46.7203707915983,Male,Hispanic,High school,True,2322.223392803834,Single,0,Violent crime,Non-violent,-15.661956618909993,2018-10-31,House arrest,0
379,34.54091179831059,Female,Hispanic,Graduate school,False,2297.792380552753,Widowed,2,Assault,Violent,25.05804682794686,2018-10-31,House arrest,1
380,27.71581195816961,Female,White,High school,False,2001.2551526057946,Divorced,1,Murder,Violent,-1.7888672332295812,2018-10-31,House arrest,1
381,32.940864288080284,Female,Other,Graduate school,True,2641.2304101630893,Divorced,1,Violent crime,Violent,17.756740808878234,2018-10-31,House arrest,0
382,22.372626162833658,Female,Black,Some college,False,2886.232821791841,Widowed,2,Murder,Violent,-5.104928218573587,2018-10-31,House arrest,1
383,47.584781293154805,Female,Black,Graduate school,True,3453.0598512105385,Single,3,Drug possession,Violent,13.443721411242706,2018-10-31,House arrest,0
384,43.62207984146927,Female,Other,Bachelor's,True,2938.0161805328057,Divorced,0,Murder,Violent,-0.749990217592571,2018-10-31,House arrest,0
385,48.792334163450526,Male,Black,Bachelor's,False,2259.5674412786084,Married,7,Drug possession,Non-violent,-2.6914926200050573,2018-10-31,House arrest,1
386,41.71295628594888,Female,White,Bachelor's,False,1393.8655543619666,Widowed,4,Drug possession,Violent,-8.541149008823192,2018-10-31,House arrest,1
387,34.671760910903586,Male,Hispanic,High school,False,1799.9132334612748,Widowed,4,Theft,Violent,-3.4117924159567643,2018-10-31,House arrest,1
388,31.451044562894594,Female,Other,Graduate school,True,2514.7124640613893,Married,5,Murder,Violent,6.401266528113082,2018-10-31,House arrest,0
389,50.03863382991145,Male,White,Graduate school,True,1774.8588442121863,Single,8,Violent crime,Violent,4.270185427161927,2018-10-31,House arrest,0
390,22.420821278815946,Male,Black,Some college,True,2592.224063806031,Divorced,3,Violent crime,Violent,10.493986767423795,2018-10-31,House arrest,1
391,36.2263999900652,Female,Black,Some college,True,3152.4132029155035,Single,8,Murder,Violent,0.5975809181359066,2018-10-31,House arrest,1
392,44.48488581975434,Male,Hispanic,Bachelor's,True,2042.3589208380931,Married,5,Theft,Non-violent,4.0259239248696765,2018-10-31,House arrest,0
393,50.710036472790186,Female,Hispanic,Graduate school,True,2583.710881842585,Married,0,Property crime,Violent,33.20039641244456,2018-10-31,House arrest,0
394,31.21887997717116,Female,Black,Some college,True,2138.515665730809,Married,0,Violent crime,Violent,9.557235420818298,2018-10-31,House arrest,1
395,55.03112110270482,Female,White,Graduate school,False,1851.299791636699,Single,3,Assault,Violent,2.9296774372672854,2018-10-31,House arrest,1
396,46.05101722894449,Male,Hispanic,High school,True,4530.724982930427,Divorced,9,Violent crime,Violent,-6.275097410687252,2018-10-31,House arrest,0
397,34.95559369174435,Female,Other,Some college,False,1955.8527879518515,Widowed,9,Violent crime,Violent,10.383763774928333,2018-10-31,House arrest,1
398,30.861285905240855,Female,Other,Some college,True,2365.535011246447,Married,0,Murder,Non-violent,-4.339351593598943,2018-10-31,House arrest,1
399,19.543429751468587,Male,Black,Some college,False,4657.910484772468,Single,2,Murder,Violent,-11.656655369428524,2018-10-31,House arrest,1
400,31.856719277619984,Female,Other,High school,False,3126.90952713708,Widowed,1,Drug possession,Non-violent,5.3608981584172275,2018-10-31,House arrest,1
401,57.626163418180106,Female,White,Graduate school,False,2555.720827471699,Widowed,3,Murder,Violent,8.790452689583336,2018-10-31,House arrest,1
402,30.995971591517964,Male,Other,Bachelor's,False,2980.881328045638,Married,5,Property crime,Non-violent,14.369488589088302,2018-10-31,House arrest,1
403,47.7886742993556,Male,Black,Bachelor's,False,3373.9196042569843,Widowed,2,Murder,Violent,2.525840920361139,2018-10-31,House arrest,0
404,40.040501063646055,Male,Hispanic,Some college,True,2216.863413068906,Divorced,3,Property crime,Violent,10.421817602653821,2018-10-31,House arrest,1
405,27.62431426815892,Female,Other,High school,True,2097.628047405701,Widowed,1,Drug possession,Violent,-10.090456770881653,2018-10-31,House arrest,1
406,29.212492903274857,Male,White,Graduate school,True,2803.1805885894655,Widowed,7,Murder,Non-violent,-4.473709271744985,2018-10-31,House arrest,0
407,35.09834095523952,Male,Other,Bachelor's,True,2714.051084845669,Divorced,7,Violent crime,Violent,18.290473002320287,2018-10-31,House arrest,0
408,34.54817842204082,Male,Black,High school,False,392.0674858499592,Widowed,1,Violent crime,Non-violent,4.379011452991639,2018-10-31,House arrest,1
409,33.543248247211146,Female,White,Graduate school,False,2357.962610202642,Married,1,Theft,Violent,6.061861158511586,2018-10-31,House arrest,1
410,26.490563957829604,Female,White,Some college,True,3434.8987240100396,Married,9,Drug possession,Violent,-5.195762694337153,2018-10-31,House arrest,1
411,55.139573882600544,Male,Hispanic,Some college,False,-0.9898803742585187,Married,7,Drug possession,Non-violent,-6.889631570135958,2018-10-31,House arrest,1
412,43.194990669999235,Male,White,High school,False,2599.0478027246522,Widowed,6,Murder,Non-violent,3.050437471123721,2018-10-31,House arrest,1
413,43.27806848587166,Male,Black,Some college,False,1160.9068789985545,Married,4,Property crime,Non-violent,-13.503056273749173,2018-10-31,House arrest,1
414,48.54501341644571,Female,Black,Some college,True,2465.167491611112,Widowed,5,Violent crime,Non-violent,14.592851913117048,2018-10-31,House arrest,0
415,45.67563350753882,Male,Black,Bachelor's,False,1595.4229199599913,Single,0,Violent crime,Violent,-3.159466901402494,2018-10-31,House arrest,1
416,34.52076946776647,Male,Hispanic,Bachelor's,True,1730.299060641693,Single,10,Drug possession,Violent,-4.898598494782071,2018-10-31,House arrest,0
417,52.086446316748166,Male,White,Some college,True,741.5912997805522,Widowed,5,Property crime,Non-violent,-20.07448998653823,2018-10-31,House arrest,0
418,28.283960351731697,Female,Other,Some college,False,1945.8007442960484,Married,7,Violent crime,Violent,-0.7010406393344573,2018-10-31,House arrest,1
419,29.685427055662604,Female,Black,Graduate school,True,2749.0355746662412,Divorced,1,Assault,Non-violent,-2.3392685509556177,2018-10-31,House arrest,0
420,44.55509687717962,Female,Black,Graduate school,False,2757.0423861421186,Single,2,Murder,Violent,-14.827621917843487,2018-10-31,House arrest,1
421,53.85342966592484,Male,Black,Bachelor's,True,2402.7441118337556,Divorced,6,Property crime,Violent,22.26121065544076,2018-10-31,House arrest,0
422,24.14388879459686,Female,White,Graduate school,False,4057.73423161991,Widowed,1,Violent crime,Violent,-11.500063434949393,2018-10-31,House arrest,0
423,29.866283123808053,Female,White,Some college,False,4037.353312159029,Divorced,6,Theft,Non-violent,9.603927964009095,2018-10-31,House arrest,1
424,35.296757077951334,Male,Black,High school,False,1509.3157251355374,Divorced,3,Assault,Violent,13.62839116436367,2018-10-31,House arrest,1
425,34.800650161039364,Male,Black,Bachelor's,False,2180.56392531953,Divorced,8,Violent crime,Non-violent,-1.296092972659114,2018-10-31,House arrest,1
426,29.30668262839207,Female,Black,Graduate school,True,2833.8041928607167,Married,5,Property crime,Violent,7.909548753951379,2018-10-31,House arrest,0
427,50.65339039335983,Female,Black,Bachelor's,False,4192.254916100579,Widowed,3,Theft,Violent,-1.7651603298770402,2018-10-31,House arrest,0
428,24.16232391211217,Male,Black,Some college,True,1731.7462092243109,Divorced,2,Property crime,Non-violent,12.178121505523222,2018-10-31,House arrest,1
429,33.30887391762826,Male,White,Some college,False,1357.6292602790543,Single,2,Assault,Violent,5.232238682142729,2018-10-31,House arrest,1
430,42.67308696714871,Female,Black,Bachelor's,False,3306.82442176594,Married,4,Assault,Non-violent,1.555577592912746,2018-10-31,House arrest,0
431,33.605923398451246,Male,White,Bachelor's,False,2518.7068135347436,Widowed,8,Assault,Violent,-11.62794951361752,2018-10-31,House arrest,1
432,52.396616122712835,Male,Black,Bachelor's,False,2474.046712876664,Divorced,1,Theft,Non-violent,16.85869476735774,2018-10-31,House arrest,1
433,22.39204663345156,Male,Hispanic,Bachelor's,False,3031.9393765983223,Married,10,Assault,Non-violent,-8.111659250744331,2018-10-31,House arrest,0
434,40.98513383062591,Female,Other,Graduate school,True,1324.4346646015326,Widowed,8,Violent crime,Non-violent,6.874410468791293,2018-10-31,House arrest,0
435,36.766681931937505,Male,Other,Bachelor's,False,1501.6152151490032,Married,1,Property crime,Non-violent,18.478760903601405,2018-10-31,House arrest,1
436,26.818749260713993,Female,Other,High school,False,3380.135048994787,Single,5,Violent crime,Violent,6.670720173292714,2018-10-31,House arrest,1
437,33.02143324177813,Female,Black,Some college,False,2052.708892829523,Single,4,Property crime,Non-violent,2.4019939124955902,2018-10-31,House arrest,1
438,47.459051159182906,Female,Other,Bachelor's,True,2095.470760857192,Married,10,Property crime,Violent,1.8495995112493202,2018-10-31,House arrest,0
439,25.273009774966308,Male,Hispanic,Graduate school,False,2245.4868853427233,Single,4,Murder,Violent,13.746207484654015,2018-10-31,House arrest,1
440,47.2803039739094,Male,Other,Graduate school,True,1567.3042870786492,Widowed,5,Property crime,Violent,6.089019226242859,2018-10-31,House arrest,0
441,69.19940530611535,Female,White,Bachelor's,False,2408.8540423059867,Married,9,Violent crime,Violent,9.799524571035557,2018-10-31,House arrest,1
442,45.888364339284806,Male,Hispanic,High school,False,2047.2765347341751,Divorced,3,Violent crime,Non-violent,8.96673792816962,2018-10-31,House arrest,1
443,41.62533596681399,Male,White,Bachelor's,True,2634.944498191204,Single,6,Property crime,Violent,12.298367010937024,2018-10-31,House arrest,0
444,39.38016869157969,Male,Hispanic,Some college,False,3719.538792025256,Divorced,5,Murder,Violent,11.478777980311573,2018-10-31,House arrest,1
445,43.87508026703615,Male,Other,Graduate school,False,2981.3625987516107,Divorced,10,Drug possession,Violent,0.5616115861816375,2018-10-31,House arrest,1
446,27.06319106782488,Female,Black,Bachelor's,True,2982.919216739689,Divorced,5,Drug possession,Violent,8.537890527300078,2018-10-31,House arrest,0
447,43.04917296622718,Female,White,Some college,True,3032.3826660351474,Married,1,Drug possession,Violent,11.798075076203656,2018-10-31,House arrest,1
448,51.001466634109335,Female,Other,High school,True,1868.768006859182,Single,0,Violent crime,Non-violent,7.580441967397604,2018-10-31,House arrest,0
449,41.51247763796589,Female,White,Graduate school,True,3334.1536778204118,Divorced,5,Assault,Non-violent,-3.5467867272235,2018-10-31,House arrest,0
450,45.85892671032211,Female,White,Graduate school,False,2110.456734920391,Married,0,Theft,Violent,-7.691336574023834,2018-10-31,House arrest,1
451,22.929243476701167,Male,Black,Bachelor's,False,2425.937368244376,Divorced,2,Theft,Violent,-10.523321775551517,2018-10-31,House arrest,1
452,42.23337828826698,Female,White,Some college,True,2928.6322017860352,Married,10,Property crime,Non-violent,15.478471148247415,2018-10-31,House arrest,1
453,30.073575471731463,Female,White,Bachelor's,True,4104.884040706776,Married,5,Drug possession,Non-violent,10.137993188509721,2018-10-31,House arrest,0
454,38.58778079732547,Female,Black,Graduate school,True,4426.1547299494005,Widowed,5,Drug possession,Violent,-5.407063055729889,2018-10-31,House arrest,0
455,43.95638331017384,Male,Other,High school,False,393.3353375268748,Married,7,Murder,Violent,13.165329070957535,2018-10-31,House arrest,1
456,27.040555060693915,Male,Other,Some college,True,1988.1146490898268,Single,4,Drug possession,Non-violent,10.888200059169446,2018-10-31,House arrest,1
457,42.31592679626036,Male,Hispanic,Bachelor's,True,2279.3515698669817,Widowed,2,Property crime,Non-violent,-0.8759878045780409,2018-10-31,House arrest,0
458,42.97981463617485,Male,Black,Bachelor's,False,2779.9780188542736,Single,9,Theft,Violent,10.007946979095948,2018-10-31,House arrest,1
459,47.60654506976275,Male,White,Bachelor's,True,2286.5059871125404,Married,9,Assault,Non-violent,-2.7303180940267646,2018-10-31,House arrest,0
460,20.3780769617938,Male,Black,Bachelor's,True,3404.6075628246754,Divorced,1,Violent crime,Non-violent,0.7839336271995121,2018-10-31,House arrest,0
461,44.273687592906256,Male,White,Graduate school,False,1493.7675005412998,Married,10,Murder,Violent,-2.699819106285606,2018-10-31,House arrest,1
462,41.57514381623012,Female,Hispanic,High school,True,1175.9751682569452,Married,7,Violent crime,Violent,1.9905730358133082,2018-10-31,House arrest,1
463,51.34331988124227,Female,Other,High school,True,1912.9471063273354,Single,5,Theft,Non-violent,17.220822084634456,2018-10-31,House arrest,0
464,54.13656131403499,Female,Black,High school,False,1399.251214334752,Single,9,Violent crime,Non-violent,3.649795135349351,2018-10-31,House arrest,1
465,40.9100933971871,Female,Other,Bachelor's,False,3087.2874373816026,Married,6,Violent crime,Non-violent,-1.1914169977313973,2018-10-31,House arrest,0
466,60.3925901161746,Female,Other,High school,True,2294.4649686626017,Widowed,9,Murder,Violent,3.475613655358384,2018-10-31,House arrest,0
467,42.66648691000367,Male,White,Some college,False,2558.1082046724346,Single,9,Murder,Violent,-1.1787779394030915,2018-10-31,House arrest,1
468,37.46010593572469,Male,White,Some college,True,2646.1628350041174,Widowed,7,Violent crime,Non-violent,27.018713138705333,2018-10-31,House arrest,1
469,48.41912804548521,Female,Hispanic,Graduate school,True,1839.3688625137293,Divorced,9,Property crime,Violent,10.776743613378457,2018-10-31,House arrest,0
470,33.34959927363365,Male,White,Some college,False,3748.2865433067946,Widowed,4,Theft,Non-violent,9.237537918283572,2018-10-31,House arrest,1
471,41.18688043859901,Male,Hispanic,Graduate school,False,2091.3158674957926,Widowed,0,Drug possession,Non-violent,-3.786932349200928,2018-10-31,House arrest,1
472,30.31686005066429,Male,Black,Some college,False,1826.4701511219143,Widowed,8,Theft,Non-violent,17.89452490312701,2018-10-31,House arrest,1
473,39.96254970129429,Female,Other,Some college,False,546.8137510003967,Widowed,6,Murder,Violent,-4.398365385146532,2018-10-31,House arrest,1
474,47.83306140754541,Male,Other,Bachelor's,False,3727.4841432485646,Widowed,2,Assault,Violent,8.138884794606874,2018-10-31,House arrest,0
475,43.650419345016886,Male,Hispanic,High school,False,1407.0116771257851,Single,6,Theft,Non-violent,8.076794611128067,2018-10-31,House arrest,1
476,57.61071572152187,Female,White,Graduate school,True,3074.5289995135236,Married,0,Violent crime,Violent,-3.664439043567162,2018-10-31,House arrest,0
477,62.724764177294354,Male,White,High school,False,2291.8797335108366,Widowed,7,Drug possession,Non-violent,3.790740301861982,2018-10-31,House arrest,1
478,45.12017532414478,Male,Hispanic,Graduate school,False,540.1511539730609,Single,3,Drug possession,Violent,-0.05892780892383165,2018-10-31,House arrest,1
479,49.47926665788067,Female,Black,Some college,False,1871.1935046157726,Married,3,Drug possession,Violent,-3.5344769967885608,2018-10-31,House arrest,1
480,24.051501627016734,Female,White,Graduate school,True,2474.0230043262804,Single,3,Drug possession,Violent,-2.917335362017064,2018-10-31,House arrest,0
481,36.550272047360416,Female,Other,High school,False,2526.146354315174,Divorced,10,Theft,Violent,12.716571189212868,2018-10-31,House arrest,1
482,30.721555377407572,Male,Hispanic,Bachelor's,True,2348.8168234886098,Married,9,Assault,Non-violent,-13.650061371760604,2018-10-31,House arrest,0
483,34.781567215606266,Female,White,Graduate school,False,2623.247055917924,Divorced,1,Drug possession,Non-violent,-2.6423732460148566,2018-10-31,House arrest,1
484,42.26852540154985,Female,Black,Bachelor's,True,1838.7853080514396,Married,9,Theft,Non-violent,4.3686913375131535,2018-10-31,House arrest,0
485,37.045363650009065,Female,Other,High school,False,1563.404165411543,Widowed,8,Violent crime,Violent,-15.060674105028802,2018-10-31,House arrest,1
486,53.113696476381435,Female,Other,High school,True,9.224839658626934,Widowed,2,Property crime,Violent,15.23194555121918,2018-10-31,House arrest,0
487,27.40180336002377,Male,Black,Some college,True,2519.160494926141,Widowed,3,Drug possession,Non-violent,9.580538642531772,2018-10-31,House arrest,1
488,33.11357457692893,Male,Hispanic,Some college,True,3730.871461755136,Divorced,8,Violent crime,Violent,12.015946615409202,2018-10-31,House arrest,1
489,44.01124366864931,Female,Hispanic,High school,True,1131.7100498797492,Widowed,6,Assault,Non-violent,21.230817885890406,2018-10-31,House arrest,1
490,37.155882137819304,Female,Hispanic,Graduate school,True,3168.605207073878,Married,9,Murder,Violent,4.779817718918597,2018-10-31,House arrest,0
491,58.88002750112659,Male,White,Bachelor's,False,1167.4805021481843,Single,1,Assault,Non-violent,4.517015978659521,2018-10-31,House arrest,1
492,40.29764740410587,Female,Hispanic,Some college,False,2408.9883760434886,Widowed,9,Property crime,Violent,1.6303374726985904,2018-10-31,House arrest,1
493,42.78055738051542,Female,White,Graduate school,True,3167.939768798179,Divorced,1,Murder,Violent,14.289903788674733,2018-10-31,House arrest,0
494,31.329439377515627,Male,White,Graduate school,True,2800.9260681019614,Single,2,Murder,Violent,12.718037678902636,2018-10-31,House arrest,0
495,37.90249985450734,Male,White,Some college,False,3386.938132625819,Widowed,5,Drug possession,Violent,10.668645609632865,2018-10-31,House arrest,1
496,36.24542786551523,Male,Black,Graduate school,False,2466.367022866751,Widowed,4,Property crime,Non-violent,18.39580120790597,2018-10-31,House arrest,1
497,41.186503542756796,Male,White,High school,False,1446.40683454246,Married,2,Drug possession,Non-violent,11.129349646187833,2018-10-31,House arrest,1
498,47.581820381839975,Male,Black,Bachelor's,False,3035.595136446708,Single,3,Property crime,Violent,1.8437885745606564,2018-10-31,House arrest,0
499,48.02115645742393,Male,White,Bachelor's,False,3188.5356810379253,Divorced,0,Violent crime,Violent,-0.03580342350696686,2018-10-31,House arrest,0
500,55.77155946744617,Male,Black,Graduate school,False,3058.5256971166414,Widowed,5,Murder,Non-violent,-10.973056787192572,2018-10-31,House arrest,0
501,40.64457941090537,Female,White,Some college,True,3503.6527725225947,Divorced,2,Murder,Violent,6.235825832432987,2018-10-31,House arrest,1
502,31.620917219368984,Female,Hispanic,Bachelor's,True,2233.7357198787936,Married,1,Murder,Non-violent,4.312496744281825,2018-10-31,House arrest,0
503,50.77600410693685,Female,Other,Bachelor's,False,4000.2891840565667,Widowed,9,Assault,Violent,5.148010709588017,2018-10-31,House arrest,0
504,31.0102729704225,Female,Hispanic,Bachelor's,True,1064.8082612839794,Single,9,Theft,Violent,2.2866658813633016,2018-10-31,House arrest,0
505,45.468240581279446,Female,Hispanic,Graduate school,True,1189.9077401830518,Divorced,7,Violent crime,Non-violent,24.780432482141844,2018-10-31,House arrest,0
506,34.05377825961245,Female,Other,Graduate school,False,4807.236506961866,Divorced,0,Assault,Violent,-6.244222987892442,2018-10-31,House arrest,0
507,32.68091515803948,Female,Other,Bachelor's,False,675.3208250097541,Married,8,Violent crime,Non-violent,-5.8860704577945135,2018-10-31,House arrest,1
508,31.69238218457494,Female,Hispanic,High school,True,2083.9164887484912,Single,4,Theft,Non-violent,7.392354676918444,2018-10-31,House arrest,1
509,52.065648169945895,Male,White,Bachelor's,True,2198.78984532201,Widowed,8,Violent crime,Violent,-11.176219702228806,2018-10-31,House arrest,0
510,44.432869894461,Female,White,Some college,True,3624.3136105413155,Married,3,Assault,Violent,-3.4419993930994384,2018-10-31,House arrest,1
511,40.98521603289644,Male,Black,High school,True,3084.688799878991,Divorced,2,Property crime,Violent,4.756770102425736,2018-10-31,House arrest,1
512,31.563219615029247,Male,Hispanic,High school,True,3044.3205051932746,Single,6,Assault,Non-violent,5.55146545529847,2018-10-31,House arrest,1
513,38.2893644233865,Female,Hispanic,Some college,True,1810.0309235009668,Widowed,2,Drug possession,Non-violent,2.2759171156731943,2018-10-31,House arrest,1
514,35.80404909276952,Female,White,High school,False,3110.7885271726086,Divorced,4,Assault,Non-violent,-1.789988014087374,2018-10-31,House arrest,1
515,42.820997709069715,Female,White,High school,False,3996.7465638927097,Married,4,Assault,Violent,4.606751527959262,2018-10-31,House arrest,1
516,61.32203280424124,Female,Hispanic,Some college,False,2516.7508160006764,Divorced,10,Theft,Non-violent,7.7102531924653555,2018-10-31,House arrest,1
517,34.6857489473507,Female,Black,Graduate school,False,3080.7707254994575,Widowed,3,Property crime,Violent,6.350713188085429,2018-10-31,House arrest,0
518,27.66546324121211,Male,Hispanic,Bachelor's,True,3050.211775657395,Divorced,5,Murder,Non-violent,3.080679671577442,2018-10-31,House arrest,0
519,43.81180754129494,Male,Hispanic,High school,False,-461.7106872950644,Married,9,Property crime,Non-violent,-9.756069119188025,2018-10-31,House arrest,1
520,56.162225292175634,Male,Hispanic,High school,False,2058.951680230694,Married,1,Assault,Non-violent,24.674749794218048,2018-10-31,House arrest,1
521,52.51641291070685,Male,Hispanic,Some college,False,3766.6200741017724,Divorced,1,Assault,Violent,13.364584543194253,2018-10-31,House arrest,0
522,32.96688814742387,Female,Hispanic,High school,True,1286.165982916674,Married,4,Violent crime,Non-violent,6.063644897328462,2018-10-31,House arrest,1
523,26.388465309297132,Female,Hispanic,Graduate school,False,2349.446431644786,Single,5,Murder,Non-violent,3.4843213842437293,2018-10-31,House arrest,1
524,30.182469952454817,Female,Hispanic,Graduate school,True,3541.143395519961,Widowed,6,Assault,Non-violent,-3.6732318954430383,2018-10-31,House arrest,0
525,55.92058928751445,Female,Black,Bachelor's,False,3230.859177191642,Widowed,7,Violent crime,Violent,-3.854956510591,2018-10-31,House arrest,0
526,35.09750033313459,Male,Other,Graduate school,True,2703.6704001351477,Single,6,Property crime,Non-violent,7.393447103775707,2018-10-31,House arrest,0
527,23.93426439728064,Male,Other,Bachelor's,False,1399.6759055456307,Single,6,Assault,Violent,18.625626275892486,2018-10-31,House arrest,1
528,35.49634380249004,Female,Other,High school,True,1888.4275075202363,Divorced,0,Murder,Non-violent,5.68399175155336,2018-10-31,House arrest,1
529,41.96611213664106,Male,Hispanic,Bachelor's,True,1628.768411296895,Single,4,Drug possession,Non-violent,-1.9093340552386575,2018-10-31,House arrest,0
530,44.359989608120074,Female,Other,High school,False,3169.8560906689927,Married,5,Drug possession,Non-violent,10.281370140930633,2018-10-31,House arrest,1
531,34.32202817328439,Male,Other,Bachelor's,True,2077.443162784927,Single,10,Violent crime,Violent,1.9190076940407748,2018-10-31,House arrest,0
532,39.13802320940473,Male,Other,Bachelor's,True,2294.4591600715275,Divorced,8,Assault,Violent,7.3877134981571295,2018-10-31,House arrest,0
533,39.63271910225055,Female,Other,Some college,False,4447.772745505757,Single,5,Property crime,Non-violent,7.136474768987975,2018-10-31,House arrest,1
534,39.332358021598,Female,Hispanic,Some college,True,3226.9252921098046,Widowed,5,Theft,Violent,2.764737741117643,2018-10-31,House arrest,1
535,34.74414185431299,Male,Other,Graduate school,False,4068.7797606900112,Widowed,1,Property crime,Non-violent,14.580903045983055,2018-10-31,House arrest,0
536,24.85383450949751,Male,Hispanic,High school,False,1658.0909970296775,Married,6,Property crime,Violent,4.394528425243503,2018-10-31,House arrest,1
537,23.294094534542722,Male,Black,Some college,False,2589.950349125732,Single,6,Murder,Violent,9.807778638466,2018-10-31,House arrest,1
538,39.493333903816655,Female,Hispanic,Bachelor's,False,3324.422714854172,Divorced,2,Theft,Non-violent,13.42518438238425,2018-10-31,House arrest,0
539,37.51080707183955,Male,Hispanic,Graduate school,False,2777.333990373862,Married,1,Drug possession,Non-violent,7.3727813605604915,2018-10-31,House arrest,1
540,31.9376597109549,Male,Other,Some college,True,3682.025662377262,Widowed,2,Violent crime,Violent,8.685469637905406,2018-10-31,House arrest,1
541,52.41698877827628,Male,White,Graduate school,True,1765.5314185409784,Divorced,5,Violent crime,Violent,4.7422646738431204,2018-10-31,House arrest,0
542,28.754103434706444,Male,White,Bachelor's,True,1237.5004781734847,Single,2,Drug possession,Violent,6.235878537355233,2018-10-31,House arrest,0
543,46.629423574644065,Male,White,High school,False,2779.453587797577,Divorced,7,Theft,Non-violent,16.353639256821815,2018-10-31,House arrest,1
544,24.46825087254914,Female,Black,Bachelor's,True,2528.812084251254,Married,0,Theft,Non-violent,0.8100760370194351,2018-10-31,House arrest,0
545,31.700555057485428,Female,Black,Bachelor's,False,3866.7850706932386,Married,1,Drug possession,Non-violent,-4.138606557883552,2018-10-31,House arrest,0
546,49.99909693382637,Male,White,High school,False,1246.0048273004675,Widowed,8,Violent crime,Non-violent,6.503897430327855,2018-10-31,House arrest,1
547,19.761345190241588,Male,Other,Bachelor's,False,1813.5813413579904,Widowed,10,Theft,Non-violent,-1.558062181194087,2018-10-31,House arrest,1
548,50.48573135323949,Male,Black,High school,True,887.8707671173645,Divorced,8,Assault,Non-violent,3.1388767740082546,2018-10-31,House arrest,0
549,27.77381054933413,Male,White,Graduate school,False,2336.9717721473003,Widowed,6,Assault,Violent,1.125683723874623,2018-10-31,House arrest,1
550,48.36684825269742,Female,Other,Bachelor's,False,1967.1553200770504,Widowed,9,Murder,Non-violent,-8.56955537566672,2018-10-31,House arrest,1
551,40.72450879833678,Male,Hispanic,Some college,False,2056.4794777167826,Widowed,1,Murder,Non-violent,8.22997752629617,2018-10-31,House arrest,1
552,35.27763952828726,Female,Black,High school,True,297.85720026602394,Single,8,Drug possession,Violent,-3.7340007627038414,2018-10-31,House arrest,1
553,47.56268185466051,Female,White,Some college,False,4575.737208123914,Married,4,Drug possession,Non-violent,-4.155394253045982,2018-10-31,House arrest,0
554,47.19000383820628,Male,Black,High school,True,2263.3961656984893,Divorced,9,Violent crime,Violent,5.042408901172679,2018-10-31,House arrest,0
555,41.50634346613258,Female,Black,Some college,False,993.7747883921227,Divorced,5,Murder,Non-violent,17.927793212698926,2018-10-31,House arrest,1
556,51.054243427939106,Male,Black,Some college,True,339.83681153892303,Married,3,Assault,Violent,-5.7009521086126576,2018-10-31,House arrest,0
557,37.975282822408396,Female,White,Bachelor's,True,3085.8908453255835,Divorced,8,Drug possession,Violent,-11.792627475540641,2018-10-31,House arrest,0
558,45.08404221317847,Female,Other,High school,False,3260.1921700127223,Single,2,Assault,Violent,3.981658069548128,2018-10-31,House arrest,0
559,56.27704859429887,Male,Hispanic,Graduate school,False,1362.3769296824516,Divorced,9,Theft,Non-violent,2.0927075037006766,2018-10-31,House arrest,1
560,33.62553646664305,Female,White,Graduate school,True,2482.6766005975446,Married,5,Violent crime,Violent,-2.1586985082871344,2018-10-31,House arrest,0
561,42.5024528221238,Male,Other,Bachelor's,True,4536.552476358862,Divorced,8,Property crime,Non-violent,2.462596318020243,2018-10-31,House arrest,0
562,45.878850455366354,Female,White,Bachelor's,True,2037.102789775312,Married,6,Murder,Violent,10.844047291272062,2018-10-31,House arrest,0
563,41.141999921349836,Female,Black,Bachelor's,True,3103.3788319206437,Widowed,3,Property crime,Violent,13.068605550413169,2018-10-31,House arrest,0
564,45.193468093640554,Female,Black,High school,False,2588.6843500242244,Single,0,Assault,Violent,0.4649904857197136,2018-10-31,House arrest,1
565,53.91429287307726,Female,White,Some college,True,2576.113449890653,Single,9,Assault,Violent,5.881120610099715,2018-10-31,House arrest,0
566,48.04937191598825,Female,Black,Bachelor's,False,4953.01855363502,Married,8,Property crime,Non-violent,17.162002017842305,2018-10-31,House arrest,0
567,43.16497726812222,Male,Hispanic,High school,True,1753.3534286501285,Single,7,Theft,Violent,17.390622845702204,2018-10-31,House arrest,1
568,33.69560068934325,Female,Black,Some college,True,1997.020028822003,Divorced,5,Murder,Violent,7.108972534572976,2018-10-31,House arrest,1
569,39.56915185065799,Female,Other,Some college,True,2911.372440930805,Divorced,10,Violent crime,Violent,0.02860453950115982,2018-10-31,House arrest,1
570,41.14865520224275,Female,Black,Graduate school,True,2886.694918434669,Single,5,Drug possession,Violent,-5.711453445355879,2018-10-31,House arrest,0
571,49.407926368523334,Female,Hispanic,High school,True,4964.552348389915,Divorced,10,Violent crime,Violent,5.1536604266651995,2018-10-31,House arrest,0
572,27.367723564330973,Female,White,Bachelor's,True,986.0724627322265,Divorced,2,Property crime,Non-violent,-3.881008753858014,2018-10-31,House arrest,0
573,62.218291888355516,Female,Other,High school,True,2531.866825302082,Divorced,0,Theft,Violent,16.748767996622412,2018-10-31,House arrest,0
574,51.72862286665777,Male,Hispanic,Graduate school,False,4517.262645217021,Single,6,Drug possession,Non-violent,13.26816113550455,2018-10-31,House arrest,0
575,50.196340956400405,Female,Hispanic,Some college,False,2873.0836132083227,Widowed,3,Property crime,Non-violent,13.477805246825227,2018-10-31,House arrest,1
576,38.15602876123021,Male,Hispanic,Bachelor's,False,3807.795479329544,Married,4,Theft,Non-violent,11.415359077090407,2018-10-31,House arrest,0
577,45.03195462540595,Male,White,Graduate school,False,2402.7076071270726,Single,6,Murder,Violent,2.2232403606677975,2018-10-31,House arrest,1
578,33.4589652834216,Male,White,High school,True,3015.55468639412,Married,5,Drug possession,Non-violent,-6.787575662406063,2018-10-31,House arrest,1
579,54.860752562491484,Female,Other,Some college,True,2429.0017115232986,Divorced,9,Drug possession,Violent,15.685363030769208,2018-10-31,House arrest,0
580,36.82831509820892,Female,Hispanic,Graduate school,False,2655.552066448292,Widowed,2,Assault,Non-violent,-8.104500778821379,2018-10-31,House arrest,1
581,29.34245138724376,Male,White,Some college,False,1582.1264758437142,Widowed,4,Theft,Non-violent,16.738298283920976,2018-10-31,House arrest,1
582,48.91543906974742,Female,Other,Bachelor's,False,5111.689997989368,Single,5,Property crime,Violent,2.5970766158111993,2018-10-31,House arrest,0
583,24.620981567490134,Male,White,Graduate school,False,2475.841688029508,Widowed,9,Murder,Non-violent,2.317714756849856,2018-10-31,House arrest,1
584,41.816737586161885,Female,White,High school,True,1649.4838971669815,Married,5,Property crime,Violent,7.615832931340504,2018-10-31,House arrest,1
585,37.70171977538541,Female,Hispanic,Graduate school,False,2457.6382850372656,Single,2,Property crime,Non-violent,9.593475085714129,2018-10-31,House arrest,1
586,42.84437708767313,Female,Other,Some college,True,1533.5830603030008,Single,1,Assault,Violent,1.9586528299667636,2018-10-31,House arrest,1
587,36.58340370366605,Male,Hispanic,Graduate school,False,812.991747609492,Single,2,Assault,Non-violent,17.270423923656793,2018-10-31,House arrest,1
588,37.559651323223946,Female,Hispanic,Graduate school,False,2408.2428442087808,Widowed,9,Assault,Violent,14.105888640545235,2018-10-31,House arrest,1
589,40.98830523068585,Male,Black,High school,False,2854.0538462770655,Divorced,10,Theft,Non-violent,4.203961832481234,2018-10-31,House arrest,1
590,38.28683437676383,Female,Other,High school,True,2455.890932372115,Widowed,9,Violent crime,Violent,5.455373009685878,2018-10-31,House arrest,1
591,38.49053130565081,Female,Black,High school,True,2172.554692753153,Single,7,Property crime,Non-violent,14.478091904348258,2018-10-31,House arrest,1
592,42.85764487762433,Male,Hispanic,Bachelor's,False,2185.549938320391,Married,5,Theft,Violent,0.28056124359623436,2018-10-31,House arrest,1
593,47.14041190857617,Male,Hispanic,High school,True,3423.404572051345,Married,7,Murder,Violent,6.077113195863541,2018-10-31,House arrest,0
594,42.58762933633592,Female,White,Bachelor's,True,3852.440460850071,Single,7,Theft,Violent,-7.3407681343674085,2018-10-31,House arrest,0
595,35.94456626094109,Male,Other,Graduate school,False,3923.993107054398,Married,7,Violent crime,Violent,-26.6356357430318,2018-10-31,House arrest,0
596,53.09331087770028,Female,Hispanic,High school,True,3565.3534375933405,Single,4,Violent crime,Violent,-1.0581387616637237,2018-10-31,House arrest,0
597,43.45664316226221,Male,Black,Bachelor's,False,1667.3902107898994,Divorced,3,Property crime,Violent,-1.4583498932044954,2018-10-31,House arrest,1
598,30.69719091390093,Female,White,Bachelor's,True,3459.5800443576413,Divorced,3,Theft,Violent,16.468944635650843,2018-10-31,House arrest,0
599,37.48704465416809,Female,Other,Some college,True,2257.8579822103834,Divorced,6,Drug possession,Non-violent,3.2110561779452955,2018-10-31,House arrest,1
600,40.90377489350927,Male,Black,Bachelor's,False,2702.5668087450854,Single,8,Assault,Violent,25.994474315820053,2018-10-31,House arrest,1
601,28.83427538807323,Male,White,Graduate school,True,2220.345907284628,Divorced,6,Murder,Violent,-1.6484754951027147,2018-10-31,House arrest,0
602,50.457327363626646,Female,White,Some college,False,3148.1153860413697,Married,6,Drug possession,Non-violent,0.4498868995307719,2018-10-31,House arrest,0
603,55.4167547650183,Female,White,Bachelor's,False,2586.5225171447473,Married,3,Property crime,Non-violent,-0.7647049763081872,2018-10-31,House arrest,1
604,54.838345809257696,Male,White,Graduate school,True,1725.7364024384005,Divorced,8,Theft,Non-violent,-0.33778920302391136,2018-10-31,House arrest,0
605,43.232043475112235,Male,White,Some college,True,2109.5147816218873,Divorced,9,Theft,Violent,13.413408096644902,2018-10-31,House arrest,1
606,33.864118901483074,Female,Black,High school,True,2787.140595345028,Single,4,Assault,Non-violent,17.071318629219853,2018-10-31,House arrest,1
607,34.672864589291876,Male,Hispanic,High school,True,2866.668634881326,Single,2,Drug possession,Violent,7.555713412633525,2018-10-31,House arrest,1
608,48.16728560148546,Female,Hispanic,Some college,True,3367.5766931182216,Single,6,Murder,Non-violent,-19.937314732887064,2018-10-31,House arrest,0
609,51.77694666583034,Female,Black,High school,False,2688.920658511476,Divorced,0,Property crime,Non-violent,2.8867872048589,2018-10-31,House arrest,1
610,30.112961590644755,Female,Other,Some college,False,1820.777935539434,Married,9,Violent crime,Violent,11.508656967987383,2018-10-31,House arrest,1
611,36.70548675593972,Female,White,High school,True,1458.913612246485,Single,5,Violent crime,Non-violent,2.9727833720685988,2018-10-31,House arrest,1
612,38.7696730485551,Female,White,Bachelor's,False,3024.858662607894,Married,10,Drug possession,Non-violent,8.273521229094609,2018-10-31,House arrest,0
613,37.17317197785561,Male,Black,Bachelor's,False,2219.1526676667318,Single,2,Assault,Violent,-8.042189353850873,2018-10-31,House arrest,1
614,49.83468564566688,Male,White,High school,False,1404.8733455874774,Widowed,3,Violent crime,Violent,12.987781917542328,2018-10-31,House arrest,1
615,29.830029100522793,Female,White,Bachelor's,True,2688.281452720999,Divorced,2,Drug possession,Non-violent,15.12193941594397,2018-10-31,House arrest,0
616,40.47424728894743,Male,White,Some college,False,3309.7683671618547,Widowed,9,Drug possession,Non-violent,7.415708877816694,2018-10-31,House arrest,1
617,48.41059504711221,Male,Black,Bachelor's,True,2914.2551126194307,Married,5,Assault,Violent,11.399903988733115,2018-10-31,House arrest,0
618,43.404538968045436,Female,White,Bachelor's,False,1482.2001557271926,Married,3,Drug possession,Non-violent,10.702199819331646,2018-10-31,House arrest,1
619,40.2519052743726,Male,Other,Bachelor's,True,2563.30021042662,Divorced,0,Murder,Violent,17.685413911377246,2018-10-31,House arrest,0
620,40.74285410296612,Male,White,Some college,False,1019.0212905401875,Divorced,4,Property crime,Non-violent,7.130417284195618,2018-10-31,House arrest,1
621,44.550325045793464,Female,Other,Bachelor's,False,2387.7855769260104,Divorced,2,Drug possession,Non-violent,17.736077688276637,2018-10-31,House arrest,1
622,35.846284817188135,Female,Black,Graduate school,False,2968.0337901395674,Single,6,Assault,Violent,8.838592767647635,2018-10-31,House arrest,1
623,37.97928061271846,Male,Other,Some college,False,2721.1612033398146,Widowed,1,Theft,Violent,7.601348131927921,2018-10-31,House arrest,1
624,35.72874701446641,Female,Black,Bachelor's,True,1315.2707576849184,Widowed,1,Murder,Non-violent,9.128713919500832,2018-10-31,House arrest,0
625,35.91941846404141,Male,White,Some college,True,2223.8996082803274,Divorced,3,Violent crime,Non-violent,3.8472899439611106,2018-10-31,House arrest,1
626,35.94650991250492,Female,Black,Some college,True,3221.9724734433416,Single,1,Assault,Violent,3.0904009784771835,2018-10-31,House arrest,1
627,22.81902024053355,Female,Other,Bachelor's,True,1225.5586146261678,Divorced,1,Drug possession,Non-violent,0.8742525496386282,2018-10-31,House arrest,0
628,38.88433077261674,Female,White,Bachelor's,True,2299.534191359166,Divorced,2,Assault,Violent,4.261552641617669,2018-10-31,House arrest,0
629,37.66533355189185,Male,Hispanic,Some college,False,3200.766524813688,Single,3,Theft,Non-violent,2.9936372410829546,2018-10-31,House arrest,1
630,45.43917891632344,Female,Other,High school,False,905.2604880650717,Married,7,Assault,Non-violent,-2.47936032590463,2018-10-31,House arrest,1
631,31.77483016733109,Female,Black,Some college,False,1833.6745445946665,Single,3,Theft,Non-violent,-11.574102061014177,2018-10-31,House arrest,1
632,24.883014325970308,Male,White,High school,True,2323.0905559666007,Divorced,9,Drug possession,Non-violent,6.118007012091327,2018-10-31,House arrest,1
633,25.152609066684725,Female,White,Some college,True,1611.4351886533175,Divorced,8,Theft,Violent,15.723465202952813,2018-10-31,House arrest,1
634,39.64197936029462,Female,Black,Bachelor's,False,3901.6909669197667,Widowed,7,Theft,Violent,-5.74624615084365,2018-10-31,House arrest,0
635,51.86669516750057,Male,Other,High school,False,957.5116901635718,Married,10,Assault,Non-violent,1.8982073710228815,2018-10-31,House arrest,1
636,30.964777668447233,Female,Black,Bachelor's,False,2747.176267666643,Married,6,Property crime,Non-violent,25.095543248631564,2018-10-31,House arrest,1
637,45.87091445770179,Male,White,Bachelor's,False,2858.7922385358484,Widowed,6,Theft,Non-violent,28.110771077420885,2018-10-31,House arrest,1
638,49.42311808220785,Female,Black,High school,True,3517.902310794935,Divorced,7,Murder,Violent,20.813560123692476,2018-10-31,House arrest,0
639,52.34068072909023,Female,Hispanic,High school,False,3083.064645873584,Single,8,Theft,Non-violent,24.14258858749743,2018-10-31,House arrest,0
640,40.93698338335868,Male,Black,High school,True,3303.257343426605,Married,0,Drug possession,Violent,-6.844828594935219,2018-10-31,House arrest,1
641,38.91892280692186,Male,Black,Some college,False,1624.1530302495398,Married,8,Assault,Non-violent,-2.497544021131029,2018-10-31,House arrest,1
642,37.377145103014186,Male,White,Bachelor's,False,3264.2802019244014,Widowed,1,Murder,Violent,33.195156914888486,2018-10-31,House arrest,0
643,48.72420306285643,Female,White,Some college,True,1993.8813852641865,Widowed,7,Violent crime,Violent,5.144081626126669,2018-10-31,House arrest,0
644,44.125218126787985,Male,Hispanic,High school,False,4078.6209026302517,Single,7,Assault,Non-violent,3.478300884107299,2018-10-31,House arrest,1
645,39.41770429760747,Female,Other,Some college,True,3090.926319054791,Divorced,3,Assault,Violent,3.4754119174844216,2018-10-31,House arrest,1
646,35.445763651159396,Female,White,Graduate school,False,2699.8698096632365,Divorced,6,Violent crime,Violent,-0.9369522344380989,2018-10-31,House arrest,1
647,26.37458595170358,Male,Hispanic,Bachelor's,True,2683.15508854308,Married,8,Violent crime,Violent,5.74033557918178,2018-10-31,House arrest,0
648,25.384024127483844,Female,Hispanic,Bachelor's,False,1389.0876670729576,Single,5,Violent crime,Violent,4.293450463463313,2018-10-31,House arrest,1
649,47.85471705484842,Male,Other,Bachelor's,True,1394.7080267564454,Widowed,7,Violent crime,Non-violent,6.007393002427829,2018-10-31,House arrest,0
650,23.244874202215144,Male,White,Graduate school,False,3426.567234545656,Divorced,2,Assault,Non-violent,5.825525020536936,2018-10-31,House arrest,0
651,18.34972086032757,Male,Hispanic,Bachelor's,True,2454.9792697401163,Divorced,2,Assault,Non-violent,10.531054661629934,2018-10-31,House arrest,0
652,24.804874606702306,Male,Hispanic,Some college,True,3369.0311689151376,Divorced,1,Assault,Violent,13.25337809094157,2018-10-31,House arrest,1
653,44.39743553124218,Female,Hispanic,Bachelor's,False,2942.8910171960174,Divorced,9,Drug possession,Non-violent,-3.2275209330551586,2018-10-31,House arrest,1
654,39.4295992021585,Female,Black,Some college,False,3160.938705925097,Single,10,Drug possession,Non-violent,0.13135031342102899,2018-10-31,House arrest,1
655,50.27760793321317,Male,Other,Bachelor's,True,1418.1576313728692,Divorced,6,Drug possession,Non-violent,10.7002594842597,2018-10-31,House arrest,0
656,42.15518645198246,Male,Other,High school,False,3057.272629016252,Single,8,Violent crime,Non-violent,-12.807989777788254,2018-10-31,House arrest,1
657,26.71760661101046,Male,White,High school,True,2503.325098317391,Widowed,9,Property crime,Violent,-7.9717096447817575,2018-10-31,House arrest,1
658,43.68977037502355,Female,Other,Bachelor's,True,3257.221535598241,Widowed,9,Murder,Non-violent,-4.80566821530093,2018-10-31,House arrest,0
659,22.993556383740195,Female,Black,Bachelor's,True,1921.2268439125567,Widowed,10,Murder,Violent,3.426111260346514,2018-10-31,House arrest,0
660,47.94693727341542,Female,Hispanic,High school,False,2241.7538678507694,Single,7,Murder,Violent,-1.3386267835413266,2018-10-31,House arrest,1
661,51.502818773445064,Female,Hispanic,Bachelor's,False,2270.387274718935,Divorced,10,Murder,Violent,5.799852043699243,2018-10-31,House arrest,1
662,39.50263230936874,Female,Hispanic,Graduate school,True,2392.9459655470073,Married,9,Murder,Non-violent,15.414839005811334,2018-10-31,House arrest,0
663,39.45787879164021,Female,Hispanic,Bachelor's,True,1891.6844027802706,Divorced,0,Property crime,Violent,6.888409660475721,2018-10-31,House arrest,0
664,56.20131493076384,Male,Black,Some college,False,2484.1069592583453,Single,3,Violent crime,Violent,12.115546945379151,2018-10-31,House arrest,1
665,44.017076450376905,Female,Other,High school,True,2701.437722274446,Married,2,Murder,Non-violent,2.942637864625342,2018-10-31,House arrest,1
666,35.9247572733297,Male,Other,Bachelor's,True,2029.9597310660192,Widowed,6,Theft,Violent,-15.571660346737133,2018-10-31,House arrest,0
667,42.786831010453184,Male,Other,High school,False,1555.7931935724778,Widowed,9,Murder,Violent,6.1788994605183944,2018-10-31,House arrest,1
668,41.965025064562205,Female,Black,High school,False,3020.108981920736,Divorced,3,Theft,Non-violent,-1.2434158195188854,2018-10-31,House arrest,1
669,40.35684088142666,Male,Other,Bachelor's,False,2417.2171464408025,Widowed,8,Drug possession,Non-violent,13.51091797278344,2018-10-31,House arrest,1
670,23.949100454774594,Female,Black,High school,False,75.89402254404968,Widowed,3,Property crime,Non-violent,7.3763998473037695,2018-10-31,House arrest,1
671,29.570226265240777,Male,Hispanic,Some college,False,4080.0716417392405,Widowed,6,Property crime,Non-violent,-14.84834181571777,2018-10-31,House arrest,1
672,47.12458081700656,Female,White,Bachelor's,False,3060.6378968840936,Married,2,Drug possession,Violent,2.365199133961119,2018-10-31,House arrest,0
673,29.120968351172607,Female,Hispanic,Bachelor's,False,2719.991165587903,Married,4,Assault,Non-violent,24.87114163612219,2018-10-31,House arrest,1
674,53.5949849691019,Female,White,Bachelor's,True,1831.4989539280082,Divorced,6,Murder,Non-violent,21.8292475056858,2018-10-31,House arrest,0
675,52.72707081508631,Male,White,Graduate school,False,1927.2366335543848,Single,9,Assault,Violent,4.8563937111929985,2018-10-31,House arrest,1
676,51.0423630060116,Female,Other,Some college,True,2542.881002181516,Single,3,Property crime,Non-violent,20.409601265127957,2018-10-31,House arrest,0
677,34.603346603407346,Male,Other,High school,False,1315.313217065696,Divorced,6,Murder,Non-violent,3.3849525282246473,2018-10-31,House arrest,1
678,41.13712742906588,Male,Hispanic,Bachelor's,False,971.9996535202374,Divorced,1,Drug possession,Violent,-16.690273487481623,2018-10-31,House arrest,1
679,16.997046018418338,Male,Other,Some college,False,1342.7201023832795,Divorced,3,Violent crime,Non-violent,-3.3119139279580168,2018-10-31,House arrest,1
680,31.418476675332514,Female,Hispanic,Graduate school,False,1404.3405004170081,Single,2,Property crime,Violent,4.618598464921498,2018-10-31,House arrest,1
681,38.70042118573498,Male,Hispanic,Some college,False,4097.490967248544,Married,0,Drug possession,Violent,19.439838991906242,2018-10-31,House arrest,1
682,25.079189220245798,Male,Hispanic,High school,False,1494.2752555038057,Married,8,Assault,Non-violent,-1.9369416780377238,2018-10-31,House arrest,1
683,44.95672687473134,Male,Hispanic,Some college,True,4075.656385111337,Married,10,Murder,Non-violent,-3.888841236055983,2018-10-31,House arrest,1
684,31.232777374205394,Female,Hispanic,Some college,True,1655.0474424546287,Divorced,5,Theft,Non-violent,11.71316976563311,2018-10-31,House arrest,1
685,26.718249265873602,Male,Other,Some college,False,5706.08013496055,Married,0,Violent crime,Non-violent,5.762532893974442,2018-10-31,House arrest,1
686,41.447752234607265,Male,Hispanic,Some college,False,2442.871898192135,Widowed,2,Assault,Non-violent,14.207277084891455,2018-10-31,House arrest,1
687,46.93850658359586,Female,Hispanic,High school,True,3509.9869416492456,Divorced,5,Drug possession,Violent,-4.0493814557254275,2018-10-31,House arrest,0
688,59.79023253639704,Female,Hispanic,Some college,True,2426.2052295519893,Divorced,9,Theft,Violent,-2.993514628606465,2018-10-31,House arrest,0
689,35.79516141868214,Female,Hispanic,Some college,True,1311.2884558872875,Married,0,Violent crime,Violent,17.25236561226314,2018-10-31,House arrest,1
690,30.519935503750318,Male,Hispanic,Graduate school,True,2834.2443890170293,Widowed,1,Violent crime,Violent,-1.9519275720488807,2018-10-31,House arrest,0
691,26.592960044648766,Male,Black,High school,False,1238.5891060983497,Single,6,Murder,Non-violent,0.16695798281376373,2018-10-31,House arrest,1
692,40.15956073163451,Male,Black,Graduate school,True,3018.341459118109,Single,5,Murder,Non-violent,-4.628716973626286,2018-10-31,House arrest,0
693,38.533618733269414,Male,Black,Graduate school,True,2660.44227833294,Divorced,3,Murder,Violent,-7.791051736836906,2018-10-31,House arrest,0
694,35.36087570885055,Female,Other,Bachelor's,False,2706.9317921237785,Single,2,Theft,Violent,9.578706666634218,2018-10-31,House arrest,1
695,41.960801267482886,Male,Other,Bachelor's,True,2231.824416490972,Widowed,10,Drug possession,Non-violent,3.1217353857650982,2018-10-31,House arrest,0
696,47.957361699534076,Female,Black,Some college,False,4291.424866940684,Widowed,6,Murder,Non-violent,13.726996424064703,2018-10-31,House arrest,0
697,34.57731143043494,Female,Other,High school,False,3715.2319937545935,Divorced,9,Drug possession,Violent,17.1523223241196,2018-10-31,House arrest,1
698,38.24354828410241,Male,Hispanic,Some college,False,1989.1582956188258,Divorced,4,Property crime,Non-violent,17.78763689443365,2018-10-31,House arrest,1
699,41.991255323322356,Female,Black,Bachelor's,False,636.8814357127228,Divorced,7,Violent crime,Violent,12.431225265844365,2018-10-31,House arrest,1
700,51.950874956874785,Male,Black,Some college,True,2970.917256489679,Widowed,7,Property crime,Non-violent,-2.2453447094377292,2018-10-31,House arrest,0
701,36.86742037693731,Male,Black,High school,False,2296.444827332981,Married,1,Violent crime,Violent,7.823025749926385,2018-10-31,House arrest,1
702,60.85965389276325,Female,Hispanic,Some college,True,3609.0066149464437,Divorced,10,Drug possession,Non-violent,-26.28331029225643,2018-10-31,House arrest,0
703,27.03826992298179,Male,Black,Graduate school,False,4103.274042544064,Widowed,1,Violent crime,Non-violent,11.982441335281667,2018-10-31,House arrest,0
704,58.05194218042405,Female,White,Graduate school,False,1151.436122439017,Married,0,Murder,Non-violent,8.538454834682845,2018-10-31,House arrest,1
705,54.85035476140924,Male,Hispanic,Some college,True,843.5755280584287,Single,0,Assault,Violent,-5.2751621364950445,2018-10-31,House arrest,0
706,34.09340304598501,Male,Hispanic,Some college,True,2828.016171536312,Married,6,Drug possession,Violent,3.5152692626144777,2018-10-31,House arrest,1
707,32.48042376343852,Male,Black,Some college,True,2254.069889321546,Divorced,3,Theft,Violent,-7.7375522754338455,2018-10-31,House arrest,1
708,39.36181167104185,Male,White,Some college,True,4602.041505609123,Married,7,Assault,Violent,23.70981634962202,2018-10-31,House arrest,1
709,29.722113171651785,Male,White,High school,True,-56.19868363019668,Single,1,Property crime,Non-violent,6.3668217654087105,2018-10-31,House arrest,1
710,38.83488658834044,Female,Other,High school,False,2643.06621992989,Divorced,8,Drug possession,Violent,-12.496239904279868,2018-10-31,House arrest,1
711,50.082394535045424,Female,Hispanic,Some college,False,2402.232341377632,Single,5,Assault,Non-violent,2.7347375939415115,2018-10-31,House arrest,1
712,41.33027516622995,Female,Other,Some college,True,3160.736664517451,Divorced,7,Violent crime,Non-violent,-7.136896398376072,2018-10-31,House arrest,1
713,32.401419016130376,Male,Other,Bachelor's,False,1481.873195329048,Widowed,6,Violent crime,Non-violent,24.813903540491996,2018-10-31,House arrest,1
714,41.08245752020647,Female,White,Graduate school,True,3767.6702941157237,Married,1,Murder,Violent,25.7376435057448,2018-10-31,House arrest,0
715,33.49931912585794,Female,Hispanic,High school,False,2393.060914431774,Married,6,Assault,Violent,2.4318434331361303,2018-10-31,House arrest,1
716,34.546393303987344,Female,Black,Some college,False,2605.459154365307,Widowed,0,Assault,Violent,17.23717376070758,2018-10-31,House arrest,1
717,39.969294128298706,Female,Other,Bachelor's,False,1588.7538548802927,Widowed,0,Violent crime,Non-violent,6.93371124369774,2018-10-31,House arrest,1
718,24.880889996920143,Male,White,High school,True,2751.5549887411166,Divorced,9,Theft,Non-violent,-13.54215852665017,2018-10-31,House arrest,1
719,35.08639739407606,Male,White,Graduate school,True,4687.724262255202,Single,8,Drug possession,Violent,6.877095727620878,2018-10-31,House arrest,0
720,52.04329232102478,Female,Hispanic,Graduate school,False,3033.6467625253767,Single,8,Theft,Non-violent,-11.268572830425242,2018-10-31,House arrest,0
721,51.75120978190872,Male,Other,Some college,True,3636.86979937025,Married,7,Property crime,Non-violent,-6.181533040133857,2018-10-31,House arrest,0
722,40.329604473300755,Female,Hispanic,Graduate school,True,822.9479834590236,Married,8,Murder,Non-violent,5.021380987751397,2018-10-31,House arrest,0
723,49.51072914739593,Female,Hispanic,High school,True,2637.942284199277,Married,0,Drug possession,Non-violent,-0.8152050715492356,2018-10-31,House arrest,0
724,32.817334507235834,Male,Other,Graduate school,False,3309.483455513586,Single,8,Violent crime,Non-violent,-9.91697635270043,2018-10-31,House arrest,0
725,28.220792028548047,Male,Hispanic,Graduate school,False,2437.1463757817787,Widowed,6,Violent crime,Violent,11.2068344844337,2018-10-31,House arrest,1
726,40.48613589034037,Male,Hispanic,Bachelor's,False,2101.0617396113735,Divorced,4,Assault,Non-violent,8.14860933340072,2018-10-31,House arrest,1
727,39.54891555163017,Male,White,Bachelor's,True,2599.6523407533605,Single,3,Theft,Non-violent,-8.508947148082694,2018-10-31,House arrest,0
728,54.163670247720034,Male,White,Bachelor's,False,2834.595747766742,Divorced,10,Assault,Non-violent,6.364637658846366,2018-10-31,House arrest,1
729,49.961470451740986,Male,Other,High school,False,2164.8990712969744,Widowed,9,Drug possession,Non-violent,31.965780414304636,2018-10-31,House arrest,1
730,29.780089710777986,Male,Hispanic,Bachelor's,False,2750.688693554002,Single,7,Theft,Non-violent,-7.971565357855665,2018-10-31,House arrest,1
731,25.897204676081422,Male,Other,Some college,False,1661.8359419763215,Widowed,9,Drug possession,Violent,-6.65327902041167,2018-10-31,House arrest,1
732,36.738489077795876,Female,Other,Bachelor's,True,1820.8840203116315,Single,4,Theft,Violent,-1.485785310654153,2018-10-31,House arrest,0
733,35.03410441601507,Female,White,Bachelor's,True,-362.52762761633085,Widowed,8,Drug possession,Violent,18.502160188915013,2018-10-31,House arrest,0
734,33.898631818935435,Female,White,Bachelor's,False,3908.2297045478253,Single,8,Property crime,Non-violent,7.1004079266409414,2018-10-31,House arrest,0
735,55.5292331302613,Male,Other,Some college,True,2327.7016763159722,Divorced,8,Assault,Violent,11.624721439117335,2018-10-31,House arrest,0
736,19.340484828642822,Female,White,Some college,True,1958.3706067015955,Widowed,6,Drug possession,Violent,-10.827841399262274,2018-10-31,House arrest,1
737,61.125174387885,Male,White,Bachelor's,True,2300.181555267322,Widowed,8,Murder,Violent,7.464135996959762,2018-10-31,House arrest,0
738,27.335964672366714,Male,White,High school,True,2846.4868815806503,Divorced,6,Drug possession,Violent,0.05097357729268914,2018-10-31,House arrest,1
739,54.040815876882775,Female,Hispanic,Graduate school,False,3565.4554384065204,Married,9,Drug possession,Violent,8.852443008287242,2018-10-31,House arrest,0
740,41.213055053052905,Male,Black,Graduate school,True,2718.2957710054834,Divorced,2,Theft,Non-violent,22.736500419750676,2018-10-31,House arrest,0
741,19.876418210474732,Female,Other,Bachelor's,False,2040.7699443848849,Widowed,7,Assault,Violent,-5.844779736853713,2018-10-31,House arrest,1
742,42.107593102371936,Female,Other,High school,False,1417.0409226305069,Divorced,6,Property crime,Violent,7.59442287775097,2018-10-31,House arrest,1
743,33.828597387669674,Male,Hispanic,High school,True,2875.358748363408,Married,2,Drug possession,Violent,4.397144162274262,2018-10-31,House arrest,1
744,49.146584765651376,Female,Hispanic,Some college,False,3699.546798934798,Married,1,Property crime,Violent,4.3625116004812785,2018-10-31,House arrest,0
745,37.86293666360309,Male,Hispanic,Bachelor's,False,2275.0310003529544,Married,5,Theft,Non-violent,1.1982191500185255,2018-10-31,House arrest,1
746,36.71577020876738,Male,Other,High school,True,2368.583827109625,Married,5,Drug possession,Violent,8.956627845568379,2018-10-31,House arrest,1
747,34.993988673163706,Female,Other,Some college,True,4174.91922350072,Widowed,6,Property crime,Non-violent,5.600387356618233,2018-10-31,House arrest,1
748,34.27898299262789,Female,White,High school,True,2586.7736595022116,Married,0,Property crime,Violent,12.0244328282919,2018-10-31,House arrest,1
749,37.18292605823129,Female,Other,Some college,True,2242.0834403754775,Married,6,Violent crime,Non-violent,0.618363827719489,2018-10-31,House arrest,1
750,59.463249237152056,Female,White,Some college,False,2012.5565778739503,Married,9,Theft,Non-violent,15.015966129087516,2018-10-31,House arrest,1
751,47.81135201480335,Male,White,Graduate school,False,2243.108305178074,Single,3,Property crime,Violent,2.6922569948691226,2018-10-31,House arrest,1
752,46.893583220533685,Female,Other,Bachelor's,True,2732.056577542309,Divorced,3,Violent crime,Violent,25.472061982090857,2018-10-31,House arrest,0
753,38.84617657952558,Female,Hispanic,Bachelor's,True,3160.385794635853,Divorced,10,Assault,Non-violent,-12.028256993463053,2018-10-31,House arrest,0
754,40.848144779052284,Female,Hispanic,Graduate school,True,2428.8588277450326,Divorced,7,Theft,Non-violent,19.341019966935985,2018-10-31,House arrest,0
755,38.850120386087646,Female,Other,Graduate school,False,2163.1280164948357,Single,2,Violent crime,Violent,1.1858169847670692,2018-10-31,House arrest,1
756,33.321849702551106,Male,Other,High school,True,2005.3877304698508,Single,6,Drug possession,Non-violent,15.398983832789837,2018-10-31,House arrest,1
757,48.33861629970463,Female,Black,Graduate school,False,2800.5257122223807,Single,1,Violent crime,Non-violent,18.290555374470696,2018-10-31,House arrest,1
758,43.57927933939326,Male,White,Bachelor's,True,3399.7717596761886,Widowed,4,Drug possession,Violent,10.775923901752197,2018-10-31,House arrest,0
759,44.11131875286342,Male,Other,High school,False,1735.524396223626,Divorced,5,Murder,Non-violent,8.366774519149459,2018-10-31,House arrest,1
760,52.08940765754693,Male,Black,Bachelor's,True,1208.9942266822045,Single,10,Assault,Non-violent,-0.5164810120233181,2018-10-31,House arrest,0
761,50.82384332058348,Female,Hispanic,Some college,True,2154.3508845130395,Married,1,Murder,Non-violent,-0.5815784921911682,2018-10-31,House arrest,0
762,30.828909609759645,Female,Other,Bachelor's,False,2137.67606563942,Single,1,Violent crime,Non-violent,10.57136248791108,2018-10-31,House arrest,1
763,49.95682074186322,Male,Other,Graduate school,False,3359.3057145811426,Married,1,Theft,Non-violent,14.798309288165495,2018-10-31,House arrest,0
764,41.16687645801074,Male,Other,Some college,False,781.810194000353,Single,1,Assault,Violent,-2.1618283507230727,2018-10-31,House arrest,1
765,43.124835660149344,Female,Black,Graduate school,False,2523.7680535897293,Married,3,Violent crime,Violent,5.684426429523108,2018-10-31,House arrest,1
766,37.2686936201627,Male,Other,Bachelor's,True,1823.2977737180108,Single,3,Murder,Non-violent,3.1076469425053257,2018-10-31,House arrest,0
767,32.3214852947284,Male,White,High school,False,2807.225769314385,Divorced,5,Violent crime,Violent,22.633295651050215,2018-10-31,House arrest,1
768,37.007089357402634,Male,Other,High school,False,4042.399283016414,Single,4,Property crime,Violent,8.386828812297132,2018-10-31,House arrest,1
769,53.135155031855994,Male,Other,Bachelor's,False,926.0443755408919,Married,7,Theft,Violent,26.216901624125434,2018-10-31,House arrest,1
770,34.2821420466308,Female,White,High school,False,2006.0333484024109,Divorced,2,Assault,Violent,10.033476502750013,2018-10-31,House arrest,1
771,38.09921623830011,Female,Other,Some college,True,2186.0274287670877,Married,10,Drug possession,Non-violent,12.77857468202182,2018-10-31,House arrest,1
772,50.746030840859206,Male,White,Bachelor's,True,1487.8758037604778,Widowed,8,Murder,Violent,4.772059529802916,2018-10-31,House arrest,0
773,29.136148936232964,Female,Black,High school,True,688.020413785277,Single,5,Theft,Non-violent,17.166945836001954,2018-10-31,House arrest,1
774,48.76314529221044,Female,Other,Some college,False,-216.71594864673898,Divorced,5,Drug possession,Non-violent,1.0196107807160986,2018-10-31,House arrest,1
775,48.74765681246961,Male,White,Some college,False,2337.591522968072,Widowed,10,Murder,Non-violent,12.752967405382096,2018-10-31,House arrest,1
776,35.194136248601765,Female,Black,Some college,True,2157.944185719042,Married,7,Property crime,Violent,4.4407009956897125,2018-10-31,House arrest,1
777,32.39644639155763,Female,White,Graduate school,False,1493.274571333728,Single,2,Property crime,Non-violent,4.434051331406646,2018-10-31,House arrest,1
778,35.78491453412894,Female,Black,High school,False,2741.1864971030645,Divorced,10,Murder,Violent,-1.270373913989106,2018-10-31,House arrest,1
779,37.167752120807776,Male,Other,Some college,False,1127.9798028960372,Widowed,9,Assault,Violent,12.76990105557459,2018-10-31,House arrest,1
780,38.05661238034341,Female,Other,High school,False,4291.006426858465,Divorced,6,Property crime,Violent,4.91336731553583,2018-10-31,House arrest,1
781,42.606735881972355,Female,Black,High school,True,3850.957708162812,Single,7,Property crime,Non-violent,5.644806349871928,2018-10-31,House arrest,1
782,44.3734776260587,Male,Black,High school,False,1253.226997737616,Divorced,10,Violent crime,Violent,-4.315615717124047,2018-10-31,House arrest,1
783,43.6725885289116,Female,Other,Some college,False,2511.5681576913194,Married,5,Theft,Violent,-20.84092122633011,2018-10-31,House arrest,1
784,36.62547614517575,Male,Other,Some college,True,2190.304619139638,Divorced,4,Murder,Non-violent,-7.014938312604183,2018-10-31,House arrest,1
785,19.998804274426497,Male,Hispanic,High school,True,3758.8895805070842,Married,5,Theft,Non-violent,-4.049389010546507,2018-10-31,House arrest,1
786,42.421463265094225,Female,Black,Some college,False,2270.820942439312,Single,4,Violent crime,Non-violent,-8.91034523473274,2018-10-31,House arrest,1
787,44.95149515665806,Male,White,Graduate school,False,3858.2045598356112,Widowed,4,Property crime,Violent,-17.23901302431683,2018-10-31,House arrest,0
788,27.93442614589768,Female,Other,Bachelor's,False,2917.9522027767416,Single,7,Theft,Non-violent,15.401285047190216,2018-10-31,House arrest,1
789,33.114367232415375,Female,Hispanic,Graduate school,True,1838.2855465513007,Widowed,9,Drug possession,Non-violent,14.891750420890306,2018-10-31,House arrest,0
790,46.75811296128983,Female,Hispanic,Bachelor's,True,2054.249793678262,Married,9,Murder,Non-violent,-7.184086715148695,2018-10-31,House arrest,0
791,22.18534513052029,Female,White,Some college,False,834.9068747084316,Divorced,4,Assault,Non-violent,-3.8102600469452774,2018-10-31,House arrest,1
792,48.93667631780764,Female,Hispanic,High school,True,2845.1375443709508,Single,0,Property crime,Non-violent,7.349535627015966,2018-10-31,House arrest,0
793,46.59996933550822,Male,White,High school,True,4609.74448648043,Widowed,4,Property crime,Non-violent,4.139404991648002,2018-10-31,House arrest,0
794,43.757935449242815,Female,Other,Bachelor's,False,1766.8305822067182,Widowed,8,Theft,Violent,7.103556420744128,2018-10-31,House arrest,1
795,52.66710313821715,Female,Hispanic,Bachelor's,True,1865.5910015274249,Single,10,Assault,Non-violent,9.741956190515038,2018-10-31,House arrest,0
796,55.795556620684096,Male,Other,High school,True,4208.707745895429,Single,5,Drug possession,Non-violent,18.40074740224083,2018-10-31,House arrest,0
797,50.459956269877594,Male,Black,Some college,True,2280.872676849917,Married,4,Property crime,Violent,15.482478165249347,2018-10-31,House arrest,0
798,54.94733201872351,Male,White,Some college,True,4673.283643289821,Widowed,2,Theft,Non-violent,16.032849478902808,2018-10-31,House arrest,0
799,27.669229122377192,Male,Hispanic,Graduate school,True,2592.8106958060985,Single,7,Murder,Non-violent,-8.463352973959902,2018-10-31,House arrest,0
800,42.22015230985726,Male,Other,Graduate school,False,1637.7362326788673,Widowed,3,Violent crime,Non-violent,18.668488940773813,2018-10-31,House arrest,1
801,24.79299181207155,Male,Hispanic,Graduate school,False,3118.3437964344416,Married,1,Theft,Non-violent,10.975560814431997,2018-10-31,House arrest,0
802,29.352926158286685,Female,Black,Bachelor's,True,2001.6143793073047,Married,1,Assault,Violent,2.1709203689929124,2018-10-31,House arrest,0
803,53.640694161687065,Female,Black,High school,True,2724.5756430225556,Married,0,Property crime,Non-violent,23.829813887535924,2018-10-31,House arrest,0
804,27.329007427615405,Female,Hispanic,Graduate school,False,847.5071435421321,Divorced,6,Drug possession,Violent,-13.629975326412932,2018-10-31,House arrest,1
805,52.98519562102667,Female,White,Some college,False,3849.141870494896,Divorced,9,Murder,Non-violent,-7.214022869019669,2018-10-31,House arrest,0
806,29.02908324437599,Female,Hispanic,Some college,True,3256.773549795014,Divorced,3,Assault,Violent,3.021095709393645,2018-10-31,House arrest,1
807,44.60540308295964,Male,Hispanic,Some college,True,1493.9162849337251,Single,5,Property crime,Non-violent,7.65125167323712,2018-10-31,House arrest,1
808,30.990504419466024,Male,Hispanic,Bachelor's,False,2287.7825003603793,Single,8,Drug possession,Non-violent,-3.636677398684334,2018-10-31,House arrest,1
809,50.71770528675673,Female,White,Graduate school,False,3692.0342328842135,Divorced,8,Theft,Violent,-7.341267225672112,2018-10-31,House arrest,0
810,47.511761248360344,Female,White,Some college,False,2257.2950095228884,Married,8,Assault,Non-violent,5.975943081364855,2018-10-31,House arrest,1
811,36.929417638102635,Female,White,Graduate school,True,1316.3494553816997,Widowed,7,Drug possession,Violent,7.012793271807514,2018-10-31,House arrest,0
812,31.590519990431442,Female,Other,Bachelor's,True,2731.2897953249517,Single,6,Property crime,Non-violent,-8.640604481207214,2018-10-31,House arrest,0
813,38.12185742535073,Female,White,Some college,True,137.06033405605194,Divorced,6,Violent crime,Violent,-3.5881885482746743,2018-10-31,House arrest,1
814,44.12567542534346,Male,Other,High school,True,3823.3170153802166,Widowed,6,Assault,Non-violent,5.810685579260865,2018-10-31,House arrest,1
815,32.404109652063,Female,Hispanic,Bachelor's,False,1542.2169053465198,Single,0,Assault,Violent,-11.188992346244333,2018-10-31,House arrest,1
816,24.089729104433808,Female,Other,Bachelor's,True,4790.907185695791,Single,4,Theft,Violent,8.563074831961787,2018-10-31,House arrest,0
817,56.16559352128628,Male,Other,Graduate school,False,3475.4213570159854,Married,10,Theft,Violent,14.635398791389404,2018-10-31,House arrest,0
818,37.59994802106243,Male,White,High school,True,2865.4382198724866,Married,5,Violent crime,Non-violent,15.609492074436076,2018-10-31,House arrest,1
819,30.32332748057491,Male,White,Bachelor's,False,3440.9254323250007,Divorced,9,Murder,Violent,20.27040501291895,2018-10-31,House arrest,0
820,56.06481598274711,Male,Black,Bachelor's,True,2156.576968155156,Divorced,0,Assault,Violent,-7.9268531524815256,2018-10-31,House arrest,0
821,49.86141290310617,Male,Other,Bachelor's,True,3823.3620579893327,Divorced,0,Drug possession,Non-violent,10.016379136850682,2018-10-31,House arrest,0
822,42.01724426999047,Male,White,Bachelor's,False,3682.5651308718097,Divorced,6,Property crime,Violent,17.960860863361702,2018-10-31,House arrest,0
823,34.27959179695961,Female,Black,Bachelor's,False,3330.249179854564,Widowed,3,Property crime,Non-violent,8.608819655869235,2018-10-31,House arrest,0
824,38.087395686988565,Male,Hispanic,Bachelor's,False,2975.0286229191083,Divorced,0,Theft,Non-violent,-7.722954684692429,2018-10-31,House arrest,1
825,35.107178632335916,Male,Hispanic,High school,True,3090.2028383544475,Single,7,Drug possession,Non-violent,-9.475659410748793,2018-10-31,House arrest,1
826,38.45442371016332,Male,Hispanic,Some college,False,2183.478800905692,Divorced,0,Property crime,Non-violent,-1.4638233225347097,2018-10-31,House arrest,1
827,42.51512655179342,Male,White,High school,False,1386.7710740566963,Widowed,7,Theft,Violent,14.075720281749225,2018-10-31,House arrest,1
828,41.788790743145256,Male,Other,High school,True,3091.507207580547,Divorced,1,Property crime,Violent,-7.200545676572547,2018-10-31,House arrest,1
829,45.81461408562464,Male,Hispanic,Some college,True,958.1443487326592,Married,0,Theft,Violent,-5.0329779047103145,2018-10-31,House arrest,0
830,40.598848324718794,Female,White,Graduate school,False,873.1049079960201,Single,1,Property crime,Non-violent,14.36443317179925,2018-10-31,House arrest,1
831,43.44418128747221,Male,Other,High school,True,734.1010663037903,Single,7,Violent crime,Violent,-2.255824605974909,2018-10-31,House arrest,1
832,66.89702962460444,Female,Black,Graduate school,True,2926.4179983609692,Married,8,Drug possession,Non-violent,-5.985403272288384,2018-10-31,House arrest,0
833,39.080175984383246,Male,Black,Some college,False,2869.4896688995636,Married,3,Theft,Violent,20.53832105728128,2018-10-31,House arrest,1
834,37.93011567843407,Female,Hispanic,Graduate school,True,1951.0307400642987,Single,3,Violent crime,Violent,22.29594430044145,2018-10-31,House arrest,0
835,40.97046787200698,Female,Other,High school,False,3235.0465662706793,Married,3,Murder,Violent,5.025765169583121,2018-10-31,House arrest,1
836,46.794832161761434,Male,Black,Bachelor's,False,1110.5628798379712,Single,3,Property crime,Non-violent,6.050487544928171,2018-10-31,House arrest,1
837,19.052021799945628,Male,Black,Some college,False,3255.46430992947,Married,0,Drug possession,Non-violent,22.566691135023234,2018-10-31,House arrest,1
838,38.154348565830446,Male,Other,Some college,True,3316.726465388378,Divorced,6,Drug possession,Non-violent,-6.173153897038153,2018-10-31,House arrest,1
839,18.352884803325452,Male,Hispanic,High school,False,3585.5326008142997,Single,2,Assault,Violent,10.84730622480218,2018-10-31,House arrest,1
840,47.533915952696,Male,White,High school,True,2104.5726524546267,Married,6,Murder,Non-violent,9.929447668096683,2018-10-31,House arrest,0
841,35.441756311696906,Male,White,Some college,True,1377.513684306154,Single,5,Assault,Violent,3.2169171507624545,2018-10-31,House arrest,1
842,36.63127989772625,Female,White,Some college,False,623.521501613259,Married,10,Violent crime,Violent,-9.608182862086547,2018-10-31,House arrest,1
843,42.01205604960756,Male,Hispanic,Some college,False,2292.578170958356,Widowed,8,Theft,Non-violent,-3.4613711173253545,2018-10-31,House arrest,1
844,49.91434265603587,Male,Black,Some college,False,3162.7480992141777,Single,1,Violent crime,Non-violent,12.307931874482676,2018-10-31,House arrest,0
845,38.96068358300533,Female,Other,High school,False,1993.2264435768102,Divorced,1,Murder,Non-violent,-3.6096418808892885,2018-10-31,House arrest,1
846,36.69706420512692,Male,Other,Some college,False,1355.4646076455595,Widowed,7,Theft,Violent,3.245610156117924,2018-10-31,House arrest,1
847,9.425107346829016,Male,Hispanic,Some college,False,2147.33615302254,Divorced,9,Violent crime,Violent,0.09921198522191954,2018-10-31,House arrest,1
848,35.45616926765447,Female,White,Graduate school,False,3212.0095638633948,Married,9,Drug possession,Violent,-4.238617963292439,2018-10-31,House arrest,0
849,23.82310443095178,Female,Black,Some college,True,1417.7131683021692,Married,8,Theft,Violent,-2.906619226220056,2018-10-31,House arrest,1
850,16.561549481054293,Female,White,Bachelor's,False,3979.2219635539495,Single,5,Theft,Non-violent,4.387673685876124,2018-10-31,House arrest,0
851,28.66242168697448,Male,Black,Some college,True,2763.5663253520165,Married,10,Property crime,Violent,10.09754488530352,2018-10-31,House arrest,1
852,31.979548347426995,Female,White,High school,True,3153.8355141365473,Married,0,Assault,Non-violent,1.5755220389619078,2018-10-31,House arrest,1
853,60.32453644621167,Male,Other,Bachelor's,True,761.1436894087155,Single,7,Murder,Violent,15.01749430285775,2018-10-31,House arrest,0
854,57.21390998108164,Male,White,Some college,False,2203.2607445400986,Divorced,0,Drug possession,Non-violent,-2.9758786945741322,2018-10-31,House arrest,1
855,38.748376516389214,Male,Other,Graduate school,True,2715.3604698997806,Widowed,4,Violent crime,Violent,11.013121065718497,2018-10-31,House arrest,0
856,39.96618309809978,Female,White,Some college,True,3059.342670856556,Single,10,Drug possession,Non-violent,6.795335719048614,2018-10-31,House arrest,1
857,36.26005031949155,Female,Hispanic,Some college,True,2672.5934450131244,Single,4,Property crime,Violent,2.918504067741715,2018-10-31,House arrest,1
858,28.573054218941106,Male,Hispanic,Bachelor's,False,2354.869727602877,Divorced,9,Theft,Violent,16.132064296015795,2018-10-31,House arrest,1
859,31.247299616576136,Female,Other,Graduate school,True,1438.5314740351664,Married,7,Property crime,Violent,4.090944218502887,2018-10-31,House arrest,0
860,54.99618789608737,Female,White,Some college,False,3370.052649314961,Divorced,9,Violent crime,Violent,19.607925679993752,2018-10-31,House arrest,0
861,52.23002575337031,Male,White,Bachelor's,False,1834.4540462032119,Single,0,Violent crime,Violent,14.765601308657514,2018-10-31,House arrest,1
862,41.306897212863674,Female,White,High school,True,2711.6848330403986,Single,2,Drug possession,Non-violent,22.238974540779367,2018-10-31,House arrest,1
863,31.741958759078376,Male,White,Some college,True,2633.2481015827684,Divorced,6,Murder,Non-violent,9.499535943028704,2018-10-31,House arrest,1
864,30.008389563800467,Male,Other,High school,True,3226.1460840696063,Widowed,8,Violent crime,Non-violent,-10.191144397834005,2018-10-31,House arrest,1
865,28.92668519151873,Female,White,Graduate school,True,3247.510863473823,Widowed,4,Property crime,Violent,-7.443672198234879,2018-10-31,House arrest,0
866,45.69201473904616,Female,Black,Bachelor's,True,2962.2560883339584,Widowed,4,Assault,Violent,3.691963703399139,2018-10-31,House arrest,0
867,38.80334181748068,Female,Hispanic,Some college,False,1858.452136976121,Married,3,Violent crime,Violent,14.611113730964002,2018-10-31,House arrest,1
868,26.649371769617368,Male,White,Some college,True,2372.14549106797,Divorced,8,Property crime,Violent,11.480826969446404,2018-10-31,House arrest,1
869,44.60541381943538,Female,White,High school,True,1962.6094084793085,Married,0,Property crime,Violent,-8.322037467675866,2018-10-31,House arrest,1
870,36.48694119409866,Female,White,Bachelor's,False,1927.4847125832944,Widowed,5,Theft,Violent,-17.53001433721756,2018-10-31,House arrest,1
871,48.281321562968486,Female,White,Some college,False,3703.097782504415,Widowed,4,Property crime,Non-violent,-5.66925200621424,2018-10-31,House arrest,0
872,33.40635789723409,Male,Black,Graduate school,False,5501.832923524684,Single,10,Theft,Non-violent,-3.0129220953271147,2018-10-31,House arrest,0
873,39.776278013041676,Female,Hispanic,Bachelor's,False,2857.93424497833,Divorced,10,Drug possession,Violent,0.3161689875530733,2018-10-31,House arrest,1
874,34.16839066959542,Male,Black,Some college,False,1792.700531736099,Divorced,0,Murder,Violent,-7.477578637788788,2018-10-31,House arrest,1
875,33.95493414881601,Male,White,Some college,False,2614.921998649088,Divorced,4,Violent crime,Violent,22.362312841459858,2018-10-31,House arrest,1
876,36.89323304056513,Female,Black,High school,True,1758.797648174184,Widowed,7,Drug possession,Non-violent,2.7088095007527677,2018-10-31,House arrest,1
877,53.572933834424674,Female,Hispanic,Graduate school,True,3051.165061932309,Divorced,0,Property crime,Non-violent,25.78242974890454,2018-10-31,House arrest,0
878,53.742594586831984,Male,Other,Graduate school,True,1324.4149944098326,Married,7,Assault,Violent,-5.502571896125911,2018-10-31,House arrest,0
879,49.76543145185221,Male,White,Some college,True,1694.7182271601491,Single,2,Murder,Violent,2.9604178826599044,2018-10-31,House arrest,0
880,44.375945791557015,Female,White,Graduate school,False,2363.3345674776992,Single,9,Assault,Non-violent,12.898482659495802,2018-10-31,House arrest,1
881,38.14747719347679,Female,Hispanic,Graduate school,False,2729.657289020139,Single,4,Theft,Non-violent,25.206839315121556,2018-10-31,House arrest,1
882,50.35947704679657,Male,Black,Bachelor's,True,2124.2137877843516,Widowed,10,Assault,Violent,19.625724576557676,2018-10-31,House arrest,0
883,54.07060418293487,Male,Other,High school,True,2532.1831207005225,Widowed,8,Murder,Violent,-2.4920814160640177,2018-10-31,House arrest,0
884,39.97164243120161,Female,Black,Graduate school,True,2737.091399123392,Divorced,3,Assault,Non-violent,16.130719774747547,2018-10-31,House arrest,0
885,34.82003587600218,Female,Other,High school,True,1840.0238999631665,Widowed,9,Property crime,Violent,12.190699488760286,2018-10-31,House arrest,1
886,35.37436161753424,Male,Hispanic,Bachelor's,False,1389.4812749337423,Divorced,2,Theft,Violent,-13.775664156606283,2018-10-31,House arrest,1
887,41.973831973398205,Male,Hispanic,Bachelor's,True,2175.134507676169,Single,4,Drug possession,Violent,-1.166378425071053,2018-10-31,House arrest,0
888,51.835584239088355,Male,Other,Graduate school,False,315.37386405063717,Divorced,5,Murder,Violent,-1.9347318469437758,2018-10-31,House arrest,1
889,62.795819503935654,Male,Other,Some college,False,836.932439019211,Single,4,Assault,Violent,5.586832352644795,2018-10-31,House arrest,1
890,39.59621322429015,Male,Hispanic,High school,True,2309.538763537213,Married,6,Drug possession,Non-violent,7.8156576132274775,2018-10-31,House arrest,1
891,56.26929856573621,Male,White,Bachelor's,False,3784.065310295602,Divorced,4,Drug possession,Non-violent,-0.8003147253827105,2018-10-31,House arrest,0
892,42.24564515876975,Male,White,High school,True,1125.0757645947892,Married,2,Violent crime,Non-violent,12.2738950562206,2018-10-31,House arrest,1
893,30.12536840735608,Male,Black,High school,False,986.6147360022132,Divorced,2,Theft,Non-violent,4.062996487484549,2018-10-31,House arrest,1
894,38.55561773576679,Male,Hispanic,High school,False,3507.578602659336,Divorced,10,Murder,Violent,12.57040660367517,2018-10-31,House arrest,1
895,34.09299294071928,Female,Other,Some college,True,2701.9257148368856,Widowed,6,Assault,Non-violent,-9.167719477309946,2018-10-31,House arrest,1
896,45.39771696344042,Female,Other,Some college,True,3496.130543368799,Widowed,9,Violent crime,Violent,9.183285701458034,2018-10-31,House arrest,0
897,51.22217755993769,Female,Other,High school,False,1731.7597529718141,Widowed,7,Drug possession,Non-violent,15.14818140751932,2018-10-31,House arrest,1
898,53.936619481012364,Female,Other,Bachelor's,False,2623.083261550082,Divorced,9,Drug possession,Non-violent,-6.035977394261987,2018-10-31,House arrest,1
899,53.54339250804423,Female,Hispanic,Bachelor's,False,3074.2176990889743,Divorced,2,Drug possession,Non-violent,20.607532960905935,2018-10-31,House arrest,0
900,35.143396291090234,Female,Black,Graduate school,False,1994.4784269482357,Divorced,7,Assault,Violent,4.346717086333234,2018-10-31,House arrest,1
901,41.46764198350026,Female,Other,Some college,True,3368.109545327913,Widowed,6,Murder,Non-violent,4.909447413737527,2018-10-31,House arrest,1
902,36.57050936646235,Female,Hispanic,Graduate school,False,3009.675935425237,Widowed,6,Drug possession,Non-violent,4.068150909868809,2018-10-31,House arrest,0
903,38.59794579058135,Female,Hispanic,Graduate school,False,2329.5781423713493,Married,10,Property crime,Non-violent,-8.855774040600306,2018-10-31,House arrest,1
904,33.060258720944546,Female,Other,Graduate school,True,2187.718785083744,Widowed,10,Murder,Non-violent,3.1306909757082866,2018-10-31,House arrest,0
905,56.98468392836495,Male,Hispanic,Graduate school,False,534.5300028360232,Married,4,Assault,Non-violent,0.8784617732360305,2018-10-31,House arrest,1
906,36.421278402072446,Female,Hispanic,Some college,True,2736.3208481643333,Married,1,Murder,Non-violent,8.879144747254943,2018-10-31,House arrest,1
907,45.14769304708595,Male,Black,Bachelor's,False,2946.1770081230725,Married,10,Violent crime,Non-violent,8.48477782668559,2018-10-31,House arrest,1
908,37.64611124038783,Female,Black,High school,False,2443.9382858399317,Single,4,Violent crime,Non-violent,19.52930732900026,2018-10-31,House arrest,1
909,56.09657595918311,Female,Black,Some college,False,2046.640768647481,Widowed,8,Murder,Non-violent,2.330640187203809,2018-10-31,House arrest,1
910,44.72349480881626,Female,Hispanic,High school,True,3693.984880953719,Married,10,Theft,Non-violent,5.380119625567115,2018-10-31,House arrest,1
911,35.57872094197605,Male,Black,Graduate school,True,2186.2943847601987,Single,8,Assault,Violent,19.500293769290863,2018-10-31,House arrest,0
912,31.413914891691405,Female,Black,Graduate school,False,3096.791208346832,Widowed,8,Theft,Non-violent,-4.825809216613333,2018-10-31,House arrest,0
913,43.13792623898297,Male,White,Some college,True,2982.6333055231134,Married,2,Murder,Non-violent,9.62796050218845,2018-10-31,House arrest,1
914,34.3771514715935,Female,Hispanic,High school,False,2285.562627734791,Married,7,Drug possession,Non-violent,5.8070706455298735,2018-10-31,House arrest,1
915,29.682927495308512,Female,Black,Some college,True,1806.1890192318738,Widowed,8,Violent crime,Violent,-1.7608842057544916,2018-10-31,House arrest,1
916,31.93835215901769,Female,White,Graduate school,True,2842.4695958536977,Widowed,3,Assault,Non-violent,14.341908847050462,2018-10-31,House arrest,0
917,47.828533678662744,Female,Other,Graduate school,False,3595.134579510811,Married,1,Drug possession,Violent,12.535827482151557,2018-10-31,House arrest,0
918,20.018958312792602,Male,Other,Some college,True,2644.386721034209,Divorced,4,Drug possession,Violent,10.979185415456431,2018-10-31,House arrest,1
919,48.70209998500937,Female,White,Some college,False,1934.134878743739,Widowed,4,Property crime,Violent,19.96135142356982,2018-10-31,House arrest,1
920,44.115245960728814,Male,Other,Some college,False,2638.4081613186304,Widowed,6,Violent crime,Non-violent,21.71176952316255,2018-10-31,House arrest,1
921,29.376170865869604,Male,Black,High school,False,1792.6611026152405,Single,1,Theft,Violent,-2.647987856784403,2018-10-31,House arrest,1
922,31.29653460366326,Male,Black,Graduate school,True,2664.391371129002,Single,9,Violent crime,Violent,-16.366049747222643,2018-10-31,House arrest,0
923,44.73559349110851,Male,Other,Graduate school,True,399.1829528020394,Widowed,0,Theft,Non-violent,-0.36992865524340246,2018-10-31,House arrest,0
924,14.464379251061985,Female,White,High school,True,3574.965635730374,Married,3,Murder,Non-violent,5.009726577975317,2018-10-31,House arrest,1
925,35.52322010771998,Female,Hispanic,High school,False,2718.7945111112795,Married,2,Theft,Violent,9.508438354858368,2018-10-31,House arrest,1
926,33.94712684667172,Male,Hispanic,Graduate school,False,1683.2714308671725,Married,0,Murder,Non-violent,7.634267430628881,2018-10-31,House arrest,1
927,32.67420763151363,Female,Hispanic,Bachelor's,False,2052.662795475287,Married,6,Drug possession,Violent,12.369290532886001,2018-10-31,House arrest,1
928,41.54302224610099,Male,Black,High school,False,4086.4377908516144,Divorced,4,Theft,Violent,4.388754205576849,2018-10-31,House arrest,1
929,34.62280535472047,Male,White,Graduate school,True,2087.881170411055,Single,6,Theft,Violent,8.275610927505348,2018-10-31,House arrest,0
930,30.862572759769172,Male,Black,High school,True,3888.9072335571614,Divorced,4,Murder,Non-violent,11.244604090821886,2018-10-31,House arrest,1
931,42.57814989678907,Female,White,Some college,True,1612.0558788183012,Married,3,Drug possession,Non-violent,12.188898682413587,2018-10-31,House arrest,1
932,31.039095790446154,Male,Black,Graduate school,True,3470.351917706278,Divorced,7,Violent crime,Non-violent,18.56267607571451,2018-10-31,House arrest,0
933,39.15903919285115,Male,Hispanic,Some college,True,1023.0842862511508,Widowed,9,Violent crime,Non-violent,5.816810887457705,2018-10-31,House arrest,1
934,42.581116740559985,Female,Black,Graduate school,False,1426.8755545660033,Married,8,Theft,Violent,5.934218253209567,2018-10-31,House arrest,1
935,47.90336263889896,Male,Black,Graduate school,False,2977.6179524929053,Single,2,Violent crime,Violent,-17.16271429508138,2018-10-31,House arrest,1
936,35.49593966225116,Male,Hispanic,High school,True,3455.081200567576,Divorced,4,Assault,Violent,-6.353547422480069,2018-10-31,House arrest,1
937,40.3100614596308,Male,Hispanic,Graduate school,False,2628.7152145331293,Married,3,Violent crime,Non-violent,-6.669132967388894,2018-10-31,House arrest,1
938,39.82316826467493,Female,Black,Graduate school,False,3191.978288566768,Widowed,3,Property crime,Violent,9.885831767943959,2018-10-31,House arrest,0
939,35.2630428916437,Male,White,Some college,False,3137.2767900126164,Married,4,Murder,Violent,-18.10908474212891,2018-10-31,House arrest,1
940,18.40260234260921,Male,Black,High school,True,2094.0894174599807,Widowed,3,Violent crime,Non-violent,10.16470666149952,2018-10-31,House arrest,1
941,50.34891603131851,Male,White,Some college,True,2458.597662312515,Married,4,Violent crime,Violent,8.645993724750674,2018-10-31,House arrest,0
942,42.784690486269476,Female,Hispanic,Bachelor's,False,1823.5111892412979,Single,0,Theft,Violent,15.526766015263913,2018-10-31,House arrest,1
943,41.268803501935864,Male,Other,Bachelor's,False,1728.0325576930031,Married,9,Assault,Non-violent,0.11871555939715606,2018-10-31,House arrest,1
944,44.5989454150529,Female,Hispanic,Bachelor's,True,3337.3452002567683,Widowed,0,Murder,Violent,-5.150455023072045,2018-10-31,House arrest,0
945,61.83281528047052,Male,Black,Some college,False,4433.514943221587,Married,3,Property crime,Violent,30.7701186588223,2018-10-31,House arrest,0
946,52.393625395022326,Female,Other,Graduate school,True,89.61244372717965,Divorced,5,Drug possession,Non-violent,-0.7635896893430125,2018-10-31,House arrest,0
947,19.40600333258374,Male,White,High school,True,2875.7409265051383,Single,8,Drug possession,Non-violent,6.431363777634145,2018-10-31,House arrest,1
948,43.90500479329994,Female,Hispanic,High school,True,3183.6612479946834,Widowed,2,Assault,Violent,-11.578100771343493,2018-10-31,House arrest,1
949,40.412888927443795,Female,Other,Bachelor's,False,1769.5988148877118,Single,0,Violent crime,Non-violent,4.6292031673206715,2018-10-31,House arrest,1
950,36.069642583145075,Male,Black,Graduate school,False,2646.355522451325,Divorced,2,Violent crime,Non-violent,28.668486159869033,2018-10-31,House arrest,1
951,34.718543660014085,Female,Other,Some college,False,2186.459354724172,Single,2,Theft,Non-violent,7.89408756982991,2018-10-31,House arrest,1
952,30.67251844251318,Male,Other,Bachelor's,False,3688.512660824189,Divorced,3,Property crime,Violent,5.525969928007571,2018-10-31,House arrest,0
953,48.83104217807249,Male,Black,High school,True,3216.948411178149,Married,2,Violent crime,Non-violent,15.42516975761279,2018-10-31,House arrest,0
954,25.963259422613774,Male,Other,Some college,True,2235.2470768922262,Single,9,Drug possession,Non-violent,-4.079255008433936,2018-10-31,House arrest,1
955,39.32424011412351,Male,White,High school,True,3609.9295651070056,Married,9,Violent crime,Violent,1.8125567039280046,2018-10-31,House arrest,1
956,22.37922681524569,Male,Black,Graduate school,False,2368.7873825312886,Widowed,4,Drug possession,Non-violent,1.84262606072165,2018-10-31,House arrest,1
957,32.812430623737974,Female,White,Some college,False,1714.0919475531,Single,2,Property crime,Non-violent,-0.3332835106994789,2018-10-31,House arrest,1
958,33.95423504893877,Male,Hispanic,High school,False,2744.1941298661304,Widowed,5,Murder,Violent,2.1577431207801134,2018-10-31,House arrest,1
959,54.01138922899128,Female,Hispanic,High school,False,2849.736006732325,Divorced,3,Property crime,Violent,25.252856495446775,2018-10-31,House arrest,1
960,27.864207447040062,Female,Other,Some college,False,1454.8088854503403,Widowed,7,Drug possession,Violent,25.0050667636522,2018-10-31,House arrest,1
961,27.723358478846826,Male,White,High school,False,3478.7736803659395,Married,7,Assault,Violent,12.298521413019643,2018-10-31,House arrest,1
962,35.75068725774216,Male,White,High school,True,2676.2722318719143,Married,8,Murder,Non-violent,9.456446639920173,2018-10-31,House arrest,1
963,55.85590377967341,Female,White,Graduate school,True,3019.4993086750274,Married,7,Drug possession,Non-violent,-9.39265170699547,2018-10-31,House arrest,0
964,31.01877464517102,Female,Other,High school,False,4011.3920448022754,Married,4,Assault,Non-violent,9.367807855937327,2018-10-31,House arrest,1
965,49.31115888823697,Female,White,Some college,False,1346.4180890946968,Widowed,5,Theft,Non-violent,-9.129901917733909,2018-10-31,House arrest,1
966,27.290420688227677,Male,Black,High school,True,2492.824975126784,Divorced,1,Murder,Violent,-0.21579573420309384,2018-10-31,House arrest,1
967,44.48779864556933,Female,White,Some college,False,1550.2951460205684,Single,9,Murder,Violent,7.352207062669052,2018-10-31,House arrest,1
968,36.011943981191365,Male,Black,High school,True,1911.3350471762442,Single,2,Theft,Non-violent,30.58621610693361,2018-10-31,House arrest,1
969,30.518007824031784,Female,White,Bachelor's,False,2525.1492109477895,Married,1,Drug possession,Violent,-0.21962656511959544,2018-10-31,House arrest,1
970,37.66020068346129,Male,Hispanic,High school,False,1275.8590780225727,Divorced,0,Property crime,Violent,-10.370599241181516,2018-10-31,House arrest,1
971,46.26699238131376,Female,Black,Some college,True,4258.453222309694,Widowed,5,Murder,Non-violent,4.536244254419202,2018-10-31,House arrest,0
972,32.01944744151142,Female,Black,Graduate school,False,-432.60106757145286,Divorced,1,Violent crime,Violent,-5.082991326974309,2018-10-31,House arrest,1
973,48.73025511487077,Male,Other,Some college,True,1618.1763636318963,Widowed,4,Violent crime,Non-violent,3.979361205676807,2018-10-31,House arrest,0
974,42.34040520140987,Female,Other,Some college,False,2842.671625611086,Married,3,Property crime,Violent,19.829236423703875,2018-10-31,House arrest,1
975,34.25433522982601,Male,Hispanic,High school,False,1955.4875919002293,Widowed,9,Theft,Violent,1.7697631707480683,2018-10-31,House arrest,1
976,37.97390282806633,Female,White,High school,False,3569.64888655278,Married,3,Violent crime,Non-violent,7.224174089750274,2018-10-31,House arrest,1
977,39.00800642175936,Male,Hispanic,Bachelor's,False,891.7141105266194,Married,10,Murder,Violent,8.30064235020702,2018-10-31,House arrest,1
978,42.0059469365431,Male,Hispanic,Graduate school,False,2608.5947773493685,Single,0,Drug possession,Violent,-11.162063061985428,2018-10-31,House arrest,1
979,43.54049447488389,Female,Black,Bachelor's,True,3042.7064219385074,Married,0,Drug possession,Violent,21.28279074338439,2018-10-31,House arrest,0
980,30.407879709371876,Male,Other,Bachelor's,True,3419.962944271751,Single,4,Property crime,Non-violent,1.7670193177841482,2018-10-31,House arrest,0
981,45.717893499731424,Male,White,Graduate school,False,3582.181047251567,Single,3,Violent crime,Violent,9.307665163492143,2018-10-31,House arrest,0
982,42.277818298271406,Male,Hispanic,High school,False,1447.4928585424393,Married,1,Property crime,Non-violent,7.122181820246954,2018-10-31,House arrest,1
983,43.47272236312624,Female,White,Some college,False,1950.7084749184507,Married,1,Theft,Non-violent,6.62764970355861,2018-10-31,House arrest,1
984,39.943799387461425,Male,Hispanic,Graduate school,False,2508.7497683393863,Widowed,0,Drug possession,Non-violent,2.725594234659431,2018-10-31,House arrest,1
985,54.24703521563213,Male,White,Graduate school,True,2327.786057882649,Married,0,Theft,Non-violent,12.04793755244483,2018-10-31,House arrest,0
986,33.097567354914105,Male,White,Graduate school,False,693.160519137326,Married,7,Theft,Non-violent,33.56924206626792,2018-10-31,House arrest,1
987,48.82197063058408,Male,Black,Graduate school,True,2484.826436008128,Divorced,1,Violent crime,Violent,10.29472805363712,2018-10-31,House arrest,0
988,41.03832414847692,Male,Black,High school,True,2106.9719384880186,Married,1,Property crime,Non-violent,12.479099285031223,2018-10-31,House arrest,1
989,22.786077461042304,Male,Hispanic,High school,False,2106.6539981384726,Single,6,Property crime,Violent,10.27858946955045,2018-10-31,House arrest,1
990,33.14839477268389,Male,Hispanic,Bachelor's,False,2595.0599934919833,Married,6,Murder,Violent,-1.0637757572810926,2018-10-31,House arrest,1
991,29.440620323644815,Female,Black,Bachelor's,False,1894.2369029042884,Divorced,6,Violent crime,Non-violent,13.443799122551574,2018-10-31,House arrest,1
992,56.47062059254864,Female,Other,Bachelor's,False,3184.938639086925,Single,8,Murder,Non-violent,-0.10869043547092438,2018-10-31,House arrest,0
993,40.85108670057038,Female,Black,Bachelor's,True,7.072466652108233,Single,4,Theft,Violent,-10.812920757775577,2018-10-31,House arrest,0
994,35.098769734288915,Male,Hispanic,Bachelor's,True,2482.336869686836,Divorced,3,Drug possession,Violent,7.342157729353748,2018-10-31,House arrest,0
995,40.91400221227519,Female,Hispanic,Bachelor's,True,3738.4167349740724,Divorced,8,Assault,Non-violent,18.27115829191677,2018-10-31,House arrest,0
996,20.28074088807614,Male,Other,Bachelor's,True,2683.2785945959304,Married,2,Assault,Violent,0.3248348509213992,2018-10-31,House arrest,0
997,31.498930906820082,Male,Other,Graduate school,False,1801.0443692945469,Married,6,Violent crime,Non-violent,6.244060312474096,2018-10-31,House arrest,1
998,37.996571356940706,Female,Hispanic,High school,True,712.6384715820118,Single,7,Drug possession,Violent,14.78992683904443,2018-10-31,House arrest,1
999,60.48167084194523,Male,White,High school,False,2075.1040164489687,Single,7,Property crime,Non-violent,10.079537704951381,2018-10-31,House arrest,1
