,Age,Income,MonthlyDebtRepayment,YearsWithCurrentBank,LoanAmount,Education,EmploymentStatus,CreditHistory,LatePaymentHistory,CurrentBankRelationshipStatus,LoanPurpose,label
0,44.96714153011233,70990.33154879004,797.4465175076855,1.184384884245218,13092.051160280527,High School,Employed,Dissatisfied,3,More than 6 years,Purchase of Property,1
1,38.61735698828815,63869.50524369153,956.6443987853446,3.279229978440996,19750.37208848733,High School,Employed,Satisfied,3,1-3 years,Personal Loan,1
2,46.47688538100692,50894.45554880261,762.2740237000116,4.172788933156712,20144.134976355574,Some College,Employed,Satisfied,0,4-6 years,Purchase of Property,1
3,55.23029856408026,40295.94833441639,907.611541108288,8.775375314680382,23781.042766747247,High School,Employed,Moderately Satisfied,1,More than 6 years,Purchase of House,1
4,37.658466252766644,60473.34970420385,431.9155999138643,6.113106249067516,9065.13309375339,High School,Unemployed,Moderately Satisfied,1,More than 6 years,Personal Loan,1
5,37.6586304305082,55902.28078132625,1063.9881122118816,2.3290368618002173,24740.538190778643,Bachelor's Degree,Employed,Satisfied,1,More than 6 years,Purchase of House,1
6,55.79212815507391,63427.89830041598,1000.3616426086672,5.972072578835274,1000.0,Bachelor's Degree,Employed,Satisfied,1,1-3 years,Personal Loan,1
7,47.67434729152909,59527.57702522954,754.8734106795428,1.905392022123269,14960.923581089517,Bachelor's Degree,Employed,Satisfied,2,4-6 years,Purchase of Vehicle,1
8,35.30525614065048,65743.29072979002,1197.7737005297215,7.165382107774146,16093.809260387643,Some College,Employed,Dissatisfied,3,1-3 years,Purchase of Vehicle,1
9,45.42560043585965,41971.47182659148,1281.2710412879676,4.057750696364243,25066.614608569907,High School,Employed,Moderately Satisfied,3,4-6 years,Personal Loan,1
10,35.365823071875376,69760.91098451489,517.7320406893077,4.812727622521658,20181.04682141495,High School,Employed,Moderately Satisfied,0,More than 6 years,Purchase of Property,1
11,35.34270246429743,52963.994070386,771.1825664301357,7.65159329508438,8755.495569149707,Graduate Degree,Employed,Satisfied,2,1-3 years,Personal Loan,1
12,42.41962271566034,81128.91308937898,769.2572950638105,2.4256728628315,12120.054993463878,Some College,Employed,Satisfied,0,4-6 years,Start-up Business,1
13,20.86719755342202,39662.18272865648,718.0290696673405,2.2057636297740175,21589.440076379255,Bachelor's Degree,Unemployed,Moderately Satisfied,0,4-6 years,Purchase of Vehicle,0
14,22.750821674869673,76039.45704747873,1248.8424525795244,3.8328013473079903,19367.461265083548,High School,Employed,Moderately Satisfied,3,4-6 years,Purchase of Property,1
15,34.37712470759027,52968.66175193972,941.8521583681589,7.076757702038633,15367.007122914029,Some College,Employed,Satisfied,2,More than 6 years,Purchase of House,1
16,29.87168879665576,40228.72994578327,920.6455476068168,1.9613078490463152,16153.329683904165,High School,Employed,Moderately Satisfied,1,Less than 1 year,Purchase of Property,1
17,43.142473325952736,42741.71248918518,398.8412906779739,0.0,25569.34397727431,Some College,Employed,Satisfied,3,4-6 years,Personal Loan,1
18,30.91975924478789,45194.7903770852,1190.6254090627679,4.097682283182002,15858.459417046282,Graduate Degree,Employed,Satisfied,2,More than 6 years,Purchase of Vehicle,1
19,25.876962986647086,56362.48919602875,628.2224815439582,6.103481599821841,19295.270047767415,Graduate Degree,Employed,Satisfied,2,4-6 years,Purchase of Property,1
20,54.65648768921554,57842.5323205325,1017.9797890798985,7.400523499477659,37359.49270464434,Some College,Unemployed,Satisfied,3,Less than 1 year,Personal Loan,1
21,37.74223699513465,41394.49994092131,1083.2130813874576,4.073677275829202,8610.538904928615,Some College,Unemployed,Satisfied,3,4-6 years,Purchase of Vehicle,0
22,40.67528204687924,49634.68111608526,1408.1975787515953,4.177146785767995,5185.25814740273,Graduate Degree,Employed,Satisfied,0,1-3 years,Personal Loan,1
23,25.752518137865433,82134.05537917795,607.3538802642663,7.307801468511494,26268.71731838885,Bachelor's Degree,Unemployed,Satisfied,0,1-3 years,Purchase of Property,1
24,34.556172754748175,75913.14755151067,94.14635325375241,1.2605166006091588,14570.855509647174,High School,Employed,Moderately Satisfied,0,More than 6 years,Start-up Business,1
25,41.10922589709866,56544.85504511048,1055.1548634261085,4.222958449633982,17454.099778059037,Some College,Employed,Satisfied,1,4-6 years,Purchase of House,1
26,28.490064225776973,50570.05217252301,1540.153354453256,5.380847779850115,13750.748974951086,High School,Employed,Satisfied,3,More than 6 years,Purchase of Vehicle,1
27,43.75698018345672,51800.46990077392,1371.6839058818312,5.898437442570069,17921.5988738599,Some College,Unemployed,Satisfied,2,More than 6 years,Purchase of Property,1
28,33.99361310081195,59202.769590956246,1062.8978245823878,3.9803866136182346,32788.30489677073,Some College,Employed,Satisfied,3,4-6 years,Purchase of Vehicle,1
29,37.083062502067236,34658.111522023915,852.5091443103858,5.068882023411683,26417.027668944953,Some College,Employed,Moderately Satisfied,2,Less than 1 year,Start-up Business,1
30,33.98293387770603,46139.35193864982,1242.136778991193,0.02334529317402101,26897.788095095817,Some College,Employed,Satisfied,1,4-6 years,Purchase of Vehicle,1
31,58.522781845089376,24971.238891836158,707.9361400886594,3.6835031753323033,8670.183553658835,High School,Employed,Moderately Satisfied,3,1-3 years,Personal Loan,1
32,39.86502775262066,55988.34683907919,1142.9073308068657,5.9070174251089345,10790.770107577046,Some College,Employed,Moderately Satisfied,2,More than 6 years,Purchase of Property,1
33,29.422890710440996,59707.939095541115,1151.641047749988,3.035411931490641,1000.0,Bachelor's Degree,Unemployed,Satisfied,2,1-3 years,Purchase of House,1
34,48.225449121031886,42752.20306550939,1318.062972249664,5.117968443179195,13524.953431337968,Bachelor's Degree,Employed,Satisfied,0,1-3 years,Purchase of Vehicle,1
35,27.791563500289776,73609.80144935049,1827.8980116733233,5.893745001605396,27653.625491085266,Some College,Employed,Satisfied,1,4-6 years,Purchase of Property,1
36,42.08863595004755,31613.515054964882,1117.72479015363,4.31490159828447,24135.572125986968,Graduate Degree,Employed,Satisfied,3,1-3 years,Purchase of Property,1
37,20.403298761202244,28034.376796852695,847.3109122877504,5.340927541993142,18227.893896383008,Graduate Degree,Employed,Moderately Satisfied,0,1-3 years,Purchase of Vehicle,1
38,26.718139511015693,53366.77727839958,992.3277063424017,3.0745348694307753,19821.597730255577,High School,Employed,Satisfied,1,4-6 years,Start-up Business,1
39,41.96861235869123,65706.47453918232,469.2772285332645,4.586777440607907,14488.915659396756,High School,Employed,Satisfied,0,Less than 1 year,Purchase of House,1
40,47.38466579995411,75258.91537186803,791.5860606732825,6.220432339178445,21638.071059214275,Bachelor's Degree,Employed,Satisfied,3,Less than 1 year,Purchase of House,1
41,41.7136828118997,43116.7360569659,877.2152685660687,5.3139459219368685,26127.026235844918,Bachelor's Degree,Employed,Satisfied,2,1-3 years,Purchase of Property,1
42,38.843517176117594,66180.21250146943,842.7734806196222,3.826937460872129,7072.905700716217,Graduate Degree,Employed,Satisfied,3,4-6 years,Purchase of Vehicle,1
43,36.98896304410711,49422.372957489395,1045.7064616101165,5.448432808581586,22397.181502698786,Graduate Degree,Employed,Satisfied,1,4-6 years,Start-up Business,1
44,25.214780096325725,47410.59050088771,753.2740202853398,6.429219581273236,27459.47896763734,Bachelor's Degree,Employed,Satisfied,3,4-6 years,Purchase of House,1
45,32.801557916052914,63254.89906230009,1336.3092001973414,0.900117442845044,16679.197688293043,Some College,Employed,Satisfied,1,4-6 years,Purchase of Vehicle,1
46,35.393612290402125,59784.84317620129,1000.0621194754591,7.318148129911796,25605.60489696467,High School,Unemployed,Moderately Satisfied,0,1-3 years,Purchase of House,1
47,50.57122226218915,26354.11764523626,997.2099036584157,4.327490522637856,42517.235555780426,High School,Employed,Moderately Satisfied,1,More than 6 years,Purchase of Property,1
48,43.43618289568462,72148.10524588844,901.6315850461247,5.85097986648046,19165.257656104866,Some College,Employed,Satisfied,2,Less than 1 year,Purchase of Property,1
49,22.36959844637266,70701.37031221177,1046.5572051576937,7.394493847290455,23146.45640004259,Bachelor's Degree,Employed,Satisfied,2,4-6 years,Purchase of Property,1
50,43.24083969394795,40616.55947735706,1247.5294794002905,2.256652605539068,14095.543330708868,Some College,Employed,Dissatisfied,2,More than 6 years,Purchase of Vehicle,1
51,36.149177195836835,55937.05300156114,739.86093528673,3.581117995144907,21450.009300816404,Bachelor's Degree,Unemployed,Satisfied,0,More than 6 years,Purchase of Vehicle,1
52,33.23077999694041,57410.45279424108,802.565053277423,4.422902608248591,23682.17299985843,High School,Employed,Satisfied,1,1-3 years,Personal Loan,1
53,46.11676288840868,53910.10648735861,908.8821913670006,3.432492957751143,21558.738722161106,Some College,Employed,Satisfied,0,1-3 years,Purchase of Vehicle,1
54,50.30999522495951,41745.422692318694,596.2387229580355,8.469873151673617,11842.437442329147,High School,Employed,Moderately Satisfied,3,4-6 years,Personal Loan,1
55,49.31280119116199,39925.64948092923,754.2226420835507,3.2864558123464143,21650.894170603606,Some College,Employed,Satisfied,3,Less than 1 year,Purchase of Vehicle,1
56,31.607824767773614,49616.688935128324,857.1337379366023,3.8889064410262666,31697.567509741093,Bachelor's Degree,Unemployed,Dissatisfied,3,More than 6 years,Personal Loan,0
57,36.907876241487855,67590.93528889047,1262.3167542138183,5.408778063205953,23589.086116116217,Bachelor's Degree,Employed,Moderately Satisfied,3,4-6 years,Purchase of House,1
58,43.31263431403564,58154.002318916486,1078.7683987005776,2.5957009478478223,27695.897512574727,Graduate Degree,Employed,Moderately Satisfied,2,4-6 years,Purchase of Property,1
59,49.75545127122359,44440.78501870841,1058.0769734102632,4.2086385764874725,18103.904239898977,High School,Employed,Moderately Satisfied,1,1-3 years,Purchase of Vehicle,1
60,35.2082576215471,61575.48065972517,1255.2693886503916,5.6349065225003505,25999.201915389684,Some College,Employed,Satisfied,2,4-6 years,Purchase of Vehicle,1
61,38.14341023336183,20000.0,958.788463480181,4.334279191234978,22234.142705732207,Some College,Unemployed,Satisfied,1,4-6 years,Purchase of Vehicle,0
62,28.936650259939718,67231.48550558156,1117.139454978667,4.8132262822001035,12392.714162502143,Some College,Employed,Moderately Satisfied,1,More than 6 years,Purchase of Vehicle,1
63,28.037933759193294,23904.293318328506,969.0334741202512,3.9413357751032585,22548.168038390995,Graduate Degree,Employed,Dissatisfied,0,Less than 1 year,Purchase of House,1
64,48.125258223941984,44563.38587895302,1079.6087048198885,1.971059381638466,12066.426692477515,Bachelor's Degree,Employed,Satisfied,3,Less than 1 year,Purchase of Property,1
65,53.56240028570823,33204.95158060784,825.1724027165253,5.643186422678477,14936.957800921664,Graduate Degree,Employed,Dissatisfied,1,1-3 years,Purchase of Property,1
66,39.27989878419666,30579.777864186413,268.3548525170713,8.509866143294483,21514.626458338993,High School,Employed,Satisfied,3,1-3 years,Personal Loan,1
67,50.03532897892024,67412.4018106778,959.7162513441087,5.0368032615668765,22377.954187040992,Graduate Degree,Employed,Satisfied,3,4-6 years,Purchase of Property,1
68,43.61636025047634,42984.48198032163,1426.824440829982,5.450528234495099,10486.140279382967,High School,Employed,Satisfied,3,More than 6 years,Purchase of Property,1
69,33.54880245394876,55197.55822596073,1277.8646206724777,6.385445510233719,28431.88616946301,Graduate Degree,Employed,Satisfied,2,1-3 years,Purchase of House,1
70,43.61395605508414,49296.19131681224,1289.6192453773513,2.4613390069066017,24576.050226403782,Some College,Employed,Satisfied,3,More than 6 years,Purchase of House,1
71,55.38036566465969,57155.612408346824,1370.8392165418654,8.405029316259212,14362.172515112929,Some College,Unemployed,Satisfied,1,Less than 1 year,Purchase of House,1
72,39.64173960890049,51152.32836590383,1026.5972772884313,5.404657592845604,7699.321628406597,Some College,Employed,Satisfied,2,1-3 years,Personal Loan,1
73,55.64643655814006,30755.116637171457,1059.1947122216786,8.263713798178218,18840.76336734855,Graduate Degree,Employed,Satisfied,3,Less than 1 year,Purchase of Vehicle,1
74,20.0,64944.002291707104,814.7044313696949,3.5339340089520213,16432.45028911072,High School,Employed,Satisfied,0,1-3 years,Purchase of Vehicle,1
75,48.21902504375224,42593.65125258031,905.178143191885,8.63612384511565,20905.12365642418,Some College,Employed,Dissatisfied,3,More than 6 years,Purchase of Property,1
76,40.870470682381715,26651.271520103735,1184.7313449313424,6.550310988069566,17095.06671075547,Graduate Degree,Employed,Satisfied,3,Less than 1 year,Purchase of Vehicle,1
77,37.009926495341325,43578.27258551131,1361.1653311506448,6.106080171704717,3940.345114039921,Some College,Unemployed,Satisfied,2,4-6 years,Personal Loan,0
78,40.91760776535502,72511.39685951466,958.1661172957001,5.468048908706296,16893.224493590733,High School,Employed,Satisfied,1,4-6 years,Personal Loan,1
79,20.124310853991073,62753.32613170239,864.9432205445765,4.5029427638511015,17555.047111453496,Some College,Employed,Satisfied,3,More than 6 years,Purchase of Vehicle,1
80,37.80328112162488,44770.21798388211,1000.1583876569792,7.401063316947745,25069.28819819247,Some College,Employed,Moderately Satisfied,2,1-3 years,Purchase of Vehicle,1
81,43.57112571511746,44761.13443522357,1180.3620246787345,5.280719739696094,14414.402603111603,Graduate Degree,Employed,Satisfied,2,1-3 years,Purchase of House,1
82,54.77894044741516,45175.47423173926,566.8435551599375,1.0658605928256955,33429.39738698053,Bachelor's Degree,Employed,Moderately Satisfied,1,Less than 1 year,Purchase of Property,1
83,34.81729781726352,81151.21975341262,311.1457140588286,2.765627076585995,4706.875594785943,Some College,Employed,Satisfied,2,4-6 years,Purchase of Vehicle,1
84,31.915063971068122,55729.0317834733,834.838945152525,4.6283084956145055,30489.339982420996,Graduate Degree,Employed,Satisfied,1,1-3 years,Personal Loan,1
85,34.982429564154636,56450.624707866045,633.7862722257523,5.61999796633111,18205.448232975163,Some College,Employed,Satisfied,0,More than 6 years,Purchase of Property,1
86,49.15402117702074,65454.25181047763,847.5579407058067,4.8868230222002085,26876.67897874845,High School,Employed,Satisfied,3,4-6 years,Purchase of House,1
87,43.287511096596845,53581.8373853977,955.6659043547586,7.437941579587326,20638.411872469864,High School,Employed,Satisfied,2,4-6 years,Purchase of Vehicle,1
88,34.70239796232961,46114.36781268945,864.025477293096,1.0977962719227503,29116.444288203755,Some College,Employed,Satisfied,0,4-6 years,Personal Loan,1
89,45.13267433113356,47054.75226372533,1435.7402603412236,5.28717587301032,16901.10428357751,High School,Employed,Satisfied,2,Less than 1 year,Purchase of Vehicle,1
90,40.9707754934804,48925.98110878904,1098.023429380696,1.3640415492256905,11211.036598577502,Graduate Degree,Employed,Satisfied,2,4-6 years,Personal Loan,1
91,49.68644990532889,49441.66645235238,1090.1423078832486,6.519424590968336,31364.034298168503,Bachelor's Degree,Employed,Dissatisfied,0,More than 6 years,Purchase of House,1
92,32.979469061226474,60914.4431545547,1186.6621432130205,4.811082571115994,19092.15483294287,High School,Employed,Satisfied,2,More than 6 years,Purchase of Property,1
93,36.723378534022316,50779.18828710949,658.3500646657692,5.839219944048236,21772.467788993687,Some College,Employed,Satisfied,2,More than 6 years,Personal Loan,1
94,36.078918468678424,60989.60115823369,1311.7335362260806,3.2722340788204676,29878.01531235836,Bachelor's Degree,Employed,Satisfied,0,More than 6 years,Personal Loan,1
95,25.364850518678814,48789.251298371266,977.270714039362,7.558929863315502,11744.358063244521,Graduate Degree,Employed,Satisfied,2,1-3 years,Purchase of House,1
96,42.96120277064576,51179.52785474136,1201.1441851723637,7.083449328117703,24763.927181114057,Graduate Degree,Employed,Satisfied,1,1-3 years,Purchase of Vehicle,1
97,42.610552721798896,20026.989732018385,678.4428300879533,6.167088606023775,15280.841948296873,Some College,Employed,Moderately Satisfied,2,Less than 1 year,Personal Loan,1
98,40.05113456642461,63744.91512053722,533.8723701951807,4.740965506273119,18942.645154845024,Bachelor's Degree,Employed,Dissatisfied,3,1-3 years,Purchase of House,1
99,37.65412866624853,55197.32713846989,1245.3668974075085,6.159714570590264,20578.23172307431,Some College,Unemployed,Satisfied,2,1-3 years,Purchase of Vehicle,1
100,25.84629257949586,64970.15164789478,1112.922857829255,3.586214864025302,7998.225108424511,Some College,Employed,Satisfied,3,4-6 years,Start-up Business,1
101,35.79354677234641,20000.0,729.3845336927468,6.711111318041424,13769.303657436521,High School,Employed,Satisfied,3,4-6 years,Purchase of Vehicle,1
102,36.572854834732304,81325.62057171091,739.1010756175917,8.298961788647842,30808.583139305112,High School,Employed,Moderately Satisfied,2,More than 6 years,Purchase of Vehicle,1
103,31.97722730778381,47906.15557767239,1337.630435324431,7.141221119958372,27089.529508678366,Some College,Employed,Satisfied,0,4-6 years,Purchase of Vehicle,1
104,38.387142883339905,66622.74225106275,643.1764321398016,3.540795060385181,19498.883381382122,High School,Employed,Satisfied,1,More than 6 years,Purchase of Property,1
105,44.040508568145384,34401.411093117036,1492.801885976789,5.722834634546206,21944.987668103146,High School,Employed,Satisfied,1,Less than 1 year,Purchase of Property,1
106,58.8618590121053,59191.608575938546,729.8137796056394,2.4137169124827045,17646.059954908338,Bachelor's Degree,Employed,Moderately Satisfied,2,Less than 1 year,Purchase of House,1
107,41.74577812831839,34198.76655239516,1191.517577682515,6.144780622351352,30852.667086623856,High School,Employed,Satisfied,0,4-6 years,Purchase of House,1
108,42.57550390722764,40643.465589562926,901.4144572753046,5.901206825725078,18397.179377646687,Some College,Employed,Satisfied,0,1-3 years,Purchase of House,1
109,39.25554084233833,78710.4703080018,1180.956229324703,1.2603673209356718,21854.736737078783,Some College,Employed,Moderately Satisfied,1,1-3 years,Purchase of Property,1
110,20.812287847009586,47139.7639885498,836.7657993657422,2.6764323121752724,29168.24115313652,Graduate Degree,Employed,Satisfied,0,1-3 years,Purchase of Vehicle,1
111,39.73486124550783,53261.49309769584,951.1621281783117,4.433722206512465,13781.028121232746,Some College,Employed,Moderately Satisfied,2,1-3 years,Start-up Business,1
112,40.60230209941027,63051.015960331315,1012.2757526187163,4.398280505718348,32470.313475975152,High School,Employed,Satisfied,2,4-6 years,Purchase of Vehicle,1
113,60.0,57435.22831958907,699.3437632655582,2.5810461291623894,7756.308722052985,Some College,Employed,Moderately Satisfied,0,4-6 years,Start-up Business,1
114,38.076390352188774,52256.28357715365,1222.2473036260378,5.777957458704368,33037.13704890239,Bachelor's Degree,Employed,Moderately Satisfied,2,4-6 years,Purchase of Vehicle,1
115,43.015473423336125,55474.41503699338,846.0359300585244,5.502947217881024,17018.595328384203,Graduate Degree,Employed,Satisfied,3,4-6 years,Personal Loan,1
116,39.65288230294757,86051.23377857413,931.4200253979944,4.611461736042961,18058.410017397746,Some College,Employed,Moderately Satisfied,1,1-3 years,Purchase of Vehicle,1
117,28.313219623804677,49135.71804449622,701.6951876174463,3.488416999683274,4879.9186305364565,Some College,Employed,Satisfied,2,1-3 years,Purchase of Vehicle,1
118,51.42822814515021,53016.485700724515,231.2999023614068,7.097414252833127,16361.642260978457,Graduate Degree,Unemployed,Dissatisfied,0,1-3 years,Personal Loan,1
119,47.519330326867745,65759.81594011417,942.6916712199493,8.310814226176591,11681.547751784927,High School,Unemployed,Satisfied,1,1-3 years,Personal Loan,1
120,47.910319470430466,66582.88899436976,1723.7846264838747,4.032877032306926,15138.829237012218,Bachelor's Degree,Employed,Moderately Satisfied,2,4-6 years,Purchase of House,1
121,30.90612545205261,67805.4545834057,1235.3812863694072,3.7756661656903585,18901.512273688964,Some College,Employed,Satisfied,1,4-6 years,Personal Loan,1
122,54.02794310936099,59580.95333043777,994.2218860796816,5.982415330823993,27662.332915783245,High School,Employed,Dissatisfied,0,4-6 years,Purchase of Property,1
123,25.981489372077192,32854.92630904275,921.1327512375196,4.283941240506028,21660.826811205006,Some College,Employed,Satisfied,3,1-3 years,Personal Loan,1
124,45.868570938002705,74501.47298451644,1006.7397678436139,4.7212055986735315,22461.413227208912,High School,Employed,Dissatisfied,3,4-6 years,Purchase of House,1
125,60.0,32804.81910471968,1164.135734552563,6.479306303449343,11235.8448892355,Bachelor's Degree,Employed,Dissatisfied,2,4-6 years,Purchase of Property,1
126,30.094636748693116,54539.531978585495,645.7561554073466,1.1812878249854144,12953.967283178159,Graduate Degree,Unemployed,Satisfied,3,4-6 years,Purchase of House,1
127,34.33702270397228,38685.86224970963,1334.2965084006617,7.636604649705339,34389.80014681049,High School,Employed,Moderately Satisfied,2,4-6 years,Purchase of House,1
128,40.99651365087641,49037.92480110511,1214.6143946323732,5.145361048658683,14118.391721894026,Bachelor's Degree,Employed,Dissatisfied,1,4-6 years,Personal Loan,1
129,34.96524345883801,54931.436154552204,1215.4557177123804,4.17701371087564,33249.666016458366,High School,Employed,Satisfied,2,4-6 years,Purchase of Vehicle,1
130,24.493365689338674,54820.35823175409,1131.5427216429182,4.8215316915571025,18055.51040895307,Some College,Unemployed,Satisfied,2,4-6 years,Purchase of Vehicle,1
131,40.68562974806027,56328.81131352927,1005.884997308197,4.924858710041037,20018.30348914803,High School,Employed,Satisfied,2,1-3 years,Purchase of Property,1
132,29.37696286273895,74205.6690358797,1201.858370790046,1.5375973931101492,28562.921281839437,Graduate Degree,Employed,Satisfied,3,4-6 years,Purchase of Property,1
133,44.73592430635182,56803.014522709695,1177.5442401224134,7.989876454906472,30175.13937550925,Bachelor's Degree,Employed,Satisfied,2,1-3 years,Purchase of Vehicle,1
134,30.80575765766197,46337.65047064027,893.7877867176928,5.082651264541237,19113.4995177673,Bachelor's Degree,Unemployed,Satisfied,0,Less than 1 year,Purchase of House,1
135,55.499344050175395,64461.307524325355,827.9194681309298,5.88600426089475,16894.05557182769,Bachelor's Degree,Employed,Satisfied,2,More than 6 years,Start-up Business,1
136,32.16746707663763,67842.05733386961,1030.556888578596,6.9030995411480855,19552.636411822295,Bachelor's Degree,Unemployed,Satisfied,1,More than 6 years,Purchase of Vehicle,1
137,36.77938483794324,31585.88277294511,1464.7060454485563,2.9576750848793996,22703.660225856947,Graduate Degree,Employed,Satisfied,0,Less than 1 year,Purchase of Property,1
138,48.135172173696695,58961.00104774787,628.2678773038297,5.946943798070457,27130.429494958044,Bachelor's Degree,Employed,Moderately Satisfied,1,4-6 years,Personal Loan,1
139,27.69135683566045,60517.591134663475,559.7424202742679,4.464717818202413,20033.838871953212,Graduate Degree,Employed,Moderately Satisfied,1,1-3 years,Purchase of House,1
140,42.27459934604129,45536.54744960012,1049.428252370955,6.693541550432988,24951.09038418523,Some College,Employed,Satisfied,1,4-6 years,Start-up Business,1
141,53.07142754282428,70635.6021996743,1015.2663105568054,0.7455451592970093,33106.87785816753,High School,Employed,Moderately Satisfied,0,More than 6 years,Personal Loan,1
142,23.925167654387725,47749.1661945121,1052.0024993111224,4.801811399517462,23050.47689811828,Some College,Unemployed,Moderately Satisfied,0,More than 6 years,Purchase of House,0
143,41.84633858532304,51883.64680207313,1073.18595937255,3.7943586884320766,22493.222848038225,High School,Employed,Dissatisfied,3,4-6 years,Purchase of Property,1
144,42.598827942484235,47403.922635741954,933.0393236095584,5.864525901268311,7848.713399279457,Some College,Employed,Satisfied,0,1-3 years,Purchase of Property,1
145,47.8182287177731,50233.685713722014,1446.9590315806247,5.940088374736404,1000.0,Some College,Employed,Satisfied,2,4-6 years,Purchase of Property,1
146,27.63049289121918,33555.87369657197,519.7288064570453,3.584748210355948,23107.005833841347,Bachelor's Degree,Employed,Dissatisfied,1,1-3 years,Personal Loan,1
147,26.795433869157236,28399.236761085584,751.4508925659262,3.575652271647913,19241.406149753024,High School,Employed,Dissatisfied,3,More than 6 years,Purchase of House,1
148,45.21941565616898,73917.57594837458,969.0235719552858,4.778669262885341,15881.738600682063,High School,Employed,Moderately Satisfied,0,More than 6 years,Purchase of Vehicle,1
149,42.96984673233186,37295.57977522508,507.0433566537498,3.2067155453695837,21948.241633490758,Some College,Employed,Moderately Satisfied,1,4-6 years,Purchase of Vehicle,1
150,42.504928503458764,35129.114758155396,947.2436786703787,6.683967390904254,19516.770166424732,Graduate Degree,Employed,Satisfied,0,1-3 years,Purchase of Vehicle,1
151,43.46448209496975,20000.0,1498.4410497184053,4.261585599105108,29022.242005071188,Some College,Unemployed,Satisfied,3,1-3 years,Purchase of Vehicle,0
152,33.19975278421509,40415.57378465746,1006.2659464887886,0.0,20688.886946071823,Some College,Employed,Satisfied,0,Less than 1 year,Personal Loan,1
153,42.322536971610035,30153.653098887524,1069.2102717156051,4.250355886756388,14024.61371943866,Bachelor's Degree,Unemployed,Satisfied,0,More than 6 years,Purchase of Property,1
154,42.93072473298681,74630.22740204554,621.9505704482259,2.9229123583120553,27921.32991167431,Bachelor's Degree,Employed,Moderately Satisfied,1,4-6 years,Purchase of Property,1
155,32.85648581973632,65147.25634013952,815.0915775881567,1.737448369078109,18262.95140043038,High School,Employed,Satisfied,2,1-3 years,Purchase of Property,1
156,58.65774511144757,39677.74482233414,887.4410859028189,2.525146723554855,24212.293469378455,Some College,Employed,Satisfied,0,4-6 years,Personal Loan,1
157,44.73832920911788,83786.53708016463,904.6854709731298,5.21881694366594,16180.714350457596,High School,Employed,Dissatisfied,3,More than 6 years,Purchase of House,1
158,28.086965027973513,64726.48230487391,1384.4931385011305,7.657281656496462,14801.38491602051,Graduate Degree,Unemployed,Satisfied,0,1-3 years,Personal Loan,1
159,46.5655360863383,45127.529247370665,1167.3073182175374,5.62636894772996,20673.34584148557,High School,Employed,Dissatisfied,0,More than 6 years,Purchase of House,1
160,30.253183297726785,20000.0,666.5626129188904,3.786993223568521,20102.629148349482,Some College,Employed,Dissatisfied,2,More than 6 years,Start-up Business,1
161,47.87084603742452,84364.13858886113,1073.9514335296014,5.911808390341405,23838.616282934665,High School,Unemployed,Satisfied,1,More than 6 years,Purchase of Property,1
162,51.58595579007404,29156.41299854606,1149.4665245490355,4.081819379562017,17850.833973522058,High School,Employed,Satisfied,3,1-3 years,Purchase of Vehicle,1
163,31.793176816482895,25319.01879564662,1342.04471155638,3.610799261673711,5309.121729836821,Bachelor's Degree,Employed,Satisfied,1,1-3 years,Purchase of Property,1
164,49.63376129244322,65338.5564801446,1474.162205970512,2.691274663534031,16537.80893129289,High School,Employed,Satisfied,1,1-3 years,Purchase of Property,1
165,44.12780926936498,86596.28609508909,695.4717424516393,1.4963423864965617,26350.547737150526,High School,Unemployed,Satisfied,1,1-3 years,Purchase of Vehicle,1
166,48.2206015999449,70764.09227765776,756.7427466368986,4.22015258688111,17620.991366055147,Some College,Employed,Satisfied,0,1-3 years,Purchase of Property,1
167,58.967929826539475,58458.636800785396,622.7266423256151,5.316106979840264,18028.932779883617,High School,Employed,Dissatisfied,2,4-6 years,Purchase of House,1
168,37.54611883997129,58921.315124979286,929.7940422679056,4.80675265997022,27891.012047247496,High School,Employed,Satisfied,0,4-6 years,Purchase of Vehicle,1
169,32.4626383564251,62801.23338170462,1139.9075123339003,4.168066144105283,14304.214181928619,Bachelor's Degree,Unemployed,Moderately Satisfied,3,More than 6 years,Start-up Business,1
170,31.104855703744768,61383.92884680148,1296.2003549767305,3.1085078786064377,7657.574254056803,Bachelor's Degree,Employed,Satisfied,2,Less than 1 year,Purchase of Property,1
171,31.841897150345616,54217.87135954064,977.2146929072431,6.216492383369937,18714.951043796045,Graduate Degree,Employed,Satisfied,1,4-6 years,Personal Loan,1
172,39.228982905858956,51563.01655927814,904.0457430235468,2.36573616010683,16126.608390010104,Graduate Degree,Employed,Dissatisfied,2,4-6 years,Purchase of Property,1
173,43.41151974816644,49061.103081507164,1045.527397674622,6.552055827686951,12270.029441973968,Bachelor's Degree,Unemployed,Satisfied,3,4-6 years,Purchase of House,0
174,42.766907993300194,38690.531166999855,749.4571295109931,2.9955659621465505,18596.972352810473,High School,Unemployed,Satisfied,0,More than 6 years,Purchase of Property,1
175,48.27183249036024,45789.87384699839,1626.861616508432,3.49512952529393,23932.04517797427,Bachelor's Degree,Unemployed,Moderately Satisfied,0,4-6 years,Purchase of Property,0
176,40.13001891877907,24605.647787069218,517.7016918645825,2.066429618768646,19925.691507457475,Bachelor's Degree,Employed,Moderately Satisfied,1,More than 6 years,Start-up Business,1
177,54.53534077157317,48524.90559807875,1055.4221736687173,3.9971957062287267,22455.848581489903,Bachelor's Degree,Employed,Moderately Satisfied,0,1-3 years,Purchase of Vehicle,1
178,37.35343166762044,35171.133392736236,1607.081865768892,6.950624916955958,34507.26158812339,Some College,Employed,Satisfied,0,4-6 years,Personal Loan,1
179,60.0,33446.160241763435,1002.0399533679994,6.031256176887913,17256.969107539488,High School,Unemployed,Satisfied,3,Less than 1 year,Start-up Business,0
180,46.25667347765006,52698.41226730218,942.9882894995517,6.95684422405607,22226.78907715736,Bachelor's Degree,Employed,Dissatisfied,2,Less than 1 year,Purchase of Property,1
181,31.428424435837172,70880.034295169,892.7663731568719,6.044285091867872,15926.293099206923,Bachelor's Degree,Employed,Dissatisfied,0,1-3 years,Start-up Business,1
182,29.291075019388877,63774.7490900347,945.8824954712777,2.7926603429392616,13229.122240904217,Graduate Degree,Employed,Satisfied,3,1-3 years,Purchase of House,1
183,44.824724152431855,26442.490945652346,1411.854542402959,4.338421551344886,15320.738772657842,High School,Employed,Moderately Satisfied,3,1-3 years,Start-up Business,1
184,37.76537214674149,35155.57795144494,336.4414266011479,3.439601741765075,16169.931427826492,High School,Employed,Satisfied,1,1-3 years,Personal Loan,1
185,47.14000494092092,64111.567819823234,1460.0301103888976,7.661149808078081,22875.806380377006,High School,Employed,Satisfied,3,Less than 1 year,Purchase of Vehicle,1
186,44.73237624573545,35262.68909692536,572.8128542649565,2.606422707147377,38792.60629360606,Bachelor's Degree,Employed,Satisfied,1,More than 6 years,Start-up Business,1
187,39.271710873431275,46630.50275004463,920.0043012296755,6.787395378778221,14271.652509793277,High School,Employed,Satisfied,0,Less than 1 year,Purchase of House,1
188,31.53206281931595,58250.78148536828,871.2266739104015,6.785907740217539,16666.9975550763,High School,Employed,Satisfied,1,4-6 years,Purchase of House,1
189,24.851527753141355,35474.83317704547,1176.565980931216,8.659240403432175,19495.015895110013,Graduate Degree,Employed,Satisfied,3,1-3 years,Purchase of Property,1
190,35.53485047932979,51580.6325921894,520.5626944348758,4.1806268147410055,23166.39078967798,High School,Employed,Satisfied,2,More than 6 years,Purchase of Vehicle,1
191,48.56398794323472,29989.617576226934,1138.651799824583,6.424644319160324,22108.40649563828,Bachelor's Degree,Employed,Moderately Satisfied,2,More than 6 years,Purchase of House,1
192,42.14093744130204,40979.48534073179,1607.2928869860557,9.563303673077685,30272.766351584938,Some College,Employed,Moderately Satisfied,0,4-6 years,Personal Loan,1
193,27.54261221288012,54796.72901213806,591.0477986221568,3.764716646132607,1000.0,Bachelor's Degree,Employed,Moderately Satisfied,0,4-6 years,Purchase of Vehicle,1
194,41.73180925851182,26105.09399702496,1056.9118502831186,1.9299195049352806,1000.0,Some College,Employed,Dissatisfied,2,Less than 1 year,Purchase of Vehicle,1
195,43.85317379728837,56607.121069405985,801.4053466610173,1.2399799321844727,16032.974623918806,Graduate Degree,Employed,Satisfied,1,More than 6 years,Purchase of Vehicle,1
196,31.16142563798867,49705.433016099785,1127.7661618579107,6.425424057722663,28778.401500349668,Graduate Degree,Employed,Satisfied,0,More than 6 years,Purchase of House,1
197,41.53725105945528,58287.34931625721,1005.7443332247257,1.2336995838828324,7474.8157471552295,High School,Employed,Moderately Satisfied,3,More than 6 years,Personal Loan,1
198,40.58208718446,53358.712010969924,807.5539272867071,4.255361894124154,1000.0,High School,Unemployed,Satisfied,0,4-6 years,Personal Loan,1
199,28.57029702169377,70462.10644960766,1146.3616854613222,5.874626374077922,24569.435249753667,High School,Employed,Satisfied,1,1-3 years,Start-up Business,1
200,43.577873603482836,51878.36753971861,1541.304432936023,5.370351073659828,21949.257789621715,Bachelor's Degree,Employed,Satisfied,0,More than 6 years,Purchase of Property,1
201,45.60784526368234,43558.91688312121,942.7288624818104,5.850889728368345,11278.332745604563,Graduate Degree,Employed,Moderately Satisfied,3,1-3 years,Purchase of Vehicle,1
202,50.830512431752766,51834.46254548425,1215.9273826444546,5.444579711601708,12115.68319423256,Some College,Employed,Satisfied,3,4-6 years,Start-up Business,1
203,50.53802052034903,58149.470435545816,612.0181126386509,7.557731626626786,12242.050242922604,Bachelor's Degree,Employed,Moderately Satisfied,3,Less than 1 year,Personal Loan,1
204,26.22330632042909,50732.901054885566,713.0690869545974,3.095367238522406,20884.282539791522,High School,Employed,Satisfied,1,More than 6 years,Purchase of Property,1
205,30.621749600848773,50608.87536805824,1141.7218833641132,3.6460097230829374,14989.477790535944,Bachelor's Degree,Employed,Moderately Satisfied,1,1-3 years,Purchase of Property,1
206,45.1503526720866,39470.12468289867,1445.2348085607896,3.454681109458352,23952.511351804158,Graduate Degree,Employed,Moderately Satisfied,3,1-3 years,Start-up Business,1
207,45.13785950912209,40056.48623673578,1106.6840046356979,6.66038362372522,1000.0,High School,Unemployed,Moderately Satisfied,3,4-6 years,Personal Loan,0
208,45.150476863060476,28960.920923004596,906.0825908430537,6.800797176790127,13145.185078977605,Some College,Employed,Satisfied,1,4-6 years,Purchase of House,1
209,60.0,76243.65114780409,999.7874216270062,5.902450638637016,10991.568312711597,High School,Employed,Satisfied,1,4-6 years,Personal Loan,1
210,45.70890510693167,31342.051469130725,624.8776798090847,7.366987333779855,17949.274573020062,Some College,Employed,Moderately Satisfied,1,1-3 years,Purchase of Vehicle,1
211,51.35565640180599,39606.42203306139,1181.35459790661,2.6439182652472386,15695.61793207889,Some College,Employed,Satisfied,2,Less than 1 year,Purchase of House,1
212,49.54001763493203,39223.89101646204,1264.6999186970227,8.334448223102275,26382.750239166133,High School,Unemployed,Satisfied,1,4-6 years,Purchase of House,0
213,46.51391251305798,63423.86565416662,864.3729001500759,8.046477243424516,5125.305826719539,Some College,Employed,Satisfied,3,More than 6 years,Purchase of Vehicle,1
214,36.84730755359654,45575.75482561958,858.9873556721495,6.471243994491493,20363.931810646016,Some College,Unemployed,Dissatisfied,2,More than 6 years,Purchase of Vehicle,0
215,47.589692204932675,68716.131090106,1079.7634688956146,8.56359781754212,24466.691385693644,Some College,Employed,Satisfied,1,4-6 years,Purchase of Vehicle,1
216,32.27174785462428,39897.640636341974,868.9840791878214,1.6867535846444524,34853.179492495634,Some College,Employed,Moderately Satisfied,3,More than 6 years,Purchase of Property,1
217,37.63181393259991,54184.91243335703,980.1602156122533,3.9511037274746963,16145.872231252199,High School,Employed,Satisfied,0,4-6 years,Personal Loan,1
218,35.14636452170897,37469.794201103636,1629.9165367499545,3.5293930786360956,22595.668834820135,Bachelor's Degree,Employed,Satisfied,2,4-6 years,Start-up Business,1
219,40.81874139386323,82177.23691660083,925.892289776201,6.442958647514686,5569.09765950108,Bachelor's Degree,Employed,Moderately Satisfied,3,4-6 years,Purchase of House,1
220,60.0,32186.02371455731,892.4979543936333,2.899718520795709,1000.0,Some College,Employed,Satisfied,0,4-6 years,Purchase of Property,1
221,21.32734807408252,54647.31065340541,805.7374583094522,6.514990298674971,26758.195006253598,High School,Employed,Satisfied,3,4-6 years,Start-up Business,1
222,46.86260190374514,59506.65321398148,1223.257591449981,7.741072287993427,19955.517650815436,Bachelor's Degree,Employed,Moderately Satisfied,1,4-6 years,Purchase of Vehicle,1
223,23.872841288103483,56206.986461772474,945.6327480345691,6.390405800167999,29428.101518387382,Graduate Degree,Unemployed,Moderately Satisfied,1,1-3 years,Personal Loan,1
224,35.280681342105666,47220.68511683438,805.1880885035722,5.567502047323003,9012.776888242006,High School,Employed,Satisfied,0,1-3 years,Personal Loan,1
225,50.889505969673664,48052.689503998605,1396.3912096819035,3.0242533181985016,24159.217116230022,Some College,Employed,Moderately Satisfied,1,Less than 1 year,Purchase of Vehicle,1
226,40.64280019095463,50657.17207968664,1425.8809013540913,3.306298067749271,34950.542724350824,High School,Employed,Moderately Satisfied,3,4-6 years,Personal Loan,1
227,29.222552220706937,47794.96997557267,819.8729302783885,7.499237810593334,23357.64486685813,Some College,Employed,Moderately Satisfied,0,1-3 years,Personal Loan,1
228,32.84696290740032,64458.18675192365,440.0380145918151,6.558698007810665,22212.65204472839,High School,Employed,Satisfied,3,1-3 years,Purchase of Vehicle,1
229,46.79597748934676,83157.84502387026,1302.2541069510767,4.921960961244912,20068.4486465948,Some College,Unemployed,Satisfied,3,4-6 years,Purchase of Vehicle,1
230,32.69633368282864,41637.623224882496,794.6110522719988,4.164180908468219,7432.948342992702,Bachelor's Degree,Unemployed,Dissatisfied,3,4-6 years,Purchase of Vehicle,0
231,42.16458589581975,29452.955306313834,1237.1876797488305,0.9483842537772462,30844.583485682786,Some College,Employed,Moderately Satisfied,1,4-6 years,Purchase of House,1
232,40.45571839903814,48675.76927473118,408.9688546864494,2.8582951626311224,15113.138881559473,Some College,Unemployed,Satisfied,1,4-6 years,Purchase of Property,0
233,33.483996523941826,88695.64006481477,1267.7792014897927,8.822838174279447,24035.866051064135,Some College,Employed,Satisfied,3,More than 6 years,Purchase of Property,1
234,60.0,37944.88148045404,636.6484212157657,2.4390888579950665,7495.725547429971,Some College,Employed,Satisfied,2,More than 6 years,Purchase of Vehicle,1
235,46.33919022318011,74586.75208166102,1219.2292357199574,5.378959642442162,10564.322683937757,High School,Employed,Satisfied,3,More than 6 years,Start-up Business,1
236,20.0,75165.51221114662,1004.2819203509302,7.014887946390397,31480.699193777884,High School,Employed,Satisfied,3,4-6 years,Purchase of House,1
237,41.86454314769428,41696.176374380084,713.8181741810065,2.490154663995415,17221.581688337257,Graduate Degree,Employed,Satisfied,0,1-3 years,Purchase of Vehicle,1
238,33.38213535231612,58534.74618777913,877.8891061219658,5.3694209495621665,31626.203808340357,High School,Employed,Moderately Satisfied,3,More than 6 years,Purchase of House,1
239,48.52433334796224,74425.94934692807,1205.8955370870103,6.87583107502131,19374.15472753186,Bachelor's Degree,Employed,Satisfied,1,1-3 years,Purchase of Property,1
240,32.07479261567299,44313.08388518769,1031.7683359345704,5.0249986438145005,5264.817816337141,Graduate Degree,Employed,Moderately Satisfied,0,1-3 years,Purchase of House,1
241,38.85263558533101,46946.29459846457,1175.3238941417453,10.736806111333536,27136.540797853762,High School,Employed,Satisfied,2,4-6 years,Purchase of Vehicle,1
242,45.049872789804574,41274.786290770346,1592.9321753546456,1.6628014822436095,15280.861457955138,Some College,Unemployed,Satisfied,0,Less than 1 year,Purchase of Vehicle,1
243,48.657551941701215,34778.649039607,530.7275164866846,7.117457059767758,25589.510508136347,Some College,Employed,Satisfied,2,More than 6 years,Personal Loan,1
244,27.997035929442237,40260.83682400989,1485.1637724905872,4.654396525207071,20201.68694032066,Graduate Degree,Employed,Satisfied,0,4-6 years,Start-up Business,1
245,36.654987641590516,31640.895998566153,1031.3067812569639,6.54384030967335,7655.054176457037,Graduate Degree,Employed,Moderately Satisfied,0,4-6 years,Purchase of House,1
246,35.25054688839044,50511.25202388839,730.3647855030615,5.8826143033984915,21314.358122964553,Bachelor's Degree,Employed,Moderately Satisfied,2,4-6 years,Purchase of House,1
247,33.46670767426288,38450.40153412038,600.905912278303,3.533687605780007,37569.785137222396,High School,Employed,Satisfied,1,4-6 years,Purchase of Property,1
248,57.65454240281097,53506.788676861215,943.26388276689,5.45799278491868,23943.891668115673,Bachelor's Degree,Employed,Satisfied,1,Less than 1 year,Personal Loan,1
249,44.049817109609556,26661.56530694559,1276.4950335773378,1.2841970972034256,19539.857975956296,Some College,Employed,Satisfied,1,4-6 years,Purchase of House,1
250,27.391160456649548,54963.20348321686,961.7352638867397,6.2064950011427875,28602.74721565518,Some College,Employed,Moderately Satisfied,0,4-6 years,Start-up Business,1
251,49.17861947054776,62502.93442413387,1453.3464790742041,5.596316931981051,21685.347721624887,High School,Employed,Moderately Satisfied,3,4-6 years,Purchase of Property,1
252,60.0,20093.96536142817,564.6472929845323,6.277320337286205,21676.273842102353,High School,Employed,Satisfied,0,4-6 years,Purchase of House,1
253,50.32465260551147,55610.848547713584,996.3733156461836,7.116236650174301,11266.998622727178,Bachelor's Degree,Employed,Moderately Satisfied,3,1-3 years,Purchase of Property,1
254,24.806300340459867,68415.03488709938,624.2819666760643,5.735239680419422,21870.78420631679,Some College,Employed,Moderately Satisfied,3,1-3 years,Start-up Business,1
255,35.15765927133749,31855.38471963192,1109.0895647874904,5.296178839596553,28283.547331335558,Some College,Unemployed,Satisfied,1,1-3 years,Personal Loan,0
256,52.669111491866225,75088.58580256555,1266.06621702919,3.2378633266774157,13311.502783199803,Some College,Employed,Satisfied,3,1-3 years,Purchase of Vehicle,1
257,32.92330534381219,56285.285140490676,873.7714618956841,3.575558472701898,31395.96656997558,Graduate Degree,Unemployed,Dissatisfied,0,More than 6 years,Purchase of House,1
258,44.43819428146229,39424.82216362387,218.73584301185974,7.3734692403546624,19266.351806838993,Bachelor's Degree,Employed,Moderately Satisfied,0,More than 6 years,Purchase of House,1
259,47.74634053429337,49163.46383513441,1059.6844440389484,7.8726708114119575,12897.843907691675,High School,Unemployed,Satisfied,1,1-3 years,Purchase of House,0
260,30.73069528421917,58374.903687825834,1131.021565520053,4.523779127375892,27981.056615361955,High School,Employed,Satisfied,2,4-6 years,Personal Loan,1
261,39.404746439382,51140.080871186176,1121.2884264885092,5.092005494506548,17705.646114093845,High School,Employed,Satisfied,0,4-6 years,Personal Loan,1
262,20.0,58081.33988669554,1370.7346575466463,3.190771250012468,26076.119099888863,Graduate Degree,Unemployed,Satisfied,3,1-3 years,Personal Loan,1
263,29.756123586657104,36189.89610380951,678.6838961052854,7.34551369053489,17665.930941931703,Some College,Employed,Moderately Satisfied,0,1-3 years,Start-up Business,1
264,37.4743184860684,52540.41236054117,1204.0648316351349,6.330833647383558,19521.39085176077,Some College,Employed,Satisfied,0,More than 6 years,Purchase of Vehicle,1
265,27.522168180351507,28794.282546425296,1357.7522537433924,8.882434872927497,23948.481634674332,Some College,Employed,Moderately Satisfied,0,4-6 years,Personal Loan,1
266,56.32411303931635,48331.60907976949,466.423724798045,3.243353845640522,22327.176460720046,Some College,Employed,Moderately Satisfied,2,More than 6 years,Personal Loan,1
267,25.698586220393672,36441.38537802815,1095.895547775693,4.243984201963565,4035.7457563860917,Bachelor's Degree,Unemployed,Satisfied,3,1-3 years,Purchase of House,0
268,35.599555133030165,38967.050861153504,848.7460506976986,5.462891845051145,11030.050079244866,Some College,Employed,Satisfied,1,4-6 years,Personal Loan,1
269,41.30740577286091,68541.39762815656,975.5431980695063,6.292979075451541,27435.279878326524,High School,Employed,Satisfied,0,1-3 years,Purchase of Vehicle,1
270,54.412732890661154,66369.65180891403,1104.3029450615008,4.568664724904735,18942.90728878762,High School,Employed,Moderately Satisfied,3,1-3 years,Personal Loan,1
271,25.641378488205607,59137.071813607654,853.8314307659343,3.254077819092599,15810.149577828626,Some College,Employed,Satisfied,3,4-6 years,Purchase of Property,1
272,51.63163752154959,33615.308529911315,797.2875762515165,6.762815057847142,9131.407877940204,Graduate Degree,Employed,Moderately Satisfied,1,1-3 years,Purchase of Vehicle,1
273,40.10233061019587,45253.87325457797,1010.2457252464073,6.442270725091163,11362.109429793212,Some College,Employed,Moderately Satisfied,0,1-3 years,Purchase of Property,1
274,30.18491348952049,68196.46549968775,673.8262183411592,3.16745179887255,3825.610880304421,Graduate Degree,Employed,Satisfied,2,1-3 years,Purchase of Property,1
275,44.62103474263271,52125.753704598574,674.2524613344444,7.7108856022109915,19189.754250387738,Bachelor's Degree,Employed,Dissatisfied,3,Less than 1 year,Purchase of Vehicle,1
276,41.9905969557347,84789.94309972541,1203.811984886951,7.3403974183932075,15212.499355351625,High School,Unemployed,Dissatisfied,1,4-6 years,Purchase of Vehicle,1
277,33.99783122841205,55899.76759091558,655.3617894524032,5.268592994495585,12267.296872117478,High School,Employed,Satisfied,2,4-6 years,Purchase of House,1
278,40.69802084990019,52880.73674735047,1199.8937502727636,5.159195724752073,19455.012598656376,High School,Employed,Satisfied,3,Less than 1 year,Purchase of Property,1
279,36.1468640313824,45363.25303696248,1138.7773878561854,6.108115542231815,22911.765046821904,Bachelor's Degree,Employed,Dissatisfied,0,1-3 years,Personal Loan,1
280,41.13517345251248,52003.11357173423,482.25798136282094,3.276593859487484,36745.58345767956,High School,Employed,Dissatisfied,3,1-3 years,Start-up Business,1
281,46.62130674521047,47712.952454291844,796.7306042993034,5.060062958328165,7904.9326434942905,Some College,Employed,Satisfied,2,4-6 years,Purchase of Property,1
282,55.86016816145352,60621.630150328856,1358.2328209142117,0.6952329107816393,29275.048346404175,Some College,Unemployed,Satisfied,2,Less than 1 year,Personal Loan,1
283,27.62184501173151,64350.53475191876,705.6503406580955,6.752911291005871,27784.812488120577,Bachelor's Degree,Employed,Satisfied,0,4-6 years,Purchase of House,1
284,60.0,38210.158092380756,860.6787213071837,1.8770135551162812,13767.258084986395,High School,Unemployed,Dissatisfied,0,Less than 1 year,Personal Loan,0
285,20.479122004774982,30031.50569663333,1138.6182679755689,8.006839656857998,21625.887636688247,Some College,Employed,Satisfied,1,1-3 years,Purchase of Vehicle,1
286,38.482149049644164,22456.919403450553,1235.0171527847785,4.3397598120671,16338.934005299077,Some College,Employed,Satisfied,0,More than 6 years,Purchase of House,1
287,45.883172064845766,57619.86990368816,924.5383341866512,4.576666036137646,21485.508643349913,Some College,Employed,Moderately Satisfied,1,4-6 years,Purchase of Property,1
288,42.809918677350325,33449.50090739189,820.7469415925075,3.7445321878309885,32073.048107236405,Bachelor's Degree,Employed,Satisfied,2,Less than 1 year,Purchase of Vehicle,1
289,33.77300480179406,20000.0,1426.7109585095523,4.4239222521558474,24844.849861050505,High School,Employed,Moderately Satisfied,2,More than 6 years,Personal Loan,1
290,37.918777496427246,55828.67906796446,1521.6698991392736,7.837062690296073,24068.866985867535,Bachelor's Degree,Unemployed,Satisfied,3,4-6 years,Personal Loan,1
291,35.06999065341167,87394.99276149186,1293.6574152345386,0.024382686929841135,16557.52544036286,Bachelor's Degree,Employed,Moderately Satisfied,3,More than 6 years,Purchase of House,1
292,34.106352430557884,49908.9363269016,1025.5954427695071,7.5539307721763755,8127.546680605319,Some College,Unemployed,Satisfied,1,4-6 years,Purchase of House,0
293,48.496020970210246,62577.36161677463,757.5202835077221,5.676046962203416,18332.254315676735,Bachelor's Degree,Employed,Moderately Satisfied,0,4-6 years,Personal Loan,1
294,43.57015485965047,51227.440378213476,750.8666780330304,2.585956704285569,29652.86523891132,Some College,Employed,Moderately Satisfied,0,More than 6 years,Personal Loan,1
295,33.070904047393455,48516.65520213286,1156.7542315797273,2.8493752139015243,7782.65714728282,High School,Employed,Satisfied,3,1-3 years,Purchase of Vehicle,1
296,48.995998754332504,63786.14724481653,1125.5194662666051,8.352786054416406,11559.285054586438,Bachelor's Degree,Employed,Satisfied,2,4-6 years,Purchase of House,1
297,43.072995208766095,45645.88183717023,1420.4795778839289,3.108986240114538,21010.141889872546,Some College,Unemployed,Satisfied,1,4-6 years,Purchase of Property,0
298,48.1286211883896,54010.88471107854,1195.1350277608417,2.6932989788080812,12122.761721221901,Bachelor's Degree,Employed,Satisfied,2,Less than 1 year,Purchase of Property,1
299,46.29628841923612,54825.467092940205,549.0759094720546,7.274629084729458,13659.8124230783,Some College,Employed,Moderately Satisfied,2,Less than 1 year,Purchase of Vehicle,1
300,31.710049890779278,39978.64319535427,1315.5842853168756,5.677105752571828,16611.211346174583,Graduate Degree,Employed,Moderately Satisfied,0,1-3 years,Purchase of House,1
301,34.39818959803031,64880.635243047844,700.5818118056761,3.124148846927202,9075.060766478804,Some College,Employed,Satisfied,1,4-6 years,Personal Loan,1
302,47.472936051232615,47375.60364956887,884.8086184142945,5.433249950809238,12207.025230269053,High School,Employed,Moderately Satisfied,2,4-6 years,Purchase of Property,1
303,46.10370265433465,38663.82260760733,1075.0600618755084,2.9484946327194455,25627.42333429847,Some College,Employed,Moderately Satisfied,3,4-6 years,Start-up Business,1
304,39.79098406035852,58047.64765355605,1598.7002469351892,7.20164279684521,9541.041742152287,Bachelor's Degree,Employed,Moderately Satisfied,3,Less than 1 year,Personal Loan,1
305,41.17327383308782,36522.98027313444,1932.9755668016082,7.122741929746267,7217.022924041299,Bachelor's Degree,Employed,Satisfied,0,4-6 years,Start-up Business,1
306,52.77664895788425,50422.717360536924,1182.0169177408548,6.064012397643886,14959.800163728845,Some College,Employed,Satisfied,3,More than 6 years,Purchase of Vehicle,1
307,34.0842861116417,49863.21505033695,945.0410143838836,5.723322122494033,25855.644020078766,Graduate Degree,Employed,Satisfied,3,1-3 years,Personal Loan,1
308,45.470973811700375,66288.43348747367,1160.3516945441652,8.522376249734748,18424.625536024883,High School,Employed,Satisfied,2,4-6 years,Purchase of Vehicle,1
309,37.97807347566106,57120.47349319929,1266.2966277621508,4.999372654776451,16283.351375075054,Some College,Employed,Satisfied,3,4-6 years,Purchase of Property,1
310,37.8231879677278,49624.595618822845,903.7997123328425,2.6362517491583977,20354.870380124856,Graduate Degree,Employed,Satisfied,3,4-6 years,Purchase of House,1
311,50.9877685198719,62266.494488004304,1538.5634067736967,5.898947825664614,6034.340537122784,Graduate Degree,Employed,Satisfied,2,4-6 years,Purchase of House,1
312,48.2541634898803,70853.1132352597,1069.0212277574205,9.172094099074227,23957.645230200258,Bachelor's Degree,Employed,Moderately Satisfied,0,More than 6 years,Personal Loan,1
313,48.135096360006386,58367.154595277934,1149.3229267274182,2.9704810136282958,23067.480251229154,Graduate Degree,Employed,Satisfied,0,1-3 years,Personal Loan,1
314,53.05478807154329,50155.28929765071,1199.7772756163383,4.277074466612029,16725.53220723423,High School,Employed,Satisfied,1,More than 6 years,Purchase of Vehicle,1
315,40.21003841632759,30322.456514747606,1126.4759831843367,5.8328920762029055,28047.396094371332,Graduate Degree,Employed,Satisfied,3,1-3 years,Purchase of Property,1
316,46.81952971294964,34023.29505386941,1251.6821501408836,4.892190301988522,10980.03120837569,Some College,Employed,Satisfied,2,1-3 years,Purchase of House,1
317,36.89733243406544,45421.629434679984,814.8240440359231,3.035392839245371,29023.27194602855,High School,Unemployed,Satisfied,1,Less than 1 year,Purchase of House,0
318,43.24166352488442,40857.31696761075,832.5094738161908,7.243715712460942,21235.94932476201,High School,Employed,Satisfied,0,4-6 years,Personal Loan,1
319,38.698569456323156,47195.43045521831,669.9537301084915,9.640081444034518,17307.579280974613,Some College,Employed,Satisfied,0,4-6 years,Purchase of House,1
320,40.96995964992718,50849.74887345661,1131.8503691860678,5.392262918047814,19841.010917053507,High School,Employed,Satisfied,2,1-3 years,Start-up Business,1
321,45.95157025436914,57945.391315350964,1233.6809510536343,3.1918634205279997,19141.881873512466,Some College,Employed,Satisfied,1,1-3 years,Purchase of Vehicle,1
322,31.817793167665275,48942.518329113635,1137.3318598455658,1.90207894989305,29762.263171341736,High School,Employed,Satisfied,1,More than 6 years,Purchase of Property,1
323,60.0,57297.52465739303,1502.3477300042612,5.515951962442362,11386.566980231892,High School,Employed,Moderately Satisfied,2,More than 6 years,Purchase of Property,1
324,29.93982618500298,50967.1162221518,998.3211943512861,7.207754686632516,13899.846086827214,Some College,Employed,Satisfied,2,4-6 years,Purchase of Vehicle,1
325,27.85811387212268,20368.00150469193,1200.6224966777538,5.950335492990764,28290.423136579837,Some College,Employed,Satisfied,1,4-6 years,Purchase of House,1
326,51.581108735000676,35909.96909271869,672.4897371582057,4.995192318162292,15235.720518529126,Some College,Employed,Satisfied,0,4-6 years,Personal Loan,1
327,47.91662693962936,47838.686664175766,883.8700892576796,3.8214566964213876,27204.264618652734,Bachelor's Degree,Employed,Satisfied,3,1-3 years,Personal Loan,1
328,46.24119817052155,31854.578857383385,1208.6613272697332,2.8156727345638206,33595.48786406968,Graduate Degree,Employed,Satisfied,0,More than 6 years,Purchase of House,1
329,46.2834550926428,58998.93094994307,1254.7306332229432,6.669502652649764,16785.63978446693,Bachelor's Degree,Employed,Satisfied,2,1-3 years,Purchase of Property,1
330,39.87753227153085,72961.26248515546,911.8099157007454,6.8275432427711715,25450.898612602443,Some College,Employed,Moderately Satisfied,1,4-6 years,Purchase of Vehicle,1
331,31.027456285141685,68281.42777545974,978.52022444258,1.9085404266185337,10770.461749281132,Bachelor's Degree,Employed,Satisfied,1,1-3 years,Purchase of Vehicle,1
332,40.75804558193726,46798.35693604688,544.6378759957572,8.179677956361367,26037.866384542474,High School,Unemployed,Satisfied,3,4-6 years,Purchase of House,0
333,33.22838288487888,72360.89205274929,892.8912397580172,6.148142441788003,21595.391887894137,High School,Employed,Moderately Satisfied,1,4-6 years,Purchase of Vehicle,1
334,49.75119733417751,52230.01185803167,1267.114949055936,7.7991892902915865,23784.30625728172,Some College,Employed,Dissatisfied,3,4-6 years,Personal Loan,1
335,38.52942618497861,44943.71043322941,1172.5615048319698,2.31574450302977,14835.42342371684,Bachelor's Degree,Employed,Satisfied,0,1-3 years,Personal Loan,1
336,31.745028032074885,40798.960046885906,1150.199716414363,2.268351689169122,6711.33267546262,High School,Unemployed,Satisfied,0,4-6 years,Start-up Business,1
337,36.78614158347007,45462.95470267808,1014.932106154288,4.702061380465406,24026.01651799604,High School,Employed,Satisfied,1,1-3 years,Purchase of Property,1
338,44.12931454275624,44177.34772188157,1002.1189475884529,6.005568853790388,3492.7747801643636,High School,Employed,Satisfied,1,1-3 years,Start-up Business,1
339,34.36275447196025,52556.243335632316,801.9036581579659,8.592721645853928,17461.19606205972,Graduate Degree,Employed,Satisfied,2,Less than 1 year,Purchase of Property,1
340,31.777796044335687,52408.60971574797,1209.6485260607606,6.4121578276302635,27529.454931359756,Bachelor's Degree,Employed,Satisfied,2,4-6 years,Purchase of Property,1
341,42.436872114919126,50045.69030230122,1126.291883316817,4.514637446375933,21535.18188698429,High School,Unemployed,Moderately Satisfied,1,4-6 years,Start-up Business,0
342,42.44966571108723,56554.072546195246,1147.6056543978398,2.9472615846682158,35586.7411583185,Some College,Employed,Satisfied,1,4-6 years,Purchase of Property,1
343,34.9305682462887,67859.69412179512,842.1895471997259,7.4600011454383,28200.87322065419,Some College,Employed,Satisfied,0,4-6 years,Purchase of Vehicle,1
344,35.289616943816775,64243.312031619855,353.9971240386267,3.0705891484985703,14768.812893395389,Bachelor's Degree,Unemployed,Satisfied,1,4-6 years,Personal Loan,1
345,42.32049937357636,27726.53047325145,1329.1458135261087,8.256937109544644,20218.50703881151,High School,Employed,Moderately Satisfied,2,4-6 years,Start-up Business,1
346,25.519156585026757,20000.0,856.3487631974788,4.431230700786982,19621.034379644512,Graduate Degree,Employed,Satisfied,0,1-3 years,Personal Loan,1
347,25.925362256234447,64014.79866858911,741.1672707870639,8.181164145235702,7342.585893230982,Some College,Employed,Moderately Satisfied,3,1-3 years,Purchase of Property,1
348,32.81555778747564,29496.819523768685,1208.043673574198,6.357862580118557,12476.808668125173,Bachelor's Degree,Employed,Satisfied,2,4-6 years,Purchase of Property,1
349,37.86552848288153,46628.518971609745,882.3962080242611,4.726009021115083,15513.912744161118,High School,Employed,Satisfied,2,4-6 years,Start-up Business,1
350,43.10907565598005,32448.304609109608,1317.9809152139865,3.9612072563477465,3710.235977152508,Some College,Employed,Satisfied,0,More than 6 years,Purchase of Vehicle,1
351,54.753562169495524,22970.293436299704,1185.1017848730094,4.31818424530784,20379.947746013142,Some College,Employed,Satisfied,3,More than 6 years,Purchase of Property,1
352,48.576596232020194,58121.94092307182,1205.0707969601433,5.8566333847504755,18007.425242775673,Some College,Employed,Satisfied,2,1-3 years,Purchase of Vehicle,1
353,38.40061470036573,61387.327404539705,590.2132866398397,5.154312992435433,6616.848789507407,High School,Unemployed,Satisfied,1,1-3 years,Purchase of Property,1
354,39.80983792097311,41352.34398909921,1363.5831956159202,3.8123771838625897,23233.702922218657,Bachelor's Degree,Employed,Satisfied,2,4-6 years,Purchase of Property,1
355,29.97470635362191,20000.0,1078.3751593701568,4.668737179364736,25726.981957527678,High School,Unemployed,Moderately Satisfied,0,1-3 years,Purchase of Vehicle,0
356,39.8148686400761,41806.33327621276,889.216858226139,5.1571540594383,21816.275830919112,Bachelor's Degree,Employed,Satisfied,0,Less than 1 year,Purchase of Vehicle,1
357,37.11341361079862,55877.060081038195,1043.0165402026753,0.7425318111703758,17407.454598328237,Bachelor's Degree,Employed,Satisfied,0,More than 6 years,Purchase of Property,1
358,43.227185603380896,27816.32646838807,467.12943013050403,5.916336229577397,24731.53721401484,Some College,Unemployed,Satisfied,2,1-3 years,Purchase of Vehicle,0
359,31.72769056447677,52750.39879668733,1122.5958434442014,3.0405575505663864,25441.762883813528,Bachelor's Degree,Employed,Moderately Satisfied,3,More than 6 years,Purchase of Vehicle,1
360,45.193465142411725,49770.35226240507,691.1885475453785,2.69333519358851,22459.228557757506,Bachelor's Degree,Employed,Dissatisfied,1,4-6 years,Personal Loan,1
361,55.32738913002578,58689.37249401632,594.1989142469397,1.6253113057785793,13403.101996521913,Some College,Employed,Satisfied,0,4-6 years,Purchase of House,1
362,38.91239851543143,51793.705526212296,543.2922441346327,1.4122150042642194,22212.806124089446,Bachelor's Degree,Employed,Satisfied,3,1-3 years,Purchase of House,1
363,44.01711722098941,35403.96588677667,1333.8065124969776,2.2891049937754215,29563.84520660383,High School,Employed,Satisfied,1,1-3 years,Start-up Business,1
364,46.90143991711113,67948.57252496737,811.2209818921634,3.581958084739019,15226.967531106158,Some College,Unemployed,Dissatisfied,0,4-6 years,Purchase of Vehicle,1
365,35.987795281141636,47622.05640459545,1460.1183129749497,8.906518275053136,36783.51471305945,Bachelor's Degree,Employed,Moderately Satisfied,1,1-3 years,Purchase of House,1
366,42.24092481810417,49590.43190735102,839.2595610843107,3.948240648209592,15794.952528116924,Some College,Employed,Satisfied,1,1-3 years,Purchase of Property,1
367,40.12592400781795,36000.98061390206,487.792612722116,5.355500212536063,20259.256106721088,Some College,Employed,Satisfied,3,1-3 years,Personal Loan,1
368,40.97676098548832,43350.766232127346,665.0426680154023,5.800962773012658,14620.11523194931,Some College,Employed,Satisfied,1,1-3 years,Start-up Business,1
369,32.26990216144534,36727.95928959649,1370.7434860020817,5.262130372431697,21786.166687362085,Bachelor's Degree,Employed,Satisfied,0,1-3 years,Start-up Business,1
370,40.245101742589426,47405.809101148654,953.2305466189997,4.845113078548013,6062.226458917799,Graduate Degree,Employed,Moderately Satisfied,3,4-6 years,Personal Loan,1
371,44.979982912454496,75675.62720213515,835.5138110528197,2.6094124728015107,15631.66560946623,Some College,Employed,Satisfied,2,1-3 years,Purchase of Vehicle,1
372,54.51143607795042,29421.482856029656,1048.0054677558362,7.901855096558424,11263.030397211462,Bachelor's Degree,Employed,Satisfied,2,Less than 1 year,Purchase of Vehicle,1
373,49.59270826085207,25796.579031848883,1150.5348208502635,8.614393287275771,21082.70678313833,Graduate Degree,Unemployed,Moderately Satisfied,3,4-6 years,Purchase of House,0
374,60.0,72067.55491240413,1335.2196447707383,1.6346826117546285,27955.57900407126,High School,Employed,Moderately Satisfied,2,More than 6 years,Purchase of Vehicle,1
375,32.326524371119504,46860.14484272201,1434.5497689678778,2.951942818227241,25168.049496916414,High School,Employed,Satisfied,1,1-3 years,Personal Loan,1
376,48.723206367206785,39963.908920101254,892.0694062632742,4.440379315245988,1026.7251131288613,Bachelor's Degree,Employed,Moderately Satisfied,0,1-3 years,Purchase of Property,1
377,41.83342005738352,65598.57031094114,602.1856941753886,3.070924410179617,36336.55722342304,Bachelor's Degree,Employed,Satisfied,1,4-6 years,Purchase of Vehicle,1
378,60.0,40915.766903947035,875.9604516630172,6.011931106911731,22362.239524966946,Graduate Degree,Employed,Moderately Satisfied,3,More than 6 years,Personal Loan,1
379,31.917017146448487,77390.14570320403,1078.0841519748658,3.543455595186774,13788.006876055999,Some College,Unemployed,Moderately Satisfied,0,4-6 years,Purchase of Vehicle,1
380,31.60278157819224,60168.88807008904,710.8723221368168,9.330112135613206,21257.023351927528,High School,Employed,Satisfied,3,4-6 years,Purchase of House,1
381,34.00607354555978,42681.32887781446,712.8547255314871,7.381097188687193,21409.51858002154,Some College,Unemployed,Moderately Satisfied,3,1-3 years,Purchase of Property,0
382,20.0,82359.62319898256,1103.1363644649657,5.42514806126443,14665.21026438749,High School,Employed,Moderately Satisfied,3,4-6 years,Purchase of House,1
383,34.74244978319239,40914.27615494993,985.4042945288646,7.053972526639464,21583.333338736604,High School,Unemployed,Satisfied,1,Less than 1 year,Purchase of House,0
384,32.40867338446302,61131.430580139604,1009.8390986234759,7.211800848714618,15140.221699037542,Bachelor's Degree,Employed,Satisfied,0,4-6 years,Purchase of Vehicle,1
385,41.50393786476208,54489.38870609738,772.4513995899791,3.8721050238835133,16765.104058479817,High School,Unemployed,Moderately Satisfied,0,4-6 years,Purchase of House,1
386,43.41755975777159,69526.11934098197,930.8797857382698,3.3675655109160703,14509.766913959324,Bachelor's Degree,Employed,Satisfied,0,More than 6 years,Personal Loan,1
387,58.761708392158866,73422.66795090279,722.7300567195086,5.156286125939295,8538.629682082777,Some College,Employed,Satisfied,1,1-3 years,Start-up Business,1
388,49.5042383818605,50480.0622359865,1267.059523337436,6.7232722489958885,21166.691761723072,Some College,Unemployed,Moderately Satisfied,2,Less than 1 year,Purchase of House,0
389,34.23096344337597,38698.73194480725,1310.5748004171257,5.278120797306835,24682.395492130705,High School,Employed,Moderately Satisfied,1,4-6 years,Purchase of House,1
390,31.01585328651642,56899.582144086744,446.1436413285719,1.8460070356180056,24119.068768610978,Some College,Employed,Satisfied,1,4-6 years,Personal Loan,1
391,44.919191715065054,39834.26945371841,721.146741942277,3.3943511120983154,26559.402021081874,High School,Employed,Satisfied,3,4-6 years,Start-up Business,1
392,26.797667929793576,80200.80871289935,551.0412234729763,4.852054272811244,22594.721680118946,Graduate Degree,Unemployed,Satisfied,0,1-3 years,Purchase of Vehicle,1
393,58.31458765854354,52048.02996624106,804.9928196779306,4.84866879134834,15738.196014264773,Bachelor's Degree,Employed,Satisfied,0,1-3 years,Purchase of House,1
394,51.79440120721287,44520.17673031837,974.9686090628917,8.945084353579617,26717.31091544951,Some College,Employed,Satisfied,2,4-6 years,Personal Loan,1
395,35.30824347895295,52770.204587973625,565.106434090441,2.228024115202004,9139.85968126452,High School,Employed,Moderately Satisfied,2,1-3 years,Purchase of Property,1
396,22.868654709091224,29793.10565705455,723.442056062406,6.011178483671749,12794.628939900158,Graduate Degree,Employed,Satisfied,3,More than 6 years,Purchase of Vehicle,1
397,53.538723741654124,35425.789422340225,698.8127883755504,7.978226216656579,12286.399428614042,Some College,Unemployed,Satisfied,0,4-6 years,Purchase of Property,1
398,38.85460154747382,68006.20861916638,1062.1801988196833,9.542899490845592,28640.448473114484,High School,Employed,Satisfied,2,4-6 years,Purchase of Vehicle,1
399,52.378163119734616,40146.58581542906,1020.8033011108752,4.191205153632078,27542.308113120605,Some College,Employed,Dissatisfied,2,4-6 years,Purchase of Property,1
400,24.05572341205633,34296.3352597709,783.478733998824,5.982858905440399,23898.44189635996,Graduate Degree,Unemployed,Satisfied,0,4-6 years,Purchase of Property,1
401,34.00624977046227,58049.79128790929,1053.0462616418195,6.139520714397294,28575.43892169438,High School,Employed,Satisfied,1,1-3 years,Personal Loan,1
402,40.05243699718183,67785.56231994496,835.9959746238204,5.390963463106582,12965.737740704095,High School,Employed,Satisfied,2,More than 6 years,Purchase of House,1
403,40.46980593764742,60784.299659976,918.5034669021841,4.802309597521388,22788.760958887844,Graduate Degree,Employed,Satisfied,0,1-3 years,Purchase of Vehicle,1
404,35.49934528520756,64940.715287087245,1502.035627089561,5.871950779000092,18998.604572934688,High School,Employed,Satisfied,2,4-6 years,Purchase of Vehicle,1
405,46.228499323474985,38648.073671458085,1402.1383155371043,0.0,26775.05683107931,High School,Employed,Satisfied,3,1-3 years,Personal Loan,1
406,29.323795706174057,28672.839998872343,610.1256289217207,6.364138980125262,19078.20613958242,Some College,Employed,Satisfied,2,4-6 years,Purchase of Vehicle,1
407,38.576205149787064,72520.0047793323,1248.9197253637524,5.2523558073239345,16920.45689271935,Graduate Degree,Employed,Satisfied,0,1-3 years,Purchase of House,1
408,41.20295631711899,45159.802417367966,1243.4189663474776,4.555050206443469,24327.26814848792,Some College,Employed,Satisfied,2,1-3 years,Purchase of Vehicle,1
409,45.14438834058749,46237.50475317429,655.5210133742146,9.093724391439116,27009.353337529865,Graduate Degree,Employed,Satisfied,3,More than 6 years,Personal Loan,1
410,47.1161487808889,69922.91212773586,1245.6332931264583,3.6501319624188957,14653.238441225587,Bachelor's Degree,Employed,Satisfied,3,1-3 years,Purchase of House,1
411,28.753579081621307,58343.4501410099,1461.3795755237659,4.193848021869939,19511.39462918099,High School,Employed,Satisfied,2,4-6 years,Purchase of House,1
412,24.658858292643778,56838.31658122411,663.2365581266758,8.983106604409468,11532.474930866778,Graduate Degree,Employed,Satisfied,2,More than 6 years,Purchase of House,1
413,52.77676821898509,82475.03517351625,724.7491536957209,3.3358773903002867,1000.0,Some College,Employed,Satisfied,3,Less than 1 year,Personal Loan,1
414,43.323140119795916,40347.22654429785,1305.2984400530509,3.899769434126922,21603.67705130983,High School,Employed,Moderately Satisfied,3,4-6 years,Purchase of Property,1
415,32.51513463443446,63917.60192121856,1081.4485932476944,4.7059491531383,24871.242850037055,Some College,Employed,Satisfied,1,1-3 years,Personal Loan,1
416,55.51151975522523,50855.19687345627,1165.442882571857,6.681468964259098,22096.534472693806,Some College,Employed,Satisfied,1,Less than 1 year,Personal Loan,1
417,41.156746342928585,54028.88418294885,1102.176764920149,5.415605014706626,4403.506257965062,High School,Employed,Satisfied,3,4-6 years,Start-up Business,1
418,51.792971840638266,72927.02639618798,1117.2087762784433,2.4147493056954747,17193.204559388203,High School,Employed,Dissatisfied,2,More than 6 years,Purchase of House,1
419,40.67518481410109,57617.53634434436,602.058361506675,3.935662873745621,2253.2179195913486,Some College,Employed,Moderately Satisfied,0,Less than 1 year,Start-up Business,1
420,60.0,58074.441185744494,1314.1953119864345,3.7852911335755772,30957.60886123348,Bachelor's Degree,Employed,Satisfied,2,4-6 years,Purchase of Vehicle,1
421,57.55340842443204,66087.61005964704,1350.876997728332,4.845557909553909,11311.563343055312,Some College,Unemployed,Satisfied,2,4-6 years,Purchase of House,1
422,37.51035851520926,44525.70905685672,931.1827767795917,5.851687317259659,30043.22887567917,Graduate Degree,Unemployed,Satisfied,1,More than 6 years,Personal Loan,0
423,49.71570950954356,37411.85498991491,986.9569150558413,5.836411511775944,27566.957149473164,High School,Employed,Satisfied,1,Less than 1 year,Purchase of Vehicle,1
424,46.45375949585147,34327.862089684495,540.6677492332833,1.4479764919031957,12795.277179711506,High School,Employed,Satisfied,1,4-6 years,Purchase of Vehicle,1
425,53.68631557532349,20504.65115935997,1154.2764268053504,7.127881975121712,10937.72038985804,High School,Employed,Moderately Satisfied,3,4-6 years,Purchase of House,1
426,30.350765394198955,80843.10694910484,1171.6172325142431,5.505137691993247,22802.961731090705,High School,Employed,Satisfied,3,4-6 years,Purchase of Property,1
427,46.86051459998439,33451.87451417475,981.3426949002067,7.7690640951878125,13245.40770253543,High School,Employed,Moderately Satisfied,2,More than 6 years,Purchase of House,1
428,50.58424486849588,46681.19564621342,1337.3060079611507,5.888396654581344,20819.87713726566,Bachelor's Degree,Employed,Satisfied,2,More than 6 years,Personal Loan,1
429,22.412605135768857,45847.80050166619,899.7768307060178,7.202645915471525,16137.379273544653,Graduate Degree,Employed,Moderately Satisfied,0,Less than 1 year,Personal Loan,1
430,28.16741487334225,54611.10046713651,1169.3817777680802,5.933090622900254,5750.7326842749335,Graduate Degree,Employed,Moderately Satisfied,2,4-6 years,Purchase of Property,1
431,20.0,62236.05818808945,694.1006983923653,7.692451512405496,2156.2558470043296,High School,Employed,Satisfied,2,1-3 years,Purchase of Vehicle,1
432,37.305931655554424,62907.10232539618,992.9343547377285,6.044501272035557,21813.47398795678,Graduate Degree,Employed,Satisfied,1,1-3 years,Start-up Business,1
433,47.17542255795962,41253.83842146592,947.6937226291493,4.804169507114192,15507.538029354997,Some College,Employed,Satisfied,1,4-6 years,Purchase of Vehicle,1
434,55.02357052096028,47493.174293203825,1067.5923766122826,9.544869440893763,15575.281464686941,High School,Employed,Satisfied,1,1-3 years,Purchase of Vehicle,1
435,40.74094780419775,54238.69925732449,889.1419213499925,6.778074244559784,25566.910712750283,Graduate Degree,Employed,Satisfied,1,4-6 years,Purchase of Vehicle,1
436,56.286155455712915,46269.633107246795,960.5582212984997,6.147488842008826,29387.53821305956,Bachelor's Degree,Employed,Satisfied,1,More than 6 years,Purchase of Property,1
437,26.198985417851084,74110.18364029989,1247.8141514324518,2.447391166923328,17819.642229105528,High School,Employed,Satisfied,0,Less than 1 year,Purchase of Vehicle,1
438,22.966175606448452,57364.62427457377,868.9707288285348,2.4233847650729246,17275.21034472111,Some College,Employed,Dissatisfied,0,More than 6 years,Purchase of Vehicle,1
439,39.44452301103381,61023.16679074726,518.0268697783962,5.585430964283707,24001.14426491107,High School,Employed,Satisfied,0,4-6 years,Purchase of House,1
440,43.840654489393074,59943.21903001119,1524.8751712616263,5.291042395536482,9144.515442403397,Bachelor's Degree,Employed,Dissatisfied,1,4-6 years,Purchase of Vehicle,1
441,39.67305251905907,67602.10786227987,1414.436223607146,3.7717548699833676,21785.224437981575,Some College,Unemployed,Satisfied,3,More than 6 years,Purchase of Property,1
442,20.0,52715.3233805556,612.3211914683144,5.28196539922412,24415.08777457723,Graduate Degree,Unemployed,Moderately Satisfied,1,1-3 years,Personal Loan,1
443,39.10879960487212,30547.5207806623,1206.9123415735583,8.17725385608719,25441.841667341032,High School,Employed,Satisfied,1,4-6 years,Personal Loan,1
444,26.95530499495147,55995.31927628962,849.107568834597,6.390804949100597,4505.978379980281,Some College,Employed,Satisfied,0,4-6 years,Purchase of Vehicle,1
445,46.69672548830039,40229.64659312257,1079.0461645993178,2.7179829804945235,13909.157841528475,Some College,Employed,Moderately Satisfied,1,1-3 years,Purchase of Vehicle,1
446,43.66598246096848,42070.74977375365,1088.2672387040482,4.776982345714113,12973.893977412266,Some College,Unemployed,Satisfied,0,More than 6 years,Start-up Business,1
447,30.60120213672645,58795.4602813264,929.6776599051034,3.3900670382948785,20799.095635273705,Some College,Employed,Moderately Satisfied,1,More than 6 years,Purchase of Vehicle,1
448,34.861330826633065,68574.24607150453,764.8703003240811,4.224600167182878,23845.95663814387,Bachelor's Degree,Unemployed,Satisfied,2,1-3 years,Personal Loan,1
449,29.407864781110483,50319.073651040926,792.8376843051221,4.172768668740715,31973.68325956785,Graduate Degree,Employed,Satisfied,3,1-3 years,Purchase of Vehicle,1
450,39.37320902726828,54632.49518898446,725.1424253556272,4.044708834791989,16040.276157055416,Graduate Degree,Employed,Satisfied,3,4-6 years,Start-up Business,1
451,49.551423205012384,75533.22416952858,750.4533375308665,2.4897292560532103,16019.420013526289,Bachelor's Degree,Unemployed,Moderately Satisfied,0,Less than 1 year,Purchase of House,1
452,30.142739536644562,53611.297692328524,979.8465129851934,4.74469063696362,29197.376151029974,Graduate Degree,Employed,Satisfied,2,4-6 years,Purchase of House,1
453,45.040465155178445,89025.24671270592,785.2720032667745,3.87878472630538,22372.61550824244,Some College,Employed,Moderately Satisfied,3,1-3 years,Personal Loan,1
454,34.69742381627559,58482.64468447316,1204.615619713786,0.0,30141.212089503788,Bachelor's Degree,Employed,Moderately Satisfied,0,4-6 years,Purchase of Property,1
455,32.07127167737656,23588.558612662735,1446.1738466007782,9.105944049003327,22309.82402407869,Some College,Employed,Satisfied,1,Less than 1 year,Purchase of House,1
456,38.929696400454425,61300.12431656799,825.9840275889871,7.177539308433344,10743.067050293834,Some College,Employed,Satisfied,1,1-3 years,Purchase of Property,1
457,29.647576775806257,55717.37577324166,1071.821350160613,4.247398550150008,9334.973161777547,Some College,Employed,Moderately Satisfied,2,4-6 years,Personal Loan,1
458,34.46350694652818,69346.29131124119,1149.9055330908802,5.037638099481197,7587.902007528568,Some College,Employed,Satisfied,3,4-6 years,Purchase of Vehicle,1
459,28.021221074111516,60097.72026904937,1141.6006812757823,2.6566913053648764,25296.414678067784,High School,Employed,Satisfied,1,More than 6 years,Purchase of Vehicle,1
460,59.64725132916389,47923.16024024339,1022.7865803748263,8.391445755621731,29508.774584696064,Graduate Degree,Unemployed,Satisfied,0,More than 6 years,Purchase of House,1
461,40.35263551971729,31635.526455659514,1222.8047255079168,8.794577389546223,34794.89713109105,Some College,Employed,Satisfied,1,1-3 years,Purchase of Vehicle,1
462,33.00274492007414,46864.65114070962,1144.6746858041972,5.313387456493049,26744.84265858592,High School,Employed,Satisfied,1,Less than 1 year,Purchase of Property,1
463,42.13979910734222,37242.1931868605,628.7012733018107,7.047061288370689,29302.70862027989,Some College,Employed,Satisfied,3,More than 6 years,Purchase of Vehicle,1
464,38.8767195030917,41292.14825292916,1260.746819316782,5.350573557867848,15359.869338770523,High School,Employed,Moderately Satisfied,3,More than 6 years,Purchase of House,1
465,37.79030400466777,58828.67606630914,1266.1872511800225,2.3265491222481387,10748.673466049146,High School,Employed,Satisfied,0,More than 6 years,Purchase of Vehicle,1
466,46.14166700043425,75048.56756527109,771.0141687464255,4.176353262072685,26800.634659340427,High School,Unemployed,Satisfied,2,1-3 years,Purchase of Property,1
467,47.57507710047305,55920.07294734471,1011.3813506342806,5.263855933543914,23341.446017915205,Some College,Employed,Dissatisfied,2,More than 6 years,Purchase of Vehicle,1
468,34.69498852389472,32061.754069472234,1204.9986978433208,4.090904562513112,20859.55499472714,Some College,Employed,Moderately Satisfied,1,1-3 years,Purchase of Vehicle,1
469,34.2418175935532,56669.040023302114,937.2058541261915,4.562693445129928,23098.97184506392,Bachelor's Degree,Employed,Moderately Satisfied,0,4-6 years,Purchase of Vehicle,1
470,37.24948302848356,67949.47229968477,1321.8934143298036,4.817200884981771,22585.48385966565,Bachelor's Degree,Employed,Satisfied,2,More than 6 years,Start-up Business,1
471,20.0,40853.25643520927,1709.161748385808,4.838243004269078,30270.53487882849,Some College,Unemployed,Moderately Satisfied,2,1-3 years,Purchase of Vehicle,0
472,24.84808937801448,47989.742499906235,764.2041902095053,5.104516980994966,30359.884678535647,Some College,Employed,Satisfied,1,More than 6 years,Personal Loan,1
473,53.66874267444525,50220.32292093796,585.6866190538676,2.878789867206798,24353.762818722775,Some College,Employed,Satisfied,0,1-3 years,Purchase of Vehicle,1
474,56.449677135012834,38226.5253037664,1091.1455786814627,3.5659677017441274,26766.422980503427,Bachelor's Degree,Employed,Satisfied,2,More than 6 years,Purchase of Vehicle,1
475,37.50963960443622,59724.20650765789,1216.468751537843,2.4308314686000614,24112.500419398206,High School,Employed,Satisfied,3,1-3 years,Purchase of Property,1
476,45.765569630557664,48185.77777088327,930.7400878465693,6.9556310993724,16310.64214372305,High School,Employed,Moderately Satisfied,3,More than 6 years,Purchase of House,1
477,43.112501545435364,56292.98665860542,1435.9781989963103,0.788706116319351,26052.51739930512,Bachelor's Degree,Employed,Satisfied,1,Less than 1 year,Start-up Business,1
478,60.0,36687.6173329685,598.4182600830254,7.307180686633851,8844.039449125907,Some College,Employed,Moderately Satisfied,1,4-6 years,Start-up Business,1
479,51.195749114345766,43438.125495148844,1207.8755869094834,7.772698794525686,28431.132418367066,High School,Employed,Moderately Satisfied,1,4-6 years,Personal Loan,1
480,38.72082408519233,60835.72036741657,818.241753772332,4.395638826034757,10443.81648187172,High School,Employed,Satisfied,1,4-6 years,Purchase of Property,1
481,30.444595593995743,44407.502718623495,1515.813371862189,0.0,22286.426294357865,Graduate Degree,Unemployed,Satisfied,2,1-3 years,Purchase of House,0
482,23.935536797424277,75904.45776850107,1597.7546059504355,4.277378876065419,13238.768332590727,Graduate Degree,Unemployed,Satisfied,0,4-6 years,Purchase of House,1
483,42.03463635867223,44005.45721578097,770.0030236649957,4.871631677422362,24427.111864595412,Bachelor's Degree,Employed,Satisfied,1,1-3 years,Start-up Business,1
484,32.436492547156966,53370.27088627829,835.132859227426,2.978803560142173,19728.59819257673,Some College,Employed,Satisfied,1,4-6 years,Purchase of Property,1
485,25.77746290402326,63988.86247809635,1257.8763660939405,3.9695632123835143,7241.95233469334,Some College,Employed,Dissatisfied,2,1-3 years,Purchase of Property,1
486,33.534271157574736,28724.514006004523,883.8608050631456,8.060390397726703,23365.59704814783,Graduate Degree,Employed,Satisfied,1,More than 6 years,Purchase of Vehicle,1
487,29.18451996385605,23587.86782028836,986.3766346203286,6.329854324603482,15376.633785338316,Graduate Degree,Employed,Satisfied,1,Less than 1 year,Purchase of Vehicle,1
488,56.871416350725646,27115.15528144858,1007.6165261627231,3.1508717712438,27049.173766506952,High School,Employed,Moderately Satisfied,0,1-3 years,Start-up Business,1
489,48.816397569494505,68938.76155140773,424.0980531407031,1.8048016608091357,20010.60550987526,Bachelor's Degree,Unemployed,Satisfied,3,1-3 years,Purchase of House,1
490,39.92027358683383,41722.127811613296,995.8486761717288,4.345965364780458,23163.367883104307,High School,Unemployed,Moderately Satisfied,1,4-6 years,Purchase of House,0
491,54.79944138890026,88372.98928502378,793.0816677807478,4.5730864412991235,12339.448359878304,High School,Employed,Satisfied,2,1-3 years,Purchase of Vehicle,1
492,40.77368307647618,41536.286020139174,852.0631532800684,5.9923983747266325,15285.342148581105,Bachelor's Degree,Employed,Satisfied,0,4-6 years,Personal Loan,1
493,31.387157986717362,52768.269547955555,1433.0896010406443,3.929366574864682,16330.890911191324,Some College,Employed,Satisfied,2,More than 6 years,Purchase of Vehicle,1
494,55.23124077269657,73131.64928851814,623.047931716223,6.022999150723723,26853.619841940446,Graduate Degree,Employed,Satisfied,0,4-6 years,Personal Loan,1
495,45.38910043684659,80091.39332238684,1243.9615560243933,8.87030808012046,33419.016702443914,High School,Employed,Satisfied,0,4-6 years,Purchase of Vehicle,1
496,29.627538456735437,80922.55364954597,916.3111209004575,6.631002044888525,13558.62598605699,Some College,Employed,Moderately Satisfied,1,Less than 1 year,Personal Loan,1
497,38.09661321916392,68125.49345889714,916.0719494512497,4.903822985338455,28614.78515726144,Graduate Degree,Unemployed,Satisfied,1,4-6 years,Personal Loan,1
498,31.24381746615243,65360.93788717194,1237.1115688155135,4.633699057893411,2642.5806581943834,Graduate Degree,Employed,Dissatisfied,1,1-3 years,Purchase of Vehicle,1
499,26.17200269035664,58887.90423801775,1102.015388370667,4.286653731640257,10446.484791261686,High School,Employed,Satisfied,3,4-6 years,Purchase of Property,1
500,49.26177547531641,61675.41614249957,1171.1838991658592,7.361281824904289,12329.772350505802,Some College,Employed,Satisfied,3,1-3 years,Purchase of House,1
501,59.094166404701305,41732.214255072,1290.4553981598583,3.745373108097394,9179.930484474222,Bachelor's Degree,Employed,Satisfied,2,4-6 years,Purchase of Vehicle,1
502,26.01432426180859,37727.016748665395,900.6074850450032,5.090445417999965,7331.292881699361,High School,Employed,Dissatisfied,1,1-3 years,Personal Loan,1
503,45.62969236690571,49949.38313883572,816.3289796476749,5.102395803762171,23303.99129710238,Graduate Degree,Unemployed,Satisfied,3,More than 6 years,Purchase of House,0
504,33.49357430878173,47447.23066212607,674.4548420326605,3.9964316143769363,18287.45841817711,Graduate Degree,Employed,Satisfied,1,1-3 years,Purchase of House,1
505,35.12874616235304,43201.579260090875,752.3768410063135,2.2550689042317984,23035.243180840876,High School,Employed,Moderately Satisfied,3,4-6 years,Purchase of Vehicle,1
506,34.07606075761131,60445.81171185073,1884.7283275926175,5.645949007235337,25523.781488972105,High School,Employed,Satisfied,3,1-3 years,Purchase of House,1
507,31.36009230320184,64329.57812855766,1373.403874221036,4.877992056289233,22124.935945380268,High School,Employed,Moderately Satisfied,0,4-6 years,Personal Loan,1
508,40.48521627944827,51326.10329437771,594.6776901375936,6.00048093887314,25262.105409202988,Graduate Degree,Unemployed,Satisfied,1,More than 6 years,Purchase of House,1
509,31.69049883588962,72162.95121582893,603.262612976929,3.9327993871216664,19443.741710061844,High School,Employed,Moderately Satisfied,1,4-6 years,Start-up Business,1
510,42.704568257798385,32874.66328799742,1144.5598185155475,7.441642597626096,10504.052893554042,Some College,Unemployed,Dissatisfied,3,4-6 years,Start-up Business,0
511,39.49761890550863,47095.10811080423,1164.1794392133902,3.2464524375763104,28462.51344656637,Some College,Employed,Moderately Satisfied,1,More than 6 years,Purchase of Vehicle,1
512,37.6105195313359,39247.66519095792,1164.6651505952093,8.424080568035786,15287.102937750984,Some College,Employed,Satisfied,3,4-6 years,Purchase of Vehicle,1
513,30.924363379584022,22001.9507439041,923.5132619338906,1.5047269803434768,12515.229609900593,High School,Employed,Satisfied,1,4-6 years,Personal Loan,1
514,34.23228669431667,48759.78971235951,962.3637219991299,5.8695401291137825,18576.656993564815,High School,Employed,Dissatisfied,0,4-6 years,Purchase of House,1
515,47.55391225825756,48173.78737425074,1098.3638572478071,5.950861365053247,12697.512645627896,Graduate Degree,Employed,Satisfied,1,4-6 years,Purchase of Vehicle,1
516,45.009171876243805,72701.74614863197,1025.7679018879992,3.4088858641182354,16660.556944084543,Graduate Degree,Employed,Satisfied,0,1-3 years,Purchase of Vehicle,1
517,30.22444755201449,59462.17526832166,334.2098881757395,5.848787875722025,22752.43137250773,Bachelor's Degree,Employed,Moderately Satisfied,2,More than 6 years,Purchase of Property,1
518,40.99332305429226,34637.19763506192,931.0601108274418,7.559037339520318,22786.733913969016,High School,Employed,Satisfied,1,4-6 years,Personal Loan,1
519,47.51387123371789,77811.38849501283,744.5780697219059,0.5663623212918711,12817.359468594965,Some College,Employed,Satisfied,1,Less than 1 year,Purchase of Vehicle,1
520,23.305947188786284,68315.5054328803,1052.5634256725536,6.005489614981629,16098.357016410044,Bachelor's Degree,Employed,Satisfied,1,4-6 years,Purchase of Vehicle,1
521,45.43360192379935,58731.465552029236,1895.577700781023,0.01345835933984496,28594.66403816195,High School,Employed,Satisfied,0,1-3 years,Start-up Business,1
522,33.37376241054153,46602.738517252525,1110.2444996422914,3.068670392953584,23971.200941871528,Graduate Degree,Employed,Satisfied,1,1-3 years,Personal Loan,1
523,45.70598668593159,35608.4114491478,905.9410941482806,8.25833272980189,36600.52031478833,Bachelor's Degree,Employed,Moderately Satisfied,1,4-6 years,Purchase of Property,1
524,32.367408434574834,44416.8983589342,1276.5404505931756,3.836435933215892,29441.02538993222,High School,Employed,Satisfied,3,More than 6 years,Personal Loan,1
525,21.95117899335481,66331.22929556279,1144.8063661627639,2.652240071182055,29154.344548479512,Graduate Degree,Employed,Moderately Satisfied,2,More than 6 years,Purchase of House,1
526,23.724575621168373,78268.79458901913,1126.0283471355524,4.604124542030636,8897.051596353585,Graduate Degree,Employed,Moderately Satisfied,0,More than 6 years,Personal Loan,1
527,40.48084946661382,73148.65292408284,1182.0551779647012,9.135812676327104,26110.88281306738,High School,Employed,Moderately Satisfied,3,More than 6 years,Purchase of House,1
528,42.59722501721482,42667.258673205884,1616.9630694488624,1.3366355055879477,19575.145586424715,Some College,Employed,Satisfied,0,Less than 1 year,Purchase of Vehicle,1
529,30.956833748955916,33205.73850066483,660.7334694022253,2.897380176721311,15592.145571694004,Some College,Unemployed,Moderately Satisfied,3,1-3 years,Personal Loan,0
530,46.38592458777374,52113.29370366806,1142.0896230434364,7.994863366359253,21344.12272426023,Some College,Employed,Satisfied,2,More than 6 years,Purchase of House,1
531,23.3847993773104,23473.409516557225,722.0856610055384,8.715404687075464,27561.692276891867,High School,Employed,Satisfied,3,1-3 years,Start-up Business,1
532,39.33920201352684,54847.515712771725,1166.6537939026746,4.7931375514194325,24006.652728033692,Some College,Employed,Moderately Satisfied,0,4-6 years,Purchase of House,1
533,27.889838002375434,47785.96120551997,724.3940465541716,2.521894594946715,12972.209589263519,Graduate Degree,Employed,Satisfied,1,4-6 years,Start-up Business,1
534,33.48163892197841,43009.452471976365,874.7899559184747,9.191687003618318,25939.671308740963,Some College,Unemployed,Dissatisfied,1,1-3 years,Start-up Business,0
535,40.47398671316414,26079.453990998067,911.473025728628,8.188884783498393,14899.299663392288,High School,Employed,Satisfied,2,More than 6 years,Purchase of Vehicle,1
536,31.395866347160478,57704.00159854575,1292.7450158034126,6.3578939755244654,21733.46495171429,Bachelor's Degree,Unemployed,Moderately Satisfied,0,4-6 years,Personal Loan,1
537,36.154444557701744,42009.487405071326,1275.536333182724,3.37519530212516,17573.199460182925,Some College,Unemployed,Satisfied,0,4-6 years,Purchase of House,1
538,50.0629280921444,32451.24746434568,626.2847870660846,4.901941318323926,18249.069986114995,Graduate Degree,Employed,Dissatisfied,0,More than 6 years,Start-up Business,1
539,34.23108130476851,20000.0,1016.4802332999546,4.679279837910339,26129.943800324076,Some College,Employed,Satisfied,2,4-6 years,Purchase of House,1
540,48.35692112065142,49587.27642424046,787.1260435752482,5.661702609231155,11678.450241472816,High School,Employed,Satisfied,1,1-3 years,Personal Loan,1
541,28.70293145342382,76583.77395004616,622.4485267973996,7.902002876262673,35561.560594215465,High School,Employed,Satisfied,3,4-6 years,Purchase of House,1
542,45.298041779152825,74918.88821821805,934.8948848726889,6.758834082274806,5431.311445644029,Bachelor's Degree,Employed,Satisfied,2,More than 6 years,Purchase of Vehicle,1
543,54.415686206579004,43143.55615120592,907.455163463254,2.8452478460304835,15218.658533961143,High School,Employed,Satisfied,3,4-6 years,Purchase of Vehicle,1
544,20.0,40966.81909457329,1728.0149459036566,7.752992900039075,22961.695119533928,Bachelor's Degree,Employed,Satisfied,1,4-6 years,Purchase of House,1
545,32.03104744529523,57031.613841125356,1129.8879476082088,5.6262642800263105,24674.513331482478,High School,Employed,Satisfied,2,4-6 years,Personal Loan,1
546,45.7707212718054,35024.21841217563,586.7147497737288,6.374131591717832,19196.19423542636,Some College,Employed,Satisfied,1,1-3 years,Purchase of Property,1
547,37.96954613957007,54526.87849729199,830.5677987487173,7.933081718557206,19540.87437598766,Some College,Unemployed,Satisfied,3,More than 6 years,Purchase of Property,1
548,43.71145873371309,61491.204175770356,1306.4149886288196,2.7768395009728977,23284.400682620933,Graduate Degree,Employed,Moderately Satisfied,0,More than 6 years,Purchase of Vehicle,1
549,33.960148132841795,68403.99835826461,1626.5328318609775,4.9283488425870745,18151.444180338556,Graduate Degree,Unemployed,Moderately Satisfied,0,1-3 years,Purchase of House,1
550,40.865897874729,48497.68885280071,524.2050063286125,3.93709089728157,31145.45006347925,High School,Employed,Moderately Satisfied,3,1-3 years,Purchase of Vehicle,1
551,38.44322764607921,46944.893747345515,436.02268445828645,1.8642811492690883,26714.79291385282,Some College,Employed,Moderately Satisfied,0,More than 6 years,Personal Loan,1
552,51.67782061659807,36830.261198651584,1561.2895526115346,5.69341995520984,26982.594808045076,High School,Employed,Satisfied,3,More than 6 years,Start-up Business,1
553,42.54420843301213,37596.7946894021,1116.8842532112712,10.023113103168846,12270.746213036664,Some College,Employed,Satisfied,2,More than 6 years,Purchase of House,1
554,43.37602662075202,46602.8166214771,739.5121804370901,1.3198445109884944,19364.892604754375,Some College,Employed,Satisfied,2,More than 6 years,Purchase of Vehicle,1
555,35.881230338775325,55510.48260224267,1160.3887258367306,4.93543877790106,17596.27241023437,Graduate Degree,Employed,Moderately Satisfied,2,4-6 years,Purchase of Vehicle,1
556,35.123937759275066,63703.76939349874,209.2756782949367,6.281085870149547,11955.188994484273,Graduate Degree,Unemployed,Dissatisfied,0,4-6 years,Purchase of Property,1
557,35.67441812180379,37952.31573979482,1001.0126519791482,5.246156403312362,22881.313471566136,Some College,Employed,Satisfied,1,4-6 years,Purchase of Property,1
558,43.944521423782966,72390.32853439283,1098.3463518529256,4.773743894968519,15698.833937761468,Some College,Employed,Satisfied,0,Less than 1 year,Personal Loan,1
559,35.79015519179737,45933.14598436147,1277.281041861349,2.4015672731083515,25243.230638801895,Graduate Degree,Unemployed,Satisfied,0,4-6 years,Purchase of Vehicle,1
560,42.89774856896413,49679.490584773455,695.8312143122387,5.465573485880327,11438.467496845346,Bachelor's Degree,Employed,Satisfied,1,4-6 years,Personal Loan,1
561,60.0,38791.82481278265,1025.7061484210078,3.4864720459681475,33752.32490273457,High School,Employed,Satisfied,1,4-6 years,Purchase of Property,1
562,48.711247034316926,20000.0,722.3726121821238,0.6201565900428934,12829.338731263506,Some College,Employed,Satisfied,1,4-6 years,Purchase of House,1
563,36.73976467832159,63260.68094541575,1076.6151267022951,7.389184441027462,21754.418697603487,Some College,Unemployed,Dissatisfied,1,4-6 years,Purchase of Property,1
564,52.012139221639444,61052.6584563865,731.3961032910927,6.916771639684085,26334.87448310454,High School,Employed,Satisfied,0,1-3 years,Purchase of Vehicle,1
565,35.91924626978449,45780.0866432268,877.5697482519338,5.103321953702159,15434.876558399097,High School,Employed,Dissatisfied,3,1-3 years,Purchase of House,1
566,20.0,51004.86075837308,701.2553815629312,5.458149376411405,26819.749147463604,High School,Employed,Moderately Satisfied,2,1-3 years,Personal Loan,1
567,29.91913689082596,57739.08826556149,1195.3408725470972,7.148636025431123,10166.53121759667,Bachelor's Degree,Unemployed,Moderately Satisfied,3,1-3 years,Purchase of House,1
568,21.292080789741444,26561.81214670186,1257.5353349969996,5.448679313556165,31616.941593460484,High School,Employed,Moderately Satisfied,0,More than 6 years,Personal Loan,1
569,36.48486515958692,42064.209839805575,929.6138290127759,6.808035109522629,20113.194119726068,High School,Unemployed,Moderately Satisfied,1,1-3 years,Purchase of Property,0
570,40.184183791895514,61913.970194327405,1011.4713984880085,4.4050355982523,15228.708736248962,High School,Employed,Moderately Satisfied,2,1-3 years,Purchase of Vehicle,1
571,56.76437312275283,31185.658652461258,565.4225756099368,7.623967477147893,17606.545820580523,Bachelor's Degree,Employed,Moderately Satisfied,2,4-6 years,Purchase of Property,1
572,43.269273737641626,54403.368982499436,910.0970055979639,5.641571451865368,26471.354155141755,Graduate Degree,Employed,Satisfied,3,4-6 years,Purchase of Property,1
573,37.80899471191136,29651.272930648924,984.9386148874765,5.388103887211748,15324.357665196494,Some College,Employed,Dissatisfied,0,1-3 years,Purchase of House,1
574,48.294055811834895,56996.449736502895,1786.2379273089925,2.459877822575936,14005.138484617779,Some College,Unemployed,Moderately Satisfied,0,4-6 years,Purchase of Vehicle,1
575,20.0,49465.37776553775,666.4098922677509,5.573911708603418,18227.707219330096,Graduate Degree,Employed,Moderately Satisfied,0,4-6 years,Purchase of House,1
576,42.356145581085656,25773.022761417356,1439.2531716257313,3.3360901650110977,10584.303097840255,High School,Employed,Moderately Satisfied,2,1-3 years,Purchase of Vehicle,1
577,47.708651938869664,67471.09031685758,1299.0576320397424,3.723434546943012,34564.351263534525,High School,Employed,Satisfied,3,1-3 years,Purchase of Vehicle,1
578,25.214137542201584,38981.12634802926,1084.190921347041,3.369248743367758,15468.843270282214,High School,Employed,Satisfied,2,More than 6 years,Purchase of House,1
579,51.43754043206929,37846.213444784284,1527.58614525854,2.86753013620155,26652.934289443227,High School,Employed,Satisfied,2,More than 6 years,Purchase of House,1
580,43.38496407494414,53008.53795846414,1111.631641782059,9.249542806033922,21675.760669182182,Some College,Employed,Satisfied,1,4-6 years,Start-up Business,1
581,35.847120860991986,67229.56024143074,1116.7477587003787,7.662678123976806,12123.727596144256,Graduate Degree,Employed,Moderately Satisfied,3,Less than 1 year,Purchase of House,1
582,46.32781866106285,34762.67271532405,984.0638040947364,8.840735004288522,19952.362326298164,Bachelor's Degree,Employed,Satisfied,1,4-6 years,Personal Loan,1
583,60.0,50925.197747719576,1367.0706647255884,2.554209960888872,26272.022234485983,Some College,Employed,Satisfied,0,4-6 years,Purchase of Property,1
584,41.81866255058495,56432.24750495859,1328.9407701432651,5.142507499821785,18493.909319309547,Graduate Degree,Employed,Satisfied,2,1-3 years,Personal Loan,1
585,42.48220586300336,60396.584108947165,812.2968137511363,2.4129847495918084,29544.90356680822,High School,Employed,Satisfied,3,4-6 years,Purchase of Vehicle,1
586,35.40639100459756,52646.62332915838,604.2258416203698,3.608610245605872,28172.12314225491,High School,Employed,Moderately Satisfied,0,4-6 years,Start-up Business,1
587,31.501556305352082,44494.58241375016,939.1058087813029,3.1637460331668503,27351.318837266634,Some College,Employed,Moderately Satisfied,3,1-3 years,Purchase of Property,1
588,48.303358165442454,37586.146690269205,759.9884306807061,7.4791680128831235,16322.745821816025,Bachelor's Degree,Unemployed,Satisfied,2,4-6 years,Personal Loan,0
589,31.439161740911327,51292.158245695624,980.9426276153935,4.20754064379648,11361.260417748104,High School,Employed,Satisfied,3,More than 6 years,Purchase of House,1
590,40.715662372193925,33917.9148202159,1371.2314404052418,7.136758667388033,15091.299157097645,Some College,Unemployed,Satisfied,0,1-3 years,Purchase of Vehicle,1
591,35.223425532348834,20000.0,862.809503473963,6.208241779177036,21569.927525333762,Bachelor's Degree,Unemployed,Satisfied,1,More than 6 years,Purchase of Property,0
592,44.78979825746392,56548.39706236502,987.1529856065275,9.607277504209577,24366.293708258843,Bachelor's Degree,Employed,Satisfied,2,1-3 years,Purchase of Vehicle,1
593,43.33662105286948,63559.02261629293,1017.4068204425186,2.041111553720552,2627.4287619164206,Bachelor's Degree,Employed,Dissatisfied,1,More than 6 years,Purchase of House,1
594,50.375399442578995,20000.0,1254.5292646615853,7.518466479573598,19935.094387105997,Some College,Unemployed,Satisfied,2,1-3 years,Purchase of Vehicle,0
595,34.89983601145253,34854.03942935094,325.9331998046184,7.292881740801455,21264.713802585477,High School,Employed,Satisfied,0,Less than 1 year,Purchase of Property,1
596,37.30125064706629,59287.31391507797,817.989911570411,3.0532423239459305,17779.645949475587,Some College,Employed,Satisfied,2,4-6 years,Start-up Business,1
597,30.212362842176926,80862.43204567548,1063.3851076838419,7.014266672946319,30330.19071212703,High School,Employed,Moderately Satisfied,1,4-6 years,Purchase of House,1
598,35.55706739923888,50311.905615131116,1360.0236869280584,5.672289926052458,23374.240594006966,Graduate Degree,Employed,Moderately Satisfied,2,More than 6 years,Personal Loan,1
599,43.77300493044852,39079.955881562986,852.4292657481385,4.545047480093184,30481.535264647177,Some College,Employed,Moderately Satisfied,0,1-3 years,Purchase of Property,1
600,47.56988616645352,47256.553383427396,437.03418818743773,3.3521290260560006,18272.31583719814,Some College,Employed,Satisfied,2,1-3 years,Purchase of House,1
601,30.778346758223748,70623.14628722277,1185.9134337898408,3.561781097101628,27499.8199400554,Bachelor's Degree,Employed,Moderately Satisfied,1,4-6 years,Start-up Business,1
602,48.6960592010566,40310.53731313197,809.3912833523112,9.099624191571852,33080.53115622015,Some College,Employed,Satisfied,0,4-6 years,Personal Loan,1
603,53.55637858804951,38012.119900246194,643.1000022728916,5.001365637914965,30493.54759418129,Some College,Employed,Satisfied,1,1-3 years,Personal Loan,1
604,44.13434903223701,42758.847167269516,812.6963830860327,6.564260003062918,11262.867252570135,Bachelor's Degree,Employed,Satisfied,2,4-6 years,Purchase of Vehicle,1
605,58.76795812558066,35700.07087611932,944.6423927032452,3.4182012366648937,17970.591379660953,Graduate Degree,Employed,Satisfied,3,4-6 years,Purchase of Property,1
606,32.26210800896427,51840.054739921936,818.5766006385362,3.4402941075567224,17238.68235640163,Bachelor's Degree,Unemployed,Moderately Satisfied,1,More than 6 years,Purchase of Vehicle,1
607,27.55345296688583,74370.17687704341,338.33018287027926,7.163969618499884,23914.03628061062,High School,Employed,Dissatisfied,2,More than 6 years,Purchase of House,1
608,22.212797510957213,54846.18909674043,1269.1198590661397,2.3008475768969356,25490.828440116264,Some College,Employed,Satisfied,3,1-3 years,Purchase of House,1
609,54.96044311489183,46214.69746810569,1382.4625123836167,4.169572464189457,13288.85860779411,Bachelor's Degree,Employed,Moderately Satisfied,3,4-6 years,Personal Loan,1
610,46.54365656354058,45622.83096626684,1195.4565974018517,5.068054822144464,20542.7081113355,High School,Employed,Moderately Satisfied,0,1-3 years,Personal Loan,1
611,39.44415329089545,26552.137869550144,658.694298872555,5.2227452036801045,3840.5813427509092,High School,Employed,Dissatisfied,3,4-6 years,Purchase of House,1
612,42.799686263198204,63246.646657207384,939.5525398157446,4.641813429967687,31535.56004641512,Graduate Degree,Unemployed,Satisfied,1,4-6 years,Purchase of Vehicle,1
613,28.745109527016233,48832.44204480797,998.0436054311626,5.791639562191846,15901.00607458645,High School,Employed,Satisfied,1,More than 6 years,Personal Loan,1
614,60.0,47292.80129614061,1179.6383168685732,6.385711511635623,20446.911518755976,Bachelor's Degree,Unemployed,Satisfied,3,4-6 years,Purchase of Vehicle,0
615,41.292211819752275,97896.61351767291,1200.5021466154242,6.46927509091866,17522.80228809551,Some College,Employed,Moderately Satisfied,2,More than 6 years,Purchase of Property,1
616,41.09394794604893,54481.2936254853,779.7478603664513,3.0283923826643466,29168.22060010732,Some College,Employed,Satisfied,1,More than 6 years,Purchase of Vehicle,1
617,47.25766623898692,38723.134248572234,1024.598666924068,4.4316898041424055,1000.0,High School,Employed,Satisfied,1,More than 6 years,Purchase of House,1
618,44.810092317367136,43604.63605691685,1137.1841213845723,7.389525723753875,19867.117261392727,Bachelor's Degree,Unemployed,Satisfied,0,More than 6 years,Start-up Business,1
619,42.23884024279131,67226.68563795132,1436.74669664403,6.789294375147745,19153.449940018418,Some College,Employed,Satisfied,2,4-6 years,Purchase of Vehicle,1
620,32.09525544554688,51699.056158066465,1211.3519619474168,2.254281097037872,16370.908899266538,Some College,Employed,Moderately Satisfied,3,1-3 years,Purchase of House,1
621,44.714683571359956,28425.830325239498,1236.7170062126556,5.702959800704403,33809.81236508506,Bachelor's Degree,Unemployed,Moderately Satisfied,2,1-3 years,Purchase of House,0
622,58.82024496475034,63788.43401862805,1025.1479883788083,1.0435495012503795,12901.36432915383,Bachelor's Degree,Employed,Moderately Satisfied,0,Less than 1 year,Start-up Business,1
623,53.454200461549775,39977.83871691509,1423.1377435610511,5.0938698041207395,26174.36941788529,Graduate Degree,Employed,Moderately Satisfied,0,4-6 years,Personal Loan,1
624,55.93186626639397,78099.46664326318,1122.9288387878491,8.795534033491954,22850.02230964867,Some College,Unemployed,Satisfied,2,4-6 years,Purchase of Vehicle,1
625,34.88784323568815,66200.72098571973,741.6736269479288,3.1042145654620272,30092.154020284128,Some College,Employed,Satisfied,0,4-6 years,Purchase of Vehicle,1
626,30.10395179741419,43290.17156511873,1421.0109910375572,3.331353909016836,14662.487321779958,Graduate Degree,Employed,Satisfied,0,More than 6 years,Purchase of Property,1
627,38.74213079900352,69215.2454260267,1209.3709817617082,6.528059563145719,14136.248807009928,Bachelor's Degree,Employed,Satisfied,0,More than 6 years,Purchase of House,1
628,40.557249122886944,51017.83265791105,867.0867936614553,1.9143969695807082,28768.559259819187,High School,Employed,Satisfied,2,1-3 years,Purchase of Property,1
629,50.94191518470949,62791.605126833296,856.152109780227,3.734489940229922,23402.570466640882,High School,Employed,Moderately Satisfied,0,1-3 years,Purchase of Vehicle,1
630,23.075353702851807,57270.99225941712,1088.9726635422285,6.192882275163505,7640.501226585931,Bachelor's Degree,Employed,Satisfied,3,4-6 years,Purchase of Vehicle,1
631,55.29550319460614,37304.6501751369,1138.9554385802753,3.731428304621194,15685.559884293838,Some College,Employed,Moderately Satisfied,3,1-3 years,Purchase of Property,1
632,38.419921014210104,40346.75251523807,1059.1876796893619,4.528060025578057,23091.061230784486,Bachelor's Degree,Employed,Satisfied,1,4-6 years,Purchase of Vehicle,1
633,35.7311893005258,65449.412263717415,1093.3926020328654,6.488371420630069,26702.113772372715,Some College,Unemployed,Satisfied,3,4-6 years,Personal Loan,1
634,29.878956247398325,44978.37001840189,1509.9872123729142,5.843092167073123,14566.15477445636,High School,Unemployed,Satisfied,1,4-6 years,Purchase of Vehicle,0
635,23.451433281342307,43945.27305137005,1321.4629456704656,5.533636792590804,1000.0,Bachelor's Degree,Employed,Satisfied,2,More than 6 years,Purchase of Vehicle,1
636,48.231705839619146,35673.16130975971,1057.1906773795074,4.321755441459922,24185.785485896267,High School,Employed,Satisfied,0,More than 6 years,Start-up Business,1
637,40.73317967188404,56353.98598390192,1282.393174230245,5.740122230537911,10237.434480448193,Some College,Unemployed,Satisfied,3,1-3 years,Purchase of House,1
638,27.10039100258946,80937.87378864718,690.2428289417381,4.752534639800487,3861.289615020709,Some College,Employed,Satisfied,1,4-6 years,Personal Loan,1
639,27.04921227936384,33987.006286185904,1119.3781149840427,5.915611219851569,1000.0,Some College,Employed,Satisfied,2,4-6 years,Purchase of Vehicle,1
640,36.64215300709872,50363.29185009137,1542.7919049199331,4.006135949764044,26511.84688158193,Bachelor's Degree,Unemployed,Satisfied,1,1-3 years,Purchase of Property,0
641,56.69021525289393,71183.30833123144,934.5862313822879,4.634862051240917,21028.93960323973,Bachelor's Degree,Employed,Moderately Satisfied,0,Less than 1 year,Personal Loan,1
642,37.40408648636395,48805.37913131427,745.7098214142745,3.0200844148959725,18194.748954301987,Bachelor's Degree,Employed,Moderately Satisfied,3,4-6 years,Purchase of House,1
643,24.96857046881894,56785.57694374601,804.3733334220818,4.929984779987528,31112.194903702093,High School,Employed,Satisfied,2,1-3 years,Personal Loan,1
644,37.54256935914056,34064.0970777968,673.1100887972834,3.3779982727423103,25098.597464184582,High School,Employed,Moderately Satisfied,1,1-3 years,Purchase of Property,1
645,37.27276430252329,56424.60645811473,764.571427561689,2.7719070996760133,32930.400341775334,Some College,Employed,Moderately Satisfied,2,4-6 years,Purchase of House,1
646,20.0,47192.83602493177,888.8475704229913,5.517322295710776,8858.116222664028,Graduate Degree,Employed,Moderately Satisfied,1,4-6 years,Purchase of Property,1
647,39.45705133482188,64785.94993519795,578.3298942464073,5.425479551715321,19723.59500836829,Bachelor's Degree,Employed,Satisfied,1,1-3 years,Purchase of Property,1
648,37.69065469791322,67810.79077347126,1004.6855001848809,6.565747469897145,7066.293000415886,Bachelor's Degree,Employed,Satisfied,0,Less than 1 year,Purchase of Vehicle,1
649,46.96206364813418,88843.45463027922,1270.683152135994,4.137748860849802,18164.94134515626,Some College,Employed,Moderately Satisfied,0,More than 6 years,Purchase of House,1
650,58.48956094945345,58694.497598203634,727.6731459559239,5.816105693673512,18011.07316986658,Some College,Employed,Satisfied,1,Less than 1 year,Purchase of House,1
651,51.26565029547757,54886.944748732494,1455.7851770925306,6.101595144547327,25012.909098104567,Some College,Employed,Dissatisfied,3,More than 6 years,Purchase of House,1
652,37.31111309445169,52915.76452366004,1153.2376265582784,5.889547615663189,20364.511049135188,High School,Employed,Moderately Satisfied,2,4-6 years,Personal Loan,1
653,28.934740912583298,44702.505607839674,1309.1741756872173,3.3486926343957157,24987.257106239325,High School,Unemployed,Satisfied,2,1-3 years,Purchase of House,0
654,60.0,55077.25765192536,802.6496338443588,5.298726964542378,25627.521065111156,Graduate Degree,Employed,Satisfied,0,1-3 years,Start-up Business,1
655,40.59218434014488,45568.97884791456,1256.3575681199848,5.728280592109323,37239.429419065134,High School,Employed,Satisfied,3,Less than 1 year,Purchase of Vehicle,1
656,40.13929291912946,52526.91464404421,672.419829881406,5.0143569338158835,17477.626757711005,High School,Employed,Satisfied,1,1-3 years,Purchase of House,1
657,39.758749128899964,69763.9630341194,1267.0742502509527,0.8270446832578306,12471.818394668968,High School,Employed,Satisfied,0,1-3 years,Personal Loan,1
658,41.98084760767855,34901.86152080538,1051.5518019380593,5.32097924794696,21968.66892253127,Graduate Degree,Employed,Satisfied,1,4-6 years,Purchase of Property,1
659,38.556395880760576,67098.17841693568,1165.9753659954351,9.425062078794484,13581.759782883651,Some College,Employed,Satisfied,1,1-3 years,Purchase of Property,1
660,34.26337993119763,69756.72601009798,647.3216183125445,4.279921462486034,31855.686147492288,Bachelor's Degree,Employed,Satisfied,0,4-6 years,Purchase of Vehicle,1
661,34.53141058759608,48228.97209513382,731.4790473170185,3.543845804289358,17734.25568843814,Graduate Degree,Employed,Dissatisfied,3,4-6 years,Purchase of House,1
662,39.672467297840015,20000.0,1179.1684654760154,5.746697119422796,15475.389057008077,Some College,Unemployed,Satisfied,2,1-3 years,Purchase of Vehicle,0
663,34.56575228866235,40882.670193583515,715.4955987327398,5.624756420933143,16229.474230791056,Bachelor's Degree,Employed,Dissatisfied,0,Less than 1 year,Start-up Business,1
664,32.871542173228356,69454.91819841664,1138.9618876297368,7.385470330832829,25747.33938777313,High School,Employed,Dissatisfied,3,Less than 1 year,Purchase of House,1
665,41.064302276918966,49656.97906551677,589.8586580619262,2.4842636881822244,18738.02413414812,High School,Employed,Satisfied,1,Less than 1 year,Personal Loan,1
666,37.450227825791444,35010.466515576336,1254.4522638000005,6.462760505149985,14866.665438956941,Bachelor's Degree,Employed,Moderately Satisfied,0,4-6 years,Purchase of Property,1
667,55.039929885826886,42428.376181576736,630.2430055694473,6.180844122502927,33322.81534098825,Bachelor's Degree,Unemployed,Satisfied,2,1-3 years,Purchase of House,0
668,20.0,62609.300397568295,1165.689981303857,4.715706926118908,13150.641274705999,Some College,Employed,Moderately Satisfied,2,4-6 years,Purchase of Property,1
669,50.91506851922462,58201.00352302069,1187.6892800938003,5.67737463584338,20284.52859226395,Some College,Employed,Satisfied,1,4-6 years,Personal Loan,1
670,52.46085192497629,46416.01851245458,790.9684544711275,7.058914963196715,25218.449212881846,Some College,Employed,Satisfied,0,4-6 years,Personal Loan,1
671,20.0,44497.63382277969,1174.607970125418,6.744630760056901,6949.319116663413,High School,Employed,Satisfied,2,4-6 years,Purchase of Vehicle,1
672,36.573124059196516,44123.62776434267,1078.1326790000667,2.7139613758525427,23842.0840112474,High School,Employed,Satisfied,0,4-6 years,Purchase of House,1
673,36.28559134004209,36163.84723252246,838.3474431421785,6.640316373510969,11559.138596156405,High School,Employed,Satisfied,2,1-3 years,Purchase of House,1
674,25.924883052821787,74230.63534204163,697.4335947771376,4.870622789934963,26582.26224667202,High School,Unemployed,Satisfied,1,1-3 years,Purchase of Vehicle,1
675,32.22183312409125,45165.192961829904,411.21229249822625,5.145748196031031,12298.79190464819,Bachelor's Degree,Employed,Satisfied,1,4-6 years,Purchase of Property,1
676,28.894241545341714,68257.37781238244,1104.8950141899081,5.146393982003389,25542.152254790883,High School,Employed,Satisfied,0,1-3 years,Personal Loan,1
677,57.52270443423623,72819.74077883677,530.5591685913835,4.69951402240348,28846.664530357702,High School,Employed,Satisfied,3,4-6 years,Purchase of House,1
678,49.35678393147461,64974.66347221941,1028.6032598323925,7.38341499421413,26891.492205062437,Some College,Employed,Satisfied,3,4-6 years,Personal Loan,1
679,52.71555094994159,43525.695309229275,920.9655351753253,4.832564080301576,22010.53318590482,Graduate Degree,Employed,Satisfied,1,4-6 years,Purchase of Property,1
680,47.21672064043235,56055.95135504914,1203.7428326314587,2.7609077432336626,18149.592456562405,High School,Employed,Satisfied,2,4-6 years,Purchase of House,1
681,28.709482287827708,49637.06590413626,909.3863501530408,4.212940288060542,15388.643389321249,High School,Employed,Moderately Satisfied,3,4-6 years,Purchase of Vehicle,1
682,34.75479733720226,36444.47208904808,901.1656640958726,5.357389433620951,31768.277526536833,Some College,Employed,Satisfied,1,4-6 years,Personal Loan,1
683,44.89374561227918,54865.389225824045,1219.5612112864887,7.4584295685941004,14404.038238658854,Bachelor's Degree,Unemployed,Moderately Satisfied,2,4-6 years,Personal Loan,1
684,27.778721911080545,32314.40313260296,1100.5174087252353,6.206189369897667,11703.47141144003,Some College,Employed,Satisfied,2,4-6 years,Purchase of Property,1
685,47.12998430172388,67815.19082692346,1094.8467871548335,3.298929442505912,25322.95148026264,Bachelor's Degree,Unemployed,Moderately Satisfied,3,4-6 years,Purchase of Vehicle,1
686,37.59674601841865,43030.7405405241,1140.780276942558,9.970379833357782,13630.905574508037,Graduate Degree,Unemployed,Satisfied,1,More than 6 years,Purchase of Vehicle,0
687,36.251791924504026,53017.39483809259,539.3283630378683,5.529550621955959,12399.492020270984,Bachelor's Degree,Employed,Satisfied,2,4-6 years,Purchase of Vehicle,1
688,47.10959968203491,54249.31807319213,1227.0366039960945,7.550781475998029,8451.16590264188,Bachelor's Degree,Employed,Satisfied,2,4-6 years,Purchase of Property,1
689,44.4426331148604,46116.42539443884,1183.7406382040808,4.696571132845541,16136.72128431586,Some College,Employed,Satisfied,0,4-6 years,Personal Loan,1
690,36.3903383418092,58800.40702212912,694.9950614270508,6.066718489410899,19338.279808828054,High School,Unemployed,Satisfied,0,4-6 years,Purchase of Vehicle,1
691,51.59329803364248,42876.44515066213,926.7758578977396,6.67893700903681,21944.73382128559,Graduate Degree,Employed,Satisfied,3,Less than 1 year,Personal Loan,1
692,29.189366724001026,63069.45946185866,988.2078137117106,7.436389423508512,27610.449954395866,Some College,Employed,Dissatisfied,0,More than 6 years,Purchase of Property,1
693,46.15935606944264,29810.304796298773,959.6509646794802,7.1147366107564505,24215.18338932635,High School,Unemployed,Satisfied,1,Less than 1 year,Purchase of Property,0
694,45.93101257968384,51895.693693196175,1100.1579899705605,6.744394000145956,18473.02224357456,Bachelor's Degree,Employed,Satisfied,3,4-6 years,Start-up Business,1
695,36.904535606860094,79083.93498587428,1429.410034549355,4.369826537611782,18414.434588962242,High School,Employed,Moderately Satisfied,3,4-6 years,Purchase of Vehicle,1
696,43.26133022242118,34995.03013091638,1324.5300183018485,3.8565079160878772,24081.259751321468,Some College,Employed,Satisfied,0,More than 6 years,Start-up Business,1
697,27.48886423614697,39833.82544212723,606.3342419705782,5.665215020648395,30180.561303428556,Some College,Employed,Moderately Satisfied,2,Less than 1 year,Purchase of Vehicle,1
698,49.24027019206901,57708.617744883726,1186.6209970918146,6.866256144682138,21010.513595865603,Some College,Employed,Satisfied,1,4-6 years,Purchase of House,1
699,38.15097863557011,52693.72672909397,1398.679995860623,4.554558598446786,16246.953166316729,Bachelor's Degree,Employed,Moderately Satisfied,1,4-6 years,Personal Loan,1
700,34.772769794809605,55259.45148910339,1116.0425562067608,7.130343931428773,12057.071991315635,High School,Employed,Satisfied,1,1-3 years,Start-up Business,1
701,50.49009225836889,57337.80695221495,1327.29412755579,7.905233490972359,8438.357884702196,Some College,Unemployed,Moderately Satisfied,3,Less than 1 year,Purchase of Property,1
702,32.95656309457241,59520.82202842655,1603.6811337102295,3.1673581618531603,25330.157376348187,Some College,Employed,Moderately Satisfied,1,4-6 years,Purchase of Property,1
703,25.915387036364404,66645.49762934334,1307.1128638320945,3.32615859240744,24623.82818911646,Bachelor's Degree,Unemployed,Satisfied,2,4-6 years,Personal Loan,1
704,24.433708264760963,56147.279853927685,1074.7925786925186,4.719249882189327,24618.908200853293,Bachelor's Degree,Unemployed,Satisfied,2,1-3 years,Personal Loan,1
705,46.06009951345639,46381.13518072186,1313.526542225426,5.615225336378392,18970.724429183552,Some College,Employed,Satisfied,0,4-6 years,Purchase of Vehicle,1
706,27.19570647503717,60088.60551804097,1043.4663499290673,3.9508659724658983,31255.477967134007,Bachelor's Degree,Employed,Dissatisfied,1,4-6 years,Personal Loan,1
707,57.54794181984364,78498.22902342823,1007.1709129854867,7.704405357734289,16127.052043321459,High School,Employed,Satisfied,3,4-6 years,Purchase of House,1
708,20.0,48010.493804261394,894.5757292858802,5.848133723036902,27642.153897657645,Graduate Degree,Employed,Satisfied,0,More than 6 years,Purchase of House,1
709,56.96456368290038,35382.06042994038,1469.0240076496325,5.078894096481479,19690.056840083656,Some College,Employed,Satisfied,2,4-6 years,Purchase of House,1
710,42.11017467202618,66606.2100393046,754.4714002173996,2.128180952262945,15133.1938825653,Bachelor's Degree,Employed,Satisfied,1,More than 6 years,Purchase of Property,1
711,39.032868881296075,48194.282540696026,1459.7103174034348,2.3683683671449858,24740.24245854209,High School,Employed,Satisfied,2,More than 6 years,Start-up Business,1
712,34.550809131910505,20000.0,1149.9592371221115,5.562018500563613,23277.08894947195,High School,Unemployed,Dissatisfied,0,1-3 years,Purchase of Property,0
713,43.991361143520706,62711.325157256324,580.2081475594175,0.7348087476903276,22855.782074135408,Some College,Employed,Satisfied,2,1-3 years,Start-up Business,1
714,39.62365297575152,41970.07721069116,1110.2947878974264,7.025274819288144,20650.22737644959,Graduate Degree,Employed,Moderately Satisfied,1,4-6 years,Purchase of Vehicle,1
715,51.03301882016521,48642.00076543759,369.99204770451274,4.683692311255359,19696.855346265354,Some College,Employed,Satisfied,1,4-6 years,Personal Loan,1
716,41.142276486620396,54979.70495853522,1187.6524050493108,11.486185939189467,39106.97594296351,Graduate Degree,Unemployed,Satisfied,0,4-6 years,Personal Loan,1
717,41.50301761461878,52857.495196685995,1265.5694448966974,9.615832501232221,29474.053161569384,Some College,Employed,Satisfied,1,4-6 years,Purchase of Property,1
718,36.36387787786144,60641.77725708559,822.2932133043839,4.637101861504966,25782.615159884095,Some College,Unemployed,Satisfied,2,4-6 years,Purchase of Property,1
719,39.43054376278933,43467.70444145235,1037.0643087866747,4.78732599493737,20894.393265627106,High School,Employed,Dissatisfied,2,4-6 years,Purchase of Property,1
720,43.07801768892059,57696.58697264124,1586.247230125086,6.99116302800406,28057.257604773353,Bachelor's Degree,Employed,Moderately Satisfied,3,1-3 years,Personal Loan,1
721,22.898316073433744,46106.79983624124,848.275988721419,8.406345219836076,24143.958211131616,High School,Employed,Satisfied,3,More than 6 years,Personal Loan,1
722,26.51814577894287,61082.157213312545,682.3277238830199,1.7239418851279664,20209.638022192285,Graduate Degree,Employed,Satisfied,3,1-3 years,Purchase of Vehicle,1
723,47.43264094022715,59230.5122601958,1444.4990207387796,1.4272490692906268,17571.48539787268,Graduate Degree,Employed,Satisfied,2,More than 6 years,Personal Loan,1
724,41.708654381279416,35968.41946933107,1588.7761571592384,3.755930388891237,19352.661298698495,Graduate Degree,Employed,Dissatisfied,2,1-3 years,Purchase of House,1
725,38.16016663647321,66289.73174262549,1001.1087015543542,6.165475166347729,1000.0,Some College,Employed,Moderately Satisfied,0,More than 6 years,Purchase of Vehicle,1
726,40.184339330653934,41960.54832328928,1303.438910622507,5.993747181015194,21684.806714381135,Bachelor's Degree,Unemployed,Moderately Satisfied,3,Less than 1 year,Personal Loan,0
727,43.47581705361671,62120.86697421718,1402.4427746592644,7.1395429099677,16092.191359117121,Bachelor's Degree,Employed,Satisfied,2,1-3 years,Purchase of House,1
728,34.60240319690639,55509.30970102011,777.2547302384849,2.6006049432693836,32741.359986263073,High School,Unemployed,Satisfied,0,Less than 1 year,Personal Loan,1
729,32.216952745976876,77572.75515192683,854.4082493896395,0.3677122740622467,20154.752566494033,Bachelor's Degree,Employed,Satisfied,2,4-6 years,Purchase of Vehicle,1
730,41.958452550976816,46648.01026442222,1369.2623539464205,6.716028390604291,10488.292643720304,High School,Employed,Satisfied,0,More than 6 years,Purchase of Vehicle,1
731,30.21627222384968,44760.24805822704,1505.5042836125529,3.343607454069531,19600.958766975058,Some College,Employed,Satisfied,3,4-6 years,Purchase of House,1
732,44.082527557144715,49708.70591168401,1168.8642580523065,0.9630242712227242,11631.031319499965,High School,Employed,Satisfied,3,More than 6 years,Purchase of Vehicle,1
733,22.974163957621595,45452.303257485866,736.0556939493838,5.2901274919187635,23787.25932569973,High School,Employed,Satisfied,3,4-6 years,Personal Loan,1
734,50.29155637325644,61999.12852913075,1596.1183335098324,6.586351376437355,22327.578914715883,Some College,Employed,Moderately Satisfied,2,4-6 years,Purchase of Vehicle,1
735,44.72597482413043,25755.34087345118,840.7087306564107,4.755885735757445,27662.717048866143,Some College,Employed,Moderately Satisfied,2,More than 6 years,Purchase of House,1
736,42.56029734313876,34194.76371280469,899.4586656485644,4.084303227635021,13672.945666443477,Bachelor's Degree,Employed,Satisfied,0,1-3 years,Purchase of Vehicle,1
737,49.82690983945514,33982.9561763121,1102.7013503468866,4.6812755357081866,20272.064769825174,High School,Employed,Satisfied,1,1-3 years,Purchase of Vehicle,1
738,56.65474444462576,64254.61387960364,1466.2481262144322,4.258834475198435,9079.825636586918,Some College,Unemployed,Satisfied,1,More than 6 years,Personal Loan,1
739,50.1437006501813,75659.20058872888,1256.1927929656672,2.3039057761196657,25611.958255397716,High School,Employed,Moderately Satisfied,3,More than 6 years,Purchase of Vehicle,1
740,21.591257686683548,48433.261721937924,1124.4596501085732,3.5706386460191366,24150.969443520975,Some College,Employed,Moderately Satisfied,1,More than 6 years,Purchase of Property,1
741,27.204230332642986,47467.67415214984,1138.9865590354318,6.042559810027629,23966.440168220568,Bachelor's Degree,Employed,Moderately Satisfied,3,More than 6 years,Start-up Business,1
742,33.75181422304321,51050.78244669772,1013.0544005930399,5.643357082753,20012.952250855527,Some College,Employed,Moderately Satisfied,0,1-3 years,Purchase of Property,1
743,40.26091050210834,67428.17453912286,1167.4418543555519,5.336119611933641,23318.183126310327,Bachelor's Degree,Employed,Satisfied,1,More than 6 years,Personal Loan,1
744,45.17659020469123,36089.70298714139,241.13197669170904,3.0097030362932413,32834.71286646877,Some College,Employed,Satisfied,1,4-6 years,Purchase of Vehicle,1
745,32.742561868465344,53575.53474102178,911.0177622790604,4.636993675728665,17719.24594366389,Bachelor's Degree,Employed,Satisfied,3,More than 6 years,Purchase of Vehicle,1
746,41.86766764477078,64627.96444673645,1072.3965804750344,0.6458699071142906,21109.161469680676,Some College,Employed,Satisfied,0,4-6 years,Personal Loan,1
747,32.44617067646678,57516.41254909768,654.6957749141479,5.356953327770779,11310.989606548721,Some College,Employed,Moderately Satisfied,1,4-6 years,Personal Loan,1
748,33.884821970080516,52843.724248981154,1115.896995343468,7.857715415627135,13053.91230721334,Bachelor's Degree,Employed,Satisfied,1,4-6 years,Purchase of Property,1
749,25.933389031517777,65015.69138850712,938.6586337041635,2.0517357359157886,20782.50634474646,High School,Employed,Satisfied,1,1-3 years,Purchase of Property,1
750,30.767667538890958,20000.0,1526.642709494647,3.8281446533644896,28831.46837361526,Bachelor's Degree,Unemployed,Satisfied,0,Less than 1 year,Purchase of House,1
751,26.483153943836662,60168.12979296361,1471.905917564457,5.658213557420259,17949.75340598742,Bachelor's Degree,Employed,Dissatisfied,0,More than 6 years,Purchase of Vehicle,1
752,30.241267470226674,40188.864753088645,860.2583292645511,7.505685268854967,18112.667765503007,Some College,Employed,Satisfied,1,More than 6 years,Personal Loan,1
753,50.536417966078396,22540.506547153145,954.7486865299913,4.103550767399701,16744.918043965,High School,Unemployed,Moderately Satisfied,3,1-3 years,Purchase of Property,0
754,30.50601111168057,57668.03899287471,977.8157303174822,3.6154993414682073,15721.946633245414,High School,Unemployed,Satisfied,3,4-6 years,Purchase of House,1
755,60.0,70604.87817744436,864.5021571521132,1.0621537151678337,22359.77164567057,Graduate Degree,Employed,Satisfied,1,4-6 years,Personal Loan,1
756,44.93317900880889,47938.27228058462,1058.507495208438,5.206876258616213,8021.938838570843,Bachelor's Degree,Employed,Satisfied,0,4-6 years,Purchase of House,1
757,41.84836123694874,64293.118208044085,772.5153793337229,9.084152080287488,30247.51661333382,High School,Unemployed,Moderately Satisfied,1,1-3 years,Purchase of Vehicle,1
758,31.416422198187867,74184.17386982968,660.8153995187421,5.554716923929352,14676.621614964315,Some College,Employed,Satisfied,0,More than 6 years,Personal Loan,1
759,47.003098794089915,69723.7168037607,1186.8133671700805,4.9554420416325735,25775.227883505133,Some College,Unemployed,Moderately Satisfied,1,4-6 years,Personal Loan,1
760,34.24362173762226,74599.46794057089,1188.8588752665432,5.644164621533971,9840.011220848994,Bachelor's Degree,Employed,Satisfied,0,4-6 years,Purchase of Property,1
761,41.220098146453616,61131.91236607838,758.7052721020023,4.977815992102796,25350.721044369744,High School,Employed,Satisfied,2,4-6 years,Purchase of Vehicle,1
762,60.0,51131.50458352389,1268.6066292287799,3.3739712554797405,25375.55686251598,High School,Employed,Dissatisfied,3,Less than 1 year,Purchase of Vehicle,1
763,39.0394010027535,25970.512821542474,810.5266812504005,6.646559831355411,23073.61657604717,Graduate Degree,Employed,Satisfied,2,4-6 years,Purchase of Property,1
764,51.49273326285676,46309.062678050774,1075.9495714113943,5.4515230462235085,12044.571825601663,High School,Unemployed,Satisfied,3,1-3 years,Purchase of House,0
765,32.96823574874112,37351.30107025713,1246.1032037837367,5.035226503867315,21996.385516784616,High School,Unemployed,Moderately Satisfied,0,1-3 years,Personal Loan,0
766,39.65011509503038,82564.1407624672,989.9162305888862,3.0492679454435,10535.550522124888,Graduate Degree,Employed,Satisfied,2,4-6 years,Start-up Business,1
767,57.7080063563551,47361.712813514954,1136.4222736423403,7.607015863869519,17977.893959230518,Bachelor's Degree,Employed,Moderately Satisfied,3,More than 6 years,Personal Loan,1
768,33.730329422122324,51848.072101767284,845.0711068337284,6.32940549066622,28235.304807642606,High School,Unemployed,Satisfied,1,4-6 years,Purchase of House,1
769,58.12448557996929,58272.280640607016,941.0600249715709,3.894158325265396,26373.615416565935,High School,Employed,Satisfied,0,1-3 years,Personal Loan,1
770,47.07751935455475,50654.03669558681,938.2421707358978,7.003649707363874,20121.463540323464,High School,Employed,Satisfied,0,4-6 years,Purchase of House,1
771,34.37533224105732,75425.7656064613,776.0264960379284,4.004858323229586,12201.547392617264,High School,Employed,Moderately Satisfied,1,More than 6 years,Purchase of Vehicle,1
772,46.32407739055521,40660.25957398322,946.9677510652654,3.4359930149779263,25164.701697393546,Graduate Degree,Employed,Satisfied,1,4-6 years,Purchase of Vehicle,1
773,49.7255444962673,52919.11182855864,535.414510340876,3.480593765039426,20155.049901584203,Some College,Employed,Moderately Satisfied,3,More than 6 years,Purchase of House,1
774,46.21809962217196,38862.94121452927,852.6538758573686,1.4578628938238176,1437.4752141566132,Bachelor's Degree,Employed,Dissatisfied,0,4-6 years,Start-up Business,1
775,24.297752801095434,30199.662331689415,914.5373519890987,5.9430847608364115,26261.038610532145,Graduate Degree,Employed,Satisfied,3,4-6 years,Purchase of Vehicle,1
776,32.728628241751316,40823.46363642072,923.1460742513859,1.3377102433232997,19806.137329042464,Some College,Unemployed,Satisfied,1,1-3 years,Purchase of Vehicle,0
777,37.52481364448495,49444.44804427382,927.5507662387663,2.5431123374684748,29619.60998386458,High School,Employed,Satisfied,0,1-3 years,Start-up Business,1
778,39.25566570899954,43560.4666322411,981.4707400419613,0.8488239818429335,11237.835849257563,Some College,Employed,Satisfied,1,1-3 years,Purchase of Vehicle,1
779,46.206720975506784,39613.68530189216,1143.8324554258193,4.8278606144182135,1000.0,Graduate Degree,Employed,Satisfied,3,4-6 years,Personal Loan,1
780,41.777010009332535,28905.23804492249,1262.3551222397568,4.699359079456256,22232.67086676148,Bachelor's Degree,Employed,Moderately Satisfied,3,More than 6 years,Purchase of House,1
781,26.64655641289899,48753.41641056958,805.0704319455199,4.346607573627272,22332.50941345578,High School,Employed,Dissatisfied,3,More than 6 years,Purchase of Vehicle,1
782,43.801978510059634,27429.194389534965,639.0397433832567,2.9148446106588475,6474.626979148385,Bachelor's Degree,Employed,Dissatisfied,0,1-3 years,Start-up Business,1
783,46.10585745283823,61400.83945534404,687.3866763270692,2.65553249312672,12172.00363306715,Some College,Employed,Moderately Satisfied,1,1-3 years,Purchase of Vehicle,1
784,45.5979044793104,51236.59629401755,853.8391236415218,5.928739727093149,42041.74194975921,Graduate Degree,Employed,Moderately Satisfied,1,1-3 years,Purchase of Property,1
785,50.807807255546216,28136.72750802604,894.4236046550473,3.8988961365830246,17555.115086769572,High School,Employed,Satisfied,3,1-3 years,Purchase of Vehicle,1
786,48.33922154548904,45361.863844252046,769.0011801407628,5.632716643072289,25847.671811009728,Some College,Employed,Moderately Satisfied,3,4-6 years,Purchase of Vehicle,1
787,44.59180079228437,38717.65391614125,611.1650007250316,3.229502627751555,14794.72138105293,Graduate Degree,Employed,Moderately Satisfied,3,More than 6 years,Purchase of Vehicle,1
788,39.29834288541353,54787.61765628771,863.1637517577435,5.3621254855421645,3277.576809174745,Some College,Employed,Satisfied,3,More than 6 years,Purchase of Vehicle,1
789,23.390390664840087,70106.75669034716,1054.4279860341915,7.6065560746321275,18637.934025632756,Some College,Employed,Dissatisfied,2,4-6 years,Purchase of Vehicle,1
790,44.296182191325855,21872.41295531383,1178.5088397506695,6.172331600785567,17875.16351771116,High School,Employed,Satisfied,2,More than 6 years,Personal Loan,1
791,42.076876871631114,51725.39118721126,832.7730840675036,4.1751723635670395,16800.974090653028,High School,Unemployed,Moderately Satisfied,2,4-6 years,Purchase of House,1
792,42.715788371953735,47598.00806650039,876.1006533569698,5.514397940711855,19082.873315948862,Some College,Unemployed,Moderately Satisfied,3,1-3 years,Purchase of House,0
793,27.232514241796906,60070.101146756984,721.9905073458067,4.518669650939574,22114.146173165092,Graduate Degree,Employed,Dissatisfied,3,4-6 years,Purchase of House,1
794,29.189434595917376,53197.94942356534,990.568248887567,5.015760369389456,18799.064389969546,High School,Employed,Satisfied,1,4-6 years,Start-up Business,1
795,50.53152853332904,38720.460023917716,745.4714097427557,4.348777895702993,9887.95065642109,Some College,Employed,Moderately Satisfied,0,4-6 years,Start-up Business,1
796,39.60444846143345,45214.19096500073,1171.9383439723601,4.671329588229217,23889.47833249551,Bachelor's Degree,Unemployed,Satisfied,1,1-3 years,Personal Loan,0
797,46.81500697372624,38059.612147947664,464.2400524197667,5.42418670614835,4405.025957420614,High School,Employed,Satisfied,2,1-3 years,Personal Loan,1
798,40.28318376130461,66140.10707897898,892.1110982642613,3.0132826008360984,3597.1403417263973,Some College,Employed,Moderately Satisfied,1,1-3 years,Purchase of House,1
799,40.297561394957455,50319.67473007913,1090.3322017575226,2.9682423460200433,25913.443957612544,Bachelor's Degree,Employed,Satisfied,3,More than 6 years,Purchase of House,1
800,49.382838059759976,78517.86028629511,1055.1503548967512,2.222914892337578,24056.162177082853,Graduate Degree,Employed,Moderately Satisfied,2,4-6 years,Purchase of Property,1
801,34.83955271782626,49090.08779278069,1807.910099194149,1.7994577909925802,19540.837079407713,Bachelor's Degree,Unemployed,Satisfied,2,4-6 years,Purchase of Property,0
802,40.96120776940983,39373.898496343056,1104.9400073703723,2.5654346155590413,8836.411961959424,Bachelor's Degree,Employed,Satisfied,0,4-6 years,Purchase of House,1
803,35.377247112949576,27294.28411080759,698.7836209473969,5.318925013608259,14336.712474607397,High School,Employed,Moderately Satisfied,0,1-3 years,Purchase of House,1
804,35.65503772567684,22952.904856160825,971.360725873278,3.214424969016232,17898.026018507968,Graduate Degree,Employed,Satisfied,2,4-6 years,Start-up Business,1
805,36.908278765313604,26237.960854917652,467.1260999600645,6.0272289284621925,7232.848251407093,High School,Employed,Satisfied,2,More than 6 years,Personal Loan,1
806,42.22133771633713,54006.89976517225,975.8200752109717,5.0694274975051234,14087.770735814138,Bachelor's Degree,Employed,Dissatisfied,1,4-6 years,Purchase of House,1
807,35.212513783365225,57630.87534844901,750.0831828997724,1.0629915731238926,25218.64270541344,High School,Employed,Satisfied,2,More than 6 years,Personal Loan,1
808,52.55756125573521,26282.139469518,1274.6170826680486,6.30995116844338,31418.44291431373,Graduate Degree,Unemployed,Moderately Satisfied,3,1-3 years,Purchase of Vehicle,0
809,31.053926977804963,63425.57471114173,835.1379176213395,6.62159729118342,16644.521978731595,Bachelor's Degree,Employed,Satisfied,1,Less than 1 year,Purchase of Vehicle,1
810,38.13128355838641,42754.08422474841,964.970225261426,3.0122746503302933,26051.90683452879,Bachelor's Degree,Employed,Satisfied,3,More than 6 years,Purchase of House,1
811,35.60268941725825,52201.89517978324,809.3326475786789,5.840383085789983,4687.519435300261,High School,Unemployed,Satisfied,3,More than 6 years,Purchase of House,1
812,54.46977884353733,74183.30942383136,1521.6554055559996,3.287003525181602,25275.609928908892,Some College,Employed,Satisfied,3,More than 6 years,Purchase of Vehicle,1
813,41.965547765115744,63452.58973798298,903.6271701646265,5.195340753496671,13568.412682180151,Bachelor's Degree,Employed,Satisfied,2,4-6 years,Personal Loan,1
814,50.31844539468635,45972.04028141251,1549.7671130437607,2.4710031860900687,22458.764933663762,Bachelor's Degree,Employed,Satisfied,0,More than 6 years,Purchase of House,1
815,25.14439626963028,36632.11661877069,1244.24552863548,1.4137870949308464,18017.980654082327,High School,Unemployed,Satisfied,0,More than 6 years,Purchase of Property,1
816,42.67050265869259,20000.0,1144.620018200616,4.234365620774063,30563.312078270676,Graduate Degree,Employed,Satisfied,3,More than 6 years,Purchase of Vehicle,1
817,48.89630795623437,39212.7002113637,1110.6199441952558,4.752542107450328,13004.514813280653,Graduate Degree,Unemployed,Satisfied,2,4-6 years,Purchase of Vehicle,0
818,40.82283989275424,46833.046417584585,1118.1391894648755,4.204640612770792,25020.85038049465,High School,Employed,Satisfied,1,1-3 years,Personal Loan,1
819,50.654803750653514,35192.30709273224,421.698226196317,2.631938883554881,17763.940293627733,Bachelor's Degree,Employed,Satisfied,3,More than 6 years,Purchase of Property,1
820,34.82711549899628,48031.145493615426,916.334981754773,4.200201875737726,18733.55617592269,Some College,Employed,Dissatisfied,1,4-6 years,Start-up Business,1
821,54.0934744018558,51152.77824438152,1253.5473913552964,5.538589505161468,18529.168854726322,Some College,Employed,Moderately Satisfied,1,4-6 years,Start-up Business,1
822,60.0,46627.16027287882,985.3308449577684,4.910213939754926,13234.615164047096,Some College,Employed,Moderately Satisfied,2,4-6 years,Purchase of House,1
823,36.37161439560341,40249.961287648104,578.4430459589275,5.365002061198426,19887.208272746626,Some College,Employed,Satisfied,2,4-6 years,Purchase of Vehicle,1
824,35.54497478599228,52529.82007950092,984.2786648267592,3.6597695990915344,19498.814223025427,Bachelor's Degree,Unemployed,Dissatisfied,0,4-6 years,Personal Loan,1
825,54.53384477117701,56629.109743541136,1511.2316548766473,7.34343582943232,21929.921987253834,Some College,Employed,Moderately Satisfied,0,Less than 1 year,Start-up Business,1
826,55.795721457307124,33644.01383835731,1374.0675146604158,2.6476533268904388,20676.0411655429,Bachelor's Degree,Employed,Moderately Satisfied,2,More than 6 years,Purchase of Property,1
827,34.771399728467316,71163.98569619405,981.3987971901905,5.975120594173437,26383.95639689789,Bachelor's Degree,Employed,Satisfied,3,4-6 years,Personal Loan,1
828,35.798131829041424,48521.17801573608,1285.434783117426,7.3637821859199235,27388.06892837895,Bachelor's Degree,Employed,Dissatisfied,0,4-6 years,Personal Loan,1
829,37.18215391139493,50282.744344172716,890.0478938895844,5.961816185497791,11595.01342537759,High School,Employed,Moderately Satisfied,1,1-3 years,Purchase of House,1
830,26.55549488965723,60623.21634884836,488.8385239519843,4.59495154587034,26950.180004726168,Graduate Degree,Employed,Moderately Satisfied,3,Less than 1 year,Purchase of Property,1
831,30.813480535158018,53498.24196895253,722.6602035611337,3.943405906674042,10509.308583121165,Some College,Employed,Satisfied,1,1-3 years,Personal Loan,1
832,29.95859233247932,64297.04950869868,1468.8666305524594,7.072175302092512,24702.84710510188,High School,Employed,Satisfied,2,4-6 years,Purchase of Property,1
833,32.32202434895871,54306.86247802736,917.8020754512088,2.154050149476654,24957.91027762295,High School,Employed,Satisfied,1,Less than 1 year,Purchase of Vehicle,1
834,39.65315112613219,40813.43938039343,926.9848061874945,3.059751479240713,4709.464866699967,Some College,Unemployed,Satisfied,3,More than 6 years,Purchase of House,0
835,42.342147325365204,55422.55287809153,910.0485411175358,4.204884469016557,20743.833972235276,Graduate Degree,Unemployed,Moderately Satisfied,2,1-3 years,Purchase of Vehicle,1
836,55.50500492814077,32844.10689019007,1571.2409768719021,7.475307515023996,16252.031093117475,Some College,Employed,Satisfied,3,1-3 years,Purchase of Vehicle,1
837,30.01645959261209,51628.39558664785,1487.787674608619,5.759535272081792,13929.877936517001,Bachelor's Degree,Employed,Satisfied,1,1-3 years,Start-up Business,1
838,49.843223984765835,49501.550140333085,1665.6340700344401,3.0639084829795094,30806.818645592044,High School,Employed,Satisfied,3,Less than 1 year,Purchase of Vehicle,1
839,37.86011155774491,46878.2471409119,952.2864368799846,4.379384589230193,14770.566874900647,Some College,Employed,Satisfied,2,4-6 years,Purchase of Vehicle,1
840,39.50536290347567,48071.93732841604,1088.6873466241286,3.771353711807411,13548.984567055602,Graduate Degree,Employed,Satisfied,1,More than 6 years,Purchase of House,1
841,46.74819492166604,21772.264317535413,545.0072351737626,3.58042201553293,20605.559520040748,Bachelor's Degree,Employed,Moderately Satisfied,1,4-6 years,Purchase of Property,1
842,28.772779784377015,41769.12638388558,1443.0803278354824,6.957779117113558,25484.717970387333,High School,Employed,Satisfied,0,1-3 years,Purchase of Property,1
843,43.82409746184051,51392.673517116724,649.6661346196195,2.2565137414729888,18866.811311918984,Some College,Employed,Satisfied,0,1-3 years,Purchase of Vehicle,1
844,41.66452208213056,52397.84587996101,1065.0326691287887,8.217561711468747,29330.96436535402,High School,Employed,Satisfied,3,4-6 years,Purchase of Vehicle,1
845,44.92451264008149,34584.87288611063,670.8092417101468,6.656459380369245,24247.805295712722,Some College,Employed,Satisfied,0,More than 6 years,Purchase of Vehicle,1
846,42.89168643907818,68985.61761297051,823.3399519783911,7.181723341207396,2574.3094421485584,Bachelor's Degree,Employed,Satisfied,0,1-3 years,Purchase of Property,1
847,60.0,37007.377276782485,748.8212706850899,4.074120975949484,15764.264291943935,Bachelor's Degree,Unemployed,Moderately Satisfied,0,4-6 years,Purchase of Vehicle,0
848,33.62260015748684,64541.85800790105,817.6374217972547,4.700118561841781,15505.263205186408,High School,Employed,Moderately Satisfied,0,4-6 years,Start-up Business,1
849,34.690030449981826,56407.91542807527,838.2631890553064,2.133696370950576,23834.88762743538,Graduate Degree,Employed,Moderately Satisfied,2,1-3 years,Purchase of House,1
850,33.76859473575236,40306.59035234295,835.5193615224769,3.9506751858663938,1000.0,Some College,Employed,Moderately Satisfied,2,4-6 years,Purchase of Vehicle,1
851,34.44522880839745,76629.66338914268,1250.000173534092,5.987309695286302,40392.077669741775,Some College,Unemployed,Satisfied,0,Less than 1 year,Personal Loan,1
852,33.62612872693482,32095.447523652798,668.541162081244,7.592126123562792,24248.20875915368,Some College,Employed,Dissatisfied,3,4-6 years,Purchase of House,1
853,51.89016531107552,63787.31260415002,1066.16242810416,2.7856863663950966,21191.01443134153,Bachelor's Degree,Employed,Moderately Satisfied,2,1-3 years,Purchase of Property,1
854,54.20504247989855,65008.734770644674,1365.3877456916675,4.268988126029468,29452.541731353173,Some College,Unemployed,Dissatisfied,0,4-6 years,Purchase of Vehicle,1
855,34.29253706250524,39940.69686385033,846.0410906459812,4.697401559534955,38749.232422500994,Some College,Employed,Satisfied,2,Less than 1 year,Purchase of Property,1
856,31.676444268957713,70886.97950096492,784.6243327757195,2.2084215956150297,26965.973156707227,Some College,Employed,Dissatisfied,1,More than 6 years,Personal Loan,1
857,44.71415556386404,46249.302281015705,930.8426124459247,6.1826984835168,27590.50477177296,High School,Employed,Moderately Satisfied,2,1-3 years,Start-up Business,1
858,34.477769557190285,54330.40443919785,1353.917562508213,3.552019336514782,21045.52019571506,Bachelor's Degree,Employed,Moderately Satisfied,2,More than 6 years,Purchase of Vehicle,1
859,46.32931817755511,53904.82758156831,1058.2322892860072,4.609219297645952,18867.793973064414,Some College,Employed,Satisfied,3,More than 6 years,Purchase of House,1
860,42.029230208513,47985.368877941786,840.6357116177205,4.096101256176245,16193.636447960791,High School,Employed,Moderately Satisfied,2,More than 6 years,Purchase of House,1
861,24.84255885002768,62162.124097396736,1145.162995356412,3.421322988560651,13391.104066283664,Bachelor's Degree,Employed,Dissatisfied,3,4-6 years,Start-up Business,1
862,55.47505201330061,61902.33080828319,669.312355049073,4.985910029038891,14503.887202404021,Graduate Degree,Employed,Moderately Satisfied,1,4-6 years,Start-up Business,1
863,57.95877673095522,23772.02040142729,1204.4078531328844,4.568780842863955,9195.552285256135,Graduate Degree,Employed,Satisfied,0,1-3 years,Purchase of Vehicle,1
864,33.87211309515614,69565.10364317229,1122.5821923105302,4.256284235442669,19393.028394519813,Some College,Employed,Dissatisfied,3,1-3 years,Purchase of Vehicle,1
865,36.122984400640156,25062.620179464884,907.6574586583348,3.5430767566393144,6522.6593821889055,High School,Employed,Satisfied,2,4-6 years,Purchase of House,1
866,42.85865390724905,65488.19306512486,748.4242604658307,5.639049341565911,21527.332193149687,Some College,Unemployed,Satisfied,2,1-3 years,Purchase of Vehicle,1
867,43.34456789987025,66900.57705241375,733.9957233149628,8.30723453698457,19709.355135661266,High School,Employed,Satisfied,3,More than 6 years,Purchase of House,1
868,46.5854427267283,33635.50354677203,1160.4452009037732,5.279774465678255,21175.482387093503,Graduate Degree,Employed,Dissatisfied,1,Less than 1 year,Purchase of Vehicle,1
869,60.0,43837.78568068123,1368.6941507467186,6.992236429822258,15822.94743984006,High School,Employed,Satisfied,0,4-6 years,Purchase of Property,1
870,38.2305277250595,33414.42997271096,808.8076758913616,2.2195561496930747,44614.88296144403,High School,Employed,Satisfied,2,4-6 years,Start-up Business,1
871,32.01702755461546,46776.18454566897,1137.5160110654454,5.315522878587539,30880.927201442504,Some College,Employed,Moderately Satisfied,1,4-6 years,Start-up Business,1
872,26.20680771985473,45379.48573721388,373.89189441937935,2.805263362057867,10043.659999322217,Some College,Employed,Moderately Satisfied,0,4-6 years,Purchase of House,1
873,32.69069960058081,61694.907984040095,824.6146808028401,2.046150144936197,21862.944699415188,Bachelor's Degree,Employed,Satisfied,0,1-3 years,Purchase of Property,1
874,39.66873027126203,69654.63119179412,990.6823201387294,3.5212571850819274,15135.950856501411,Some College,Employed,Dissatisfied,2,4-6 years,Personal Loan,1
875,57.94557863517788,70935.25716184934,727.0949749054499,7.383798668827145,11884.162186340689,High School,Employed,Dissatisfied,3,1-3 years,Purchase of Vehicle,1
876,34.823887009638284,41567.47960132547,719.0480875631213,6.900031657339291,9279.423431008521,High School,Employed,Satisfied,2,More than 6 years,Purchase of Property,1
877,42.237879516388986,46861.671893832085,799.6661330593341,5.4860094441088,23457.733526074033,Some College,Employed,Satisfied,2,4-6 years,Purchase of House,1
878,39.83577103927248,24748.427116685747,1087.6578184979119,1.9345988802201384,14548.958119443409,High School,Employed,Satisfied,2,More than 6 years,Purchase of Vehicle,1
879,51.88393273448084,37911.94900255717,943.8012944780876,4.607438697224127,27742.60819220163,Bachelor's Degree,Employed,Satisfied,1,Less than 1 year,Purchase of House,1
880,60.0,64472.77449646186,328.53063000250836,5.603400017803471,27950.257716243512,Some College,Employed,Satisfied,3,1-3 years,Purchase of Vehicle,1
881,34.69131227079679,74233.74235322347,363.78995420948013,5.351072459157196,30991.315081691595,Bachelor's Degree,Employed,Dissatisfied,1,1-3 years,Purchase of Property,1
882,35.10560557481778,31484.76692180117,817.9404466428474,1.3124128330385085,13180.905871407173,Graduate Degree,Employed,Moderately Satisfied,2,Less than 1 year,Purchase of Vehicle,1
883,50.44160877069072,41113.036112706584,1137.3059758160657,3.2193643039602566,23802.924885536082,Graduate Degree,Employed,Satisfied,3,1-3 years,Purchase of House,1
884,46.81891489626312,49603.91364561609,175.74854718242955,4.871844471702567,25059.633733138406,Graduate Degree,Unemployed,Satisfied,0,4-6 years,Purchase of Vehicle,1
885,58.46707325736034,54202.4173822941,850.0809471545108,6.072581819034379,16206.574599168282,High School,Employed,Satisfied,3,1-3 years,Personal Loan,1
886,45.839281853259635,37855.94720117531,842.1256430447736,0.6077443578001072,13825.824340857,High School,Employed,Satisfied,2,4-6 years,Purchase of House,1
887,36.40707909212941,56360.915666961344,1416.5013334625344,4.675752049040283,32876.16532620778,Some College,Unemployed,Satisfied,3,More than 6 years,Purchase of Property,1
888,45.90654830692309,42892.409793936255,884.4934564861409,5.286097539757905,21819.96700585643,Graduate Degree,Employed,Moderately Satisfied,0,4-6 years,Purchase of Property,1
889,51.087035805829075,49783.215936825814,1114.8966954222785,6.6992239770324264,25087.742005693905,Graduate Degree,Employed,Dissatisfied,0,1-3 years,Purchase of House,1
890,48.204821811973645,58194.26372005549,1042.377142026239,6.385715168474873,13423.39190537658,Graduate Degree,Employed,Satisfied,3,1-3 years,Purchase of Vehicle,1
891,45.07274031107298,50096.33404716407,360.8300560578398,6.165142637617611,10245.72426782245,High School,Employed,Moderately Satisfied,0,4-6 years,Personal Loan,1
892,50.666746895891535,43454.21164210147,1230.4621649895212,3.400118986596132,15444.401804063116,Graduate Degree,Employed,Satisfied,1,1-3 years,Purchase of Vehicle,1
893,51.692955904456724,48355.852941112535,1064.6189516368863,1.1839957257533849,19007.828900880024,Some College,Employed,Moderately Satisfied,3,4-6 years,Purchase of Vehicle,1
894,53.82158991037527,48674.55561191997,1152.4805919023768,4.213894485877198,11486.23994546121,High School,Employed,Satisfied,0,1-3 years,Personal Loan,1
895,46.48709887589643,44449.83455176809,2177.8713119308977,7.00326365041712,19921.241530796935,Some College,Employed,Satisfied,0,More than 6 years,Purchase of Vehicle,1
896,38.328819196831454,46118.059059993466,374.7661181504235,7.786909055048863,6491.958495452,High School,Employed,Dissatisfied,3,4-6 years,Purchase of House,1
897,41.46713686433323,73979.70755757076,1517.4089949283325,6.4210982045955705,11039.620620241023,Some College,Employed,Satisfied,1,4-6 years,Purchase of House,1
898,52.06508966508357,58413.791719118584,913.7657441798933,5.858681645603468,25367.289986215,Some College,Employed,Moderately Satisfied,3,1-3 years,Purchase of House,1
899,31.83064329012764,45567.795229562595,1086.1986713209028,5.759279296771931,24830.324162223154,Some College,Employed,Satisfied,0,1-3 years,Personal Loan,1
900,43.686733088729014,60454.316067661035,986.3463264096273,3.887762506478439,16864.98587690507,Bachelor's Degree,Employed,Satisfied,3,4-6 years,Purchase of Property,1
901,36.06661187672639,44992.70765365985,872.729099980587,4.73987941289276,11857.885527384376,Graduate Degree,Employed,Satisfied,0,4-6 years,Purchase of Property,1
902,40.28744822934817,67596.86956379961,829.0501215283724,8.338139051652663,11780.771587791913,Bachelor's Degree,Employed,Satisfied,2,1-3 years,Personal Loan,1
903,52.78451862607299,55544.63288297141,1098.8526206719027,3.1148839884162474,17013.854032469488,Some College,Employed,Moderately Satisfied,3,1-3 years,Purchase of Vehicle,1
904,41.910990680199035,48390.467839936566,544.8478909984963,8.229557581419703,25156.14793316233,Bachelor's Degree,Employed,Satisfied,3,1-3 years,Purchase of House,1
905,40.46436548156149,56715.75388715416,1225.1737502565297,4.3559436910158835,27425.965530754598,Graduate Degree,Employed,Moderately Satisfied,0,4-6 years,Purchase of House,1
906,26.401438590200808,26436.85771897251,875.1416785344238,7.650864218190157,16027.746116144248,High School,Employed,Moderately Satisfied,0,1-3 years,Purchase of House,1
907,47.46253566027221,33098.48796635292,660.9791982878926,2.1863699810049235,10772.060592121728,Some College,Employed,Moderately Satisfied,0,4-6 years,Start-up Business,1
908,46.45484181141075,32091.12490401417,864.9961426012559,6.171808402329298,22142.749102930666,High School,Employed,Satisfied,0,4-6 years,Personal Loan,1
909,60.0,52144.1464214556,1377.1447650587718,3.526459728104756,13411.720234993205,High School,Employed,Dissatisfied,3,4-6 years,Purchase of Vehicle,1
910,36.92221765046999,75987.72499227637,839.399473895133,2.169465616151625,15853.978889110382,Bachelor's Degree,Employed,Satisfied,0,More than 6 years,Purchase of Vehicle,1
911,42.19150327663939,83469.50219288949,1107.5360854628861,5.437068084821892,30602.2087234963,Graduate Degree,Employed,Satisfied,3,More than 6 years,Purchase of Vehicle,1
912,42.49383683710755,59570.76652161136,780.7131172853581,7.018943577191937,26616.923428526145,High School,Unemployed,Satisfied,1,4-6 years,Purchase of Vehicle,1
913,55.77453279763475,57512.66712416685,1227.3765549770858,3.3101171228130073,21263.794498011615,Bachelor's Degree,Employed,Satisfied,3,Less than 1 year,Purchase of Vehicle,1
914,39.047044676130476,22984.133987708916,1205.6523216370613,2.0019680790831975,9824.647991098218,Graduate Degree,Unemployed,Satisfied,0,4-6 years,Purchase of Property,1
915,42.790215257703395,41859.89300398967,1554.5826499889235,4.81631047133009,21691.17253976527,Graduate Degree,Unemployed,Moderately Satisfied,0,4-6 years,Personal Loan,0
916,46.078965097165394,38183.24372137642,947.3308163502354,4.825129342445638,28501.258326300213,High School,Employed,Satisfied,1,4-6 years,Personal Loan,1
917,41.86609123156358,40687.28602623326,1200.596441427372,6.096639255108998,16994.930673875715,Graduate Degree,Employed,Satisfied,3,4-6 years,Purchase of Vehicle,1
918,35.535663854494715,47477.84272122815,1029.4202618616835,6.899189142728977,30808.91271989372,Some College,Employed,Moderately Satisfied,1,1-3 years,Purchase of House,1
919,41.94089992898308,42918.64133454309,1388.7615345589043,4.881169637455012,30341.962316145655,Some College,Unemployed,Satisfied,3,4-6 years,Purchase of Property,0
920,50.73631749859772,20310.502844363185,784.3502837173809,8.711006629588526,33309.86265714779,High School,Employed,Satisfied,0,1-3 years,Personal Loan,1
921,29.7348470058894,61218.65384176301,1223.5015938631843,5.448469489070583,22441.945012250824,High School,Unemployed,Satisfied,3,4-6 years,Personal Loan,1
922,41.32969674146876,33908.854613902906,941.5908111649954,4.307146987986201,24699.133598448097,Bachelor's Degree,Employed,Moderately Satisfied,0,1-3 years,Start-up Business,1
923,32.99879185060827,53588.702961667244,980.7435468674507,1.7768652817943442,31313.49830664872,Some College,Employed,Satisfied,0,4-6 years,Purchase of Property,1
924,51.950466289248425,81111.2400462496,1027.5257453345118,4.474680959367665,23579.151496551804,High School,Employed,Satisfied,2,Less than 1 year,Purchase of Property,1
925,24.768130952162252,36209.23112620365,1075.6721189280033,4.327226109177728,15990.127137678299,High School,Employed,Satisfied,2,4-6 years,Purchase of Vehicle,1
926,34.410781527284115,20000.0,965.1312870634125,6.920609592562941,16411.65730777711,Bachelor's Degree,Employed,Moderately Satisfied,3,4-6 years,Purchase of Property,1
927,43.772118750645205,45709.936671798336,1064.4139549511578,5.924967248133708,21908.439630189914,High School,Employed,Moderately Satisfied,0,1-3 years,Purchase of Vehicle,1
928,55.65524029234341,66514.39452497856,1473.4354172686553,2.6412617567347656,9675.508624430251,Bachelor's Degree,Unemployed,Moderately Satisfied,1,4-6 years,Purchase of House,1
929,39.34249738927012,79375.21181330891,1295.6349056845656,5.344508772822075,18853.92867708646,High School,Employed,Satisfied,0,4-6 years,Purchase of Property,1
930,34.44800473306802,31556.756083213746,1260.7463777490689,6.343062343458107,28772.37694584203,High School,Employed,Satisfied,1,4-6 years,Purchase of Vehicle,1
931,58.8115706944059,57450.48834854783,863.3381421928387,8.056062718775665,2469.9691906777516,Some College,Employed,Satisfied,3,1-3 years,Purchase of Vehicle,1
932,25.51986099583756,43020.3431482992,733.2277515315027,6.7750079348281185,32275.85681435612,Some College,Employed,Satisfied,3,4-6 years,Purchase of Vehicle,1
933,20.0,48410.774685437966,1286.590167471326,6.521693308622956,28978.993749625275,Some College,Employed,Satisfied,1,4-6 years,Purchase of Vehicle,1
934,44.40014450053332,89665.15020525552,1262.8140377589382,5.120171989230327,16321.88307335619,Some College,Employed,Satisfied,1,4-6 years,Purchase of Vehicle,1
935,34.97945775647389,27455.4450740727,1441.8012027252946,5.776624010846899,24347.126622974476,Graduate Degree,Employed,Satisfied,0,4-6 years,Purchase of Vehicle,1
936,29.78767182869287,53806.094922418604,818.8058122092311,7.499009801412317,20025.181815250613,Bachelor's Degree,Employed,Moderately Satisfied,3,4-6 years,Purchase of Vehicle,1
937,47.08356447299353,57015.3975764815,931.1354033918959,2.3344452050407005,29839.92294750946,High School,Employed,Satisfied,0,1-3 years,Purchase of Vehicle,1
938,42.43800713771199,66286.7948740902,508.15475124236974,4.301121345566088,27861.46514215953,Some College,Employed,Moderately Satisfied,1,1-3 years,Start-up Business,1
939,34.359213692632714,51469.747302063435,882.2586681817381,3.4548625024875186,8799.434214535926,Graduate Degree,Employed,Satisfied,2,Less than 1 year,Purchase of House,1
940,27.196956013291057,54620.75809256153,1298.9711531738342,5.758306237452248,24698.09930771341,Some College,Employed,Satisfied,2,1-3 years,Purchase of Vehicle,1
941,48.724573282801444,44125.271488673134,860.0513862315406,7.460444351301575,18354.977170854017,High School,Employed,Satisfied,2,4-6 years,Purchase of Property,1
942,46.50201177958661,54036.90411867661,1192.143938560247,3.8060514265578522,20662.6605641448,Bachelor's Degree,Employed,Satisfied,1,4-6 years,Personal Loan,1
943,39.00824136220617,44852.11586753884,942.8490682006566,0.21939126506112405,14174.624792241477,Bachelor's Degree,Employed,Satisfied,0,1-3 years,Purchase of Property,1
944,58.466369960476655,59323.57834784076,1097.2171084664683,4.17555850995106,33985.09655296669,Some College,Employed,Satisfied,3,More than 6 years,Purchase of Vehicle,1
945,29.299152336738473,44455.84495934549,655.6925830552998,6.826947464034813,28320.494559220606,High School,Unemployed,Dissatisfied,1,4-6 years,Purchase of Property,0
946,24.74474829075261,55656.505908532796,1025.5628348901703,6.075259805899759,14081.830688216261,High School,Unemployed,Moderately Satisfied,2,More than 6 years,Personal Loan,1
947,33.080919301187556,49561.057794725326,102.65920872978302,5.8563724956211525,9323.11514471814,Bachelor's Degree,Employed,Satisfied,0,4-6 years,Personal Loan,1
948,39.54413983644502,66890.75376158251,943.9311525514046,4.44001339625104,16914.618952177214,High School,Employed,Moderately Satisfied,3,4-6 years,Purchase of Property,1
949,42.43339449322692,49229.094146172705,510.85802688545795,2.4419385275604273,23476.021168730447,Some College,Unemployed,Moderately Satisfied,3,Less than 1 year,Personal Loan,0
950,37.5876394214367,23404.512976896778,1361.7983549640448,6.030588643248935,21921.646751569784,Some College,Employed,Moderately Satisfied,1,1-3 years,Personal Loan,1
951,43.520553965142966,68928.82251070987,1233.2222058293532,3.3314363799307505,30025.062598145945,High School,Employed,Moderately Satisfied,1,Less than 1 year,Purchase of Property,1
952,27.48460575809556,36414.015487060715,1140.0012945898243,9.368193466760912,26319.357777446818,Graduate Degree,Employed,Satisfied,3,4-6 years,Purchase of House,1
953,54.437646040732595,40193.504920267704,1456.301868147814,6.141014416709032,27756.552206023254,Bachelor's Degree,Employed,Satisfied,3,1-3 years,Purchase of Property,1
954,39.178488216074314,41065.08058934762,715.3250437525488,3.838703394892098,22614.8432048835,Bachelor's Degree,Unemployed,Satisfied,2,4-6 years,Personal Loan,0
955,51.172958315881274,70616.57139756226,1524.2089593746673,3.777229505222744,8885.610158312078,High School,Employed,Satisfied,3,1-3 years,Purchase of Vehicle,1
956,43.42725346377704,20000.0,1279.6574692781155,4.814111586772824,18434.411750824787,High School,Employed,Satisfied,1,More than 6 years,Start-up Business,1
957,44.567532191537836,97066.22800489991,929.0334138343162,4.5209961559565,28480.717919269322,Some College,Employed,Satisfied,0,1-3 years,Purchase of Vehicle,1
958,45.69767280232204,65840.85213599078,1340.6860441548833,7.233667551059908,19587.816571802832,High School,Employed,Dissatisfied,2,1-3 years,Purchase of House,1
959,44.47708560017315,53348.5837119374,668.1119462765098,5.372832339488093,24024.722948989973,Graduate Degree,Unemployed,Dissatisfied,2,1-3 years,Personal Loan,1
960,46.42722759867544,49176.5899907557,752.6457515416979,3.536736522182944,17450.013478030934,High School,Employed,Moderately Satisfied,3,4-6 years,Purchase of Vehicle,1
961,53.29152530132431,54283.311122864856,817.4230830280899,8.780881370311565,11761.50521166524,Some College,Employed,Moderately Satisfied,0,1-3 years,Purchase of House,1
962,41.9652116970147,57816.836425690075,841.3066875807954,5.0986166630404455,19013.247487631117,Some College,Employed,Dissatisfied,2,4-6 years,Purchase of Vehicle,1
963,47.09003757588512,59678.23378925085,683.0327071719241,6.537679351937793,22472.37954426123,Bachelor's Degree,Unemployed,Satisfied,1,Less than 1 year,Purchase of House,1
964,39.102643057127736,58334.066990051724,1366.9249201285975,3.7835469851104815,14754.498244308452,High School,Employed,Satisfied,3,1-3 years,Purchase of Vehicle,1
965,54.40117215449473,51343.71021882873,922.3436798890505,5.726231255489047,18114.31004114665,Some College,Employed,Satisfied,1,More than 6 years,Purchase of House,1
966,33.2360769794073,47039.923695390105,1105.7514905070639,5.62221998228639,12484.294064112139,High School,Employed,Moderately Satisfied,3,Less than 1 year,Purchase of House,1
967,58.00940432910816,47730.90074519732,828.8945900758958,1.220701415807694,28953.959340512767,Graduate Degree,Employed,Satisfied,2,More than 6 years,Start-up Business,1
968,39.59842049355657,47076.375794709784,453.81900983544483,9.030550220921281,17644.35393929573,High School,Employed,Moderately Satisfied,3,More than 6 years,Start-up Business,1
969,25.69224897881952,67006.55145300596,1081.0172075174266,7.581288921845094,31622.044361009466,Graduate Degree,Employed,Satisfied,0,Less than 1 year,Purchase of Vehicle,1
970,41.28104414910789,58903.35083421293,426.32350737406693,4.205609367708025,32229.98280432727,Bachelor's Degree,Employed,Satisfied,1,1-3 years,Personal Loan,1
971,33.18948342525119,20000.0,979.4097861743594,2.795460519088289,19351.632282226048,High School,Employed,Moderately Satisfied,0,1-3 years,Purchase of Vehicle,1
972,48.406435489887244,59838.51164794641,589.5054883501568,5.695123227607104,11932.410139621203,Bachelor's Degree,Employed,Satisfied,1,4-6 years,Purchase of Vehicle,1
973,33.47376020697609,52921.04292078162,1596.1827997692424,5.173395398828793,3312.8169781333017,High School,Employed,Satisfied,1,4-6 years,Purchase of Vehicle,1
974,35.538165667852205,49719.36865331154,1273.4088166524166,5.711337897126459,8223.703415785667,Graduate Degree,Employed,Satisfied,3,4-6 years,Start-up Business,1
975,21.104592690544692,44172.22320366671,1031.7261373814442,5.383154792388179,9009.321400810719,Some College,Employed,Satisfied,2,4-6 years,Start-up Business,1
976,35.47693680750923,66861.6907997902,1379.1120032964006,6.012481978611852,31027.757019692035,Some College,Employed,Moderately Satisfied,2,1-3 years,Purchase of Vehicle,1
977,20.0,64212.89693184287,746.1052067602793,7.8946113987836135,20926.59669781557,Some College,Employed,Satisfied,0,More than 6 years,Purchase of Vehicle,1
978,24.16097176514277,38406.834982645865,1163.043813601028,6.136206410257293,23116.836192735904,High School,Employed,Satisfied,3,4-6 years,Purchase of Vehicle,1
979,47.604146561442974,56105.78430686802,1059.943130115614,2.9006890021801177,2236.631928518993,Graduate Degree,Employed,Satisfied,2,4-6 years,Purchase of Property,1
980,47.85800158650832,35425.14898188071,1079.206024400101,7.7251257054249045,10416.268566261908,High School,Unemployed,Moderately Satisfied,1,More than 6 years,Purchase of Property,0
981,44.254575617849646,29305.727528166044,1381.7060500320304,8.281229126976575,27096.638211570295,Bachelor's Degree,Employed,Satisfied,1,4-6 years,Purchase of Vehicle,1
982,30.33023856870787,40599.24163115052,1219.7476308339408,11.30411346902417,22294.19289906069,Some College,Unemployed,Moderately Satisfied,3,1-3 years,Personal Loan,0
983,39.5228864385802,62935.902085741385,1086.617098847507,2.753011933520804,18822.35777051522,Graduate Degree,Employed,Moderately Satisfied,0,4-6 years,Purchase of House,1
984,39.963974609094315,64296.8756806413,503.5337691315112,5.48576402630055,24518.73886880098,High School,Employed,Satisfied,3,4-6 years,Start-up Business,1
985,28.416353108074574,57696.28130145939,711.9861114161608,0.8358025936220255,33086.38244908652,Some College,Employed,Moderately Satisfied,0,Less than 1 year,Purchase of Property,1
986,55.0339830176715,60876.43680271995,963.1873199212828,6.106298312758418,18231.660291703596,Some College,Employed,Moderately Satisfied,3,More than 6 years,Purchase of House,1
987,48.77362290575671,57742.67430672437,1028.0117122829954,3.9035994036664547,20554.958421264557,Bachelor's Degree,Employed,Satisfied,1,1-3 years,Personal Loan,1
988,37.79035826170336,40377.77607165572,660.9388825978228,8.846891589649907,21540.775349850443,High School,Employed,Satisfied,3,4-6 years,Personal Loan,1
989,40.26885838994531,56478.83817010911,1723.5030026735262,3.450770059962836,39136.87708219194,High School,Unemployed,Dissatisfied,2,4-6 years,Purchase of Vehicle,1
990,42.08382807947552,62006.14287841524,1454.918216576072,1.6216339240654767,3205.1498846477953,High School,Employed,Moderately Satisfied,2,Less than 1 year,Purchase of House,1
991,20.0,61314.36994720361,1180.635496117745,4.0574725185949605,25465.784118310465,Bachelor's Degree,Unemployed,Satisfied,3,More than 6 years,Start-up Business,1
992,37.52822617479403,67833.70057211965,1021.6110583851234,1.049024457565725,19081.58200992749,High School,Unemployed,Satisfied,0,More than 6 years,Purchase of Vehicle,1
993,33.180157520022014,60624.55770801596,936.3373090296545,6.50219890901462,24534.173809473436,Some College,Employed,Moderately Satisfied,0,4-6 years,Purchase of Vehicle,1
994,29.983799901050844,55271.72311312374,714.4244619933293,0.8698339074873589,14741.019568042204,High School,Employed,Moderately Satisfied,1,1-3 years,Purchase of House,1
995,37.18899707114045,66052.25357474641,1023.2441555556587,5.056915162366318,19608.2797531324,Graduate Degree,Employed,Moderately Satisfied,1,1-3 years,Personal Loan,1
996,57.976865268495224,49602.1811112641,1077.3257620428253,0.8443763602876064,25691.28463572396,Graduate Degree,Unemployed,Satisfied,0,1-3 years,Personal Loan,1
997,46.4084286126701,36771.88023158423,627.4718273555127,4.359404390926716,44903.28160835073,Some College,Employed,Moderately Satisfied,3,1-3 years,Start-up Business,1
998,34.28821010217203,47553.99554084354,1100.2529251734693,8.286756311609068,26464.289515216573,Some College,Employed,Satisfied,1,4-6 years,Purchase of Property,1
999,45.72582781356159,38826.46032790326,953.4222853525754,5.72129578287159,13215.47521575593,High School,Employed,Satisfied,0,More than 6 years,Purchase of Vehicle,1
