,Age,Income,EmploymentDuration,DebtToIncomeRatio,CreditScore,NumOpenCreditLines,NumCreditInquiries,LoanAmount,LoanTerm,PaymentHistory,NumDependents,HasMortgage,HasCarLoan,OccupationType,EducationLevel,label
0,69,153503.6499611598,6,0.1541450431784871,839,12,3,300828.0577351057,326,0.9439959067106114,3,0,1,7,2,1
1,32,145792.2535689628,3,0.5537114853580112,490,2,4,370770.5753979887,308,0.04783881250703881,2,1,0,1,2,0
2,78,92459.0078474565,28,0.541704812410004,614,15,5,19439.09668391793,123,0.8501719452050476,5,1,0,4,4,1
3,38,59244.159348935566,13,0.76190181260487,412,8,0,272912.9161447459,241,0.9975825929459724,3,1,0,7,1,0
4,41,136109.7501984793,2,0.8336499619375856,469,13,3,31189.17946897887,107,0.8869421108828673,4,0,0,1,5,1
5,20,95906.70821959073,23,0.44044135031242404,767,12,10,352066.38888349343,179,0.8104365856156253,2,0,0,1,2,0
6,39,43809.71800255947,4,0.30233324935149375,313,20,9,32585.352921987313,167,0.37430599340632464,4,0,0,6,1,0
7,70,182103.01422254942,15,0.25933489731709447,587,6,4,456305.28492910817,116,0.2313141822622935,2,0,0,4,1,0
8,19,144419.9343697378,25,0.19462383670487193,488,14,6,352530.8706078258,204,0.7348505204996011,2,0,1,3,4,0
9,47,142973.09416018665,22,0.05764758219902488,454,6,4,256157.93371715277,341,0.3045753662885684,4,1,0,5,5,0
10,55,168065.0976641013,19,0.34244797883471334,770,5,0,223544.4420241816,143,0.17603968215497068,0,0,0,9,5,0
11,19,115339.10215791459,3,0.27024769213078326,374,1,10,69682.95205456487,149,0.7865258871035913,0,1,0,10,2,0
12,81,166709.7971124423,23,0.9664173858664074,576,8,6,149044.69783450823,342,0.3125436522367222,0,1,1,10,2,0
13,77,109656.33563198103,29,0.5577088262500439,642,16,7,435134.75698534364,281,0.9144417294873384,5,0,0,10,1,0
14,38,32091.571984827817,23,0.34727703903050755,724,4,6,452704.1417234345,49,0.8406326448191253,0,1,0,3,5,0
15,50,92944.65584498398,1,0.580467600993696,810,11,10,5370.115643412877,56,0.8476403295092552,2,0,1,5,5,1
16,75,109543.6809163803,29,0.1391967013456955,481,0,3,299097.5137813879,174,0.7715697260558262,1,0,0,10,2,0
17,39,149636.46469381324,17,0.4440437492022029,757,9,7,361053.80146743124,342,0.8808814237747367,4,1,1,5,3,0
18,66,39184.17142316139,18,0.6262343214210638,363,10,4,311279.7563165151,264,0.8057468921781201,1,0,1,9,1,0
19,76,45203.33695888082,30,0.4888978317924514,559,15,9,45431.48360884522,180,0.6025113635747287,5,0,0,10,5,0
20,59,67463.08447423096,27,0.40177880065432425,492,13,8,112773.8249054566,296,0.29582271858186315,1,1,1,4,4,0
21,77,67969.7108067588,27,0.9938483888996982,705,7,9,128918.43235378609,285,0.888209193214149,3,1,0,1,4,1
22,32,151793.22412263122,18,0.880314762148927,392,16,4,416703.69249601936,31,0.8406036227731919,0,1,0,10,3,0
23,79,65131.5189010876,16,0.6234059581594401,729,17,0,234283.72097291562,250,0.47287932221054507,5,1,1,5,2,0
24,79,133957.65140434058,30,0.5693773611822828,733,11,8,245979.96491091224,281,0.03907868600195519,2,1,1,1,2,0
25,64,108969.29302488886,13,0.620660479824584,703,16,4,467772.05804448173,321,0.6385437274019135,0,1,0,6,2,0
26,79,123192.98807229212,18,0.20131210782243325,733,13,5,320357.51498308417,42,0.05059685367658173,0,0,0,10,4,0
27,68,170859.25337209326,21,0.3951377432643186,411,15,3,449840.5122685686,325,0.9262799618484072,1,0,1,10,2,0
28,72,92788.67027882437,23,0.03945953289089932,674,13,5,230971.88339405882,115,0.961631256625307,3,0,0,7,4,1
29,81,158764.04787156868,12,0.47554603748682667,358,8,7,78970.94796655564,181,0.18949014589960422,0,1,0,1,3,0
30,20,95966.49071912373,11,0.5430245839576632,342,3,2,465318.1190666724,197,0.67638937805491,4,0,0,10,1,0
31,68,83696.8477810249,29,0.2277497361032096,506,10,4,232059.03225543143,139,0.09226900456276277,4,1,1,4,5,0
32,24,192552.8919163797,25,0.9640288471655137,595,5,1,94907.55383001683,221,0.7295169285731221,0,0,0,9,3,0
33,38,53186.76572221338,5,0.909454610937242,417,14,1,154685.8914504415,292,0.3472876661526746,1,1,0,1,4,0
34,56,36260.652903969414,20,0.7221432354559059,831,4,6,30147.281896026412,264,0.6810501117304453,1,0,0,9,3,0
35,35,158777.46659638613,30,0.5333866287653626,521,10,9,236808.79277091066,30,0.37287650920217785,2,1,1,8,5,0
36,21,32284.946963736485,3,0.869969159647685,465,17,9,427298.4450955671,211,0.14556750983323574,5,1,1,5,1,0
37,77,170674.2183265453,18,0.1306523438234629,455,12,10,467122.3257233112,231,0.40610998050255787,5,1,1,6,5,0
38,31,98694.81134430383,15,0.790509794274885,483,10,9,466638.09271430364,147,0.11267352663479002,5,1,0,7,4,0
39,26,184792.46191254453,12,0.1248208139668483,389,13,5,66988.86268622964,234,0.5768832749769458,3,0,1,4,5,0
40,70,149875.915001943,3,0.7942106625494054,393,17,3,194116.6718429732,14,0.040951532149479775,1,0,0,6,3,0
41,19,129872.84006143236,29,0.27576756825135695,312,18,4,18973.23602709965,247,0.5273196795998597,2,1,1,7,2,0
42,77,190875.22347039782,22,0.8770905810181889,737,14,0,428306.84576087905,353,0.8863686470955409,4,1,0,6,3,0
43,61,91396.88714936977,16,0.9440420938253978,837,8,6,182584.10220053053,239,0.8378732701193627,5,1,1,6,4,1
44,25,191735.64857713395,22,0.14879596940511564,449,7,7,317402.9288066562,153,0.8827816996264968,4,0,0,2,1,1
45,64,44300.229935817246,0,0.4626756050653935,307,19,8,358874.7268482579,20,0.9220488021271073,4,1,0,5,5,0
46,52,107075.88954783429,17,0.9809873781626851,328,0,7,217773.1115228619,201,0.10452788787569423,0,1,1,3,1,0
47,53,68584.02003059507,30,0.4834074359731466,595,3,4,156688.9565923703,176,0.12874720287571306,3,0,0,7,4,0
48,67,117171.70020347481,19,0.8635475225145451,639,13,2,481295.3905073926,150,0.5570068063131286,2,1,1,4,5,0
49,21,49162.49802048523,16,0.5887315221313199,738,1,9,482421.67138680787,287,0.8939726684244292,3,1,1,1,3,0
50,19,171475.33885580781,26,0.37532990791960186,443,15,10,148271.00217486086,302,0.9743494565240307,0,0,0,6,3,1
51,23,172353.4128766203,27,0.2857835555258702,818,2,8,242414.42288850676,64,0.04626191733999996,2,1,0,6,4,0
52,71,191942.5362902262,26,0.20322309108608727,344,7,5,486557.8585367111,186,0.35577408420066015,2,1,1,7,5,0
53,21,47840.98535898252,14,0.7617981913776972,538,5,4,7409.861789474096,121,0.21289425465999345,1,0,1,8,3,0
54,71,132199.85916289833,10,0.3865405068230279,454,15,2,209275.73294767886,214,0.7559658489312481,3,1,1,3,4,0
55,80,105362.71556606653,24,0.5112754622007512,480,15,5,54726.48709207937,147,0.640193868537032,3,0,0,6,4,0
56,35,81989.07176796198,27,0.4923254800011819,514,6,2,257033.1929534883,15,0.11988803148384541,1,1,1,10,1,0
57,61,83277.2290041594,21,0.5772790292331312,387,12,9,17211.627497541136,166,0.4835220673649715,4,1,0,2,3,0
58,51,94302.8391092154,12,0.8655771456245522,555,12,5,206414.7235383608,183,0.6854405223712914,0,1,0,9,5,0
59,79,146886.59894401155,0,0.9807393435834294,810,4,3,114246.04201874089,58,0.7790053939240377,3,1,1,2,3,0
60,31,127691.49048826784,16,0.40758420857381694,372,19,1,268987.6394170767,105,0.020052709784008527,1,1,1,3,3,0
61,65,102742.6722970036,5,0.8275189221063031,478,17,7,498016.85630484635,59,0.8904695739838898,2,0,0,10,3,0
62,32,33668.013866531976,3,0.7645277946547177,511,14,3,401265.3720377401,251,0.5692813829505244,5,1,0,2,4,0
63,79,33997.76193421228,19,0.5735289514555733,533,17,8,423592.8353540886,358,0.8119091149599047,1,1,0,9,2,0
64,57,20421.090312640088,15,0.9560471436119331,764,1,6,319456.168742745,224,0.8079380300142834,5,0,0,1,2,0
65,70,194185.88987727556,14,0.20047451552840279,522,9,1,25572.124894767985,351,0.18985266027096914,4,0,1,5,1,0
66,41,20945.687340509285,26,0.10926421030962141,563,12,3,107364.84964185134,335,0.1101721202536331,0,1,0,1,3,0
67,43,38556.87428247408,14,0.8539619669554221,506,17,4,462906.9554412922,150,0.7212872689738267,5,0,1,5,2,0
68,77,76627.38022569395,5,0.4391498166337483,665,14,2,186225.99337473186,216,0.15642691882161908,4,1,1,8,1,0
69,58,165337.44532701702,14,0.8469688542070605,575,11,8,56300.179607993814,84,0.8499374914047237,5,0,1,8,4,1
70,46,193177.78143754118,13,0.8930902051954149,679,14,4,352690.65610376996,15,0.7261894838621051,2,0,0,8,3,0
71,32,162202.4405825341,27,0.06245759361907144,608,12,1,153231.57334745605,87,0.8418253643652626,2,1,0,2,5,1
72,62,144300.84184021532,10,0.8834647629860607,567,17,10,138084.171887565,340,0.2990126796093461,2,0,1,8,4,0
73,82,113834.12013444249,6,0.4483190553694222,363,14,2,498998.8405013389,88,0.31659806041056904,2,1,1,5,1,0
74,26,35606.93813519305,8,0.5104324890042322,649,10,8,429778.7678881939,315,0.6712215563463176,1,0,1,1,4,0
75,18,192470.74274070747,25,0.6265925110932102,793,18,6,206929.22009208132,267,0.03144595505894754,2,0,1,7,5,0
76,25,156510.63451022268,15,0.9263826067300868,822,2,1,490229.29786916706,113,0.7264967463374227,2,0,0,6,4,1
77,80,135010.88936016714,4,0.01911609442976403,397,6,8,326806.0455925107,117,0.8357830708546012,1,1,1,5,1,0
78,28,156626.45219699296,24,0.4768434683178171,370,20,3,372301.1136804813,344,0.415163586604104,2,1,0,1,5,0
79,25,150338.59926916496,19,0.6877220424305607,663,13,8,20598.956325694737,50,0.7648788300884687,4,0,0,1,5,0
80,52,134701.68436210766,28,0.7227069576982285,575,13,1,65194.603377288266,325,0.17461091698226194,4,1,0,6,4,0
81,52,196503.82403239788,9,0.692532431537108,349,12,9,318377.13761563797,286,0.3222603938194847,3,1,0,10,5,0
82,50,182605.4862744845,17,0.13443512940812186,657,11,3,450016.87141149456,99,0.9743049631104774,4,1,1,7,4,1
83,22,136399.68544108942,2,0.29939558837168123,784,8,4,313753.14441335987,222,0.9863281735601263,0,0,0,10,3,0
84,58,144771.53806224646,12,0.35871552541701346,383,0,1,71342.32268790093,88,0.512605053021588,0,1,1,10,5,0
85,45,29287.245198567798,10,0.804437207679505,595,18,9,62301.222891930694,88,0.9342697914638769,0,0,0,1,4,1
86,24,140585.14361900705,16,0.278759872414553,535,10,0,422872.0184329204,39,0.5227306780568546,1,0,1,9,3,0
87,29,27949.77878781803,29,0.21070496386720317,355,18,6,73954.65766041758,256,0.2915881281611573,4,0,1,4,5,0
88,51,125887.47625458759,29,0.9574480190380962,659,17,9,262514.82044949254,77,0.26689928809877184,0,0,1,5,3,0
89,50,199883.62992185028,21,0.0088632851134689,409,11,0,23371.093381339626,277,0.9295057053681488,3,0,1,2,5,1
90,65,120045.18465869233,12,0.9978208556819782,491,0,10,44931.5348586328,216,0.1724463889738591,1,1,1,10,1,0
91,40,105177.82125464002,5,0.6768212988573956,392,18,10,337812.3924832181,69,0.5796324582018182,3,1,0,8,1,0
92,79,76313.87417100577,16,0.8284692994491171,359,19,7,346144.79816162074,212,0.5555250680627196,4,0,1,2,4,0
93,54,41694.064181563605,26,0.29461939634619316,338,16,2,174027.356271179,236,0.7396216846529949,2,1,0,3,2,0
94,61,151584.2608624907,12,0.014315277667059978,839,4,9,111726.83379530716,153,0.49924290752477474,3,1,1,9,1,0
95,52,54667.825001413476,18,0.73786951856153,348,2,5,407786.58402486745,95,0.2722856607081342,2,1,0,2,2,0
96,82,40750.76382451119,20,0.8341445970006758,719,1,6,112466.09858759573,154,0.16939649963157855,1,1,0,6,3,0
97,64,95917.27875149225,18,0.7404761319535191,312,2,9,273303.399484858,44,0.6208188035058918,3,1,0,4,3,0
98,20,163161.53083263754,9,0.1428502873008386,335,7,0,484263.3762271382,163,0.7189907568532331,3,1,1,7,2,0
99,18,154111.61866163966,2,0.7534279222569691,400,15,5,78186.95674187997,169,0.5695212786820326,5,1,0,6,4,0
100,22,29878.870636365486,13,0.768922782107641,385,5,6,470733.75240988086,152,0.7383512771211947,1,0,1,10,5,0
101,31,101925.8633065081,25,0.6585405156700549,815,12,5,95532.06126899099,262,0.14152120244996014,1,0,1,9,2,0
102,44,114038.22369281041,18,0.7661159327955862,522,15,3,285884.38797149865,314,0.8824701949431355,0,0,0,9,2,0
103,26,136018.397112648,4,0.8459214396777321,637,15,0,191618.81741957858,123,0.5823955084085031,4,1,0,10,2,0
104,32,137030.12307978107,28,0.6136041142374584,465,2,10,482639.6577434038,155,0.12684392689259716,3,1,1,4,2,0
105,59,85645.50490231505,4,0.08860471396967906,682,12,8,140403.30435595877,220,0.461925204205735,3,0,1,1,2,0
106,68,120921.89492063252,19,0.48762780966721087,675,13,3,202830.71103244805,235,0.8447917378659114,1,1,1,2,4,0
107,80,106591.13909193556,16,0.07764933467160506,770,7,6,491515.75833843317,54,0.8975621934531601,1,1,1,8,1,1
108,69,179299.70417419059,20,0.40754303103243084,330,11,6,270552.8436382942,275,0.2646495049987615,4,0,1,10,5,0
109,21,115447.72387428203,9,0.40710648912562764,674,20,1,253801.90723252046,255,0.7112658247104531,1,0,1,8,1,0
110,40,99385.7891146691,4,0.06600984414024158,310,7,0,132600.3516609757,14,0.09998524748377668,2,0,0,2,2,0
111,32,92807.38094273313,3,0.3488205339694793,601,20,7,352174.9623536685,136,0.03354587141215781,2,1,1,4,1,0
112,60,123036.99669802382,5,0.11099809879131484,395,8,7,12114.611129999932,279,0.5603989538199428,5,1,1,1,4,0
113,46,164715.85629216157,25,0.8082352100092222,489,0,6,29508.751702635298,95,0.6948275793281259,2,1,0,7,3,0
114,53,116912.26826854175,3,0.9476880259644708,752,5,7,301682.50063222233,27,0.795786731176502,2,0,0,4,1,0
115,30,139097.93151449747,29,0.0723164752579386,491,18,2,174128.91404013478,345,0.34021623845533466,4,0,0,8,5,0
116,49,152814.03804317449,6,0.9551152072917014,785,10,10,476891.60423947545,70,0.006525410428886991,3,1,1,9,4,0
117,76,113630.25977817173,6,0.5225765993367452,565,10,1,452079.3919077789,188,0.4795192371113538,2,0,0,9,3,0
118,45,96827.07019787558,17,0.2995656779538739,723,12,6,358284.5980449701,74,0.01585354537356698,5,0,0,3,4,0
119,83,177799.7680152409,2,0.07686207527616351,427,10,7,409982.0626582617,60,0.09198451067079993,1,1,1,5,2,0
120,59,95151.09512502058,0,0.5006242680704178,537,17,0,335329.2655855082,318,0.32668902253174836,2,0,1,6,3,0
121,62,103149.71310360577,23,0.7945155444907487,654,14,9,67163.14084152953,257,0.4371720495601772,5,0,1,6,5,0
122,79,198261.43640151987,24,0.7070864772666982,411,0,8,383943.9679961553,300,0.27946944122964856,4,0,1,10,3,0
123,74,20042.754243659223,3,0.05022601146397376,745,20,10,109045.02451582896,297,0.5818652665047078,1,1,0,8,5,0
124,23,53385.123723810044,5,0.07290183536790351,642,6,3,165104.2132745974,343,0.05534978921809519,5,1,1,6,2,0
125,45,89113.50018555063,8,0.4028732826326371,444,12,3,410520.934990698,26,0.1445797102395847,2,0,0,6,5,0
126,45,187866.18369654551,21,0.2952904940479433,364,11,2,270580.17615475686,349,0.6952584007554335,3,1,1,4,4,0
127,61,32605.347034544786,13,0.23238432305604784,546,17,5,430670.65352078754,266,0.14214085359791773,1,1,0,7,1,0
128,47,21707.378053129654,27,0.2810044989087136,789,18,0,110452.48332241576,103,0.6397752015704224,1,1,1,8,4,0
129,79,29483.090475901146,11,0.8034827432968846,738,14,5,305850.32711040915,290,0.054684620753365554,3,0,1,3,4,0
130,79,35937.81391045127,27,0.9292280536318539,405,7,1,46476.5314113895,217,0.4073822791191404,1,1,1,7,3,0
131,18,26767.419177126954,24,0.4051026945275664,480,18,8,323315.19180231466,105,0.17740947012118236,2,0,0,3,2,0
132,44,106360.63883417085,30,0.9061110021324971,483,9,1,382454.3486988897,236,0.10963628253518642,1,0,0,8,1,0
133,79,124536.29730091899,19,0.32149570124788196,525,6,6,294540.79251946724,312,0.5670327835012275,2,1,0,1,5,0
134,20,68903.65479242074,23,0.4764369863437916,388,17,0,136784.59324191106,329,0.9283357720056218,3,0,1,1,3,1
135,44,91691.7291156144,24,0.22602899781599972,829,15,6,20514.621085139028,210,0.054787047923548826,0,1,0,6,2,0
136,26,36505.880320057426,3,0.640476042175844,670,19,4,64127.19756232145,282,0.4215542482180342,3,1,1,10,1,0
137,79,80546.68348911597,20,0.9789811151748089,698,5,7,313039.974641643,245,0.7075354377454437,2,0,1,9,4,0
138,54,114053.45449421415,29,0.6034930960433786,405,8,3,467538.0073370443,57,0.462687831687827,4,0,1,4,2,0
139,68,151808.92529323613,23,0.35781408411354887,570,20,9,107234.52996614316,75,0.8064959461052452,3,1,0,6,2,1
140,61,20602.34516773626,11,0.6478174459905284,802,12,6,368837.94380702387,241,0.17964531586413168,4,1,1,5,2,0
141,41,104115.93797677747,9,0.12292067846538757,824,20,5,433893.2763082756,260,0.9595942050277405,4,1,0,1,4,1
142,76,73460.5177618788,29,0.8886590802653986,331,7,4,262836.67833151796,257,0.3851626277725405,2,1,1,6,5,0
143,49,173507.92790454224,21,0.5030839507798364,692,15,3,336286.5689426106,86,0.3415696329442751,2,0,1,9,3,0
144,69,148799.59674216353,27,0.44934974203964206,339,12,6,408432.5817546933,168,0.8746057945031659,0,0,1,3,5,0
145,79,126039.53620476107,6,0.5858647884535192,517,12,4,134034.20308159382,234,0.5638670318917666,5,0,0,3,1,0
146,75,69907.81622541924,2,0.6247838627894025,381,16,4,151963.35876268128,201,0.5164443419028215,1,1,0,2,3,0
147,69,183861.03837035617,22,0.07177580622651303,500,19,0,5310.620731085804,63,0.7269779195284309,3,0,1,4,1,0
148,29,28118.121899658174,27,0.6826172212234024,746,4,1,481731.59479441226,99,0.5798342382810904,2,0,0,10,4,0
149,56,39704.16776224073,13,0.24193168031552958,727,20,4,459184.7228251907,324,0.16251564475711533,3,0,0,3,5,0
150,19,90493.42529726408,23,0.7139526325065898,337,16,2,383461.290560918,350,0.6741976228649297,5,0,1,2,2,0
151,20,42398.76031343415,9,0.8225347943841967,510,8,1,44142.63038344082,77,0.13346887928212847,5,1,1,1,3,0
152,73,192154.8255606965,15,0.8039585075525203,743,1,3,226513.9304012565,161,0.805857705334062,4,0,0,3,2,0
153,76,163638.077985809,15,0.5525009674078891,626,17,3,55436.41821591864,31,0.989736597712271,1,0,1,10,1,1
154,19,66616.87728832646,21,0.5201698923107512,526,8,3,12880.532295085308,44,0.3773876249747763,0,0,1,6,2,0
155,19,125939.76121518417,30,0.14287596133941172,347,5,3,310010.56778023567,339,0.44475589820201256,3,0,0,9,2,0
156,71,196819.4927144147,9,0.7753461504031356,317,10,2,480610.56145469326,292,0.04643365548281231,1,1,0,5,4,0
157,18,179155.81606367053,24,0.27140938044671437,738,5,6,451919.6715989143,57,0.013733188082578285,0,1,1,3,4,0
158,36,128143.72035959565,12,0.49669542281794654,486,5,8,349893.63339302514,84,0.9214193348763277,3,0,0,5,5,0
159,19,182670.31409154867,5,0.2842740929275167,644,12,4,52837.08916161135,324,0.12862406043919206,1,1,0,5,1,0
160,70,198053.2837664046,11,0.13382836299969314,523,10,3,140711.19864778855,354,0.44577874755947033,2,1,1,5,4,0
161,61,153803.50812085235,8,0.6295576968917366,787,13,10,163428.07980821902,144,0.8153546238555615,3,1,1,7,4,1
162,49,31697.553706920924,12,0.05433203482290383,528,1,1,382759.2785840528,66,0.8893187599283195,1,1,1,5,5,0
163,49,92284.44255658775,3,0.7486452341262,689,7,1,402113.34372138145,72,0.5193976852834676,5,0,1,7,3,0
164,85,170808.63235098417,23,0.31758679526111666,487,2,4,195627.5308800106,356,0.5650325249759498,0,1,0,9,5,0
165,72,61502.45524490342,10,0.00013469300448532007,569,20,6,211852.57832571678,19,0.6696839724632725,1,1,0,5,2,0
166,73,169515.65319511242,19,0.5111291392372298,609,2,9,27031.97444170481,283,0.9613824701437153,2,0,1,2,2,1
167,34,41660.97716629927,17,0.046851908527603126,431,0,9,148122.67561728667,257,0.6026699609445051,3,0,1,5,4,0
168,55,28450.16428660634,25,0.27616955782089947,850,18,8,228386.16270293176,187,0.5594752594563462,3,0,1,8,4,0
169,41,89136.31006842492,10,0.7069764874557162,371,17,6,62906.6079607025,127,0.014534135265990678,3,0,1,4,5,0
170,28,26611.748736790454,24,0.06268962162186587,486,16,4,229367.39307373555,328,0.08094970202235607,2,1,0,2,5,0
171,33,192308.6473369986,20,0.8393384923560023,785,19,9,427322.02706761117,282,0.5771716266239962,0,0,0,10,1,0
172,76,168717.02524291386,3,0.003819922658583108,490,12,9,292753.90476390143,204,0.9362403878072032,3,1,1,3,2,1
173,20,164138.5436833775,17,0.24682386920190225,721,2,9,44070.2782440141,161,0.866691348399395,0,1,1,9,5,1
174,37,133360.02613930756,0,0.7409040561520714,419,0,5,99877.30282098579,142,0.9825789229922046,1,0,0,9,3,1
175,76,58938.32414657963,26,0.3162701497293068,519,3,10,239899.45332848534,113,0.527834037561274,5,0,0,8,1,0
176,53,113286.86600175059,6,0.10189238806601353,352,12,2,183936.13916179698,321,0.7879309384377668,5,1,0,8,5,0
177,36,127509.33303746139,5,0.3602339188004279,750,16,4,182569.8746753189,281,0.8404003314893405,0,1,0,8,4,1
178,84,114505.67015484827,30,0.27039328638452553,711,10,7,266987.38683107716,303,0.6480316573308618,0,0,1,8,5,0
179,36,66842.00623127492,14,0.8427119021605549,536,1,0,294275.9811867814,221,0.33874990421450724,5,0,0,8,4,0
180,37,112744.62637665066,17,0.31334791758514313,705,15,0,399446.4772867146,349,0.46997843465779443,3,0,0,1,4,0
181,69,108413.54135635278,23,0.7889324717760072,721,1,6,173778.4489139299,78,0.8579170722435677,4,1,0,6,2,1
182,50,199340.43964521037,10,0.8918721448107347,546,18,4,403705.81010509044,21,0.29854792598216395,4,1,1,9,2,0
183,57,181538.5066483167,19,0.43381741957652953,371,18,4,172612.5584107531,60,0.9237431312666485,2,0,1,8,5,1
184,56,103408.53467881159,23,0.909943143854392,484,15,0,32439.329525910747,122,0.2298063414226651,5,1,0,3,5,0
185,18,132128.72892832136,14,0.37731805396319285,305,18,8,279322.8872473716,332,0.7495164151567807,5,0,0,1,3,0
186,28,154616.88873660113,15,0.9640784164901082,505,8,0,296011.6508229332,230,0.6305592343457384,2,1,1,2,1,0
187,74,26275.728842088483,6,0.08928952452557293,843,0,4,467597.42158282077,68,0.7495994411207623,4,1,1,2,1,0
188,67,181085.85942101118,20,0.6870192665032427,686,9,9,364400.35640092485,294,0.4373475724325948,1,0,0,7,5,0
189,40,174822.82695522628,9,0.49381404045692867,375,18,8,459297.46298474754,124,0.9326410625539846,3,0,1,6,2,0
190,48,102337.77759926731,25,0.38764880545564706,476,0,3,454631.8690702897,144,0.6324722024114774,3,0,0,2,3,0
191,59,90410.55789446837,11,0.6327118787486009,648,1,7,304264.18457782984,82,0.2882958045542563,1,1,1,8,1,0
192,24,69132.68747413669,23,0.7038570916343312,554,15,5,266242.22234154155,94,0.6384550706521437,1,1,0,9,5,0
193,33,105801.82909946631,13,0.004363269650309087,607,11,10,280933.278745982,68,0.2868157472070312,4,0,0,7,2,0
194,77,27987.79943598262,24,0.16695308874719872,644,7,2,489273.74980023765,360,0.2936323917598742,2,1,1,4,2,0
195,19,173394.8360024614,4,0.7130460506343187,426,17,3,387718.00741474464,282,0.3995985116208679,1,0,0,1,2,0
196,18,26376.026315338113,25,0.6663854135782065,586,1,1,57601.62287223594,122,0.852430417569119,2,1,1,4,4,1
197,65,79229.24576657679,20,0.9660475051286772,786,12,0,390322.0613567929,87,0.500297874393992,0,0,1,4,2,0
198,29,187686.10789741817,17,0.761037790250783,682,5,7,89416.33420462182,169,0.6789008422302074,3,1,1,8,5,0
199,54,152338.27781422148,4,0.950772707731338,705,20,0,226438.5217577847,31,0.391967740274463,4,1,0,4,3,0
200,49,70650.37290395482,2,0.702540501534807,687,5,10,109177.53772738446,142,0.26360543980688145,3,1,0,4,5,0
201,26,65476.83691295931,22,0.29805220863944315,824,8,0,346343.6174389488,340,0.9546401607162314,4,1,0,2,2,0
202,36,20914.785167244674,25,0.10536492225085647,575,15,3,439268.31941555266,133,0.6035812471230626,0,0,1,10,3,0
203,65,145228.57271295504,4,0.7818238633449356,799,10,9,148729.13325650708,52,0.9339513385827183,3,1,0,7,1,1
204,20,28781.04470117116,23,0.6441492214759159,636,6,9,45595.31689805288,178,0.20341300219831504,0,0,0,4,1,0
205,37,115868.45349213718,16,0.04818601239329623,780,9,5,152754.08354710683,141,0.14689416391293275,4,0,0,6,5,0
206,41,193181.95506656897,18,0.36005046590097833,572,9,8,337819.11967643624,34,0.8558229071239036,1,0,0,3,3,0
207,71,39704.3948098017,18,0.9567998154842862,357,19,0,167736.26313945273,290,0.6809172126172515,3,0,1,7,5,0
208,50,181006.38757425215,24,0.5004011457102012,627,17,6,142665.5229391327,262,0.18657849925364134,0,1,0,6,3,0
209,41,198465.56032610868,20,0.43272913601970464,408,19,9,96295.41933921115,20,0.26935970066353776,5,0,1,3,3,0
210,53,31073.064723062307,11,0.457699605159294,578,8,10,251270.6313028446,24,0.8006639415253112,3,1,1,4,5,0
211,55,178923.12844474302,24,0.20888272400516372,627,14,4,141594.66993780786,318,0.4538686199959361,3,1,1,10,3,0
212,42,112894.223679851,28,0.3687071708647952,614,3,7,366850.12282404414,331,0.6705405065060909,3,1,1,5,2,0
213,35,183172.4695000244,8,0.3698132559871766,773,7,6,42928.08898614034,63,0.3183520221360109,2,1,0,9,3,0
214,83,122837.40954552333,0,0.0523550201874724,410,8,3,333696.3513901022,220,0.3812299527748767,0,0,0,6,3,0
215,71,139180.16181918164,17,0.7675676285179183,528,12,3,122592.20721104609,49,0.990712558623105,0,1,0,4,5,1
216,52,117880.20343953186,20,0.416504431903879,796,8,5,247193.23422054356,111,0.24761708717471853,3,0,1,7,1,0
217,78,175608.71845532273,3,0.8221798868164233,455,3,5,146614.511405474,204,0.506456377036514,1,1,0,2,4,0
218,58,152103.78541166632,30,0.8503480011198954,772,16,8,362770.4946253438,202,0.8444023431905322,3,1,1,4,3,0
219,50,113826.85619247469,9,0.21199405469865806,571,15,4,472926.9849245602,62,0.23922321366585797,2,0,0,5,4,0
220,85,176268.94472927845,24,0.6573534821701286,301,14,7,458953.00583755755,152,0.4152137566843307,4,1,0,4,3,0
221,50,64151.39580596022,6,0.4722818041629817,810,2,4,293795.9764963251,179,0.6150912873699883,2,1,0,4,5,0
222,31,48321.31874645468,21,0.8801567379214851,585,19,1,233992.1001122043,322,0.4811881514751025,1,1,1,9,5,0
223,38,48872.01895941298,22,0.21574067917645412,312,4,5,410058.752172494,120,0.45950226657031745,3,1,0,2,3,0
224,65,80121.59817414283,0,0.6778132003100442,797,4,8,343246.54950072634,218,0.3625097313221236,0,1,1,6,5,0
225,37,62964.205634183156,16,0.6077521222527226,537,19,2,95864.23653738176,311,0.5866463277749251,5,0,1,8,5,0
226,25,187416.26309175295,23,0.2953014775718328,393,14,0,411355.01073843514,121,0.6243726979236103,3,1,1,8,3,0
227,24,39050.13688914512,28,0.1366009036511726,637,17,0,217297.77275038155,207,0.6532895409013626,1,1,0,7,1,0
228,84,145818.33284712577,28,0.6516397604772766,470,14,2,98547.90168573167,163,0.07036810790602932,0,0,0,10,3,0
229,34,54059.87716130106,1,0.7385974581323307,766,1,9,144489.68844626375,254,0.6310341757120489,2,1,1,4,1,0
230,50,178694.68389866303,27,0.31562734376335,442,12,4,137425.87997292946,139,0.9532371787812328,4,0,1,7,5,1
231,65,193036.75187328333,25,0.6448326040223138,500,3,2,262007.45242871274,116,0.5409862355280837,4,1,1,10,1,0
232,76,103784.60157859704,10,0.39513090761150327,479,9,8,121013.19488554838,21,0.7152670825092443,3,1,1,6,5,0
233,39,178232.8664410637,8,0.7132068832826177,663,12,7,66165.4112637802,159,0.5567323077592178,2,0,1,6,1,0
234,47,20926.13073584866,6,0.1992152748940531,778,9,2,66226.97105381156,151,0.8547406185919787,5,1,0,2,1,1
235,55,167590.445133458,21,0.8902150026361744,770,8,8,293721.7175838528,201,0.9295830945975689,5,1,0,8,3,0
236,68,61152.529074486236,16,0.28740959646557973,683,7,5,368705.8479804424,105,0.1842198992963593,1,0,0,8,1,0
237,71,183566.23566848622,16,0.3677859877561529,716,2,6,164158.8393749787,240,0.4368600365571266,4,0,1,7,5,0
238,25,20201.62006641971,1,0.058091952080349785,607,15,3,22152.101357938453,74,0.3923821009327213,2,1,1,9,3,0
239,44,120112.71230715625,5,0.1115122123212764,666,13,3,67976.31903382031,351,0.40521512329927867,3,0,0,8,1,0
240,44,156194.44468128824,13,0.5158619027123281,300,8,1,457773.8073668433,36,0.1255241812278759,0,1,0,9,3,0
241,38,66563.89952562343,5,0.2675926767279715,343,20,4,249304.11149677925,279,0.8136157259807193,3,0,1,9,4,0
242,47,54763.915625712754,1,0.8354802257421944,397,10,7,229518.5407595115,292,0.03576624301493525,3,1,1,6,3,0
243,45,35137.68040423724,0,0.014693388654953843,564,2,6,23834.343263495004,22,0.5282266077271569,2,0,1,2,4,0
244,81,78758.04377059273,9,0.3790940486719362,439,4,6,365675.326046865,331,0.6618783880446912,4,0,0,7,4,0
245,78,120771.97621558931,20,0.3373455467690927,780,9,5,266393.70006137906,212,0.2074694380588772,2,0,1,3,3,0
246,65,40851.89422044638,4,0.019327630917601035,536,12,2,105030.06336282779,137,0.9058501920987956,0,0,1,7,5,1
247,36,87805.16515762378,1,0.12436839900051022,371,3,4,59486.51128962331,317,0.8385492070247931,2,0,1,9,5,1
248,21,21633.032837490493,21,0.41364267491863527,489,12,0,194776.99249783927,201,0.4710837294839253,1,0,0,10,5,0
249,52,167362.2956899715,15,0.49286458444744663,567,11,6,419395.1722765377,100,0.4111489323401387,3,0,1,10,2,0
250,81,43120.769256774445,24,0.4042897472548691,620,4,8,433320.8068045071,127,0.23656792521110004,4,0,0,2,4,0
251,66,71001.7306878047,1,0.5309376784120938,406,9,0,303408.95829584,188,0.7299932246449636,5,0,1,6,3,0
252,34,23316.989372879143,9,0.5951316749056815,531,8,1,365130.5314789206,25,0.13174379963196414,0,1,1,6,5,0
253,61,97803.34110065221,1,0.00992382112783563,341,19,2,62002.114764420825,268,0.680237753843783,5,0,0,9,5,0
254,47,171221.87049341938,15,0.4640951594535039,438,6,2,296122.40240658814,220,0.8424569861184136,3,1,1,9,3,0
255,63,90587.21806013539,15,0.9634992408875883,572,1,7,335148.02322615497,292,0.22847157591702372,2,0,0,5,4,0
256,23,52309.51821629002,18,0.5190322801295487,780,6,6,104352.85724232714,339,0.8664274028987562,5,1,1,5,3,1
257,54,155665.79012909345,28,0.6775422674589532,715,7,5,440676.59279057814,336,0.033323199439508455,1,1,0,9,2,0
258,41,161985.25673673398,6,0.3118638579168832,805,6,9,101523.38507290478,116,0.9127873853865254,2,0,1,8,2,1
259,63,51275.62555536203,21,0.7739913781527625,723,20,9,160171.29312399295,158,0.11836222785129802,3,0,0,7,3,0
260,70,158753.73953737816,11,0.7729214818761151,706,13,10,312175.639276612,290,0.6457591779380326,5,1,0,8,4,0
261,77,190513.61988614083,23,0.521296047654139,689,18,3,320983.2822397117,20,0.2500824689139418,0,1,1,6,5,0
262,80,49947.96564780902,14,0.9760138232792136,641,4,8,351195.4467887468,129,0.8365523911696138,5,0,0,3,2,0
263,49,158777.17265578438,7,0.12555021476265338,792,17,0,60445.797968761806,105,0.5123003609154665,5,0,1,7,2,0
264,50,147542.96082847327,5,0.016947664889580993,491,19,10,425484.8928146349,155,0.13524119124650136,4,0,0,8,4,0
265,84,105243.29991831593,27,0.770158211757096,798,11,1,268759.3304802136,300,0.5709915713259784,5,1,1,8,2,0
266,35,30425.68290058369,26,0.8071555373648825,532,16,3,238304.28808200883,25,0.40788261019698313,3,0,1,1,2,0
267,42,33444.99519641372,9,0.12020722912057624,526,12,2,490643.32413418725,268,0.6614478166131011,0,0,1,7,4,0
268,71,173434.63865575657,2,0.2655828329586061,670,1,0,371487.25698580476,357,0.8819032847634595,3,0,1,3,3,0
269,75,198226.70709511646,18,0.01755236336662891,438,12,4,63412.98317659056,197,0.40938913118341846,1,0,0,2,5,0
270,84,141689.40629361582,30,0.2933086107805647,448,6,6,379486.88777698914,356,0.28988067953385965,2,0,1,2,5,0
271,63,100272.49526185787,16,0.7731418739186715,414,9,1,52148.2223165704,218,0.014515094527608796,5,1,1,8,2,0
272,41,136563.25581234338,6,0.5179605277125789,749,5,4,18597.9284439275,357,0.5748390378598749,4,1,1,9,5,0
273,49,126991.25466113815,20,0.3480955931682881,362,2,5,204794.81815859908,183,0.40227476743143353,0,0,1,3,3,0
274,64,89050.20687301192,19,0.3717392949063303,403,2,10,496821.19554551324,281,0.3746492190148287,4,0,1,3,2,0
275,40,31812.70602332233,25,0.0013536257154681541,572,17,6,91567.54841645701,232,0.18293532128421253,4,1,0,6,5,0
276,83,167872.33053333938,30,0.2998005275652359,305,10,0,337958.95004576107,163,0.4300553451912743,4,0,1,10,1,0
277,44,86930.03526297043,3,0.6464587416379305,446,19,6,90831.05277202908,122,0.9844419535833683,5,1,0,1,1,1
278,19,167381.41580427685,13,0.9741944438163571,483,4,3,363769.5526044011,194,0.29775415367224434,0,0,0,6,1,0
279,34,65451.574943908796,19,0.8470608269838995,327,18,7,255150.06577772394,350,0.5997044134081002,0,1,1,3,1,0
280,50,20185.30637221401,21,0.023594964645529126,849,18,3,341585.9964942413,83,0.7764868813156668,4,1,1,4,1,0
281,26,48608.89098981617,14,0.8985606046748393,418,14,5,105422.22207754612,294,0.7491578231765317,2,0,0,9,2,0
282,60,104337.09501834518,23,0.7831984132986259,592,15,8,374086.0245976485,85,0.32877428749259074,5,1,0,3,4,0
283,65,189974.65429240937,7,0.7803761235709804,670,8,4,497831.43451323983,226,0.6108600835168504,5,0,0,1,4,0
284,56,38394.851544869416,20,0.4579957590035715,543,3,3,334496.9978098501,339,0.8712646852701572,3,1,1,3,2,0
285,59,173757.75940308187,14,0.3980052929545028,517,14,7,249272.59904607447,34,0.015447427733077945,5,0,0,7,2,0
286,43,114864.33731813518,21,0.3029157288331926,476,11,8,461971.1243665361,79,0.43573435684330764,4,0,0,7,3,0
287,67,168665.7378439814,19,0.06569485895436578,598,2,3,12846.661904778768,104,0.22427341824190528,1,0,1,5,4,0
288,42,73707.39757819867,27,0.2282353634936991,357,13,2,366312.14204648143,332,0.38863229039883895,4,1,0,1,1,0
289,41,171190.48964104493,13,0.24660363497802462,568,16,7,444929.5258228374,335,0.41598960797524165,0,0,1,8,2,0
290,30,159108.10040302482,26,0.4840770697102016,607,18,4,35528.91889237394,74,0.746670964786637,5,0,0,10,1,0
291,77,61409.66294565811,28,0.747444406596694,587,5,1,227781.76435580032,235,0.09382187239544315,5,0,1,8,4,0
292,24,43640.32275368805,8,0.4738098283979466,404,3,9,106336.12970524946,236,0.5125839031325105,3,1,0,10,5,0
293,74,176249.77805581273,7,0.057844449447160606,527,6,8,285426.4919659759,357,0.5641947917987453,1,0,1,10,5,0
294,53,193382.59761922373,25,0.9577898009882039,546,18,2,326523.76450881193,348,0.4941576035518044,5,1,1,10,2,0
295,62,25634.416474552923,27,0.9427243190941123,793,16,1,154798.47554973373,114,0.7318732530627201,3,1,0,2,3,0
296,37,151628.6120552634,25,0.7851895431484084,382,15,0,232690.9264906599,226,0.3837912559068474,3,1,1,10,1,0
297,82,183714.4119706073,16,0.9913279015642206,485,14,7,143273.04521189694,203,0.9449670636400761,1,0,0,3,2,1
298,25,174324.81657664976,30,0.5444823328002629,551,7,10,187848.6264052813,171,0.48180344253894136,4,0,1,4,3,0
299,33,193613.68500863755,1,0.9627683502532061,654,18,2,83972.27856076967,218,0.5712139096147976,4,1,1,1,1,0
300,31,156816.9341188575,24,0.07560504061675077,509,7,6,443351.92457488755,280,0.8255308233467494,4,0,1,4,4,0
301,32,99613.77722856385,23,0.3656807482613713,746,17,0,9955.153226772532,205,0.27523610593112247,2,0,1,5,5,0
302,83,76151.35828912348,29,0.22538126800676583,759,15,0,441792.54728967533,163,0.07520202876280246,4,1,1,3,3,0
303,49,77733.69327886295,2,0.19583308413427003,771,19,8,287981.04478312057,248,0.7077839783624825,1,1,1,10,1,0
304,80,150396.08107054105,7,0.14080294889267608,669,18,7,169170.63286762364,99,0.48301185554837867,2,0,1,2,2,0
305,68,154250.66216557357,11,0.6224136415659967,791,9,2,362913.27710286324,22,0.8965042509589948,4,1,0,6,1,0
306,42,56064.64583876828,0,0.7813218557473051,436,16,5,256337.31517201883,198,0.9826800487224341,2,0,0,8,2,0
307,75,176262.10642829558,9,0.5782983994203607,666,12,10,252058.78576326522,225,0.3991093505747292,1,1,1,7,5,0
308,80,148686.32723640458,19,0.14696270958820967,483,12,2,59520.43004488839,26,0.41543901625966084,4,0,1,1,5,0
309,79,121295.05154180888,2,0.8111237699334709,586,6,3,197810.4328429773,277,0.40796260220572644,0,0,1,4,1,0
310,39,104875.84281845229,5,0.6359547071637285,771,9,0,124326.85119908463,308,0.32455410973092613,5,1,0,3,1,0
311,75,117781.90504219246,6,0.3881657061269955,674,1,4,12769.473270158425,84,0.7816870977663974,1,0,1,6,2,0
312,75,48664.23289026761,19,0.674130295536063,836,3,0,183249.31723714605,63,0.7589957624907276,3,0,0,9,2,1
313,66,56666.224869729354,22,0.25990497924283285,810,5,0,49461.95406567435,139,0.47864487055052485,3,1,1,9,3,0
314,69,36409.6082731145,24,0.3451922084942105,549,17,9,132130.86867396667,39,0.04466121637889875,1,0,1,7,3,0
315,59,47658.44686900028,26,0.9174858431319902,809,5,10,50795.72748563175,76,0.3095593015130734,3,0,1,9,3,0
316,32,101664.85422895088,17,0.2905045056714204,372,16,10,54966.10465041743,28,0.2923030465548375,1,0,1,8,1,0
317,71,115463.7908710861,10,0.4699882681579366,581,13,6,103510.5907355182,149,0.8110872462002584,0,1,1,5,3,1
318,77,23215.140646097487,18,0.8901411373960146,659,10,5,499925.37602076813,330,0.08757557341617472,1,1,0,9,1,0
319,25,163423.60901552497,4,0.7077213502675275,309,18,1,6081.150714338142,240,0.8056753790427041,4,1,1,7,5,1
320,70,72950.23520182603,18,0.06220322616470275,510,1,10,321142.9548796006,265,0.669183652199143,4,1,0,5,4,0
321,77,184130.486292784,10,0.14730304427897034,451,2,1,74915.63052314588,221,0.7324414591304492,2,1,0,8,5,0
322,22,194152.02745047997,23,0.007841590771916818,304,10,10,460710.927671834,305,0.4322131875850235,3,0,1,7,1,0
323,85,53382.59744179778,11,0.6309217902291634,494,5,6,51348.28220014647,242,0.6797257960017582,5,0,1,9,1,0
324,23,103177.51233781892,9,0.4476734254104183,582,13,0,477756.2776274871,252,0.6090289447069158,3,0,1,10,4,0
325,64,20221.73032995666,7,0.13427485090227553,763,18,1,307408.5618043216,81,0.7689801952286295,1,1,0,1,2,0
326,72,127698.90772203685,23,0.9579341210567704,412,15,7,5627.698073167672,115,0.44676983446825214,5,0,0,9,2,0
327,57,129315.16068728082,27,0.5296597239456199,570,20,5,447533.562968819,215,0.4728256248963024,5,1,0,7,2,0
328,69,64557.192008607526,27,0.24189329411288918,462,6,1,263247.34167662455,64,0.6435762227398202,3,0,1,1,3,0
329,33,120514.28106497563,8,0.5006035711547075,759,7,6,135021.51898858984,341,0.1080774936663883,5,1,0,1,2,0
330,30,60597.22563987238,3,0.6796203327351078,404,18,3,384803.19287023693,65,0.4362444483643173,5,0,0,5,3,0
331,47,48948.58443407421,4,0.07623921797356448,581,19,1,463699.44917400065,287,0.9719508452598056,4,0,0,8,3,0
332,36,137273.50402440765,20,0.274703815047892,461,15,5,244426.95745766297,346,0.03755232006004561,0,1,1,9,2,0
333,34,78666.58351137348,7,0.8069654908839936,650,6,10,161198.9698493399,42,0.3160047228663938,1,0,0,6,2,0
334,80,126247.50899941204,22,0.45966487040266124,733,8,8,395527.83634778875,146,0.31410981908937075,3,0,0,10,4,0
335,36,97984.414814898,8,0.5465771420322949,439,12,10,342483.82140528504,69,0.6334641192357726,4,1,1,8,4,0
336,75,197183.2533325227,14,0.43281600220946925,770,0,8,444932.47945638484,116,0.1058003594241399,2,0,1,6,3,0
337,72,46924.51568016184,14,0.04389994264300512,431,7,7,347794.4363167905,277,0.6285440308788611,5,0,1,6,4,0
338,79,103627.74739444583,15,0.16574977982015593,386,3,2,125546.52775527046,21,0.09504024065161942,5,1,0,4,3,0
339,40,142482.19274467853,13,0.4455416387418909,482,2,2,466171.32863071444,264,0.09495364741833101,3,1,0,5,1,0
340,26,91198.11509839437,7,0.20918546540792782,667,2,1,56893.6948669657,306,0.7281833571884823,0,1,0,2,3,0
341,29,195445.9733367242,17,0.04997902865967874,428,12,4,137631.6613028897,167,0.32413517383279633,0,1,1,3,3,0
342,18,149939.77302684833,9,0.8436496640518237,545,7,3,262496.33082332334,169,0.9774229477137478,3,1,0,3,4,0
343,75,138257.09436160873,27,0.9811925291641158,677,6,6,285042.3029050962,48,0.03735293643555493,3,0,1,5,1,0
344,18,156270.6681700202,19,0.7931428739967394,448,0,3,12578.740380318188,130,0.4451066637179941,4,1,1,5,5,0
345,51,191476.75484696907,5,0.853784921704667,732,15,8,391383.49928136525,78,0.11313593767402363,3,1,0,6,5,0
346,65,183407.35753723522,11,0.24197713031704537,768,5,1,183995.6226205678,253,0.35137896675810865,2,0,0,5,5,0
347,18,150371.35546275415,1,0.9606269755131998,745,6,10,206177.1777960582,310,0.9982224506090506,4,0,0,6,1,0
348,33,154849.09503823097,6,0.19692570445342839,780,11,5,405637.9244962881,224,0.8888425117385318,5,0,1,8,2,1
349,78,46265.97332632618,15,0.9514298103618323,593,8,6,192745.27890513456,319,0.048324408855396905,5,0,1,2,1,0
350,81,38502.632808679824,2,0.994819293965951,442,10,3,28376.313864903637,112,0.5632558438256834,5,0,0,4,4,0
351,80,122762.81033194957,12,0.7117228057460487,549,9,5,92337.6863828234,67,0.6478223048244357,5,1,1,6,3,0
352,39,23306.1746492972,2,0.9811437317918219,601,20,6,478172.07033215027,343,0.20953462395012568,1,0,0,5,3,0
353,84,106824.14867928647,26,0.5695397795671037,324,0,3,39850.65438924451,335,0.14510557339645025,2,1,0,1,4,0
354,43,57862.92438539635,17,0.25954178317609033,369,17,7,180690.94447916804,250,0.9043811346655234,4,0,0,9,4,1
355,33,82282.98217607112,10,0.43699588566562086,411,3,8,254073.68769041557,242,0.9688164414833766,4,1,1,3,3,0
356,68,159644.85244273208,7,0.593560935378786,663,4,0,249174.00953258722,103,0.9918928573196418,5,0,1,2,2,0
357,74,189422.75076182958,5,0.07308156202701499,602,8,6,6960.171791010663,290,0.7897617737346345,0,1,0,9,2,0
358,46,33034.928986341474,0,0.6223432646172461,770,16,8,253075.55207145773,120,0.6635020694052571,4,1,0,7,2,0
359,64,116163.59707576012,27,0.9811778367622945,390,2,9,194967.36669881755,328,0.3457302521929979,2,1,1,5,4,0
360,79,178856.027447528,0,0.19010764978372763,829,15,4,486179.2710599058,179,0.17139831232475244,3,1,0,6,3,0
361,33,34851.536199275826,22,0.7925951162883833,491,4,1,83783.74657694576,311,0.0789805993662317,2,1,1,4,3,0
362,65,168412.5284414301,7,0.9078987937796194,541,15,9,180306.32739595004,229,0.693297468551492,5,1,0,1,3,0
363,56,84404.24316708885,4,0.9437015928202208,437,2,5,212643.33511946077,233,0.7847234151793583,5,1,1,4,1,0
364,50,77977.04639948036,27,0.9601356044054472,644,19,6,198393.30086496964,172,0.82645365245498,1,1,0,9,1,1
365,40,195943.94953666144,15,0.5214596387214719,479,14,1,334586.25968767196,27,0.9137650033037986,4,1,1,1,5,0
366,27,56154.63617521295,10,0.9773079079915037,802,2,1,111678.86448614557,289,0.8799295636383736,4,1,0,10,1,1
367,51,144774.90934808255,4,0.7573102071344389,502,19,9,114430.41864292596,68,0.9997412722580926,4,0,1,3,2,1
368,69,167859.33104177596,3,0.1616714362369619,491,13,9,365959.4195079223,73,0.24406401096725128,5,1,1,5,2,0
369,27,27413.0291502689,29,0.47690010646797,304,15,0,252643.8067456989,338,0.7633076152122106,4,1,1,7,2,0
370,36,140669.38250379422,5,0.718331175372004,536,16,3,210502.05964836865,253,0.5864595123747977,0,0,1,9,2,0
371,75,191278.99538395886,13,0.24734031581908333,610,19,6,88755.51058023964,101,0.2612451324535824,0,1,0,6,5,0
372,18,42359.59401105068,21,0.6406151835488874,848,17,8,97825.97534152247,83,0.9819053222869428,3,1,1,3,2,1
373,21,181319.83448330688,18,0.6666004790466192,355,17,2,10223.060223870769,337,0.8978981047742521,4,0,1,7,4,1
374,33,127059.7947278485,8,0.1626997438085659,742,13,10,50256.00308654607,41,0.12851566844411644,1,0,0,4,4,0
375,41,130988.82473524532,11,0.5650853124527563,536,17,6,280635.1538716693,299,0.026158342323419848,3,1,1,3,4,0
376,19,130329.95147580907,10,0.7716269109786077,496,14,6,446477.19935416285,97,0.6883307623326769,5,0,0,7,1,0
377,49,73790.45954071649,13,0.4988956645359419,813,14,6,147146.55873962594,245,0.6041306288565351,4,1,1,7,3,0
378,41,188336.32675390274,22,0.012103116776107425,748,5,1,167234.87681858343,246,0.9358156241111459,0,1,1,4,5,1
379,29,190523.08327358696,15,0.009038469079292177,659,14,5,62224.777252698535,324,0.23400528716036983,1,1,1,7,4,0
380,67,132554.83883851062,0,0.3570293439700122,329,17,1,197372.31807551585,276,0.08438794789498705,3,0,1,2,4,0
381,52,161016.09066949063,30,0.926194068431782,407,3,5,23424.743761817936,298,0.25921533377198647,1,1,1,1,2,0
382,50,130206.43745860843,12,0.22867677960360877,744,7,9,459212.3446496406,338,0.01892764051146345,4,1,1,2,4,0
383,50,107191.72056332731,22,0.6343636888716871,737,14,2,338190.1173216417,280,0.035892751188932426,2,0,0,4,2,0
384,78,138947.62129386514,20,0.22207587069332058,756,2,1,495420.66064964334,197,0.9148578059207596,1,1,0,8,2,1
385,68,119540.26146655252,20,0.3216699896595486,794,14,5,441997.4655258544,142,0.3520165825018783,1,1,1,3,3,0
386,60,127545.65527374741,29,0.848042089601484,546,12,1,239130.34388058557,302,0.41080900100968065,5,1,1,10,1,0
387,29,161089.85961539514,12,0.7288614422699469,842,8,4,262244.0904194366,288,0.01837165453810441,0,1,0,6,2,0
388,84,106562.68966081727,1,0.09539927731321063,738,1,1,99335.14302601095,331,0.2705217801718466,4,1,0,6,2,1
389,82,27335.7390966451,3,0.4287020209864336,577,7,2,233709.47470558004,191,0.804725983741431,1,1,1,9,3,0
390,50,49519.9065781095,27,0.029169763645264468,410,19,2,451998.7973789418,301,0.6154909596667192,4,0,1,9,2,0
391,57,98949.29896811691,5,0.480890146603009,684,16,5,30172.44469973146,174,0.7537806010864153,0,1,1,4,5,0
392,60,150468.7807773305,25,0.6624340117010681,490,12,5,432460.6174841633,282,0.44721374079378506,5,1,1,9,1,0
393,61,126790.15669583218,30,0.11850262359815156,789,0,9,173769.1618130918,107,0.30972922175133,4,0,1,6,5,0
394,46,137052.95345722168,26,0.28888493890916567,725,1,2,450258.81872267334,273,0.4828100933283703,0,1,1,2,4,0
395,30,106270.2071437317,22,0.3978366255021569,704,14,2,470735.5536390349,299,0.32307106840575117,0,1,0,10,1,0
396,29,130833.5639496037,26,0.9195310246560497,634,11,0,337078.11906594347,94,0.838971096674068,3,0,1,6,4,0
397,63,79223.1388066392,4,0.993255015422964,508,13,6,333889.77436337556,236,0.2976737155928457,5,0,1,2,2,0
398,19,104632.86668539971,24,0.044911298995615856,321,1,7,229113.39716582635,234,0.6597636404530838,5,0,0,8,3,0
399,52,153970.231807092,2,0.761007923495392,507,17,1,418592.4111491352,129,0.13698222230952783,4,0,0,4,5,0
400,25,176929.90021516182,0,0.37172406640234323,307,6,3,480998.3154244752,203,0.6868664937349099,2,0,0,5,4,0
401,43,98057.96011215,3,0.39245818622948003,828,5,9,388665.491167864,90,0.9132997116000338,3,0,0,8,2,0
402,51,27859.098387325015,24,0.7542649733470227,465,13,6,312858.68320957106,89,0.6085831546399083,5,0,1,8,5,0
403,24,49101.05794642448,19,0.9184264321454086,795,7,7,305362.4834315617,158,0.5598553800344772,0,1,0,6,5,0
404,85,23755.00507247686,1,0.9509285945025484,728,1,0,425487.60128391284,118,0.9611182680216402,5,1,0,4,4,1
405,75,137587.3434627194,25,0.5771225860383208,462,16,3,272895.8640567927,282,0.6273965553158464,2,1,1,1,2,0
406,46,79816.63256391961,29,0.3571211593005028,665,4,5,402910.6436931672,255,0.2595504332730826,1,0,0,7,3,0
407,53,117646.15442948615,29,0.7875490858587793,825,13,2,256898.20131125164,84,0.2923910238477404,1,1,0,8,4,0
408,38,108789.83242108392,4,0.25100138326230026,538,19,4,35909.91611209244,37,0.7053066425359272,5,0,1,9,5,0
409,53,34674.768119436805,2,0.5640740288335178,371,20,9,195053.76940755683,221,0.7354365938921863,5,1,1,2,5,0
410,27,92587.04500228973,28,0.35857846152487316,744,20,8,224998.27404739187,103,0.3034962317890152,3,1,1,1,1,0
411,41,59701.00248601819,27,0.6566310737078761,808,2,10,75100.53626837552,136,0.3453439779263302,5,1,1,4,2,0
412,81,95311.96196017749,28,0.2403989128935069,568,4,2,55735.68294866034,84,0.991056508739087,2,1,1,5,1,1
413,66,56644.09046160368,8,0.19159294573482577,714,15,4,270055.1500801923,134,0.10195254958027744,5,0,1,10,3,0
414,53,171281.43312984804,19,0.9182390866754371,544,17,7,47146.10009526066,320,0.4046450284400993,4,0,1,1,4,0
415,41,51354.80058408566,5,0.1018036829495369,359,16,5,154957.85810559156,195,0.062447531197507455,2,1,0,5,5,0
416,40,192940.49926765586,17,0.5059579077349317,305,10,3,373575.50310172257,198,0.821078361998241,3,0,0,6,2,0
417,79,94863.32590644935,5,0.22085278296300892,706,16,7,482393.9288861505,209,0.09234583894543225,4,0,1,3,5,0
418,54,172324.15256342888,18,0.03892996332566745,516,15,10,360345.9373732046,89,0.6740073564627111,4,1,0,7,1,0
419,29,133177.6672770701,27,0.03601881829142639,325,1,2,496349.64648417075,359,0.05648342400348205,1,0,1,6,1,0
420,72,152363.0537598355,11,0.17522177210582734,304,3,2,350677.2957833043,197,0.6728550378096911,2,0,0,4,4,0
421,30,158190.29985202046,24,0.8667703545060003,831,20,3,150428.26297389212,355,0.8430369469277033,4,0,1,3,2,1
422,40,110872.0787407432,10,0.28247874397702666,689,6,8,337666.0075501541,264,0.39882152692405737,3,0,0,5,2,0
423,47,117794.09420539191,1,0.9504591705752957,747,1,4,352567.5987724674,24,0.5221264934321769,1,1,1,3,4,0
424,34,112519.25620557049,14,0.5816222929891935,445,5,7,189004.857385148,310,0.4015417380052825,4,1,0,10,1,0
425,79,125850.50805621425,11,0.4366141897687661,687,16,5,13768.356051647563,87,0.3004887586326389,2,0,1,9,1,0
426,30,25291.000236171312,11,0.5800888346694546,548,6,2,353083.893463866,62,0.8032634006271282,1,1,0,9,1,0
427,76,91192.73057282275,8,0.5166983852262678,825,4,7,15741.547161393102,286,0.2720025737309897,2,1,0,6,5,0
428,36,129113.96844101087,20,0.7587762537573252,761,4,8,317438.0986397352,160,0.722943424389447,2,1,1,6,3,0
429,66,127590.24174605559,23,0.28249606597285226,312,19,7,85990.16192756477,230,0.20619707925520225,2,0,0,4,1,0
430,29,162732.09702901368,1,0.3530503916003024,683,15,3,284973.74623528146,133,0.24985379607832958,1,0,0,4,3,0
431,78,137901.68098977953,21,0.8940943025332507,698,18,10,254436.947563397,222,0.33646116257721226,4,1,0,2,3,0
432,36,198583.99694132103,2,0.9464565131504055,318,8,5,11689.252941560373,291,0.5891563773937882,5,1,0,10,2,0
433,26,71093.8151495561,11,0.8925582274864745,790,4,0,184618.57941257622,37,0.4544223191595411,0,0,0,4,4,0
434,45,84647.18533992166,27,0.4194479939573136,718,7,3,302540.12786116987,184,0.7451448098278204,4,1,1,8,5,0
435,69,89092.48733620332,29,0.7803655030068817,636,8,7,425060.243189896,167,0.2135673003361923,1,0,1,10,3,0
436,33,103846.30526364474,25,0.4763357333010988,718,4,0,444877.846349076,249,0.010672287848834117,0,1,0,2,5,0
437,29,170479.6514806177,15,0.4975398521461022,421,9,2,244505.73516644552,93,0.77655747178522,0,0,1,9,2,0
438,42,62442.57691265777,20,0.20468010905728395,731,1,0,365569.1312132219,284,0.8216493338800724,0,0,0,1,1,1
439,69,159680.0372663773,27,0.5911303032585165,343,8,8,161645.01538406155,79,0.05948016310838955,5,0,1,2,3,0
440,70,92955.83295543381,23,0.18613589775334793,616,10,1,174382.27085053542,55,0.6109075221583965,3,0,0,2,4,0
441,40,128333.96905916154,25,0.33156469906719377,680,3,8,101259.4419952453,72,0.37820678387307793,1,1,0,6,2,0
442,33,133857.2959807351,29,0.8550302016199351,444,1,3,283164.3144466535,134,0.7938956551945168,5,0,0,7,5,0
443,74,87112.75469400821,0,0.20707580921085522,626,5,1,160709.25470904578,360,0.8744145541964785,5,1,0,3,1,1
444,56,112270.73693704493,20,0.07115828517343281,662,13,3,46763.59373705999,207,0.8510037667972491,3,0,1,9,5,1
445,70,94345.61143658546,2,0.0690075926128163,349,0,10,344078.0128982735,341,0.7772042473508521,0,0,1,5,4,0
446,59,32443.9015135915,19,0.9407845205031079,364,17,10,355337.8377646721,334,0.26905222874216295,3,1,1,5,3,0
447,75,98689.76998702878,1,0.5069204379618346,654,6,9,183196.24729563363,122,0.8118896435683167,3,1,0,4,4,1
448,56,37530.81065963939,8,0.40941207181701833,463,0,5,42978.08273073129,269,0.5334784759062927,5,1,1,9,5,0
449,31,92903.74383445787,18,0.8108785810079184,440,0,10,216017.37011469583,100,0.05275661483209082,1,0,1,8,5,0
450,22,126725.31196972073,14,0.835825927910516,427,0,6,223956.05173485665,209,0.45693884989824896,2,0,0,4,4,0
451,52,124294.68188183014,17,0.3321910331156046,697,3,2,335992.088024457,293,0.9421579170299933,3,1,0,4,4,0
452,35,139271.83022149766,25,0.6936180574737952,762,3,2,161131.11367304833,211,0.8878593497355527,3,0,0,2,4,1
453,26,37147.07143183274,10,0.7711228158518866,486,17,9,342886.64349174616,110,0.10226428099711604,0,1,1,9,1,0
454,75,137382.18419547883,24,0.6546506868659545,489,10,7,436386.8281699072,38,0.7441266857143702,0,0,1,3,5,0
455,34,76186.65020536046,22,0.15159507480009937,687,0,4,122555.59096928891,100,0.8057928659582347,5,0,0,4,2,1
456,24,91828.27030468,15,0.875883083517057,728,9,3,489565.1802793504,157,0.2713881882367648,0,0,1,7,1,0
457,63,174437.52570608704,21,0.5390945527360087,583,8,6,196252.22788271945,193,0.4716085707410923,4,1,0,10,1,0
458,30,21625.472743319046,16,0.2824724263700037,536,3,6,137293.04914779557,268,0.7109879414636829,3,0,1,8,1,0
459,57,125914.27400130898,4,0.4252281854376939,493,5,8,213648.0353425938,200,0.4390414888211479,0,1,0,8,2,0
460,59,127768.51641801937,11,0.03757109039890738,586,15,8,51726.75057241029,251,0.11279691886657695,1,1,1,4,4,0
461,26,91398.75974184116,10,0.12786680122241756,435,1,4,67224.42372349725,207,0.7058824446817216,4,0,1,7,5,0
462,67,62665.014279500516,29,0.7655467505158609,470,17,7,210144.85324932405,308,0.9116386897353035,5,1,1,10,3,0
463,44,62241.326887079194,14,1.1634755366141114e-05,458,9,9,382410.03835985454,176,0.6524847284061576,2,1,0,1,3,0
464,83,179067.74053893547,26,0.4165658284822922,500,16,0,450654.558589373,318,0.7738007485690339,3,0,0,6,5,0
465,22,99564.38728091435,2,0.5225101810855884,786,12,8,334084.9054045541,282,0.3583625356578285,3,1,0,6,2,0
466,46,79560.08533805095,0,0.054634420000972295,803,17,7,57083.67984289402,19,0.18319824512663485,1,1,1,6,3,0
467,54,100779.96328965254,19,0.9730781629723328,670,12,5,337649.7822793648,49,0.6427736616182925,2,0,0,2,1,0
468,55,140490.27226268506,28,0.22612533124967193,402,16,2,319536.8207479711,125,0.3277712058412189,2,0,1,8,3,0
469,25,46236.18228405531,15,0.30419871963628087,424,4,2,403853.13955519896,350,0.8600735189897928,5,0,0,5,5,0
470,82,100898.09033847279,1,0.30394251225502733,612,10,7,413498.08999282954,67,0.12262804997800658,5,1,0,5,1,0
471,34,125819.18679986965,1,0.2304166621173499,757,6,4,434760.5225105946,149,0.4334636997331237,4,1,1,2,3,0
472,62,190745.00387325807,2,0.001473822086311416,529,9,9,209995.0997166537,113,0.39672760046838584,3,0,1,4,5,0
473,21,65455.00077357547,7,0.7293447940879964,496,16,10,350442.87569931144,345,0.9380538535539297,0,1,0,9,2,0
474,53,84665.13462492419,23,0.9668454997992854,722,14,6,137783.9276665438,188,0.15313480060440388,5,0,0,9,5,0
475,48,88284.54618603628,27,0.22429348328504506,470,17,4,499671.45859183464,180,0.009846825012010951,1,0,1,6,2,0
476,36,128996.86837607891,14,0.6630471918034224,681,18,7,91790.44948154567,350,0.23808521280711759,1,0,1,9,1,0
477,78,84211.7695472003,6,0.7418963269587151,472,1,9,10006.643672113725,297,0.8202768597686545,1,1,0,4,5,1
478,71,116032.1465539452,5,0.8484253790905247,752,3,9,78660.31368649713,272,0.20932181604701705,5,1,1,1,4,0
479,56,160722.2593721053,8,0.4226291970136091,649,2,3,389056.7833243427,234,0.2408780637054827,5,0,0,2,4,0
480,36,146969.40694019664,19,0.30293090564042924,793,6,1,226157.9198715647,210,0.1298988045368108,1,0,0,1,4,0
481,56,100346.3563722654,27,0.3252951340230311,303,17,2,226512.622666162,222,0.7154362032765404,5,1,0,8,4,0
482,84,175558.9119813504,0,0.7126213330985128,392,9,7,477736.34520777594,298,0.06917419050541718,0,0,1,9,4,0
483,62,120465.24492689532,7,0.816779466505636,305,6,10,460219.2794738967,191,0.3312083023285216,0,1,0,10,2,0
484,30,117183.05111039824,22,0.18161396775660266,587,7,6,159041.39521298456,261,0.28249872662096454,4,0,0,6,5,0
485,75,26153.79786904847,22,0.3709410081577652,445,5,1,108483.77374652875,242,0.5551597297901548,3,0,1,2,1,0
486,37,197604.73646428908,30,0.90194019674915,723,0,5,424998.69391720113,34,0.7304162650197356,0,1,1,6,4,0
487,78,42134.74553533281,2,0.8066935196947392,756,3,8,453479.4401669598,59,0.5328764346967474,4,1,1,9,4,0
488,56,61603.56423697639,3,0.9848584027624758,501,13,3,273090.47678525106,120,0.9310259929750676,2,1,0,3,1,0
489,18,29305.430703474853,25,0.7542482596820808,511,16,8,316564.7370029648,307,0.9514426388873319,3,1,1,9,1,0
490,20,135200.53403064446,24,0.39319520102792227,305,19,1,132172.5709226852,17,0.3614653284985154,0,1,1,2,4,0
491,79,60446.2118550824,14,0.5906378339946378,675,17,1,401397.3305493697,49,0.7776803762748927,2,0,0,5,2,0
492,80,52401.87874509023,5,0.6610142542473203,746,10,8,317900.6020822664,180,0.7388013832681897,4,0,0,2,1,0
493,42,35940.00516018345,14,0.07845581631712395,405,20,6,254239.18809250832,294,0.8929645917048273,0,1,0,7,5,0
494,73,38595.61228232282,30,0.5444969591038651,700,13,6,34753.73525880593,214,0.4479436402077033,0,1,0,10,5,0
495,50,125240.72607966597,20,0.7093208284726096,395,8,0,458387.80644302105,336,0.5304731871977922,5,0,1,9,2,0
496,55,143877.41585598717,2,0.16732130400106038,687,14,10,309648.453090281,324,0.415774313581574,2,0,0,7,3,0
497,23,91528.21792359218,24,0.7806317174255571,751,11,5,100382.09187301915,284,0.8503769192997056,0,1,1,5,2,1
498,75,106381.47468657319,20,0.5837727805141116,715,9,6,305161.12790661113,255,0.22970231536213437,1,1,0,4,4,0
499,61,143474.19247693714,20,0.9522217856975946,803,18,10,340344.3603487868,338,0.2397090782424447,5,0,0,4,3,0
500,62,23128.362233386335,13,0.042422298206891695,753,18,5,265256.3166581966,58,0.37260510357707977,5,1,1,10,4,0
501,49,78163.51827265014,19,0.26532613755546697,590,5,5,360460.3602882311,260,0.23034283210235118,0,0,1,8,5,0
502,62,195157.59465266234,13,0.6015538792998241,833,19,1,292819.704224669,90,0.5610068364149208,5,0,1,10,1,0
503,78,124420.20134518425,3,0.2965599122059307,492,5,5,474145.94310591335,121,0.1344901064955023,3,1,0,10,4,0
504,64,65760.42438154879,11,0.7144241640712422,449,7,3,31580.053906656885,24,0.32018621940405534,2,0,0,10,5,0
505,38,113911.40839451837,16,0.759005282521931,814,0,8,57591.62569243245,101,0.91344469847559,3,0,1,10,2,1
506,53,81677.62786176476,6,0.10251596406647445,692,16,0,90967.46029239823,353,0.40922548019179594,4,0,1,10,4,0
507,36,115804.09798873385,8,0.5138544642067677,615,16,7,346634.6799491444,359,0.7482337164935092,3,1,0,1,5,0
508,37,42633.472125196786,2,0.5088905555910559,375,14,4,324569.9570111553,291,0.11346219170657401,1,0,1,5,1,0
509,74,43888.637687469934,27,0.36928077021554107,569,6,0,446569.13580379856,232,0.24756450814178466,5,1,1,2,4,0
510,35,45837.625167090715,12,0.9329248625696721,524,18,3,367774.3391775297,84,0.8073456212003686,5,0,0,9,5,0
511,64,189167.5625468315,14,0.8275063198732212,829,2,0,256635.96634447316,245,0.7629929362896941,1,0,1,7,4,1
512,66,151921.80530144152,17,0.6972093819096368,412,10,5,495956.737269497,271,0.38615591859382115,5,0,0,10,1,0
513,31,49228.741039217755,18,0.7143266357349976,550,19,1,136723.4383038031,124,0.9543969020334743,3,0,0,8,4,1
514,32,53902.83507780826,0,0.4617161438131191,532,18,4,417429.87159379973,57,0.9106430158345454,4,0,0,6,4,0
515,48,151549.30547675776,5,0.9209945210965759,382,8,6,216261.2342359901,285,0.9623007491122398,0,1,1,9,5,0
516,18,48109.49206259131,26,0.6945954272532854,424,9,1,326123.8937434884,54,0.4279146901877854,1,1,1,6,3,0
517,71,62221.03280026916,26,0.7289810616558164,474,1,5,364997.89287395484,219,0.19747358368568302,3,0,1,7,4,0
518,20,193402.42990767182,22,0.8616909037873453,368,0,5,318708.2731592165,360,0.626658639091341,3,1,1,7,3,0
519,33,65955.17445111772,26,0.274071589342191,346,15,4,74551.11503875368,114,0.6847731582791985,3,1,0,9,2,0
520,74,139093.82306680642,26,0.807070903866703,555,17,4,224260.7503202267,135,0.12544178445052,0,0,0,8,4,0
521,29,196153.63173209547,1,0.19524060295649204,329,16,2,282911.99707689654,21,0.7864830342959059,2,1,1,1,3,0
522,33,87373.41808516267,23,0.34534195224488784,580,5,9,425276.6607934054,340,0.018060219759960527,5,1,1,4,2,0
523,41,23152.878355171204,13,0.3356104542698427,536,13,9,224604.6456552933,198,0.48272838747678337,5,1,1,7,5,0
524,45,63946.512276027366,5,0.9785254683891406,547,14,10,459779.9158781045,42,0.3310162594948949,4,1,1,8,4,0
525,25,169557.89444150697,13,0.8565372237479268,667,13,1,222985.2403974793,167,0.7403030598990841,2,0,0,7,5,0
526,53,175629.59047190662,3,0.7011698615902597,794,2,6,276646.03033519076,71,0.31276072742181593,5,1,1,3,2,0
527,25,158333.48561428243,20,0.7270567616153901,324,18,0,399161.4130566865,260,0.8268071127810328,4,0,0,4,5,0
528,75,40359.76743378314,7,0.5620727944025711,789,11,5,293618.5037889611,281,0.5949534887808106,4,0,1,7,5,0
529,77,163191.86690535257,29,0.9470906671085191,793,1,5,480307.9458294982,228,0.793893361762072,3,1,1,8,1,0
530,67,185362.00345883076,2,0.49625875288236154,613,2,2,331866.23610449315,13,0.9893406378396238,1,0,1,7,2,0
531,45,128109.7176583225,18,0.3805177098698945,674,17,1,263741.1797634625,35,0.6791583457435568,3,1,0,6,5,0
532,58,189357.56414085167,29,0.163035336931591,324,0,1,16678.02405149395,217,0.9849503163616441,0,0,1,9,3,1
533,81,168830.99906813793,30,0.786205652261058,633,19,8,209797.78430226326,331,0.028836326921705346,5,1,0,9,2,0
534,44,140054.87305836333,13,0.7344439320755914,654,20,10,153127.96753377942,210,0.33813998848380844,4,1,0,7,1,0
535,80,123893.34260811466,26,0.3843550385241349,415,5,4,375312.30560430716,125,0.10785326456230915,1,0,1,8,4,0
536,34,82743.26010355468,19,0.02519341395922936,347,4,6,108097.44920100516,291,0.26230493138443955,5,1,0,6,5,0
537,50,48671.74014370493,16,0.8389973277180107,398,0,4,106583.94321056554,166,0.8388878991257744,4,1,0,1,3,1
538,46,128891.70608429734,24,0.011417983454073632,758,18,6,98811.92640250151,176,0.03232326532609031,4,1,0,1,1,0
539,30,77260.0796512615,7,0.703699779629051,822,0,3,67179.72851233679,233,0.5201829357323937,3,1,1,6,2,0
540,63,175958.96015497617,23,0.970257109726057,704,20,7,158948.46681708927,102,0.567128707532373,1,0,0,2,5,0
541,52,198800.64872455312,13,0.43766132814820347,513,20,10,443531.4466494954,178,0.5611511466719561,1,0,0,8,1,0
542,23,155436.99727080305,25,0.23497340499595276,802,15,9,388589.5937914477,218,0.4752970738232557,5,0,1,1,1,0
543,64,36286.705151669135,5,0.7048710100433817,747,11,10,368949.3520718628,293,0.7906029647697553,4,1,1,2,3,0
544,42,71963.40719551485,22,0.8171281420155851,557,7,9,399681.7187967315,76,0.13354308950555116,1,0,0,8,4,0
545,83,39639.733717834955,21,0.5464303160778473,420,15,6,138361.85521813796,15,0.3105770155507873,1,1,0,6,4,0
546,27,137092.09660250886,15,0.9670352752561462,353,0,9,444283.63692248147,168,0.6157260534451727,5,1,0,10,4,0
547,73,157734.35562004123,24,0.0516687216579611,630,3,4,72965.17069509417,260,0.6909513662679558,3,1,0,2,2,0
548,47,186621.46955852813,18,0.5047955983045281,540,9,10,171491.13472421307,268,0.4041484317770563,2,0,1,2,1,0
549,22,98871.02235415777,13,0.7184539473225501,829,10,5,295440.31888883474,246,0.8753712633272331,0,0,1,7,2,0
550,50,182247.61692591998,18,0.862640471149179,782,16,4,55938.018729290314,317,0.41549339669591434,2,0,0,5,1,0
551,82,178020.40862743894,2,0.17925561190779005,486,6,6,366414.4429493303,85,0.40277613434833315,1,0,1,5,3,0
552,35,77095.22901777175,9,0.8000034817636814,561,11,1,196686.79386072012,198,0.036207261487384956,4,1,0,8,3,0
553,66,176402.1125973028,18,0.5527070757185453,663,20,4,393280.80447615805,73,0.5511413361947338,0,0,1,7,2,0
554,28,87621.00533871076,8,0.3965536819899632,790,6,9,248983.66136437835,348,0.7086808385119051,0,0,1,9,2,0
555,43,73436.46942085054,27,0.13171502857909356,730,11,2,94532.8895905415,175,0.1144381635168481,4,0,0,4,3,0
556,80,136833.43858299076,19,0.8652957589089124,538,14,8,368707.09662089543,67,0.30543276608787084,0,0,0,10,5,0
557,76,79108.6210193146,12,0.15727320817971535,603,1,5,129811.25814027706,122,0.7812569537828522,4,1,0,4,4,0
558,44,133437.57469924598,6,0.30978785920909924,597,13,9,247951.0991276812,229,0.3659194354135754,0,0,0,2,4,0
559,66,129769.72498976502,13,0.2900455319624369,375,12,2,42388.96823266927,251,0.24160246204003988,5,0,1,3,3,0
560,50,121419.00692272259,30,0.8714140341908543,632,3,6,310843.9939339582,32,0.6722006635651122,5,0,1,1,4,0
561,18,88475.54676190359,8,0.672702994208898,773,13,3,334599.5942770572,152,0.19675877767165562,2,1,0,1,5,0
562,38,118729.94989726582,26,0.7966813971913723,582,13,2,192443.73393652786,276,0.8956529195831768,0,0,1,7,5,1
563,72,127367.38549737589,27,0.250467898792499,371,15,7,477439.27625893155,150,0.10559839602614096,3,0,1,5,1,0
564,23,118223.63992918521,22,0.6248740996069989,562,6,3,437713.6161336239,81,0.7065498022828269,4,0,0,3,2,0
565,22,99995.50149521627,24,0.5717459831437487,311,18,10,355430.7532912974,129,0.4995487012863752,0,1,0,7,4,0
566,20,22640.070268327487,27,0.8328303767882711,440,1,0,358257.77687440265,209,0.8699295623969936,5,1,1,2,5,0
567,70,125671.10738620718,18,0.9060870604812605,316,9,5,129938.84889636487,216,0.1261950910262366,5,0,0,3,2,0
568,40,50319.98932568954,14,0.012156771477386807,362,17,9,330123.5393887822,225,0.6778949184960879,4,0,0,1,2,0
569,70,135663.67441049413,19,0.6740199190587927,552,16,10,103112.10129158222,67,0.5720546391813814,3,1,1,8,1,0
570,54,156681.97902611588,13,0.05183579911972902,764,4,10,76281.59584031194,298,0.4800901422400464,0,1,1,2,2,0
571,34,110080.15564353346,23,0.5488586650773559,675,11,0,499736.6076302772,304,0.4914072634326684,0,1,0,7,2,0
572,18,117625.45969635289,5,0.2876327290436782,819,5,4,313076.0860792212,186,0.7219769617985308,3,1,1,9,3,0
573,68,191266.1407398784,20,0.3067765995221412,389,8,6,218338.9969653093,358,0.9377416549348221,3,1,0,6,1,0
574,62,172490.12504706337,28,0.3529585034523566,474,19,5,147641.43882755592,139,0.09125165911904809,3,0,0,2,1,0
575,21,184562.5728712646,3,0.6212924490496101,375,0,1,303940.6196128026,336,0.01950264761052023,5,0,1,2,4,0
576,79,166477.93189752556,7,0.3340499656687692,699,14,10,29548.786568942633,303,0.8057047924812035,4,0,1,9,2,1
577,82,39605.30153241166,16,0.7326990505902804,370,20,3,51867.090299873555,299,0.10816938755075933,3,0,0,10,4,0
578,49,46818.53407463505,29,0.4045273855738697,479,5,10,21264.06538149619,237,0.9866967960804238,4,1,0,8,5,1
579,51,114792.28350841273,8,0.06835320030995862,423,18,1,252089.06746501755,75,0.6193482489588372,2,1,0,9,2,0
580,56,64292.53858363968,0,0.7837598424841072,680,17,10,302300.28144765535,59,0.6508663952541407,0,1,1,4,5,0
581,43,105805.18550740865,23,0.285758324592706,592,5,0,35927.48187212132,213,0.1988917029380174,0,1,0,4,3,0
582,51,90985.75828730303,19,0.43276687959926263,494,12,2,362006.1114119637,348,0.24031231029667444,1,1,1,2,2,0
583,71,118894.5629174816,24,0.6854438832219015,527,0,2,119045.56039970937,71,0.6593503030992501,2,0,0,10,4,0
584,20,154437.6289044481,13,0.332456157148712,730,12,6,344174.7196160837,268,0.909726837934197,3,0,1,1,4,0
585,67,148788.36327786942,10,0.056585656146715624,735,6,0,491039.08431744657,76,0.9823905545175666,3,0,0,10,2,1
586,29,113822.14384736019,20,0.3739210470128136,760,14,8,347097.40567665634,250,0.19803094663109366,5,0,1,4,4,0
587,82,168030.81538707044,2,0.9444485826943034,320,11,10,442180.5611971862,300,0.13411962270979016,2,0,0,10,2,0
588,71,97555.176476846,8,0.6417343972985582,363,0,5,474358.2608378184,49,0.05640135776079047,3,1,0,10,1,0
589,22,181408.572171222,26,0.6714791486672069,464,14,3,245941.76893439618,36,0.8682970181613279,1,1,0,8,4,0
590,74,32830.4486099295,13,0.6322821536376398,326,3,2,352650.8648127549,70,0.29471484685646876,4,1,0,2,2,0
591,34,191838.80540599534,29,0.1989921389594368,610,12,2,426724.7805101417,308,0.0018120338692516613,0,1,1,8,2,0
592,64,137844.75465764268,8,0.41833386410228013,584,4,1,181521.41187282113,169,0.22381808605642883,2,1,1,1,4,0
593,40,88413.41160869696,3,0.7509397983633183,580,1,1,134391.67169739548,68,0.3404410800994184,0,0,1,1,1,0
594,31,55487.74278311792,26,0.10137289755315915,463,0,9,473566.29352527764,59,0.9909861694966853,4,0,1,4,4,0
595,83,106252.98129984799,3,0.27785277608971226,523,15,4,364520.2326825649,339,0.5235415938570817,2,0,1,7,2,0
596,68,55020.49817335417,27,0.2763191084658536,445,5,8,113742.65602103402,67,0.2047139475951013,4,1,0,9,1,0
597,55,49939.689393765584,7,0.432018927594506,329,15,1,227296.27937467615,76,0.33481834471345107,3,1,1,5,5,0
598,81,131123.31633433537,1,0.9803687409421851,344,13,1,399243.62592121563,279,0.33030768755687845,3,1,1,2,3,0
599,55,114155.25042472123,8,0.06750254668382194,770,2,5,275796.18050462886,80,0.019725746463175486,3,1,1,7,4,0
600,67,140617.28622996953,28,0.518700994380595,333,14,9,326726.2885921151,227,0.13518305417143006,4,0,1,2,2,0
601,47,187329.05793595806,13,0.17936468201221045,726,2,1,378115.2600123009,100,0.6951964597032112,4,1,0,9,1,1
602,68,115806.83840102723,21,0.9706765454097441,520,1,3,312894.54846044537,292,0.12025098657073463,4,0,0,9,1,0
603,80,124567.76958730358,8,0.1133035047274642,833,0,5,272339.2643514869,268,0.23073427660611878,0,1,0,3,5,0
604,69,36132.741047889576,23,0.40360100236159124,666,8,4,376059.07077194785,171,0.3507372984043088,4,0,0,8,4,0
605,55,149174.44146355332,30,0.7378849848346062,849,8,0,365143.70253893937,245,0.7577349445022937,3,1,1,4,1,0
606,47,91982.93722474812,30,0.7045544280274453,415,6,5,316786.83809067355,142,0.5824009648679398,1,1,1,3,5,0
607,68,195810.5429592642,22,0.42272863689393225,538,2,0,183095.75962405515,60,0.6889999849885683,4,0,0,1,2,0
608,22,168171.32280721885,15,0.34652416795271823,634,17,2,205876.98563913445,158,0.5670123254201722,1,0,0,5,5,0
609,46,114046.5872929013,28,0.39761237855287057,740,10,9,485367.0816976282,327,0.683592425221869,3,1,1,4,4,0
610,21,42180.07775098989,29,0.2642762631586393,447,6,4,60631.03648430528,13,0.0028421536639724465,4,0,1,1,5,0
611,27,174694.84279050605,16,0.2053329387067998,308,8,9,137909.9340401535,340,0.9308981443714295,0,1,0,10,1,1
612,73,163960.5971763239,15,0.48303969755889,587,0,4,248738.87080614618,156,0.11092023087480651,0,1,0,8,1,0
613,34,53225.32331666594,29,0.2685337560676073,687,13,9,419181.194641174,72,0.40624909597690484,1,0,0,8,3,0
614,34,73150.09205965581,11,0.2874616648972501,349,19,5,86019.45354621529,284,0.7710383702448548,5,1,0,8,5,0
615,51,162813.30646661072,2,0.6567560634745571,816,5,9,142092.53597168188,60,0.4352307180094239,0,1,1,3,2,0
616,23,53341.12037853374,10,0.9685373316998922,577,6,7,37570.11780864329,343,0.9468425516675159,0,0,1,6,4,1
617,70,185195.44805084792,13,0.6036372005593751,599,9,4,354462.7066951551,142,0.46758894849876675,0,1,1,7,3,0
618,83,96414.93653534514,17,0.07697946706496628,434,6,10,122913.67056042998,54,0.8749394056026714,3,1,0,9,5,1
619,60,35667.01326577856,20,0.07558361385406698,446,1,0,197394.0015821205,68,0.8108281133622709,0,1,1,5,2,1
620,40,166834.75583077056,30,0.951423220845566,789,3,4,224632.21627968558,61,0.9809863027986832,2,1,1,9,3,0
621,72,87231.74294690977,20,0.29729079030733363,777,20,2,446200.3981251955,189,0.9265477807509754,4,0,0,6,1,0
622,33,114769.85494768058,4,0.09206698608247543,458,16,3,208608.4937139622,304,0.8981238347128787,0,0,0,10,4,1
623,25,40214.781994019446,15,0.5990445871503816,683,0,7,76886.38485804829,57,0.7316043405194683,5,0,0,10,5,0
624,21,20465.12267209683,19,0.6236487782902661,462,9,6,264535.8944783599,181,0.3669981472682208,5,1,0,10,2,0
625,21,134837.33704279357,4,0.6485048201186882,740,18,10,481664.20735107164,282,0.10612541856490243,0,0,0,4,1,0
626,73,112731.53066007169,2,0.2674020278575413,488,14,4,305804.39232015144,347,0.68864505226439,0,0,0,1,3,0
627,42,126836.94244216649,11,0.015110684214475034,714,9,1,491776.67412798345,150,0.9786540813379649,2,0,1,1,4,1
628,84,162873.89306849294,0,0.9650153694544719,638,18,5,421348.1179247407,258,0.726604437331869,0,1,1,10,3,0
629,84,136389.06441611482,20,0.2508930456911025,480,11,10,22803.04932563934,159,0.9287293692773355,0,0,1,5,3,1
630,44,51459.21970892789,28,0.6760262880525475,587,15,5,330907.7997116357,241,0.8043047129555168,4,0,1,3,2,0
631,49,84939.05343990796,8,0.7066298698787096,486,8,9,146949.60439115242,291,0.16311467511667876,5,1,1,5,1,0
632,67,183060.39886179686,28,0.6100074170794857,437,14,9,282010.3435441383,136,0.2492037705912873,2,1,1,5,5,0
633,78,158590.0460453022,8,0.3129073942136482,429,16,10,143275.86951095716,203,0.34186560176235037,5,1,0,1,2,0
634,68,120194.67042860911,3,0.27109625376406576,493,13,5,177690.85621961876,91,0.16826044433800413,2,1,0,8,4,0
635,36,66016.099605669,2,0.5976682827027031,615,17,8,461968.51231831877,105,0.5816513326730067,5,1,0,5,3,0
636,38,74370.89033026311,16,0.8660956336116915,443,1,10,107288.37652139412,237,0.9754505241349513,0,1,1,5,4,1
637,22,151752.45216541423,1,0.9467337289233956,315,3,7,437684.0134227861,76,0.7614588334361586,5,0,1,9,2,0
638,59,173211.36695349874,23,0.10590580440375763,601,17,7,20076.61499489592,99,0.4233867490674619,5,0,0,8,2,0
639,78,140856.4405155106,0,0.15482861259771985,722,6,0,49983.886492975944,99,0.004504480980288661,2,1,0,1,5,0
640,39,165715.39563831952,7,0.9447362587830797,544,12,4,428064.14548521047,212,0.3132760111381787,1,1,0,3,3,0
641,38,157998.10433607307,12,0.7365352283347926,406,14,6,317125.2353000517,225,0.5267592876922153,2,0,0,7,2,0
642,18,46946.71423225239,22,0.8829938248297731,387,0,5,374881.8883295774,215,0.3242508738519706,2,1,0,1,4,0
643,22,96310.06632439436,14,0.20263263413534316,428,10,4,108661.74705681785,100,0.11103492302385953,2,1,1,1,5,0
644,29,47537.08414914128,7,0.5875858711094019,640,9,7,270856.31051710126,72,0.44276495686189454,3,0,1,5,4,0
645,63,62342.405264357265,11,0.7011395944174736,303,4,2,369923.51566779584,282,0.2532528169657162,3,1,1,9,3,0
646,51,176466.73243718946,21,0.6801118854469727,626,15,5,315520.49782007997,105,0.9092323764615015,3,1,0,6,5,0
647,66,105120.55381397279,11,0.4081516908666981,709,10,4,238490.88961114868,318,0.10175452850101574,2,0,1,10,5,0
648,62,116364.45833167895,13,0.015394891691308477,605,20,7,480092.9742866688,38,0.04915262872471038,1,0,0,2,5,0
649,44,52120.27374099898,14,0.5829260568042631,524,5,3,339697.8800594554,225,0.005314169154862047,2,0,1,9,1,0
650,43,76208.9214887833,14,0.25310153917960876,647,8,7,454336.64611941273,85,0.32806968448565776,0,0,0,6,5,0
651,64,61444.310317016585,8,0.45025424614289034,620,12,9,366236.4032289722,72,0.6603868382008886,1,0,0,5,4,0
652,73,57113.50961331675,18,0.9575810150838173,480,7,1,369054.4466558532,197,0.7304137528817927,3,1,1,5,4,0
653,80,134832.94279687462,25,0.3990353176424347,685,13,8,44609.043530051276,42,0.4532616833817231,5,1,1,3,3,0
654,65,66239.09257622866,19,0.8398016066644267,407,0,8,182934.98781770206,230,0.6843286504552667,5,1,1,6,2,0
655,78,133762.78748367532,28,0.18854060574925113,830,16,9,429892.8563262309,23,0.35991403621536344,4,1,1,4,2,0
656,43,30521.830539539704,21,0.6724604980250288,709,4,9,120138.9117636342,313,0.6678062199866169,1,1,1,10,1,0
657,53,45519.39083487833,7,0.9770069544389435,595,1,5,62175.403747450764,43,0.040595985302373405,3,0,0,2,5,0
658,18,69417.24572002256,20,0.10189310087293679,470,8,3,166422.49803620274,171,0.39075298456700414,1,1,1,3,1,0
659,25,127468.4450412245,18,0.008319942227192012,630,3,3,114116.7530218439,248,0.7908496776331791,1,1,1,9,3,0
660,69,141651.42411572766,5,0.43358279263261434,792,16,5,463017.6564226118,238,0.8030060304590013,5,1,0,9,3,0
661,64,99689.05402031488,19,0.0926254830513672,494,16,4,434643.48779105494,192,0.7161487788756946,2,1,1,6,2,0
662,73,100242.36462390122,24,0.7483843496762314,311,20,5,252343.19899003758,328,0.20423862056986442,0,1,0,10,3,0
663,31,150413.03325175127,28,0.9145486638485589,494,17,6,35365.21786951467,57,0.24720511893063324,4,0,1,10,5,0
664,45,22847.79651780484,18,0.43402097270875883,789,15,6,358708.36131611234,352,0.9960887272645123,3,1,1,9,4,0
665,19,81396.20440535969,3,0.25871164215544096,481,7,8,313588.807011451,91,0.10337800720195989,1,1,0,4,3,0
666,43,167367.27028146188,22,0.4344033190066098,615,10,7,485424.56201060547,146,0.18066269890240938,4,1,1,5,1,0
667,31,128579.493838407,6,0.723447817850001,329,20,5,281681.8539338366,271,0.1300262556501326,1,1,1,10,5,0
668,76,80700.88389597567,27,0.009054161580370979,395,20,5,171514.89308444015,319,0.3276549636836156,5,1,1,6,3,0
669,73,182994.4626193413,27,0.5894539894846972,680,17,4,261915.7383213851,258,0.21017583523392336,0,1,1,9,3,0
670,24,159072.09094088885,3,0.6132916848873791,743,9,0,489735.32924523554,170,0.4976879595477721,5,0,0,5,5,0
671,20,67681.18050261201,21,0.6376882468959355,597,12,8,349699.40410385013,214,0.4760207068801199,4,1,0,8,3,0
672,40,136152.17075462904,11,0.2420220799808772,660,16,8,337628.1882738903,123,0.9015056194513031,3,0,1,1,4,1
673,35,127235.1310740122,12,0.7140527233781268,673,17,8,124137.38691431326,303,0.03473994744478148,1,0,1,5,2,0
674,55,92213.82452701688,2,0.0913914863317764,602,9,10,373083.24619250576,321,0.31987957666776334,0,1,0,10,5,0
675,32,86052.09425686412,21,0.1992703364668008,720,15,7,376384.555588527,130,0.5966578919970902,5,1,0,1,1,0
676,81,81840.8854596267,11,0.8774700466544819,545,19,9,162058.04696907313,28,0.6048017618439638,4,1,1,10,3,0
677,45,131088.0410112164,1,0.7387231507265664,536,4,2,244438.34703340303,342,0.4801262290142092,5,0,0,6,2,0
678,56,99633.78856652051,23,0.013745554011345251,833,12,0,150828.64980552575,238,0.8156655408146337,1,1,0,7,1,1
679,74,169735.36038525598,1,0.2483762603698002,484,17,10,133059.0098105219,128,0.0627221714144588,1,1,0,5,1,0
680,34,140528.47090411314,26,0.21440648299316456,767,16,7,17818.554773495147,54,0.8154877655801359,3,1,0,1,4,1
681,61,32587.689027698143,22,0.2708063280369726,662,8,6,146179.81360339938,126,0.4947542404357036,0,0,1,6,2,0
682,42,135230.2802890699,8,0.2475597702798864,582,13,4,279215.12518974603,294,0.13376069507700217,2,0,0,10,5,0
683,34,68806.53857003327,0,0.06252629574284574,635,16,9,5792.587836769269,48,0.8857019135404777,5,1,1,5,2,1
684,30,126706.15849761608,7,0.45894051659682034,461,3,6,145193.4464857854,313,0.6492287795409635,1,0,1,6,2,0
685,42,142423.74759862124,22,0.7327334747861651,459,17,9,441298.11450000876,124,0.16354568682413928,4,1,0,10,1,0
686,85,61549.25404772217,5,0.6067317247174364,773,19,3,298856.0496281436,46,0.03364972339902661,5,0,1,7,4,0
687,27,102234.55607846635,5,0.6728716685980798,621,14,8,305892.0979200853,143,0.14110964833264927,3,1,1,7,4,0
688,84,54258.47530743221,21,0.08114917853623915,311,10,10,204665.33098804485,347,0.6087979601803936,3,0,0,2,2,0
689,35,29420.997641571495,24,0.9514907101767872,723,11,9,339853.7110287435,347,0.17929623526004845,1,1,0,3,2,0
690,51,88125.75622745643,17,0.8384918338430248,372,8,1,99016.71928402779,239,0.2257630748750281,1,1,0,6,3,0
691,25,85329.96893227856,16,0.8050903184956627,500,12,8,410279.67114017485,158,0.02513972575631418,1,0,1,3,1,0
692,57,199186.48832676627,28,0.8229838050417675,821,14,8,62761.114368270406,133,0.7229306722386036,2,0,1,2,5,0
693,59,100343.42321557559,11,0.9327105081327614,804,14,4,329720.67055328906,92,0.8103643997594371,1,0,1,4,5,0
694,58,80042.51890499608,5,0.5442539661136977,338,4,10,173868.9162807431,184,0.7968481767721232,5,0,1,5,4,0
695,23,124485.50120900144,25,0.2002820178676259,359,18,0,375018.920438326,165,0.12756815136428423,5,0,0,10,1,0
696,69,35978.130939398325,26,0.6167836078525412,620,19,6,277133.4528766799,161,0.9033011273887593,0,1,1,9,4,0
697,43,193099.83247186636,7,0.742881493667939,734,13,9,228914.75404696452,69,0.67227882947408,4,1,0,3,5,0
698,81,134292.80820638596,18,0.7379173933540254,707,16,9,88864.08903615727,74,0.8975286223768645,1,0,0,3,2,1
699,76,155870.8075893526,27,0.5214490241668801,685,17,3,320226.62482075463,167,0.4471605045306636,5,1,0,6,1,0
700,73,50686.028871305156,9,0.06845871933357806,377,20,8,487511.07249310444,333,0.43695486108369774,5,1,0,5,1,0
701,76,93706.0135409367,0,0.3711129384301278,493,2,5,413673.6953289724,179,0.7845365186848953,5,0,1,6,3,0
702,50,96084.04041131411,24,0.9207666084633573,584,1,2,34704.05533156084,177,0.09329785547674352,2,1,0,7,2,0
703,70,167925.15990219562,28,0.584448909757426,826,0,5,191233.54228878958,96,0.5208740366348857,4,1,1,3,2,0
704,39,20222.6023566937,12,0.5383319432557134,823,9,9,463163.58954918454,148,0.8363842356312257,3,0,0,5,4,0
705,38,74153.55950358592,16,0.2688535143821935,455,18,5,254006.6550407256,200,0.8301925630695713,5,0,0,8,1,0
706,21,196622.5473819747,2,0.3684489199165789,639,16,4,332745.3537750487,13,0.956132856342369,1,1,0,4,4,0
707,79,105479.57783111936,7,0.8953460891531693,424,11,1,456736.67606773827,117,0.6982725935305465,5,0,1,10,2,0
708,79,88854.73044392148,13,0.6664630475268357,579,0,9,437528.3717578409,83,0.20777062943972835,4,1,0,2,3,0
709,41,41569.22036317634,2,0.7873870267523329,427,11,9,253401.08589255292,137,0.02028031489458082,3,0,0,4,1,0
710,72,195349.6331530428,15,0.45434542306765513,613,16,1,221634.919815513,181,0.47941579862710193,2,0,0,2,2,0
711,26,23604.744066648404,12,0.6302472194561579,631,2,6,173147.8461473956,216,0.5137038656225555,0,0,0,3,3,0
712,20,152692.44050130376,19,0.24838360874320753,449,10,1,360914.6243656311,324,0.24026258449893145,1,0,1,4,5,0
713,48,158347.9648619315,23,0.7054608302834863,753,16,5,147058.4657384139,348,0.1246974471236032,0,1,1,4,2,0
714,57,63858.208891496,16,0.4276013337033373,335,2,4,128694.36518329557,206,0.586208166190509,2,0,0,10,5,0
715,53,140880.51985034673,12,0.4425455148147456,719,7,3,181343.69782887114,169,0.7642556740241413,4,0,0,9,4,0
716,41,36727.24598829019,28,0.6493223245768817,321,19,6,92721.45315500205,152,0.9931541035901605,4,1,1,10,5,1
717,23,66268.50795777437,5,0.9362806214689267,505,3,7,349084.30889315484,286,0.7583026172105185,2,1,1,6,2,0
718,83,161822.3578926077,16,0.06400634660862092,655,20,3,310039.12141865306,18,0.793632414255581,5,1,1,9,5,0
719,21,175643.51456603725,13,0.8247432373470076,739,6,0,244024.87438734257,65,0.6164608782287975,2,1,0,4,1,0
720,23,129527.55427876243,16,0.2923831104121931,395,13,0,198211.26073446954,115,0.9859226589700177,1,0,1,9,2,1
721,68,111230.91772768687,29,0.4439194545063778,463,13,0,454985.9587338821,353,0.6399563851145704,3,1,0,9,3,0
722,79,48674.72371141645,7,0.021913328775008956,447,3,10,19416.273569607118,349,0.8602532863997043,0,0,1,6,5,1
723,74,31359.62595424703,10,0.30104607783431303,829,15,0,385708.33303611306,72,0.9457846462409557,0,1,1,5,1,0
724,83,41176.82512524055,19,0.5026312426301305,593,0,4,451445.23801569996,98,0.929858500500561,4,0,0,3,4,0
725,25,60924.31401729778,27,0.05617607734743901,494,16,3,225945.51681781336,269,0.3814153437833565,5,1,1,5,4,0
726,43,81501.41034144575,0,0.49109572938316515,779,9,8,277591.79327797017,189,0.07866205831425865,4,0,0,3,5,0
727,68,88563.7145919777,25,0.9271106288584273,422,15,2,472509.5255016088,253,0.17187370253924683,1,0,1,5,4,0
728,62,82337.91834602064,6,0.10539321810780522,699,15,6,110077.37006632963,214,0.05922330539660747,2,1,0,5,3,0
729,61,63029.959795507806,20,0.7644407280755043,751,7,10,262466.749653419,42,0.10539693482914003,0,0,1,2,2,0
730,22,111750.36441530567,20,0.40967105337599263,403,6,7,239986.9579284654,300,0.18465124589369764,1,0,1,9,1,0
731,43,168551.49948192143,16,0.655173714524338,761,5,5,132904.3606958332,91,0.34109431658740175,4,0,0,7,5,0
732,85,70346.63692486627,29,0.26023659798522936,695,15,9,410203.6490346884,22,0.5435396465750758,4,0,0,6,4,0
733,36,189629.66343840197,9,0.1594922625413583,636,19,0,450302.29440780176,265,0.711682059355086,0,1,0,5,2,0
734,37,177200.59911029262,10,0.16046261427122643,441,15,7,392056.6269951634,298,0.21092733610651193,4,0,0,4,3,0
735,29,49117.55804337973,21,0.07049194564314465,616,6,9,101702.68562006115,187,0.6725224042381394,5,0,1,8,4,0
736,64,161529.67221627702,29,0.18564670490124302,826,8,2,47940.574573183876,137,0.7042590745024196,4,1,1,2,4,0
737,18,123425.72881719799,8,0.6642193849889683,700,13,7,304695.02022614446,58,0.5586223368661895,3,1,1,8,1,0
738,31,121983.56519085534,8,0.881690611843508,609,10,3,33261.90645239255,217,0.9036178697987106,2,1,1,1,3,1
739,81,90387.6973504714,23,0.8141256855911618,794,13,7,338048.81483625167,118,0.11099481392181065,4,0,1,10,3,0
740,55,110207.53985276175,4,0.6851343098744841,408,6,10,267559.9890619851,286,0.17712145760241949,3,0,1,1,5,0
741,54,91492.17993725798,16,0.11043186341110267,671,0,0,333078.93770811346,348,0.42866482438948483,1,1,0,3,1,0
742,28,117151.87137678971,8,0.28918744629594983,505,12,2,297134.5329566233,134,0.12671273523423887,4,0,1,5,5,0
743,20,133031.00949907445,16,0.309806875322469,342,19,5,214237.77191595052,145,0.5662961437240874,5,1,1,6,1,0
744,50,141374.6851536287,23,0.24995694639762123,544,2,8,104434.20416941299,118,0.3984004666094244,1,0,0,4,3,0
745,23,115846.61466069671,20,0.5150056597097231,586,19,1,156322.55722619183,316,0.28459579453591843,4,1,1,7,1,0
746,67,149855.9721191717,18,0.5355538148796726,654,3,10,264627.7842383933,340,0.16998981301763727,0,0,1,7,1,0
747,27,45430.048869591046,26,0.3568859751711102,775,10,0,327674.70635556494,61,0.3353382383482103,3,1,1,2,1,0
748,22,58156.84836240293,6,0.353789158736436,382,1,9,390844.0933578416,348,0.607959350832342,3,0,0,2,2,0
749,40,167372.3007333686,22,0.8285555979060814,409,13,2,384749.5056322851,106,0.5757852108894116,0,1,0,2,2,0
750,27,78055.03601235474,8,0.7892928483196856,489,11,3,486480.92791423725,279,0.16362400021023382,2,0,1,2,3,0
751,61,24120.888495701645,6,0.30779583168074565,550,16,10,146491.51708838769,34,0.12491981074063341,5,0,0,9,1,0
752,19,47682.40694024559,12,0.9137884438732593,590,11,4,40199.80056565121,65,0.02667676260887253,3,0,1,5,3,0
753,30,60250.59820933602,10,0.952815017002506,500,11,2,176100.18309322034,265,0.012425593793932266,1,1,1,8,2,0
754,57,192318.1198210257,13,0.32674254203004083,625,0,9,372930.76523591793,246,0.8798104357196852,5,0,1,5,1,0
755,19,123147.45720755287,18,0.35442494879305486,810,12,10,221865.26726148112,70,0.04508885600538992,3,0,0,5,5,0
756,82,187891.53328572586,10,0.5056341534219588,708,13,1,409805.2731417626,175,0.7312211098732463,2,0,1,1,2,0
757,80,123529.4030893925,12,0.9411208125336735,807,1,1,276916.5507670774,270,0.871985096244957,1,1,1,6,2,1
758,34,106283.79922481332,30,0.8763194331423115,371,11,6,465246.902702099,325,0.09805784856245758,5,0,1,4,2,0
759,26,76470.9844149373,13,0.1025679625835898,546,20,8,474192.40378953906,227,0.4363014238330176,1,1,1,3,1,0
760,32,129146.7699980076,12,0.3927307432714162,643,15,9,39305.73047928061,194,0.9623029831742766,0,0,1,6,4,1
761,41,45055.64443115537,0,0.5533711897497718,353,3,1,230924.65265765003,68,0.8341386605235851,4,1,0,2,5,0
762,55,181687.09291268708,7,0.50313247255154,827,7,6,306796.08531853615,156,0.48970403185785505,0,1,1,8,5,0
763,52,169279.83292543105,11,0.19386306793689267,831,1,6,131656.90770204534,101,0.7625711127915529,5,0,0,1,3,0
764,66,77155.66061781267,18,0.8588167711681547,492,9,10,206503.0057925952,322,0.8333776244316639,4,1,1,9,1,0
765,79,191503.554968233,11,0.6769407829968374,357,8,6,340452.36285326065,56,0.3480269631887193,0,1,0,8,2,0
766,77,168536.13813480226,7,0.8379083748518036,736,14,2,117233.4423146889,268,0.8921529168699609,4,0,1,1,4,1
767,67,139935.23945030716,7,0.8587642793494722,410,12,6,302980.76972235396,32,0.4704733196771568,3,1,1,10,1,0
768,26,41917.14400254947,28,0.7483558536657398,428,16,0,350236.6749413315,32,0.52780736355883,1,1,0,9,1,0
769,51,106082.124148653,20,0.43921060124971734,625,15,9,49795.673992454045,63,0.999707637821831,4,1,0,2,4,1
770,52,111099.35987241515,12,0.6105467550154245,307,1,0,251277.01143358913,349,0.8433029661521613,3,1,1,3,2,0
771,18,61859.244505768416,11,0.16036540611974315,328,19,4,135224.61481247444,182,0.36177000577298,2,0,0,2,1,0
772,57,34393.77098467435,28,0.6736454174749077,411,19,1,363571.24621903204,78,0.010345596472699947,0,1,0,8,5,0
773,81,159810.25348490468,15,0.17925325573928075,430,13,8,98829.97672578554,124,0.6261740737938947,2,1,1,2,5,0
774,39,41966.309382391104,0,0.6939495905101568,487,2,6,446657.7681913627,311,0.7039134261281078,5,0,1,10,4,0
775,77,126972.33510111945,12,0.22959816075396866,774,11,3,218315.9615765718,171,0.6508026901433797,3,0,1,2,2,0
776,81,188560.8512990589,25,0.11755130015021997,663,7,3,103011.50000223899,277,0.9678623511632131,2,1,1,1,4,1
777,28,177698.93466764767,6,0.16528449014295743,503,1,1,221820.78919341302,331,0.8629710273321443,2,0,1,7,1,1
778,31,69995.472274867,27,0.001992135219070268,511,3,4,207328.1625902213,243,0.4488316931806485,3,0,0,2,5,0
779,77,173260.75475922777,25,0.7187396178535302,575,13,3,217314.8849493866,336,0.06285748747238096,1,0,1,10,3,0
780,47,20059.851101688095,4,0.7324010490583791,372,15,0,294852.8402812362,79,0.4760587695019969,4,0,0,5,4,0
781,52,23183.8057303863,7,0.5149333499132595,542,18,7,262980.9938322011,39,0.6892440199620231,5,0,1,5,3,0
782,54,128459.5694917157,24,0.1613628010553837,401,1,2,79139.68018204682,127,0.6077098082270046,5,0,1,3,3,0
783,22,85663.6794460153,26,0.08355433751068975,470,11,5,37461.64096008497,62,0.5381370677108849,0,0,0,3,5,0
784,43,89562.95140864649,13,0.01912896643728701,487,13,3,366060.6471196376,192,0.4688189580152413,4,0,1,3,4,0
785,79,121599.39632219885,22,0.1657481769652207,740,5,8,282060.1307845152,271,0.2937618730273863,0,0,0,6,3,0
786,21,54520.842006534906,29,0.8908555349831467,385,12,6,182705.38019923554,90,0.27734676172462924,5,1,0,4,1,0
787,59,58115.9631197861,12,0.24153684170168177,775,3,8,405137.1221365466,284,0.5002314789258019,4,1,0,3,2,0
788,35,107228.28566339564,14,0.35427132721721566,351,17,9,197088.9447591737,119,0.160603146429649,2,1,1,2,2,0
789,57,155765.63798189536,22,0.10534548448133318,410,11,2,399002.71935230074,85,0.3406854235748016,1,1,1,3,5,0
790,56,131509.59525336578,16,0.22236130474817029,342,19,0,156349.28311862546,186,0.3239792747100996,2,1,1,4,4,0
791,31,73523.90868263101,14,0.5192245707802051,510,20,4,41058.42228487388,195,0.5871328015842009,1,0,1,6,4,0
792,49,97460.69195160581,19,0.6077526830956526,499,18,2,466656.6484309649,34,0.06668230036302458,3,0,1,4,2,0
793,68,50719.65653899971,17,0.24535231416621106,325,7,5,200302.8089942797,285,0.8296686802650951,0,1,1,8,1,0
794,55,33433.36658067471,17,0.05773215922511721,598,6,7,397382.8235604421,140,0.5623783803844021,0,1,0,3,2,0
795,40,160885.28733394685,1,0.39103286912739865,376,15,10,143176.34594504072,302,0.6708266807759353,3,0,1,3,2,0
796,80,67769.73365387502,3,0.23420337092633414,436,18,3,324950.73050120973,331,0.7030939037594328,4,1,1,3,4,0
797,32,51997.94981322468,29,0.21955392322980194,319,5,4,437288.8822625755,197,0.2914841368425365,3,0,1,8,3,0
798,42,144491.2500024775,0,0.9598628027134553,739,19,4,25613.791058290262,70,0.4703715673848665,5,1,1,4,1,0
799,34,131249.3013716935,30,0.6163004859257241,510,20,3,416164.7035196142,12,0.9562459558696672,3,0,0,1,4,0
800,83,133974.13268242351,3,0.5568784431720959,850,10,3,287809.8374611047,142,0.7667052379968149,1,1,0,2,2,0
801,70,61201.02887239045,17,0.4157751035233219,734,4,3,305698.5181847418,78,0.9695568752231853,5,0,0,10,3,0
802,68,61876.19694128258,4,0.42894433343014426,506,15,3,263963.21039896144,304,0.7462543451462883,3,1,0,2,1,0
803,56,59744.47336141505,18,0.5409050038380808,738,6,3,437865.17612540297,296,0.1756001397085174,0,1,0,3,5,0
804,68,51275.46721921301,14,0.6964298070361072,341,4,4,26499.511831640542,100,0.06453588384467623,2,0,1,6,1,0
805,23,138030.26106109814,27,0.7021460961818294,710,10,1,134209.05381024483,111,0.5776614367196636,1,0,0,8,1,0
806,84,172642.85934489226,7,0.17169390770544957,822,14,1,438502.4567352819,200,0.35781327970260957,1,1,0,1,2,0
807,24,150377.14454179903,19,0.500112752076627,726,2,8,377411.1227533182,357,0.2754579101381702,4,1,1,9,2,0
808,68,162576.85407689778,16,0.41195809503410197,574,4,1,13734.354288409893,252,0.8072109964254175,2,0,1,1,5,1
809,59,92863.71723533596,0,0.8705269662693842,747,20,5,260918.1101888058,281,0.36699326708194735,1,0,0,10,5,0
810,81,137733.64316695966,11,0.6314189212183764,668,4,1,267138.47695277404,230,0.3170009697343039,3,0,1,2,5,0
811,32,83762.52328005942,25,0.5325040664159818,519,8,4,203436.65688831563,187,0.8499875931690104,1,1,1,3,4,0
812,46,114590.8319543552,18,0.11539464217891737,531,14,3,152209.6993706849,352,0.8462873364864602,1,1,0,7,4,1
813,50,106694.27237627521,14,0.6056378893234114,627,2,6,342453.80095410935,244,0.3563666377550566,1,0,1,9,2,0
814,44,51839.686125893786,8,0.11720390568023342,742,5,6,107856.28002885314,162,0.8324987009859662,4,1,0,3,2,1
815,53,89674.17686041354,6,0.33720657556575206,351,16,5,400479.5382254945,288,0.8507784903326605,1,1,0,8,5,0
816,46,193488.00958682317,1,0.14284196481433187,675,20,9,402503.3945798985,240,0.42393053502966627,1,0,1,9,4,0
817,55,64744.446388689576,30,0.6920736470243689,562,7,4,210554.41159854617,182,0.06647313020917156,4,1,0,10,3,0
818,74,44084.67253030797,28,0.2062521138361526,566,20,0,145356.2654002756,234,0.0015846444663401016,5,0,0,7,4,0
819,44,95344.51189230835,8,0.391859373188026,658,10,2,145519.69988740303,224,0.523292462888995,2,0,1,4,2,0
820,72,162260.79245482665,9,0.8956747776187787,616,5,8,243734.205378124,293,0.3440754933703557,5,1,1,4,4,0
821,50,124786.68136039501,1,0.2043163833989703,623,7,0,361191.7162509326,52,0.997131894158366,0,1,1,4,2,1
822,85,142575.46890288402,18,0.5078050639587791,720,9,4,182640.00204196008,133,0.7724109996272842,4,0,1,6,5,0
823,83,54145.07267144189,10,0.419271661166022,345,2,1,306971.456001587,238,0.7612754563504125,4,0,0,4,5,0
824,27,131410.67474138987,12,0.018124041045729733,568,13,3,194329.8079883842,305,0.9552427682873437,1,0,1,5,5,1
825,22,78230.07108406528,9,0.7927581135728128,680,13,10,155738.97862993475,99,0.8877243978933208,1,1,1,9,3,1
826,55,170174.60587185816,13,0.06904590631459973,417,9,0,17305.46037831811,278,0.3181874794563887,0,0,0,7,3,0
827,30,133273.7850819325,17,0.4742550209769536,415,11,2,6937.4823390183665,40,0.16598722160387636,1,0,0,8,2,0
828,48,55794.12999955326,18,0.5606782949389499,559,5,9,117467.80052684221,258,0.7458922650654822,3,0,0,5,1,0
829,64,31631.00237193551,21,0.6284264566145871,374,11,6,206171.11196649275,327,0.378273893682873,1,0,0,5,3,0
830,69,27673.977671665893,8,0.6886316293078756,779,13,9,426374.2778442198,255,0.47317265163095645,1,1,1,7,2,0
831,73,86853.54217702533,24,0.2532723835227151,604,1,2,400249.7002505606,72,0.6303977312748269,3,1,1,8,4,0
832,32,67853.20459777644,6,0.009978776658449373,306,8,3,137246.804981055,158,0.9078726769352407,0,0,0,9,5,1
833,46,136296.22222325145,27,0.723443662354912,665,9,1,126047.51927722817,185,0.41908775367096596,3,1,0,2,5,0
834,25,109880.09029615129,2,0.5356565993475786,822,16,2,117524.42517966358,289,0.7833168902193614,4,1,0,3,5,0
835,22,67883.47004096853,19,0.8361177032072488,647,16,8,172922.48356178918,345,0.26833979127465746,3,1,0,2,2,0
836,46,46862.8000310317,5,0.8213883629006943,737,2,2,251608.36618303426,153,0.6979717909236136,2,0,1,10,5,0
837,64,42895.95728374092,26,0.8433261677878832,514,18,10,222140.54715562987,55,0.001579421077911869,4,1,0,7,3,0
838,85,175638.87058527517,20,0.48509465997954015,728,0,4,113045.23339683941,155,0.8715072134906348,1,1,1,2,4,1
839,62,63826.0343128761,1,0.33362839583686565,797,11,1,69573.44792209093,344,0.0303795799544625,4,0,0,2,5,0
840,19,137307.9166239743,28,0.79155820259137,839,6,3,11226.017180666715,66,0.7127537547625842,0,0,1,2,2,0
841,44,165923.46703752794,5,0.45129411302925493,666,3,6,81211.80313991942,318,0.04625818926128389,0,1,1,4,4,0
842,53,130534.6360132525,2,0.1834421964034345,612,9,6,354151.40324608854,172,0.26624569939400344,3,1,1,1,5,0
843,53,174721.74169645025,15,0.8549740195614743,837,12,2,125601.09182606355,296,0.4972024035565531,4,0,1,2,1,0
844,43,90630.86987512541,29,0.8825598767723473,353,1,4,236957.89601014735,336,0.4199386853482382,1,0,0,3,5,0
845,60,192119.99431681068,7,0.4663097561401701,840,9,0,297694.0687170061,209,0.19183611460101058,0,0,1,7,3,0
846,44,43966.10075205745,1,0.07569972730978747,766,20,9,443986.2469016455,170,0.3338149117092374,5,0,0,10,4,0
847,37,38386.915338356856,16,0.38782608991693124,463,3,9,444983.27370474266,91,0.7277063700609671,1,1,1,1,3,0
848,28,138564.58631733985,8,0.8035376594626034,633,17,9,374138.1981722727,42,0.6692570925796483,5,0,1,6,1,0
849,55,189709.6054543871,29,0.9017740285462287,846,4,10,22402.711064008203,123,0.0718145837639157,2,1,0,3,1,0
850,23,165599.02309453906,11,0.20347274249759584,647,18,0,289659.8574472804,57,0.7473158255728863,5,1,0,3,3,0
851,40,33755.03469884926,2,0.06697361202527152,572,1,4,394358.8180615957,216,0.053045881197028355,0,1,1,4,4,0
852,64,70286.18850824895,10,0.8773504531328387,713,11,9,13557.582157864788,63,0.5429263890997844,3,0,1,4,1,0
853,63,187457.39927080827,0,0.3894049389788753,799,16,8,277093.8837600062,149,0.26006274804219065,2,0,0,7,1,0
854,29,65550.51790414122,22,0.5417609642675633,392,9,0,429593.2521640846,85,0.5876901275598189,4,1,1,3,5,0
855,30,160610.67628164546,12,0.9680658120507589,378,1,0,239680.52754192214,52,0.26132839594090185,1,1,0,8,2,0
856,79,168523.7952671667,14,0.06656472791422285,516,5,3,7032.570434236984,88,0.984957969625831,0,1,0,8,1,1
857,77,109181.37862297673,25,0.6483180074520956,657,7,3,10451.612376125693,198,0.30972818372753186,2,1,0,7,4,0
858,60,89542.80377269679,4,0.07410542257486707,806,18,1,211234.8385198065,63,0.241960635674496,2,1,1,2,4,0
859,85,101022.39783555674,20,0.3754689284665004,480,10,8,81729.29037129351,98,0.278465290915346,0,0,1,5,5,0
860,22,60853.644985765546,29,0.8038145451934468,545,11,8,333903.07526116347,120,0.8964728572592954,4,0,0,6,4,0
861,54,180090.36490319198,16,0.4334722327556344,543,8,1,355855.6361285462,236,0.6362188286693448,4,0,0,10,5,0
862,48,101111.53821135643,30,0.9971823539029504,805,1,8,93050.49875301115,259,0.7306840974207764,3,1,0,4,1,0
863,26,178842.69928209798,30,0.5590592849466022,721,7,5,444823.97781962,80,0.9180105100943504,5,1,0,10,1,0
864,68,39024.82638312934,24,0.3211621526359535,619,10,7,223744.3832645683,131,0.9118724848450075,4,0,1,5,1,0
865,46,197889.54878002364,22,0.22011132590475313,386,20,9,75708.72425800224,78,0.7389458465787275,3,0,0,9,1,0
866,57,99789.15573985128,23,0.3505205342861618,516,3,3,383304.5410443508,72,0.1978244288413229,5,1,1,7,2,0
867,58,28609.547670938984,24,0.3725332737595508,789,9,1,396037.37750830257,338,0.8433733206750055,2,0,0,2,2,0
868,28,26843.932682741884,5,0.06871367772396098,818,20,1,321451.2589694015,202,0.20377603419106372,0,0,1,1,1,0
869,40,154317.30634673094,27,0.36957419942677316,577,19,8,427465.4488352638,200,0.742898814098432,4,0,1,2,4,0
870,18,138626.39615666255,20,0.4642385197392249,468,15,0,369999.6211551823,162,0.6856030665448744,3,1,1,3,5,0
871,63,164383.50046296575,21,0.7227377522388047,629,7,6,441691.83992736036,297,0.7588888501404466,2,1,1,2,3,0
872,38,38966.15611150507,10,0.656729484721608,740,3,10,219774.58400031234,107,0.5326856807138157,4,0,1,3,5,0
873,53,26402.756066398702,17,0.7087656552291542,690,9,2,375060.578409224,323,0.6387261822492196,1,1,0,10,3,0
874,71,111544.27210056412,3,0.008363681876857099,795,11,2,499877.02389737696,320,0.9533200804342553,2,0,0,9,3,1
875,74,89767.14166689852,2,0.21766739958053605,680,13,1,363840.9427722115,274,0.1010885941742149,4,0,1,4,1,0
876,18,103150.44860077204,12,0.6616842883998565,605,15,9,61520.97121738042,108,0.30884727478162,2,1,0,9,3,0
877,80,198485.9135966493,22,0.48398936817974714,812,17,5,261567.7676024456,124,0.6113570130983824,0,1,0,3,1,0
878,71,194734.99238072062,8,0.005313475668345946,487,20,9,295737.15666529885,136,0.9640541301314893,0,1,0,1,2,1
879,72,189616.7701411747,20,0.8044946424318223,815,20,1,91234.28416033853,143,0.09557444766260115,0,0,0,5,4,0
880,57,161091.6818181813,5,0.7728095732903374,726,11,9,481631.3589181286,132,0.022549221530086427,5,0,0,10,3,0
881,32,83871.44484624028,25,0.5484191629935626,801,17,3,91911.98992913507,208,0.05574959847032801,1,0,0,10,4,0
882,38,94183.56744729889,29,0.06646332577627212,559,6,9,92891.17025804527,305,0.05240568646119881,0,1,0,2,1,0
883,64,118930.8878694064,27,0.7665150495325846,812,19,8,458007.7332974047,133,0.9078158577774044,1,0,1,4,3,0
884,70,169496.20215287118,11,0.583713587731364,370,6,8,235276.68939522718,293,0.7212579079338247,0,0,0,2,5,0
885,26,32368.3098532882,1,0.7819599771579592,777,8,5,36278.19824088552,271,0.6771063661962783,5,0,0,2,2,0
886,69,96373.43945927986,2,0.7517469923958404,477,0,3,301102.81246957165,50,0.5225728202618095,2,0,0,3,2,0
887,74,34871.17942266836,2,0.8030020719578371,756,5,6,302904.0425733587,65,0.7819526169721519,4,1,1,5,3,0
888,43,112638.36558323208,27,0.5180080664046248,488,5,0,36927.87554984809,172,0.1556479927615908,4,1,1,4,2,0
889,58,181802.14832112237,11,0.140324518193515,590,11,3,486398.6353386627,300,0.3919411897884374,0,1,0,2,5,0
890,52,160847.28642150882,14,0.6711574733796887,819,11,4,274294.8328208149,211,0.4900042507643435,4,0,1,10,4,0
891,80,61011.635157759796,8,0.6204737850519706,591,9,7,282098.8824789833,287,0.11040949767672625,0,0,1,2,5,0
892,42,195678.35292778263,30,0.7422531871990872,582,5,1,262457.1301786853,27,0.41951370933751697,0,0,0,6,2,0
893,55,140123.0716483571,22,0.1698810060507353,843,16,4,307312.2309240869,184,0.31650177926262035,3,1,1,7,4,0
894,19,21876.985891532553,7,0.19497519990028922,676,18,5,135828.37762300868,259,0.03558214579346264,3,1,0,10,5,0
895,24,65974.42724333951,10,0.8904095172193285,455,17,4,147184.46724754618,229,0.13673540272923523,3,1,1,6,1,0
896,51,66928.39398558497,15,0.7499777984520708,807,5,8,258112.8494490857,98,0.7640368231674718,1,1,0,7,1,0
897,34,32465.775131454786,25,0.9082284887003229,712,18,9,404309.4981079719,93,0.018037909504644456,3,1,1,1,4,0
898,60,192768.77325366723,26,0.7587153211639207,827,9,0,29682.965364618536,73,0.9342532990963611,0,0,0,6,4,1
899,76,106085.95302366627,24,0.5971553059903019,654,7,2,303685.08504902176,298,0.08642463244723742,5,1,0,3,4,0
900,68,181246.62752693874,21,0.6541327370278737,486,20,1,404355.1805406254,53,0.7992380942034581,5,1,1,1,1,0
901,71,77998.7906200331,3,0.88912792394001,330,5,2,82674.04965842745,23,0.8986165409434708,2,1,0,8,5,1
902,41,42542.04267790888,27,0.5788067545119405,559,20,9,12436.158280380316,332,0.9411355848504471,3,0,0,4,4,1
903,42,105380.4997831185,0,0.6323913243283874,720,6,8,159793.08109502174,245,0.8674770234959726,5,1,1,10,1,1
904,69,40512.194248577085,23,0.15647671600360058,828,0,8,296131.1348311511,340,0.2875500394254432,3,1,0,8,4,0
905,50,107482.79053595719,6,0.4739212201161027,850,17,9,73450.17083535012,142,0.333087131338477,2,1,0,10,4,0
906,66,185653.4926194934,1,0.716397111958099,603,19,1,215930.57363138034,126,0.42654569861007596,5,0,1,4,4,0
907,46,113738.26553015829,23,0.2709426983163654,338,11,2,278399.1412002676,229,0.13929668940710083,0,0,0,4,1,0
908,80,130969.95084111503,27,0.20225418052453492,788,15,3,301447.131904872,148,0.022272455067223862,1,1,1,10,5,0
909,39,48194.918655285495,4,0.31382680822441555,841,9,8,140833.8018951857,117,0.8691216142810346,3,1,0,4,1,1
910,43,27872.412658394507,6,0.24150062799283345,577,9,2,203014.66981321422,190,0.5541287162104563,5,1,1,6,1,0
911,45,39945.433192365264,3,0.21491263703639585,502,13,6,390277.91838844155,27,0.6087229421782163,5,1,1,9,4,0
912,66,127735.68362318582,4,0.42485084286808694,365,19,2,470901.2735897393,253,0.9269884748177953,2,0,0,5,3,0
913,66,37102.105818614844,23,0.9078385138835341,407,9,6,431630.76390353736,345,0.6651201781136157,0,1,1,10,3,0
914,37,87678.72018943605,0,0.5070596467387183,567,9,6,284320.3333580488,237,0.6908535043398134,4,0,0,8,3,0
915,80,119016.54928246808,0,0.18792038081532303,521,10,8,208094.93745725355,253,0.7869686484367422,5,1,0,8,1,0
916,78,89957.50375337247,14,0.07697166938087407,829,1,1,169813.524113852,152,0.11634844985740378,1,0,1,4,4,1
917,66,49463.08426375427,19,0.6961561451379252,389,19,5,66853.50021158895,210,0.3601621532137915,2,0,0,10,3,0
918,18,69282.43535253918,18,0.38279876443638783,554,7,8,57742.867371975924,123,0.9682079277033663,5,1,0,9,2,1
919,30,187097.15591274385,28,0.8218309465853593,754,6,1,345737.02433226054,138,0.9229300781006066,5,0,1,9,2,0
920,68,141676.80960554397,9,0.6595107686407702,552,7,1,133598.2360047244,32,0.8840752963101848,2,1,0,5,2,1
921,73,109288.61096237958,27,0.7962414505413685,556,0,4,131057.53478406116,158,0.45208851033897246,2,0,0,6,5,0
922,79,22288.68019764083,17,0.27194603941844875,682,20,9,499106.5519665039,100,0.8571929535868057,3,0,1,5,4,0
923,49,198634.77208810463,27,0.6923589224610581,741,1,9,98023.34914752873,314,0.048395881945765606,5,1,0,3,1,0
924,47,140861.8882810358,2,0.2640619846937188,389,17,9,78289.58094697067,214,0.14851742425711745,4,1,0,8,1,0
925,46,77046.0459220901,10,0.9390684794502916,689,14,7,53849.187741160706,96,0.4139676984840541,1,0,1,9,4,0
926,66,178268.35879961087,14,0.6363742815333744,343,0,10,292003.6458575641,178,0.4833920666821264,0,0,0,4,5,0
927,62,66517.69165252725,30,0.3245118001753421,318,4,8,315792.5938710402,83,0.26350715352085685,0,1,0,9,4,0
928,47,117922.98425289529,26,0.26951186229227264,400,1,1,185787.82349715655,309,0.35647667084778745,4,1,1,9,5,0
929,33,134492.7374713685,29,0.1909265850716435,656,19,4,270029.6010781765,20,0.16277610102536877,2,1,0,7,3,0
930,57,59791.40686167112,10,0.6946409588937278,841,2,6,395257.7678177317,292,0.4891340317159072,2,0,0,8,3,0
931,36,196111.51018410726,16,0.2187156129979273,332,18,5,409961.56331926543,269,0.7938432928678613,2,1,1,3,5,0
932,35,154674.54307621956,16,0.5953032659274891,528,17,5,479166.4774792459,286,0.6613603936613057,5,1,1,5,4,0
933,18,120406.3805919926,5,0.26463502692535734,823,17,6,413012.6530318229,249,0.10779224736554127,2,0,0,3,3,0
934,64,52507.027671554155,4,0.6619689447938686,454,13,2,284596.5111751262,31,0.4875816033967161,2,1,0,7,4,0
935,83,29694.4772596447,7,0.8149397285405392,722,7,2,93930.19808923877,244,0.6976463827797249,5,1,1,6,3,0
936,55,77610.76985377702,1,0.7780252431446532,545,11,9,54382.96106290699,232,0.5298952965539412,5,1,0,3,4,0
937,68,155573.7204644125,15,0.7608513309307817,704,20,8,31983.385505875303,337,0.39167559653554895,4,1,0,9,4,0
938,80,68479.63369436451,19,0.18772240569225207,840,9,7,334930.2867337649,28,0.6219144212838782,3,0,0,1,2,0
939,21,117120.11968919092,23,0.08838494698451871,460,19,4,404730.4464220066,100,0.9686386653002755,5,1,1,10,5,1
940,18,151030.49181153375,11,0.6989488284873856,416,16,5,256798.5555886191,207,0.09490790976607799,1,1,0,3,1,0
941,25,39429.86863636358,5,0.3683472137943513,570,10,10,32083.51654265177,95,0.3900160607475607,2,1,0,10,5,0
942,46,143353.6429008572,0,0.4323462264033473,786,1,9,270057.9344227124,98,0.40660585304609564,3,1,1,7,4,0
943,72,36536.75978780804,30,0.031149092793391064,471,3,0,468195.88445465243,318,0.576967310468371,0,1,1,3,4,0
944,20,193723.3535828594,3,0.2595764492750492,573,0,9,300818.5295115679,349,0.1521746018819179,4,1,1,3,5,0
945,49,107910.94341168912,16,0.03367640387446402,558,14,0,405666.60678909335,165,0.17664302987046954,3,0,0,2,4,0
946,27,47121.69938777793,12,0.8791857726012476,434,12,3,401075.5609539166,239,0.28536138599785466,5,0,0,9,3,0
947,51,81629.05448603837,17,0.24339668321853047,721,7,1,466403.90439142316,275,0.9558700432685195,2,0,1,4,4,1
948,72,94414.96087314707,4,0.557337169573008,720,3,10,386263.2389966873,234,0.7341085812309026,2,1,0,10,5,0
949,49,156473.30199377672,29,0.03897932066113041,485,9,6,375111.75443647936,132,0.6616933016915032,2,1,0,6,5,0
950,67,153816.28149378966,23,0.6668473913056581,663,18,1,120880.81916046709,184,0.8169576873942622,3,1,0,2,5,1
951,24,130149.29096071959,23,0.32302734575409386,677,17,9,34662.95188393531,15,0.12757646891669294,2,0,0,9,2,0
952,25,39067.528260528736,26,0.8979191869576658,822,4,1,261211.73520163482,353,0.8593328197237516,5,1,1,7,2,0
953,82,47282.48688578124,2,0.8881181889340358,495,18,4,66594.93293364382,139,0.594832713887504,3,0,1,10,2,0
954,74,36876.245716200196,10,0.3252906183617478,397,15,3,481286.9587576057,121,0.33532900745893546,2,1,0,5,2,0
955,84,123891.10099175901,12,0.9009608956904679,321,0,7,148512.75750334916,48,0.8158552557456904,0,1,1,7,2,1
956,76,177884.91947205272,3,0.9961576734987788,749,11,3,427207.3806752251,82,0.8025645343486241,0,0,0,4,2,0
957,71,98084.09220585892,25,0.8254156641239481,471,1,5,196874.18947521737,300,0.8457085817167271,1,0,0,10,2,1
958,84,48952.67131239432,26,0.844871347755229,682,20,4,164981.15367940182,42,0.11551790010698215,2,0,1,7,5,0
959,68,120447.61852681407,13,0.2490087361090899,433,7,10,467903.4933264275,279,0.969361244995776,2,0,1,2,1,1
960,25,166115.39903582778,21,0.5767023988577563,725,17,1,184844.67318268088,22,0.9596261537897312,3,0,0,7,2,1
961,51,153508.17107232742,10,0.06725591396736785,324,15,10,198192.51478825253,355,0.35746964550174154,3,0,0,4,5,0
962,52,178661.14034150384,26,0.09491793682166971,802,4,7,57515.43090839004,339,0.06589401821191965,2,1,0,4,1,0
963,49,70022.37750479621,9,0.9988926120332906,484,12,1,336871.0993148421,43,0.1670556694687857,1,0,0,1,2,0
964,63,54911.696108199474,18,0.32663924942591094,384,18,8,147975.51016636917,68,0.992830825444697,2,1,1,3,1,1
965,33,178366.96746954898,17,0.7481839120488464,443,2,8,294874.06308055605,177,0.5630129431716631,5,1,1,5,1,0
966,85,138360.85630004416,5,0.8066650530268165,711,7,2,297719.0935063387,199,0.35662179882605205,3,1,0,5,3,0
967,54,75967.20740135974,26,0.8580232710072292,523,11,3,361003.8493199047,353,0.2882026938500388,2,1,0,2,4,0
968,71,153622.64910305166,28,0.9976282974021565,519,1,7,373894.5356553584,30,0.25699173531094754,3,1,1,4,3,0
969,31,166721.30920646622,14,0.24149648525686784,478,10,8,259653.95502876202,127,0.6641527650544821,2,0,0,1,1,0
970,72,130696.08326140382,20,0.04035082685969971,732,11,2,168841.01406368447,195,0.41938783151968595,4,0,1,9,5,0
971,65,143819.1397783847,29,0.411191517994586,564,17,4,419538.19294319325,281,0.9654106993686116,3,0,0,1,2,0
972,24,87546.78279967993,9,0.13008066982894695,728,12,10,158383.49645719994,44,0.6838430306453614,1,1,1,6,4,0
973,24,116965.22012174703,4,0.022425889162055124,715,4,7,256217.00176231907,21,0.7920445910489612,4,0,0,7,2,0
974,50,114348.65073070921,25,0.3604268271414861,752,11,2,203620.02868584538,91,0.2927415485831599,5,1,0,3,5,0
975,40,172648.60240353894,28,0.7837382510752364,496,1,6,428263.8010549956,203,0.07918640910862584,2,1,0,1,4,0
976,36,171193.51645079287,4,0.5661806912250709,352,4,10,218799.67291718526,331,0.48782283738188104,5,1,1,7,3,0
977,36,169882.4844824678,9,0.31277798921035405,779,6,7,196119.09847455472,201,0.3145815465462273,3,1,1,3,1,0
978,53,21985.690567243844,27,0.6543420054927197,742,11,9,346462.72798433056,79,0.20208316500792367,4,0,0,10,5,0
979,46,154918.18720439987,4,0.23201818030881072,629,15,10,303208.3493814141,359,0.9526421308008614,5,0,0,6,1,1
980,77,156561.75021998087,2,0.014381446072085025,550,7,2,58087.182580443805,136,0.4439882143420303,1,0,0,6,1,0
981,19,142108.1881139255,22,0.7643533864364274,422,8,1,256543.5591402618,347,0.17470859204878564,3,0,0,4,2,0
982,18,156127.63842046147,5,0.6237430848640091,686,14,9,369061.80222495756,70,0.19865065268113913,4,0,1,6,5,0
983,64,171554.66686940758,3,0.76230262450096,638,4,6,496077.0084727213,108,0.280709742464594,5,1,1,10,1,0
984,37,104657.42973832141,17,0.03893801668766561,647,12,8,316427.682815308,286,0.9993162681897128,4,0,1,4,3,1
985,28,110369.03842792049,27,0.8371196278306522,328,4,0,188295.0678884523,160,0.2680115005195973,4,1,0,8,4,0
986,19,42448.530244050286,8,0.6195262000363033,334,10,2,116945.04190204862,289,0.32880180457845365,5,1,0,9,5,0
987,84,89367.65894852513,16,0.5633953507126401,817,9,4,437050.96590589354,276,0.6593281279840014,0,1,1,2,2,0
988,29,135805.73238412116,28,0.6246140481145316,695,19,2,408209.7799961839,20,0.2939613764102983,2,0,0,7,5,0
989,37,160471.9597065094,12,0.8644332468683641,593,12,0,120791.79628579551,294,0.21580425105969336,3,1,1,9,2,0
990,22,59097.6375844179,26,0.5869365065589071,648,8,6,104312.88462255386,284,0.1586371866495987,3,1,1,9,4,0
991,54,44808.12184866237,14,0.5809503798881793,446,20,6,358992.70452153194,312,0.3126826650277922,3,0,1,5,3,0
992,55,139347.5608100886,29,0.9906791570657658,366,13,9,160901.27064978593,19,0.10591568962877351,4,1,1,1,1,0
993,26,20338.379034483914,19,0.756730167068568,819,17,7,156667.40518916913,219,0.018646586414782895,5,1,0,6,5,0
994,70,52107.06517531937,16,0.4422938054511353,421,14,4,80383.67229848936,136,0.8046416973346773,2,1,1,8,2,1
995,61,25232.84846191167,12,0.7073970000329277,639,9,9,135667.8822563658,134,0.13789494241457656,1,0,0,1,4,0
996,41,50039.32121387677,15,0.3892304716917885,474,6,4,216616.24100836154,44,0.7759768498152423,3,1,1,2,1,0
997,47,52637.47038659094,21,0.228875462483499,750,7,4,367754.9769498457,12,0.7975424789866598,5,1,1,1,4,0
998,76,89781.24705507095,3,0.5968518768877594,435,2,0,171472.50673480614,215,0.5379195263292431,2,0,1,5,3,0
999,31,92418.88244358008,4,0.9281820981139515,315,14,9,167659.14804252214,17,0.3096819583129514,2,0,1,2,1,0
