,Credit Score,Debt-to-Income Ratio,Monthly Income,Monthly Expenses,Credit History Length,Number of Open Credit Accounts,Payment History (Late Payments),Number of Credit Inquiries,Age,Gender,Marital Status,Zip Code,Education Level,Occupation Type,label
0,800,0.28857575706881633,23911,13505,7,3,1,4,24,Male,Single,69199,High School Diploma,Blue-collar,1
1,809,0.8790853680624475,25319,12860,10,4,0,3,60,Female,Married,27628,Bachelor's Degree,White-collar,1
2,513,0.7228100871977612,33036,5836,8,7,0,1,33,Male,Single,22172,Master's Degree,Blue-collar,1
3,820,0.3708622954926062,18705,7248,6,7,1,4,18,Female,Married,51152,High School Diploma,White-collar,1
4,752,0.009000078459490912,10227,12972,9,8,1,3,22,Male,Single,54034,Bachelor's Degree,Blue-collar,1
5,576,0.846401032313251,49027,6875,4,1,2,3,41,Female,Married,38165,Master's Degree,White-collar,1
6,750,0.9938112387838142,10014,2181,2,7,0,1,22,Male,Single,41750,High School Diploma,Blue-collar,1
7,683,0.605465223240097,17012,15605,2,3,1,1,33,Female,Married,70880,Bachelor's Degree,White-collar,0
8,546,0.4583243608271216,18183,10725,10,8,2,2,43,Male,Single,25485,Master's Degree,Blue-collar,1
9,604,0.955491222656808,47554,11516,4,5,0,3,41,Female,Married,69358,High School Diploma,White-collar,1
10,825,0.8673646003772749,46994,6261,10,4,1,4,48,Male,Single,70491,Bachelor's Degree,Blue-collar,1
11,657,0.0027810119183168114,43907,14087,9,7,1,4,38,Female,Married,43744,Master's Degree,White-collar,1
12,583,0.5288158612377738,42403,6299,2,6,2,1,61,Male,Single,34485,High School Diploma,Blue-collar,1
13,563,0.0963804207675244,28238,17823,2,1,1,4,44,Female,Married,30026,Bachelor's Degree,White-collar,0
14,751,0.34632178593273555,26862,2905,1,8,0,4,49,Male,Single,75661,Master's Degree,Blue-collar,1
15,808,0.36870763160848397,46191,6904,6,1,0,2,46,Female,Married,17581,High School Diploma,White-collar,1
16,665,0.5882801973785,44662,2656,4,3,1,3,25,Male,Single,92435,Bachelor's Degree,Blue-collar,1
17,760,0.8503670410988402,45096,4056,3,1,2,2,44,Female,Married,24648,Master's Degree,White-collar,1
18,549,0.6610948272560223,34586,18935,5,3,1,3,63,Male,Single,23310,High School Diploma,Blue-collar,1
19,774,0.3497130780226607,16945,11283,4,2,0,3,33,Female,Married,79537,Bachelor's Degree,White-collar,1
20,500,0.500666479947265,37199,4151,10,7,0,1,53,Male,Single,39134,Master's Degree,Blue-collar,1
21,586,0.7059629463332444,36793,19214,5,5,2,1,18,Female,Married,65149,High School Diploma,White-collar,1
22,582,0.5572724795821923,14945,1597,1,5,2,2,47,Male,Single,39374,Bachelor's Degree,Blue-collar,1
23,839,0.3445383012488059,18045,16940,3,6,2,3,24,Female,Married,96954,Master's Degree,White-collar,1
24,671,0.87369285833387,42438,6621,8,4,1,4,51,Male,Single,43855,High School Diploma,Blue-collar,1
25,503,0.14645078350365281,15231,19478,6,8,2,1,49,Female,Married,75765,Bachelor's Degree,White-collar,0
26,825,0.925720955798716,30965,6574,5,2,2,1,39,Male,Single,27726,Master's Degree,Blue-collar,1
27,608,0.8934839662504596,27899,2234,7,5,1,1,50,Female,Married,30637,High School Diploma,White-collar,1
28,542,0.21184098196244971,30251,5935,8,3,0,3,29,Male,Single,93003,Bachelor's Degree,Blue-collar,1
29,663,0.7347974616111375,28463,12590,2,3,1,2,19,Female,Married,85387,Master's Degree,White-collar,0
30,666,0.7901105107442363,11842,9541,1,2,1,3,18,Male,Single,65106,High School Diploma,Blue-collar,1
31,603,0.5025224871847371,34620,7749,10,4,2,2,23,Female,Married,89572,Bachelor's Degree,White-collar,1
32,815,0.13268637710603182,26977,6017,10,5,2,4,21,Male,Single,98800,Master's Degree,Blue-collar,1
33,660,0.26734798003173765,42736,12982,1,4,0,1,39,Female,Married,56502,High School Diploma,White-collar,1
34,791,0.766820457296148,36727,9325,6,3,1,2,50,Male,Single,70899,Bachelor's Degree,Blue-collar,1
35,564,0.8489939358373313,23778,8141,7,2,2,3,61,Female,Married,84806,Master's Degree,White-collar,0
36,556,0.41145666019409766,12045,17113,2,8,1,4,64,Male,Single,55815,High School Diploma,Blue-collar,1
37,723,0.2966308280391503,18124,19553,1,2,0,3,38,Female,Married,29054,Bachelor's Degree,White-collar,1
38,565,0.40800406932827404,21481,11454,7,5,0,2,63,Male,Single,33709,Master's Degree,Blue-collar,1
39,572,0.5196481650258185,39849,7484,7,7,2,1,62,Female,Married,91840,High School Diploma,White-collar,1
40,611,0.26759993662304427,11925,2538,6,3,2,1,40,Male,Single,51198,Bachelor's Degree,Blue-collar,1
41,574,0.6513642695755792,14943,18666,3,1,0,2,61,Female,Married,22852,Master's Degree,White-collar,1
42,738,0.2902441535268244,27606,10185,9,8,0,1,22,Male,Single,17137,High School Diploma,Blue-collar,1
43,805,0.9933028105127224,48881,10186,4,3,1,1,61,Female,Married,63359,Bachelor's Degree,White-collar,1
44,602,0.40286586609456343,29906,7977,8,1,0,3,28,Male,Single,40225,Master's Degree,Blue-collar,1
45,660,0.3107779595673622,42008,13478,4,9,1,4,42,Female,Married,11520,High School Diploma,White-collar,1
46,778,0.4546480656079923,48911,18571,10,4,1,1,31,Male,Single,52642,Bachelor's Degree,Blue-collar,1
47,626,0.7440073341489611,30140,14598,4,5,2,4,40,Female,Married,64414,Master's Degree,White-collar,0
48,816,0.6203544645927662,20533,12782,9,9,2,3,45,Male,Single,50860,High School Diploma,Blue-collar,1
49,538,0.7633225841257402,38753,11625,6,9,2,3,60,Female,Married,70124,Bachelor's Degree,White-collar,0
50,624,0.8145458382612746,46227,4995,3,2,0,4,26,Male,Single,43077,Master's Degree,Blue-collar,1
51,732,0.8979807662845948,11611,16796,10,7,2,3,54,Female,Married,83773,High School Diploma,White-collar,1
52,779,0.4629493009119947,26007,2145,5,6,1,4,53,Male,Single,58570,Bachelor's Degree,Blue-collar,1
53,790,0.4555499670410842,45746,6933,1,1,2,2,40,Female,Married,58705,Master's Degree,White-collar,1
54,764,0.3290667942157798,44333,15529,6,8,2,4,27,Male,Single,30444,High School Diploma,Blue-collar,1
55,827,0.21430800571290098,47825,18393,10,3,0,1,33,Female,Married,31299,Bachelor's Degree,White-collar,1
56,752,0.32962945582969205,25837,15059,10,6,1,3,52,Male,Single,65020,Master's Degree,Blue-collar,1
57,628,0.5184159268630489,27165,12959,4,9,2,1,33,Female,Married,10739,High School Diploma,White-collar,1
58,535,0.7134717530112257,35077,8232,2,7,2,2,55,Male,Single,53281,Bachelor's Degree,Blue-collar,1
59,623,0.32366940978845493,21756,11473,10,6,1,4,37,Female,Married,69745,Master's Degree,White-collar,1
60,847,0.13989001931891787,39825,8598,4,3,2,1,26,Male,Single,64619,High School Diploma,Blue-collar,1
61,630,0.23739081086732383,45042,17630,1,5,1,4,36,Female,Married,98631,Bachelor's Degree,White-collar,1
62,511,0.7021203504641337,20881,5346,6,8,0,4,31,Male,Single,85401,Master's Degree,Blue-collar,1
63,737,0.9077838766048522,41743,4309,6,7,1,4,41,Female,Married,67291,High School Diploma,White-collar,1
64,519,0.5995799238563629,16747,8864,9,9,0,2,27,Male,Single,42286,Bachelor's Degree,Blue-collar,1
65,644,0.9699939456652181,12876,15839,5,3,1,1,63,Female,Married,67193,Master's Degree,White-collar,0
66,678,0.14968326143158672,16803,15664,4,6,2,4,44,Male,Single,29807,High School Diploma,Blue-collar,1
67,559,0.8930710880366651,39477,5926,7,9,1,2,57,Female,Married,55948,Bachelor's Degree,White-collar,0
68,735,0.894199876535088,24157,3212,10,9,2,1,17,Male,Single,99480,Master's Degree,Blue-collar,1
69,795,0.7323147028452229,34990,17448,1,2,2,4,46,Female,Married,36498,High School Diploma,White-collar,1
70,525,0.5348812488332589,26969,11044,5,2,1,1,35,Male,Single,45760,Bachelor's Degree,Blue-collar,1
71,607,0.1583844518031613,13886,7434,6,2,2,1,19,Female,Married,64266,Master's Degree,White-collar,0
72,621,0.7910251708841783,22418,13077,7,2,1,1,58,Male,Single,15405,High School Diploma,Blue-collar,1
73,797,0.011985097129717848,31060,8713,3,8,1,2,57,Female,Married,92056,Bachelor's Degree,White-collar,1
74,602,0.5423999100643591,45918,2708,3,8,0,3,27,Male,Single,34447,Master's Degree,Blue-collar,1
75,811,0.6803815637649823,36339,6820,1,9,0,2,37,Female,Married,36327,High School Diploma,White-collar,1
76,681,0.3821490947295052,36209,6261,1,7,1,1,21,Male,Single,87443,Bachelor's Degree,Blue-collar,1
77,567,0.7248474717865823,16940,3028,6,5,1,4,28,Female,Married,80359,Master's Degree,White-collar,0
78,616,0.2540852086826546,10011,7036,7,1,1,2,44,Male,Single,41952,High School Diploma,Blue-collar,1
79,798,0.20927276616475632,10292,1523,10,8,0,3,18,Female,Married,99470,Bachelor's Degree,White-collar,1
80,648,0.8420202557245091,43771,10907,8,7,0,2,39,Male,Single,20955,Master's Degree,Blue-collar,1
81,808,0.2697101822081521,38265,3054,1,7,0,4,26,Female,Married,88933,High School Diploma,White-collar,1
82,664,0.6752849773816246,31776,14458,6,1,2,3,29,Male,Single,87751,Bachelor's Degree,Blue-collar,1
83,730,0.548387793542247,41764,6451,4,7,0,1,26,Female,Married,36964,Master's Degree,White-collar,1
84,638,0.39922165429019674,45647,14691,9,1,1,1,51,Male,Single,12199,High School Diploma,Blue-collar,1
85,849,0.3154781575186225,11295,9377,8,5,2,1,55,Female,Married,94158,Bachelor's Degree,White-collar,1
86,504,0.6308598361312613,20363,9714,10,5,1,4,25,Male,Single,45230,Master's Degree,Blue-collar,1
87,720,0.3621646230857136,20485,15177,5,5,2,1,39,Female,Married,36260,High School Diploma,White-collar,1
88,523,0.3626795365148814,11832,9546,5,5,0,2,22,Male,Single,14256,Bachelor's Degree,Blue-collar,1
89,663,0.0049204275851026935,22608,14496,6,7,0,4,44,Female,Married,96953,Master's Degree,White-collar,1
90,524,0.7795081682432778,45304,1810,4,3,1,4,52,Male,Single,74103,High School Diploma,Blue-collar,1
91,603,0.2914939397888585,15042,9680,10,2,2,3,21,Female,Married,87390,Bachelor's Degree,White-collar,1
92,629,0.3428119423258964,24009,2984,6,7,1,3,19,Male,Single,46264,Master's Degree,Blue-collar,1
93,536,0.6080308959581546,41401,14881,6,6,2,2,30,Female,Married,84382,High School Diploma,White-collar,1
94,589,0.09707082004399503,29923,10404,7,4,1,1,20,Male,Single,48747,Bachelor's Degree,Blue-collar,1
95,516,0.02077766107811463,24392,16268,3,9,2,2,55,Female,Married,44682,Master's Degree,White-collar,0
96,702,0.1749764623801614,16661,12940,4,2,0,4,63,Male,Single,90464,High School Diploma,Blue-collar,1
97,672,0.39167541156064745,14576,19700,1,6,2,2,63,Female,Married,39426,Bachelor's Degree,White-collar,0
98,711,0.7906873088242806,41013,8562,3,2,0,1,46,Male,Single,30887,Master's Degree,Blue-collar,1
99,525,0.8739908188588592,30623,6717,5,4,2,2,59,Female,Married,26214,High School Diploma,White-collar,1
100,632,0.8104363083035047,30678,6284,3,3,2,3,55,Male,Single,67892,Bachelor's Degree,Blue-collar,1
101,601,0.9864925408502,23567,14641,1,8,2,3,52,Female,Married,13585,Master's Degree,White-collar,0
102,684,0.7639319870820049,18175,12044,2,2,0,3,23,Male,Single,45548,High School Diploma,Blue-collar,1
103,827,0.7506547885060815,28257,12529,3,4,1,3,34,Female,Married,32272,Bachelor's Degree,White-collar,0
104,597,0.14064580635088253,30516,19332,6,9,2,3,54,Male,Single,95812,Master's Degree,Blue-collar,1
105,749,0.9390345465739983,29846,6043,5,5,0,2,39,Female,Married,60759,High School Diploma,White-collar,1
106,557,0.8971996168348032,24699,17870,8,9,0,2,42,Male,Single,15301,Bachelor's Degree,Blue-collar,1
107,644,0.8237243694420034,18618,8424,9,3,0,1,20,Female,Married,46127,Master's Degree,White-collar,1
108,529,0.4609365006614625,37884,2945,7,6,2,4,19,Male,Single,47412,High School Diploma,Blue-collar,1
109,841,0.39791679088682097,17737,1588,1,8,0,2,32,Female,Married,41223,Bachelor's Degree,White-collar,1
110,575,0.4025782320600072,11755,17886,6,1,0,1,57,Male,Single,31721,Master's Degree,Blue-collar,1
111,678,0.8455389842353612,26521,14396,3,5,2,1,52,Female,Married,98835,High School Diploma,White-collar,1
112,780,0.2428066595853513,43712,4239,4,8,2,3,45,Male,Single,66291,Bachelor's Degree,Blue-collar,1
113,811,0.6790547235590171,15490,14263,6,2,0,4,46,Female,Married,32052,Master's Degree,White-collar,1
114,617,0.2975224232531075,41667,17819,3,1,0,2,23,Male,Single,62652,High School Diploma,Blue-collar,1
115,513,0.8775406135302365,47287,3725,7,9,2,3,56,Female,Married,70117,Bachelor's Degree,White-collar,1
116,517,0.5541757381715309,13426,1261,5,3,2,2,55,Male,Single,16771,Master's Degree,Blue-collar,1
117,793,0.39470818405608254,40551,19609,3,3,2,2,52,Female,Married,78320,High School Diploma,White-collar,1
118,657,0.44198407405665774,31261,2972,4,7,0,2,18,Male,Single,44303,Bachelor's Degree,Blue-collar,1
119,848,0.09368642796320803,24148,14704,4,1,2,3,47,Female,Married,96779,Master's Degree,White-collar,1
120,558,0.1793075450059024,22650,13234,5,7,0,2,58,Male,Single,48401,High School Diploma,Blue-collar,1
121,563,0.37784100257859576,43829,12599,3,4,1,4,49,Female,Married,67872,Bachelor's Degree,White-collar,1
122,752,0.5949102845680386,12713,11106,7,1,0,2,40,Male,Single,56698,Master's Degree,Blue-collar,1
123,629,0.29043008085857713,34788,15138,10,1,2,4,55,Female,Married,34389,High School Diploma,White-collar,1
124,506,0.1113250641143202,36807,2845,3,8,2,3,45,Male,Single,21333,Bachelor's Degree,Blue-collar,1
125,566,0.12803115499023565,23118,10108,1,4,1,1,19,Female,Married,20925,Master's Degree,White-collar,0
126,573,0.05204844192983149,30915,10955,6,9,2,3,33,Male,Single,85159,High School Diploma,Blue-collar,1
127,567,0.0700717929994098,39283,13114,10,3,2,2,22,Female,Married,35679,Bachelor's Degree,White-collar,1
128,620,0.5315862957624592,26933,16840,9,4,2,4,35,Male,Single,67317,Master's Degree,Blue-collar,1
129,522,0.1787281795624187,33727,8452,5,5,1,4,47,Female,Married,21706,High School Diploma,White-collar,1
130,713,0.36523125906580145,40263,16914,8,8,0,2,34,Male,Single,73336,Bachelor's Degree,Blue-collar,1
131,590,0.7696060062270489,31518,7573,4,5,1,2,52,Female,Married,23707,Master's Degree,White-collar,0
132,707,0.8931603661912332,42187,18820,1,9,1,1,64,Male,Single,37597,High School Diploma,Blue-collar,1
133,673,0.694885934416218,11084,3071,1,5,2,2,46,Female,Married,33825,Bachelor's Degree,White-collar,0
134,596,0.9287457103627585,39073,11625,1,4,2,3,41,Male,Single,22997,Master's Degree,Blue-collar,1
135,719,0.19811733628691464,22753,7852,3,6,0,4,32,Female,Married,27958,High School Diploma,White-collar,1
136,526,0.24365109521026418,35437,19849,4,6,1,1,29,Male,Single,18221,Bachelor's Degree,Blue-collar,1
137,630,0.10400194953830078,20223,8314,6,5,2,4,54,Female,Married,29620,Master's Degree,White-collar,0
138,747,0.18702647585917231,10761,13906,8,7,0,4,33,Male,Single,32908,High School Diploma,Blue-collar,1
139,642,0.2528941925761299,37046,1455,1,3,2,2,46,Female,Married,60319,Bachelor's Degree,White-collar,0
140,537,0.6563591599329608,38422,4955,8,7,0,4,51,Male,Single,68547,Master's Degree,Blue-collar,1
141,743,0.6577160057753125,33167,15029,6,7,2,1,33,Female,Married,73135,High School Diploma,White-collar,1
142,551,0.015669491030518623,36760,18532,5,4,0,3,56,Male,Single,95457,Bachelor's Degree,Blue-collar,1
143,725,0.3170181149822723,18263,11093,5,7,0,1,42,Female,Married,25766,Master's Degree,White-collar,1
144,697,0.3948199838166848,23620,1823,2,6,2,4,37,Male,Single,53924,High School Diploma,Blue-collar,1
145,653,0.6388209182834483,29892,11668,3,3,2,1,24,Female,Married,24846,Bachelor's Degree,White-collar,0
146,778,0.8857068111114346,32221,10725,8,5,0,2,37,Male,Single,93093,Master's Degree,Blue-collar,1
147,720,0.4121948446929762,44973,19648,3,7,1,1,60,Female,Married,85472,High School Diploma,White-collar,1
148,703,0.5149524344621658,28878,3884,9,8,0,1,26,Male,Single,48442,Bachelor's Degree,Blue-collar,1
149,734,0.5201861143480933,21883,14952,6,4,1,4,49,Female,Married,37126,Master's Degree,White-collar,0
150,603,0.7519455117968149,14119,19413,9,8,0,1,31,Male,Single,39281,High School Diploma,Blue-collar,1
151,661,0.9564759316771793,37732,2615,3,9,2,4,56,Female,Married,80585,Bachelor's Degree,White-collar,0
152,535,0.6327351136031962,23689,4657,10,1,2,1,43,Male,Single,51239,Master's Degree,Blue-collar,1
153,620,0.5624668543817563,19468,4943,4,6,1,3,37,Female,Married,83567,High School Diploma,White-collar,1
154,750,0.6261471807082067,38364,1469,8,4,0,1,34,Male,Single,45768,Bachelor's Degree,Blue-collar,1
155,520,0.27325358756779594,27554,10898,9,6,1,4,26,Female,Married,11015,Master's Degree,White-collar,0
156,579,0.002778831048795727,22119,1972,6,9,2,1,37,Male,Single,50130,High School Diploma,Blue-collar,1
157,796,0.02521102573387113,38296,19130,2,5,1,3,34,Female,Married,42005,Bachelor's Degree,White-collar,1
158,764,0.8346410739567466,42496,17007,3,4,1,2,19,Male,Single,37576,Master's Degree,Blue-collar,1
159,561,0.33443719234313196,27682,15731,7,1,0,1,40,Female,Married,75385,High School Diploma,White-collar,1
160,718,0.4946326800051557,48520,5753,9,2,1,2,19,Male,Single,88298,Bachelor's Degree,Blue-collar,1
161,624,0.7995291528482177,33599,17268,7,6,1,1,62,Female,Married,10737,Master's Degree,White-collar,0
162,552,0.5222806504958227,19254,3416,4,3,2,4,22,Male,Single,37221,High School Diploma,Blue-collar,1
163,534,0.5237674573459978,49922,8783,7,5,0,2,50,Female,Married,60284,Bachelor's Degree,White-collar,1
164,684,0.2765703709932362,11471,1633,4,5,1,2,30,Male,Single,55572,Master's Degree,Blue-collar,1
165,602,0.5140037051212087,49159,3465,5,2,2,3,48,Female,Married,85997,High School Diploma,White-collar,1
166,744,0.9165364781494273,38579,7859,1,5,1,2,26,Male,Single,33286,Bachelor's Degree,Blue-collar,1
167,772,0.06404153709714633,29630,14048,8,6,2,4,51,Female,Married,96384,Master's Degree,White-collar,1
168,827,0.0649813427041872,49040,5417,1,8,2,1,34,Male,Single,90442,High School Diploma,Blue-collar,1
169,613,0.5892075376744239,13039,12277,1,3,1,1,31,Female,Married,35757,Bachelor's Degree,White-collar,0
170,554,0.7915000637204225,39490,9658,9,7,0,2,41,Male,Single,96061,Master's Degree,Blue-collar,1
171,696,0.04730901460912407,26969,2448,6,8,0,1,31,Female,Married,23993,High School Diploma,White-collar,1
172,733,0.5135043381213015,15592,16207,1,2,0,3,21,Male,Single,83006,Bachelor's Degree,Blue-collar,1
173,674,0.5995687847468982,44683,13518,3,1,1,3,62,Female,Married,83870,Master's Degree,White-collar,1
174,846,0.6310078522180653,21666,6569,1,6,2,1,59,Male,Single,12078,High School Diploma,Blue-collar,1
175,693,0.13618155912549235,22021,13474,1,8,0,4,28,Female,Married,65060,Bachelor's Degree,White-collar,1
176,572,0.7467276711183382,41890,1969,1,7,0,2,61,Male,Single,25534,Master's Degree,Blue-collar,1
177,553,0.4174432781574251,41880,9124,10,1,2,1,48,Female,Married,16930,High School Diploma,White-collar,1
178,814,0.13572638493557543,47315,18044,7,7,0,1,22,Male,Single,87469,Bachelor's Degree,Blue-collar,1
179,744,0.2978817214437727,16277,1114,10,1,1,1,37,Female,Married,97703,Master's Degree,White-collar,1
180,805,0.9303075283637934,29887,7087,8,2,1,4,24,Male,Single,18223,High School Diploma,Blue-collar,1
181,835,0.4871064200573636,32992,14171,5,7,1,2,20,Female,Married,31455,Bachelor's Degree,White-collar,0
182,525,0.3846561675112804,45931,7356,6,7,2,1,58,Male,Single,75068,Master's Degree,Blue-collar,1
183,577,0.3642443909985761,45989,9585,10,5,2,2,31,Female,Married,29262,High School Diploma,White-collar,1
184,747,0.7441574485678536,31910,1733,6,9,0,2,23,Male,Single,93617,Bachelor's Degree,Blue-collar,1
185,737,0.6725787995210425,17461,9533,10,6,1,1,64,Female,Married,78996,Master's Degree,White-collar,1
186,567,0.7554951259644247,26991,14335,2,4,2,2,47,Male,Single,95012,High School Diploma,Blue-collar,1
187,793,0.035596523127155,39102,15176,2,3,2,1,35,Female,Married,78108,Bachelor's Degree,White-collar,1
188,681,0.962674073978467,22559,15540,7,2,1,4,61,Male,Single,71456,Master's Degree,Blue-collar,1
189,825,0.7289595232677449,47421,4866,6,8,2,1,49,Female,Married,66325,High School Diploma,White-collar,1
190,560,0.8672992478723504,30812,4587,1,1,1,1,34,Male,Single,73521,Bachelor's Degree,Blue-collar,1
191,569,0.5208258897316633,24212,2396,10,1,2,2,63,Female,Married,17709,Master's Degree,White-collar,1
192,740,0.7790485745932794,43451,17106,1,9,2,4,51,Male,Single,53469,High School Diploma,Blue-collar,1
193,551,0.6415728634825135,12940,19883,7,6,1,4,48,Female,Married,14308,Bachelor's Degree,White-collar,0
194,694,0.5927678002650112,33723,10402,2,4,0,2,60,Male,Single,70193,Master's Degree,Blue-collar,1
195,500,0.026461100145441896,20966,3410,5,8,2,3,35,Female,Married,73523,High School Diploma,White-collar,1
196,649,0.9906165316757901,41098,17519,3,8,2,4,43,Male,Single,42292,Bachelor's Degree,Blue-collar,1
197,734,0.8597052543827046,41812,7681,4,7,0,4,56,Female,Married,50352,Master's Degree,White-collar,1
198,570,0.9466101171729807,11813,10340,3,5,0,1,19,Male,Single,33624,High School Diploma,Blue-collar,1
199,649,0.7562102181816239,49384,7931,9,4,2,3,28,Female,Married,28941,Bachelor's Degree,White-collar,1
200,505,0.7093685447302908,24652,17201,8,1,0,2,19,Male,Single,47261,Master's Degree,Blue-collar,1
201,555,0.9136363615713967,14729,18375,8,9,0,1,46,Female,Married,42511,High School Diploma,White-collar,1
202,619,0.8942604020195218,47091,16317,3,6,0,3,41,Male,Single,29687,Bachelor's Degree,Blue-collar,1
203,713,0.569690377840876,44899,10405,9,1,1,1,44,Female,Married,10612,Master's Degree,White-collar,1
204,567,0.6297525043860546,37112,18737,5,6,1,1,45,Male,Single,69596,High School Diploma,Blue-collar,1
205,727,0.40706786859311495,35164,2613,7,8,2,3,37,Female,Married,30502,Bachelor's Degree,White-collar,0
206,532,0.8299544494449033,10783,13402,5,8,2,4,57,Male,Single,34527,Master's Degree,Blue-collar,1
207,625,0.5097795650887966,13459,15310,7,8,1,4,32,Female,Married,83515,High School Diploma,White-collar,1
208,720,0.16620340514481202,11124,2449,8,5,0,2,59,Male,Single,53726,Bachelor's Degree,Blue-collar,1
209,538,0.41462018801875844,30908,14969,10,4,2,3,25,Female,Married,37735,Master's Degree,White-collar,1
210,542,0.6796047624247485,13950,10352,3,1,0,4,57,Male,Single,17975,High School Diploma,Blue-collar,1
211,750,0.598828560691159,41319,15652,9,9,2,4,56,Female,Married,57937,Bachelor's Degree,White-collar,1
212,777,0.5663158774188989,17319,8600,1,8,1,4,23,Male,Single,68598,Master's Degree,Blue-collar,1
213,832,0.331596941597724,35955,6473,8,7,2,2,48,Female,Married,78473,High School Diploma,White-collar,1
214,616,0.7158977058569037,22227,2331,9,1,1,3,49,Male,Single,99265,Bachelor's Degree,Blue-collar,1
215,748,0.03775984546379796,37600,11386,4,6,2,2,51,Female,Married,70176,Master's Degree,White-collar,1
216,754,0.4863190976003613,18792,15267,10,9,0,1,24,Male,Single,18203,High School Diploma,Blue-collar,1
217,812,0.8256050734145438,36170,10124,1,4,2,3,24,Female,Married,30985,Bachelor's Degree,White-collar,0
218,520,0.20331983869187653,48042,19241,5,4,1,3,21,Male,Single,60499,Master's Degree,Blue-collar,1
219,830,0.23049473034485224,39104,10778,9,2,2,3,26,Female,Married,73122,High School Diploma,White-collar,1
220,523,0.4422300989639619,22391,3766,7,6,1,3,20,Male,Single,18065,Bachelor's Degree,Blue-collar,1
221,522,0.5296142485638511,37434,8654,3,8,2,2,44,Female,Married,99227,Master's Degree,White-collar,0
222,833,0.39448252673193407,47235,13209,7,8,1,4,46,Male,Single,89660,High School Diploma,Blue-collar,1
223,520,0.9976740866110038,11569,16973,4,4,0,1,53,Female,Married,58317,Bachelor's Degree,White-collar,1
224,646,0.4028298339869689,33154,6869,9,3,1,2,50,Male,Single,88069,Master's Degree,Blue-collar,1
225,668,0.7252827516020002,33101,4219,1,6,0,4,31,Female,Married,45105,High School Diploma,White-collar,1
226,648,0.18490564838002832,23514,2343,8,4,1,4,54,Male,Single,12839,Bachelor's Degree,Blue-collar,1
227,507,0.8062376331476059,40721,5501,7,4,0,4,51,Female,Married,87327,Master's Degree,White-collar,1
228,758,0.8202988029806033,16386,16402,4,1,2,4,37,Male,Single,66911,High School Diploma,Blue-collar,1
229,566,0.8910373788036527,23642,2758,2,9,2,1,61,Female,Married,78466,Bachelor's Degree,White-collar,0
230,614,0.6473681971785163,49080,14240,1,6,1,2,19,Male,Single,10300,Master's Degree,Blue-collar,1
231,688,0.4609515924784481,17604,14860,1,2,1,3,22,Female,Married,15059,High School Diploma,White-collar,1
232,799,0.799346528797087,47363,18717,3,3,2,4,57,Male,Single,82621,Bachelor's Degree,Blue-collar,1
233,756,0.7623974188267022,38386,2655,3,3,2,2,29,Female,Married,41328,Master's Degree,White-collar,0
234,803,0.10990494043677201,40965,3228,8,4,2,4,17,Male,Single,12145,High School Diploma,Blue-collar,1
235,649,0.2909891950262803,20222,12470,7,2,1,2,35,Female,Married,29713,Bachelor's Degree,White-collar,0
236,674,0.17700507235598395,32140,8531,6,2,1,3,37,Male,Single,65309,Master's Degree,Blue-collar,1
237,826,0.6371551035128824,16840,8672,2,6,0,4,31,Female,Married,62737,High School Diploma,White-collar,1
238,688,0.07223421583468215,13620,18024,9,1,1,1,60,Male,Single,27589,Bachelor's Degree,Blue-collar,1
239,674,0.15402370395440224,38397,6301,7,4,0,4,52,Female,Married,46349,Master's Degree,White-collar,1
240,831,0.8949917066166574,15625,4574,10,5,2,4,16,Male,Single,30587,High School Diploma,Blue-collar,1
241,739,0.4195213163510285,19314,7997,5,2,1,4,21,Female,Married,97743,Bachelor's Degree,White-collar,0
242,644,0.9534078182436209,31105,2666,7,6,0,3,31,Male,Single,80384,Master's Degree,Blue-collar,1
243,586,0.17780575639440976,23790,5230,7,5,2,3,28,Female,Married,15988,High School Diploma,White-collar,1
244,580,0.16656833289397566,30962,15853,4,1,0,4,16,Male,Single,78963,Bachelor's Degree,Blue-collar,1
245,833,0.30918944081029165,21378,6441,8,8,0,2,44,Female,Married,37329,Master's Degree,White-collar,1
246,723,0.7603077366927675,11431,18406,7,9,1,4,33,Male,Single,59775,High School Diploma,Blue-collar,1
247,768,0.9202353837504806,26922,8075,3,8,2,1,51,Female,Married,54916,Bachelor's Degree,White-collar,0
248,762,0.9530661097756472,36279,17349,3,4,2,2,37,Male,Single,52343,Master's Degree,Blue-collar,1
249,587,0.9306675254782419,27808,3510,9,5,2,1,31,Female,Married,29948,High School Diploma,White-collar,1
250,799,0.17245678525779562,38740,8676,8,9,1,3,29,Male,Single,80321,Bachelor's Degree,Blue-collar,1
251,563,0.5790732525815377,20592,19280,5,9,2,3,40,Female,Married,35755,Master's Degree,White-collar,0
252,673,0.3571855201200401,29982,19048,1,4,1,3,56,Male,Single,42112,High School Diploma,Blue-collar,1
253,834,0.5684164954735281,36739,8299,9,1,1,4,63,Female,Married,90135,Bachelor's Degree,White-collar,0
254,840,0.42242173613795586,35710,19928,9,8,0,1,39,Male,Single,47195,Master's Degree,Blue-collar,1
255,532,0.5133837327378998,36478,15716,4,6,0,3,47,Female,Married,89912,High School Diploma,White-collar,1
256,827,0.6073758430132196,14931,1407,6,9,2,4,46,Male,Single,75659,Bachelor's Degree,Blue-collar,1
257,695,0.3287718789508528,43128,17147,3,3,1,3,35,Female,Married,42604,Master's Degree,White-collar,1
258,845,0.09889180515768192,10513,14303,2,3,0,3,43,Male,Single,33292,High School Diploma,Blue-collar,1
259,809,0.23762163828775396,25871,7108,1,2,0,4,30,Female,Married,55044,Bachelor's Degree,White-collar,1
260,628,0.6310557254922882,31574,10003,7,2,1,2,54,Male,Single,85446,Master's Degree,Blue-collar,1
261,735,0.07839511363297635,23654,8129,4,3,2,1,32,Female,Married,71863,High School Diploma,White-collar,1
262,782,0.8719962438186979,12027,17047,4,4,0,3,32,Male,Single,74724,Bachelor's Degree,Blue-collar,1
263,540,0.0628131418467186,12454,1921,10,2,0,4,53,Female,Married,48653,Master's Degree,White-collar,1
264,831,0.059803744557562766,37847,10436,2,1,2,3,33,Male,Single,32392,High School Diploma,Blue-collar,1
265,573,0.040768092805830936,45638,11395,10,3,0,2,48,Female,Married,56952,Bachelor's Degree,White-collar,1
266,763,0.2153816023898506,15368,8955,5,3,2,4,32,Male,Single,99690,Master's Degree,Blue-collar,1
267,722,0.8023701734170913,34236,5798,7,9,2,2,22,Female,Married,42570,High School Diploma,White-collar,1
268,594,0.8435799023559908,21766,4568,8,8,2,4,27,Male,Single,32576,Bachelor's Degree,Blue-collar,1
269,726,0.075468300289388,35514,1736,8,6,2,2,21,Female,Married,50911,Master's Degree,White-collar,1
270,773,0.3386627140250865,10802,6327,5,1,1,3,21,Male,Single,68624,High School Diploma,Blue-collar,1
271,661,0.400516667854938,38290,12827,9,3,1,4,62,Female,Married,36446,Bachelor's Degree,White-collar,0
272,795,0.6485190514763586,28517,1585,5,3,2,3,16,Male,Single,74296,Master's Degree,Blue-collar,1
273,663,0.014813494094236268,18446,16616,2,6,0,4,36,Female,Married,67780,High School Diploma,White-collar,1
274,754,0.41604760619612235,40863,15744,3,7,2,2,42,Male,Single,75306,Bachelor's Degree,Blue-collar,1
275,638,0.5066531987622338,18294,11049,8,4,0,3,32,Female,Married,54600,Master's Degree,White-collar,1
276,641,0.41082299991970117,46614,11856,6,8,2,4,39,Male,Single,91353,High School Diploma,Blue-collar,1
277,540,0.8920814374292801,22777,12623,2,8,2,1,34,Female,Married,57789,Bachelor's Degree,White-collar,0
278,758,0.29816038213259954,15697,14576,10,9,1,1,37,Male,Single,85393,Master's Degree,Blue-collar,1
279,560,0.8466412518688269,39782,3223,3,2,1,2,40,Female,Married,90307,High School Diploma,White-collar,1
280,683,0.5416409900494346,45378,3219,3,4,1,1,32,Male,Single,73387,Bachelor's Degree,Blue-collar,1
281,764,0.8861762654555392,35318,19473,10,8,0,1,24,Female,Married,94904,Master's Degree,White-collar,1
282,804,0.7151381965561363,43031,9781,10,1,1,2,33,Male,Single,34236,High School Diploma,Blue-collar,1
283,545,0.5797931373612624,10968,1794,10,3,2,4,31,Female,Married,38011,Bachelor's Degree,White-collar,1
284,696,0.3972394462448503,33022,14972,3,3,0,1,35,Male,Single,67404,Master's Degree,Blue-collar,1
285,643,0.45959105008559065,42402,7511,5,3,2,1,18,Female,Married,55461,High School Diploma,White-collar,1
286,634,0.9433366338695707,28498,6804,1,2,0,1,47,Male,Single,67441,Bachelor's Degree,Blue-collar,1
287,849,0.40429925625971164,18615,16386,1,3,1,1,55,Female,Married,64009,Master's Degree,White-collar,0
288,661,0.454135976403808,18397,9313,10,9,0,3,19,Male,Single,97981,High School Diploma,Blue-collar,1
289,508,0.3025333557273495,10853,17146,4,6,0,4,31,Female,Married,62848,Bachelor's Degree,White-collar,1
290,692,0.11437059670035987,21910,6305,1,7,1,2,35,Male,Single,69478,Master's Degree,Blue-collar,1
291,516,0.8966952757354165,19357,19721,2,8,0,3,21,Female,Married,69741,High School Diploma,White-collar,1
292,682,0.9351881305602461,28681,4243,8,3,1,3,51,Male,Single,37174,Bachelor's Degree,Blue-collar,1
293,527,0.3257336025505879,35328,7886,7,7,2,2,30,Female,Married,21065,Master's Degree,White-collar,0
294,742,0.010821124796293713,23463,15040,10,3,0,1,46,Male,Single,68937,High School Diploma,Blue-collar,1
295,570,0.18208465598009005,34335,11938,7,8,0,1,54,Female,Married,46654,Bachelor's Degree,White-collar,1
296,738,0.4568457855922031,48988,6606,3,7,2,3,50,Male,Single,10019,Master's Degree,Blue-collar,1
297,554,0.9045983266543975,16188,8081,9,7,1,2,41,Female,Married,78381,High School Diploma,White-collar,1
298,792,0.5744948927112087,44764,12108,8,6,0,1,53,Male,Single,45314,Bachelor's Degree,Blue-collar,1
299,578,0.6680971686232888,47449,12919,5,7,0,1,61,Female,Married,71028,Master's Degree,White-collar,1
300,668,0.7967285456367348,28698,13359,2,5,0,2,62,Male,Single,54978,High School Diploma,Blue-collar,1
301,772,0.632576076443797,26923,7698,1,8,0,4,35,Female,Married,53411,Bachelor's Degree,White-collar,1
302,826,0.5625973136852375,40987,7605,9,7,2,1,57,Male,Single,42329,Master's Degree,Blue-collar,1
303,789,0.08617774413585089,10904,12913,3,1,1,3,49,Female,Married,93040,High School Diploma,White-collar,1
304,839,0.8585064318509741,20149,10688,7,5,0,3,33,Male,Single,91608,Bachelor's Degree,Blue-collar,1
305,815,0.12999418487902603,39512,9498,5,8,2,4,61,Female,Married,75831,Master's Degree,White-collar,1
306,502,0.1657417245210544,47237,17226,4,2,0,4,18,Male,Single,99095,High School Diploma,Blue-collar,1
307,575,0.5899892517622006,34187,9394,3,4,1,2,19,Female,Married,53802,Bachelor's Degree,White-collar,0
308,525,0.8360395118871481,47451,15785,10,8,1,3,21,Male,Single,84385,Master's Degree,Blue-collar,1
309,682,0.1850113201026754,33061,8573,9,1,1,3,30,Female,Married,83107,High School Diploma,White-collar,1
310,844,0.5082539820475435,43810,14575,10,6,1,2,61,Male,Single,92110,Bachelor's Degree,Blue-collar,1
311,649,0.6358437726828087,13590,4084,2,9,2,3,32,Female,Married,51844,Master's Degree,White-collar,0
312,802,0.39788201902268605,32739,11912,5,3,0,2,21,Male,Single,70288,High School Diploma,Blue-collar,1
313,752,0.037339011619774154,45690,9146,1,5,1,2,37,Female,Married,52375,Bachelor's Degree,White-collar,1
314,609,0.23070643333526653,34031,5550,1,4,0,1,21,Male,Single,38487,Master's Degree,Blue-collar,1
315,612,0.12511858342769588,32278,14646,7,5,0,4,52,Female,Married,59038,High School Diploma,White-collar,1
316,567,0.12090697985273469,49970,12973,2,4,2,3,47,Male,Single,87058,Bachelor's Degree,Blue-collar,1
317,598,0.14608883725434796,13545,8067,5,3,0,3,28,Female,Married,51060,Master's Degree,White-collar,1
318,758,0.4505820546159367,47863,11338,7,2,2,3,47,Male,Single,73256,High School Diploma,Blue-collar,1
319,708,0.5480630902900219,25280,5751,8,1,0,2,61,Female,Married,28941,Bachelor's Degree,White-collar,1
320,763,0.6786634603260939,48171,19569,10,4,1,2,33,Male,Single,65849,Master's Degree,Blue-collar,1
321,654,0.5780183119958922,41614,19966,8,8,2,1,21,Female,Married,62301,High School Diploma,White-collar,1
322,774,0.5113592541541584,30714,7338,8,6,0,1,45,Male,Single,75335,Bachelor's Degree,Blue-collar,1
323,791,0.1458758679968113,41179,6076,3,6,0,3,41,Female,Married,75251,Master's Degree,White-collar,1
324,571,0.10239754922970623,45971,3992,10,3,0,1,61,Male,Single,30468,High School Diploma,Blue-collar,1
325,694,0.1767371060811047,42417,3800,6,8,1,4,17,Female,Married,97799,Bachelor's Degree,White-collar,1
326,570,0.7583935565765701,26551,12490,6,6,0,3,42,Male,Single,60086,Master's Degree,Blue-collar,1
327,799,0.19739753747498412,16409,7231,2,4,0,1,54,Female,Married,64917,High School Diploma,White-collar,1
328,849,0.4390148975133109,26149,4419,10,2,1,4,43,Male,Single,90968,Bachelor's Degree,Blue-collar,1
329,779,0.33720015545244364,39998,13317,6,9,1,1,56,Female,Married,67724,Master's Degree,White-collar,1
330,829,0.03300367219675826,11719,16518,4,9,0,4,46,Male,Single,56618,High School Diploma,Blue-collar,1
331,606,0.2326027062238537,17864,16995,10,1,2,1,58,Female,Married,69152,Bachelor's Degree,White-collar,1
332,552,0.08597752604736719,15311,11291,3,3,1,1,37,Male,Single,26300,Master's Degree,Blue-collar,1
333,822,0.27031321308938683,19993,16609,5,2,2,4,43,Female,Married,58804,High School Diploma,White-collar,1
334,608,0.12602926288153238,12976,15291,3,9,0,1,39,Male,Single,79727,Bachelor's Degree,Blue-collar,1
335,711,0.5549017239889273,23035,8201,4,8,1,1,52,Female,Married,31634,Master's Degree,White-collar,0
336,617,0.9860034811055298,23721,19148,9,9,1,1,38,Male,Single,41529,High School Diploma,Blue-collar,1
337,825,0.4066492199841272,40049,16174,6,3,2,3,34,Female,Married,12904,Bachelor's Degree,White-collar,1
338,655,0.03369901969945244,23518,8426,5,8,2,3,36,Male,Single,34071,Master's Degree,Blue-collar,1
339,729,0.6206936411927828,43512,3403,9,1,0,1,33,Female,Married,56718,High School Diploma,White-collar,1
340,802,0.8719848880402084,26776,11269,9,9,0,4,53,Male,Single,25086,Bachelor's Degree,Blue-collar,1
341,789,0.5789886909764468,13442,10657,8,7,2,3,20,Female,Married,20211,Master's Degree,White-collar,0
342,849,0.7987540480343434,45399,16961,7,1,0,2,29,Male,Single,50975,High School Diploma,Blue-collar,1
343,754,0.297137751016735,48447,10720,3,4,1,4,55,Female,Married,27713,Bachelor's Degree,White-collar,1
344,698,0.8398857333054242,19466,7347,2,7,0,2,52,Male,Single,81850,Master's Degree,Blue-collar,1
345,642,0.5079151004703775,10530,13118,9,7,0,4,37,Female,Married,51686,High School Diploma,White-collar,1
346,542,0.8928973294766419,11696,16851,8,9,1,2,36,Male,Single,98591,Bachelor's Degree,Blue-collar,1
347,659,0.5868286029964879,13276,13571,4,3,2,1,40,Female,Married,68022,Master's Degree,White-collar,0
348,645,0.14757870070220225,48294,8661,3,4,2,3,25,Male,Single,52986,High School Diploma,Blue-collar,1
349,535,0.8310758724435051,16126,11610,6,5,0,4,61,Female,Married,79584,Bachelor's Degree,White-collar,1
350,787,0.9122120681283028,34845,11409,1,1,1,1,47,Male,Single,37530,Master's Degree,Blue-collar,1
351,556,0.184388231022511,45471,17046,5,7,0,4,39,Female,Married,88550,High School Diploma,White-collar,1
352,785,0.18556132185564356,19070,9606,4,1,2,3,56,Male,Single,59957,Bachelor's Degree,Blue-collar,1
353,804,0.5429637003310763,17217,12044,2,8,0,2,40,Female,Married,51467,Master's Degree,White-collar,1
354,838,0.11861523595289203,21770,1895,3,2,2,4,26,Male,Single,79179,High School Diploma,Blue-collar,1
355,585,0.49212362815359767,22590,7845,5,3,2,1,21,Female,Married,58260,Bachelor's Degree,White-collar,0
356,546,0.6297132048502265,26614,17343,5,2,1,2,18,Male,Single,77866,Master's Degree,Blue-collar,1
357,755,0.7203538254994165,29338,10434,3,1,0,1,52,Female,Married,48265,High School Diploma,White-collar,1
358,529,0.03510996566939861,15833,8047,5,3,0,1,24,Male,Single,45402,Bachelor's Degree,Blue-collar,1
359,504,0.2510285919395133,33303,16443,5,6,2,1,54,Female,Married,99595,Master's Degree,White-collar,0
360,544,0.6917691414244576,37673,5745,7,5,0,4,36,Male,Single,35939,High School Diploma,Blue-collar,1
361,695,0.9930259043603027,35863,12007,3,6,1,3,19,Female,Married,35372,Bachelor's Degree,White-collar,0
362,801,0.5591293239329189,28383,5150,8,1,0,3,46,Male,Single,95747,Master's Degree,Blue-collar,1
363,760,0.47495806424518305,39372,10519,7,6,0,4,57,Female,Married,60972,High School Diploma,White-collar,1
364,657,0.43153025071706397,49872,15724,9,5,2,4,22,Male,Single,44787,Bachelor's Degree,Blue-collar,1
365,568,0.5234882909995985,12530,6703,8,6,2,3,33,Female,Married,59346,Master's Degree,White-collar,0
366,762,0.9569185880122687,40030,16721,9,4,0,4,60,Male,Single,76096,High School Diploma,Blue-collar,1
367,518,0.728775248996131,48040,6991,10,7,1,1,35,Female,Married,97324,Bachelor's Degree,White-collar,1
368,742,0.9467385984076566,21907,6516,4,1,0,2,58,Male,Single,88060,Master's Degree,Blue-collar,1
369,594,0.47022097597720214,23405,10394,4,8,0,4,53,Female,Married,82426,High School Diploma,White-collar,1
370,507,0.4016282272486036,43441,4624,9,8,1,4,19,Male,Single,18178,Bachelor's Degree,Blue-collar,1
371,625,0.7193722636056396,11465,15295,1,1,2,1,62,Female,Married,57306,Master's Degree,White-collar,0
372,587,0.540109016196346,24138,9224,7,4,0,3,58,Male,Single,63859,High School Diploma,Blue-collar,1
373,512,0.04765450936551607,27683,4594,6,9,0,1,23,Female,Married,81021,Bachelor's Degree,White-collar,1
374,668,0.7452004590526476,36234,14144,10,1,2,2,41,Male,Single,37529,Master's Degree,Blue-collar,1
375,775,0.010439284232640955,22002,14825,10,6,0,4,58,Female,Married,81362,High School Diploma,White-collar,1
376,737,0.544236814224162,46180,10422,4,2,2,2,55,Male,Single,30063,Bachelor's Degree,Blue-collar,1
377,621,0.09015390660784595,24991,13237,6,6,2,1,31,Female,Married,69158,Master's Degree,White-collar,0
378,750,0.46286900838474665,46639,6963,2,8,0,3,42,Male,Single,93174,High School Diploma,Blue-collar,1
379,791,0.3805339848793503,19827,14861,7,8,1,3,36,Female,Married,50217,Bachelor's Degree,White-collar,1
380,761,0.2474764563867463,10235,6164,7,9,2,3,64,Male,Single,84325,Master's Degree,Blue-collar,1
381,784,0.19420536734059746,14691,12663,3,4,1,4,43,Female,Married,13051,High School Diploma,White-collar,1
382,725,0.13769032158572725,31054,19580,8,7,2,4,41,Male,Single,27280,Bachelor's Degree,Blue-collar,1
383,779,0.37065179554917793,35389,7169,5,5,1,1,41,Female,Married,46737,Master's Degree,White-collar,1
384,701,0.7641377705459634,20218,11135,5,6,0,2,36,Male,Single,22540,High School Diploma,Blue-collar,1
385,615,0.41937647993902405,43699,13314,9,4,0,2,29,Female,Married,68874,Bachelor's Degree,White-collar,1
386,511,0.5809931846720445,24580,10203,1,4,2,4,47,Male,Single,38912,Master's Degree,Blue-collar,1
387,830,0.16487143013782568,20725,7866,2,2,2,4,24,Female,Married,41369,High School Diploma,White-collar,1
388,502,0.41853888922876614,33120,4187,8,7,0,4,23,Male,Single,39201,Bachelor's Degree,Blue-collar,1
389,678,0.6487680840618476,44624,15903,9,5,2,4,53,Female,Married,23968,Master's Degree,White-collar,1
390,660,0.23988678502659078,30362,8349,10,6,1,3,40,Male,Single,53526,High School Diploma,Blue-collar,1
391,756,0.06924946551490507,41823,2542,2,6,1,4,48,Female,Married,48474,Bachelor's Degree,White-collar,1
392,652,0.7388321782969257,43633,1289,9,4,0,2,19,Male,Single,97419,Master's Degree,Blue-collar,1
393,705,0.8602896108832896,21392,17556,1,9,1,4,26,Female,Married,59828,High School Diploma,White-collar,1
394,758,0.5235405945041635,30761,18983,9,1,2,1,29,Male,Single,55145,Bachelor's Degree,Blue-collar,1
395,746,0.27337931781382574,13344,7113,1,7,0,2,54,Female,Married,79135,Master's Degree,White-collar,1
396,558,0.047629842753705076,32054,6952,3,7,0,3,37,Male,Single,46145,High School Diploma,Blue-collar,1
397,580,0.8323457631196315,20157,14411,3,4,1,3,58,Female,Married,12766,Bachelor's Degree,White-collar,0
398,501,0.41024652255293803,28674,13659,7,3,0,3,22,Male,Single,23769,Master's Degree,Blue-collar,1
399,505,0.663496360496138,22401,10512,7,1,0,1,39,Female,Married,31479,High School Diploma,White-collar,1
400,812,0.9182995946734472,31173,11324,8,6,2,3,54,Male,Single,40900,Bachelor's Degree,Blue-collar,1
401,575,0.06319706189756724,21468,4276,3,3,1,4,26,Female,Married,69825,Master's Degree,White-collar,0
402,574,0.6300669308605386,36357,7260,4,4,2,1,63,Male,Single,71047,High School Diploma,Blue-collar,1
403,583,0.4650426199870734,17533,4618,4,6,0,1,35,Female,Married,11818,Bachelor's Degree,White-collar,1
404,507,0.04048510019339446,47018,7069,7,9,1,1,64,Male,Single,82487,Master's Degree,Blue-collar,1
405,534,0.9831347037609641,33955,3444,7,8,0,2,59,Female,Married,87458,High School Diploma,White-collar,1
406,723,0.9721561041348693,19697,12303,3,4,1,3,57,Male,Single,42347,Bachelor's Degree,Blue-collar,1
407,783,0.6311414747140912,15647,15467,4,3,1,3,51,Female,Married,13069,Master's Degree,White-collar,0
408,767,0.6258869591584928,19700,1288,9,5,0,2,23,Male,Single,65772,High School Diploma,Blue-collar,1
409,693,0.4207946693737409,20027,13298,9,3,0,1,62,Female,Married,20397,Bachelor's Degree,White-collar,1
410,741,0.8513744059436562,39102,2845,4,2,0,4,57,Male,Single,26899,Master's Degree,Blue-collar,1
411,663,0.6447716122795415,44016,9091,10,6,2,3,29,Female,Married,45128,High School Diploma,White-collar,1
412,529,0.024455945056539474,47062,15484,6,1,2,2,25,Male,Single,42060,Bachelor's Degree,Blue-collar,1
413,818,0.5575933998166782,45108,11272,8,1,2,4,33,Female,Married,85590,Master's Degree,White-collar,1
414,738,0.6308330958825777,12785,17346,1,9,1,2,18,Male,Single,65857,High School Diploma,Blue-collar,1
415,783,0.39347908775608675,48310,14101,6,6,0,2,64,Female,Married,88499,Bachelor's Degree,White-collar,1
416,560,0.7535568876369736,11746,2912,2,7,0,4,29,Male,Single,43417,Master's Degree,Blue-collar,1
417,597,0.85429092023011,49997,11371,7,3,0,1,26,Female,Married,20015,High School Diploma,White-collar,1
418,679,0.9953212213744037,28591,6615,5,7,0,2,34,Male,Single,58990,Bachelor's Degree,Blue-collar,1
419,740,0.9301371494651696,27455,4709,7,8,1,1,56,Female,Married,45176,Master's Degree,White-collar,0
420,534,0.4161536541544525,11237,1280,2,9,1,1,33,Male,Single,46497,High School Diploma,Blue-collar,1
421,599,0.7779861125547054,15892,15105,9,9,0,4,56,Female,Married,22013,Bachelor's Degree,White-collar,1
422,553,0.9342054338823473,28695,1834,8,1,0,3,29,Male,Single,41902,Master's Degree,Blue-collar,1
423,577,0.9236905319988391,42234,11207,6,9,0,2,25,Female,Married,42280,High School Diploma,White-collar,1
424,548,0.4169068355159008,17441,10648,4,5,1,4,57,Male,Single,70923,Bachelor's Degree,Blue-collar,1
425,803,0.4887348264068463,34979,4219,3,2,2,2,23,Female,Married,16688,Master's Degree,White-collar,0
426,572,0.7994963044075934,10260,4050,1,4,2,3,63,Male,Single,97613,High School Diploma,Blue-collar,1
427,809,0.006175604281669966,27764,1862,4,5,1,2,27,Female,Married,85349,Bachelor's Degree,White-collar,1
428,673,0.5748671587546679,34680,2989,7,9,0,3,35,Male,Single,37717,Master's Degree,Blue-collar,1
429,519,0.6456573721619592,43656,10014,8,5,2,4,24,Female,Married,42655,High School Diploma,White-collar,1
430,584,0.014945681965832347,23147,8259,1,7,1,2,31,Male,Single,68833,Bachelor's Degree,Blue-collar,1
431,576,0.8840464183370784,10190,8408,6,2,0,3,28,Female,Married,10909,Master's Degree,White-collar,1
432,655,0.5094760882202756,24375,11093,10,1,0,4,62,Male,Single,72313,High School Diploma,Blue-collar,1
433,831,0.9750596809060675,33185,17344,9,9,1,2,17,Female,Married,29753,Bachelor's Degree,White-collar,1
434,727,0.15579001989840746,14196,12221,6,1,2,1,41,Male,Single,13708,Master's Degree,Blue-collar,1
435,693,0.9213176555074237,43630,8721,3,7,2,3,51,Female,Married,58866,High School Diploma,White-collar,1
436,847,0.32222354321361246,44379,13900,2,1,1,1,45,Male,Single,24578,Bachelor's Degree,Blue-collar,1
437,536,0.6483131563060189,28960,1036,3,8,0,1,32,Female,Married,58439,Master's Degree,White-collar,1
438,730,0.7493260708553028,35080,4262,2,5,2,4,35,Male,Single,78304,High School Diploma,Blue-collar,1
439,724,0.0507363530918028,25682,9901,7,9,1,2,37,Female,Married,63409,Bachelor's Degree,White-collar,1
440,792,0.4295397194257735,25522,2464,6,1,2,3,39,Male,Single,62640,Master's Degree,Blue-collar,1
441,690,0.3200578521297588,27567,3566,5,9,1,1,48,Female,Married,46235,High School Diploma,White-collar,1
442,589,0.005684779525312322,28797,10359,7,6,1,4,20,Male,Single,80966,Bachelor's Degree,Blue-collar,1
443,515,0.4009653502913182,43049,8791,5,1,2,1,36,Female,Married,25412,Master's Degree,White-collar,1
444,707,0.21728767378674685,10264,11907,10,7,0,1,63,Male,Single,31287,High School Diploma,Blue-collar,1
445,540,0.4211918177009444,43789,6853,8,9,2,3,59,Female,Married,15258,Bachelor's Degree,White-collar,1
446,642,0.09808561361975354,19745,13822,4,8,1,1,44,Male,Single,42283,Master's Degree,Blue-collar,1
447,847,0.11110046582727662,20319,10338,4,5,1,4,63,Female,Married,12663,High School Diploma,White-collar,1
448,599,0.380756885789044,44804,19599,8,9,2,3,36,Male,Single,32447,Bachelor's Degree,Blue-collar,1
449,641,0.7218114337775654,42833,12860,8,9,2,3,40,Female,Married,69222,Master's Degree,White-collar,1
450,770,0.5333635884594345,25496,19036,3,6,0,3,37,Male,Single,54262,High School Diploma,Blue-collar,1
451,642,0.9600476359039042,18969,1000,10,6,1,3,18,Female,Married,34208,Bachelor's Degree,White-collar,1
452,781,0.7918760216515162,43488,3356,10,8,1,4,57,Male,Single,75295,Master's Degree,Blue-collar,1
453,659,0.6269265289615444,24713,7652,9,4,2,2,33,Female,Married,12852,High School Diploma,White-collar,1
454,685,0.05495702565381433,49178,15143,9,5,1,2,33,Male,Single,90227,Bachelor's Degree,Blue-collar,1
455,820,0.3755847182476477,45221,14621,7,9,2,3,53,Female,Married,32013,Master's Degree,White-collar,1
456,749,0.3355997984318776,15436,14461,5,9,0,1,39,Male,Single,60662,High School Diploma,Blue-collar,1
457,672,0.2729010710336316,23331,6685,4,2,0,2,63,Female,Married,62295,Bachelor's Degree,White-collar,1
458,619,0.28362136901116164,49022,8677,3,6,1,3,64,Male,Single,31009,Master's Degree,Blue-collar,1
459,636,0.3718162831838616,16672,3737,5,4,1,1,25,Female,Married,18232,High School Diploma,White-collar,1
460,844,0.7346192128721235,34830,12948,5,7,0,2,34,Male,Single,14890,Bachelor's Degree,Blue-collar,1
461,544,0.7369725083561359,16187,6165,10,2,1,4,62,Female,Married,61777,Master's Degree,White-collar,1
462,749,0.24352962873145412,49308,1364,8,7,0,2,53,Male,Single,10023,High School Diploma,Blue-collar,1
463,692,0.1230601293561161,45263,17682,1,7,1,3,35,Female,Married,41062,Bachelor's Degree,White-collar,1
464,629,0.8477449296519645,40579,7372,1,1,0,1,52,Male,Single,22744,Master's Degree,Blue-collar,1
465,810,0.4977947595239606,15167,3682,5,4,2,1,54,Female,Married,47699,High School Diploma,White-collar,1
466,594,0.8902030401494841,19397,7808,5,5,0,3,59,Male,Single,31270,Bachelor's Degree,Blue-collar,1
467,585,0.04673379100461228,18172,17208,9,6,1,1,29,Female,Married,53727,Master's Degree,White-collar,0
468,655,0.6711075619460297,31300,12195,7,2,2,2,32,Male,Single,29396,High School Diploma,Blue-collar,1
469,548,0.2676726216987597,16359,8873,9,9,2,1,29,Female,Married,94469,Bachelor's Degree,White-collar,0
470,643,0.5737488833717588,47882,6894,2,5,1,2,40,Male,Single,73356,Master's Degree,Blue-collar,1
471,757,0.5419307155977879,44539,19276,7,8,2,4,28,Female,Married,90292,High School Diploma,White-collar,1
472,668,0.14701823354418786,44797,6209,2,3,2,3,51,Male,Single,34352,Bachelor's Degree,Blue-collar,1
473,602,0.1949664761664076,41858,14702,9,1,1,2,27,Female,Married,15582,Master's Degree,White-collar,1
474,505,0.36007171860570675,17649,18958,9,4,2,1,28,Male,Single,35299,High School Diploma,Blue-collar,1
475,528,0.030714604852054683,12349,13828,3,8,2,3,36,Female,Married,72329,Bachelor's Degree,White-collar,0
476,608,0.33701804842841143,15831,2900,1,1,1,1,42,Male,Single,63562,Master's Degree,Blue-collar,1
477,757,0.9650041072044178,20149,4671,2,9,2,1,22,Female,Married,69573,High School Diploma,White-collar,1
478,658,0.9464559577473672,47328,8768,3,2,0,1,56,Male,Single,35295,Bachelor's Degree,Blue-collar,1
479,800,0.17316747806351684,46431,19424,3,5,0,2,33,Female,Married,53257,Master's Degree,White-collar,1
480,565,0.8804122008524804,21915,2093,8,4,0,4,60,Male,Single,38804,High School Diploma,Blue-collar,1
481,505,0.6297422644254165,18342,10014,8,3,2,4,46,Female,Married,60507,Bachelor's Degree,White-collar,0
482,585,0.7736514616515665,46783,5669,10,5,2,1,44,Male,Single,71850,Master's Degree,Blue-collar,1
483,783,0.6441373525258489,25808,6089,4,9,1,1,22,Female,Married,22070,High School Diploma,White-collar,1
484,695,0.4411622793584322,40189,19842,6,9,0,4,39,Male,Single,47665,Bachelor's Degree,Blue-collar,1
485,730,0.686548846262639,21972,1645,4,4,2,2,25,Female,Married,25517,Master's Degree,White-collar,0
486,721,0.32339469812190724,23105,16450,10,4,2,4,16,Male,Single,66399,High School Diploma,Blue-collar,1
487,796,0.5552338770676918,15906,10875,5,3,1,2,36,Female,Married,98548,Bachelor's Degree,White-collar,0
488,784,0.6480758261096572,43883,19275,8,9,0,1,51,Male,Single,24840,Master's Degree,Blue-collar,1
489,667,0.21302053300698243,35554,14011,9,1,0,3,64,Female,Married,26565,High School Diploma,White-collar,1
490,722,0.11782339305185563,38636,5432,6,7,0,4,54,Male,Single,44551,Bachelor's Degree,Blue-collar,1
491,680,0.2850058544197217,12010,1579,9,7,0,4,52,Female,Married,75824,Master's Degree,White-collar,1
492,794,0.43380323267104126,42066,12700,3,5,1,3,58,Male,Single,85327,High School Diploma,Blue-collar,1
493,691,0.733522410805751,13505,5733,10,9,2,3,57,Female,Married,91876,Bachelor's Degree,White-collar,1
494,546,0.021257934527363687,33203,11408,3,7,1,2,55,Male,Single,64157,Master's Degree,Blue-collar,1
495,575,0.5266035213314357,27724,6591,7,3,1,3,63,Female,Married,29324,High School Diploma,White-collar,1
496,535,0.5097544780537494,42054,7759,8,2,1,4,35,Male,Single,86209,Bachelor's Degree,Blue-collar,1
497,674,0.7987494755534919,49276,18894,8,4,2,2,51,Female,Married,86818,Master's Degree,White-collar,1
498,806,0.1289940561860068,15451,12347,4,5,0,1,17,Male,Single,96947,High School Diploma,Blue-collar,1
499,676,0.8308334168294185,40397,11005,8,6,2,2,46,Female,Married,31669,Bachelor's Degree,White-collar,1
500,577,0.7591325191468951,42155,11184,1,1,2,3,54,Male,Single,56611,Master's Degree,Blue-collar,1
501,616,0.2746777606365196,33930,8181,5,2,1,2,28,Female,Married,54917,High School Diploma,White-collar,1
502,728,0.0940214510125752,43875,6072,3,8,0,1,21,Male,Single,51241,Bachelor's Degree,Blue-collar,1
503,647,0.7760789565461758,22939,3487,5,7,1,1,16,Female,Married,76881,Master's Degree,White-collar,1
504,582,0.8352109509947948,34800,19550,9,9,1,3,50,Male,Single,78507,High School Diploma,Blue-collar,1
505,622,0.7498479065176387,12629,11949,6,4,2,1,41,Female,Married,80694,Bachelor's Degree,White-collar,0
506,802,0.35886933820552347,47450,19120,4,8,1,2,39,Male,Single,56716,Master's Degree,Blue-collar,1
507,836,0.6324243744001367,31229,8965,3,3,1,2,16,Female,Married,98150,High School Diploma,White-collar,1
508,554,0.768768825720174,43022,12085,2,7,0,3,25,Male,Single,75444,Bachelor's Degree,Blue-collar,1
509,556,0.6004430313823554,48872,9654,6,9,1,4,63,Female,Married,59642,Master's Degree,White-collar,1
510,723,0.01826417312250095,19288,1880,6,8,2,4,29,Male,Single,36839,High School Diploma,Blue-collar,1
511,563,0.9056535044083296,37233,4836,5,7,0,1,61,Female,Married,23233,Bachelor's Degree,White-collar,1
512,745,0.7623779708752911,23361,7497,7,8,1,1,58,Male,Single,66255,Master's Degree,Blue-collar,1
513,693,0.8838931017699481,33545,14746,6,8,2,2,27,Female,Married,61764,High School Diploma,White-collar,1
514,715,0.8069837646597579,45797,4481,2,7,0,1,58,Male,Single,20267,Bachelor's Degree,Blue-collar,1
515,697,0.6651346037752888,39482,10735,8,9,1,3,38,Female,Married,51142,Master's Degree,White-collar,0
516,843,0.7360246856357437,48887,3075,3,8,1,1,29,Male,Single,78697,High School Diploma,Blue-collar,1
517,745,0.5567290644553382,19029,11272,4,9,1,3,36,Female,Married,35215,Bachelor's Degree,White-collar,0
518,821,0.7423974850757161,46709,2526,5,3,0,2,17,Male,Single,70669,Master's Degree,Blue-collar,1
519,676,0.5924859690100099,16378,7826,7,6,2,2,48,Female,Married,77262,High School Diploma,White-collar,1
520,657,0.9396058900893205,47627,15803,1,9,2,2,55,Male,Single,20175,Bachelor's Degree,Blue-collar,1
521,646,0.1316061057598864,47381,17271,10,2,0,4,38,Female,Married,34023,Master's Degree,White-collar,1
522,544,0.4556478045689767,19065,10708,9,7,2,4,54,Male,Single,97845,High School Diploma,Blue-collar,1
523,638,0.4516277018912048,42374,10456,7,1,1,1,38,Female,Married,76678,Bachelor's Degree,White-collar,1
524,846,0.9283872865986769,32120,6281,3,5,1,1,49,Male,Single,36189,Master's Degree,Blue-collar,1
525,735,0.4109993833347352,38462,12744,6,3,2,3,30,Female,Married,16497,High School Diploma,White-collar,1
526,555,0.27545883378622904,24773,6905,8,5,0,1,55,Male,Single,32654,Bachelor's Degree,Blue-collar,1
527,566,0.1914770052075463,45548,11435,1,2,1,2,20,Female,Married,62335,Master's Degree,White-collar,1
528,846,0.9516716285411699,28147,4722,9,8,0,2,31,Male,Single,33045,High School Diploma,Blue-collar,1
529,790,0.6239832512550092,26946,15520,10,6,1,3,55,Female,Married,43789,Bachelor's Degree,White-collar,1
530,660,0.894837389941735,48007,1696,2,8,0,2,18,Male,Single,67797,Master's Degree,Blue-collar,1
531,724,0.6028844057003466,39509,3215,4,2,1,2,63,Female,Married,73866,High School Diploma,White-collar,1
532,846,0.5190385793318328,35469,6376,1,5,2,4,25,Male,Single,48789,Bachelor's Degree,Blue-collar,1
533,836,0.057861265332323275,35642,19174,9,8,1,2,44,Female,Married,29870,Master's Degree,White-collar,1
534,574,0.7206251868830137,48869,8573,3,3,1,1,25,Male,Single,37112,High School Diploma,Blue-collar,1
535,729,0.10059454419299174,24252,12686,4,1,1,4,50,Female,Married,47325,Bachelor's Degree,White-collar,1
536,806,0.19979835356055442,28289,2183,3,2,1,4,42,Male,Single,25221,Master's Degree,Blue-collar,1
537,744,0.8484424871806158,24862,9020,6,2,0,4,26,Female,Married,22297,High School Diploma,White-collar,1
538,685,0.9601737479481695,10721,3653,5,8,2,1,24,Male,Single,74834,Bachelor's Degree,Blue-collar,1
539,787,0.2881294298444351,13504,17062,5,4,1,3,54,Female,Married,34716,Master's Degree,White-collar,1
540,816,0.4715923925288812,43656,19775,7,6,1,4,33,Male,Single,78968,High School Diploma,Blue-collar,1
541,755,0.3561688492422712,19735,13275,1,3,0,4,55,Female,Married,86332,Bachelor's Degree,White-collar,1
542,525,0.8627944292337808,33540,17283,8,9,2,2,18,Male,Single,49806,Master's Degree,Blue-collar,1
543,514,0.3526243064606277,29229,17274,1,5,2,1,43,Female,Married,80176,High School Diploma,White-collar,1
544,737,0.2912137895516499,37825,1823,7,2,0,1,24,Male,Single,99448,Bachelor's Degree,Blue-collar,1
545,795,0.42490234952563755,46761,4502,7,4,2,3,57,Female,Married,84567,Master's Degree,White-collar,1
546,585,0.5709364163600886,32228,5499,5,2,1,4,64,Male,Single,77240,High School Diploma,Blue-collar,1
547,786,0.08165418320382434,41604,9103,5,4,0,2,44,Female,Married,88946,Bachelor's Degree,White-collar,1
548,777,0.7334395892898993,32583,4699,2,1,0,1,41,Male,Single,75445,Master's Degree,Blue-collar,1
549,590,0.11147441822774262,49485,15346,1,6,1,3,58,Female,Married,33513,High School Diploma,White-collar,1
550,777,0.5944900272475758,12723,17429,3,3,2,3,40,Male,Single,22101,Bachelor's Degree,Blue-collar,1
551,611,0.37683187068805657,46948,16095,7,5,1,2,19,Female,Married,74455,Master's Degree,White-collar,1
552,709,0.9187961988854686,47531,4241,2,8,2,4,53,Male,Single,20779,High School Diploma,Blue-collar,1
553,810,0.4415108699168445,17125,17718,2,8,0,1,48,Female,Married,61100,Bachelor's Degree,White-collar,1
554,547,0.9250749454930633,45215,19424,3,7,1,1,51,Male,Single,90818,Master's Degree,Blue-collar,1
555,727,0.31966710410431587,23129,4678,4,6,0,4,20,Female,Married,39739,High School Diploma,White-collar,1
556,633,0.6418109610546531,31538,4208,2,2,2,3,55,Male,Single,56740,Bachelor's Degree,Blue-collar,1
557,570,0.5431234526544634,40927,8289,6,6,1,1,25,Female,Married,45853,Master's Degree,White-collar,1
558,796,0.33326647029664114,42957,9143,1,3,2,2,50,Male,Single,15457,High School Diploma,Blue-collar,1
559,607,0.8064874571403565,48416,2218,4,9,0,2,59,Female,Married,11825,Bachelor's Degree,White-collar,1
560,602,0.4639174524252898,22297,7505,8,9,2,1,30,Male,Single,29137,Master's Degree,Blue-collar,1
561,712,0.496828383171772,28936,9915,3,6,0,2,20,Female,Married,93198,High School Diploma,White-collar,1
562,524,0.06512085001627066,22874,18750,10,5,1,4,61,Male,Single,51445,Bachelor's Degree,Blue-collar,1
563,849,0.7333955224753589,19765,5196,10,7,1,4,48,Female,Married,78802,Master's Degree,White-collar,1
564,815,0.26714021165987467,25609,13569,9,1,1,3,56,Male,Single,74165,High School Diploma,Blue-collar,1
565,552,0.3236473493426605,27518,16954,4,6,0,2,31,Female,Married,43650,Bachelor's Degree,White-collar,1
566,569,0.16502613315292525,44803,19952,4,6,2,1,25,Male,Single,40051,Master's Degree,Blue-collar,1
567,737,0.12858935936909754,49265,17187,3,4,2,4,19,Female,Married,83458,High School Diploma,White-collar,1
568,755,0.7442635153425742,25245,5301,2,3,0,4,48,Male,Single,44703,Bachelor's Degree,Blue-collar,1
569,789,0.9572017510927309,34033,5062,10,2,0,3,31,Female,Married,95087,Master's Degree,White-collar,1
570,698,0.8327811934631733,36433,19957,7,8,2,1,62,Male,Single,98390,High School Diploma,Blue-collar,1
571,811,0.3873621388610132,20628,14450,10,8,1,3,30,Female,Married,85395,Bachelor's Degree,White-collar,1
572,710,0.6300550549828229,25108,11129,1,8,1,2,59,Male,Single,77135,Master's Degree,Blue-collar,1
573,637,0.9083878006767315,42567,8233,5,8,0,1,46,Female,Married,54435,High School Diploma,White-collar,1
574,744,0.5678730515551429,23735,1053,9,5,0,2,18,Male,Single,40021,Bachelor's Degree,Blue-collar,1
575,697,0.04056572946900816,17649,3650,9,8,0,1,51,Female,Married,66060,Master's Degree,White-collar,1
576,679,0.7032750962236541,37869,4924,2,3,1,1,49,Male,Single,77577,High School Diploma,Blue-collar,1
577,676,0.8556650505367399,39096,8919,2,6,2,1,30,Female,Married,68186,Bachelor's Degree,White-collar,0
578,704,0.9231751816448345,44577,12043,3,9,2,3,17,Male,Single,29572,Master's Degree,Blue-collar,1
579,652,0.4616951236606125,42337,19222,6,5,2,1,22,Female,Married,65642,High School Diploma,White-collar,1
580,701,0.9755035401528726,44066,6505,5,6,2,2,37,Male,Single,46223,Bachelor's Degree,Blue-collar,1
581,744,0.6758303010469523,17769,14682,1,9,2,1,36,Female,Married,16767,Master's Degree,White-collar,0
582,737,0.8297198564338725,45671,3909,3,8,1,3,38,Male,Single,52819,High School Diploma,Blue-collar,1
583,586,0.6542509379687542,28300,15685,4,9,0,2,19,Female,Married,74023,Bachelor's Degree,White-collar,1
584,598,0.156258194010663,39014,5733,10,3,2,4,46,Male,Single,49127,Master's Degree,Blue-collar,1
585,619,0.898394542293309,44040,7613,5,9,0,1,36,Female,Married,32876,High School Diploma,White-collar,1
586,587,0.19729265356630277,16631,1618,10,8,1,3,41,Male,Single,78971,Bachelor's Degree,Blue-collar,1
587,785,0.7854840631127575,40802,3809,3,3,0,3,58,Female,Married,17267,Master's Degree,White-collar,1
588,627,0.01605776543932924,18781,4529,10,7,1,4,36,Male,Single,52655,High School Diploma,Blue-collar,1
589,826,0.32214548373063867,21768,1957,5,9,2,1,60,Female,Married,63882,Bachelor's Degree,White-collar,1
590,720,0.7137612750847582,39381,10584,8,7,0,1,33,Male,Single,30250,Master's Degree,Blue-collar,1
591,578,0.5956091418695336,35028,10787,9,1,0,4,61,Female,Married,26584,High School Diploma,White-collar,1
592,703,0.9959386560924822,46009,14254,10,6,1,3,46,Male,Single,67391,Bachelor's Degree,Blue-collar,1
593,666,0.5638986930561241,18980,10870,9,3,1,1,33,Female,Married,55993,Master's Degree,White-collar,0
594,616,0.502173831122935,40094,18460,3,4,2,2,26,Male,Single,33761,High School Diploma,Blue-collar,1
595,741,0.406116718416747,35662,18162,3,5,0,2,60,Female,Married,70653,Bachelor's Degree,White-collar,1
596,703,0.6244496008325406,42194,18563,5,7,0,1,46,Male,Single,62270,Master's Degree,Blue-collar,1
597,814,0.46273986307429626,20120,3373,1,1,2,1,44,Female,Married,87795,High School Diploma,White-collar,1
598,691,0.758989768753357,43613,15518,4,5,0,3,61,Male,Single,50581,Bachelor's Degree,Blue-collar,1
599,812,0.508998342788816,37866,15096,2,1,2,4,64,Female,Married,92022,Master's Degree,White-collar,0
600,801,0.36570269860979654,44707,13575,8,3,2,1,57,Male,Single,79906,High School Diploma,Blue-collar,1
601,589,0.43080900093715746,12682,1054,1,2,2,2,35,Female,Married,21623,Bachelor's Degree,White-collar,0
602,560,0.01591903718314014,19585,13111,4,6,0,4,61,Male,Single,58650,Master's Degree,Blue-collar,1
603,506,0.42421277218746767,11294,10131,9,3,1,2,25,Female,Married,85869,High School Diploma,White-collar,1
604,721,0.5406895364905122,38844,12593,8,8,0,4,53,Male,Single,43321,Bachelor's Degree,Blue-collar,1
605,578,0.8490099341726355,40175,5019,7,9,0,2,16,Female,Married,10374,Master's Degree,White-collar,1
606,832,0.31498509399621166,34483,17907,4,5,2,2,32,Male,Single,79458,High School Diploma,Blue-collar,1
607,616,0.8215982349186466,14439,6151,4,9,1,4,60,Female,Married,91085,Bachelor's Degree,White-collar,0
608,558,0.10472824910183476,18555,11689,5,3,1,3,62,Male,Single,82513,Master's Degree,Blue-collar,1
609,759,0.576609665430017,49513,17996,1,4,0,1,58,Female,Married,21949,High School Diploma,White-collar,1
610,557,0.9348441289811095,36307,1608,8,3,2,3,22,Male,Single,12750,Bachelor's Degree,Blue-collar,1
611,837,0.2431418503674756,34904,4602,8,5,1,2,18,Female,Married,47945,Master's Degree,White-collar,1
612,561,0.9472760724932318,48159,16220,9,2,2,2,64,Male,Single,58595,High School Diploma,Blue-collar,1
613,832,0.6079399720080879,11965,12328,8,4,2,4,47,Female,Married,23429,Bachelor's Degree,White-collar,0
614,573,0.350343461262691,28534,1396,3,8,2,1,22,Male,Single,59105,Master's Degree,Blue-collar,1
615,698,0.5148248167217604,26218,11921,1,1,2,3,56,Female,Married,45425,High School Diploma,White-collar,1
616,585,0.9742603566163114,29966,15581,10,1,0,4,24,Male,Single,44747,Bachelor's Degree,Blue-collar,1
617,824,0.20945771648238043,48090,1277,7,2,2,3,33,Female,Married,87260,Master's Degree,White-collar,1
618,690,0.09821824465108442,23852,13327,9,1,0,3,40,Male,Single,74628,High School Diploma,Blue-collar,1
619,622,0.6129190505316324,42076,5884,2,6,0,3,61,Female,Married,39524,Bachelor's Degree,White-collar,1
620,603,0.8667215787413062,24690,15652,6,5,1,3,47,Male,Single,32042,Master's Degree,Blue-collar,1
621,645,0.18936269252065752,47457,2833,3,9,0,2,48,Female,Married,20338,High School Diploma,White-collar,1
622,522,0.13593436781331691,10007,4234,7,7,1,3,46,Male,Single,91159,Bachelor's Degree,Blue-collar,1
623,695,0.1436422068026748,18067,8302,5,3,1,3,43,Female,Married,72099,Master's Degree,White-collar,0
624,637,0.9125893041165644,12992,1617,3,2,2,4,41,Male,Single,89086,High School Diploma,Blue-collar,1
625,830,0.832588590988992,18989,14810,8,6,0,1,23,Female,Married,72309,Bachelor's Degree,White-collar,1
626,748,0.751660739570715,24708,10735,6,6,1,3,36,Male,Single,31757,Master's Degree,Blue-collar,1
627,550,0.9774148938232827,11180,11562,8,6,1,4,19,Female,Married,19170,High School Diploma,White-collar,1
628,528,0.18904973377565026,42578,3743,9,3,0,3,59,Male,Single,47800,Bachelor's Degree,Blue-collar,1
629,810,0.9073449591272096,25052,8508,2,4,0,3,29,Female,Married,13108,Master's Degree,White-collar,1
630,641,0.3714215661953434,16738,7310,4,1,0,4,17,Male,Single,55772,High School Diploma,Blue-collar,1
631,677,0.457829264988892,38795,11862,2,2,1,2,56,Female,Married,95766,Bachelor's Degree,White-collar,0
632,770,0.8044955123452344,28879,6988,7,2,2,1,57,Male,Single,67082,Master's Degree,Blue-collar,1
633,656,0.9614688416388829,27852,4659,2,7,2,1,60,Female,Married,87552,High School Diploma,White-collar,1
634,825,0.5392478393369707,24335,16206,3,9,2,4,24,Male,Single,21520,Bachelor's Degree,Blue-collar,1
635,512,0.05291009584519968,46066,5245,1,7,2,4,64,Female,Married,43423,Master's Degree,White-collar,1
636,690,0.7819977825301099,15871,12178,7,2,1,2,46,Male,Single,15639,High School Diploma,Blue-collar,1
637,720,0.3562533035872275,13675,5710,1,5,0,1,33,Female,Married,78884,Bachelor's Degree,White-collar,1
638,661,0.7041269743030788,38047,11335,8,2,0,4,18,Male,Single,79692,Master's Degree,Blue-collar,1
639,743,0.8715775721084018,15267,8938,1,3,0,4,56,Female,Married,32605,High School Diploma,White-collar,1
640,733,0.7259950174633177,20148,11211,7,2,2,4,40,Male,Single,25969,Bachelor's Degree,Blue-collar,1
641,666,0.8080922089587622,35412,12781,3,5,1,2,53,Female,Married,37611,Master's Degree,White-collar,0
642,525,0.43366842866871813,21194,14932,5,6,0,1,36,Male,Single,94439,High School Diploma,Blue-collar,1
643,722,0.5507227673126163,12467,11144,7,7,0,4,42,Female,Married,95166,Bachelor's Degree,White-collar,1
644,518,0.7995436971641765,31365,6869,3,3,1,1,57,Male,Single,49062,Master's Degree,Blue-collar,1
645,714,0.4733378954591583,11164,15943,1,9,1,3,22,Female,Married,56899,High School Diploma,White-collar,1
646,660,0.4261922076390545,47660,15235,9,5,0,3,30,Male,Single,63771,Bachelor's Degree,Blue-collar,1
647,534,0.2141806271243113,10090,9718,3,8,0,2,64,Female,Married,30259,Master's Degree,White-collar,1
648,619,0.37079783450270587,30309,17840,1,7,1,4,27,Male,Single,10344,High School Diploma,Blue-collar,1
649,516,0.7322929306424476,30429,16647,7,6,2,1,40,Female,Married,26956,Bachelor's Degree,White-collar,0
650,828,0.28004512010514915,43454,5140,8,2,1,4,16,Male,Single,45313,Master's Degree,Blue-collar,1
651,686,0.27145314651061925,19338,5345,5,2,2,2,29,Female,Married,29747,High School Diploma,White-collar,1
652,614,0.8210967917805365,13994,5771,3,8,2,3,28,Male,Single,58873,Bachelor's Degree,Blue-collar,1
653,568,0.9052260484348658,15358,3817,6,9,2,3,23,Female,Married,48264,Master's Degree,White-collar,0
654,691,0.7060482470899577,35662,11533,3,9,0,4,32,Male,Single,50624,High School Diploma,Blue-collar,1
655,831,0.043048431018657185,23028,5647,2,5,2,4,49,Female,Married,48298,Bachelor's Degree,White-collar,1
656,716,0.28414331489610667,47142,17242,6,6,1,4,55,Male,Single,98763,Master's Degree,Blue-collar,1
657,739,0.08587571322191523,21727,12463,7,7,1,1,61,Female,Married,78508,High School Diploma,White-collar,1
658,613,0.11100491335389584,47969,10600,4,5,2,2,20,Male,Single,76507,Bachelor's Degree,Blue-collar,1
659,600,0.4003443494079624,43726,5441,3,1,1,3,29,Female,Married,54445,Master's Degree,White-collar,1
660,548,0.9808826946978108,44753,13867,2,9,2,3,20,Male,Single,96902,High School Diploma,Blue-collar,1
661,517,0.34386731016387007,22025,1571,2,9,0,2,61,Female,Married,67454,Bachelor's Degree,White-collar,1
662,639,0.6989677672576697,37892,17717,10,6,0,3,29,Male,Single,50518,Master's Degree,Blue-collar,1
663,600,0.8540270283331622,24859,13169,10,5,0,3,57,Female,Married,31081,High School Diploma,White-collar,1
664,614,0.36668496357814684,11506,18007,6,9,2,1,63,Male,Single,61591,Bachelor's Degree,Blue-collar,1
665,579,0.1088166521374434,19157,11320,6,4,2,2,62,Female,Married,53193,Master's Degree,White-collar,0
666,578,0.2664504940417336,40588,19681,5,9,2,3,62,Male,Single,14181,High School Diploma,Blue-collar,1
667,761,0.933325682531527,30187,2325,3,4,2,1,28,Female,Married,45784,Bachelor's Degree,White-collar,0
668,568,0.38776855444606384,42741,9847,8,4,0,4,21,Male,Single,10063,Master's Degree,Blue-collar,1
669,627,0.6107446589761286,18787,16588,3,1,2,2,38,Female,Married,12958,High School Diploma,White-collar,1
670,704,0.14989301544444722,18988,10516,7,2,2,4,41,Male,Single,32747,Bachelor's Degree,Blue-collar,1
671,552,0.6745795575896192,15090,10701,3,3,1,2,44,Female,Married,50442,Master's Degree,White-collar,0
672,598,0.009813879177943186,23232,13932,8,2,0,3,35,Male,Single,72335,High School Diploma,Blue-collar,1
673,728,0.2179901995743907,35130,12014,2,2,2,3,42,Female,Married,43683,Bachelor's Degree,White-collar,1
674,642,0.5959089241956178,48682,12290,9,8,1,2,18,Male,Single,38594,Master's Degree,Blue-collar,1
675,546,0.39227487384118354,14891,3569,8,7,0,2,18,Female,Married,40724,High School Diploma,White-collar,1
676,647,0.19651792319983907,36704,3385,7,3,0,1,33,Male,Single,24548,Bachelor's Degree,Blue-collar,1
677,554,0.8274875618243607,26846,3614,8,8,2,4,36,Female,Married,71683,Master's Degree,White-collar,0
678,661,0.7030758610496093,44119,13881,8,7,2,3,30,Male,Single,72991,High School Diploma,Blue-collar,1
679,812,0.018755290512991407,34748,8562,5,3,2,3,22,Female,Married,32743,Bachelor's Degree,White-collar,1
680,694,0.06126042678545429,41646,11825,8,3,0,2,26,Male,Single,65575,Master's Degree,Blue-collar,1
681,615,0.21180599090431262,26290,10611,5,3,1,4,49,Female,Married,42093,High School Diploma,White-collar,1
682,773,0.16784097396463538,47441,13953,9,6,0,4,63,Male,Single,26972,Bachelor's Degree,Blue-collar,1
683,528,0.3261359458018721,18648,16796,2,8,0,2,54,Female,Married,97242,Master's Degree,White-collar,1
684,834,0.49604774621045034,46134,4948,8,4,1,2,55,Male,Single,10798,High School Diploma,Blue-collar,1
685,517,0.5722369762620493,11803,6559,6,4,1,1,36,Female,Married,34249,Bachelor's Degree,White-collar,0
686,822,0.1156347650602545,26569,16023,8,2,0,1,17,Male,Single,38356,Master's Degree,Blue-collar,1
687,553,0.9503717793487878,40575,4101,7,1,0,1,43,Female,Married,84250,High School Diploma,White-collar,1
688,801,0.10690994669838039,32751,6230,10,1,2,1,30,Male,Single,54666,Bachelor's Degree,Blue-collar,1
689,609,0.1860785222451402,20268,15349,5,5,1,1,20,Female,Married,33120,Master's Degree,White-collar,0
690,845,0.4343837136005281,44299,13832,8,9,1,4,36,Male,Single,60146,High School Diploma,Blue-collar,1
691,848,0.6752366918745195,38155,18367,1,2,0,3,54,Female,Married,30952,Bachelor's Degree,White-collar,1
692,717,0.4768990011551234,28388,15690,9,4,2,1,43,Male,Single,65980,Master's Degree,Blue-collar,1
693,612,0.6605475399237013,34641,12282,3,8,1,1,60,Female,Married,49203,High School Diploma,White-collar,1
694,849,0.12228473453642741,20442,16559,10,3,2,1,54,Male,Single,95918,Bachelor's Degree,Blue-collar,1
695,588,0.43519910488865,16952,19354,10,5,0,1,62,Female,Married,59281,Master's Degree,White-collar,1
696,756,0.23815388829183337,10210,12203,9,9,2,3,32,Male,Single,12451,High School Diploma,Blue-collar,1
697,805,0.8025594993657887,39868,8310,9,3,2,4,52,Female,Married,57970,Bachelor's Degree,White-collar,0
698,631,0.2781073066213109,16604,9111,10,3,1,2,52,Male,Single,38610,Master's Degree,Blue-collar,1
699,709,0.41715359056651535,23511,12923,5,9,2,3,42,Female,Married,41895,High School Diploma,White-collar,1
700,754,0.09354723528255915,34614,13865,8,3,2,2,32,Male,Single,91279,Bachelor's Degree,Blue-collar,1
701,679,0.7615877025886384,40601,9740,6,6,0,3,41,Female,Married,72239,Master's Degree,White-collar,1
702,679,0.2745183864306827,34370,4816,6,2,0,4,44,Male,Single,16815,High School Diploma,Blue-collar,1
703,802,0.6343390377709512,40405,12356,1,3,0,2,20,Female,Married,77774,Bachelor's Degree,White-collar,1
704,513,0.23085025938704162,38905,18348,1,9,1,1,41,Male,Single,63559,Master's Degree,Blue-collar,1
705,790,0.5561809773002575,39640,18944,4,1,1,2,52,Female,Married,75573,High School Diploma,White-collar,1
706,630,0.9095928519035004,15648,2207,10,1,1,2,25,Male,Single,54539,Bachelor's Degree,Blue-collar,1
707,700,0.7467099613806568,33789,18940,9,3,2,1,45,Female,Married,43449,Master's Degree,White-collar,0
708,717,0.8901177813788282,13723,10461,2,9,0,4,49,Male,Single,81668,High School Diploma,Blue-collar,1
709,614,0.4012297826270588,17115,18385,4,7,1,2,37,Female,Married,84118,Bachelor's Degree,White-collar,0
710,566,0.24895362062048032,22043,1047,4,1,0,2,58,Male,Single,89903,Master's Degree,Blue-collar,1
711,578,0.19085937372222872,32677,1458,9,6,0,3,35,Female,Married,18729,High School Diploma,White-collar,1
712,569,0.2182469618356201,23229,4844,5,6,2,1,28,Male,Single,30535,Bachelor's Degree,Blue-collar,1
713,518,0.825305782443445,24369,12472,1,1,2,2,41,Female,Married,17500,Master's Degree,White-collar,0
714,744,0.06112280402687964,44302,9926,5,6,1,2,56,Male,Single,59322,High School Diploma,Blue-collar,1
715,673,0.23078541735781244,48574,12699,1,9,2,1,59,Female,Married,56495,Bachelor's Degree,White-collar,1
716,820,0.8558428578209307,36187,10510,9,3,2,1,27,Male,Single,65453,Master's Degree,Blue-collar,1
717,515,0.17580074071714136,21694,10963,8,4,2,4,34,Female,Married,64864,High School Diploma,White-collar,1
718,794,0.5724065195647089,22750,15884,8,4,2,4,32,Male,Single,42652,Bachelor's Degree,Blue-collar,1
719,537,0.7101000330090842,11725,10142,7,2,1,4,59,Female,Married,17058,Master's Degree,White-collar,0
720,839,0.015262612591001812,28411,19453,1,8,2,1,38,Male,Single,39055,High School Diploma,Blue-collar,1
721,625,0.191854649364554,29684,14642,1,9,0,4,33,Female,Married,56920,Bachelor's Degree,White-collar,1
722,605,0.6141599037100782,36743,7772,8,3,1,4,40,Male,Single,34931,Master's Degree,Blue-collar,1
723,606,0.9957235448620267,16004,2896,1,8,0,3,37,Female,Married,79374,High School Diploma,White-collar,1
724,833,0.8894413112282351,35248,6769,7,1,1,3,21,Male,Single,32720,Bachelor's Degree,Blue-collar,1
725,779,0.5933057349941183,40705,15737,3,9,0,4,21,Female,Married,79757,Master's Degree,White-collar,1
726,634,0.5332049633167865,37606,19535,7,2,1,1,34,Male,Single,60047,High School Diploma,Blue-collar,1
727,718,0.29622921758451704,23440,5652,7,5,1,2,24,Female,Married,98150,Bachelor's Degree,White-collar,1
728,621,0.40663369706662733,31282,12819,3,1,2,3,18,Male,Single,98967,Master's Degree,Blue-collar,1
729,828,0.2862051847014706,36197,10849,1,2,2,3,51,Female,Married,84986,High School Diploma,White-collar,1
730,590,0.6732777178939089,38818,11005,10,4,0,2,34,Male,Single,33212,Bachelor's Degree,Blue-collar,1
731,721,0.2592870615518488,40806,19712,3,7,0,4,48,Female,Married,11466,Master's Degree,White-collar,1
732,650,0.5057824446714183,48020,6846,2,7,2,1,63,Male,Single,99272,High School Diploma,Blue-collar,1
733,663,0.5116306661806326,16449,8563,3,6,1,1,43,Female,Married,31660,Bachelor's Degree,White-collar,0
734,695,0.4847892602497693,45927,14773,6,3,2,4,62,Male,Single,46653,Master's Degree,Blue-collar,1
735,760,0.12230070790012015,19072,11275,4,3,1,4,62,Female,Married,99326,High School Diploma,White-collar,1
736,704,0.18714019141798688,37924,19500,7,5,1,1,23,Male,Single,42689,Bachelor's Degree,Blue-collar,1
737,523,0.6018156518149206,20684,1692,4,4,0,3,25,Female,Married,92986,Master's Degree,White-collar,1
738,693,0.22688555546054567,15698,13830,9,1,0,2,38,Male,Single,22318,High School Diploma,Blue-collar,1
739,583,0.6833723165497335,16507,17449,10,4,0,4,57,Female,Married,93178,Bachelor's Degree,White-collar,1
740,502,0.6085080063260038,23953,15287,5,7,0,1,29,Male,Single,48663,Master's Degree,Blue-collar,1
741,713,0.9845588430579394,39137,1385,8,1,1,4,30,Female,Married,48078,High School Diploma,White-collar,1
742,752,0.03818691927940454,28667,15590,8,9,1,2,21,Male,Single,22624,Bachelor's Degree,Blue-collar,1
743,590,0.6718538691951543,36107,14275,10,8,0,4,31,Female,Married,61799,Master's Degree,White-collar,1
744,529,0.4778433008290599,15254,5310,7,7,1,1,20,Male,Single,51663,High School Diploma,Blue-collar,1
745,672,0.5591322311782906,22858,17000,6,2,0,1,47,Female,Married,73310,Bachelor's Degree,White-collar,1
746,715,0.8277976769425376,13579,10258,8,8,2,4,32,Male,Single,78438,Master's Degree,Blue-collar,1
747,725,0.7961489366414461,20722,6222,5,8,0,3,24,Female,Married,59671,High School Diploma,White-collar,1
748,676,0.24459898671799052,36343,13692,4,3,0,3,21,Male,Single,17664,Bachelor's Degree,Blue-collar,1
749,840,0.6840431723914172,40531,5188,10,3,2,1,33,Female,Married,53645,Master's Degree,White-collar,1
750,553,0.08146351916806704,11472,5981,2,7,0,3,52,Male,Single,65260,High School Diploma,Blue-collar,1
751,602,0.1990147625781551,17865,4552,2,6,1,3,44,Female,Married,21657,Bachelor's Degree,White-collar,0
752,756,0.12674795980598552,20403,19719,1,4,1,2,43,Male,Single,42107,Master's Degree,Blue-collar,1
753,581,0.47390438450081385,44705,2435,8,4,1,4,45,Female,Married,48310,High School Diploma,White-collar,1
754,689,0.4769826870629793,46844,4266,5,8,0,1,18,Male,Single,83093,Bachelor's Degree,Blue-collar,1
755,747,0.3192059324265667,45482,10302,4,6,0,3,38,Female,Married,23999,Master's Degree,White-collar,1
756,749,0.6420529054267563,48498,3923,6,1,2,4,58,Male,Single,77873,High School Diploma,Blue-collar,1
757,505,0.11256395987694079,21877,7732,6,2,1,3,30,Female,Married,56290,Bachelor's Degree,White-collar,0
758,680,0.44916492467513336,48625,4702,2,8,2,2,23,Male,Single,32707,Master's Degree,Blue-collar,1
759,748,0.024415992062319147,16964,16169,5,3,0,1,22,Female,Married,86288,High School Diploma,White-collar,1
760,536,0.701078770234624,19550,10696,10,3,1,4,29,Male,Single,33876,Bachelor's Degree,Blue-collar,1
761,793,0.38118322628099355,39269,10549,7,6,1,1,55,Female,Married,83766,Master's Degree,White-collar,1
762,740,0.8067937209125505,11257,19934,1,3,0,4,39,Male,Single,35774,High School Diploma,Blue-collar,1
763,701,0.9530159364034757,24871,14182,1,3,0,1,23,Female,Married,30184,Bachelor's Degree,White-collar,1
764,700,0.2102302898267996,44452,7722,7,5,0,1,47,Male,Single,25311,Master's Degree,Blue-collar,1
765,587,0.16433261468128535,20269,9522,8,5,2,3,38,Female,Married,64136,High School Diploma,White-collar,1
766,759,0.19822802222350389,33556,15179,10,1,1,1,27,Male,Single,79397,Bachelor's Degree,Blue-collar,1
767,656,0.7639592236004035,45091,16838,9,3,2,1,20,Female,Married,73356,Master's Degree,White-collar,1
768,833,0.425050314598614,30487,5702,9,4,0,1,48,Male,Single,15829,High School Diploma,Blue-collar,1
769,518,0.9605236078443683,45182,9241,5,1,0,4,42,Female,Married,74603,Bachelor's Degree,White-collar,1
770,592,0.34646173064665997,32174,4674,3,8,1,4,39,Male,Single,69854,Master's Degree,Blue-collar,1
771,510,0.593696024719612,10520,2797,7,7,2,3,50,Female,Married,94661,High School Diploma,White-collar,1
772,616,0.8953928910642145,25894,6703,8,5,1,4,26,Male,Single,93202,Bachelor's Degree,Blue-collar,1
773,783,0.6402061747189569,36949,10317,9,2,0,1,33,Female,Married,55553,Master's Degree,White-collar,1
774,577,0.761613363778709,49815,17616,8,3,0,3,22,Male,Single,18798,High School Diploma,Blue-collar,1
775,778,0.1440810631446543,39184,6496,2,5,1,4,20,Female,Married,12562,Bachelor's Degree,White-collar,1
776,652,0.6856663128198359,14522,5231,3,6,0,1,25,Male,Single,66327,Master's Degree,Blue-collar,1
777,610,0.898726819625583,13583,2161,3,1,0,1,22,Female,Married,40796,High School Diploma,White-collar,1
778,829,0.5667513181846433,46452,6557,4,5,0,1,29,Male,Single,33008,Bachelor's Degree,Blue-collar,1
779,844,0.0757498383227514,35962,6026,9,6,2,2,32,Female,Married,29846,Master's Degree,White-collar,1
780,561,0.43871839133982504,38149,17306,3,1,0,3,58,Male,Single,17690,High School Diploma,Blue-collar,1
781,760,0.5063931676965516,41928,13432,7,9,2,1,18,Female,Married,10754,Bachelor's Degree,White-collar,1
782,691,0.970842609645302,21968,14896,1,8,0,3,49,Male,Single,77521,Master's Degree,Blue-collar,1
783,777,0.6396399127647147,43930,10801,8,4,1,4,45,Female,Married,11546,High School Diploma,White-collar,1
784,609,0.48703711174226527,16203,8247,9,7,1,1,37,Male,Single,22608,Bachelor's Degree,Blue-collar,1
785,691,0.4908359841947073,29666,7116,8,5,1,4,41,Female,Married,32770,Master's Degree,White-collar,0
786,706,0.7589424628706244,31709,2650,10,7,0,4,20,Male,Single,31558,High School Diploma,Blue-collar,1
787,757,0.040410982977652776,14016,13446,10,9,2,4,50,Female,Married,95390,Bachelor's Degree,White-collar,1
788,845,0.3537920592714393,18841,5594,9,8,0,3,45,Male,Single,33786,Master's Degree,Blue-collar,1
789,739,0.2015313739305412,11767,2993,7,3,1,4,17,Female,Married,75005,High School Diploma,White-collar,1
790,572,0.12994363143151666,41498,19226,5,7,0,1,45,Male,Single,33343,Bachelor's Degree,Blue-collar,1
791,641,0.36756094604118184,10971,5443,7,8,1,4,52,Female,Married,10860,Master's Degree,White-collar,0
792,576,0.4428500720319789,47464,15470,6,7,1,3,19,Male,Single,42655,High School Diploma,Blue-collar,1
793,830,0.043335869192778875,18644,12418,1,8,1,1,16,Female,Married,33085,Bachelor's Degree,White-collar,1
794,562,0.21827259110764208,13962,13111,7,3,1,1,49,Male,Single,29515,Master's Degree,Blue-collar,1
795,643,0.448184681281802,23052,10130,10,7,2,1,27,Female,Married,64223,High School Diploma,White-collar,1
796,676,0.8040695086537893,47442,19773,10,7,2,3,18,Male,Single,71598,Bachelor's Degree,Blue-collar,1
797,621,0.9090664732035283,24609,11073,1,5,1,1,58,Female,Married,79921,Master's Degree,White-collar,0
798,515,0.15133080388574682,26111,10260,7,9,2,1,41,Male,Single,61306,High School Diploma,Blue-collar,1
799,685,0.21477921745516226,23158,9495,10,4,0,3,38,Female,Married,79687,Bachelor's Degree,White-collar,1
800,527,0.20318698857112183,18878,17645,8,2,1,3,35,Male,Single,52600,Master's Degree,Blue-collar,1
801,508,0.7519153207014139,15903,19601,7,3,0,2,41,Female,Married,40791,High School Diploma,White-collar,1
802,503,0.09172369583779816,36361,17052,10,2,0,3,34,Male,Single,45412,Bachelor's Degree,Blue-collar,1
803,754,0.09718019909264053,35213,15752,9,1,1,2,41,Female,Married,80150,Master's Degree,White-collar,1
804,590,0.9838610884807883,33499,11191,6,3,0,4,17,Male,Single,38722,High School Diploma,Blue-collar,1
805,565,0.14725324627968273,14131,13865,4,1,2,2,44,Female,Married,13967,Bachelor's Degree,White-collar,0
806,700,0.5046623424362746,28100,16843,10,6,2,1,47,Male,Single,44723,Master's Degree,Blue-collar,1
807,686,0.7447451270258263,34271,10616,8,8,0,1,54,Female,Married,95351,High School Diploma,White-collar,1
808,784,0.041916540572942806,32220,15282,3,4,1,4,18,Male,Single,86918,Bachelor's Degree,Blue-collar,1
809,512,0.22680994244294528,33715,9698,9,3,2,4,35,Female,Married,26661,Master's Degree,White-collar,0
810,737,0.35209597175001706,15007,3616,2,2,1,4,17,Male,Single,42839,High School Diploma,Blue-collar,1
811,695,0.016810045323339073,41226,19186,1,7,1,2,34,Female,Married,42722,Bachelor's Degree,White-collar,1
812,565,0.9958635269013437,21910,11460,3,4,2,4,51,Male,Single,31588,Master's Degree,Blue-collar,1
813,689,0.9405393410451758,12501,4843,8,9,1,2,61,Female,Married,90708,High School Diploma,White-collar,1
814,674,0.27686163172851197,22304,13958,3,4,0,3,37,Male,Single,15638,Bachelor's Degree,Blue-collar,1
815,589,0.6685081186231663,33481,14913,4,3,0,4,21,Female,Married,55977,Master's Degree,White-collar,1
816,767,0.6234442995316495,36631,16995,6,1,1,4,62,Male,Single,35265,High School Diploma,Blue-collar,1
817,818,0.14871631357979198,25355,14227,7,3,2,4,35,Female,Married,57277,Bachelor's Degree,White-collar,1
818,793,0.006445001911937753,40662,12223,10,9,2,1,44,Male,Single,16206,Master's Degree,Blue-collar,1
819,538,0.644464028070086,32639,16267,9,7,1,2,22,Female,Married,35167,High School Diploma,White-collar,1
820,676,0.44914584466662266,11663,6239,5,4,0,4,53,Male,Single,57890,Bachelor's Degree,Blue-collar,1
821,527,0.6081008118952069,13121,7769,1,5,2,1,27,Female,Married,34046,Master's Degree,White-collar,0
822,730,0.08378530961213504,36235,19980,1,6,0,2,23,Male,Single,89557,High School Diploma,Blue-collar,1
823,655,0.9776097517068952,22410,18478,3,7,0,1,39,Female,Married,73277,Bachelor's Degree,White-collar,1
824,692,0.09952668129380893,48818,4862,4,9,0,4,50,Male,Single,74225,Master's Degree,Blue-collar,1
825,579,0.33234111900883645,27002,3646,1,2,2,3,58,Female,Married,23537,High School Diploma,White-collar,1
826,831,0.5659244564296917,38584,11343,1,2,2,1,34,Male,Single,45729,Bachelor's Degree,Blue-collar,1
827,721,0.9544884826685445,28641,4019,9,6,2,3,41,Female,Married,59203,Master's Degree,White-collar,0
828,753,0.5015092747181723,41783,19248,8,9,0,3,49,Male,Single,48626,High School Diploma,Blue-collar,1
829,661,0.16667900263562507,42763,7015,9,9,0,4,64,Female,Married,31313,Bachelor's Degree,White-collar,1
830,544,0.7652799171667329,45510,3552,8,8,1,3,20,Male,Single,95984,Master's Degree,Blue-collar,1
831,655,0.4896020238227059,24528,6563,6,9,1,1,62,Female,Married,51751,High School Diploma,White-collar,1
832,685,0.8565189312570606,17572,8510,5,9,1,4,50,Male,Single,39290,Bachelor's Degree,Blue-collar,1
833,755,0.4859754516107837,30139,14055,3,5,0,4,20,Female,Married,43013,Master's Degree,White-collar,1
834,770,0.4501586254827924,24200,2416,1,4,2,4,32,Male,Single,28352,High School Diploma,Blue-collar,1
835,569,0.27906682455368736,39707,8648,6,4,0,3,29,Female,Married,22834,Bachelor's Degree,White-collar,1
836,797,0.5237514675605682,23319,10758,3,3,0,4,53,Male,Single,76314,Master's Degree,Blue-collar,1
837,636,0.5333130105898128,36159,17529,9,2,0,1,38,Female,Married,72828,High School Diploma,White-collar,1
838,748,0.4659155780923362,42603,1193,7,9,1,4,64,Male,Single,57531,Bachelor's Degree,Blue-collar,1
839,744,0.6326854154637647,46196,3671,6,5,0,4,38,Female,Married,19356,Master's Degree,White-collar,1
840,637,0.7079470187457855,45341,9354,3,5,0,3,62,Male,Single,36226,High School Diploma,Blue-collar,1
841,799,0.029227297849334533,42412,19486,5,9,2,2,63,Female,Married,61631,Bachelor's Degree,White-collar,1
842,791,0.9073520133642572,43605,19376,9,9,2,2,50,Male,Single,39894,Master's Degree,Blue-collar,1
843,591,0.8296855227604574,10665,6165,8,9,1,3,40,Female,Married,65119,High School Diploma,White-collar,1
844,637,0.0947552368593062,12000,9390,4,3,1,3,38,Male,Single,58661,Bachelor's Degree,Blue-collar,1
845,506,0.15844927227427907,29354,5271,1,8,1,2,58,Female,Married,48458,Master's Degree,White-collar,0
846,757,0.9998116988246762,12283,10894,6,3,2,4,27,Male,Single,21279,High School Diploma,Blue-collar,1
847,570,0.23338919209688402,11421,15440,10,4,1,4,39,Female,Married,39624,Bachelor's Degree,White-collar,1
848,805,0.24292485295427801,10803,13944,8,9,0,4,36,Male,Single,18265,Master's Degree,Blue-collar,1
849,693,0.6842593293097363,48451,16250,4,4,1,1,17,Female,Married,42560,High School Diploma,White-collar,1
850,591,0.37701150771775827,39006,13949,10,3,1,3,55,Male,Single,97972,Bachelor's Degree,Blue-collar,1
851,643,0.3838211148552404,37650,7661,10,1,0,2,49,Female,Married,25961,Master's Degree,White-collar,1
852,510,0.9248435294971492,24235,13874,2,7,1,3,25,Male,Single,69743,High School Diploma,Blue-collar,1
853,545,0.0014115301770804,29444,4309,2,9,0,2,43,Female,Married,47588,Bachelor's Degree,White-collar,1
854,597,0.18233576166596988,21386,11308,7,5,1,3,16,Male,Single,34152,Master's Degree,Blue-collar,1
855,612,0.09500354739204542,20964,15722,8,1,0,4,44,Female,Married,48035,High School Diploma,White-collar,1
856,572,0.5553592408192607,33711,2308,10,4,1,3,52,Male,Single,13136,Bachelor's Degree,Blue-collar,1
857,514,0.9390411023405096,37318,8395,6,6,0,1,24,Female,Married,27320,Master's Degree,White-collar,1
858,758,0.4612555216341626,30472,15293,9,8,0,1,50,Male,Single,99923,High School Diploma,Blue-collar,1
859,756,0.8462596978659174,30970,3674,3,6,2,4,36,Female,Married,27425,Bachelor's Degree,White-collar,0
860,649,0.5911622450728211,36412,10024,9,8,0,3,25,Male,Single,27490,Master's Degree,Blue-collar,1
861,588,0.07662440513074953,30819,3551,5,7,0,3,22,Female,Married,13759,High School Diploma,White-collar,1
862,671,0.4910144435589,15291,19199,6,5,1,2,56,Male,Single,21771,Bachelor's Degree,Blue-collar,1
863,642,0.15689723965388536,28488,11476,5,2,1,3,35,Female,Married,55381,Master's Degree,White-collar,0
864,600,0.34361008404202154,17684,17448,6,4,1,1,22,Male,Single,68350,High School Diploma,Blue-collar,1
865,564,0.2592106621951922,43978,14147,4,9,2,2,33,Female,Married,70409,Bachelor's Degree,White-collar,1
866,807,0.0938790289516126,37504,5430,7,2,0,3,53,Male,Single,54278,Master's Degree,Blue-collar,1
867,546,0.2756675892022349,21878,10751,5,8,1,2,40,Female,Married,86142,High School Diploma,White-collar,1
868,718,0.39454728468515066,49185,14023,6,3,0,4,18,Male,Single,29888,Bachelor's Degree,Blue-collar,1
869,682,0.6381399008735269,32036,18874,9,8,1,1,34,Female,Married,55973,Master's Degree,White-collar,0
870,630,0.6443603949847543,35740,3751,4,8,1,4,32,Male,Single,51747,High School Diploma,Blue-collar,1
871,691,0.7456039661538968,21570,15052,1,7,1,3,58,Female,Married,65542,Bachelor's Degree,White-collar,0
872,823,0.5388927316282633,27757,2811,4,8,1,3,40,Male,Single,81628,Master's Degree,Blue-collar,1
873,553,0.3982840293173179,49624,18153,3,9,2,3,58,Female,Married,15079,High School Diploma,White-collar,1
874,533,0.4351854539728781,11441,17190,8,8,1,4,59,Male,Single,84532,Bachelor's Degree,Blue-collar,1
875,734,0.7152233006323223,35593,18220,10,1,0,2,16,Female,Married,86726,Master's Degree,White-collar,1
876,699,0.3743178802636623,26059,8865,6,6,0,3,43,Male,Single,61211,High School Diploma,Blue-collar,1
877,515,0.2062835423561965,17362,19274,2,8,2,3,62,Female,Married,21656,Bachelor's Degree,White-collar,0
878,541,0.10954236027448061,41998,17281,1,4,2,2,27,Male,Single,22573,Master's Degree,Blue-collar,1
879,808,0.4766346509567434,15290,10491,7,7,1,4,26,Female,Married,95508,High School Diploma,White-collar,1
880,743,0.33484052113510054,45829,1874,4,4,0,4,22,Male,Single,25690,Bachelor's Degree,Blue-collar,1
881,812,0.2193503236745199,39924,15770,5,1,0,2,42,Female,Married,63317,Master's Degree,White-collar,1
882,699,0.8607970542601665,39804,9535,6,8,2,4,54,Male,Single,72206,High School Diploma,Blue-collar,1
883,531,0.35222866560631994,20836,18524,3,6,2,3,17,Female,Married,37549,Bachelor's Degree,White-collar,1
884,726,0.4175658755468331,23026,4896,8,7,0,3,36,Male,Single,88414,Master's Degree,Blue-collar,1
885,626,0.859022712981604,49253,2902,3,1,2,4,24,Female,Married,60968,High School Diploma,White-collar,1
886,784,0.05178541227472255,29895,1474,7,6,1,2,27,Male,Single,77405,Bachelor's Degree,Blue-collar,1
887,677,0.587138955499042,39653,19377,7,6,1,2,48,Female,Married,61695,Master's Degree,White-collar,0
888,714,0.8964519825792142,33641,16224,4,8,2,4,48,Male,Single,69397,High School Diploma,Blue-collar,1
889,829,0.8732125757206489,48925,17477,4,1,2,2,64,Female,Married,98317,Bachelor's Degree,White-collar,1
890,649,0.4073591957414132,21556,13256,5,9,1,4,37,Male,Single,89252,Master's Degree,Blue-collar,1
891,616,0.8738413647233262,39485,19987,4,6,1,2,18,Female,Married,45934,High School Diploma,White-collar,1
892,695,0.21052186219063507,13962,6067,4,1,0,3,42,Male,Single,55922,Bachelor's Degree,Blue-collar,1
893,617,0.4477456736862775,25572,14195,7,1,1,1,62,Female,Married,32503,Master's Degree,White-collar,0
894,647,0.17271605329341366,36131,16928,6,6,0,4,17,Male,Single,70382,High School Diploma,Blue-collar,1
895,657,0.8411673677664779,16219,16538,7,4,2,3,32,Female,Married,14466,Bachelor's Degree,White-collar,0
896,624,0.07581866734357501,29022,17311,5,7,2,4,25,Male,Single,87102,Master's Degree,Blue-collar,1
897,670,0.6629563629881895,43119,6660,3,7,2,1,46,Female,Married,96436,High School Diploma,White-collar,1
898,638,0.37436352280334095,41529,12121,2,8,0,2,16,Male,Single,40351,Bachelor's Degree,Blue-collar,1
899,528,0.8216816810564255,35499,7602,5,6,0,1,19,Female,Married,45873,Master's Degree,White-collar,1
900,724,0.4904283871902966,49669,3167,4,5,1,1,44,Male,Single,89666,High School Diploma,Blue-collar,1
901,816,0.3536959821473623,44185,10114,9,3,2,3,53,Female,Married,95770,Bachelor's Degree,White-collar,1
902,756,0.5414026868677652,27653,15387,5,8,0,4,47,Male,Single,93094,Master's Degree,Blue-collar,1
903,717,0.7463835392640196,44370,4261,3,5,2,1,52,Female,Married,68199,High School Diploma,White-collar,1
904,704,0.7101923430191708,25503,15274,3,3,2,4,61,Male,Single,20309,Bachelor's Degree,Blue-collar,1
905,823,0.8877961859524554,13373,19223,7,5,0,1,59,Female,Married,71485,Master's Degree,White-collar,1
906,574,0.06707225946448203,48253,6647,9,1,1,2,47,Male,Single,85175,High School Diploma,Blue-collar,1
907,508,0.41096504390444566,16707,6078,6,5,0,1,34,Female,Married,62830,Bachelor's Degree,White-collar,1
908,671,0.1175893061686818,23097,10301,3,3,0,4,19,Male,Single,84126,Master's Degree,Blue-collar,1
909,682,0.324028343181078,20327,4955,8,8,2,1,44,Female,Married,24646,High School Diploma,White-collar,1
910,620,0.018629737629346388,13001,14227,6,7,2,3,44,Male,Single,97391,Bachelor's Degree,Blue-collar,1
911,774,0.8086871873257566,30601,14232,7,6,2,1,41,Female,Married,40142,Master's Degree,White-collar,0
912,582,0.4795503358939709,24101,9156,5,2,1,1,40,Male,Single,49086,High School Diploma,Blue-collar,1
913,678,0.5137252870506969,48149,11387,1,1,2,4,55,Female,Married,97393,Bachelor's Degree,White-collar,1
914,539,0.6253845230072397,11946,12777,2,1,0,3,60,Male,Single,78040,Master's Degree,Blue-collar,1
915,539,0.504257647766946,28041,4750,2,1,1,4,30,Female,Married,12568,High School Diploma,White-collar,1
916,709,0.6797214022427541,14971,13888,9,9,2,1,18,Male,Single,90322,Bachelor's Degree,Blue-collar,1
917,599,0.7506782383498035,37586,15818,3,6,2,3,26,Female,Married,98680,Master's Degree,White-collar,0
918,532,0.5450491778391138,19312,8596,2,4,2,3,54,Male,Single,66181,High School Diploma,Blue-collar,1
919,619,0.11639009902545094,37199,9514,5,9,0,4,18,Female,Married,26440,Bachelor's Degree,White-collar,1
920,676,0.20145406362392282,19298,1261,3,4,2,3,38,Male,Single,97308,Master's Degree,Blue-collar,1
921,612,0.5952907408479641,15082,1861,6,1,2,1,64,Female,Married,63810,High School Diploma,White-collar,1
922,816,0.9988072568893668,16318,7094,4,2,2,1,19,Male,Single,67604,Bachelor's Degree,Blue-collar,1
923,501,0.8122787634675923,43494,6294,3,2,0,2,19,Female,Married,23831,Master's Degree,White-collar,1
924,726,0.39835543919020944,45128,6362,1,6,2,2,48,Male,Single,51842,High School Diploma,Blue-collar,1
925,711,0.31026609331732713,40399,6159,1,8,2,1,16,Female,Married,86809,Bachelor's Degree,White-collar,1
926,760,0.1937254989362034,15277,16144,10,7,0,2,37,Male,Single,76364,Master's Degree,Blue-collar,1
927,782,0.17629863201275275,35040,4186,4,6,2,3,62,Female,Married,85562,High School Diploma,White-collar,1
928,804,0.16727461634580865,26270,1562,6,7,1,4,36,Male,Single,95528,Bachelor's Degree,Blue-collar,1
929,695,0.2276629033397649,44769,7988,5,6,2,3,51,Female,Married,34729,Master's Degree,White-collar,1
930,606,0.00022315672329009661,37815,8951,9,7,0,2,37,Male,Single,86625,High School Diploma,Blue-collar,1
931,639,0.425158006171371,33300,15322,7,1,1,1,43,Female,Married,77667,Bachelor's Degree,White-collar,0
932,610,0.4192525982918659,48477,19431,1,6,1,4,30,Male,Single,86915,Master's Degree,Blue-collar,1
933,562,0.2677973682301271,10884,17893,6,8,1,4,30,Female,Married,63334,High School Diploma,White-collar,1
934,630,0.5880285575680944,44405,5226,10,3,2,2,49,Male,Single,20108,Bachelor's Degree,Blue-collar,1
935,547,0.9270855988386169,15075,13812,8,4,2,3,34,Female,Married,74156,Master's Degree,White-collar,0
936,554,0.8483172625160798,41379,18826,9,4,1,4,41,Male,Single,39306,High School Diploma,Blue-collar,1
937,757,0.5803677953164181,34273,13126,3,9,1,3,24,Female,Married,65597,Bachelor's Degree,White-collar,0
938,796,0.1120992509877956,15412,5580,9,4,1,1,58,Male,Single,77346,Master's Degree,Blue-collar,1
939,574,0.18377143050631006,28157,8695,10,7,1,1,38,Female,Married,81666,High School Diploma,White-collar,1
940,737,0.6450185923035031,44095,9032,5,5,1,2,40,Male,Single,20783,Bachelor's Degree,Blue-collar,1
941,656,0.04485153821321419,22967,5278,4,3,1,4,45,Female,Married,40276,Master's Degree,White-collar,0
942,717,0.224094244800772,37570,13366,6,3,0,4,63,Male,Single,98195,High School Diploma,Blue-collar,1
943,503,0.047913434505822194,43344,12803,2,3,2,2,45,Female,Married,13854,Bachelor's Degree,White-collar,1
944,704,0.4834801491093217,15403,6799,3,2,0,1,51,Male,Single,63765,Master's Degree,Blue-collar,1
945,583,0.45948418872700236,16057,15121,9,4,2,2,20,Female,Married,98010,High School Diploma,White-collar,1
946,668,0.3173021215202795,25842,3585,9,2,1,3,51,Male,Single,28955,Bachelor's Degree,Blue-collar,1
947,522,0.3480900017313333,36478,7095,4,5,1,3,16,Female,Married,67409,Master's Degree,White-collar,1
948,567,0.8175226913411379,34068,16972,7,7,2,3,43,Male,Single,75315,High School Diploma,Blue-collar,1
949,624,0.9222962139113957,36574,10149,6,3,2,1,60,Female,Married,59080,Bachelor's Degree,White-collar,0
950,834,0.5443239360612284,14113,19644,3,3,1,2,44,Male,Single,51936,Master's Degree,Blue-collar,1
951,671,0.42172004063490875,23082,9285,5,2,2,1,29,Female,Married,63030,High School Diploma,White-collar,1
952,718,0.7419548923952477,22383,5283,7,6,2,1,45,Male,Single,31818,Bachelor's Degree,Blue-collar,1
953,693,0.5475180838352407,49888,8417,3,9,0,2,57,Female,Married,72319,Master's Degree,White-collar,1
954,794,0.7905873295802794,16009,19379,10,8,2,2,28,Male,Single,43991,High School Diploma,Blue-collar,1
955,536,0.47248244709582365,27680,13118,1,7,2,3,26,Female,Married,17532,Bachelor's Degree,White-collar,0
956,721,0.004809488966666997,42435,13478,1,8,0,2,62,Male,Single,53402,Master's Degree,Blue-collar,1
957,795,0.2872515343579858,16229,19367,7,3,0,4,58,Female,Married,74395,High School Diploma,White-collar,1
958,803,0.5976030828826466,40325,17311,6,6,2,1,60,Male,Single,89607,Bachelor's Degree,Blue-collar,1
959,728,0.024515924226884422,30005,17934,7,2,0,3,48,Female,Married,99604,Master's Degree,White-collar,1
960,639,0.21962480776593174,36502,7783,8,1,2,1,43,Male,Single,67703,High School Diploma,Blue-collar,1
961,751,0.03508620751699143,40506,13780,10,8,0,1,29,Female,Married,68469,Bachelor's Degree,White-collar,1
962,635,0.5139207965689953,45790,11070,2,2,0,1,60,Male,Single,30223,Master's Degree,Blue-collar,1
963,787,0.4452117795994226,32741,1365,4,4,0,2,32,Female,Married,56096,High School Diploma,White-collar,1
964,738,0.007893643479203294,16335,4347,2,7,0,3,33,Male,Single,66009,Bachelor's Degree,Blue-collar,1
965,615,0.01238060089379589,40982,3206,7,6,1,2,30,Female,Married,98110,Master's Degree,White-collar,1
966,775,0.055566616633908605,10513,19094,5,6,0,3,21,Male,Single,12815,High School Diploma,Blue-collar,1
967,693,0.28024906257362037,19060,16619,5,1,1,1,32,Female,Married,76944,Bachelor's Degree,White-collar,0
968,549,0.08388635433359481,38675,6022,2,9,0,3,49,Male,Single,36061,Master's Degree,Blue-collar,1
969,639,0.07717465838418369,30912,3081,2,1,2,4,64,Female,Married,97933,High School Diploma,White-collar,1
970,803,0.8340044745680675,17117,8875,8,2,1,3,54,Male,Single,49986,Bachelor's Degree,Blue-collar,1
971,646,0.7866820410936951,27154,11340,6,6,2,3,20,Female,Married,17107,Master's Degree,White-collar,0
972,538,0.4051880035986465,40607,8692,1,9,2,1,39,Male,Single,96141,High School Diploma,Blue-collar,1
973,759,0.9972068081170796,13505,12710,3,3,2,2,35,Female,Married,25953,Bachelor's Degree,White-collar,0
974,566,0.31530036113430726,31805,13869,7,6,0,3,30,Male,Single,62373,Master's Degree,Blue-collar,1
975,621,0.03627357476024795,14353,5699,6,7,2,4,32,Female,Married,51132,High School Diploma,White-collar,1
976,807,0.4828678742262734,26110,4437,6,4,1,1,52,Male,Single,54417,Bachelor's Degree,Blue-collar,1
977,729,0.6025582870565942,45614,16187,1,7,1,3,17,Female,Married,61981,Master's Degree,White-collar,1
978,713,0.9454174791946964,10771,13696,9,1,1,1,63,Male,Single,43786,High School Diploma,Blue-collar,1
979,717,0.22693825374221588,46751,8068,10,4,2,2,46,Female,Married,62908,Bachelor's Degree,White-collar,1
980,635,0.22517191791451996,20026,10894,1,5,2,4,34,Male,Single,42573,Master's Degree,Blue-collar,1
981,691,0.7357264246557751,40499,1006,1,1,2,3,60,Female,Married,79771,High School Diploma,White-collar,1
982,551,0.22861721399906665,40223,15808,9,1,1,4,49,Male,Single,55713,Bachelor's Degree,Blue-collar,1
983,722,0.020085530113293837,39936,9003,6,2,1,1,42,Female,Married,92798,Master's Degree,White-collar,1
984,623,0.466709139486691,24781,3621,9,5,1,1,49,Male,Single,86609,High School Diploma,Blue-collar,1
985,706,0.11677105726556014,33305,16639,6,2,1,4,33,Female,Married,62067,Bachelor's Degree,White-collar,1
986,820,0.9982331981594126,35508,2010,5,1,1,3,37,Male,Single,76890,Master's Degree,Blue-collar,1
987,715,0.8311214213802495,27997,16039,1,9,0,3,61,Female,Married,83458,High School Diploma,White-collar,1
988,556,0.027258948270101557,43698,8787,6,4,0,4,27,Male,Single,52209,Bachelor's Degree,Blue-collar,1
989,560,0.5670656161768607,15451,13591,4,2,1,2,41,Female,Married,49449,Master's Degree,White-collar,0
990,834,0.502053901593142,39507,5609,10,5,2,1,48,Male,Single,53454,High School Diploma,Blue-collar,1
991,752,0.9492953465165458,34408,11524,4,3,2,4,54,Female,Married,92033,Bachelor's Degree,White-collar,0
992,604,0.16410026445184311,33413,16923,3,2,2,2,29,Male,Single,33800,Master's Degree,Blue-collar,1
993,633,0.31365308709179207,41158,4539,8,6,2,1,22,Female,Married,46326,High School Diploma,White-collar,1
994,827,0.2298221163598696,45414,9139,8,2,2,2,59,Male,Single,62724,Bachelor's Degree,Blue-collar,1
995,708,0.6150149823850155,37659,3382,9,3,0,1,48,Female,Married,62506,Master's Degree,White-collar,1
996,603,0.6484930630018798,44568,5351,10,5,1,4,55,Male,Single,71786,High School Diploma,Blue-collar,1
997,758,0.11050411639639945,20441,7645,7,1,2,1,61,Female,Married,50167,Bachelor's Degree,White-collar,1
998,592,0.05677573347590248,21809,2407,5,7,1,3,51,Male,Single,36267,Master's Degree,Blue-collar,1
999,580,0.037778563740480164,25271,16759,1,7,0,3,25,Female,Married,11262,High School Diploma,White-collar,1
