,Transaction Amount,Transaction Date,Transaction Time,Card Type,Card Holder's Age,Card Issuer,Card Location,Card Location Type,Card Location Category,Card Location City,Card Location State,Card Location Country,Card Location Latitude,Card Location Longitude,Card Location Zip Code,label
0,380.7947176588889,2022-12-21,evening,Visa,76,Visa,gas_station,in-store,grocery_store,San Francisco,California,USA,37.7749,-122.4194,94103,1
1,951.207163345817,2019-05-01,morning,Visa,62,MasterCard,gas_station,in-store,grocery_store,San Francisco,California,USA,37.7749,-122.4194,94103,1
2,734.6740023932911,2022-05-31,afternoon,MasterCard,36,Visa,home,in-store,grocery_store,San Francisco,California,USA,37.7749,-122.4194,94103,1
3,602.6718993550662,2022-01-28,evening,MasterCard,28,Visa,mall,in-store,grocery_store,San Francisco,California,USA,37.7749,-122.4194,94103,1
4,164.45845403801215,2018-01-28,evening,Visa,30,Visa,gas_station,in-store,grocery_store,San Francisco,California,USA,37.7749,-122.4194,94103,1
5,164.43457513284062,2015-08-03,afternoon,Visa,70,Visa,office,in-store,grocery_store,San Francisco,California,USA,37.7749,-122.4194,94103,1
6,67.50277604651747,2014-05-16,morning,MasterCard,25,Visa,office,in-store,grocery_store,San Francisco,California,USA,37.7749,-122.4194,94103,1
7,867.5143843171858,2018-03-18,afternoon,Visa,57,MasterCard,mall,in-store,grocery_store,San Francisco,California,USA,37.7749,-122.4194,94103,1
8,605.1038616257767,2018-11-15,evening,Visa,21,Visa,home,in-store,grocery_store,San Francisco,California,USA,37.7749,-122.4194,94103,1
9,710.9918520180851,2016-05-16,afternoon,Visa,64,Visa,gas_station,in-store,grocery_store,San Francisco,California,USA,37.7749,-122.4194,94103,1
10,30.378649352844423,2014-09-22,morning,Visa,48,Visa,home,in-store,grocery_store,San Francisco,California,USA,37.7749,-122.4194,94103,0
11,970.2107536403744,2021-01-22,evening,Visa,45,Visa,office,in-store,grocery_store,San Francisco,California,USA,37.7749,-122.4194,94103,1
12,834.1182143924175,2019-08-27,afternoon,Visa,28,Visa,gas_station,in-store,grocery_store,San Francisco,California,USA,37.7749,-122.4194,94103,1
13,220.2157195714934,2013-02-14,morning,MasterCard,60,Visa,home,in-store,grocery_store,San Francisco,California,USA,37.7749,-122.4194,94103,1
14,190.00671753502962,2016-02-14,evening,Visa,18,Visa,grocery_store,in-store,grocery_store,San Francisco,California,USA,37.7749,-122.4194,94103,1
15,191.5704647548995,2019-12-16,morning,Visa,66,Visa,mall,in-store,grocery_store,San Francisco,California,USA,37.7749,-122.4194,94103,1
16,311.1998205299424,2019-06-20,evening,MasterCard,64,Visa,mall,in-store,grocery_store,San Francisco,California,USA,37.7749,-122.4194,94103,1
17,529.5088673159155,2013-01-11,afternoon,MasterCard,69,Visa,grocery_store,in-store,grocery_store,San Francisco,California,USA,37.7749,-122.4194,94103,1
18,437.62556845569463,2021-08-31,morning,MasterCard,55,MasterCard,office,in-store,grocery_store,San Francisco,California,USA,37.7749,-122.4194,94103,1
19,298.3168487960615,2018-09-23,evening,Visa,41,MasterCard,gas_station,in-store,grocery_store,San Francisco,California,USA,37.7749,-122.4194,94103,0
20,615.7343657751557,2022-11-16,morning,MasterCard,71,MasterCard,mall,in-store,grocery_store,San Francisco,California,USA,37.7749,-122.4194,94103,1
21,148.09892204552142,2013-10-21,morning,Visa,77,MasterCard,grocery_store,in-store,grocery_store,San Francisco,California,USA,37.7749,-122.4194,94103,0
22,299.22320204986596,2020-11-15,afternoon,Visa,74,Visa,grocery_store,in-store,grocery_store,San Francisco,California,USA,37.7749,-122.4194,94103,1
23,372.6982248607548,2020-02-27,morning,Visa,64,MasterCard,office,in-store,grocery_store,San Francisco,California,USA,37.7749,-122.4194,94103,1
24,461.50928437486556,2021-01-21,evening,MasterCard,48,MasterCard,office,in-store,grocery_store,San Francisco,California,USA,37.7749,-122.4194,94103,1
25,787.3242017790834,2021-11-27,evening,MasterCard,58,Visa,home,in-store,grocery_store,San Francisco,California,USA,37.7749,-122.4194,94103,1
26,207.67704433677613,2018-01-10,evening,MasterCard,63,MasterCard,mall,in-store,grocery_store,San Francisco,California,USA,37.7749,-122.4194,94103,0
27,519.0920940294754,2014-09-17,evening,MasterCard,67,MasterCard,home,in-store,grocery_store,San Francisco,California,USA,37.7749,-122.4194,94103,1
28,596.4904231734221,2014-05-11,afternoon,MasterCard,43,Visa,grocery_store,in-store,grocery_store,San Francisco,California,USA,37.7749,-122.4194,94103,1
29,55.98590859279775,2022-04-27,morning,Visa,66,Visa,gas_station,in-store,grocery_store,San Francisco,California,USA,37.7749,-122.4194,94103,1
30,611.4694033824239,2021-12-07,afternoon,Visa,67,Visa,gas_station,in-store,grocery_store,San Francisco,California,USA,37.7749,-122.4194,94103,1
31,178.8188824504186,2022-02-01,morning,Visa,22,MasterCard,office,in-store,grocery_store,San Francisco,California,USA,37.7749,-122.4194,94103,0
32,74.40107705542673,2021-04-13,morning,Visa,37,MasterCard,gas_station,in-store,grocery_store,San Francisco,California,USA,37.7749,-122.4194,94103,0
33,949.3966818807999,2013-03-04,morning,MasterCard,69,Visa,gas_station,in-store,grocery_store,San Francisco,California,USA,37.7749,-122.4194,94103,1
34,965.9757127438138,2022-08-18,afternoon,MasterCard,58,Visa,gas_station,in-store,grocery_store,San Francisco,California,USA,37.7749,-122.4194,94103,1
35,810.3133746352966,2014-12-24,morning,Visa,28,MasterCard,grocery_store,in-store,grocery_store,San Francisco,California,USA,37.7749,-122.4194,94103,1
36,311.56763148163697,2015-07-07,afternoon,MasterCard,73,Visa,gas_station,in-store,grocery_store,San Francisco,California,USA,37.7749,-122.4194,94103,1
37,106.69539286632003,2018-11-02,evening,MasterCard,71,MasterCard,gas_station,in-store,grocery_store,San Francisco,California,USA,37.7749,-122.4194,94103,0
38,687.3906962470353,2020-09-27,evening,Visa,50,Visa,gas_station,in-store,grocery_store,San Francisco,California,USA,37.7749,-122.4194,94103,1
39,445.7509688022053,2021-01-05,morning,Visa,67,Visa,home,in-store,grocery_store,San Francisco,California,USA,37.7749,-122.4194,94103,1
40,130.81785249633106,2018-11-23,afternoon,MasterCard,55,MasterCard,grocery_store,in-store,grocery_store,San Francisco,California,USA,37.7749,-122.4194,94103,0
41,500.2251410101575,2015-10-09,evening,MasterCard,44,Visa,office,in-store,grocery_store,San Francisco,California,USA,37.7749,-122.4194,94103,1
42,44.04463590406621,2013-12-25,afternoon,Visa,51,Visa,home,in-store,grocery_store,San Francisco,California,USA,37.7749,-122.4194,94103,0
43,910.2271980579942,2020-04-17,afternoon,Visa,32,Visa,mall,in-store,grocery_store,San Francisco,California,USA,37.7749,-122.4194,94103,1
44,266.1921817840167,2016-05-18,morning,Visa,49,MasterCard,grocery_store,in-store,grocery_store,San Francisco,California,USA,37.7749,-122.4194,94103,0
45,665.8970615104422,2020-06-11,evening,MasterCard,78,Visa,grocery_store,in-store,grocery_store,San Francisco,California,USA,37.7749,-122.4194,94103,1
46,318.59396532851684,2014-09-03,morning,Visa,75,Visa,mall,in-store,grocery_store,San Francisco,California,USA,37.7749,-122.4194,94103,1
47,524.8673409660327,2021-11-26,morning,Visa,38,Visa,mall,in-store,grocery_store,San Francisco,California,USA,37.7749,-122.4194,94103,1
48,551.2431765498469,2018-12-27,evening,MasterCard,63,Visa,mall,in-store,grocery_store,San Francisco,California,USA,37.7749,-122.4194,94103,1
49,193.00591097027177,2013-04-02,evening,MasterCard,22,Visa,office,in-store,grocery_store,San Francisco,California,USA,37.7749,-122.4194,94103,1
50,969.888781486913,2021-04-27,afternoon,MasterCard,23,Visa,gas_station,in-store,grocery_store,San Francisco,California,USA,37.7749,-122.4194,94103,1
51,777.3814951275034,2019-06-15,evening,MasterCard,55,MasterCard,grocery_store,in-store,grocery_store,San Francisco,California,USA,37.7749,-122.4194,94103,1
52,940.1039521485473,2013-02-25,afternoon,MasterCard,79,MasterCard,gas_station,in-store,grocery_store,San Francisco,California,USA,37.7749,-122.4194,94103,1
53,895.8790769233724,2019-10-07,afternoon,Visa,39,Visa,gas_station,in-store,grocery_store,San Francisco,California,USA,37.7749,-122.4194,94103,1
54,601.9209790229743,2014-03-06,afternoon,Visa,79,MasterCard,mall,in-store,grocery_store,San Francisco,California,USA,37.7749,-122.4194,94103,1
55,922.6554926728857,2014-09-03,evening,MasterCard,35,MasterCard,office,in-store,grocery_store,San Francisco,California,USA,37.7749,-122.4194,94103,1
56,97.6075770314003,2015-09-13,morning,MasterCard,31,Visa,home,in-store,grocery_store,San Francisco,California,USA,37.7749,-122.4194,94103,1
57,204.02303379495373,2016-11-18,afternoon,MasterCard,27,MasterCard,office,in-store,grocery_store,San Francisco,California,USA,37.7749,-122.4194,94103,0
58,54.775016021432684,2019-12-07,morning,MasterCard,63,MasterCard,gas_station,in-store,grocery_store,San Francisco,California,USA,37.7749,-122.4194,94103,0
59,332.0770274556317,2022-08-24,morning,MasterCard,30,MasterCard,office,in-store,grocery_store,San Francisco,California,USA,37.7749,-122.4194,94103,1
60,394.7905167925872,2015-03-12,evening,Visa,48,MasterCard,mall,in-store,grocery_store,San Francisco,California,USA,37.7749,-122.4194,94103,1
61,278.63554145615694,2019-09-25,morning,Visa,47,MasterCard,home,in-store,grocery_store,San Francisco,California,USA,37.7749,-122.4194,94103,0
62,830.45013406041,2014-11-01,morning,Visa,20,MasterCard,mall,in-store,grocery_store,San Francisco,California,USA,37.7749,-122.4194,94103,1
63,363.1857934266534,2014-09-12,evening,Visa,47,MasterCard,home,in-store,grocery_store,San Francisco,California,USA,37.7749,-122.4194,94103,1
64,288.1251645905069,2022-07-03,afternoon,MasterCard,23,MasterCard,gas_station,in-store,grocery_store,San Francisco,California,USA,37.7749,-122.4194,94103,0
65,547.269122326666,2014-09-15,morning,Visa,46,Visa,home,in-store,grocery_store,San Francisco,California,USA,37.7749,-122.4194,94103,1
66,149.51498272501502,2022-01-03,evening,MasterCard,25,Visa,home,in-store,grocery_store,San Francisco,California,USA,37.7749,-122.4194,94103,1
67,804.1750109464992,2022-11-24,morning,MasterCard,61,MasterCard,home,in-store,grocery_store,San Francisco,California,USA,37.7749,-122.4194,94103,1
68,83.80513724297312,2013-02-24,morning,MasterCard,62,MasterCard,office,in-store,grocery_store,San Francisco,California,USA,37.7749,-122.4194,94103,0
69,987.0180672345122,2016-01-14,afternoon,Visa,60,Visa,office,in-store,grocery_store,San Francisco,California,USA,37.7749,-122.4194,94103,1
70,774.5223216036909,2013-03-07,morning,MasterCard,61,MasterCard,gas_station,in-store,grocery_store,San Francisco,California,USA,37.7749,-122.4194,94103,1
71,206.72852471883067,2019-03-31,evening,Visa,50,MasterCard,home,in-store,grocery_store,San Francisco,California,USA,37.7749,-122.4194,94103,0
72,15.466895952366375,2014-09-16,morning,Visa,34,Visa,grocery_store,in-store,grocery_store,San Francisco,California,USA,37.7749,-122.4194,94103,0
73,817.3068141702859,2020-06-25,afternoon,MasterCard,65,Visa,gas_station,in-store,grocery_store,San Francisco,California,USA,37.7749,-122.4194,94103,1
74,709.788770409141,2013-07-04,afternoon,MasterCard,28,Visa,home,in-store,grocery_store,San Francisco,California,USA,37.7749,-122.4194,94103,1
75,731.7170963605774,2015-06-03,evening,MasterCard,30,MasterCard,home,in-store,grocery_store,San Francisco,California,USA,37.7749,-122.4194,94103,1
76,773.5576432190862,2014-02-25,afternoon,Visa,67,MasterCard,office,in-store,grocery_store,San Francisco,California,USA,37.7749,-122.4194,94103,1
77,83.30420521674945,2022-12-17,morning,MasterCard,28,Visa,gas_station,in-store,grocery_store,San Francisco,California,USA,37.7749,-122.4194,94103,1
78,364.8810712588299,2021-08-27,afternoon,Visa,48,Visa,home,in-store,grocery_store,San Francisco,California,USA,37.7749,-122.4194,94103,1
79,124.71036892987841,2019-01-13,evening,MasterCard,45,MasterCard,home,in-store,grocery_store,San Francisco,California,USA,37.7749,-122.4194,94103,0
80,864.4723916168376,2019-11-27,afternoon,MasterCard,61,Visa,gas_station,in-store,grocery_store,San Francisco,California,USA,37.7749,-122.4194,94103,1
81,627.0651455592823,2014-12-13,afternoon,Visa,23,MasterCard,grocery_store,in-store,grocery_store,San Francisco,California,USA,37.7749,-122.4194,94103,1
82,337.5890446041227,2013-05-12,afternoon,Visa,58,MasterCard,gas_station,in-store,grocery_store,San Francisco,California,USA,37.7749,-122.4194,94103,1
83,72.9227667831634,2022-02-25,evening,Visa,33,Visa,gas_station,in-store,grocery_store,San Francisco,California,USA,37.7749,-122.4194,94103,1
84,317.8724984985056,2020-12-24,afternoon,Visa,21,Visa,grocery_store,in-store,grocery_store,San Francisco,California,USA,37.7749,-122.4194,94103,1
85,331.9314888064796,2014-02-16,afternoon,Visa,52,MasterCard,gas_station,in-store,grocery_store,San Francisco,California,USA,37.7749,-122.4194,94103,1
86,732.3101165546834,2021-07-05,morning,Visa,77,Visa,home,in-store,grocery_store,San Francisco,California,USA,37.7749,-122.4194,94103,1
87,641.181896641661,2016-04-06,evening,MasterCard,65,Visa,gas_station,in-store,grocery_store,San Francisco,California,USA,37.7749,-122.4194,94103,1
88,888.3406151505633,2022-04-26,afternoon,MasterCard,73,Visa,grocery_store,in-store,grocery_store,San Francisco,California,USA,37.7749,-122.4194,94103,1
89,477.4927759103298,2020-12-04,evening,Visa,76,Visa,mall,in-store,grocery_store,San Francisco,California,USA,37.7749,-122.4194,94103,1
90,128.3983034789187,2018-01-23,afternoon,MasterCard,43,MasterCard,gas_station,in-store,grocery_store,San Francisco,California,USA,37.7749,-122.4194,94103,0
91,716.1123393507651,2014-03-17,afternoon,Visa,79,MasterCard,office,in-store,grocery_store,San Francisco,California,USA,37.7749,-122.4194,94103,1
92,763.1771981307285,2019-06-14,afternoon,MasterCard,74,MasterCard,home,in-store,grocery_store,San Francisco,California,USA,37.7749,-122.4194,94103,1
93,565.6644255938013,2013-06-15,morning,MasterCard,29,MasterCard,home,in-store,grocery_store,San Francisco,California,USA,37.7749,-122.4194,94103,1
94,773.2575081550153,2018-07-15,morning,Visa,28,Visa,office,in-store,grocery_store,San Francisco,California,USA,37.7749,-122.4194,94103,1
95,498.85764040074685,2017-10-05,morning,Visa,54,Visa,office,in-store,grocery_store,San Francisco,California,USA,37.7749,-122.4194,94103,1
96,527.5055010881741,2014-06-27,evening,Visa,42,MasterCard,gas_station,in-store,grocery_store,San Francisco,California,USA,37.7749,-122.4194,94103,1
97,433.26560817496414,2020-10-10,evening,MasterCard,35,MasterCard,office,in-store,grocery_store,San Francisco,California,USA,37.7749,-122.4194,94103,1
98,35.164935476654236,2022-12-04,morning,Visa,36,Visa,mall,in-store,grocery_store,San Francisco,California,USA,37.7749,-122.4194,94103,0
99,116.81251272337141,2020-05-19,evening,MasterCard,40,MasterCard,grocery_store,in-store,grocery_store,San Francisco,California,USA,37.7749,-122.4194,94103,0
100,41.11489382986691,2017-06-09,afternoon,Visa,72,MasterCard,office,in-store,grocery_store,San Francisco,California,USA,37.7749,-122.4194,94103,0
101,640.0463071511426,2021-09-12,afternoon,MasterCard,55,Visa,office,in-store,grocery_store,San Francisco,California,USA,37.7749,-122.4194,94103,1
102,321.2124212655634,2022-02-18,afternoon,MasterCard,71,MasterCard,mall,in-store,grocery_store,San Francisco,California,USA,37.7749,-122.4194,94103,1
103,513.4849842530557,2022-05-02,morning,Visa,35,Visa,home,in-store,grocery_store,San Francisco,California,USA,37.7749,-122.4194,94103,1
104,908.490809186832,2020-12-15,evening,MasterCard,43,Visa,home,in-store,grocery_store,San Francisco,California,USA,37.7749,-122.4194,94103,1
105,256.7993068573862,2021-02-04,morning,MasterCard,23,MasterCard,gas_station,in-store,grocery_store,San Francisco,California,USA,37.7749,-122.4194,94103,0
106,416.2790938052734,2022-04-05,evening,Visa,21,Visa,mall,in-store,grocery_store,San Francisco,California,USA,37.7749,-122.4194,94103,1
107,757.9956271576182,2013-05-22,afternoon,MasterCard,61,MasterCard,grocery_store,in-store,grocery_store,San Francisco,California,USA,37.7749,-122.4194,94103,1
108,236.51018383670623,2018-02-25,morning,Visa,68,Visa,grocery_store,in-store,grocery_store,San Francisco,California,USA,37.7749,-122.4194,94103,1
109,86.21011073050506,2019-07-19,evening,Visa,46,MasterCard,mall,in-store,grocery_store,San Francisco,California,USA,37.7749,-122.4194,94103,0
110,296.85393838463034,2016-05-13,evening,Visa,76,MasterCard,grocery_store,in-store,grocery_store,San Francisco,California,USA,37.7749,-122.4194,94103,0
111,169.60907438146438,2022-04-11,afternoon,Visa,78,MasterCard,home,in-store,grocery_store,San Francisco,California,USA,37.7749,-122.4194,94103,0
112,930.4006758191473,2014-11-11,morning,MasterCard,51,Visa,grocery_store,in-store,grocery_store,San Francisco,California,USA,37.7749,-122.4194,94103,1
113,810.0391757687728,2020-06-25,morning,MasterCard,34,Visa,grocery_store,in-store,grocery_store,San Francisco,California,USA,37.7749,-122.4194,94103,1
114,637.0697189453192,2013-08-11,morning,MasterCard,60,MasterCard,mall,in-store,grocery_store,San Francisco,California,USA,37.7749,-122.4194,94103,1
115,872.7459842858406,2022-01-27,afternoon,Visa,60,Visa,mall,in-store,grocery_store,San Francisco,California,USA,37.7749,-122.4194,94103,1
116,805.6353561301233,2021-12-09,morning,MasterCard,70,MasterCard,grocery_store,in-store,grocery_store,San Francisco,California,USA,37.7749,-122.4194,94103,1
117,194.70435829717547,2015-10-26,afternoon,MasterCard,33,MasterCard,office,in-store,grocery_store,San Francisco,California,USA,37.7749,-122.4194,94103,0
118,893.633408505078,2017-05-22,afternoon,Visa,19,Visa,mall,in-store,grocery_store,San Francisco,California,USA,37.7749,-122.4194,94103,1
119,543.9488194964943,2013-06-02,afternoon,Visa,51,MasterCard,gas_station,in-store,grocery_store,San Francisco,California,USA,37.7749,-122.4194,94103,1
120,809.3657536124219,2019-10-24,evening,MasterCard,72,Visa,gas_station,in-store,grocery_store,San Francisco,California,USA,37.7749,-122.4194,94103,1
121,897.1303869242583,2021-12-22,morning,Visa,25,MasterCard,home,in-store,grocery_store,San Francisco,California,USA,37.7749,-122.4194,94103,1
122,324.8234402221452,2017-06-08,morning,Visa,30,Visa,grocery_store,in-store,grocery_store,San Francisco,California,USA,37.7749,-122.4194,94103,1
123,118.95140528239999,2016-07-05,afternoon,Visa,59,MasterCard,office,in-store,grocery_store,San Francisco,California,USA,37.7749,-122.4194,94103,0
124,235.65581091652226,2022-08-09,afternoon,Visa,25,MasterCard,home,in-store,grocery_store,San Francisco,California,USA,37.7749,-122.4194,94103,0
125,432.83671073999375,2017-07-30,morning,MasterCard,47,Visa,grocery_store,in-store,grocery_store,San Francisco,California,USA,37.7749,-122.4194,94103,1
126,819.8346182632682,2022-03-15,afternoon,Visa,49,MasterCard,mall,in-store,grocery_store,San Francisco,California,USA,37.7749,-122.4194,94103,1
127,862.12327742378,2021-10-27,morning,Visa,53,MasterCard,gas_station,in-store,grocery_store,San Francisco,California,USA,37.7749,-122.4194,94103,1
128,16.882609225878795,2021-01-27,evening,Visa,64,Visa,office,in-store,grocery_store,San Francisco,California,USA,37.7749,-122.4194,94103,0
129,515.6398295517901,2014-10-19,afternoon,Visa,47,MasterCard,gas_station,in-store,grocery_store,San Francisco,California,USA,37.7749,-122.4194,94103,1
130,423.2368931172912,2017-07-13,morning,Visa,18,Visa,mall,in-store,grocery_store,San Francisco,California,USA,37.7749,-122.4194,94103,1
131,229.88673236602295,2015-10-18,afternoon,Visa,60,MasterCard,grocery_store,in-store,grocery_store,San Francisco,California,USA,37.7749,-122.4194,94103,0
132,128.66671366034598,2021-11-29,morning,Visa,56,Visa,mall,in-store,grocery_store,San Francisco,California,USA,37.7749,-122.4194,94103,1
133,344.23901968959166,2015-02-28,morning,Visa,34,MasterCard,mall,in-store,grocery_store,San Francisco,California,USA,37.7749,-122.4194,94103,1
134,943.480606873394,2013-08-26,afternoon,MasterCard,76,MasterCard,gas_station,in-store,grocery_store,San Francisco,California,USA,37.7749,-122.4194,94103,1
135,329.9709027005477,2020-05-13,evening,Visa,37,MasterCard,office,in-store,grocery_store,San Francisco,California,USA,37.7749,-122.4194,94103,1
136,523.6027155259325,2014-03-18,morning,MasterCard,41,Visa,mall,in-store,grocery_store,San Francisco,California,USA,37.7749,-122.4194,94103,1
137,705.9887693062261,2016-11-19,morning,Visa,67,Visa,gas_station,in-store,grocery_store,San Francisco,California,USA,37.7749,-122.4194,94103,1
138,369.99330635550103,2017-05-31,morning,Visa,39,Visa,office,in-store,grocery_store,San Francisco,California,USA,37.7749,-122.4194,94103,1
139,972.0642618937511,2017-12-30,evening,Visa,46,Visa,grocery_store,in-store,grocery_store,San Francisco,California,USA,37.7749,-122.4194,94103,1
140,962.8228219926901,2017-03-25,evening,Visa,39,MasterCard,grocery_store,in-store,grocery_store,San Francisco,California,USA,37.7749,-122.4194,94103,1
141,259.2644728671105,2020-06-07,afternoon,MasterCard,61,MasterCard,home,in-store,grocery_store,San Francisco,California,USA,37.7749,-122.4194,94103,0
142,502.2760208334616,2013-07-21,evening,Visa,26,Visa,gas_station,in-store,grocery_store,San Francisco,California,USA,37.7749,-122.4194,94103,1
143,307.86952671860195,2021-01-22,afternoon,Visa,54,Visa,office,in-store,grocery_store,San Francisco,California,USA,37.7749,-122.4194,94103,1
144,291.9920894336929,2020-10-17,afternoon,MasterCard,27,Visa,mall,in-store,grocery_store,San Francisco,California,USA,37.7749,-122.4194,94103,1
145,46.51807788098747,2018-12-30,evening,MasterCard,53,MasterCard,grocery_store,in-store,grocery_store,San Francisco,California,USA,37.7749,-122.4194,94103,0
146,613.4686906400979,2013-09-20,afternoon,Visa,54,Visa,office,in-store,grocery_store,San Francisco,California,USA,37.7749,-122.4194,94103,1
147,507.6522329965729,2019-05-17,evening,MasterCard,45,Visa,gas_station,in-store,grocery_store,San Francisco,California,USA,37.7749,-122.4194,94103,1
148,60.96396373748946,2013-08-26,afternoon,MasterCard,45,MasterCard,home,in-store,grocery_store,San Francisco,California,USA,37.7749,-122.4194,94103,0
149,285.8599995942453,2022-12-22,evening,MasterCard,59,MasterCard,grocery_store,in-store,grocery_store,San Francisco,California,USA,37.7749,-122.4194,94103,0
150,909.1832271069871,2020-01-12,evening,Visa,60,Visa,office,in-store,grocery_store,San Francisco,California,USA,37.7749,-122.4194,94103,1
151,247.1662717603027,2017-11-20,afternoon,Visa,38,MasterCard,office,in-store,grocery_store,San Francisco,California,USA,37.7749,-122.4194,94103,0
152,153.44592337031085,2016-10-11,morning,Visa,41,Visa,office,in-store,grocery_store,San Francisco,California,USA,37.7749,-122.4194,94103,1
153,494.5582326747874,2014-03-05,afternoon,MasterCard,59,MasterCard,gas_station,in-store,grocery_store,San Francisco,California,USA,37.7749,-122.4194,94103,1
154,985.7939495694947,2015-11-08,evening,Visa,77,Visa,gas_station,in-store,grocery_store,San Francisco,California,USA,37.7749,-122.4194,94103,1
155,249.6347187963854,2020-11-21,morning,MasterCard,57,Visa,gas_station,in-store,grocery_store,San Francisco,California,USA,37.7749,-122.4194,94103,1
156,675.4141919318198,2018-08-21,afternoon,Visa,19,Visa,mall,in-store,grocery_store,San Francisco,California,USA,37.7749,-122.4194,94103,1
157,764.0034191754304,2018-08-08,afternoon,Visa,72,Visa,office,in-store,grocery_store,San Francisco,California,USA,37.7749,-122.4194,94103,1
158,245.26116855247568,2013-01-07,afternoon,MasterCard,25,MasterCard,grocery_store,in-store,grocery_store,San Francisco,California,USA,37.7749,-122.4194,94103,0
159,730.934185125741,2019-05-09,morning,Visa,65,MasterCard,gas_station,in-store,grocery_store,San Francisco,California,USA,37.7749,-122.4194,94103,1
160,374.1053013920607,2020-07-31,evening,MasterCard,44,MasterCard,gas_station,in-store,grocery_store,San Francisco,California,USA,37.7749,-122.4194,94103,1
161,635.9827722876437,2013-12-05,afternoon,MasterCard,39,MasterCard,office,in-store,grocery_store,San Francisco,California,USA,37.7749,-122.4194,94103,1
162,637.1944136532858,2013-03-30,afternoon,Visa,54,Visa,gas_station,in-store,grocery_store,San Francisco,California,USA,37.7749,-122.4194,94103,1
163,540.4169372340109,2019-03-14,afternoon,MasterCard,44,Visa,mall,in-store,grocery_store,San Francisco,California,USA,37.7749,-122.4194,94103,1
164,99.38687235386422,2013-09-09,afternoon,Visa,74,MasterCard,mall,in-store,grocery_store,San Francisco,California,USA,37.7749,-122.4194,94103,0
165,836.9494706333456,2014-04-20,afternoon,Visa,46,MasterCard,gas_station,in-store,grocery_store,San Francisco,California,USA,37.7749,-122.4194,94103,1
166,327.5722643220185,2022-05-21,evening,MasterCard,20,MasterCard,office,in-store,grocery_store,San Francisco,California,USA,37.7749,-122.4194,94103,1
167,194.6533252958557,2020-09-29,evening,Visa,61,MasterCard,office,in-store,grocery_store,San Francisco,California,USA,37.7749,-122.4194,94103,0
168,50.367390139216276,2016-10-19,afternoon,MasterCard,30,MasterCard,office,in-store,grocery_store,San Francisco,California,USA,37.7749,-122.4194,94103,0
169,594.9840137563594,2020-06-09,morning,Visa,62,Visa,home,in-store,grocery_store,San Francisco,California,USA,37.7749,-122.4194,94103,1
170,680.7887182238596,2015-05-03,evening,Visa,27,Visa,gas_station,in-store,grocery_store,San Francisco,California,USA,37.7749,-122.4194,94103,1
171,26.42195063857759,2016-01-05,morning,Visa,53,Visa,office,in-store,grocery_store,San Francisco,California,USA,37.7749,-122.4194,94103,0
172,516.9721277162882,2016-09-08,evening,Visa,26,MasterCard,mall,in-store,grocery_store,San Francisco,California,USA,37.7749,-122.4194,94103,1
173,234.23081744595856,2017-10-08,afternoon,Visa,71,MasterCard,grocery_store,in-store,grocery_store,San Francisco,California,USA,37.7749,-122.4194,94103,0
174,648.7210625053553,2013-03-06,evening,MasterCard,73,MasterCard,grocery_store,in-store,grocery_store,San Francisco,California,USA,37.7749,-122.4194,94103,1
175,182.62276471494152,2018-01-31,afternoon,MasterCard,72,MasterCard,office,in-store,grocery_store,San Francisco,California,USA,37.7749,-122.4194,94103,0
176,694.0283607214413,2022-11-09,evening,MasterCard,44,Visa,grocery_store,in-store,grocery_store,San Francisco,California,USA,37.7749,-122.4194,94103,1
177,392.86799283753203,2014-06-19,afternoon,MasterCard,51,Visa,grocery_store,in-store,grocery_store,San Francisco,California,USA,37.7749,-122.4194,94103,1
178,937.3626888493671,2021-01-05,afternoon,MasterCard,68,MasterCard,home,in-store,grocery_store,San Francisco,California,USA,37.7749,-122.4194,94103,1
179,146.1457347045333,2015-07-06,afternoon,MasterCard,18,Visa,mall,in-store,grocery_store,San Francisco,California,USA,37.7749,-122.4194,94103,1
180,347.65568753975595,2018-10-10,afternoon,Visa,49,Visa,mall,in-store,grocery_store,San Francisco,California,USA,37.7749,-122.4194,94103,1
181,122.33878602818318,2014-04-28,morning,Visa,42,MasterCard,home,in-store,grocery_store,San Francisco,California,USA,37.7749,-122.4194,94103,0
182,925.4466820957772,2020-02-23,afternoon,MasterCard,46,MasterCard,home,in-store,grocery_store,San Francisco,California,USA,37.7749,-122.4194,94103,1
183,878.5659598471713,2017-10-06,morning,MasterCard,24,MasterCard,grocery_store,in-store,grocery_store,San Francisco,California,USA,37.7749,-122.4194,94103,1
184,265.362211438004,2018-02-20,morning,Visa,66,MasterCard,gas_station,in-store,grocery_store,San Francisco,California,USA,37.7749,-122.4194,94103,0
185,663.3842055738372,2018-08-19,afternoon,Visa,20,MasterCard,grocery_store,in-store,grocery_store,San Francisco,California,USA,37.7749,-122.4194,94103,1
186,819.0499781992037,2017-10-05,morning,Visa,37,MasterCard,home,in-store,grocery_store,San Francisco,California,USA,37.7749,-122.4194,94103,1
187,559.6488034834678,2013-04-02,evening,MasterCard,37,Visa,mall,in-store,grocery_store,San Francisco,California,USA,37.7749,-122.4194,94103,1
188,534.3540725724464,2016-04-01,afternoon,MasterCard,70,Visa,grocery_store,in-store,grocery_store,San Francisco,California,USA,37.7749,-122.4194,94103,1
189,249.43376799144716,2015-07-05,morning,MasterCard,47,MasterCard,gas_station,in-store,grocery_store,San Francisco,California,USA,37.7749,-122.4194,94103,0
190,102.17174012784022,2020-09-04,afternoon,Visa,52,Visa,grocery_store,in-store,grocery_store,San Francisco,California,USA,37.7749,-122.4194,94103,1
191,898.2436003737935,2017-03-24,afternoon,Visa,52,MasterCard,office,in-store,grocery_store,San Francisco,California,USA,37.7749,-122.4194,94103,1
192,901.4138765916972,2014-03-13,afternoon,MasterCard,66,MasterCard,grocery_store,in-store,grocery_store,San Francisco,California,USA,37.7749,-122.4194,94103,1
193,636.7704427005352,2016-10-21,morning,MasterCard,56,MasterCard,home,in-store,grocery_store,San Francisco,California,USA,37.7749,-122.4194,94103,1
194,345.63949313821365,2022-12-30,evening,Visa,44,MasterCard,mall,in-store,grocery_store,San Francisco,California,USA,37.7749,-122.4194,94103,1
195,355.7174788665343,2022-07-26,evening,Visa,43,Visa,mall,in-store,grocery_store,San Francisco,California,USA,37.7749,-122.4194,94103,1
196,728.6961220815369,2020-11-12,morning,Visa,31,MasterCard,home,in-store,grocery_store,San Francisco,California,USA,37.7749,-122.4194,94103,1
197,898.1391573530514,2014-04-07,afternoon,Visa,34,Visa,office,in-store,grocery_store,San Francisco,California,USA,37.7749,-122.4194,94103,1
198,888.2155600224661,2020-07-23,morning,MasterCard,35,MasterCard,home,in-store,grocery_store,San Francisco,California,USA,37.7749,-122.4194,94103,1
199,782.0767903990476,2017-06-11,morning,Visa,62,MasterCard,grocery_store,in-store,grocery_store,San Francisco,California,USA,37.7749,-122.4194,94103,1
200,645.6113296927449,2014-05-08,morning,Visa,69,MasterCard,home,in-store,grocery_store,San Francisco,California,USA,37.7749,-122.4194,94103,1
201,93.29856534509834,2016-06-30,afternoon,Visa,46,Visa,home,in-store,grocery_store,San Francisco,California,USA,37.7749,-122.4194,94103,1
202,170.01242695366764,2021-06-01,morning,MasterCard,37,MasterCard,office,in-store,grocery_store,San Francisco,California,USA,37.7749,-122.4194,94103,0
203,899.5686466418084,2017-09-16,afternoon,MasterCard,70,MasterCard,grocery_store,in-store,grocery_store,San Francisco,California,USA,37.7749,-122.4194,94103,1
204,610.364769062994,2019-03-23,morning,Visa,44,MasterCard,gas_station,in-store,grocery_store,San Francisco,California,USA,37.7749,-122.4194,94103,1
205,19.10508110046335,2019-06-21,evening,Visa,35,Visa,gas_station,in-store,grocery_store,San Francisco,California,USA,37.7749,-122.4194,94103,0
206,110.45682743737179,2018-07-06,morning,Visa,21,Visa,mall,in-store,grocery_store,San Francisco,California,USA,37.7749,-122.4194,94103,1
207,666.8667514169753,2020-05-25,morning,MasterCard,18,Visa,home,in-store,grocery_store,San Francisco,California,USA,37.7749,-122.4194,94103,1
208,15.0109680077565,2013-09-16,evening,MasterCard,67,MasterCard,mall,in-store,grocery_store,San Francisco,California,USA,37.7749,-122.4194,94103,0
209,169.19997090332367,2015-08-29,afternoon,MasterCard,18,Visa,office,in-store,grocery_store,San Francisco,California,USA,37.7749,-122.4194,94103,1
210,553.2464514729203,2020-04-19,afternoon,Visa,75,MasterCard,gas_station,in-store,grocery_store,San Francisco,California,USA,37.7749,-122.4194,94103,1
211,694.9762457157664,2013-02-10,morning,MasterCard,43,Visa,home,in-store,grocery_store,San Francisco,California,USA,37.7749,-122.4194,94103,1
212,655.4416469075745,2019-09-01,evening,Visa,62,Visa,office,in-store,grocery_store,San Francisco,California,USA,37.7749,-122.4194,94103,1
213,232.0266163659542,2020-06-25,afternoon,Visa,37,MasterCard,office,in-store,grocery_store,San Francisco,California,USA,37.7749,-122.4194,94103,0
214,715.0574291340605,2015-05-18,morning,Visa,69,Visa,home,in-store,grocery_store,San Francisco,California,USA,37.7749,-122.4194,94103,1
215,244.87659662183208,2019-04-17,evening,MasterCard,40,MasterCard,office,in-store,grocery_store,San Francisco,California,USA,37.7749,-122.4194,94103,0
216,332.14570117767505,2022-07-16,afternoon,Visa,27,MasterCard,home,in-store,grocery_store,San Francisco,California,USA,37.7749,-122.4194,94103,1
217,749.0264910668438,2021-07-30,afternoon,MasterCard,76,Visa,home,in-store,grocery_store,San Francisco,California,USA,37.7749,-122.4194,94103,1
218,653.1365700567425,2018-12-07,evening,MasterCard,28,MasterCard,grocery_store,in-store,grocery_store,San Francisco,California,USA,37.7749,-122.4194,94103,1
219,850.7311763892361,2022-11-23,evening,Visa,58,MasterCard,mall,in-store,grocery_store,San Francisco,California,USA,37.7749,-122.4194,94103,1
220,661.03676337734,2018-09-24,evening,Visa,58,Visa,office,in-store,grocery_store,San Francisco,California,USA,37.7749,-122.4194,94103,1
221,572.6255173021169,2013-11-17,evening,MasterCard,22,Visa,office,in-store,grocery_store,San Francisco,California,USA,37.7749,-122.4194,94103,1
222,102.73802014981155,2019-02-13,morning,Visa,75,MasterCard,grocery_store,in-store,grocery_store,San Francisco,California,USA,37.7749,-122.4194,94103,0
223,374.0386450288392,2020-05-22,evening,MasterCard,18,Visa,grocery_store,in-store,grocery_store,San Francisco,California,USA,37.7749,-122.4194,94103,1
224,272.5503440049082,2013-12-22,afternoon,Visa,34,MasterCard,grocery_store,in-store,grocery_store,San Francisco,California,USA,37.7749,-122.4194,94103,0
225,251.54974694529275,2020-04-23,afternoon,MasterCard,39,MasterCard,gas_station,in-store,grocery_store,San Francisco,California,USA,37.7749,-122.4194,94103,0
226,973.2804492049211,2014-04-03,morning,MasterCard,51,Visa,gas_station,in-store,grocery_store,San Francisco,California,USA,37.7749,-122.4194,94103,1
227,399.1667474200928,2020-05-02,afternoon,MasterCard,73,Visa,gas_station,in-store,grocery_store,San Francisco,California,USA,37.7749,-122.4194,94103,1
228,893.1260896253422,2022-11-25,afternoon,MasterCard,62,Visa,home,in-store,grocery_store,San Francisco,California,USA,37.7749,-122.4194,94103,1
229,634.8272397372903,2016-07-01,evening,Visa,58,Visa,office,in-store,grocery_store,San Francisco,California,USA,37.7749,-122.4194,94103,1
230,796.863190506232,2019-07-07,afternoon,Visa,46,MasterCard,mall,in-store,grocery_store,San Francisco,California,USA,37.7749,-122.4194,94103,1
231,507.61072217414016,2019-09-20,morning,MasterCard,21,MasterCard,home,in-store,grocery_store,San Francisco,California,USA,37.7749,-122.4194,94103,1
232,581.1348457800955,2018-07-21,evening,MasterCard,22,Visa,office,in-store,grocery_store,San Francisco,California,USA,37.7749,-122.4194,94103,1
233,497.59251688067525,2020-07-02,evening,Visa,28,Visa,office,in-store,grocery_store,San Francisco,California,USA,37.7749,-122.4194,94103,1
234,203.29055792006406,2021-10-05,morning,Visa,73,MasterCard,grocery_store,in-store,grocery_store,San Francisco,California,USA,37.7749,-122.4194,94103,0
235,725.2275941088902,2022-11-26,evening,Visa,68,MasterCard,grocery_store,in-store,grocery_store,San Francisco,California,USA,37.7749,-122.4194,94103,1
236,287.96463881644723,2013-09-23,evening,Visa,38,MasterCard,home,in-store,grocery_store,San Francisco,California,USA,37.7749,-122.4194,94103,0
237,34.0728067671393,2018-04-26,morning,Visa,52,MasterCard,grocery_store,in-store,grocery_store,San Francisco,California,USA,37.7749,-122.4194,94103,0
238,649.0175729480961,2014-09-25,evening,Visa,29,Visa,office,in-store,grocery_store,San Francisco,California,USA,37.7749,-122.4194,94103,1
239,185.33957261297846,2020-10-28,morning,MasterCard,43,MasterCard,grocery_store,in-store,grocery_store,San Francisco,California,USA,37.7749,-122.4194,94103,0
240,941.0539985093851,2020-05-04,morning,Visa,68,MasterCard,gas_station,in-store,grocery_store,San Francisco,California,USA,37.7749,-122.4194,94103,1
241,954.3892912325615,2021-05-19,afternoon,Visa,36,Visa,grocery_store,in-store,grocery_store,San Francisco,California,USA,37.7749,-122.4194,94103,1
242,915.715746318244,2019-11-21,afternoon,MasterCard,62,MasterCard,office,in-store,grocery_store,San Francisco,California,USA,37.7749,-122.4194,94103,1
243,376.45711325288994,2014-06-26,evening,Visa,77,MasterCard,home,in-store,grocery_store,San Francisco,California,USA,37.7749,-122.4194,94103,1
244,25.302050363578754,2019-05-18,evening,Visa,24,Visa,mall,in-store,grocery_store,San Francisco,California,USA,37.7749,-122.4194,94103,0
245,929.0353769618481,2016-10-13,morning,Visa,64,Visa,grocery_store,in-store,grocery_store,San Francisco,California,USA,37.7749,-122.4194,94103,1
246,433.9023068341412,2022-02-18,evening,Visa,72,Visa,office,in-store,grocery_store,San Francisco,California,USA,37.7749,-122.4194,94103,1
247,966.9882708532328,2016-06-10,morning,Visa,24,MasterCard,mall,in-store,grocery_store,San Francisco,California,USA,37.7749,-122.4194,94103,1
248,963.9837773183604,2017-01-30,morning,MasterCard,43,MasterCard,mall,in-store,grocery_store,San Francisco,California,USA,37.7749,-122.4194,94103,1
249,854.4793609126865,2015-06-27,evening,Visa,57,Visa,gas_station,in-store,grocery_store,San Francisco,California,USA,37.7749,-122.4194,94103,1
250,301.5044031488898,2019-04-26,morning,MasterCard,22,Visa,mall,in-store,grocery_store,San Francisco,California,USA,37.7749,-122.4194,94103,1
251,391.246751315906,2018-08-24,afternoon,MasterCard,38,MasterCard,office,in-store,grocery_store,San Francisco,California,USA,37.7749,-122.4194,94103,1
252,852.6253048016883,2014-06-26,evening,Visa,31,Visa,office,in-store,grocery_store,San Francisco,California,USA,37.7749,-122.4194,94103,1
253,323.75278510471486,2017-10-30,afternoon,MasterCard,21,Visa,grocery_store,in-store,grocery_store,San Francisco,California,USA,37.7749,-122.4194,94103,1
254,177.79781921923157,2017-04-15,evening,Visa,40,Visa,grocery_store,in-store,grocery_store,San Francisco,California,USA,37.7749,-122.4194,94103,1
255,561.2332498337666,2017-07-15,morning,MasterCard,59,MasterCard,grocery_store,in-store,grocery_store,San Francisco,California,USA,37.7749,-122.4194,94103,1
256,936.7932264191732,2018-02-24,evening,MasterCard,37,MasterCard,mall,in-store,grocery_store,San Francisco,California,USA,37.7749,-122.4194,94103,1
257,699.0694987082233,2019-05-30,afternoon,Visa,32,MasterCard,mall,in-store,grocery_store,San Francisco,California,USA,37.7749,-122.4194,94103,1
258,574.3605583884713,2019-06-26,morning,Visa,67,MasterCard,gas_station,in-store,grocery_store,San Francisco,California,USA,37.7749,-122.4194,94103,1
259,106.20472883306086,2022-05-31,evening,Visa,69,MasterCard,grocery_store,in-store,grocery_store,San Francisco,California,USA,37.7749,-122.4194,94103,0
260,618.857154432178,2014-03-11,evening,Visa,62,MasterCard,home,in-store,grocery_store,San Francisco,California,USA,37.7749,-122.4194,94103,1
261,990.1533116032207,2016-06-23,evening,Visa,46,Visa,gas_station,in-store,grocery_store,San Francisco,California,USA,37.7749,-122.4194,94103,1
262,148.6831750841588,2014-02-18,afternoon,MasterCard,25,MasterCard,home,in-store,grocery_store,San Francisco,California,USA,37.7749,-122.4194,94103,0
263,523.1463558400993,2017-02-22,afternoon,MasterCard,58,MasterCard,mall,in-store,grocery_store,San Francisco,California,USA,37.7749,-122.4194,94103,1
264,878.5993412086759,2016-06-06,evening,MasterCard,65,Visa,gas_station,in-store,grocery_store,San Francisco,California,USA,37.7749,-122.4194,94103,1
265,743.3609315766624,2015-11-01,morning,MasterCard,36,MasterCard,gas_station,in-store,grocery_store,San Francisco,California,USA,37.7749,-122.4194,94103,1
266,700.0455835853153,2013-01-11,morning,MasterCard,65,MasterCard,office,in-store,grocery_store,San Francisco,California,USA,37.7749,-122.4194,94103,1
267,705.4592431472382,2015-03-01,afternoon,MasterCard,56,Visa,mall,in-store,grocery_store,San Francisco,California,USA,37.7749,-122.4194,94103,1
268,365.89623970755764,2018-05-03,morning,MasterCard,63,Visa,mall,in-store,grocery_store,San Francisco,California,USA,37.7749,-122.4194,94103,1
269,300.6559258218484,2015-04-05,afternoon,Visa,45,Visa,gas_station,in-store,grocery_store,San Francisco,California,USA,37.7749,-122.4194,94103,1
270,811.2675439237285,2022-01-04,evening,Visa,63,MasterCard,mall,in-store,grocery_store,San Francisco,California,USA,37.7749,-122.4194,94103,1
271,812.012260732389,2015-11-15,afternoon,MasterCard,74,Visa,gas_station,in-store,grocery_store,San Francisco,California,USA,37.7749,-122.4194,94103,1
272,868.4015953943026,2013-08-25,afternoon,MasterCard,44,MasterCard,office,in-store,grocery_store,San Francisco,California,USA,37.7749,-122.4194,94103,1
273,914.1081470309066,2018-04-21,evening,Visa,21,MasterCard,gas_station,in-store,grocery_store,San Francisco,California,USA,37.7749,-122.4194,94103,1
274,516.2289748723284,2019-09-26,morning,Visa,75,MasterCard,mall,in-store,grocery_store,San Francisco,California,USA,37.7749,-122.4194,94103,1
275,506.5011317403276,2022-01-11,afternoon,Visa,32,MasterCard,mall,in-store,grocery_store,San Francisco,California,USA,37.7749,-122.4194,94103,1
276,800.3122271771074,2022-06-25,afternoon,Visa,52,Visa,gas_station,in-store,grocery_store,San Francisco,California,USA,37.7749,-122.4194,94103,1
277,653.4642914699875,2016-03-29,evening,MasterCard,54,Visa,gas_station,in-store,grocery_store,San Francisco,California,USA,37.7749,-122.4194,94103,1
278,704.9472084851263,2021-02-01,morning,Visa,18,MasterCard,gas_station,in-store,grocery_store,San Francisco,California,USA,37.7749,-122.4194,94103,1
279,797.83474274174,2017-05-18,afternoon,MasterCard,20,Visa,grocery_store,in-store,grocery_store,San Francisco,California,USA,37.7749,-122.4194,94103,1
280,891.1052883993906,2017-01-12,evening,MasterCard,64,MasterCard,mall,in-store,grocery_store,San Francisco,California,USA,37.7749,-122.4194,94103,1
281,344.61520528302043,2021-06-24,afternoon,MasterCard,41,MasterCard,mall,in-store,grocery_store,San Francisco,California,USA,37.7749,-122.4194,94103,1
282,381.8271231135446,2020-09-28,evening,Visa,44,MasterCard,grocery_store,in-store,grocery_store,San Francisco,California,USA,37.7749,-122.4194,94103,1
283,103.04212044246032,2015-04-25,morning,Visa,57,Visa,gas_station,in-store,grocery_store,San Francisco,California,USA,37.7749,-122.4194,94103,1
284,582.4973395862122,2020-02-12,morning,MasterCard,78,MasterCard,office,in-store,grocery_store,San Francisco,California,USA,37.7749,-122.4194,94103,1
285,45.582851058774665,2015-12-07,morning,MasterCard,53,MasterCard,gas_station,in-store,grocery_store,San Francisco,California,USA,37.7749,-122.4194,94103,0
286,470.94203795113555,2021-11-02,morning,MasterCard,51,Visa,gas_station,in-store,grocery_store,San Francisco,California,USA,37.7749,-122.4194,94103,1
287,547.2181883605009,2013-07-07,afternoon,Visa,46,Visa,grocery_store,in-store,grocery_store,San Francisco,California,USA,37.7749,-122.4194,94103,1
288,293.67583960700154,2015-07-23,afternoon,MasterCard,41,Visa,mall,in-store,grocery_store,San Francisco,California,USA,37.7749,-122.4194,94103,1
289,594.9249279633207,2016-05-27,morning,Visa,41,Visa,gas_station,in-store,grocery_store,San Francisco,California,USA,37.7749,-122.4194,94103,1
290,40.195247439658935,2013-05-25,morning,MasterCard,59,MasterCard,mall,in-store,grocery_store,San Francisco,California,USA,37.7749,-122.4194,94103,0
291,46.974706861722275,2018-09-10,morning,MasterCard,21,Visa,home,in-store,grocery_store,San Francisco,California,USA,37.7749,-122.4194,94103,0
292,824.3745550530617,2017-03-04,afternoon,MasterCard,20,MasterCard,mall,in-store,grocery_store,San Francisco,California,USA,37.7749,-122.4194,94103,1
293,366.58873499715025,2016-06-03,morning,Visa,51,Visa,office,in-store,grocery_store,San Francisco,California,USA,37.7749,-122.4194,94103,1
294,135.78990752536595,2013-11-20,morning,Visa,74,Visa,office,in-store,grocery_store,San Francisco,California,USA,37.7749,-122.4194,94103,1
295,527.0208274542563,2021-05-23,morning,MasterCard,66,Visa,gas_station,in-store,grocery_store,San Francisco,California,USA,37.7749,-122.4194,94103,1
296,772.2936175676248,2017-06-29,evening,Visa,40,Visa,mall,in-store,grocery_store,San Francisco,California,USA,37.7749,-122.4194,94103,1
297,223.66281722187475,2018-10-07,morning,MasterCard,70,Visa,gas_station,in-store,grocery_store,San Francisco,California,USA,37.7749,-122.4194,94103,1
298,626.6615710608103,2022-03-13,evening,Visa,73,Visa,grocery_store,in-store,grocery_store,San Francisco,California,USA,37.7749,-122.4194,94103,1
299,94.49399034383032,2017-07-26,evening,Visa,69,MasterCard,office,in-store,grocery_store,San Francisco,California,USA,37.7749,-122.4194,94103,0
300,61.16490395692162,2019-08-03,morning,Visa,40,Visa,gas_station,in-store,grocery_store,San Francisco,California,USA,37.7749,-122.4194,94103,1
301,536.0410852524665,2018-10-06,evening,MasterCard,62,Visa,grocery_store,in-store,grocery_store,San Francisco,California,USA,37.7749,-122.4194,94103,1
302,545.2287703940054,2014-06-20,morning,Visa,22,Visa,gas_station,in-store,grocery_store,San Francisco,California,USA,37.7749,-122.4194,94103,1
303,641.0556024832244,2018-05-17,afternoon,Visa,48,Visa,mall,in-store,grocery_store,San Francisco,California,USA,37.7749,-122.4194,94103,1
304,728.8304203854349,2019-11-22,afternoon,MasterCard,79,MasterCard,mall,in-store,grocery_store,San Francisco,California,USA,37.7749,-122.4194,94103,1
305,976.0935586679093,2019-07-25,afternoon,MasterCard,70,Visa,mall,in-store,grocery_store,San Francisco,California,USA,37.7749,-122.4194,94103,1
306,521.1373448181834,2017-05-08,afternoon,MasterCard,79,Visa,mall,in-store,grocery_store,San Francisco,California,USA,37.7749,-122.4194,94103,1
307,329.7269082118335,2022-01-07,evening,MasterCard,58,Visa,home,in-store,grocery_store,San Francisco,California,USA,37.7749,-122.4194,94103,1
308,797.2343328210167,2013-12-25,morning,Visa,74,Visa,grocery_store,in-store,grocery_store,San Francisco,California,USA,37.7749,-122.4194,94103,1
309,278.12392874945346,2015-01-10,morning,Visa,78,MasterCard,grocery_store,in-store,grocery_store,San Francisco,California,USA,37.7749,-122.4194,94103,0
310,444.58170649857976,2021-02-01,morning,Visa,74,Visa,mall,in-store,grocery_store,San Francisco,California,USA,37.7749,-122.4194,94103,1
311,87.67181752884329,2021-10-11,afternoon,Visa,77,MasterCard,home,in-store,grocery_store,San Francisco,California,USA,37.7749,-122.4194,94103,0
312,35.09723598130294,2015-01-20,afternoon,Visa,71,Visa,mall,in-store,grocery_store,San Francisco,California,USA,37.7749,-122.4194,94103,0
313,963.0219305311458,2016-05-25,morning,MasterCard,23,MasterCard,home,in-store,grocery_store,San Francisco,California,USA,37.7749,-122.4194,94103,1
314,837.6203193070837,2021-02-26,afternoon,Visa,54,MasterCard,mall,in-store,grocery_store,San Francisco,California,USA,37.7749,-122.4194,94103,1
315,699.014464032761,2020-03-30,morning,Visa,74,Visa,office,in-store,grocery_store,San Francisco,California,USA,37.7749,-122.4194,94103,1
316,414.86341497012717,2019-04-23,morning,Visa,27,Visa,office,in-store,grocery_store,San Francisco,California,USA,37.7749,-122.4194,94103,1
317,181.5613768701373,2016-02-13,morning,MasterCard,57,MasterCard,gas_station,in-store,grocery_store,San Francisco,California,USA,37.7749,-122.4194,94103,0
318,164.8726722443752,2016-04-06,morning,MasterCard,24,MasterCard,mall,in-store,grocery_store,San Francisco,California,USA,37.7749,-122.4194,94103,0
319,257.74046918294937,2013-05-07,morning,Visa,56,Visa,grocery_store,in-store,grocery_store,San Francisco,California,USA,37.7749,-122.4194,94103,1
320,553.7343980590592,2021-05-26,morning,MasterCard,55,MasterCard,gas_station,in-store,grocery_store,San Francisco,California,USA,37.7749,-122.4194,94103,1
321,717.4499634730618,2019-07-25,morning,MasterCard,38,MasterCard,office,in-store,grocery_store,San Francisco,California,USA,37.7749,-122.4194,94103,1
322,663.595402950554,2019-08-03,afternoon,MasterCard,78,MasterCard,mall,in-store,grocery_store,San Francisco,California,USA,37.7749,-122.4194,94103,1
323,287.1345579764834,2020-04-13,morning,MasterCard,37,Visa,gas_station,in-store,grocery_store,San Francisco,California,USA,37.7749,-122.4194,94103,1
324,955.3166278565621,2019-01-27,morning,MasterCard,20,MasterCard,mall,in-store,grocery_store,San Francisco,California,USA,37.7749,-122.4194,94103,1
325,740.5179475288109,2021-06-09,afternoon,MasterCard,68,MasterCard,office,in-store,grocery_store,San Francisco,California,USA,37.7749,-122.4194,94103,1
326,558.8105119862867,2016-06-24,afternoon,MasterCard,39,MasterCard,gas_station,in-store,grocery_store,San Francisco,California,USA,37.7749,-122.4194,94103,1
327,615.6035387720087,2019-08-05,afternoon,Visa,64,Visa,office,in-store,grocery_store,San Francisco,California,USA,37.7749,-122.4194,94103,1
328,425.40406180351204,2017-04-18,morning,Visa,21,Visa,home,in-store,grocery_store,San Francisco,California,USA,37.7749,-122.4194,94103,1
329,255.25367960614588,2020-04-18,evening,MasterCard,45,MasterCard,office,in-store,grocery_store,San Francisco,California,USA,37.7749,-122.4194,94103,0
330,362.41295186474895,2022-03-30,evening,Visa,29,Visa,mall,in-store,grocery_store,San Francisco,California,USA,37.7749,-122.4194,94103,1
331,760.2676493597254,2019-08-31,afternoon,Visa,55,MasterCard,grocery_store,in-store,grocery_store,San Francisco,California,USA,37.7749,-122.4194,94103,1
332,24.24955374345831,2014-11-21,evening,MasterCard,68,Visa,office,in-store,grocery_store,San Francisco,California,USA,37.7749,-122.4194,94103,0
333,124.91191410184707,2017-11-01,afternoon,Visa,53,Visa,grocery_store,in-store,grocery_store,San Francisco,California,USA,37.7749,-122.4194,94103,1
334,55.54261560153522,2021-09-05,morning,MasterCard,64,MasterCard,home,in-store,grocery_store,San Francisco,California,USA,37.7749,-122.4194,94103,0
335,50.32151429578043,2019-07-16,evening,MasterCard,58,Visa,gas_station,in-store,grocery_store,San Francisco,California,USA,37.7749,-122.4194,94103,1
336,856.9059781708971,2013-09-15,morning,MasterCard,22,Visa,gas_station,in-store,grocery_store,San Francisco,California,USA,37.7749,-122.4194,94103,1
337,706.6212807862235,2021-01-01,evening,Visa,30,Visa,grocery_store,in-store,grocery_store,San Francisco,California,USA,37.7749,-122.4194,94103,1
338,479.4320907964519,2016-11-14,morning,Visa,40,MasterCard,gas_station,in-store,grocery_store,San Francisco,California,USA,37.7749,-122.4194,94103,1
339,106.85581904449147,2020-02-26,evening,Visa,75,Visa,office,in-store,grocery_store,San Francisco,California,USA,37.7749,-122.4194,94103,1
340,496.699716365664,2015-12-18,morning,Visa,67,Visa,grocery_store,in-store,grocery_store,San Francisco,California,USA,37.7749,-122.4194,94103,1
341,478.73705307276003,2020-06-28,morning,MasterCard,47,MasterCard,mall,in-store,grocery_store,San Francisco,California,USA,37.7749,-122.4194,94103,1
342,181.46985121091504,2016-04-19,evening,MasterCard,79,Visa,office,in-store,grocery_store,San Francisco,California,USA,37.7749,-122.4194,94103,1
343,439.5131327455933,2020-07-30,morning,Visa,54,Visa,office,in-store,grocery_store,San Francisco,California,USA,37.7749,-122.4194,94103,1
344,404.5196870533997,2015-06-20,morning,MasterCard,42,Visa,office,in-store,grocery_store,San Francisco,California,USA,37.7749,-122.4194,94103,1
345,619.6915970716943,2022-12-11,morning,MasterCard,65,Visa,mall,in-store,grocery_store,San Francisco,California,USA,37.7749,-122.4194,94103,1
346,638.7427143589673,2021-09-15,evening,Visa,44,Visa,home,in-store,grocery_store,San Francisco,California,USA,37.7749,-122.4194,94103,1
347,54.85096967432407,2014-04-07,evening,MasterCard,68,MasterCard,gas_station,in-store,grocery_store,San Francisco,California,USA,37.7749,-122.4194,94103,0
348,380.8664884802065,2016-10-27,morning,Visa,31,MasterCard,grocery_store,in-store,grocery_store,San Francisco,California,USA,37.7749,-122.4194,94103,1
349,629.601316557094,2016-07-23,morning,MasterCard,74,Visa,home,in-store,grocery_store,San Francisco,California,USA,37.7749,-122.4194,94103,1
350,508.10489599428684,2013-11-08,evening,Visa,79,Visa,grocery_store,in-store,grocery_store,San Francisco,California,USA,37.7749,-122.4194,94103,1
351,857.924942776439,2021-01-28,evening,MasterCard,65,Visa,gas_station,in-store,grocery_store,San Francisco,California,USA,37.7749,-122.4194,94103,1
352,662.1066953027556,2021-02-14,morning,MasterCard,76,MasterCard,mall,in-store,grocery_store,San Francisco,California,USA,37.7749,-122.4194,94103,1
353,171.3050828106154,2022-03-23,morning,Visa,64,MasterCard,office,in-store,grocery_store,San Francisco,California,USA,37.7749,-122.4194,94103,0
354,79.86305992642555,2021-01-16,morning,Visa,71,Visa,office,in-store,grocery_store,San Francisco,California,USA,37.7749,-122.4194,94103,1
355,645.9950854242525,2020-11-30,afternoon,Visa,53,Visa,mall,in-store,grocery_store,San Francisco,California,USA,37.7749,-122.4194,94103,1
356,36.24619743620559,2019-07-31,evening,Visa,56,MasterCard,home,in-store,grocery_store,San Francisco,California,USA,37.7749,-122.4194,94103,0
357,589.9178254607286,2020-05-29,afternoon,MasterCard,33,Visa,home,in-store,grocery_store,San Francisco,California,USA,37.7749,-122.4194,94103,1
358,940.8279390107081,2016-05-09,evening,MasterCard,73,MasterCard,grocery_store,in-store,grocery_store,San Francisco,California,USA,37.7749,-122.4194,94103,1
359,579.7194360971201,2016-02-20,evening,Visa,39,MasterCard,mall,in-store,grocery_store,San Francisco,California,USA,37.7749,-122.4194,94103,1
360,394.2882269444567,2020-03-07,evening,MasterCard,38,Visa,home,in-store,grocery_store,San Francisco,California,USA,37.7749,-122.4194,94103,1
361,646.8553362579296,2022-12-04,evening,Visa,71,MasterCard,mall,in-store,grocery_store,San Francisco,California,USA,37.7749,-122.4194,94103,1
362,463.6703615866015,2020-07-09,evening,Visa,38,Visa,gas_station,in-store,grocery_store,San Francisco,California,USA,37.7749,-122.4194,94103,1
363,550.1606214227755,2014-07-03,evening,MasterCard,25,Visa,office,in-store,grocery_store,San Francisco,California,USA,37.7749,-122.4194,94103,1
364,942.0501606887599,2014-12-28,evening,MasterCard,66,Visa,office,in-store,grocery_store,San Francisco,California,USA,37.7749,-122.4194,94103,1
365,392.2416114227665,2017-03-07,afternoon,Visa,33,Visa,office,in-store,grocery_store,San Francisco,California,USA,37.7749,-122.4194,94103,1
366,961.5786581856751,2014-10-21,morning,Visa,76,Visa,mall,in-store,grocery_store,San Francisco,California,USA,37.7749,-122.4194,94103,1
367,906.2971355365031,2016-02-21,morning,Visa,72,Visa,mall,in-store,grocery_store,San Francisco,California,USA,37.7749,-122.4194,94103,1
368,203.83322344140348,2021-06-11,afternoon,MasterCard,48,MasterCard,grocery_store,in-store,grocery_store,San Francisco,California,USA,37.7749,-122.4194,94103,0
369,78.6676878664138,2017-07-05,afternoon,MasterCard,59,MasterCard,office,in-store,grocery_store,San Francisco,California,USA,37.7749,-122.4194,94103,0
370,109.77022136365238,2013-02-13,afternoon,MasterCard,27,MasterCard,grocery_store,in-store,grocery_store,San Francisco,California,USA,37.7749,-122.4194,94103,0
371,28.03960739503423,2013-04-10,afternoon,MasterCard,49,MasterCard,office,in-store,grocery_store,San Francisco,California,USA,37.7749,-122.4194,94103,0
372,103.49853114836911,2019-01-09,evening,Visa,76,Visa,grocery_store,in-store,grocery_store,San Francisco,California,USA,37.7749,-122.4194,94103,1
373,686.1767056821933,2020-12-25,morning,Visa,51,MasterCard,grocery_store,in-store,grocery_store,San Francisco,California,USA,37.7749,-122.4194,94103,1
374,80.4767619756267,2013-10-24,evening,Visa,79,MasterCard,gas_station,in-store,grocery_store,San Francisco,California,USA,37.7749,-122.4194,94103,0
375,325.7858739908237,2021-08-04,morning,Visa,26,MasterCard,grocery_store,in-store,grocery_store,San Francisco,California,USA,37.7749,-122.4194,94103,1
376,846.42655785976,2017-07-11,morning,Visa,34,Visa,mall,in-store,grocery_store,San Francisco,California,USA,37.7749,-122.4194,94103,1
377,33.03921637846761,2014-04-28,afternoon,Visa,28,MasterCard,grocery_store,in-store,grocery_store,San Francisco,California,USA,37.7749,-122.4194,94103,0
378,816.3237977630464,2016-04-23,evening,MasterCard,49,Visa,office,in-store,grocery_store,San Francisco,California,USA,37.7749,-122.4194,94103,1
379,289.03622702566594,2013-04-03,afternoon,MasterCard,27,MasterCard,grocery_store,in-store,grocery_store,San Francisco,California,USA,37.7749,-122.4194,94103,0
380,126.9831793454397,2022-11-24,evening,Visa,39,Visa,home,in-store,grocery_store,San Francisco,California,USA,37.7749,-122.4194,94103,1
381,699.7697937105091,2013-11-07,morning,Visa,74,Visa,office,in-store,grocery_store,San Francisco,California,USA,37.7749,-122.4194,94103,1
382,632.6534183120851,2020-07-29,afternoon,MasterCard,34,MasterCard,home,in-store,grocery_store,San Francisco,California,USA,37.7749,-122.4194,94103,1
383,878.6972933917824,2015-03-20,afternoon,MasterCard,21,Visa,office,in-store,grocery_store,San Francisco,California,USA,37.7749,-122.4194,94103,1
384,737.720333365847,2016-12-19,morning,MasterCard,65,Visa,mall,in-store,grocery_store,San Francisco,California,USA,37.7749,-122.4194,94103,1
385,805.4461210810001,2019-12-30,morning,MasterCard,69,MasterCard,mall,in-store,grocery_store,San Francisco,California,USA,37.7749,-122.4194,94103,1
386,289.21422684559343,2014-12-23,morning,Visa,64,MasterCard,mall,in-store,grocery_store,San Francisco,California,USA,37.7749,-122.4194,94103,0
387,185.6651483419256,2018-01-04,afternoon,Visa,42,MasterCard,home,in-store,grocery_store,San Francisco,California,USA,37.7749,-122.4194,94103,0
388,753.1086041244497,2014-03-28,evening,Visa,76,Visa,gas_station,in-store,grocery_store,San Francisco,California,USA,37.7749,-122.4194,94103,1
389,808.7663918745914,2018-04-27,afternoon,Visa,38,Visa,office,in-store,grocery_store,San Francisco,California,USA,37.7749,-122.4194,94103,1
390,990.6000905806666,2020-05-03,evening,Visa,54,Visa,mall,in-store,grocery_store,San Francisco,California,USA,37.7749,-122.4194,94103,1
391,418.4915001423122,2014-05-13,afternoon,MasterCard,55,MasterCard,office,in-store,grocery_store,San Francisco,California,USA,37.7749,-122.4194,94103,1
392,378.29790493485535,2014-07-14,afternoon,Visa,66,Visa,home,in-store,grocery_store,San Francisco,California,USA,37.7749,-122.4194,94103,1
393,778.6488311345769,2013-05-03,morning,MasterCard,18,Visa,gas_station,in-store,grocery_store,San Francisco,California,USA,37.7749,-122.4194,94103,1
394,347.39550485048767,2018-09-22,evening,Visa,42,Visa,home,in-store,grocery_store,San Francisco,California,USA,37.7749,-122.4194,94103,1
395,931.449752347529,2015-01-27,afternoon,Visa,68,Visa,office,in-store,grocery_store,San Francisco,California,USA,37.7749,-122.4194,94103,1
396,859.8286243245817,2013-07-19,afternoon,Visa,53,Visa,gas_station,in-store,grocery_store,San Francisco,California,USA,37.7749,-122.4194,94103,1
397,434.70408710126816,2015-05-08,morning,Visa,34,Visa,gas_station,in-store,grocery_store,San Francisco,California,USA,37.7749,-122.4194,94103,1
398,753.3623571135824,2013-05-22,morning,Visa,58,Visa,home,in-store,grocery_store,San Francisco,California,USA,37.7749,-122.4194,94103,1
399,756.9974453438356,2020-04-18,evening,MasterCard,41,MasterCard,mall,in-store,grocery_store,San Francisco,California,USA,37.7749,-122.4194,94103,1
400,112.09263014757329,2022-12-12,afternoon,MasterCard,19,MasterCard,office,in-store,grocery_store,San Francisco,California,USA,37.7749,-122.4194,94103,0
401,903.527377612771,2016-07-26,evening,MasterCard,57,MasterCard,grocery_store,in-store,grocery_store,San Francisco,California,USA,37.7749,-122.4194,94103,1
402,510.1998487233786,2020-08-16,afternoon,Visa,32,Visa,grocery_store,in-store,grocery_store,San Francisco,California,USA,37.7749,-122.4194,94103,1
403,828.1928914466642,2022-10-10,evening,Visa,49,Visa,home,in-store,grocery_store,San Francisco,California,USA,37.7749,-122.4194,94103,1
404,326.8491050203056,2018-05-25,morning,MasterCard,56,MasterCard,office,in-store,grocery_store,San Francisco,California,USA,37.7749,-122.4194,94103,1
405,896.5679962112384,2017-08-04,afternoon,Visa,76,Visa,office,in-store,grocery_store,San Francisco,California,USA,37.7749,-122.4194,94103,1
406,395.3096619468215,2013-05-09,evening,Visa,23,MasterCard,home,in-store,grocery_store,San Francisco,California,USA,37.7749,-122.4194,94103,1
407,20.729274965495378,2019-02-21,morning,MasterCard,18,Visa,office,in-store,grocery_store,San Francisco,California,USA,37.7749,-122.4194,94103,0
408,906.328156655071,2018-10-24,morning,Visa,64,Visa,mall,in-store,grocery_store,San Francisco,California,USA,37.7749,-122.4194,94103,1
409,100.37381001827222,2013-11-21,evening,MasterCard,40,MasterCard,home,in-store,grocery_store,San Francisco,California,USA,37.7749,-122.4194,94103,0
410,326.12050121451074,2021-06-11,afternoon,Visa,75,MasterCard,mall,in-store,grocery_store,San Francisco,California,USA,37.7749,-122.4194,94103,1
411,950.5613473802969,2020-06-12,afternoon,MasterCard,56,MasterCard,office,in-store,grocery_store,San Francisco,California,USA,37.7749,-122.4194,94103,1
412,951.1010754681805,2013-02-24,morning,Visa,78,MasterCard,home,in-store,grocery_store,San Francisco,California,USA,37.7749,-122.4194,94103,1
413,577.7035092420532,2014-02-24,afternoon,Visa,79,MasterCard,office,in-store,grocery_store,San Francisco,California,USA,37.7749,-122.4194,94103,1
414,635.5188400481013,2017-07-31,afternoon,MasterCard,74,Visa,home,in-store,grocery_store,San Francisco,California,USA,37.7749,-122.4194,94103,1
415,453.96106675853656,2014-02-23,afternoon,Visa,34,Visa,office,in-store,grocery_store,San Francisco,California,USA,37.7749,-122.4194,94103,1
416,300.27866398108387,2017-12-03,morning,Visa,51,Visa,mall,in-store,grocery_store,San Francisco,California,USA,37.7749,-122.4194,94103,1
417,335.3778999162168,2014-08-20,evening,MasterCard,76,MasterCard,mall,in-store,grocery_store,San Francisco,California,USA,37.7749,-122.4194,94103,1
418,675.7932715162681,2020-10-31,afternoon,Visa,58,MasterCard,office,in-store,grocery_store,San Francisco,California,USA,37.7749,-122.4194,94103,1
419,754.8507841433033,2020-11-01,morning,MasterCard,46,MasterCard,home,in-store,grocery_store,San Francisco,California,USA,37.7749,-122.4194,94103,1
420,793.66325328859,2013-02-27,morning,Visa,26,MasterCard,grocery_store,in-store,grocery_store,San Francisco,California,USA,37.7749,-122.4194,94103,1
421,791.7219613666083,2018-01-18,evening,Visa,30,MasterCard,mall,in-store,grocery_store,San Francisco,California,USA,37.7749,-122.4194,94103,1
422,100.29404201820347,2019-06-17,afternoon,Visa,23,MasterCard,mall,in-store,grocery_store,San Francisco,California,USA,37.7749,-122.4194,94103,0
423,499.4761016555557,2016-01-19,afternoon,Visa,23,Visa,grocery_store,in-store,grocery_store,San Francisco,California,USA,37.7749,-122.4194,94103,1
424,66.98317241647784,2016-10-29,evening,MasterCard,37,Visa,office,in-store,grocery_store,San Francisco,California,USA,37.7749,-122.4194,94103,1
425,554.0335935004982,2013-02-12,evening,Visa,69,Visa,home,in-store,grocery_store,San Francisco,California,USA,37.7749,-122.4194,94103,1
426,447.1151963596432,2018-08-08,morning,MasterCard,70,Visa,office,in-store,grocery_store,San Francisco,California,USA,37.7749,-122.4194,94103,1
427,888.8271409307167,2020-01-14,morning,Visa,20,Visa,gas_station,in-store,grocery_store,San Francisco,California,USA,37.7749,-122.4194,94103,1
428,357.4058624265579,2016-03-21,evening,Visa,34,MasterCard,mall,in-store,grocery_store,San Francisco,California,USA,37.7749,-122.4194,94103,1
429,125.8963462633298,2020-04-22,afternoon,Visa,66,MasterCard,gas_station,in-store,grocery_store,San Francisco,California,USA,37.7749,-122.4194,94103,0
430,151.5617652323075,2018-05-27,morning,Visa,29,MasterCard,mall,in-store,grocery_store,San Francisco,California,USA,37.7749,-122.4194,94103,0
431,763.8955254002975,2013-09-30,morning,MasterCard,65,MasterCard,mall,in-store,grocery_store,San Francisco,California,USA,37.7749,-122.4194,94103,1
432,622.0358826830984,2021-07-31,afternoon,MasterCard,64,MasterCard,gas_station,in-store,grocery_store,San Francisco,California,USA,37.7749,-122.4194,94103,1
433,110.11144936156234,2021-05-21,morning,MasterCard,62,MasterCard,gas_station,in-store,grocery_store,San Francisco,California,USA,37.7749,-122.4194,94103,0
434,93.26573805384746,2020-02-16,afternoon,MasterCard,72,Visa,office,in-store,grocery_store,San Francisco,California,USA,37.7749,-122.4194,94103,1
435,703.9594401445288,2018-04-28,afternoon,Visa,18,MasterCard,gas_station,in-store,grocery_store,San Francisco,California,USA,37.7749,-122.4194,94103,1
436,82.03537630055159,2013-01-20,afternoon,MasterCard,34,MasterCard,office,in-store,grocery_store,San Francisco,California,USA,37.7749,-122.4194,94103,0
437,823.6414586974527,2017-06-06,evening,MasterCard,20,MasterCard,office,in-store,grocery_store,San Francisco,California,USA,37.7749,-122.4194,94103,1
438,709.1798048849313,2016-11-07,evening,Visa,43,MasterCard,office,in-store,grocery_store,San Francisco,California,USA,37.7749,-122.4194,94103,1
439,90.53529283548076,2016-05-03,evening,Visa,32,Visa,mall,in-store,grocery_store,San Francisco,California,USA,37.7749,-122.4194,94103,1
440,93.98933694434,2022-01-18,afternoon,Visa,53,Visa,mall,in-store,grocery_store,San Francisco,California,USA,37.7749,-122.4194,94103,1
441,986.7731827161637,2020-05-17,afternoon,Visa,49,MasterCard,gas_station,in-store,grocery_store,San Francisco,California,USA,37.7749,-122.4194,94103,1
442,380.5280877985591,2017-08-17,evening,MasterCard,49,Visa,mall,in-store,grocery_store,San Francisco,California,USA,37.7749,-122.4194,94103,1
443,376.935725596222,2021-02-08,morning,MasterCard,21,Visa,gas_station,in-store,grocery_store,San Francisco,California,USA,37.7749,-122.4194,94103,1
444,814.6715715849275,2018-09-25,afternoon,Visa,35,MasterCard,mall,in-store,grocery_store,San Francisco,California,USA,37.7749,-122.4194,94103,1
445,947.7760916100201,2021-12-20,morning,Visa,66,MasterCard,home,in-store,grocery_store,San Francisco,California,USA,37.7749,-122.4194,94103,1
446,986.1410531846421,2014-12-08,morning,Visa,36,MasterCard,home,in-store,grocery_store,San Francisco,California,USA,37.7749,-122.4194,94103,1
447,755.8444034063522,2014-11-21,afternoon,MasterCard,60,MasterCard,gas_station,in-store,grocery_store,San Francisco,California,USA,37.7749,-122.4194,94103,1
448,382.4969896756066,2013-01-24,afternoon,MasterCard,69,MasterCard,mall,in-store,grocery_store,San Francisco,California,USA,37.7749,-122.4194,94103,1
449,92.66570953168208,2021-07-24,morning,Visa,52,Visa,mall,in-store,grocery_store,San Francisco,California,USA,37.7749,-122.4194,94103,1
450,779.3754467681624,2014-03-05,morning,Visa,57,MasterCard,office,in-store,grocery_store,San Francisco,California,USA,37.7749,-122.4194,94103,1
451,562.820207238447,2015-05-22,evening,MasterCard,31,MasterCard,grocery_store,in-store,grocery_store,San Francisco,California,USA,37.7749,-122.4194,94103,1
452,429.97978915450653,2016-10-31,evening,Visa,75,MasterCard,gas_station,in-store,grocery_store,San Francisco,California,USA,37.7749,-122.4194,94103,1
453,907.2908412437886,2016-02-25,afternoon,Visa,50,Visa,grocery_store,in-store,grocery_store,San Francisco,California,USA,37.7749,-122.4194,94103,1
454,120.08550748308983,2013-11-05,evening,MasterCard,31,MasterCard,grocery_store,in-store,grocery_store,San Francisco,California,USA,37.7749,-122.4194,94103,0
455,497.6988532479506,2019-07-22,evening,Visa,51,MasterCard,gas_station,in-store,grocery_store,San Francisco,California,USA,37.7749,-122.4194,94103,1
456,21.240108319744877,2017-11-13,evening,MasterCard,78,MasterCard,mall,in-store,grocery_store,San Francisco,California,USA,37.7749,-122.4194,94103,0
457,473.974035574185,2018-03-05,evening,Visa,72,Visa,gas_station,in-store,grocery_store,San Francisco,California,USA,37.7749,-122.4194,94103,1
458,65.74024292501898,2021-07-30,morning,Visa,21,MasterCard,grocery_store,in-store,grocery_store,San Francisco,California,USA,37.7749,-122.4194,94103,0
459,127.6297371053912,2018-05-06,afternoon,MasterCard,41,MasterCard,mall,in-store,grocery_store,San Francisco,California,USA,37.7749,-122.4194,94103,0
460,126.35098430933384,2020-03-21,evening,MasterCard,76,MasterCard,home,in-store,grocery_store,San Francisco,California,USA,37.7749,-122.4194,94103,0
461,652.718199094903,2014-10-12,morning,Visa,46,Visa,gas_station,in-store,grocery_store,San Francisco,California,USA,37.7749,-122.4194,94103,1
462,748.5844304727691,2015-05-30,morning,MasterCard,36,MasterCard,gas_station,in-store,grocery_store,San Francisco,California,USA,37.7749,-122.4194,94103,1
463,587.535077446188,2020-03-24,morning,Visa,23,MasterCard,mall,in-store,grocery_store,San Francisco,California,USA,37.7749,-122.4194,94103,1
464,962.5508229897965,2016-01-10,evening,Visa,74,MasterCard,home,in-store,grocery_store,San Francisco,California,USA,37.7749,-122.4194,94103,1
465,381.121873728467,2022-09-07,evening,MasterCard,50,Visa,home,in-store,grocery_store,San Francisco,California,USA,37.7749,-122.4194,94103,1
466,292.8549654190421,2016-05-04,afternoon,Visa,66,MasterCard,mall,in-store,grocery_store,San Francisco,California,USA,37.7749,-122.4194,94103,0
467,869.9131369075657,2019-04-05,evening,Visa,57,MasterCard,office,in-store,grocery_store,San Francisco,California,USA,37.7749,-122.4194,94103,1
468,231.3598801342581,2021-05-28,evening,MasterCard,36,MasterCard,gas_station,in-store,grocery_store,San Francisco,California,USA,37.7749,-122.4194,94103,0
469,963.5903140462052,2021-12-03,morning,MasterCard,70,Visa,gas_station,in-store,grocery_store,San Francisco,California,USA,37.7749,-122.4194,94103,1
470,22.03292994291818,2020-01-10,afternoon,Visa,18,Visa,grocery_store,in-store,grocery_store,San Francisco,California,USA,37.7749,-122.4194,94103,0
471,970.1800384405626,2015-06-04,evening,MasterCard,22,MasterCard,mall,in-store,grocery_store,San Francisco,California,USA,37.7749,-122.4194,94103,1
472,52.728312831070355,2022-10-22,evening,MasterCard,44,Visa,grocery_store,in-store,grocery_store,San Francisco,California,USA,37.7749,-122.4194,94103,1
473,892.2316825610903,2022-04-03,morning,MasterCard,33,Visa,grocery_store,in-store,grocery_store,San Francisco,California,USA,37.7749,-122.4194,94103,1
474,532.4240979954369,2017-06-28,morning,MasterCard,23,Visa,home,in-store,grocery_store,San Francisco,California,USA,37.7749,-122.4194,94103,1
475,993.0351481581073,2019-04-29,evening,Visa,57,MasterCard,gas_station,in-store,grocery_store,San Francisco,California,USA,37.7749,-122.4194,94103,1
476,83.05859908804487,2022-01-29,afternoon,Visa,30,MasterCard,grocery_store,in-store,grocery_store,San Francisco,California,USA,37.7749,-122.4194,94103,0
477,558.3157415573075,2019-03-14,afternoon,Visa,65,Visa,home,in-store,grocery_store,San Francisco,California,USA,37.7749,-122.4194,94103,1
478,969.609510262908,2013-03-28,morning,MasterCard,79,Visa,mall,in-store,grocery_store,San Francisco,California,USA,37.7749,-122.4194,94103,1
479,527.8668657284474,2021-05-05,morning,MasterCard,52,Visa,grocery_store,in-store,grocery_store,San Francisco,California,USA,37.7749,-122.4194,94103,1
480,633.1046517539099,2022-07-20,evening,MasterCard,36,MasterCard,gas_station,in-store,grocery_store,San Francisco,California,USA,37.7749,-122.4194,94103,1
481,698.791202094771,2018-09-17,morning,MasterCard,29,MasterCard,grocery_store,in-store,grocery_store,San Francisco,California,USA,37.7749,-122.4194,94103,1
482,459.9956541200955,2017-05-14,evening,MasterCard,33,Visa,mall,in-store,grocery_store,San Francisco,California,USA,37.7749,-122.4194,94103,1
483,631.2824992832228,2019-05-18,afternoon,MasterCard,76,Visa,grocery_store,in-store,grocery_store,San Francisco,California,USA,37.7749,-122.4194,94103,1
484,588.4711688038692,2021-01-03,afternoon,MasterCard,60,Visa,gas_station,in-store,grocery_store,San Francisco,California,USA,37.7749,-122.4194,94103,1
485,902.1464303860791,2015-03-16,evening,Visa,27,Visa,home,in-store,grocery_store,San Francisco,California,USA,37.7749,-122.4194,94103,1
486,54.99191653804329,2017-05-29,morning,Visa,42,MasterCard,gas_station,in-store,grocery_store,San Francisco,California,USA,37.7749,-122.4194,94103,0
487,288.15355769630804,2022-09-22,afternoon,MasterCard,37,Visa,home,in-store,grocery_store,San Francisco,California,USA,37.7749,-122.4194,94103,1
488,950.9073692357931,2013-06-06,morning,MasterCard,48,MasterCard,office,in-store,grocery_store,San Francisco,California,USA,37.7749,-122.4194,94103,1
489,891.3611460520071,2019-02-16,afternoon,MasterCard,21,Visa,gas_station,in-store,grocery_store,San Francisco,California,USA,37.7749,-122.4194,94103,1
490,461.1001852578558,2020-11-14,evening,Visa,61,Visa,gas_station,in-store,grocery_store,San Francisco,California,USA,37.7749,-122.4194,94103,1
491,623.9312718235213,2022-06-02,evening,Visa,40,Visa,mall,in-store,grocery_store,San Francisco,California,USA,37.7749,-122.4194,94103,1
492,284.60737115132133,2019-12-17,evening,MasterCard,19,Visa,grocery_store,in-store,grocery_store,San Francisco,California,USA,37.7749,-122.4194,94103,1
493,196.2399481265237,2018-09-08,afternoon,MasterCard,73,Visa,home,in-store,grocery_store,San Francisco,California,USA,37.7749,-122.4194,94103,1
494,469.0614208905823,2016-04-19,morning,Visa,39,MasterCard,home,in-store,grocery_store,San Francisco,California,USA,37.7749,-122.4194,94103,1
495,359.8187057457923,2015-10-15,morning,Visa,68,Visa,mall,in-store,grocery_store,San Francisco,California,USA,37.7749,-122.4194,94103,1
496,587.8195507323634,2014-12-18,morning,Visa,74,Visa,mall,in-store,grocery_store,San Francisco,California,USA,37.7749,-122.4194,94103,1
497,86.957290595335,2014-06-20,afternoon,Visa,54,Visa,grocery_store,in-store,grocery_store,San Francisco,California,USA,37.7749,-122.4194,94103,1
498,974.6508595895049,2018-05-12,afternoon,MasterCard,25,MasterCard,grocery_store,in-store,grocery_store,San Francisco,California,USA,37.7749,-122.4194,94103,1
499,986.3486370348069,2013-04-29,afternoon,Visa,24,MasterCard,gas_station,in-store,grocery_store,San Francisco,California,USA,37.7749,-122.4194,94103,1
500,701.1800968795477,2021-05-20,afternoon,Visa,31,MasterCard,office,in-store,grocery_store,San Francisco,California,USA,37.7749,-122.4194,94103,1
501,540.7354026806792,2019-05-09,afternoon,MasterCard,73,MasterCard,grocery_store,in-store,grocery_store,San Francisco,California,USA,37.7749,-122.4194,94103,1
502,316.4323401234645,2019-12-19,morning,Visa,72,Visa,mall,in-store,grocery_store,San Francisco,California,USA,37.7749,-122.4194,94103,1
503,815.6570695098792,2017-02-22,afternoon,Visa,20,Visa,grocery_store,in-store,grocery_store,San Francisco,California,USA,37.7749,-122.4194,94103,1
504,687.8838608283405,2015-07-22,afternoon,Visa,67,Visa,home,in-store,grocery_store,San Francisco,California,USA,37.7749,-122.4194,94103,1
505,170.9907699514424,2021-01-18,morning,MasterCard,33,MasterCard,office,in-store,grocery_store,San Francisco,California,USA,37.7749,-122.4194,94103,0
506,911.8179126489041,2020-06-10,afternoon,Visa,72,Visa,gas_station,in-store,grocery_store,San Francisco,California,USA,37.7749,-122.4194,94103,1
507,824.3118704939372,2017-08-29,morning,MasterCard,36,Visa,home,in-store,grocery_store,San Francisco,California,USA,37.7749,-122.4194,94103,1
508,950.3019141590048,2022-05-05,morning,MasterCard,68,MasterCard,home,in-store,grocery_store,San Francisco,California,USA,37.7749,-122.4194,94103,1
509,728.4623133044764,2017-05-29,evening,Visa,35,MasterCard,office,in-store,grocery_store,San Francisco,California,USA,37.7749,-122.4194,94103,1
510,617.281043976432,2022-12-31,evening,Visa,69,MasterCard,gas_station,in-store,grocery_store,San Francisco,California,USA,37.7749,-122.4194,94103,1
511,424.0606059277127,2016-10-12,evening,Visa,33,Visa,mall,in-store,grocery_store,San Francisco,California,USA,37.7749,-122.4194,94103,1
512,933.4011985204731,2015-03-16,evening,Visa,25,Visa,gas_station,in-store,grocery_store,San Francisco,California,USA,37.7749,-122.4194,94103,1
513,867.4032506054043,2018-02-28,afternoon,MasterCard,77,MasterCard,grocery_store,in-store,grocery_store,San Francisco,California,USA,37.7749,-122.4194,94103,1
514,54.76648340512752,2017-08-31,evening,Visa,50,Visa,home,in-store,grocery_store,San Francisco,California,USA,37.7749,-122.4194,94103,1
515,36.103304752279485,2015-10-14,morning,Visa,66,MasterCard,grocery_store,in-store,grocery_store,San Francisco,California,USA,37.7749,-122.4194,94103,0
516,382.6987332092691,2017-01-29,afternoon,Visa,29,MasterCard,mall,in-store,grocery_store,San Francisco,California,USA,37.7749,-122.4194,94103,1
517,812.4477974740146,2020-06-28,evening,MasterCard,79,Visa,grocery_store,in-store,grocery_store,San Francisco,California,USA,37.7749,-122.4194,94103,1
518,987.403368021795,2014-04-24,morning,Visa,70,MasterCard,gas_station,in-store,grocery_store,San Francisco,California,USA,37.7749,-122.4194,94103,1
519,158.9127221924929,2016-11-12,afternoon,Visa,28,MasterCard,grocery_store,in-store,grocery_store,San Francisco,California,USA,37.7749,-122.4194,94103,0
520,598.1894081986138,2014-02-20,afternoon,MasterCard,22,MasterCard,mall,in-store,grocery_store,San Francisco,California,USA,37.7749,-122.4194,94103,1
521,387.0819480647113,2015-01-05,evening,MasterCard,44,Visa,mall,in-store,grocery_store,San Francisco,California,USA,37.7749,-122.4194,94103,1
522,970.2152538364571,2022-10-04,afternoon,Visa,29,MasterCard,mall,in-store,grocery_store,San Francisco,California,USA,37.7749,-122.4194,94103,1
523,843.6977339043516,2018-04-28,morning,Visa,34,MasterCard,gas_station,in-store,grocery_store,San Francisco,California,USA,37.7749,-122.4194,94103,1
524,839.9454176640264,2017-01-23,afternoon,Visa,23,MasterCard,mall,in-store,grocery_store,San Francisco,California,USA,37.7749,-122.4194,94103,1
525,474.00622819702056,2022-08-12,morning,Visa,50,MasterCard,home,in-store,grocery_store,San Francisco,California,USA,37.7749,-122.4194,94103,1
526,420.6713073142885,2014-09-04,afternoon,Visa,22,MasterCard,mall,in-store,grocery_store,San Francisco,California,USA,37.7749,-122.4194,94103,1
527,280.6730012113992,2022-09-18,evening,MasterCard,74,MasterCard,grocery_store,in-store,grocery_store,San Francisco,California,USA,37.7749,-122.4194,94103,0
528,65.81174168441785,2020-07-29,morning,MasterCard,45,MasterCard,grocery_store,in-store,grocery_store,San Francisco,California,USA,37.7749,-122.4194,94103,0
529,866.0751524925026,2021-10-31,afternoon,Visa,31,Visa,grocery_store,in-store,grocery_store,San Francisco,California,USA,37.7749,-122.4194,94103,1
530,814.7719990387768,2019-05-14,afternoon,Visa,22,Visa,gas_station,in-store,grocery_store,San Francisco,California,USA,37.7749,-122.4194,94103,1
531,999.7204965532693,2017-10-24,afternoon,MasterCard,71,MasterCard,grocery_store,in-store,grocery_store,San Francisco,California,USA,37.7749,-122.4194,94103,1
532,996.6704687031663,2017-07-17,morning,Visa,73,Visa,gas_station,in-store,grocery_store,San Francisco,California,USA,37.7749,-122.4194,94103,1
533,559.8773885466012,2022-02-19,morning,Visa,76,Visa,gas_station,in-store,grocery_store,San Francisco,California,USA,37.7749,-122.4194,94103,1
534,771.2975410287054,2017-07-25,morning,Visa,50,MasterCard,mall,in-store,grocery_store,San Francisco,California,USA,37.7749,-122.4194,94103,1
535,945.3180725836038,2021-04-07,evening,Visa,79,Visa,home,in-store,grocery_store,San Francisco,California,USA,37.7749,-122.4194,94103,1
536,851.1509167706373,2017-09-24,evening,Visa,67,MasterCard,mall,in-store,grocery_store,San Francisco,California,USA,37.7749,-122.4194,94103,1
537,254.87462072576568,2017-05-16,morning,MasterCard,65,MasterCard,mall,in-store,grocery_store,San Francisco,California,USA,37.7749,-122.4194,94103,0
538,456.0386939569926,2015-04-12,afternoon,Visa,58,MasterCard,gas_station,in-store,grocery_store,San Francisco,California,USA,37.7749,-122.4194,94103,1
539,137.86782099998004,2014-05-24,evening,Visa,36,MasterCard,gas_station,in-store,grocery_store,San Francisco,California,USA,37.7749,-122.4194,94103,0
540,954.5105169861351,2013-08-11,morning,Visa,39,MasterCard,grocery_store,in-store,grocery_store,San Francisco,California,USA,37.7749,-122.4194,94103,1
541,610.1128881063712,2016-10-14,afternoon,MasterCard,22,Visa,grocery_store,in-store,grocery_store,San Francisco,California,USA,37.7749,-122.4194,94103,1
542,236.3563774484281,2019-01-23,evening,MasterCard,76,MasterCard,mall,in-store,grocery_store,San Francisco,California,USA,37.7749,-122.4194,94103,0
543,674.9836775617981,2021-06-28,afternoon,MasterCard,19,Visa,office,in-store,grocery_store,San Francisco,California,USA,37.7749,-122.4194,94103,1
544,621.9469580533168,2013-07-31,afternoon,MasterCard,47,MasterCard,office,in-store,grocery_store,San Francisco,California,USA,37.7749,-122.4194,94103,1
545,364.5810908525121,2021-01-16,afternoon,Visa,64,MasterCard,grocery_store,in-store,grocery_store,San Francisco,California,USA,37.7749,-122.4194,94103,1
546,122.42201627763274,2019-06-24,afternoon,MasterCard,56,MasterCard,office,in-store,grocery_store,San Francisco,California,USA,37.7749,-122.4194,94103,0
547,674.8574636368716,2018-04-24,evening,Visa,21,Visa,grocery_store,in-store,grocery_store,San Francisco,California,USA,37.7749,-122.4194,94103,1
548,525.1046238947554,2017-11-05,evening,Visa,50,MasterCard,gas_station,in-store,grocery_store,San Francisco,California,USA,37.7749,-122.4194,94103,1
549,774.5952078182829,2013-09-21,evening,MasterCard,30,MasterCard,mall,in-store,grocery_store,San Francisco,California,USA,37.7749,-122.4194,94103,1
550,524.9618661008734,2019-12-21,morning,MasterCard,37,MasterCard,home,in-store,grocery_store,San Francisco,California,USA,37.7749,-122.4194,94103,1
551,853.6596853153547,2019-05-01,evening,MasterCard,71,MasterCard,mall,in-store,grocery_store,San Francisco,California,USA,37.7749,-122.4194,94103,1
552,556.3877703867407,2022-09-13,afternoon,MasterCard,24,Visa,grocery_store,in-store,grocery_store,San Francisco,California,USA,37.7749,-122.4194,94103,1
553,565.3285918200324,2022-04-26,evening,MasterCard,32,MasterCard,grocery_store,in-store,grocery_store,San Francisco,California,USA,37.7749,-122.4194,94103,1
554,877.8870666317616,2016-05-07,afternoon,Visa,40,Visa,mall,in-store,grocery_store,San Francisco,California,USA,37.7749,-122.4194,94103,1
555,409.44803755027306,2017-05-18,morning,MasterCard,31,MasterCard,grocery_store,in-store,grocery_store,San Francisco,California,USA,37.7749,-122.4194,94103,1
556,142.67507616613432,2021-09-30,afternoon,MasterCard,40,Visa,office,in-store,grocery_store,San Francisco,California,USA,37.7749,-122.4194,94103,1
557,38.494849550205586,2019-12-21,afternoon,MasterCard,36,Visa,office,in-store,grocery_store,San Francisco,California,USA,37.7749,-122.4194,94103,0
558,757.5858831168828,2022-06-08,afternoon,Visa,71,MasterCard,grocery_store,in-store,grocery_store,San Francisco,California,USA,37.7749,-122.4194,94103,1
559,624.10645583993,2020-07-16,morning,MasterCard,46,MasterCard,grocery_store,in-store,grocery_store,San Francisco,California,USA,37.7749,-122.4194,94103,1
560,707.0389704182313,2013-07-11,evening,Visa,73,Visa,office,in-store,grocery_store,San Francisco,California,USA,37.7749,-122.4194,94103,1
561,220.83451989382164,2013-09-25,evening,MasterCard,37,MasterCard,grocery_store,in-store,grocery_store,San Francisco,California,USA,37.7749,-122.4194,94103,0
562,145.00776083090207,2022-12-11,morning,MasterCard,46,MasterCard,grocery_store,in-store,grocery_store,San Francisco,California,USA,37.7749,-122.4194,94103,0
563,24.399219011203108,2021-11-18,afternoon,Visa,41,MasterCard,mall,in-store,grocery_store,San Francisco,California,USA,37.7749,-122.4194,94103,0
564,357.081683218531,2020-07-21,evening,MasterCard,35,Visa,home,in-store,grocery_store,San Francisco,California,USA,37.7749,-122.4194,94103,1
565,594.0185099860868,2021-08-05,morning,Visa,27,MasterCard,office,in-store,grocery_store,San Francisco,California,USA,37.7749,-122.4194,94103,1
566,398.321604648735,2014-03-31,evening,Visa,58,MasterCard,mall,in-store,grocery_store,San Francisco,California,USA,37.7749,-122.4194,94103,1
567,443.1001728034918,2020-10-15,morning,Visa,74,MasterCard,home,in-store,grocery_store,San Francisco,California,USA,37.7749,-122.4194,94103,1
568,905.117107548811,2020-08-11,afternoon,MasterCard,25,Visa,grocery_store,in-store,grocery_store,San Francisco,California,USA,37.7749,-122.4194,94103,1
569,354.77291235306734,2022-12-19,evening,MasterCard,43,MasterCard,grocery_store,in-store,grocery_store,San Francisco,California,USA,37.7749,-122.4194,94103,1
570,518.8495942682127,2020-05-06,morning,MasterCard,79,Visa,mall,in-store,grocery_store,San Francisco,California,USA,37.7749,-122.4194,94103,1
571,785.8164826137316,2014-09-20,evening,Visa,46,MasterCard,grocery_store,in-store,grocery_store,San Francisco,California,USA,37.7749,-122.4194,94103,1
572,402.57735449805745,2014-08-15,evening,MasterCard,27,Visa,gas_station,in-store,grocery_store,San Francisco,California,USA,37.7749,-122.4194,94103,1
573,625.8658332255948,2014-07-24,evening,Visa,34,MasterCard,mall,in-store,grocery_store,San Francisco,California,USA,37.7749,-122.4194,94103,1
574,863.7400716592778,2017-02-27,evening,MasterCard,19,MasterCard,home,in-store,grocery_store,San Francisco,California,USA,37.7749,-122.4194,94103,1
575,950.0254174210656,2013-02-27,morning,Visa,23,Visa,mall,in-store,grocery_store,San Francisco,California,USA,37.7749,-122.4194,94103,1
576,155.60274611974756,2014-11-28,afternoon,Visa,75,Visa,office,in-store,grocery_store,San Francisco,California,USA,37.7749,-122.4194,94103,1
577,927.3217489098795,2018-09-24,morning,Visa,22,Visa,mall,in-store,grocery_store,San Francisco,California,USA,37.7749,-122.4194,94103,1
578,497.1951301487428,2019-05-18,morning,MasterCard,45,MasterCard,grocery_store,in-store,grocery_store,San Francisco,California,USA,37.7749,-122.4194,94103,1
579,265.6619444159688,2019-07-15,morning,Visa,79,MasterCard,grocery_store,in-store,grocery_store,San Francisco,California,USA,37.7749,-122.4194,94103,0
580,464.5443986758787,2017-01-23,afternoon,Visa,58,MasterCard,gas_station,in-store,grocery_store,San Francisco,California,USA,37.7749,-122.4194,94103,1
581,980.2322495326223,2014-03-11,evening,Visa,22,MasterCard,gas_station,in-store,grocery_store,San Francisco,California,USA,37.7749,-122.4194,94103,1
582,497.6919130529409,2013-01-15,evening,Visa,35,Visa,gas_station,in-store,grocery_store,San Francisco,California,USA,37.7749,-122.4194,94103,1
583,335.46409418463315,2020-12-13,evening,Visa,43,MasterCard,home,in-store,grocery_store,San Francisco,California,USA,37.7749,-122.4194,94103,1
584,637.0668457735585,2013-08-14,afternoon,Visa,37,MasterCard,gas_station,in-store,grocery_store,San Francisco,California,USA,37.7749,-122.4194,94103,1
585,247.74416259041115,2021-02-16,evening,MasterCard,58,MasterCard,home,in-store,grocery_store,San Francisco,California,USA,37.7749,-122.4194,94103,0
586,85.10469482757728,2017-09-22,afternoon,MasterCard,66,MasterCard,gas_station,in-store,grocery_store,San Francisco,California,USA,37.7749,-122.4194,94103,0
587,137.59092469154274,2016-07-20,evening,Visa,44,MasterCard,home,in-store,grocery_store,San Francisco,California,USA,37.7749,-122.4194,94103,0
588,136.7653805681947,2021-02-06,evening,MasterCard,66,MasterCard,mall,in-store,grocery_store,San Francisco,California,USA,37.7749,-122.4194,94103,0
589,160.3836665771714,2016-08-10,morning,MasterCard,29,MasterCard,mall,in-store,grocery_store,San Francisco,California,USA,37.7749,-122.4194,94103,0
590,147.43890092291605,2022-03-01,afternoon,Visa,24,Visa,grocery_store,in-store,grocery_store,San Francisco,California,USA,37.7749,-122.4194,94103,1
591,644.4659973551825,2017-07-22,morning,Visa,76,MasterCard,home,in-store,grocery_store,San Francisco,California,USA,37.7749,-122.4194,94103,1
592,190.06128355515338,2014-11-23,morning,Visa,20,MasterCard,office,in-store,grocery_store,San Francisco,California,USA,37.7749,-122.4194,94103,0
593,352.21061049062456,2021-03-11,morning,MasterCard,27,MasterCard,grocery_store,in-store,grocery_store,San Francisco,California,USA,37.7749,-122.4194,94103,1
594,897.8205258069518,2021-07-02,afternoon,Visa,51,MasterCard,mall,in-store,grocery_store,San Francisco,California,USA,37.7749,-122.4194,94103,1
595,479.2220238602436,2013-08-18,afternoon,MasterCard,42,Visa,home,in-store,grocery_store,San Francisco,California,USA,37.7749,-122.4194,94103,1
596,670.8821611358169,2022-02-24,evening,Visa,52,Visa,gas_station,in-store,grocery_store,San Francisco,California,USA,37.7749,-122.4194,94103,1
597,180.59667248961352,2015-01-03,morning,MasterCard,33,Visa,office,in-store,grocery_store,San Francisco,California,USA,37.7749,-122.4194,94103,1
598,200.36612862058408,2020-01-15,evening,Visa,19,Visa,mall,in-store,grocery_store,San Francisco,California,USA,37.7749,-122.4194,94103,1
599,50.459930103814074,2014-11-13,morning,Visa,77,Visa,grocery_store,in-store,grocery_store,San Francisco,California,USA,37.7749,-122.4194,94103,1
600,177.2457124414429,2018-03-31,afternoon,MasterCard,41,Visa,home,in-store,grocery_store,San Francisco,California,USA,37.7749,-122.4194,94103,1
601,285.80443564163903,2020-12-08,afternoon,MasterCard,27,MasterCard,office,in-store,grocery_store,San Francisco,California,USA,37.7749,-122.4194,94103,0
602,185.24037943397934,2022-11-28,afternoon,MasterCard,55,Visa,home,in-store,grocery_store,San Francisco,California,USA,37.7749,-122.4194,94103,1
603,97.81550841948506,2021-10-14,morning,MasterCard,39,Visa,gas_station,in-store,grocery_store,San Francisco,California,USA,37.7749,-122.4194,94103,1
604,129.4295123895948,2017-02-21,afternoon,MasterCard,43,MasterCard,grocery_store,in-store,grocery_store,San Francisco,California,USA,37.7749,-122.4194,94103,0
605,466.1709803523985,2017-07-29,morning,MasterCard,60,Visa,home,in-store,grocery_store,San Francisco,California,USA,37.7749,-122.4194,94103,1
606,214.2703812217346,2019-08-20,evening,Visa,72,MasterCard,mall,in-store,grocery_store,San Francisco,California,USA,37.7749,-122.4194,94103,0
607,370.62716243759473,2022-01-14,morning,MasterCard,56,MasterCard,grocery_store,in-store,grocery_store,San Francisco,California,USA,37.7749,-122.4194,94103,1
608,508.3830981463083,2020-07-13,evening,Visa,44,Visa,mall,in-store,grocery_store,San Francisco,California,USA,37.7749,-122.4194,94103,1
609,693.4908803430717,2019-04-17,morning,Visa,46,MasterCard,home,in-store,grocery_store,San Francisco,California,USA,37.7749,-122.4194,94103,1
610,48.91901844268795,2015-01-14,evening,MasterCard,64,Visa,grocery_store,in-store,grocery_store,San Francisco,California,USA,37.7749,-122.4194,94103,0
611,801.4162949199522,2018-03-20,afternoon,Visa,55,Visa,mall,in-store,grocery_store,San Francisco,California,USA,37.7749,-122.4194,94103,1
612,631.6213855959987,2022-07-27,evening,MasterCard,37,MasterCard,gas_station,in-store,grocery_store,San Francisco,California,USA,37.7749,-122.4194,94103,1
613,90.94144162938319,2017-08-03,afternoon,MasterCard,44,MasterCard,gas_station,in-store,grocery_store,San Francisco,California,USA,37.7749,-122.4194,94103,0
614,874.8428378657095,2020-05-20,afternoon,Visa,58,Visa,home,in-store,grocery_store,San Francisco,California,USA,37.7749,-122.4194,94103,1
615,921.663676526495,2017-05-01,evening,Visa,71,MasterCard,grocery_store,in-store,grocery_store,San Francisco,California,USA,37.7749,-122.4194,94103,1
616,70.46718025631512,2021-11-24,morning,MasterCard,37,MasterCard,office,in-store,grocery_store,San Francisco,California,USA,37.7749,-122.4194,94103,0
617,284.10887166573167,2015-03-12,morning,MasterCard,61,Visa,grocery_store,in-store,grocery_store,San Francisco,California,USA,37.7749,-122.4194,94103,1
618,808.1392669951307,2021-08-04,morning,Visa,36,Visa,gas_station,in-store,grocery_store,San Francisco,California,USA,37.7749,-122.4194,94103,1
619,750.7770934798218,2015-05-24,morning,Visa,37,MasterCard,mall,in-store,grocery_store,San Francisco,California,USA,37.7749,-122.4194,94103,1
620,192.67580916281355,2019-03-16,morning,Visa,52,Visa,office,in-store,grocery_store,San Francisco,California,USA,37.7749,-122.4194,94103,1
621,217.2558301033432,2013-07-19,afternoon,Visa,64,Visa,home,in-store,grocery_store,San Francisco,California,USA,37.7749,-122.4194,94103,1
622,376.76738176346817,2015-12-10,morning,MasterCard,19,Visa,office,in-store,grocery_store,San Francisco,California,USA,37.7749,-122.4194,94103,1
623,489.6777553391111,2020-05-21,afternoon,MasterCard,47,Visa,home,in-store,grocery_store,San Francisco,California,USA,37.7749,-122.4194,94103,1
624,622.072223814993,2016-12-24,afternoon,MasterCard,70,Visa,office,in-store,grocery_store,San Francisco,California,USA,37.7749,-122.4194,94103,1
625,375.2245031740747,2013-01-20,afternoon,MasterCard,51,Visa,home,in-store,grocery_store,San Francisco,California,USA,37.7749,-122.4194,94103,1
626,467.90936897181643,2018-04-25,evening,Visa,39,Visa,home,in-store,grocery_store,San Francisco,California,USA,37.7749,-122.4194,94103,1
627,749.9962287524189,2014-10-21,evening,Visa,20,MasterCard,office,in-store,grocery_store,San Francisco,California,USA,37.7749,-122.4194,94103,1
628,46.31637086169192,2021-05-04,afternoon,MasterCard,23,Visa,office,in-store,grocery_store,San Francisco,California,USA,37.7749,-122.4194,94103,0
629,259.9125749005806,2016-03-31,evening,MasterCard,32,MasterCard,home,in-store,grocery_store,San Francisco,California,USA,37.7749,-122.4194,94103,0
630,716.2160900257069,2019-07-08,morning,MasterCard,44,MasterCard,gas_station,in-store,grocery_store,San Francisco,California,USA,37.7749,-122.4194,94103,1
631,896.2547693103273,2014-04-10,morning,MasterCard,27,MasterCard,office,in-store,grocery_store,San Francisco,California,USA,37.7749,-122.4194,94103,1
632,516.5606676945094,2015-01-10,afternoon,MasterCard,26,Visa,grocery_store,in-store,grocery_store,San Francisco,California,USA,37.7749,-122.4194,94103,1
633,536.7923504126625,2018-10-19,morning,MasterCard,50,Visa,mall,in-store,grocery_store,San Francisco,California,USA,37.7749,-122.4194,94103,1
634,116.10029122637829,2015-10-25,afternoon,MasterCard,49,MasterCard,home,in-store,grocery_store,San Francisco,California,USA,37.7749,-122.4194,94103,0
635,452.9382431552201,2016-06-24,afternoon,MasterCard,65,Visa,home,in-store,grocery_store,San Francisco,California,USA,37.7749,-122.4194,94103,1
636,537.2910937904729,2019-01-21,morning,MasterCard,23,MasterCard,mall,in-store,grocery_store,San Francisco,California,USA,37.7749,-122.4194,94103,1
637,250.04579859838236,2014-11-05,evening,Visa,58,Visa,gas_station,in-store,grocery_store,San Francisco,California,USA,37.7749,-122.4194,94103,1
638,276.55079863988715,2018-01-30,morning,MasterCard,76,Visa,mall,in-store,grocery_store,San Francisco,California,USA,37.7749,-122.4194,94103,1
639,383.5113214735764,2022-03-13,morning,Visa,53,MasterCard,office,in-store,grocery_store,San Francisco,California,USA,37.7749,-122.4194,94103,1
640,29.870485799949105,2020-12-08,afternoon,Visa,76,MasterCard,mall,in-store,grocery_store,San Francisco,California,USA,37.7749,-122.4194,94103,0
641,328.8583739273465,2019-03-09,afternoon,MasterCard,77,MasterCard,home,in-store,grocery_store,San Francisco,California,USA,37.7749,-122.4194,94103,1
642,219.3335269265792,2022-06-30,afternoon,MasterCard,19,Visa,mall,in-store,grocery_store,San Francisco,California,USA,37.7749,-122.4194,94103,1
643,334.2223786561355,2019-07-12,afternoon,Visa,46,MasterCard,grocery_store,in-store,grocery_store,San Francisco,California,USA,37.7749,-122.4194,94103,1
644,128.5645105010587,2021-04-05,evening,Visa,21,Visa,office,in-store,grocery_store,San Francisco,California,USA,37.7749,-122.4194,94103,1
645,891.622007932496,2019-06-20,evening,MasterCard,18,Visa,mall,in-store,grocery_store,San Francisco,California,USA,37.7749,-122.4194,94103,1
646,597.6565290185082,2013-12-11,evening,Visa,36,Visa,home,in-store,grocery_store,San Francisco,California,USA,37.7749,-122.4194,94103,1
647,682.3112959530447,2021-07-21,afternoon,MasterCard,43,MasterCard,office,in-store,grocery_store,San Francisco,California,USA,37.7749,-122.4194,94103,1
648,791.2795262212649,2013-01-30,afternoon,MasterCard,42,MasterCard,home,in-store,grocery_store,San Francisco,California,USA,37.7749,-122.4194,94103,1
649,503.4577769397667,2017-05-04,afternoon,MasterCard,27,MasterCard,gas_station,in-store,grocery_store,San Francisco,California,USA,37.7749,-122.4194,94103,1
650,96.05108520654946,2014-11-26,evening,Visa,70,Visa,grocery_store,in-store,grocery_store,San Francisco,California,USA,37.7749,-122.4194,94103,1
651,541.7354764003622,2015-01-09,afternoon,Visa,32,Visa,gas_station,in-store,grocery_store,San Francisco,California,USA,37.7749,-122.4194,94103,1
652,590.9727068406703,2020-10-30,morning,MasterCard,76,MasterCard,grocery_store,in-store,grocery_store,San Francisco,California,USA,37.7749,-122.4194,94103,1
653,747.9850794424867,2013-03-03,morning,Visa,39,Visa,mall,in-store,grocery_store,San Francisco,California,USA,37.7749,-122.4194,94103,1
654,437.3429507673826,2017-02-14,afternoon,Visa,68,Visa,office,in-store,grocery_store,San Francisco,California,USA,37.7749,-122.4194,94103,1
655,136.30449976760812,2015-05-04,morning,Visa,65,MasterCard,mall,in-store,grocery_store,San Francisco,California,USA,37.7749,-122.4194,94103,0
656,290.93814674073724,2021-09-11,morning,Visa,38,MasterCard,grocery_store,in-store,grocery_store,San Francisco,California,USA,37.7749,-122.4194,94103,0
657,369.45147343464873,2018-07-24,evening,Visa,76,MasterCard,grocery_store,in-store,grocery_store,San Francisco,California,USA,37.7749,-122.4194,94103,1
658,649.4580689182852,2013-10-11,afternoon,Visa,73,Visa,grocery_store,in-store,grocery_store,San Francisco,California,USA,37.7749,-122.4194,94103,1
659,575.0705216222227,2020-06-06,afternoon,Visa,39,Visa,home,in-store,grocery_store,San Francisco,California,USA,37.7749,-122.4194,94103,1
660,362.5357586388678,2021-07-25,evening,MasterCard,53,Visa,office,in-store,grocery_store,San Francisco,California,USA,37.7749,-122.4194,94103,1
661,986.6500963050499,2016-06-25,morning,Visa,51,Visa,mall,in-store,grocery_store,San Francisco,California,USA,37.7749,-122.4194,94103,1
662,609.7170711633182,2022-12-31,morning,Visa,47,Visa,mall,in-store,grocery_store,San Francisco,California,USA,37.7749,-122.4194,94103,1
663,244.85452381863453,2021-12-23,afternoon,Visa,42,MasterCard,gas_station,in-store,grocery_store,San Francisco,California,USA,37.7749,-122.4194,94103,0
664,110.7646478941997,2016-08-05,morning,Visa,62,Visa,grocery_store,in-store,grocery_store,San Francisco,California,USA,37.7749,-122.4194,94103,1
665,161.33054779248872,2015-02-08,evening,Visa,45,Visa,grocery_store,in-store,grocery_store,San Francisco,California,USA,37.7749,-122.4194,94103,1
666,253.49815110066305,2014-08-24,evening,Visa,18,Visa,grocery_store,in-store,grocery_store,San Francisco,California,USA,37.7749,-122.4194,94103,1
667,169.07455952696012,2021-06-28,afternoon,Visa,66,MasterCard,mall,in-store,grocery_store,San Francisco,California,USA,37.7749,-122.4194,94103,0
668,194.7013538107927,2016-07-11,evening,Visa,62,MasterCard,gas_station,in-store,grocery_store,San Francisco,California,USA,37.7749,-122.4194,94103,0
669,292.2442170069086,2018-10-29,evening,MasterCard,21,MasterCard,home,in-store,grocery_store,San Francisco,California,USA,37.7749,-122.4194,94103,0
670,181.63985934180727,2017-12-07,afternoon,Visa,24,Visa,office,in-store,grocery_store,San Francisco,California,USA,37.7749,-122.4194,94103,1
671,897.797770380161,2021-12-17,evening,Visa,66,MasterCard,home,in-store,grocery_store,San Francisco,California,USA,37.7749,-122.4194,94103,1
672,89.43140820502579,2018-06-30,evening,Visa,26,MasterCard,mall,in-store,grocery_store,San Francisco,California,USA,37.7749,-122.4194,94103,0
673,529.2662756745522,2022-12-19,evening,Visa,53,MasterCard,grocery_store,in-store,grocery_store,San Francisco,California,USA,37.7749,-122.4194,94103,1
674,416.2928587197649,2021-08-16,morning,MasterCard,36,Visa,office,in-store,grocery_store,San Francisco,California,USA,37.7749,-122.4194,94103,1
675,982.5548307395203,2016-10-06,afternoon,MasterCard,18,MasterCard,mall,in-store,grocery_store,San Francisco,California,USA,37.7749,-122.4194,94103,1
676,120.91851314637182,2017-07-03,afternoon,MasterCard,27,Visa,mall,in-store,grocery_store,San Francisco,California,USA,37.7749,-122.4194,94103,1
677,403.8770430552842,2014-05-13,afternoon,MasterCard,53,Visa,mall,in-store,grocery_store,San Francisco,California,USA,37.7749,-122.4194,94103,1
678,969.7757289426152,2022-08-25,morning,MasterCard,26,MasterCard,office,in-store,grocery_store,San Francisco,California,USA,37.7749,-122.4194,94103,1
679,866.8520546350404,2020-09-16,morning,MasterCard,62,Visa,office,in-store,grocery_store,San Francisco,California,USA,37.7749,-122.4194,94103,1
680,818.9013502397871,2014-03-13,afternoon,MasterCard,63,MasterCard,gas_station,in-store,grocery_store,San Francisco,California,USA,37.7749,-122.4194,94103,1
681,265.32379877449046,2014-12-16,morning,MasterCard,59,Visa,gas_station,in-store,grocery_store,San Francisco,California,USA,37.7749,-122.4194,94103,1
682,179.17871151616515,2017-06-01,afternoon,MasterCard,49,MasterCard,home,in-store,grocery_store,San Francisco,California,USA,37.7749,-122.4194,94103,0
683,671.9567877251867,2022-12-05,morning,MasterCard,49,MasterCard,office,in-store,grocery_store,San Francisco,California,USA,37.7749,-122.4194,94103,1
684,930.0822292363099,2017-03-20,evening,MasterCard,23,MasterCard,office,in-store,grocery_store,San Francisco,California,USA,37.7749,-122.4194,94103,1
685,561.1952640837904,2014-02-23,evening,MasterCard,65,Visa,office,in-store,grocery_store,San Francisco,California,USA,37.7749,-122.4194,94103,1
686,575.8965625752008,2019-07-29,afternoon,MasterCard,55,MasterCard,gas_station,in-store,grocery_store,San Francisco,California,USA,37.7749,-122.4194,94103,1
687,287.1793027236813,2022-04-16,morning,MasterCard,34,Visa,mall,in-store,grocery_store,San Francisco,California,USA,37.7749,-122.4194,94103,1
688,771.7980038600175,2017-05-26,morning,MasterCard,27,MasterCard,grocery_store,in-store,grocery_store,San Francisco,California,USA,37.7749,-122.4194,94103,1
689,195.17331107194815,2018-12-21,evening,MasterCard,67,Visa,gas_station,in-store,grocery_store,San Francisco,California,USA,37.7749,-122.4194,94103,1
690,330.4424440402012,2019-01-15,evening,Visa,44,Visa,office,in-store,grocery_store,San Francisco,California,USA,37.7749,-122.4194,94103,1
691,431.1820742302526,2021-09-29,morning,MasterCard,71,MasterCard,gas_station,in-store,grocery_store,San Francisco,California,USA,37.7749,-122.4194,94103,1
692,512.5342748976104,2022-03-07,morning,Visa,67,MasterCard,home,in-store,grocery_store,San Francisco,California,USA,37.7749,-122.4194,94103,1
693,249.98563509092943,2014-11-18,morning,MasterCard,52,MasterCard,office,in-store,grocery_store,San Francisco,California,USA,37.7749,-122.4194,94103,0
694,123.68845649181151,2013-10-06,morning,MasterCard,69,MasterCard,home,in-store,grocery_store,San Francisco,California,USA,37.7749,-122.4194,94103,0
695,614.5138420172162,2016-08-11,morning,Visa,76,MasterCard,office,in-store,grocery_store,San Francisco,California,USA,37.7749,-122.4194,94103,1
696,295.7442477078532,2013-07-06,morning,MasterCard,38,Visa,gas_station,in-store,grocery_store,San Francisco,California,USA,37.7749,-122.4194,94103,1
697,585.4258392083862,2014-07-26,afternoon,Visa,42,MasterCard,mall,in-store,grocery_store,San Francisco,California,USA,37.7749,-122.4194,94103,1
698,162.81908812146028,2021-04-12,morning,Visa,45,MasterCard,grocery_store,in-store,grocery_store,San Francisco,California,USA,37.7749,-122.4194,94103,0
699,486.3287008362693,2022-04-07,evening,Visa,64,Visa,home,in-store,grocery_store,San Francisco,California,USA,37.7749,-122.4194,94103,1
700,537.26353822607,2015-10-11,afternoon,MasterCard,32,MasterCard,gas_station,in-store,grocery_store,San Francisco,California,USA,37.7749,-122.4194,94103,1
701,61.30530145420264,2017-07-18,morning,MasterCard,21,MasterCard,mall,in-store,grocery_store,San Francisco,California,USA,37.7749,-122.4194,94103,0
702,343.23823541198135,2018-07-18,evening,MasterCard,46,Visa,gas_station,in-store,grocery_store,San Francisco,California,USA,37.7749,-122.4194,94103,1
703,143.0705301695845,2018-01-26,afternoon,Visa,76,MasterCard,home,in-store,grocery_store,San Francisco,California,USA,37.7749,-122.4194,94103,0
704,72.74122076804007,2015-02-01,evening,Visa,26,MasterCard,grocery_store,in-store,grocery_store,San Francisco,California,USA,37.7749,-122.4194,94103,0
705,990.0606300660457,2020-08-23,morning,MasterCard,44,MasterCard,gas_station,in-store,grocery_store,San Francisco,California,USA,37.7749,-122.4194,94103,1
706,329.13030652497577,2013-08-09,morning,MasterCard,43,Visa,office,in-store,grocery_store,San Francisco,California,USA,37.7749,-122.4194,94103,1
707,811.7757013960885,2019-07-01,morning,MasterCard,36,MasterCard,mall,in-store,grocery_store,San Francisco,California,USA,37.7749,-122.4194,94103,1
708,262.0942482161262,2017-01-12,morning,MasterCard,73,Visa,gas_station,in-store,grocery_store,San Francisco,California,USA,37.7749,-122.4194,94103,1
709,684.68769500169,2013-11-02,afternoon,MasterCard,45,MasterCard,mall,in-store,grocery_store,San Francisco,California,USA,37.7749,-122.4194,94103,1
710,762.6255812907897,2018-01-28,afternoon,Visa,34,Visa,office,in-store,grocery_store,San Francisco,California,USA,37.7749,-122.4194,94103,1
711,599.6823532017659,2018-05-01,evening,Visa,60,MasterCard,grocery_store,in-store,grocery_store,San Francisco,California,USA,37.7749,-122.4194,94103,1
712,476.8604266646568,2014-09-26,morning,Visa,74,Visa,grocery_store,in-store,grocery_store,San Francisco,California,USA,37.7749,-122.4194,94103,1
713,417.7225050057958,2015-12-29,evening,MasterCard,58,Visa,office,in-store,grocery_store,San Francisco,California,USA,37.7749,-122.4194,94103,1
714,355.3795838775653,2016-07-16,afternoon,Visa,59,Visa,mall,in-store,grocery_store,San Francisco,California,USA,37.7749,-122.4194,94103,1
715,930.2338528053476,2021-06-05,morning,Visa,67,Visa,gas_station,in-store,grocery_store,San Francisco,California,USA,37.7749,-122.4194,94103,1
716,832.3132137098519,2014-12-21,morning,Visa,37,Visa,office,in-store,grocery_store,San Francisco,California,USA,37.7749,-122.4194,94103,1
717,965.3766415598475,2017-07-08,afternoon,Visa,62,Visa,home,in-store,grocery_store,San Francisco,California,USA,37.7749,-122.4194,94103,1
718,133.05425125068928,2019-06-04,afternoon,Visa,57,MasterCard,mall,in-store,grocery_store,San Francisco,California,USA,37.7749,-122.4194,94103,0
719,733.5588004516078,2014-04-06,afternoon,MasterCard,56,MasterCard,grocery_store,in-store,grocery_store,San Francisco,California,USA,37.7749,-122.4194,94103,1
720,938.9570522528275,2014-04-20,afternoon,Visa,66,Visa,office,in-store,grocery_store,San Francisco,California,USA,37.7749,-122.4194,94103,1
721,189.42073550400355,2017-08-24,afternoon,MasterCard,70,Visa,grocery_store,in-store,grocery_store,San Francisco,California,USA,37.7749,-122.4194,94103,1
722,75.83130469310971,2015-07-08,morning,MasterCard,40,Visa,mall,in-store,grocery_store,San Francisco,California,USA,37.7749,-122.4194,94103,1
723,743.7094427971584,2017-06-21,afternoon,MasterCard,64,Visa,grocery_store,in-store,grocery_store,San Francisco,California,USA,37.7749,-122.4194,94103,1
724,578.7283820481127,2014-01-13,morning,MasterCard,49,MasterCard,office,in-store,grocery_store,San Francisco,California,USA,37.7749,-122.4194,94103,1
725,843.4104889906894,2016-12-11,morning,MasterCard,69,Visa,mall,in-store,grocery_store,San Francisco,California,USA,37.7749,-122.4194,94103,1
726,148.3746528600266,2016-07-24,afternoon,Visa,64,MasterCard,home,in-store,grocery_store,San Francisco,California,USA,37.7749,-122.4194,94103,0
727,797.3146387412913,2013-03-26,afternoon,Visa,50,MasterCard,office,in-store,grocery_store,San Francisco,California,USA,37.7749,-122.4194,94103,1
728,209.6110468472671,2018-06-21,morning,MasterCard,74,Visa,gas_station,in-store,grocery_store,San Francisco,California,USA,37.7749,-122.4194,94103,1
729,172.01938343704745,2018-09-05,afternoon,MasterCard,63,Visa,office,in-store,grocery_store,San Francisco,California,USA,37.7749,-122.4194,94103,1
730,172.62313995168302,2017-12-11,afternoon,MasterCard,22,MasterCard,mall,in-store,grocery_store,San Francisco,California,USA,37.7749,-122.4194,94103,0
731,816.4289730290683,2016-12-20,afternoon,Visa,60,MasterCard,office,in-store,grocery_store,San Francisco,California,USA,37.7749,-122.4194,94103,1
732,668.5452484892381,2019-03-13,evening,MasterCard,65,Visa,home,in-store,grocery_store,San Francisco,California,USA,37.7749,-122.4194,94103,1
733,527.8347705214281,2018-03-26,morning,Visa,51,Visa,home,in-store,grocery_store,San Francisco,California,USA,37.7749,-122.4194,94103,1
734,365.24217928226744,2017-09-24,evening,MasterCard,57,Visa,gas_station,in-store,grocery_store,San Francisco,California,USA,37.7749,-122.4194,94103,1
735,878.4285354049772,2021-04-22,afternoon,Visa,28,MasterCard,grocery_store,in-store,grocery_store,San Francisco,California,USA,37.7749,-122.4194,94103,1
736,398.52065634840903,2019-07-07,evening,MasterCard,78,MasterCard,mall,in-store,grocery_store,San Francisco,California,USA,37.7749,-122.4194,94103,1
737,818.4334450768613,2020-05-20,afternoon,Visa,67,Visa,mall,in-store,grocery_store,San Francisco,California,USA,37.7749,-122.4194,94103,1
738,444.74355948451625,2017-09-10,evening,MasterCard,20,MasterCard,grocery_store,in-store,grocery_store,San Francisco,California,USA,37.7749,-122.4194,94103,1
739,383.1749851306585,2016-06-25,afternoon,Visa,79,MasterCard,home,in-store,grocery_store,San Francisco,California,USA,37.7749,-122.4194,94103,1
740,468.0529878129104,2020-05-08,evening,Visa,75,Visa,home,in-store,grocery_store,San Francisco,California,USA,37.7749,-122.4194,94103,1
741,308.36409542250067,2015-12-31,evening,Visa,50,Visa,office,in-store,grocery_store,San Francisco,California,USA,37.7749,-122.4194,94103,1
742,750.1332863744886,2019-05-26,evening,Visa,28,MasterCard,gas_station,in-store,grocery_store,San Francisco,California,USA,37.7749,-122.4194,94103,1
743,507.6931861915544,2020-02-23,morning,Visa,33,MasterCard,gas_station,in-store,grocery_store,San Francisco,California,USA,37.7749,-122.4194,94103,1
744,239.89056819534912,2022-03-26,evening,Visa,35,Visa,gas_station,in-store,grocery_store,San Francisco,California,USA,37.7749,-122.4194,94103,1
745,900.5788275418228,2015-03-20,morning,Visa,47,Visa,office,in-store,grocery_store,San Francisco,California,USA,37.7749,-122.4194,94103,1
746,390.0523091594793,2014-08-04,afternoon,MasterCard,65,Visa,gas_station,in-store,grocery_store,San Francisco,California,USA,37.7749,-122.4194,94103,1
747,548.1173325028487,2017-01-26,evening,MasterCard,72,Visa,grocery_store,in-store,grocery_store,San Francisco,California,USA,37.7749,-122.4194,94103,1
748,907.4073898549015,2020-02-08,afternoon,MasterCard,27,Visa,office,in-store,grocery_store,San Francisco,California,USA,37.7749,-122.4194,94103,1
749,627.9956159548522,2022-06-18,afternoon,MasterCard,35,MasterCard,grocery_store,in-store,grocery_store,San Francisco,California,USA,37.7749,-122.4194,94103,1
750,125.72906030128043,2016-01-26,evening,MasterCard,55,MasterCard,office,in-store,grocery_store,San Francisco,California,USA,37.7749,-122.4194,94103,0
751,940.4338023773404,2020-01-15,morning,Visa,36,MasterCard,gas_station,in-store,grocery_store,San Francisco,California,USA,37.7749,-122.4194,94103,1
752,631.4309725407037,2015-02-08,evening,Visa,53,MasterCard,grocery_store,in-store,grocery_store,San Francisco,California,USA,37.7749,-122.4194,94103,1
753,341.5565585105153,2019-10-05,afternoon,Visa,76,Visa,grocery_store,in-store,grocery_store,San Francisco,California,USA,37.7749,-122.4194,94103,1
754,147.87935193675338,2020-03-29,afternoon,Visa,30,Visa,grocery_store,in-store,grocery_store,San Francisco,California,USA,37.7749,-122.4194,94103,1
755,796.0849373775931,2015-07-04,evening,Visa,73,Visa,office,in-store,grocery_store,San Francisco,California,USA,37.7749,-122.4194,94103,1
756,623.8720283692284,2019-08-21,morning,MasterCard,63,MasterCard,mall,in-store,grocery_store,San Francisco,California,USA,37.7749,-122.4194,94103,1
757,538.1264810565583,2020-03-02,morning,MasterCard,20,MasterCard,gas_station,in-store,grocery_store,San Francisco,California,USA,37.7749,-122.4194,94103,1
758,894.9536572204481,2021-08-30,afternoon,MasterCard,27,MasterCard,grocery_store,in-store,grocery_store,San Francisco,California,USA,37.7749,-122.4194,94103,1
759,790.7112391122854,2022-04-01,afternoon,MasterCard,55,Visa,mall,in-store,grocery_store,San Francisco,California,USA,37.7749,-122.4194,94103,1
760,160.15813093542366,2015-07-02,morning,Visa,18,MasterCard,gas_station,in-store,grocery_store,San Francisco,California,USA,37.7749,-122.4194,94103,0
761,318.6048471175927,2016-09-25,evening,Visa,72,Visa,gas_station,in-store,grocery_store,San Francisco,California,USA,37.7749,-122.4194,94103,1
762,256.00424841632105,2019-08-11,afternoon,Visa,73,Visa,grocery_store,in-store,grocery_store,San Francisco,California,USA,37.7749,-122.4194,94103,1
763,746.5068296469502,2019-07-07,morning,MasterCard,44,Visa,grocery_store,in-store,grocery_store,San Francisco,California,USA,37.7749,-122.4194,94103,1
764,43.197110388421585,2022-08-29,afternoon,Visa,63,Visa,office,in-store,grocery_store,San Francisco,California,USA,37.7749,-122.4194,94103,0
765,574.1907880226033,2022-05-30,evening,MasterCard,25,Visa,mall,in-store,grocery_store,San Francisco,California,USA,37.7749,-122.4194,94103,1
766,764.8340988832837,2013-10-03,morning,Visa,68,Visa,mall,in-store,grocery_store,San Francisco,California,USA,37.7749,-122.4194,94103,1
767,877.997980394132,2019-09-11,afternoon,Visa,63,MasterCard,grocery_store,in-store,grocery_store,San Francisco,California,USA,37.7749,-122.4194,94103,1
768,348.6609312287484,2014-06-27,evening,MasterCard,59,Visa,gas_station,in-store,grocery_store,San Francisco,California,USA,37.7749,-122.4194,94103,1
769,823.0447316252927,2019-08-04,afternoon,Visa,34,Visa,grocery_store,in-store,grocery_store,San Francisco,California,USA,37.7749,-122.4194,94103,1
770,119.52541958565516,2014-02-02,evening,Visa,26,MasterCard,gas_station,in-store,grocery_store,San Francisco,California,USA,37.7749,-122.4194,94103,0
771,847.987768817173,2016-01-16,evening,MasterCard,78,Visa,gas_station,in-store,grocery_store,San Francisco,California,USA,37.7749,-122.4194,94103,1
772,136.21377570866258,2016-03-24,morning,Visa,23,MasterCard,grocery_store,in-store,grocery_store,San Francisco,California,USA,37.7749,-122.4194,94103,0
773,403.3144176547636,2014-02-08,evening,MasterCard,60,MasterCard,home,in-store,grocery_store,San Francisco,California,USA,37.7749,-122.4194,94103,1
774,799.3224121217581,2020-06-27,afternoon,Visa,42,MasterCard,mall,in-store,grocery_store,San Francisco,California,USA,37.7749,-122.4194,94103,1
775,158.41825307528603,2013-06-03,evening,Visa,56,Visa,gas_station,in-store,grocery_store,San Francisco,California,USA,37.7749,-122.4194,94103,1
776,236.95888128031507,2019-05-25,evening,Visa,66,Visa,gas_station,in-store,grocery_store,San Francisco,California,USA,37.7749,-122.4194,94103,1
777,725.0300427091356,2016-12-25,morning,Visa,77,MasterCard,home,in-store,grocery_store,San Francisco,California,USA,37.7749,-122.4194,94103,1
778,722.8361711806136,2016-05-06,evening,Visa,45,Visa,office,in-store,grocery_store,San Francisco,California,USA,37.7749,-122.4194,94103,1
779,644.7361565564444,2018-06-15,evening,Visa,50,Visa,home,in-store,grocery_store,San Francisco,California,USA,37.7749,-122.4194,94103,1
780,697.008960022429,2022-02-28,afternoon,Visa,71,MasterCard,home,in-store,grocery_store,San Francisco,California,USA,37.7749,-122.4194,94103,1
781,547.2971989141203,2019-04-13,morning,Visa,54,MasterCard,gas_station,in-store,grocery_store,San Francisco,California,USA,37.7749,-122.4194,94103,1
782,259.28106831788324,2017-08-11,morning,MasterCard,26,Visa,mall,in-store,grocery_store,San Francisco,California,USA,37.7749,-122.4194,94103,1
783,352.23903356888025,2015-05-10,morning,MasterCard,35,MasterCard,home,in-store,grocery_store,San Francisco,California,USA,37.7749,-122.4194,94103,1
784,189.7817396334114,2020-07-24,evening,Visa,73,MasterCard,office,in-store,grocery_store,San Francisco,California,USA,37.7749,-122.4194,94103,0
785,909.366055720292,2021-12-23,morning,Visa,76,MasterCard,grocery_store,in-store,grocery_store,San Francisco,California,USA,37.7749,-122.4194,94103,1
786,587.5578768184592,2014-07-28,evening,MasterCard,38,Visa,home,in-store,grocery_store,San Francisco,California,USA,37.7749,-122.4194,94103,1
787,406.8429025960035,2017-06-08,evening,Visa,19,Visa,home,in-store,grocery_store,San Francisco,California,USA,37.7749,-122.4194,94103,1
788,467.3857456076914,2019-04-08,afternoon,Visa,78,Visa,office,in-store,grocery_store,San Francisco,California,USA,37.7749,-122.4194,94103,1
789,947.8105062156972,2022-08-26,afternoon,MasterCard,75,MasterCard,mall,in-store,grocery_store,San Francisco,California,USA,37.7749,-122.4194,94103,1
790,161.8178890849194,2020-03-23,afternoon,Visa,60,Visa,home,in-store,grocery_store,San Francisco,California,USA,37.7749,-122.4194,94103,1
791,590.3675336966293,2018-01-28,afternoon,Visa,76,MasterCard,home,in-store,grocery_store,San Francisco,California,USA,37.7749,-122.4194,94103,1
792,510.8297920956213,2015-07-26,afternoon,MasterCard,77,Visa,mall,in-store,grocery_store,San Francisco,California,USA,37.7749,-122.4194,94103,1
793,615.3396930803013,2013-08-18,evening,Visa,55,Visa,office,in-store,grocery_store,San Francisco,California,USA,37.7749,-122.4194,94103,1
794,27.929081982632102,2019-03-22,evening,Visa,75,MasterCard,home,in-store,grocery_store,San Francisco,California,USA,37.7749,-122.4194,94103,0
795,873.40266985471,2021-08-03,morning,MasterCard,57,Visa,mall,in-store,grocery_store,San Francisco,California,USA,37.7749,-122.4194,94103,1
796,932.7970996587762,2018-11-05,evening,Visa,53,MasterCard,home,in-store,grocery_store,San Francisco,California,USA,37.7749,-122.4194,94103,1
797,569.4818517533168,2022-10-08,evening,MasterCard,67,Visa,grocery_store,in-store,grocery_store,San Francisco,California,USA,37.7749,-122.4194,94103,1
798,699.6843156381233,2019-09-21,afternoon,Visa,77,Visa,gas_station,in-store,grocery_store,San Francisco,California,USA,37.7749,-122.4194,94103,1
799,923.2743873655228,2014-01-24,evening,Visa,60,MasterCard,grocery_store,in-store,grocery_store,San Francisco,California,USA,37.7749,-122.4194,94103,1
800,710.1662479702646,2016-07-18,afternoon,MasterCard,54,MasterCard,home,in-store,grocery_store,San Francisco,California,USA,37.7749,-122.4194,94103,1
801,161.01365248511874,2019-11-16,morning,MasterCard,32,MasterCard,office,in-store,grocery_store,San Francisco,California,USA,37.7749,-122.4194,94103,0
802,580.525476565145,2013-12-30,morning,Visa,45,Visa,gas_station,in-store,grocery_store,San Francisco,California,USA,37.7749,-122.4194,94103,1
803,610.6478959190273,2016-03-24,evening,MasterCard,35,Visa,grocery_store,in-store,grocery_store,San Francisco,California,USA,37.7749,-122.4194,94103,1
804,429.8893645893622,2017-07-18,morning,MasterCard,51,Visa,mall,in-store,grocery_store,San Francisco,California,USA,37.7749,-122.4194,94103,1
805,739.0797932684756,2013-06-17,evening,Visa,39,MasterCard,office,in-store,grocery_store,San Francisco,California,USA,37.7749,-122.4194,94103,1
806,935.0233446213247,2017-01-31,morning,Visa,28,MasterCard,grocery_store,in-store,grocery_store,San Francisco,California,USA,37.7749,-122.4194,94103,1
807,926.3128277777085,2014-03-13,afternoon,Visa,75,MasterCard,mall,in-store,grocery_store,San Francisco,California,USA,37.7749,-122.4194,94103,1
808,456.3309776900908,2013-02-13,afternoon,MasterCard,74,Visa,home,in-store,grocery_store,San Francisco,California,USA,37.7749,-122.4194,94103,1
809,122.1056653823477,2022-03-05,afternoon,MasterCard,30,Visa,mall,in-store,grocery_store,San Francisco,California,USA,37.7749,-122.4194,94103,1
810,984.9927869727112,2015-05-12,afternoon,MasterCard,21,MasterCard,grocery_store,in-store,grocery_store,San Francisco,California,USA,37.7749,-122.4194,94103,1
811,840.5091055814747,2021-05-24,evening,MasterCard,39,Visa,grocery_store,in-store,grocery_store,San Francisco,California,USA,37.7749,-122.4194,94103,1
812,133.41605439123418,2020-04-20,morning,Visa,24,MasterCard,home,in-store,grocery_store,San Francisco,California,USA,37.7749,-122.4194,94103,0
813,921.6334637911986,2017-11-25,evening,MasterCard,78,Visa,mall,in-store,grocery_store,San Francisco,California,USA,37.7749,-122.4194,94103,1
814,871.197398441507,2022-01-22,afternoon,Visa,60,Visa,mall,in-store,grocery_store,San Francisco,California,USA,37.7749,-122.4194,94103,1
815,523.6496765548114,2020-10-10,evening,MasterCard,71,MasterCard,home,in-store,grocery_store,San Francisco,California,USA,37.7749,-122.4194,94103,1
816,595.3626813874799,2017-07-24,morning,Visa,41,Visa,mall,in-store,grocery_store,San Francisco,California,USA,37.7749,-122.4194,94103,1
817,405.01267683142896,2015-03-16,evening,Visa,21,Visa,home,in-store,grocery_store,San Francisco,California,USA,37.7749,-122.4194,94103,1
818,64.21402243381101,2014-08-04,morning,Visa,45,MasterCard,office,in-store,grocery_store,San Francisco,California,USA,37.7749,-122.4194,94103,0
819,341.8452692294419,2014-03-11,evening,MasterCard,32,MasterCard,grocery_store,in-store,grocery_store,San Francisco,California,USA,37.7749,-122.4194,94103,1
820,804.8249141120314,2019-06-01,morning,Visa,18,Visa,office,in-store,grocery_store,San Francisco,California,USA,37.7749,-122.4194,94103,1
821,14.58570277455683,2017-07-12,morning,Visa,72,MasterCard,gas_station,in-store,grocery_store,San Francisco,California,USA,37.7749,-122.4194,94103,0
822,340.16417997423275,2018-05-30,afternoon,MasterCard,20,Visa,gas_station,in-store,grocery_store,San Francisco,California,USA,37.7749,-122.4194,94103,1
823,404.1870066550339,2014-06-13,morning,Visa,31,MasterCard,gas_station,in-store,grocery_store,San Francisco,California,USA,37.7749,-122.4194,94103,1
824,542.0216469085436,2019-05-15,afternoon,MasterCard,55,Visa,home,in-store,grocery_store,San Francisco,California,USA,37.7749,-122.4194,94103,1
825,920.6570602486329,2020-01-05,afternoon,MasterCard,67,Visa,mall,in-store,grocery_store,San Francisco,California,USA,37.7749,-122.4194,94103,1
826,352.88253442230166,2016-05-29,afternoon,Visa,74,MasterCard,office,in-store,grocery_store,San Francisco,California,USA,37.7749,-122.4194,94103,1
827,353.4836698772654,2013-12-28,evening,Visa,18,Visa,office,in-store,grocery_store,San Francisco,California,USA,37.7749,-122.4194,94103,1
828,740.1262356286509,2020-03-28,evening,MasterCard,55,Visa,office,in-store,grocery_store,San Francisco,California,USA,37.7749,-122.4194,94103,1
829,457.6957614809091,2021-01-28,evening,Visa,55,MasterCard,office,in-store,grocery_store,San Francisco,California,USA,37.7749,-122.4194,94103,1
830,232.35877471058214,2021-06-06,evening,MasterCard,38,MasterCard,gas_station,in-store,grocery_store,San Francisco,California,USA,37.7749,-122.4194,94103,0
831,457.9151209713665,2018-08-07,morning,MasterCard,65,Visa,office,in-store,grocery_store,San Francisco,California,USA,37.7749,-122.4194,94103,1
832,149.44845017600187,2014-02-25,morning,MasterCard,46,MasterCard,mall,in-store,grocery_store,San Francisco,California,USA,37.7749,-122.4194,94103,0
833,184.62311664116106,2019-12-16,evening,Visa,22,MasterCard,gas_station,in-store,grocery_store,San Francisco,California,USA,37.7749,-122.4194,94103,0
834,503.38409501208497,2021-02-13,morning,MasterCard,66,Visa,office,in-store,grocery_store,San Francisco,California,USA,37.7749,-122.4194,94103,1
835,424.7361950095024,2015-04-05,morning,Visa,27,Visa,home,in-store,grocery_store,San Francisco,California,USA,37.7749,-122.4194,94103,1
836,915.697442057419,2015-10-18,afternoon,Visa,45,MasterCard,grocery_store,in-store,grocery_store,San Francisco,California,USA,37.7749,-122.4194,94103,1
837,368.76996012546675,2015-10-14,afternoon,Visa,38,MasterCard,grocery_store,in-store,grocery_store,San Francisco,California,USA,37.7749,-122.4194,94103,1
838,584.7824667752631,2014-02-27,afternoon,Visa,67,MasterCard,grocery_store,in-store,grocery_store,San Francisco,California,USA,37.7749,-122.4194,94103,1
839,635.9416450403351,2021-08-31,afternoon,MasterCard,24,Visa,gas_station,in-store,grocery_store,San Francisco,California,USA,37.7749,-122.4194,94103,1
840,22.9635120224503,2014-09-27,morning,Visa,20,Visa,office,in-store,grocery_store,San Francisco,California,USA,37.7749,-122.4194,94103,0
841,666.9019982965435,2019-04-25,evening,MasterCard,62,Visa,gas_station,in-store,grocery_store,San Francisco,California,USA,37.7749,-122.4194,94103,1
842,186.25560720105392,2013-07-20,morning,MasterCard,64,Visa,mall,in-store,grocery_store,San Francisco,California,USA,37.7749,-122.4194,94103,1
843,961.4596142947606,2014-04-25,morning,Visa,37,Visa,home,in-store,grocery_store,San Francisco,California,USA,37.7749,-122.4194,94103,1
844,157.17610047558182,2021-08-26,morning,MasterCard,36,Visa,home,in-store,grocery_store,San Francisco,California,USA,37.7749,-122.4194,94103,1
845,420.4778824897535,2018-06-09,afternoon,MasterCard,52,Visa,grocery_store,in-store,grocery_store,San Francisco,California,USA,37.7749,-122.4194,94103,1
846,94.49617139785742,2018-07-09,afternoon,Visa,21,MasterCard,grocery_store,in-store,grocery_store,San Francisco,California,USA,37.7749,-122.4194,94103,0
847,996.9055093274878,2022-12-14,afternoon,MasterCard,22,MasterCard,grocery_store,in-store,grocery_store,San Francisco,California,USA,37.7749,-122.4194,94103,1
848,507.17306022793014,2013-05-08,evening,MasterCard,18,Visa,office,in-store,grocery_store,San Francisco,California,USA,37.7749,-122.4194,94103,1
849,599.4311671468433,2013-04-10,morning,MasterCard,21,Visa,mall,in-store,grocery_store,San Francisco,California,USA,37.7749,-122.4194,94103,1
850,76.4057126145432,2016-04-23,evening,MasterCard,29,Visa,mall,in-store,grocery_store,San Francisco,California,USA,37.7749,-122.4194,94103,1
851,752.460865695186,2020-04-06,afternoon,Visa,77,MasterCard,mall,in-store,grocery_store,San Francisco,California,USA,37.7749,-122.4194,94103,1
852,217.8065371646299,2013-10-30,evening,MasterCard,44,Visa,mall,in-store,grocery_store,San Francisco,California,USA,37.7749,-122.4194,94103,1
853,899.0737465463067,2020-09-03,morning,MasterCard,73,MasterCard,grocery_store,in-store,grocery_store,San Francisco,California,USA,37.7749,-122.4194,94103,1
854,213.08824407718708,2019-03-15,morning,MasterCard,59,MasterCard,home,in-store,grocery_store,San Francisco,California,USA,37.7749,-122.4194,94103,0
855,198.7808434570299,2019-04-18,afternoon,MasterCard,40,MasterCard,grocery_store,in-store,grocery_store,San Francisco,California,USA,37.7749,-122.4194,94103,0
856,46.18417116961393,2019-04-05,afternoon,Visa,42,MasterCard,mall,in-store,grocery_store,San Francisco,California,USA,37.7749,-122.4194,94103,0
857,477.34627565889923,2020-10-02,evening,MasterCard,38,MasterCard,grocery_store,in-store,grocery_store,San Francisco,California,USA,37.7749,-122.4194,94103,1
858,569.1927219299903,2021-10-04,afternoon,Visa,78,Visa,mall,in-store,grocery_store,San Francisco,California,USA,37.7749,-122.4194,94103,1
859,75.05155303406885,2018-07-22,afternoon,MasterCard,75,Visa,gas_station,in-store,grocery_store,San Francisco,California,USA,37.7749,-122.4194,94103,1
860,777.7723405280605,2015-05-31,morning,Visa,69,MasterCard,home,in-store,grocery_store,San Francisco,California,USA,37.7749,-122.4194,94103,1
861,458.7559464005473,2014-06-01,afternoon,Visa,41,Visa,gas_station,in-store,grocery_store,San Francisco,California,USA,37.7749,-122.4194,94103,1
862,529.1463666343043,2014-05-21,afternoon,Visa,42,MasterCard,office,in-store,grocery_store,San Francisco,California,USA,37.7749,-122.4194,94103,1
863,446.3551194688459,2021-01-21,morning,Visa,62,MasterCard,grocery_store,in-store,grocery_store,San Francisco,California,USA,37.7749,-122.4194,94103,1
864,406.7554302665727,2017-01-02,morning,Visa,72,Visa,office,in-store,grocery_store,San Francisco,California,USA,37.7749,-122.4194,94103,1
865,564.0439279951357,2020-06-29,evening,MasterCard,63,Visa,grocery_store,in-store,grocery_store,San Francisco,California,USA,37.7749,-122.4194,94103,1
866,163.6878434714054,2015-02-17,afternoon,MasterCard,49,Visa,gas_station,in-store,grocery_store,San Francisco,California,USA,37.7749,-122.4194,94103,1
867,190.1088491903184,2015-09-28,morning,MasterCard,72,Visa,mall,in-store,grocery_store,San Francisco,California,USA,37.7749,-122.4194,94103,1
868,863.1677648033822,2018-11-27,evening,Visa,49,Visa,mall,in-store,grocery_store,San Francisco,California,USA,37.7749,-122.4194,94103,1
869,946.6543075122964,2019-01-22,evening,MasterCard,22,MasterCard,grocery_store,in-store,grocery_store,San Francisco,California,USA,37.7749,-122.4194,94103,1
870,379.5762231169554,2022-03-03,afternoon,Visa,53,Visa,mall,in-store,grocery_store,San Francisco,California,USA,37.7749,-122.4194,94103,1
871,278.03722641211823,2020-12-27,afternoon,Visa,63,Visa,gas_station,in-store,grocery_store,San Francisco,California,USA,37.7749,-122.4194,94103,1
872,647.5595478066256,2013-03-26,evening,MasterCard,59,Visa,mall,in-store,grocery_store,San Francisco,California,USA,37.7749,-122.4194,94103,1
873,414.6468293871154,2016-08-07,morning,MasterCard,66,MasterCard,gas_station,in-store,grocery_store,San Francisco,California,USA,37.7749,-122.4194,94103,1
874,35.13249210374141,2017-08-17,evening,Visa,59,Visa,office,in-store,grocery_store,San Francisco,California,USA,37.7749,-122.4194,94103,0
875,164.59107139252845,2017-02-12,afternoon,Visa,75,MasterCard,gas_station,in-store,grocery_store,San Francisco,California,USA,37.7749,-122.4194,94103,0
876,718.8125065589236,2017-07-02,morning,MasterCard,56,Visa,home,in-store,grocery_store,San Francisco,California,USA,37.7749,-122.4194,94103,1
877,662.3347024910498,2013-11-11,morning,MasterCard,33,Visa,home,in-store,grocery_store,San Francisco,California,USA,37.7749,-122.4194,94103,1
878,36.825032578448656,2015-01-09,evening,MasterCard,50,MasterCard,home,in-store,grocery_store,San Francisco,California,USA,37.7749,-122.4194,94103,0
879,229.75244031361996,2014-09-30,afternoon,MasterCard,66,Visa,grocery_store,in-store,grocery_store,San Francisco,California,USA,37.7749,-122.4194,94103,1
880,238.76404862219067,2014-09-24,evening,Visa,38,Visa,grocery_store,in-store,grocery_store,San Francisco,California,USA,37.7749,-122.4194,94103,1
881,675.1738161627411,2015-02-03,evening,MasterCard,78,MasterCard,grocery_store,in-store,grocery_store,San Francisco,California,USA,37.7749,-122.4194,94103,1
882,29.513432376820514,2020-05-15,evening,MasterCard,26,Visa,gas_station,in-store,grocery_store,San Francisco,California,USA,37.7749,-122.4194,94103,0
883,113.06749616472811,2014-10-26,morning,MasterCard,23,MasterCard,grocery_store,in-store,grocery_store,San Francisco,California,USA,37.7749,-122.4194,94103,0
884,801.9169245194574,2020-03-11,morning,Visa,68,MasterCard,office,in-store,grocery_store,San Francisco,California,USA,37.7749,-122.4194,94103,1
885,186.75921543379027,2017-03-01,afternoon,Visa,62,MasterCard,home,in-store,grocery_store,San Francisco,California,USA,37.7749,-122.4194,94103,0
886,656.218646773356,2016-07-01,afternoon,Visa,52,MasterCard,gas_station,in-store,grocery_store,San Francisco,California,USA,37.7749,-122.4194,94103,1
887,245.80095323625926,2015-03-01,evening,Visa,56,MasterCard,home,in-store,grocery_store,San Francisco,California,USA,37.7749,-122.4194,94103,0
888,108.44697883175171,2018-12-20,evening,MasterCard,39,Visa,grocery_store,in-store,grocery_store,San Francisco,California,USA,37.7749,-122.4194,94103,1
889,250.74046908945954,2016-02-26,evening,Visa,58,Visa,gas_station,in-store,grocery_store,San Francisco,California,USA,37.7749,-122.4194,94103,1
890,725.0442625371026,2017-09-02,afternoon,MasterCard,71,Visa,mall,in-store,grocery_store,San Francisco,California,USA,37.7749,-122.4194,94103,1
891,857.1395034252229,2015-09-04,morning,MasterCard,22,MasterCard,office,in-store,grocery_store,San Francisco,California,USA,37.7749,-122.4194,94103,1
892,831.9176659213217,2013-12-27,morning,MasterCard,59,MasterCard,grocery_store,in-store,grocery_store,San Francisco,California,USA,37.7749,-122.4194,94103,1
893,403.21169432227026,2019-10-12,evening,MasterCard,40,MasterCard,grocery_store,in-store,grocery_store,San Francisco,California,USA,37.7749,-122.4194,94103,1
894,671.4042852049397,2021-03-08,evening,Visa,34,MasterCard,office,in-store,grocery_store,San Francisco,California,USA,37.7749,-122.4194,94103,1
895,212.93445246166277,2022-12-21,evening,Visa,29,Visa,office,in-store,grocery_store,San Francisco,California,USA,37.7749,-122.4194,94103,1
896,300.2162529584031,2019-11-02,evening,Visa,40,Visa,mall,in-store,grocery_store,San Francisco,California,USA,37.7749,-122.4194,94103,1
897,897.3724603359086,2022-03-04,afternoon,MasterCard,33,MasterCard,grocery_store,in-store,grocery_store,San Francisco,California,USA,37.7749,-122.4194,94103,1
898,22.871904275628673,2013-10-16,morning,MasterCard,20,MasterCard,grocery_store,in-store,grocery_store,San Francisco,California,USA,37.7749,-122.4194,94103,0
899,94.6534455459234,2014-09-23,evening,MasterCard,47,Visa,home,in-store,grocery_store,San Francisco,California,USA,37.7749,-122.4194,94103,1
900,215.80739259456703,2013-10-09,afternoon,MasterCard,74,MasterCard,gas_station,in-store,grocery_store,San Francisco,California,USA,37.7749,-122.4194,94103,0
901,36.26688183508152,2018-03-05,evening,MasterCard,39,MasterCard,gas_station,in-store,grocery_store,San Francisco,California,USA,37.7749,-122.4194,94103,0
902,189.62108073889934,2015-04-03,evening,Visa,26,MasterCard,home,in-store,grocery_store,San Francisco,California,USA,37.7749,-122.4194,94103,0
903,587.2111453599953,2022-11-20,morning,MasterCard,46,Visa,gas_station,in-store,grocery_store,San Francisco,California,USA,37.7749,-122.4194,94103,1
904,427.210305086573,2020-06-02,evening,Visa,64,Visa,office,in-store,grocery_store,San Francisco,California,USA,37.7749,-122.4194,94103,1
905,893.7449939662051,2016-06-16,morning,MasterCard,54,MasterCard,gas_station,in-store,grocery_store,San Francisco,California,USA,37.7749,-122.4194,94103,1
906,819.2691261210565,2019-04-23,morning,MasterCard,40,Visa,gas_station,in-store,grocery_store,San Francisco,California,USA,37.7749,-122.4194,94103,1
907,348.3991781808972,2016-01-13,morning,Visa,30,MasterCard,home,in-store,grocery_store,San Francisco,California,USA,37.7749,-122.4194,94103,1
908,266.82919909697955,2016-05-26,afternoon,Visa,49,MasterCard,mall,in-store,grocery_store,San Francisco,California,USA,37.7749,-122.4194,94103,0
909,385.89548408559426,2020-07-25,afternoon,MasterCard,63,Visa,gas_station,in-store,grocery_store,San Francisco,California,USA,37.7749,-122.4194,94103,1
910,594.3919930896596,2016-03-24,morning,MasterCard,69,MasterCard,gas_station,in-store,grocery_store,San Francisco,California,USA,37.7749,-122.4194,94103,1
911,275.3830044146475,2020-04-02,evening,MasterCard,64,MasterCard,mall,in-store,grocery_store,San Francisco,California,USA,37.7749,-122.4194,94103,0
912,627.9074187706427,2022-12-12,morning,MasterCard,65,Visa,home,in-store,grocery_store,San Francisco,California,USA,37.7749,-122.4194,94103,1
913,415.31753566932804,2021-11-21,evening,Visa,40,MasterCard,mall,in-store,grocery_store,San Francisco,California,USA,37.7749,-122.4194,94103,1
914,556.5267090434604,2015-09-14,morning,MasterCard,62,MasterCard,home,in-store,grocery_store,San Francisco,California,USA,37.7749,-122.4194,94103,1
915,441.7652638439635,2020-03-23,evening,Visa,34,MasterCard,office,in-store,grocery_store,San Francisco,California,USA,37.7749,-122.4194,94103,1
916,301.5211019464985,2022-01-31,afternoon,MasterCard,72,Visa,home,in-store,grocery_store,San Francisco,California,USA,37.7749,-122.4194,94103,1
917,948.9687738925351,2017-12-20,evening,Visa,57,MasterCard,office,in-store,grocery_store,San Francisco,California,USA,37.7749,-122.4194,94103,1
918,765.9697362181632,2014-04-10,morning,Visa,38,Visa,office,in-store,grocery_store,San Francisco,California,USA,37.7749,-122.4194,94103,1
919,148.712044008788,2019-11-11,afternoon,MasterCard,19,MasterCard,home,in-store,grocery_store,San Francisco,California,USA,37.7749,-122.4194,94103,0
920,869.7832961389337,2016-04-21,evening,Visa,54,MasterCard,grocery_store,in-store,grocery_store,San Francisco,California,USA,37.7749,-122.4194,94103,1
921,492.5568862670185,2015-03-24,evening,MasterCard,23,MasterCard,home,in-store,grocery_store,San Francisco,California,USA,37.7749,-122.4194,94103,1
922,895.6067046251505,2017-12-31,evening,Visa,61,MasterCard,gas_station,in-store,grocery_store,San Francisco,California,USA,37.7749,-122.4194,94103,1
923,801.8567033878421,2021-01-17,evening,MasterCard,35,Visa,gas_station,in-store,grocery_store,San Francisco,California,USA,37.7749,-122.4194,94103,1
924,430.9613694245411,2022-11-12,evening,Visa,47,Visa,grocery_store,in-store,grocery_store,San Francisco,California,USA,37.7749,-122.4194,94103,1
925,32.244615236916225,2022-02-12,afternoon,MasterCard,39,MasterCard,office,in-store,grocery_store,San Francisco,California,USA,37.7749,-122.4194,94103,0
926,275.99058579109663,2020-11-04,afternoon,MasterCard,71,MasterCard,grocery_store,in-store,grocery_store,San Francisco,California,USA,37.7749,-122.4194,94103,0
927,546.2178725142583,2022-08-14,afternoon,Visa,50,MasterCard,gas_station,in-store,grocery_store,San Francisco,California,USA,37.7749,-122.4194,94103,1
928,637.1434376278858,2021-09-19,afternoon,Visa,47,MasterCard,grocery_store,in-store,grocery_store,San Francisco,California,USA,37.7749,-122.4194,94103,1
929,265.3088085788703,2020-11-06,morning,Visa,34,MasterCard,home,in-store,grocery_store,San Francisco,California,USA,37.7749,-122.4194,94103,0
930,147.96251333209588,2018-01-02,afternoon,Visa,79,MasterCard,grocery_store,in-store,grocery_store,San Francisco,California,USA,37.7749,-122.4194,94103,0
931,836.5809344313061,2019-04-15,evening,MasterCard,60,MasterCard,office,in-store,grocery_store,San Francisco,California,USA,37.7749,-122.4194,94103,1
932,984.5581588965166,2017-10-03,evening,Visa,49,MasterCard,home,in-store,grocery_store,San Francisco,California,USA,37.7749,-122.4194,94103,1
933,530.433280479659,2020-05-13,afternoon,MasterCard,59,Visa,mall,in-store,grocery_store,San Francisco,California,USA,37.7749,-122.4194,94103,1
934,179.96249298982048,2014-08-21,evening,Visa,68,Visa,gas_station,in-store,grocery_store,San Francisco,California,USA,37.7749,-122.4194,94103,1
935,279.5842532541753,2021-12-25,afternoon,MasterCard,31,Visa,gas_station,in-store,grocery_store,San Francisco,California,USA,37.7749,-122.4194,94103,1
936,28.206769781992065,2013-01-18,evening,MasterCard,75,MasterCard,grocery_store,in-store,grocery_store,San Francisco,California,USA,37.7749,-122.4194,94103,0
937,915.155818494894,2016-01-17,morning,MasterCard,27,MasterCard,home,in-store,grocery_store,San Francisco,California,USA,37.7749,-122.4194,94103,1
938,126.57357206123973,2013-02-12,morning,MasterCard,64,MasterCard,mall,in-store,grocery_store,San Francisco,California,USA,37.7749,-122.4194,94103,0
939,580.751310759111,2018-05-15,afternoon,Visa,77,Visa,home,in-store,grocery_store,San Francisco,California,USA,37.7749,-122.4194,94103,1
940,281.3146684803339,2015-05-05,afternoon,Visa,68,MasterCard,gas_station,in-store,grocery_store,San Francisco,California,USA,37.7749,-122.4194,94103,0
941,558.6362224906355,2019-10-10,afternoon,MasterCard,53,Visa,home,in-store,grocery_store,San Francisco,California,USA,37.7749,-122.4194,94103,1
942,654.9061844683456,2016-08-07,evening,Visa,51,MasterCard,mall,in-store,grocery_store,San Francisco,California,USA,37.7749,-122.4194,94103,1
943,831.4443856701296,2018-06-05,afternoon,Visa,26,Visa,grocery_store,in-store,grocery_store,San Francisco,California,USA,37.7749,-122.4194,94103,1
944,214.35705904299718,2014-03-14,morning,MasterCard,59,Visa,office,in-store,grocery_store,San Francisco,California,USA,37.7749,-122.4194,94103,1
945,20.88587037189567,2022-09-18,evening,Visa,45,Visa,home,in-store,grocery_store,San Francisco,California,USA,37.7749,-122.4194,94103,0
946,145.5167737681192,2019-01-19,afternoon,Visa,28,MasterCard,office,in-store,grocery_store,San Francisco,California,USA,37.7749,-122.4194,94103,0
947,901.018455429624,2015-07-25,evening,Visa,31,Visa,gas_station,in-store,grocery_store,San Francisco,California,USA,37.7749,-122.4194,94103,1
948,875.1511767868901,2018-05-26,evening,MasterCard,56,MasterCard,grocery_store,in-store,grocery_store,San Francisco,California,USA,37.7749,-122.4194,94103,1
949,601.4389711486052,2022-12-31,afternoon,Visa,72,MasterCard,grocery_store,in-store,grocery_store,San Francisco,California,USA,37.7749,-122.4194,94103,1
950,604.5116918293169,2015-10-14,evening,MasterCard,64,MasterCard,home,in-store,grocery_store,San Francisco,California,USA,37.7749,-122.4194,94103,1
951,668.3863078007929,2015-08-20,morning,Visa,71,MasterCard,grocery_store,in-store,grocery_store,San Francisco,California,USA,37.7749,-122.4194,94103,1
952,183.6175658372151,2017-02-24,morning,Visa,36,MasterCard,home,in-store,grocery_store,San Francisco,California,USA,37.7749,-122.4194,94103,0
953,915.2678264657102,2013-08-25,evening,Visa,71,Visa,home,in-store,grocery_store,San Francisco,California,USA,37.7749,-122.4194,94103,1
954,424.5828196431524,2022-01-17,afternoon,MasterCard,32,MasterCard,office,in-store,grocery_store,San Francisco,California,USA,37.7749,-122.4194,94103,1
955,389.3071429670025,2013-05-03,evening,MasterCard,79,MasterCard,grocery_store,in-store,grocery_store,San Francisco,California,USA,37.7749,-122.4194,94103,1
956,523.7285282300091,2019-06-25,morning,Visa,45,MasterCard,home,in-store,grocery_store,San Francisco,California,USA,37.7749,-122.4194,94103,1
957,56.496307107304496,2013-08-19,evening,MasterCard,41,MasterCard,office,in-store,grocery_store,San Francisco,California,USA,37.7749,-122.4194,94103,0
958,174.62053506851862,2014-04-19,evening,Visa,25,MasterCard,mall,in-store,grocery_store,San Francisco,California,USA,37.7749,-122.4194,94103,0
959,740.6532802621067,2020-02-04,morning,MasterCard,60,Visa,office,in-store,grocery_store,San Francisco,California,USA,37.7749,-122.4194,94103,1
960,91.9706812458752,2014-11-28,evening,MasterCard,78,Visa,office,in-store,grocery_store,San Francisco,California,USA,37.7749,-122.4194,94103,1
961,607.1205883717244,2016-12-17,evening,Visa,26,MasterCard,home,in-store,grocery_store,San Francisco,California,USA,37.7749,-122.4194,94103,1
962,252.89561858450776,2014-10-09,afternoon,Visa,64,Visa,gas_station,in-store,grocery_store,San Francisco,California,USA,37.7749,-122.4194,94103,1
963,395.4026579015568,2016-07-17,afternoon,Visa,50,Visa,gas_station,in-store,grocery_store,San Francisco,California,USA,37.7749,-122.4194,94103,1
964,295.80679940299285,2013-12-07,morning,Visa,79,MasterCard,gas_station,in-store,grocery_store,San Francisco,California,USA,37.7749,-122.4194,94103,0
965,362.11598930029965,2021-10-14,morning,MasterCard,50,Visa,office,in-store,grocery_store,San Francisco,California,USA,37.7749,-122.4194,94103,1
966,721.855446132403,2016-07-31,morning,MasterCard,36,MasterCard,home,in-store,grocery_store,San Francisco,California,USA,37.7749,-122.4194,94103,1
967,304.15049846694325,2020-05-25,afternoon,MasterCard,20,Visa,grocery_store,in-store,grocery_store,San Francisco,California,USA,37.7749,-122.4194,94103,1
968,570.7405938939282,2022-11-27,morning,Visa,27,Visa,office,in-store,grocery_store,San Francisco,California,USA,37.7749,-122.4194,94103,1
969,481.2898981771087,2019-12-21,morning,Visa,57,Visa,office,in-store,grocery_store,San Francisco,California,USA,37.7749,-122.4194,94103,1
970,667.0344537090217,2018-12-18,morning,MasterCard,64,MasterCard,home,in-store,grocery_store,San Francisco,California,USA,37.7749,-122.4194,94103,1
971,937.4614419315104,2018-01-29,afternoon,Visa,59,Visa,mall,in-store,grocery_store,San Francisco,California,USA,37.7749,-122.4194,94103,1
972,735.2463762381478,2017-12-13,evening,MasterCard,18,Visa,office,in-store,grocery_store,San Francisco,California,USA,37.7749,-122.4194,94103,1
973,222.79097480484918,2019-02-23,morning,MasterCard,46,MasterCard,mall,in-store,grocery_store,San Francisco,California,USA,37.7749,-122.4194,94103,0
974,40.871303710671825,2019-09-24,evening,MasterCard,67,MasterCard,mall,in-store,grocery_store,San Francisco,California,USA,37.7749,-122.4194,94103,0
975,269.64140385682686,2019-03-04,morning,MasterCard,51,Visa,gas_station,in-store,grocery_store,San Francisco,California,USA,37.7749,-122.4194,94103,1
976,599.1271513932522,2018-04-29,evening,MasterCard,68,MasterCard,home,in-store,grocery_store,San Francisco,California,USA,37.7749,-122.4194,94103,1
977,60.91155534940785,2019-03-18,afternoon,Visa,30,Visa,mall,in-store,grocery_store,San Francisco,California,USA,37.7749,-122.4194,94103,1
978,501.402584729224,2015-11-13,afternoon,Visa,71,Visa,home,in-store,grocery_store,San Francisco,California,USA,37.7749,-122.4194,94103,1
979,600.8744204277203,2014-12-16,morning,Visa,18,MasterCard,gas_station,in-store,grocery_store,San Francisco,California,USA,37.7749,-122.4194,94103,1
980,340.9014519087912,2017-01-04,evening,MasterCard,51,MasterCard,home,in-store,grocery_store,San Francisco,California,USA,37.7749,-122.4194,94103,1
981,773.2030817083637,2014-12-20,afternoon,MasterCard,46,MasterCard,office,in-store,grocery_store,San Francisco,California,USA,37.7749,-122.4194,94103,1
982,115.53227060243408,2014-04-09,morning,MasterCard,65,Visa,mall,in-store,grocery_store,San Francisco,California,USA,37.7749,-122.4194,94103,1
983,84.38640391845067,2019-06-11,morning,MasterCard,64,MasterCard,home,in-store,grocery_store,San Francisco,California,USA,37.7749,-122.4194,94103,0
984,730.9068686415674,2015-05-30,afternoon,Visa,30,Visa,grocery_store,in-store,grocery_store,San Francisco,California,USA,37.7749,-122.4194,94103,1
985,500.5364030441365,2019-08-07,afternoon,Visa,65,MasterCard,home,in-store,grocery_store,San Francisco,California,USA,37.7749,-122.4194,94103,1
986,691.5183724634587,2014-07-10,morning,MasterCard,66,Visa,mall,in-store,grocery_store,San Francisco,California,USA,37.7749,-122.4194,94103,1
987,440.47906521770875,2021-07-30,evening,MasterCard,70,MasterCard,gas_station,in-store,grocery_store,San Francisco,California,USA,37.7749,-122.4194,94103,1
988,253.93801290671576,2018-01-21,evening,MasterCard,78,Visa,gas_station,in-store,grocery_store,San Francisco,California,USA,37.7749,-122.4194,94103,1
989,820.9112944974577,2022-12-23,evening,Visa,46,MasterCard,mall,in-store,grocery_store,San Francisco,California,USA,37.7749,-122.4194,94103,1
990,801.4217201792894,2020-04-23,morning,Visa,56,Visa,office,in-store,grocery_store,San Francisco,California,USA,37.7749,-122.4194,94103,1
991,697.7495061458825,2016-05-12,afternoon,Visa,41,MasterCard,office,in-store,grocery_store,San Francisco,California,USA,37.7749,-122.4194,94103,1
992,279.4236858576631,2018-06-20,morning,MasterCard,43,MasterCard,gas_station,in-store,grocery_store,San Francisco,California,USA,37.7749,-122.4194,94103,0
993,594.3283602003962,2018-06-16,afternoon,MasterCard,34,Visa,gas_station,in-store,grocery_store,San Francisco,California,USA,37.7749,-122.4194,94103,1
994,367.36415797062654,2015-07-13,evening,Visa,24,MasterCard,mall,in-store,grocery_store,San Francisco,California,USA,37.7749,-122.4194,94103,1
995,100.66625259336782,2015-10-19,evening,MasterCard,30,Visa,office,in-store,grocery_store,San Francisco,California,USA,37.7749,-122.4194,94103,1
996,918.1404397076203,2016-12-24,afternoon,Visa,22,Visa,gas_station,in-store,grocery_store,San Francisco,California,USA,37.7749,-122.4194,94103,1
997,145.45044460977178,2021-01-12,afternoon,MasterCard,43,MasterCard,office,in-store,grocery_store,San Francisco,California,USA,37.7749,-122.4194,94103,0
998,950.7349802825944,2020-01-25,morning,Visa,66,Visa,gas_station,in-store,grocery_store,San Francisco,California,USA,37.7749,-122.4194,94103,1
999,451.5457152283762,2014-03-04,evening,MasterCard,20,MasterCard,home,in-store,grocery_store,San Francisco,California,USA,37.7749,-122.4194,94103,1
