,transaction_amount,time_of_day,transaction_frequency,location_discrepancy,device_id_change,ip_address_change,user_age,user_balance_before,transaction_time_diff,merchant_category,transaction_location_distance,number_of_previous_frauds,transaction_hour,transaction_day_of_week,transaction_month,user_transaction_count,user_average_transaction,is_first_transaction,label
0,374540.1251019613,14,5,1,1,1,56,500058.2591910867,1404.8667635855795,7,687.4368609408673,5,5,0,1,398,430.0312244240647,0,1
1,950714.3069027731,11,34,1,1,1,94,674893.2030541548,93.998530895708,7,325.4182806826078,8,2,5,6,342,1217.6725583318782,0,1
2,731993.9444914657,15,21,0,1,0,89,239066.38407502967,1183.4486247641796,4,94.73891477934416,2,7,3,9,798,8651.90945915584,0,0
3,598658.4882104518,23,42,1,1,0,80,758040.4210112165,930.686304466629,1,975.8708627835366,6,8,5,12,512,5663.12055207483,1,1
4,156018.64888225013,18,14,0,1,1,81,760005.5449620985,932.1726734972513,8,286.2590353831832,5,4,3,3,172,7120.548216366935,0,0
5,155994.52877625744,7,21,0,0,0,78,312598.02490830014,184.8238943251605,4,423.8081851735742,7,1,0,11,468,8419.72276735177,1,0
6,58083.62158736334,20,36,0,0,1,71,410682.6330102828,936.2695196817408,1,649.863921702575,2,1,3,3,748,4638.348791157093,0,0
7,866176.1471131737,16,41,0,0,1,90,209690.27743020086,1414.7749160657968,5,24.697297686111284,2,6,0,2,987,7610.6062290709215,1,0
8,601115.0157320587,22,11,1,0,0,75,976561.0233229042,1313.0187401368037,8,810.259130517287,3,16,4,4,166,5245.860544879452,1,1
9,708072.5807153197,4,46,1,1,0,73,645602.5770584117,632.3481515589848,4,536.5781900286203,2,9,6,10,699,2227.4954752493363,0,1
10,20584.504089957503,21,48,1,0,1,51,934543.8807155156,57.52508153197585,8,278.21718706882217,8,11,2,3,170,3376.5683114477074,0,1
11,969909.8524628958,15,41,0,0,0,48,303385.54362913314,521.7026256002949,8,61.607985292469245,10,1,3,12,564,4903.5095070521975,0,0
12,832442.6424759954,5,37,1,0,0,69,781890.9129968897,1190.0020487047996,3,162.49841547444143,3,9,0,2,512,3168.862352867186,0,1
13,212339.11855488506,7,17,1,0,0,93,765858.643884742,1010.158706109839,9,895.0338588534369,5,19,5,1,831,3355.28355822207,0,1
14,181824.97538885096,17,44,0,1,0,18,691655.6518665416,661.4548640552972,3,686.024223935891,7,0,0,3,189,3373.934938559352,1,0
15,183404.51801938872,11,34,0,1,1,72,965638.9752668004,79.34621062871678,1,249.90172163688985,10,3,5,10,120,1228.4085601712532,0,0
16,304242.2499171153,14,29,1,1,1,39,393555.33610631555,614.7284080655558,2,65.60076494502954,7,12,3,6,105,846.4352256964415,1,1
17,524756.4363846736,8,23,0,0,1,57,130717.32358975729,675.3959131937522,6,690.6153123866363,4,11,1,9,674,464.96993195264645,1,0
18,431945.0243226656,12,41,0,1,1,18,671708.8592440608,1337.1199673675558,10,572.4077259677651,4,10,5,11,807,1109.571500780757,1,1
19,291229.14728575054,14,29,0,0,0,82,729309.8004772061,923.1639891583096,2,404.519524458235,5,9,0,5,41,3437.077484285259,0,0
20,611852.8986038505,9,13,0,1,0,80,575060.5734588146,448.7801999826944,6,363.6114491900638,9,14,3,3,889,5938.722119112514,0,0
21,139493.86925710324,15,5,1,1,1,71,206817.89313339628,756.4583008090387,1,216.8142759291083,6,4,0,5,876,1881.4773906248174,0,1
22,292144.6556137717,6,2,0,1,1,59,504455.9416693554,95.1196432639105,1,669.6112565375176,9,16,1,5,677,8880.08957993792,0,1
23,366361.8496300733,16,15,0,1,0,38,312189.7365691294,1400.498259335621,5,970.6680277938705,6,4,2,5,321,8083.826228570182,0,0
24,456069.9896563361,22,6,0,1,1,96,427466.52816668904,518.4862587802454,10,175.71524583682586,3,1,6,12,886,5205.275922820509,0,0
25,785175.9635412539,20,13,0,0,1,98,645218.5758446639,688.1289910749156,9,597.1166200155034,5,8,6,12,335,7242.10106603529,1,0
26,199673.79016162193,21,8,0,1,0,39,745214.7426908346,511.6089229011685,8,424.18505574597623,6,5,1,7,160,3663.2915837023374,0,0
27,514234.4432712672,6,14,0,0,1,55,232224.69090134313,982.8168913673283,3,446.6887217446649,4,17,4,5,264,367.78755955297163,1,0
28,592414.5729378968,13,20,0,0,0,97,405325.36064695334,953.614307994614,3,254.1472801278144,4,13,3,7,865,9043.329431996923,1,0
29,46450.4222554936,14,34,0,0,0,25,269161.5709916292,1030.0641271619554,1,825.1348756614191,1,18,1,9,530,1277.9436046433373,0,0
30,607544.8558259899,20,1,1,0,1,79,198631.61386186912,386.126250641166,3,485.2556041472411,6,13,2,5,685,9479.373984423051,0,1
31,170524.1319820503,6,26,0,0,0,64,783387.2199958384,454.562612876255,1,543.4058521982641,5,7,0,2,477,5718.830163835218,0,0
32,65051.602334763586,8,1,1,1,1,34,909252.6944369924,180.36177277853943,8,304.7609127973258,10,16,3,5,352,3055.6375545836895,0,1
33,948885.5377644779,18,34,0,1,0,34,370232.18568457675,943.9343594584021,1,181.80846566694976,0,2,5,8,545,4955.251277872214,0,0
34,965632.033418239,15,17,0,1,1,30,751278.9243737669,57.30786336333967,5,85.91038820282049,3,9,1,12,773,5016.303072932853,0,1
35,808397.3500324877,7,13,0,1,1,34,896995.289364411,860.6625631537811,9,714.1191409249159,2,16,2,4,210,232.8805615550246,1,1
36,304613.776127233,17,19,0,0,1,55,846124.2105302316,1252.3620741863529,7,196.23428168785563,2,10,1,2,496,3554.604964242868,1,0
37,97672.12302966272,22,17,1,1,0,98,182813.3885392259,1282.7982935370724,4,690.0753541887977,6,7,4,10,895,7398.6605967711785,1,1
38,684233.0296698266,17,9,0,1,0,95,956291.8815133614,646.6143749327448,9,390.3764460469539,10,0,6,3,842,5100.69678881519,1,0
39,440152.4993380764,19,24,0,0,1,62,376676.44042946247,661.3973110268262,9,415.77480098965145,9,12,6,9,382,2442.308727794672,1,0
40,122038.24362439648,6,1,1,0,0,23,339240.6611738363,110.835623531545,2,469.1774960927717,3,20,3,9,676,3351.1052492708395,1,1
41,495176.9151595011,2,24,1,1,1,52,62431.327277780336,965.9016366379715,10,367.7085081275432,7,3,0,8,481,8630.54530061556,0,1
42,34388.530771333186,17,32,0,1,1,31,486173.654104883,1182.6135653368974,10,100.61997722259008,10,6,2,8,919,5255.5014460055945,0,0
43,909320.402985578,9,35,1,0,0,89,109013.6156409287,352.3032786307868,6,309.6318100028458,8,13,1,8,936,5283.5259419911345,0,1
44,258779.98901221712,6,30,1,1,1,78,248539.820927426,606.6732695520451,4,663.7343606939385,2,4,3,8,5,9614.67497583551,1,1
45,662522.2877287591,16,13,1,1,0,32,316942.6217672814,1207.9286449419892,8,665.784401468871,4,23,1,8,34,3208.8207815524433,1,1
46,311711.0829723002,13,0,0,1,1,71,808826.323491684,1263.0534734336948,7,286.22430723999435,3,10,3,1,792,4795.416455651033,1,0
47,520068.02597713063,23,45,0,1,0,44,875488.6503958965,350.17917158048533,7,460.102626557688,9,16,6,6,145,8117.137860072363,0,0
48,546710.2838761768,2,15,0,0,1,30,302466.3174614697,792.8217137395645,10,193.44722801193748,5,4,4,12,351,7589.124899747808,0,0
49,184854.4636769825,11,45,1,0,1,48,858698.1212445738,277.190136915591,9,210.37208152983578,10,19,1,9,583,2658.0015612925067,0,1
50,969584.6280687123,12,2,0,0,0,52,857230.9373697911,146.70542036096143,5,23.047088406607408,9,2,4,8,465,1510.9189651433821,1,0
51,775132.8256097863,1,34,1,1,1,77,764650.9503848735,1312.013522004419,6,896.7465499077446,3,4,5,3,348,7007.048754827921,1,1
52,939498.9421691997,2,40,0,1,1,23,146695.11401518155,1181.5308060942373,1,210.7066650749062,7,14,5,11,742,2576.5691915101797,1,0
53,894827.3514793753,4,5,0,1,0,86,690322.846900729,1094.4502585965704,6,227.53387693646332,2,18,6,1,125,9226.759058484125,0,0
54,597899.9828320853,10,24,1,1,1,75,945024.0645805688,70.2234990909222,2,279.6014326451318,10,15,2,2,790,1292.485647415321,1,1
55,921874.2358043744,7,12,0,1,0,66,682540.4787671571,1214.9694615027709,6,127.408071695429,4,7,4,11,271,3183.158818195764,0,0
56,88492.51116699447,22,33,1,0,1,40,331616.8491078339,630.7834693037526,9,639.2628831813628,0,12,3,2,357,547.8819213766684,0,1
57,195982.8704593166,22,7,1,1,0,51,500579.31743083126,493.04897754603786,8,75.14295317758656,5,15,2,7,527,7033.056035580713,0,1
58,45227.29845826518,11,20,0,1,1,43,645725.0433510536,786.925959876542,9,134.20242632635026,10,2,1,12,754,8912.627576527493,0,0
59,325330.33750996104,6,33,1,0,1,64,510570.40872850356,131.5486695219204,10,644.7567265900929,4,0,1,6,498,6358.748914564797,0,1
60,388677.2958027091,14,3,0,1,1,22,119952.94173096982,1089.5710310674542,8,339.6606204814427,7,8,3,11,153,9377.530777584681,0,0
61,271349.0390604056,23,24,0,0,0,37,312064.0446520206,838.7065107191461,3,707.947826701189,8,8,0,2,53,1285.0484999723114,0,0
62,828737.5108645542,16,14,1,0,0,23,802396.0305536325,268.68973949736124,8,557.424744670142,7,21,0,8,149,877.3483952877165,1,1
63,356753.333126056,3,3,0,0,0,87,861418.0460955175,271.05436766742565,6,256.0211730615131,7,16,1,9,503,8384.128927546397,0,0
64,280934.5168780357,21,44,1,0,0,76,137300.03271557024,265.31805826465086,6,650.827950489328,2,23,6,7,870,8555.113198753323,1,1
65,542696.0877312876,12,11,0,0,1,81,952386.7523987247,82.08343807478494,6,116.27368029288066,3,1,6,4,450,8310.396960676011,0,0
66,140924.2335655204,17,31,0,1,1,35,328822.61784860934,846.4297670952261,3,536.4103830800304,10,8,3,1,219,7989.651035688431,0,1
67,802196.9827320699,0,31,0,0,0,21,662313.73873072,1210.1013757274516,10,437.14810504503464,3,23,0,4,625,3622.290017102963,0,0
68,74550.65293426438,15,27,0,0,0,34,751825.1459566811,25.197428141839584,1,267.87358281744076,10,18,4,4,800,2174.6286612930417,1,1
69,986886.9367316479,12,12,0,1,0,31,811946.2346378834,70.56668875863392,4,604.0049977395001,4,12,1,8,277,9288.0409119377,0,0
70,772244.7715742097,9,30,1,1,1,95,945749.7022259302,824.789198429202,10,871.3335923402825,8,4,5,4,452,3070.0087584815114,0,1
71,198715.6895470156,11,13,1,0,0,30,312919.5480288226,1180.0737869559155,6,998.9046997630767,8,8,4,4,428,3984.0828375635006,1,1
72,5522.127068381228,1,19,1,1,0,24,858506.4545515545,470.5040024188324,10,607.7627687434245,9,12,3,2,83,6995.592598926737,1,0
73,815461.4303002199,22,17,1,1,1,61,131686.90343620704,503.4447342831199,2,404.7058743291702,0,0,5,12,962,2933.5678663790763,1,1
74,706857.3467790437,2,28,1,0,1,32,705040.9063535928,858.7389563953574,7,225.2071002162016,7,14,4,10,218,8191.304024307797,1,1
75,729007.1707509157,9,5,1,0,0,36,741977.7295139859,394.86656033877165,7,257.09608939511173,0,3,0,7,738,700.3555359715763,0,1
76,771270.3489732423,1,31,0,1,1,80,677723.2412013204,38.31604715186515,4,479.4549781497657,1,3,6,4,782,7911.828762062672,0,1
77,74044.66099364383,22,28,0,0,0,52,252314.73613515298,1058.7290660662984,4,367.27770128070927,6,19,0,11,527,6018.517207664816,1,0
78,358465.73495961534,12,42,1,0,1,98,873043.1470152034,900.9358746356925,1,913.8145226249442,7,9,5,6,404,5729.940711199488,0,1
79,115869.06836643911,12,1,1,1,0,52,168858.463370395,836.2886386401491,2,368.29546765570956,0,5,2,3,290,4583.775807616215,1,1
80,863103.4272445593,17,22,0,0,0,36,53634.79152083084,1068.0251457482252,9,373.4445911454355,2,23,6,7,420,2770.4631923782613,1,0
81,623298.1305945767,2,18,0,0,0,37,717464.9906119121,972.332406089334,10,383.53451243397694,6,11,1,6,339,4640.708213609512,1,0
82,330898.03154366894,6,30,0,0,0,52,475475.7152327337,296.47006297678246,8,836.620210367658,8,19,5,3,777,4500.290619901753,0,0
83,63558.359650440136,13,50,1,0,1,49,849098.0199586761,507.57270759842567,8,650.7883208469019,7,15,3,4,711,5837.546050288812,1,1
84,310982.328605839,19,4,1,0,1,65,383397.14105825895,181.59860401722,9,614.1688503188926,7,2,1,10,670,2815.750042812444,0,1
85,325183.32877491385,16,18,1,1,1,61,168278.58850771282,186.99409932174868,7,334.14302238386216,8,13,4,5,845,775.9650438056705,0,1
86,729606.1810420023,20,33,0,1,1,41,836442.1924698697,973.7218747534165,9,817.9041768324395,9,0,6,9,987,1450.9030154969162,0,1
87,637557.4749796385,11,9,0,0,0,78,548909.6316400716,1236.3841540547974,10,38.36386135570113,2,9,3,6,959,6991.777322841414,1,0
88,887212.7437041991,15,24,1,1,0,34,189195.79239035488,1386.3349207600402,2,870.7971723381131,7,14,3,4,419,224.9330714321085,0,1
89,472214.9304398,23,1,1,0,1,88,720383.9985864457,904.8198492711999,6,512.7498997939296,0,6,0,11,909,8564.431882023853,1,1
90,119594.25474235923,11,10,0,0,1,67,511113.63848950056,265.10590563977803,3,398.2502348634128,7,3,4,11,207,6943.976330825859,0,0
91,713244.7900905472,14,49,0,0,1,82,604312.9822403198,152.13649744646023,6,497.1672807176857,6,13,0,7,686,7680.867732211749,0,0
92,760785.051009047,9,30,0,0,1,49,460898.3382065819,1170.5053990129313,3,667.4155305338311,7,23,0,2,696,8359.846131090257,0,0
93,561277.2019567243,6,14,0,0,1,53,828708.9838180064,833.409325958399,8,12.76542651789736,0,15,6,4,265,1227.1132121973721,1,0
94,770967.1822448892,19,8,1,1,0,30,829562.7156830499,890.3304302597566,4,871.5518564582477,5,13,2,5,983,8224.512685189753,1,1
95,493795.60142643476,4,22,0,1,0,87,709388.8218243863,1125.3054078067812,10,446.7395253113928,6,2,0,4,758,5046.429330166187,1,0
96,522732.83415466576,0,18,0,0,0,75,105401.37739646227,1012.7192079347303,6,342.9665197000782,10,16,1,4,36,8855.239532293583,1,0
97,427541.02408313943,16,8,0,1,1,31,838853.8619040688,1201.6198841127791,9,138.2455656340571,4,20,3,11,373,8865.867144737424,0,0
98,25419.136489903918,2,34,1,0,1,54,671012.9805329099,80.948023862225,2,439.46537435844215,4,13,6,9,488,241.79019576126453,0,1
99,107891.43591439018,12,20,1,1,1,96,697024.1660042995,1076.429716914967,2,496.32277128437886,6,17,0,11,259,3828.6583261832343,1,1
100,31429.19537244239,13,8,0,0,1,85,362982.8404038716,1225.2279705438175,7,403.6466944934778,10,2,5,2,994,5263.992694664776,1,0
101,636410.4148996763,23,27,0,1,0,57,879279.5561570066,412.0344611399726,2,678.6600938268971,2,21,1,6,531,6783.604114228122,1,0
102,314355.98793276685,17,45,0,0,0,76,725371.6002348575,922.2440745502842,2,420.896528759226,5,18,4,8,924,2861.8696049788728,1,0
103,508570.6960789959,3,50,1,0,1,97,112590.46652919447,452.3933719252398,4,961.4175778465733,6,2,3,8,23,2521.430085223916,0,1
104,907566.4748504283,17,6,1,1,0,33,407778.0344061627,1379.4783357347337,9,599.2775178235919,0,11,6,11,104,3812.663378233282,1,1
105,249292.23665595267,4,15,1,1,0,79,886380.3619601417,48.12994430712541,8,807.477935651909,1,21,5,7,241,5009.3919081120275,1,1
106,410382.92893180053,15,15,0,0,1,21,47196.701697378994,834.9016951194552,2,109.35590310947885,3,4,6,10,903,9511.46280259182,0,0
107,755551.1409875373,0,32,1,1,1,62,961416.6196420495,239.76510775130174,8,397.2912929459057,7,9,6,11,873,7621.087045889708,1,1
108,228798.17320364082,20,3,0,0,1,45,679162.5683195628,1025.5970954551085,4,336.8477014471527,10,8,5,4,716,4293.217376165384,0,0
109,76979.91905899388,13,3,0,1,1,83,631375.9776433766,253.2820081228734,2,569.4823881365918,9,0,4,7,253,543.6712407400532,1,1
110,289751.4600162535,14,38,0,1,1,48,270559.25648799137,338.9518971336349,10,861.1135200614256,5,12,5,10,142,1685.2142362316722,0,1
111,161221.29564179154,8,39,1,0,1,20,248791.78873917708,711.8939679058916,7,78.33821776200666,0,2,1,6,814,4559.249683949927,1,1
112,929697.6530455966,14,16,0,1,0,25,942058.2194885955,1317.3623279955045,6,72.57479804471079,9,18,6,11,655,8138.2608627280415,1,0
113,808120.3814832132,16,36,1,1,0,41,298272.45423412276,304.868695893078,10,850.3177081575989,4,10,4,6,451,3806.961549818083,1,1
114,633403.7601763859,23,38,1,0,1,32,775505.2967189994,207.70563041006906,5,212.85008603835743,6,15,6,2,783,5384.971122484089,1,1
115,871460.5914731118,3,28,0,1,0,60,393121.7982070792,1092.9266378698042,1,668.7532544498137,5,5,5,8,307,8918.04994280216,1,0
116,803672.0788623937,11,35,0,0,1,48,139254.07078470397,720.8921265608606,2,542.8781323608051,8,23,4,8,984,9137.963456303694,0,0
117,186570.06702033526,4,37,1,0,1,90,10715.29769535895,1312.9705618297507,8,832.8935948872295,7,2,4,11,500,2157.7578066769297,1,1
118,892558.9995643878,4,38,0,0,1,62,544257.3370152508,211.1249623101729,1,125.08890983640353,3,18,0,7,622,435.95878197672596,0,0
119,539342.2465222283,10,49,1,0,1,83,975778.8185489327,930.1361659531766,3,129.78296572261127,10,5,0,11,8,3054.11225560984,0,1
120,807440.157089661,5,36,0,0,0,25,369136.1938092045,335.34597045861364,2,556.8183602783075,4,7,0,9,69,6958.026190234653,0,0
121,896091.3009625803,6,34,1,1,1,88,357192.33399304486,225.73501725836059,5,946.3786533583709,6,21,5,8,702,9511.122498640654,0,1
122,318003.4817918291,23,6,1,0,0,74,344091.61784944206,984.1383578264696,4,414.99775837075424,7,12,3,9,691,770.3292295211393,1,1
123,110051.9334271575,13,26,1,0,1,97,520543.83730485843,854.9058526685758,7,326.94210025469494,4,11,1,9,575,284.8478206546096,1,1
124,227935.17026259005,23,27,1,1,1,47,440664.88342429354,1086.951540041757,5,606.6893231978859,8,9,5,6,68,8841.473288385088,1,1
125,427107.7943551784,10,21,0,1,1,91,879914.6267270144,445.6261100825026,8,930.4486005450311,9,2,6,2,718,7481.45520957872,1,1
126,818014.7677423455,12,13,0,1,0,35,505520.7917234903,645.0791851903535,4,836.9278328446237,3,3,0,12,912,9922.485869069962,0,0
127,860730.5846490376,1,6,1,0,1,86,507757.83818856877,583.8792139158026,6,995.4836107332198,3,0,4,7,980,3967.9348467277173,0,1
128,6952.140461669398,6,36,1,0,1,56,138371.5947205566,1417.0888281117805,4,22.56858320237709,7,12,5,3,408,4160.5148908586425,0,0
129,510747.3074700927,19,21,0,0,1,77,982739.5409103859,420.8384977047186,2,112.85814471276223,0,23,4,7,518,1723.1266498561229,1,0
130,417411.008974669,3,4,0,1,0,60,249972.89086882968,424.5368232193443,1,609.467763366622,7,3,6,9,119,1158.4803675018586,1,0
131,222107.81824965216,7,1,0,0,0,62,73364.06745960267,510.54942071319465,1,820.5764393338497,4,21,4,10,825,5787.184318722274,1,0
132,119865.37613502913,19,26,0,1,0,40,663146.2489752088,813.015477058063,8,285.24434230676655,10,10,4,10,31,3642.8563700983127,1,0
133,337615.17802747624,21,20,0,0,1,86,595366.3701568727,363.34475173979314,4,239.21108803421876,0,18,2,2,518,803.1736762879711,0,0
134,942909.7044834221,20,37,0,1,0,23,415145.65399274573,1318.0175141461543,5,786.9757993812009,3,10,3,6,483,8869.871825362503,1,0
135,323202.93878872594,18,14,1,0,1,73,422192.2338806781,382.5872134074194,8,56.381853853231576,1,11,1,6,207,1983.5726989286482,1,1
136,518790.62655545986,12,20,0,0,0,21,785063.9210464312,1289.9746534466803,7,369.3826475825851,3,10,1,9,669,7485.845984191858,0,0
137,703018.9618649883,13,9,0,0,0,40,195712.64009964906,149.0040916510819,8,505.8092225923297,7,5,0,9,579,2822.29313889515,0,0
138,363629.608742998,9,22,1,1,1,23,820253.3189448897,945.4502914554994,8,560.3486743503234,4,11,2,5,971,8129.050178479683,1,1
139,971782.0830031398,10,38,0,1,0,49,648747.1138950181,1306.0591465510709,6,728.6151567927769,0,8,5,5,387,1183.9772303081263,1,0
140,962447.2953176383,1,4,0,0,1,35,418969.7737795244,242.99919129345054,10,354.8457234306582,6,9,5,9,412,7560.718541501513,0,0
141,251782.3033075412,8,0,0,0,1,32,458028.6165838686,1394.3908225429273,2,612.6843446746072,0,2,1,8,842,981.1977578163853,1,0
142,497248.5109199004,16,12,0,0,0,57,256647.2071860958,652.1520389983368,6,585.3754227909563,8,2,3,7,370,4469.163409411554,0,0
143,300878.3168079866,2,20,0,1,1,90,752114.3326969749,1361.8297561550753,1,547.6161006537471,2,19,4,8,353,7340.04616595254,0,1
144,284840.5015290627,23,25,1,0,1,91,512874.7423052678,974.6208628272677,1,640.4832931422122,2,22,6,6,944,1732.192079685194,1,1
145,36886.956985663324,5,49,0,0,0,23,320854.5427498436,434.28509261791424,3,259.4491710680763,5,15,0,3,336,2856.6570318173412,0,0
146,609564.3378842535,4,44,1,0,0,80,596050.1157609503,271.1556358806332,3,84.64875358462898,9,2,3,7,891,8647.671273252055,1,1
147,502679.02820207126,4,20,1,0,1,84,995734.452051323,437.37846656414314,5,119.27167203974342,5,9,1,8,906,8851.19435788325,1,1
148,51478.76073520184,21,17,0,1,0,28,435262.2796565538,133.94506933825198,1,224.58238265390108,10,23,2,8,289,449.3640751727378,1,0
149,278646.4714501468,14,36,1,1,1,60,920691.4007786196,207.16987153439487,10,500.19793552278526,10,10,0,1,996,1680.9141726238993,1,1
150,908265.8868839948,22,44,0,0,1,34,345016.8399245661,150.71103409893286,6,840.4427505460201,5,7,1,7,963,1174.7282280091874,0,0
151,239561.8982713535,16,31,1,0,0,21,54732.70692498588,609.0387029878432,7,701.2933420883841,0,5,5,3,965,1796.9391495820835,1,1
152,144894.88064227437,8,35,1,1,0,80,204242.10636842888,1145.6328618109244,10,789.0406042020471,4,19,0,2,140,9701.877541185482,1,1
153,489452.7653830354,2,16,0,1,0,85,418695.1433276842,203.59231807152986,3,350.9756239260914,5,10,1,2,953,5516.556971352077,0,0
154,985650.4542540961,19,34,0,0,0,98,219634.928594569,187.66142376816367,4,404.6537416485502,7,20,5,8,300,4681.129223425363,1,0
155,242055.2790909477,16,48,0,1,1,58,227.0382182555375,926.5376873049563,10,393.68188599061284,0,11,6,9,13,9844.67388625243,1,0
156,672135.5506845231,9,10,0,1,1,100,915001.5377475272,283.94349403401543,10,191.87318440450153,4,15,5,3,664,5569.565729046056,1,0
157,761619.6177125215,2,20,0,0,0,22,843879.4112309291,140.5584548769479,10,61.21665814357202,2,17,4,3,428,6611.182662275972,1,0
158,237637.55161602423,17,25,1,1,0,49,742292.2314869472,240.2619526160318,10,590.9160928272267,1,12,2,6,825,3327.712132786342,0,1
159,728216.3513296961,17,3,1,1,1,87,167814.59564602864,1330.1732100625577,10,989.2166834205862,10,21,4,11,864,3821.154823946541,0,1
160,367783.1390414219,16,33,1,0,1,52,120363.57620998606,1182.9186039977149,3,166.82970495026282,7,2,1,10,400,5944.097893996893,1,1
161,632305.8342705212,23,47,1,0,1,39,67604.74947238315,509.8529697913355,1,46.684819899273755,6,14,6,1,992,697.8671421468075,0,1
162,633529.7144255976,2,17,1,1,1,82,724029.1887729212,944.3819049514457,8,779.5316818239329,9,21,3,6,109,2558.8363016188914,0,1
163,535774.6887170116,2,39,1,0,0,39,928807.9606878853,773.6769700819748,10,252.5860066847242,6,20,6,12,485,1968.1255264855763,0,1
164,90289.7791515106,5,34,1,1,1,28,430535.820913037,975.058939414892,10,829.6438053529283,4,13,6,3,888,158.94377246610458,0,1
165,835302.4972362131,12,40,0,0,1,94,119140.67199604817,983.0464595463734,2,703.9366670345154,8,17,6,11,356,5369.017336191514,1,0
166,320780.0717639352,23,28,0,1,0,20,512392.8207321066,905.3769816863899,1,945.6735370508046,4,13,4,4,149,5610.532784710395,0,0
167,186518.51853466913,14,28,1,0,1,26,348831.90745863016,383.18597069372436,8,408.927235756672,1,4,3,9,879,3839.3983909803587,1,1
168,40775.151147012504,8,37,1,1,1,77,374824.9243499977,56.1692458984581,7,661.9698394506341,2,20,5,3,716,2687.282007373214,1,1
169,590892.9472793124,3,41,0,1,0,93,621330.6241557073,656.0161660657567,7,464.8547808132707,3,13,1,1,307,6520.602239347488,0,0
170,677564.3650666388,13,20,0,1,0,31,718718.1132622024,1283.0023939546136,4,630.5886973085435,4,7,2,3,533,1346.6002672529548,1,0
171,16587.838761977862,4,41,0,0,0,35,110603.59887316085,820.0760522667493,9,449.59890600773736,2,22,3,7,60,5186.155130203025,0,0
172,512093.0631783504,1,12,0,0,1,90,35590.230806476386,1198.6431000507473,6,188.63224642407482,6,14,1,7,435,7680.742177366341,1,0
173,226495.78293298022,10,48,1,1,1,40,994330.3026857149,1427.9390538641685,2,507.8974160033809,4,14,3,11,21,1642.9881965448835,1,1
174,645172.7939577219,8,40,0,1,0,91,232728.34891555182,235.60733395911782,1,528.5842014374423,4,18,4,5,875,7532.597853362801,0,0
175,174366.43726132717,23,16,1,0,0,100,53830.524908459076,996.1598003644546,1,810.603848260161,5,19,1,1,382,7607.947483588889,1,1
176,690937.7411930886,2,8,1,0,1,64,189875.32909591997,970.9827461280355,9,735.5207057935812,6,5,4,11,245,599.2758830380667,0,1
177,386735.3524331839,8,40,1,0,0,86,38957.84634846422,1411.135844195921,4,663.7916239414441,9,18,0,8,902,187.85307302855747,1,1
178,936729.9893694347,2,0,0,0,0,64,391810.89461717167,1419.2650568920326,5,113.38709555257253,9,7,1,10,73,9739.35432052789,1,0
179,137520.95277078383,1,1,0,0,0,47,802401.7844513243,988.8172008827464,3,720.6162906637151,7,5,3,8,449,1933.8346611616544,0,0
180,341066.357639595,11,47,1,0,1,42,341244.44975772063,350.8053004543597,4,500.3051563545148,8,19,0,10,76,8221.393869608939,0,1
181,113473.53010585385,9,28,1,1,1,45,444183.40687836654,1149.9204069080627,8,894.0995361061592,10,22,4,12,698,5618.510911946455,0,1
182,924693.6190316266,8,32,1,0,1,42,675586.7735674388,154.12195326389485,4,919.8709341305428,3,14,4,10,590,2644.728930648393,1,1
183,877339.3546075874,14,9,0,1,1,91,508894.07006988017,1124.2069980071453,9,55.15659060178546,4,2,3,10,390,1299.7130664837596,0,0
184,257941.63513573934,7,49,1,0,1,95,861445.6860213242,1310.6824187683628,9,820.6415603544788,4,9,0,2,577,4966.77776900454,0,1
185,659984.0494343386,4,39,0,0,1,75,866035.6750457565,551.2800884665468,6,37.697390422670615,7,14,6,10,342,4073.5540427463825,0,0
186,817222.2020289939,10,20,1,1,0,58,9910.695491153643,908.1148247756358,2,367.16962569502266,8,23,5,3,290,6988.863862309828,0,1
187,555200.8160474543,1,27,1,1,1,42,778046.3064831991,619.4055342194299,10,542.2999756210792,6,15,2,4,568,9041.686453791772,1,1
188,529650.5830595007,23,10,1,0,1,95,460733.6002416739,630.3816791829049,7,148.10079862712743,4,16,3,1,331,8052.482817153515,1,1
189,241852.29848192877,14,33,0,1,0,65,988840.541303663,446.9340803156929,9,746.3138125690768,2,18,4,4,259,2744.527757527617,1,0
190,93102.77687487153,5,7,0,1,1,27,483232.07587543514,1097.4666534484675,6,8.354704172138572,0,10,1,5,426,8789.333395190873,1,0
191,897215.7589811692,7,21,1,1,1,92,986895.9453882976,1348.0942523997674,3,168.59904843403683,10,15,0,3,702,8333.9148071329,1,1
192,900418.0581591498,4,7,0,1,0,28,754569.3612057366,1354.681237297624,7,580.7968298534757,8,4,5,11,6,9291.363045855345,1,0
193,633101.4609422534,15,48,1,0,0,38,248604.88461330632,251.68505021990472,5,714.3875620372924,4,4,2,10,6,4586.613623771666,0,1
194,339029.79765840276,17,14,0,1,0,62,538394.9792869576,1259.6308555054552,1,916.6431026939161,8,13,1,2,191,7685.75403834226,1,0
195,349209.5811205651,5,16,0,0,1,24,992135.6394785828,1061.9012756550558,3,705.4966519346239,9,17,0,6,148,5916.584738656049,0,0
196,725955.6816106826,4,22,0,0,0,98,857530.6077519237,364.0858569940165,5,671.779270254866,3,7,5,8,405,3105.034420467308,0,0
197,897110.2609814745,15,23,1,0,1,81,97366.8937912211,96.88984260698095,7,394.3411463506643,4,4,3,7,258,9944.310081117608,0,1
198,887086.4253942531,12,44,0,0,1,81,706371.9968099961,385.9160643135043,3,1.2844255268014138,3,6,5,11,730,383.0842853219451,0,0
199,779875.5480588684,4,18,0,1,1,19,345579.58587081305,1313.5798609653968,6,120.15925873562195,1,15,3,1,479,1622.7341028650212,1,0
200,642031.6497339713,12,4,1,1,1,93,6982.261880348117,911.7772918499121,5,534.5545447560391,0,22,6,4,90,8925.424699895324,1,1
201,84139.97415364918,16,31,1,0,0,59,403480.9690269996,1038.3187116929355,1,675.1298858444197,7,13,0,3,824,605.637828497901,1,1
202,161628.72247832664,17,43,1,0,0,99,234754.4217249713,370.299385597098,10,417.4482838964625,3,4,5,6,864,8868.207805228543,0,1
203,898554.1895415373,7,0,1,0,1,71,818869.2705204715,1035.9189440277412,6,730.6790115283902,4,23,2,9,10,7152.217608367248,1,1
204,606429.0635952994,12,22,0,0,0,92,337330.60884576547,40.49496904021021,8,521.8622953321787,5,8,5,9,87,366.8496871053691,1,1
205,9197.061524659131,18,36,0,1,1,33,827523.6939538171,540.4627379131399,1,74.1761955943122,7,3,0,7,762,4293.206135341337,1,0
206,101471.55185131668,2,7,0,0,1,35,597.9388347953085,902.5248219009569,2,192.01625096794882,10,3,1,12,838,7544.717205307621,1,0
207,663501.7724730382,23,12,0,1,1,76,307819.15002611914,210.37905437950113,4,839.9982232439429,7,15,1,9,151,5831.00701530515,1,1
208,5061.593795602848,7,7,0,0,0,33,241165.21430776195,1185.125147203586,2,724.9127466244395,6,23,5,8,988,9358.71356093166,1,0
209,160808.05980941816,1,22,1,0,1,23,233567.36106861098,338.44507028916286,9,894.761987012495,3,16,5,5,625,8676.44165267967,0,1
210,548733.7938792482,7,42,0,0,1,74,68186.6197654627,939.2848024585626,10,117.55724912093658,5,14,3,9,30,3326.4830268651067,0,0
211,691895.2007737412,12,0,0,0,0,64,187124.27041050172,583.4838853084748,8,990.2225346150739,3,3,0,7,128,846.2811089289482,1,0
212,651961.2629829879,12,44,0,1,0,65,555549.5698856199,858.3027774878119,8,209.4067139499336,6,5,3,5,78,9442.570953886117,0,0
213,224269.3172178667,0,50,1,1,0,59,291361.0728377445,154.7287957856277,4,11.779876286642011,10,15,2,8,421,5172.872504811588,0,1
214,712179.2242257437,5,23,1,1,0,93,417394.782329148,24.354431887114547,5,997.4229390535542,0,3,6,7,55,743.9854997432415,1,1
215,237249.0951243092,23,34,0,0,1,77,376866.8803471885,1309.7727754276336,4,281.07388544511315,4,5,1,9,480,8165.757967836662,0,0
216,325399.7049052708,18,23,1,0,0,94,875904.9249998946,388.26721262474325,9,668.01945251256,9,4,4,10,305,8685.066021789204,1,1
217,746491.4076531101,15,16,1,1,1,21,905298.9990105155,1180.3348840038611,2,176.6823141763052,9,15,4,1,546,6394.250007519308,0,1
218,649632.9025508857,7,4,1,1,0,19,492956.9716558601,1439.0644326799684,8,580.2285321991417,3,15,0,9,105,4475.095181773742,1,1
219,849223.4120019438,0,19,1,0,0,76,330155.9503156044,304.4610115184321,2,904.0349864545593,10,9,0,7,172,6621.733501505604,0,1
220,657612.8957242145,15,20,1,0,0,44,106800.70400236364,381.8458673040321,1,320.1811674284386,6,8,4,1,499,7066.839890214279,0,1
221,568308.6076523856,8,39,1,1,0,44,953402.879382095,954.5180941939186,10,670.2539760443592,8,3,0,1,22,8930.300650560099,0,1
222,93674.7768913448,12,30,1,0,0,96,60226.94490029745,1390.2460338248945,3,187.9035887984165,4,13,1,5,287,9558.617245130577,0,1
223,367715.8093822755,10,45,0,0,0,89,297650.27756828046,1318.7726613946713,9,624.7953987187252,3,3,2,8,391,5143.21418069979,1,0
224,265202.3750297018,12,35,0,1,1,24,298066.20117000415,724.1407488944423,3,336.4503518175101,8,11,2,9,617,7984.94735032029,0,0
225,243989.65093918715,20,10,1,0,0,80,320401.2861402149,1144.9588068384835,9,211.20825858795166,4,23,3,12,149,9645.09591482099,1,1
226,973010.55502234,9,14,0,1,0,63,164286.84327240929,195.47402846385754,7,313.1820507036351,8,9,1,6,272,1512.4418690362784,1,0
227,393097.7307357832,3,18,0,0,0,80,783161.4309236972,1407.5109852537778,10,178.84106850779935,7,3,6,12,788,182.68963341695076,0,0
228,892046.5562566477,5,6,1,1,0,29,122497.86196598921,1388.6686570118206,1,901.9161078378828,3,17,0,10,299,8689.639038845211,0,1
229,631138.6296858767,6,50,0,0,1,30,634906.6591531629,235.76969934600618,10,397.1868863171288,10,12,0,12,172,1952.7413797382753,1,0
230,794811.3055935354,4,27,1,1,0,60,123846.02670581746,431.1692997164735,5,245.27930497436734,10,12,6,8,47,424.7972415303431,0,1
231,502637.0980788212,10,50,1,1,0,34,70535.63759295655,144.2231964097444,9,448.4078410159329,6,13,3,6,626,1600.969775613069,1,1
232,576903.8888573203,12,42,1,1,0,80,909429.5036858765,391.27334241337877,3,320.53616680649554,4,17,3,11,787,3841.1552712885805,0,1
233,492517.698893687,18,4,0,1,0,98,190128.7663187057,1174.9763367578976,9,744.419253813326,9,0,0,6,816,2192.664823268785,1,0
234,195242.99584561464,22,4,0,0,1,53,821250.1545597042,544.7744743179736,5,971.2199118854944,3,20,0,4,992,3052.54323846814,0,0
235,722452.1180369841,9,29,0,0,0,25,544630.8711071358,127.29163269133207,9,438.03365669764685,4,15,6,11,207,9752.940761359949,0,0
236,280772.3696331322,9,31,0,1,1,86,77856.51960876961,492.80475568162257,10,861.0333999722404,4,14,1,5,453,7044.058397570309,1,1
237,24315.976188294175,10,7,1,0,0,97,955448.1914380675,1413.1920013074434,6,565.8630735596195,10,21,6,2,395,7121.920160614757,1,1
238,645472.2994524449,20,9,1,0,1,53,246961.16699189253,906.7443771732522,9,157.23566509423347,8,4,3,3,975,946.8628004254809,1,1
239,177110.68763594216,6,37,0,0,1,45,859645.3453526065,599.2717628248672,7,690.6227420813416,8,5,6,3,925,7320.986377243219,0,0
240,940458.5849483284,17,46,1,0,0,64,168810.0057845642,239.8154594360688,7,513.4344971258201,5,5,6,12,754,7393.44593610972,0,1
241,953928.5774633016,3,31,1,0,0,93,853942.8821418529,1420.0945880885206,8,650.6065232521034,3,2,6,11,301,6597.453586616139,0,1
242,914864.3910718046,1,47,0,1,1,47,13228.812905293986,1182.0225733389054,7,889.6874125716649,1,15,1,5,708,2284.370675615791,0,1
243,370158.7065538574,13,27,1,1,1,40,511780.45656948065,405.3273155293239,9,440.43457065604605,2,11,5,5,676,4230.3675604600585,1,1
244,15456.626374301262,12,16,0,1,0,33,769442.5794215568,100.89892183851282,9,901.1776232173556,1,3,0,6,176,8462.766083931707,1,0
245,928318.5633045398,11,30,1,1,1,31,934795.5174927834,81.54080262368356,6,750.6690142816549,4,0,4,5,855,6702.01959138997,0,1
246,428184.15403547283,6,7,0,0,1,91,909202.1362064871,173.3445352879687,7,488.6049258779848,5,3,6,12,783,7327.691022310673,0,0
247,966654.8193771214,1,39,1,0,1,88,819624.8695476449,836.3067604047671,2,603.2221356579637,10,0,4,6,110,5873.748127514088,0,1
248,963619.9774530531,12,24,1,1,0,69,888191.349661304,1337.419326535909,9,325.5811325190114,4,20,5,8,684,4495.871495251794,1,1
249,853009.4569372655,13,8,0,0,1,54,199219.6858370765,715.3105363286177,1,983.5972997387742,1,7,0,2,963,7590.522510150981,1,0
250,294448.8991250968,16,1,0,0,1,46,284184.29571172874,1213.841494736924,1,667.3511630503959,4,23,3,4,864,679.2674644049059,0,0
251,385097.734750948,8,14,0,1,1,84,288968.5249210585,642.0767325981233,3,43.84685249662989,8,4,4,6,202,6731.6105961953135,1,0
252,851136.6730054902,16,49,0,0,0,32,377053.93100169883,1020.3603059056684,6,326.62190574800877,3,1,3,12,168,9972.045106461714,0,0
253,316922.01198705763,7,2,1,1,0,64,393320.6703851887,1053.8967416925611,5,623.3144337590575,9,11,4,5,614,7801.921492761022,0,1
254,169492.75499116504,1,48,1,1,1,63,544555.3246546754,250.50773650080765,2,56.3332777992398,1,21,3,1,86,2905.6422101394373,1,1
255,556801.2668903376,23,35,0,0,0,69,159879.7633664414,520.1511249251689,9,23.884191319142765,2,16,6,9,654,2778.202168858859,1,0
256,936154.7747992332,12,3,1,0,1,36,691246.6637859893,917.7151054147545,10,450.0242395278026,2,6,4,3,959,6672.189433748483,1,1
257,696029.799714675,2,13,0,1,0,94,167566.5393045065,101.80311578548731,4,332.69017969267003,8,10,3,2,849,8958.543611542735,1,0
258,570061.1743887533,15,40,0,1,0,38,310308.48210454755,520.6178703786575,4,438.2986080331659,3,3,5,9,725,5779.501628981021,0,0
259,97176.50279900359,5,40,1,0,1,81,503345.13060615404,770.1112314449172,5,262.6933098800052,0,4,1,7,51,5274.027597677712,1,1
260,615007.2305490975,18,24,1,1,0,54,796440.5615234773,1434.5632699842797,8,164.7177469429809,0,5,3,5,112,1603.849734595375,1,1
261,990053.8502037248,6,49,0,1,0,44,739469.2332387273,683.3283301763147,10,689.1433569803377,6,10,1,12,463,7154.572399028612,1,0
262,140084.02383568388,9,9,0,1,0,72,645534.3564105222,1175.121730244626,4,514.5711162678004,6,0,1,6,442,7022.989173392712,1,0
263,518329.6571804402,8,20,0,0,1,46,155773.26058017017,622.1768904959296,5,200.15421124936682,1,9,0,12,271,9669.514253824553,0,0
264,877373.0731542247,1,35,1,1,0,37,547045.3456155778,1146.8026405723808,4,319.58942625999833,8,19,6,11,577,3001.928841134801,0,1
265,740768.6203465182,14,11,1,0,0,42,87446.50179988545,857.3973143329561,6,591.8079076633259,8,23,5,4,344,7564.457199220555,1,1
266,697015.7440251106,4,26,1,1,1,87,377363.17679665075,1276.6974357634535,3,72.22934827247785,4,20,1,1,183,4340.6582713236785,1,1
267,702484.0869622685,21,39,1,0,0,80,413516.53028995916,591.7572753841582,8,147.45300926617955,2,10,2,4,503,5584.7323314334335,0,1
268,359491.15762484365,3,1,0,1,0,53,39811.43944575383,870.1983645429295,6,73.24560410739012,2,23,6,9,844,8164.540391467026,0,0
269,293591.85132857494,19,12,0,0,0,19,273988.09946997184,907.2269000911115,10,812.3173327141188,2,16,1,1,10,2219.958230239306,1,0
270,809361.157384902,3,31,0,0,0,39,955649.4672664894,601.0314361926816,5,752.4092332120092,5,7,3,10,494,3428.693966586754,0,0
271,810113.3965780468,17,30,0,0,0,33,953632.6078296895,207.8093429099734,2,753.3129318792571,3,12,1,3,234,7733.088968889268,0,0
272,867072.3199093805,3,15,0,1,1,35,352327.0542525393,134.7255459537632,10,716.325343476028,7,19,3,5,298,5704.583448299457,0,1
273,913240.5534240658,16,31,0,1,1,86,43100.10894832406,24.007032863471665,10,669.3854236698692,10,17,3,7,244,924.238244821533,0,1
274,511342.40374751383,11,31,1,1,0,71,179094.93932818156,1257.8893405131091,7,476.991915378175,10,21,2,9,509,4301.864365926463,1,1
275,501516.29967203666,21,33,1,0,0,47,392217.79343354015,340.52387362372014,2,642.278163507115,10,15,1,6,351,5866.337263397034,0,1
276,798295.1809838234,16,10,0,1,0,62,947779.6979692298,304.569718965746,1,38.36155478797465,4,1,1,3,267,9095.174069277362,0,0
277,649963.9342781259,9,9,0,0,1,36,141199.06353718493,1059.8909766135343,7,621.4644226567846,0,4,4,7,630,1884.888614505887,1,0
278,701966.8802380345,21,14,1,1,1,51,763515.8436682122,460.8232028458441,5,777.8777055368772,8,17,6,4,656,8059.531624245145,1,1
279,795792.6714781744,0,16,1,0,0,30,108682.53937469207,728.7043570730447,1,500.3583603843902,0,2,4,3,893,1306.2535245210827,1,1
280,890005.3429175129,21,39,1,0,0,60,981257.5773912768,234.01593402833706,4,357.51332842723696,5,21,0,7,201,2422.3641784014717,0,1
281,337995.16347158427,23,17,1,0,1,79,381616.49910913495,1382.0338389052356,4,277.42673480097915,0,16,3,11,239,2433.4464014623954,1,1
282,375582.9588841145,17,8,0,1,0,39,775234.538899056,1226.2772160248219,10,642.8020501620824,2,15,2,11,334,8774.793184296366,0,0
283,93981.94890104959,17,24,0,1,1,69,342591.08281113184,1243.8570570696047,7,692.8011986299088,9,5,4,7,915,1990.1849299729506,1,1
284,578280.1452133725,13,39,0,1,1,69,627668.8771588088,585.7541979436875,9,870.9675998625426,4,18,1,4,415,7869.609400246821,0,1
285,35942.28343731935,14,13,0,0,0,53,192016.08474003672,1097.8001477383289,2,342.3340824609907,9,6,0,12,969,4618.070722130859,1,0
286,465598.02347648,11,24,0,0,1,90,146021.01929696254,207.18166376128343,1,769.7723073855856,6,17,2,7,484,9990.90768706543,1,0
287,542644.6392811303,3,49,1,1,0,36,938064.1395681313,12.4113637321636,2,561.3558241893379,9,13,5,11,437,8390.916595606068,0,1
288,286541.25926287187,2,21,0,1,0,55,917647.2779044334,28.7610229123605,7,882.8364906780791,7,5,1,2,999,7397.033947446836,1,1
289,590833.2646606781,19,29,1,1,0,87,887468.9402128824,844.706501862567,10,527.8121082956208,8,7,1,1,246,8707.264359258888,1,1
290,30500.259634046928,11,19,0,0,0,96,625433.4501665934,655.7686635570348,6,517.6298283979672,5,14,5,12,858,6340.30758574641,1,0
291,37348.19837573253,6,20,0,0,0,74,808268.2112162783,745.9421024282684,4,577.8770814409091,10,14,3,2,8,8436.52412876241,1,0
292,822600.5624336527,10,43,0,0,0,37,69036.93691137491,10.746922200795943,1,749.3153551424344,8,14,3,4,152,2611.275862346085,1,1
293,360190.6478093565,0,31,0,0,1,26,334789.04189067916,608.6687323066931,1,964.690478828461,7,15,4,8,392,977.0411339786383,0,0
294,127060.52138127964,5,50,0,0,1,49,313703.12475715624,1034.0181521292395,5,73.56335421576566,8,0,4,3,211,6159.323911546617,0,0
295,522243.2648323718,14,45,1,1,1,21,635645.3219526133,637.4789308331076,1,53.43460239101716,9,10,1,10,367,4346.909579731933,1,1
296,769993.5553986753,14,48,1,0,1,67,355957.77347064053,1054.3956570896,7,937.5503374073385,3,4,6,6,944,4264.413688516367,1,1
297,215821.0353386329,18,20,1,0,0,99,148506.78164368082,335.54730873144206,1,529.8756255182061,8,4,1,6,670,5267.483256821937,0,1
298,622890.4795900955,10,34,0,0,1,22,596467.0754135437,1170.9244864536847,1,614.9030145669361,6,20,4,9,570,3613.83250182931,0,0
299,85347.47414029334,22,31,0,0,1,37,814383.9206690815,847.3409862529713,2,482.42360159472884,4,5,5,9,86,6260.599053832977,1,0
300,51681.73065179049,1,29,1,0,1,92,382123.4944599732,303.498863179065,10,93.65745260747448,4,1,4,4,55,305.6933677926256,0,1
301,531354.6362546016,13,38,0,1,0,54,132268.7150984817,340.87748522951944,3,768.0893784186666,0,5,1,9,713,9698.913719904214,1,0
302,540635.1262037553,1,48,0,0,1,39,196688.19731282306,904.3638689801334,1,747.2246450885868,1,13,2,6,634,9247.090673365785,1,0
303,637429.9051239075,3,11,1,0,0,75,237483.305169384,1195.1130142259185,9,311.703321492812,9,10,1,2,446,9352.702273117711,1,1
304,726091.3364617482,16,40,0,0,1,85,299897.5929945362,598.5040061219835,10,306.2392452284004,2,3,2,10,620,3650.0413058022277,1,0
305,975852.0797040138,2,46,1,1,0,61,642795.0705063092,371.9526179437328,8,837.8413809055185,7,23,2,11,304,5318.914257681421,0,1
306,516300.35313819186,12,17,0,1,0,51,600945.484537719,1248.4967139512646,5,72.35725774132662,5,8,1,6,132,9541.306489269722,0,0
307,322956.47971168126,8,20,1,1,1,94,696079.8615670392,963.7463401212023,2,881.1051483565658,9,23,6,2,421,9023.461540815302,0,1
308,795186.1968168417,6,12,0,0,0,59,362501.9845315132,645.2431016876302,5,256.66168989591444,10,2,6,8,904,7902.446856566714,1,0
309,270832.2585537517,14,20,0,1,0,26,823997.6518799784,702.5762812021947,6,592.9847477554939,4,15,0,4,385,4073.321825160026,0,0
310,438971.4263159219,22,7,1,0,1,24,204087.66115576026,294.12931382841083,1,935.9941790017778,0,10,4,5,988,5643.396588429503,1,1
311,78456.39055770214,10,45,0,0,1,85,469040.7475181539,902.5957872933752,4,678.1225015366464,10,3,6,8,198,7929.126813041735,1,0
312,25350.753161950073,19,39,0,1,1,36,800938.7215414303,516.5892151817596,9,414.4298124670366,8,0,3,11,47,2730.1272252803624,0,0
313,962648.4150514409,1,45,1,0,0,48,180158.64773261925,1433.7290544110629,2,689.5342089054152,2,20,1,8,740,6264.497417787432,1,1
314,835980.1221524046,14,6,0,0,0,52,109863.11374078295,691.4642619771186,5,343.9796363163702,2,21,2,12,757,8279.34496917532,1,0
315,695974.2091339559,13,22,1,0,0,74,883683.9676879897,699.6752729130429,1,277.2584163491861,1,15,1,12,203,7074.550842781096,1,1
316,408952.95032474044,19,43,0,1,1,78,342929.6627591959,814.8265738713675,4,996.6832779346797,3,18,4,6,261,4794.811517103695,0,1
317,173294.32833790258,21,31,0,0,0,48,683870.124909032,1320.1286444909954,4,750.7902311797877,1,15,5,4,690,5846.087749467988,1,0
318,156437.05110671563,10,10,0,0,0,100,25348.60426393848,1153.1780637980405,6,644.7199773818177,8,10,6,1,24,9886.75554470251,0,0
319,250242.90566216636,2,21,0,1,0,70,690046.8884094496,649.6273005088916,10,355.28964321931875,9,7,6,12,687,6019.881926594155,1,0
320,549226.6692138538,16,21,1,0,0,49,316101.3115469705,1034.9269430008262,9,49.160829155048155,6,22,6,7,786,7856.179684008897,0,1
321,714595.9255541031,11,42,0,0,0,83,55740.85358744174,844.1791182442968,3,31.05687603515561,7,0,2,8,340,7266.050377728982,1,0
322,660197.3801157575,23,24,1,1,0,76,609812.761548117,709.0085501297984,9,554.1812554487988,2,20,3,9,412,7014.909140387477,0,1
323,279933.9041466039,20,21,0,0,0,27,240803.81607317325,276.93471280946477,6,762.032721039051,5,8,3,2,973,7163.6933874498845,0,0
324,954865.2811145413,14,27,0,0,1,19,386807.24205188,668.0682193750429,7,537.3791904438551,9,11,6,1,261,4544.102968717126,1,0
325,737896.9193167994,15,28,0,0,1,83,80580.8122865136,353.9787653125075,10,840.7850719391146,5,21,3,4,286,4741.607003579508,1,0
326,554354.0569678602,4,12,0,0,1,77,147163.25109494533,1317.3726957863828,2,33.426533093221636,0,7,5,5,513,4678.63269498045,1,0
327,611720.7501171448,19,17,1,0,0,34,297977.23549584375,482.98581143473956,10,366.7520764259401,5,16,6,10,86,332.5557395800088,1,1
328,419600.0682317893,5,1,1,1,0,33,89759.50056015713,1371.2601809280561,6,237.07039117417804,2,9,0,12,850,2410.6608926699314,0,1
329,247730.99702384757,18,28,1,1,1,33,910826.2646863152,767.5996177363842,6,447.272968157122,10,6,2,1,430,1545.6485208587615,1,1
330,355972.6850915348,4,20,1,1,0,63,6047.043183978418,909.4239052936708,2,72.37639319412249,2,18,5,5,581,8864.451249522459,0,1
331,757846.112885908,2,14,0,1,1,56,483860.2188643114,781.834240064632,2,954.1316415710726,2,5,2,6,31,2749.7009148358256,1,1
332,14393.498485820983,0,26,1,0,0,48,123247.45813255144,186.3080884320493,2,223.25540106936091,9,20,6,3,710,1384.4349602290592,0,1
333,116072.64934618982,5,49,1,0,0,18,307679.08947794855,541.182555371435,10,922.3077754835848,10,23,5,12,603,1197.6781214395303,0,1
334,46002.65156172633,14,30,0,0,1,28,926059.5598182655,142.77040167977847,1,425.8931550366818,10,23,6,7,440,6999.9013456232415,0,0
335,40728.81191168212,1,14,0,0,1,21,161694.55327398685,897.0538236240697,5,985.5241332552181,9,18,5,6,985,60.84304831648368,1,0
336,855460.5854564013,2,50,0,0,1,88,965832.3197183326,643.498841088632,8,554.0583834602107,10,17,6,4,349,4713.049304521065,1,0
337,703657.8623434451,16,22,0,1,1,43,205794.37698942173,1120.298359062149,2,930.8328641758075,7,14,0,3,895,1188.7198672709064,0,1
338,474173.8343455869,23,23,1,1,1,67,741566.1084668295,317.4774926390926,5,5.348988694222845,4,1,2,5,412,8496.635279725275,0,1
339,97834.16967265986,11,43,1,0,0,29,546677.2648973117,236.97512413824228,8,748.2388061809002,3,13,5,3,528,9584.503980021018,0,1
340,491615.8802006736,17,12,0,0,0,98,884478.7275967592,585.1184125878257,10,903.0506531025154,8,20,0,10,310,9587.546574602875,0,0
341,473471.776045848,14,21,0,0,0,92,553993.255503131,1334.2829518344688,5,139.72056697895408,8,9,1,9,949,4419.646669826604,0,0
342,173201.8781779965,11,42,0,1,1,82,534559.2191563087,1023.0074136178729,2,96.12585173215149,0,15,6,9,396,6445.151799199721,1,0
343,433851.65489945654,15,36,1,0,1,64,195458.0003683999,603.2500197018029,3,424.5726071859556,1,6,4,6,788,5997.045368066081,0,1
344,398504.7404123261,7,32,1,0,1,70,166229.3620516587,744.8719244462072,6,933.6789061329351,7,7,5,11,338,3500.3955134705157,1,1
345,615850.1018937154,13,2,0,0,1,88,916489.1511155142,121.26673609502161,5,542.3865601904388,4,9,3,6,674,4440.650473560398,1,0
346,635093.6545167073,16,18,0,1,1,19,327838.1988500341,1417.7892907816029,4,527.4564637217321,6,14,0,12,437,643.2463290958844,1,1
347,45304.01931900442,20,22,1,0,1,41,372082.25496289594,959.6265187606832,4,141.12611829932186,0,7,0,4,704,7956.992369724546,0,1
348,374612.62088034506,7,28,0,1,0,21,759823.6584283884,410.98185858732836,5,0.7895110932187865,9,12,5,4,663,2408.042713511069,0,0
349,625859.9194556372,14,29,0,1,0,36,338823.48242280737,843.5640876699518,2,810.1400907454612,4,11,0,2,365,4605.278706090451,0,0
350,503136.2635487251,13,38,1,1,0,43,952062.4466390028,157.65460713935133,9,87.57456298623822,10,7,1,10,923,4806.212529959103,0,1
351,856489.8426234239,17,43,0,1,0,92,737927.7689988003,1390.8048030829204,2,633.849818735324,2,14,0,4,113,5607.121784395791,1,0
352,658693.6350320088,19,46,1,1,0,57,597429.24257342,251.69038255204694,10,914.6164545151914,9,11,4,8,785,8178.76820011452,1,1
353,162934.43545208542,6,24,0,1,1,67,880895.1605447525,933.1636579995084,2,208.651913158431,1,10,4,10,176,6918.813543027035,1,0
354,70568.75669474236,2,36,0,0,1,60,49605.90834948275,353.45442605605984,10,665.2728362369108,1,18,6,2,149,6630.633860661429,0,0
355,642419.2817821228,11,46,1,0,1,92,257062.69218920876,1033.2883910138914,9,78.69857670750946,8,13,6,9,178,5267.45969059444,0,1
356,26511.320276508704,20,7,1,0,1,84,465036.33422091,1118.6227688260046,3,603.755143837613,3,17,3,1,936,959.5665899083497,0,1
357,585775.5854157074,23,41,0,1,1,29,226978.539471521,969.724409632463,10,163.93172095320273,3,12,1,2,382,4020.0906964238975,0,0
358,940230.2420226552,2,15,1,0,1,84,743905.1873021519,884.8792227674772,7,735.953560515178,6,3,4,2,223,9573.168939737008,0,1
359,575474.1821211372,19,7,0,1,0,44,919208.0310537252,1285.1554952908969,4,301.2312947939082,9,16,5,11,259,9955.480797401773,0,0
360,388169.93232482264,13,0,0,1,1,71,423770.1199309234,113.22246382525158,6,463.3910088046462,9,18,2,6,785,7304.984156027721,1,0
361,643288.222009471,14,43,1,1,1,83,342132.60011189495,476.51726272348105,4,599.4305420276216,1,8,2,7,189,2275.15735559682,1,1
362,458252.89590898773,13,4,0,0,1,66,961550.7321375662,357.5339706684182,10,171.27341066623958,2,22,2,3,306,1018.9154411274992,0,0
363,545616.793859767,6,2,0,1,1,33,444852.43282754085,1422.7401053742071,7,741.637818617621,2,6,6,11,378,4147.649442818402,1,1
364,941464.809361877,16,0,1,1,0,19,489048.4004492832,560.7212827202978,1,302.6403406368145,5,0,5,9,602,8565.720457874333,1,1
365,386102.6439397479,11,3,1,0,0,77,351649.8723419054,1054.962286906174,3,662.3718599127535,2,6,0,5,343,7218.645180307606,1,1
366,961190.5642120086,19,39,0,0,1,71,909548.4730121384,986.0042359886465,3,158.28305069937366,10,6,5,5,774,8838.923536488674,1,0
367,905350.6429025573,3,34,1,1,0,47,568955.4832818507,305.3969819674239,1,688.1176592063503,4,19,0,11,156,6157.766989213375,0,1
368,195791.1428313851,8,31,1,1,0,55,762174.5871816446,344.1566595046339,6,128.18807281046173,3,6,2,12,712,1303.2923426132772,1,1
369,69361.31018155244,5,41,1,0,1,45,811806.7183508864,405.0497715163691,9,425.3564962699836,2,7,3,4,55,1147.9685220219708,0,1
370,100778.01036964662,15,33,1,0,1,42,341849.0419172582,592.0232806935061,8,247.20607373887682,7,15,3,9,766,480.03254627826647,0,1
371,18221.83546933147,21,42,0,0,1,27,433694.33132038004,337.4280945367586,7,748.3752494281825,9,2,0,8,442,5670.804034935604,1,0
372,94442.96981149878,21,24,0,1,1,77,848471.7744062647,28.298135155460837,10,262.03500450687454,2,12,2,12,685,2428.8699373855243,0,1
373,683006.7765862892,20,9,0,0,1,59,363255.35167581023,1266.3260018023616,8,881.7173063953962,5,9,5,4,200,7343.839069713092,1,0
374,71188.65774834249,20,20,1,0,0,57,793935.1334518513,1390.478157188473,6,891.8202114066129,6,17,3,4,403,6862.502496075715,0,1
375,318975.637104005,1,45,1,0,1,94,940992.3225744371,491.86135732545785,9,196.44131522278585,6,6,0,2,614,3181.1142429757456,0,1
376,844875.3125207014,23,38,1,1,1,59,623210.373068007,487.4499063726809,3,613.8459450077243,1,20,5,9,797,1768.024896623979,1,1
377,23271.945503106508,7,26,1,0,1,64,741627.2874518889,10.212210395094221,10,87.71764171996432,2,20,2,3,663,1024.0124739565142,1,1
378,814468.4844442509,10,26,1,0,0,54,805097.3120411349,979.5609911957387,10,391.53709960162917,9,4,1,4,623,7373.155364978232,0,1
379,281854.78195485217,12,1,1,0,1,97,845039.6488966425,1188.6334498780254,9,713.3217295012722,9,22,2,7,928,4504.415449849378,1,1
380,118164.83644000797,16,40,1,0,1,39,395053.337856796,211.11595251840455,4,659.4232468499163,3,23,6,10,778,3235.305906482248,0,1
381,696737.168396779,7,47,0,0,1,74,51263.45917599817,229.91954308869705,7,624.700669406608,6,21,2,8,603,8566.531591532963,1,0
382,628942.8504904555,20,12,0,1,0,44,401876.2712367395,1137.7198799588703,9,282.5408636624436,1,6,5,8,177,5936.136229561675,0,0
383,877472.0147523328,17,8,1,1,1,58,673756.2297840897,887.4586776299683,2,378.024949434402,2,21,5,4,449,5180.028183942481,0,1
384,735071.0464531754,17,35,1,1,1,97,450350.3857807928,64.5992029839125,2,102.94614470028618,6,16,4,7,743,7433.794215964508,0,1
385,803480.9323500392,13,21,1,0,1,51,748963.1508603985,896.4676662656856,9,719.0228204336009,6,3,4,10,541,8155.833246521481,0,1
386,282034.57975096075,14,41,0,1,0,49,356982.4294686639,444.8415208950231,3,503.88879679127353,9,23,5,1,955,6860.734693495641,0,0
387,177439.5520053274,5,25,0,1,1,83,634744.1411040295,530.9642238780182,9,708.7656323456546,2,22,5,6,301,4400.068785930341,1,1
388,750614.7541347109,10,11,1,1,1,29,186419.80485397458,1108.4132423475075,5,248.94352479687277,0,15,1,6,707,3792.9941337339483,0,1
389,806834.7411989166,12,16,1,0,1,57,749369.4366449569,1167.7466774485592,6,324.4382286350662,2,18,1,6,307,7716.65166607764,1,1
390,990505.1420956219,0,13,0,0,0,90,545695.9688130259,576.5135426493562,2,334.21533726011467,4,9,2,12,751,5179.076427331254,1,0
391,412617.6827852497,5,13,0,1,1,93,204064.3885466006,1363.900227849151,8,25.7424097472162,6,2,6,2,869,7043.863741312978,0,0
392,372018.0920726023,8,33,0,1,1,90,291911.1734978073,585.306313850984,9,341.04787283062353,3,2,3,8,991,8903.988986817629,0,0
393,776412.9629778672,7,19,0,0,1,27,748608.7085818324,1111.4438907313584,2,803.3045735180335,10,16,6,5,896,9158.907188460684,1,0
394,340803.5468449824,10,10,1,0,0,65,482601.2356615207,696.7832609725331,6,897.2984957497385,10,9,1,5,267,2777.1636152493343,0,1
395,930757.3262959914,21,15,0,1,0,37,216031.4403930722,1292.446550191801,6,518.2183156359274,0,16,2,2,214,1878.9076238256382,0,0
396,858412.7532588843,18,50,0,0,1,56,967271.1903702976,1307.1761908562573,8,455.5016952192202,5,21,6,4,594,2612.8809904947752,1,0
397,428994.03308507806,23,30,1,1,0,77,715125.0198168879,125.88020333436076,10,30.824618699370255,1,16,0,12,640,7513.720191637322,1,1
398,750871.0702827867,8,5,0,0,0,83,957134.8325397961,1348.550397086725,5,879.2043375853826,2,20,4,9,483,3700.5866598812413,1,0
399,754542.8765392536,16,18,0,1,0,82,427105.04536034324,1188.7701717893985,9,13.010213425872719,3,3,6,9,262,1733.9010745204891,1,0
400,103123.87780469391,11,36,0,1,1,68,475100.3406917205,1139.4874286102404,1,944.7500802102118,5,20,3,6,67,983.8639412147676,1,1
401,902552.9076540376,13,3,1,0,1,53,897955.2161850191,289.3123291471523,9,489.2162486880907,5,22,2,11,574,3273.1386151649904,1,1
402,505252.37739533343,14,46,0,1,0,41,525049.3402453846,1159.3716606067176,10,341.9344935747266,6,5,6,9,133,1361.3730421407097,0,0
403,826457.467843167,15,3,1,1,0,44,707278.9119056672,1224.191137946453,7,924.21843484266,4,11,5,4,649,1563.744561596944,1,1
404,320049.60783011577,21,19,1,1,0,19,252172.87749552997,416.3764816139774,4,24.390993110096737,6,21,0,11,540,6838.842895622967,1,1
405,895523.2295409682,21,9,0,0,1,48,446726.46870264056,1371.2545128417462,3,581.4248948690871,1,19,4,1,512,197.33075936309612,0,0
406,389201.68484214635,19,23,0,0,1,74,123449.86581035511,71.79861081479652,10,548.9325244993377,0,16,0,2,211,1175.5414407217636,0,0
407,10837.661371921846,0,34,0,0,0,95,205980.0358769617,215.8693246758811,6,219.3204012113821,9,16,2,1,988,8443.656468476052,0,0
408,905381.977365444,9,25,0,1,0,83,943.415267631087,774.1168387941806,1,428.8874313502106,7,9,1,8,987,8449.142401041681,0,0
409,91286.68587326679,7,36,1,0,0,46,39265.051648660236,829.1411584161259,3,652.2640059437703,0,6,4,9,717,3292.441495200982,0,1
410,319313.6443972785,17,37,0,1,0,32,977283.8231769293,929.0161199533009,2,727.1311968819275,1,15,0,10,253,879.5392041572062,0,0
411,950061.9675501853,0,20,0,1,1,29,242353.6951367623,24.4355462142717,9,0.7168587065797816,10,12,1,12,38,7049.70628836872,1,1
412,950607.1474314847,1,39,0,0,0,45,663310.709504002,1382.9281554558677,3,936.8534300910153,9,2,3,6,43,3601.3232764218665,0,0
413,573437.8923889073,0,38,1,0,1,41,839099.6987996115,64.20685353716735,2,164.5253723928124,5,1,2,2,629,454.65581740298626,0,1
414,631837.2158514272,0,20,0,1,0,38,550660.4592365642,206.00921192169943,4,233.5804342223592,0,15,2,6,405,1578.2782347281725,0,0
415,448445.52749386453,8,9,0,1,0,27,153144.5000839562,20.18090523752205,2,263.47344569384825,9,5,4,9,987,1372.1567474921233,0,0
416,293210.7787659568,12,37,1,0,0,95,728116.4373361664,816.2761439434963,1,37.82013655203531,2,5,0,12,702,5891.167547113184,1,1
417,328664.5520832705,0,45,1,0,0,35,600251.4100995831,1342.4643128462,6,123.05212359032491,6,12,3,3,46,8981.176854859777,0,1
418,672518.4593518538,12,3,0,0,0,31,731250.5893473751,958.9639191558684,10,986.349922944162,7,6,5,9,454,7930.722402514241,0,0
419,752374.5319139347,19,44,0,1,1,51,769746.6228570872,1184.6267546118154,8,315.21673737728605,3,4,4,2,678,5465.16498501185,1,0
420,791579.0458100581,21,19,0,1,0,75,975410.3676847451,19.124932980355318,10,115.30109033904934,2,23,5,11,305,4221.557427723152,1,1
421,789618.1448983725,6,16,0,1,0,93,573563.28002671,780.5020298108055,10,106.99126117462332,0,6,4,5,715,6186.770903921559,1,0
422,91206.11213662934,1,6,0,1,0,39,341641.11269060185,661.7706876079515,2,719.4599676699719,8,1,0,11,233,4438.132971673399,0,0
423,494420.3097583784,5,3,1,1,1,87,648464.5569002371,718.513839677942,9,854.5686640326409,9,16,3,2,245,2460.998764771934,1,1
424,57558.769441056684,6,28,1,0,1,53,68440.70924262614,103.98698688267064,3,256.9522995084699,5,12,0,7,721,6791.977761548243,1,1
425,549528.8868284468,13,13,0,0,1,62,897397.3183215864,985.5869199398028,8,20.90951233523497,5,20,2,11,760,8732.440724973752,1,0
426,441530.506958072,17,2,0,1,1,53,119381.01133819678,724.6373973964336,8,223.0900184453558,8,20,5,10,295,3728.7095781052985,0,0
427,887704.1838812579,14,23,1,1,0,39,327842.83788581827,1101.81434380022,3,56.51569079675733,0,15,1,9,839,8415.386261528693,0,1
428,350915.0190429286,1,36,0,0,0,95,815745.380626121,698.8185130488702,3,103.39493663004151,5,19,6,7,383,4310.82615401444,1,0
429,117067.0252569357,9,15,0,0,0,97,597312.3783307119,215.1095561660622,6,431.5081198476424,4,1,2,12,158,4013.365417634829,0,0
430,142991.69062291904,22,3,0,0,1,78,393635.52027744206,933.4900138720637,1,229.91837086163258,10,4,2,5,405,283.2532922267012,0,0
431,761510.6341023659,11,23,0,0,0,73,473435.6593750214,248.23636143143938,4,515.9458785254234,5,17,5,4,1,6952.79206088509,0,0
432,618218.0671340805,16,33,0,1,0,50,854547.3932021803,1256.2481712309334,1,253.49375325719038,10,6,4,12,217,8075.027176112978,0,0
433,101122.68511156348,7,29,1,0,1,62,340004.38605989213,882.8873842597078,3,940.5373011029476,7,10,2,4,928,6635.572560016414,0,1
434,84106.81527392937,10,17,0,1,1,53,869649.6848121713,226.37359232201413,9,905.9439679262646,4,10,6,10,507,1513.618000309921,1,1
435,700969.1344494286,2,18,0,0,1,37,88134.4309766915,1385.7668027729378,5,566.806105010466,1,21,3,8,761,1032.9436425917556,1,0
436,72763.01563656346,5,30,0,0,0,35,776798.4372086307,746.4462672028617,5,354.42399198738616,1,16,2,10,904,5728.5917875978785,1,0
437,821860.0610717556,8,18,1,0,0,55,847547.6330547363,104.9737706951832,4,381.14688203473554,9,15,3,10,581,4015.1685266834775,1,1
438,706242.2300940739,5,48,1,1,1,84,181817.65283733874,902.6393823576968,3,411.85228314449694,4,12,0,10,30,4290.983543878061,0,1
439,81348.78982841196,8,45,1,1,0,40,430346.53237220045,364.6064260984467,5,727.579322134944,2,21,4,10,627,9678.00278942761,1,1
440,84837.72323681477,6,18,1,0,1,33,165499.7746636556,1157.3185707033156,4,451.63899551883793,9,4,3,10,520,7239.2294727039425,1,1
441,986639.5786347797,8,21,0,1,1,76,706604.1289942177,1177.6637859353145,8,856.7299465058974,2,19,2,1,881,4117.883274200175,0,1
442,374270.80201341235,17,23,1,1,0,86,535347.7680616567,1409.684192430713,4,944.0947859303645,7,15,4,5,275,191.00260742435046,0,1
443,370642.15336046944,11,44,0,0,1,85,635323.346708321,722.6921246752853,8,335.94615337893384,6,21,6,2,492,340.9666375757241,0,0
444,812799.5691295069,7,11,0,0,1,38,196486.96695621114,655.1379068079415,6,560.6944813756801,0,21,4,11,827,6848.0401084216055,0,0
445,947248.5779113729,7,29,1,1,1,95,211745.8620524195,1085.004871842932,5,95.05653683256443,4,15,3,9,951,8377.389217790043,1,1
446,986001.0639628603,17,37,1,1,0,95,41497.32550990637,190.75774513237425,4,200.46904776635898,8,15,3,7,926,7077.029218470542,0,1
447,753378.1877251598,19,30,1,1,1,87,322067.53519572975,787.5583398620988,4,413.4657667101601,3,13,1,10,847,4058.883467169728,0,1
448,376259.5917683199,14,35,1,0,1,29,559744.6613336749,786.5965441884254,4,206.20271590177884,0,5,1,8,36,311.3670679483163,0,1
449,83500.72586366159,6,18,1,0,1,33,857934.9139973288,128.8412968469576,9,876.5604907887175,7,1,4,6,311,9674.016628335996,0,1
450,777146.9181559676,10,47,0,1,1,98,666927.4474586807,601.8970831299555,4,158.28625605909806,4,13,5,9,44,9863.360758220246,0,0
451,558404.2541517626,19,44,1,0,1,31,435396.32339975145,1228.7301099367708,9,455.660821553092,1,15,5,6,155,5493.650020797172,0,1
452,424222.0150047562,15,35,1,0,1,78,953120.1143941378,1232.861215672311,10,605.6992404598757,0,22,1,7,77,706.7189402414089,1,1
453,906354.3860311921,3,29,1,1,1,88,719245.2005758318,142.90223748434065,6,691.8639081608444,2,19,2,7,590,5409.72964941961,1,1
454,111197.49119417652,5,48,0,1,0,63,930165.20286255,130.63807115687644,10,383.06936972650675,8,12,0,9,613,8923.385778823382,1,0
455,492625.1093646081,21,32,1,0,0,49,527587.9732721656,378.28148688278685,7,869.0990687247286,0,14,4,11,438,6799.858301427033,0,1
456,11353.65465388262,2,17,0,0,1,32,258904.2747931396,1259.6631300777506,10,568.3191510779255,3,11,0,8,432,7199.895110434933,0,0
457,468660.64730751986,8,48,1,1,0,61,52826.68636472199,185.61972250583847,3,439.5077804475518,7,8,1,1,542,849.7075246241185,1,1
458,56303.2851188046,9,27,1,0,0,34,726084.8514838505,1036.7953957835225,8,67.24063405203663,7,17,3,4,39,1065.125305201644,1,1
459,118817.92507989275,13,46,0,0,1,58,121302.99800553413,145.67849224286863,3,464.689468445165,9,20,6,7,239,1273.4964902710888,1,0
460,117526.25560184241,10,10,1,1,0,71,302775.1282719672,897.3185093968685,1,820.7358408157303,10,13,4,11,13,9043.769292841589,1,1
461,649210.3056239606,17,44,0,1,1,61,532470.9078838974,512.7369107315685,10,614.5410182213154,10,19,1,8,122,5258.50110414177,0,1
462,746044.8818049745,21,32,0,0,1,22,564416.5877797477,1136.0361066708485,5,832.1624537291184,7,3,2,7,144,7915.753048178948,1,0
463,583368.769263472,11,16,0,0,1,44,600583.196987136,336.5142463085236,2,494.0116705993056,9,7,6,12,684,1152.9214459234033,0,0
464,962172.5488528165,22,5,1,0,1,95,166255.33034970064,920.4506343215422,10,118.46170509448184,7,7,4,3,455,9276.427778658894,0,1
465,374870.5857749983,11,3,1,1,1,96,379737.4048216487,339.3828497892743,6,13.63984583588107,3,21,4,4,368,8211.422703551187,0,1
466,285712.0934247399,12,19,1,0,0,60,617194.2271169667,1027.6708076815014,10,303.2195467185912,7,21,5,12,759,2247.6492001121137,1,1
467,868599.129503469,12,47,0,0,1,48,969818.8646337847,1258.0963697674783,9,697.9904714977924,8,15,3,7,247,8741.823591117201,1,0
468,223595.84628349426,18,46,1,1,0,34,727631.1376996887,182.59459074253445,1,790.2599039416938,6,23,4,8,923,2634.4349595404988,1,1
469,963222.5398083859,18,26,0,1,1,100,922603.7570939579,1247.8977915775251,4,295.7528346203294,1,9,3,7,45,2053.4067399917717,0,0
470,12154.484568271595,22,14,1,0,1,71,762212.0583141771,854.748366356589,1,495.6539208832471,8,20,1,6,765,2642.4467256827556,0,1
471,969878.8270088508,13,5,0,1,1,79,591716.9688924004,183.0391068485145,1,421.1189044340816,10,16,2,9,375,9099.551533175461,1,0
472,43159.921518977,3,46,0,1,0,49,192023.36913634455,615.6602717179853,8,410.52278435142784,7,0,6,9,291,9155.92069922884,0,0
473,891143.1147866399,12,13,0,0,1,57,666685.651892513,231.63882261854096,2,231.34871320015048,4,17,6,11,207,3289.9644569219413,1,0
474,527701.1138092888,7,10,1,1,1,30,623379.565959907,1008.5009599678601,1,136.37110502945836,2,9,2,7,924,7054.344796603662,0,1
475,992964.7961896524,22,38,0,1,1,52,602469.1704572664,1092.7701135618474,8,196.6885582312131,6,20,4,8,995,6757.455794189281,0,0
476,73796.57399743321,20,8,0,0,1,22,489785.86798824073,152.3469891928305,4,55.3323871633461,1,3,4,6,519,8065.628255677711,0,0
477,553854.288862778,22,25,0,1,0,90,528656.6039892756,728.8413878802878,3,198.13074182357704,2,0,1,1,958,2965.102036326309,0,0
478,969302.5359260736,18,15,0,0,1,46,334442.52711810404,1173.0600806773207,4,9.200897625379456,8,3,5,1,242,5101.390317718599,0,0
479,523097.84893917036,11,4,0,0,0,87,519312.6926423032,1348.074779833435,5,627.2584006359783,3,3,5,6,622,6676.742833343358,0,0
480,629398.6418412762,17,9,0,1,1,42,197555.90567847824,739.4657281081488,1,316.37540738768286,3,3,5,2,114,262.57792553087234,0,0
481,695748.6920271303,5,49,1,1,0,39,805174.3973603768,1368.4020820004262,1,973.1447114269087,2,16,3,8,819,3767.393685922093,1,1
482,454541.0702223626,17,2,1,1,0,83,185776.95469870782,771.392117456683,3,193.71705077629787,4,8,5,1,302,6958.886617902112,0,1
483,627558.0838084826,18,12,0,0,1,62,84966.28988946641,567.6343122238675,6,345.8285703095939,2,18,2,2,276,2525.958405240403,0,0
484,584314.3160799572,21,42,1,1,1,86,436246.0263571574,1221.4125051161695,1,357.8411586415332,8,12,6,8,96,9577.041493023802,1,1
485,901158.0114794088,4,48,1,0,0,89,658307.4395060618,709.8951030596482,2,8.451496062460539,2,3,6,12,294,301.62341345467445,1,1
486,45446.38988699407,23,29,0,1,1,18,437716.82493354136,679.5396152129132,7,839.207953039459,1,4,3,6,701,9580.872295002353,1,1
487,280963.19678259845,8,44,0,1,1,61,276754.1319513086,706.0499847501527,1,31.99446014432472,4,12,1,12,360,2167.6465124653205,1,0
488,950411.4845724439,2,5,0,1,1,92,558171.1838904407,1219.3704026924333,7,940.1798347292414,5,22,2,10,288,488.2299310332806,0,1
489,890263.7849882785,9,16,1,0,0,56,347002.33541219996,1197.9958200307951,4,892.0743510936206,0,15,6,2,154,2924.7474074952424,0,1
490,455656.75822914543,18,44,0,1,1,71,932867.690126633,581.0687891139041,10,535.5219160859635,10,21,2,2,570,7862.825210079181,1,1
491,620132.6016002108,2,50,1,1,1,92,922645.1396035721,479.951798213556,6,543.595574911292,5,4,6,11,423,7524.422540060467,0,1
492,277381.19020732085,21,18,0,0,1,46,502371.8199720954,708.3763546163461,8,653.7779229561563,9,7,0,7,916,2088.4120758237564,1,0
493,188121.1678425497,14,41,1,0,0,71,327883.9940182585,824.792414021437,9,387.050011934887,2,15,1,5,850,1967.9093680166582,0,1
494,463698.4103029981,0,34,0,1,1,33,737132.4139566391,343.2055833043156,6,647.2222833978554,3,0,1,5,50,6425.802732246249,0,1
495,353352.2344925305,6,45,0,1,0,37,36712.94348306664,1143.2953219904505,9,44.76838868848687,5,22,0,8,207,4580.832315930408,0,0
496,583656.116014311,11,25,1,1,1,63,474769.00604365126,700.5351826546889,4,54.04762734972657,7,5,3,12,564,7922.901610409489,0,1
497,77734.64618763846,16,50,1,0,0,84,336323.3942703335,481.0255897247418,6,457.23041961954436,8,10,6,12,854,241.33754559774897,0,1
498,974394.8079222185,20,4,1,0,1,82,920535.8851025547,153.82222986814648,8,549.6223011060349,5,15,6,7,883,6104.122503487103,1,1
499,986210.7446174955,23,28,1,0,1,75,12003.027272682542,343.93703098119397,9,887.817640335819,6,4,6,12,662,7306.722815678637,0,1
500,698161.7170381281,19,36,1,0,0,70,552814.8757183491,1366.9648873286164,3,104.66063390789625,4,15,5,9,565,9933.861186425569,0,1
501,536096.3709831567,4,19,1,1,0,18,740663.581066626,439.3435490201183,2,822.6479271938894,8,6,5,4,213,6787.820154551527,0,1
502,309527.6231910516,3,48,0,0,0,98,485017.98752404127,243.15737668853086,6,210.04733729206959,3,18,5,10,66,2318.4592470480975,0,0
503,813795.0215689985,11,20,1,0,1,83,85403.03016272165,663.3688199831902,4,394.0836485100319,9,0,5,4,232,1081.870866938439,0,1
504,684731.1757065676,19,9,0,0,1,46,972461.3900279022,442.20635043875814,1,316.6024348274129,10,8,5,2,885,6409.171337273007,1,0
505,162616.9477187219,23,4,0,1,1,87,518010.4313760979,50.62932039051958,8,400.15527286539896,5,17,0,3,811,5231.835443351485,0,0
506,910927.1853845706,17,35,1,1,1,25,614186.2443190113,465.32911288236085,9,150.49549807258555,4,12,1,1,850,8991.453892997279,1,1
507,822537.2446977965,16,5,0,0,0,46,236609.78270750731,783.5164184728347,9,503.57007440355494,0,14,3,1,663,7266.082945732538,0,0
508,949799.9137939248,18,25,1,0,1,68,483498.0851068038,794.4658157087524,2,801.6425898313672,4,2,2,7,717,5097.429403001706,0,1
509,725719.5111311649,8,3,1,1,1,50,429149.4919583219,513.4448464947197,9,441.53401037889694,4,23,5,5,320,4035.9006717567686,1,1
510,613415.1998016379,3,38,0,1,1,20,74895.84200198374,644.1159690037449,7,490.6135758981991,8,9,0,3,767,4043.752951961207,0,0
511,418243.0421081885,20,38,0,1,1,77,106160.35354746722,1390.3458022580637,5,848.7675852813143,0,8,6,7,137,2263.050598469484,0,1
512,932728.4840267284,1,49,1,1,1,52,837472.5196187745,543.3818072116487,7,706.0581146380308,4,12,3,2,881,173.269544297253,1,1
513,866063.8908397695,3,34,1,1,1,86,239819.95220659024,371.8466110943755,9,490.45440851978475,6,15,3,3,647,5749.11013296518,0,1
514,45218.679654002706,1,0,0,1,1,93,194958.27149863055,350.5925434561346,8,257.6956481891797,10,2,3,1,937,2124.155201084827,1,0
515,26366.984233582258,14,23,0,1,0,37,504911.4512501393,659.1810422939532,6,884.9267468449666,5,21,0,8,566,2083.2770940112373,1,0
516,376463.37311341596,1,35,0,1,1,90,768747.1313625129,1093.7090141523995,4,577.0204016905584,5,22,2,2,65,1253.8210329525182,1,1
517,810553.3326762996,3,5,0,0,1,56,61946.51857898792,296.6229852314014,1,221.1476101106934,6,14,5,7,514,1895.9630058120256,0,0
518,987276.1294421832,5,40,1,0,1,21,576807.9196382558,1021.386423082706,6,269.11975263801037,5,16,3,11,132,317.90117765988117,0,1
519,150416.89959935928,6,45,1,0,1,36,119210.44284057336,30.45574562315945,3,803.1330889362459,4,13,0,9,334,6742.317755170822,1,1
520,594130.719410828,9,43,1,0,0,62,36461.050825618455,603.2634882968823,6,44.14556208745546,9,6,6,6,32,4013.9771491557794,0,1
521,380890.862822113,18,30,1,0,0,60,52743.95216221739,1117.2456938920132,6,992.09218702882,4,19,1,2,868,5615.250372485463,1,1
522,969914.3981154592,18,19,0,0,0,30,834164.1082084413,487.77545631518126,4,130.35167971479177,8,15,6,2,898,6369.579810631815,0,0
523,842118.9247145194,21,23,0,1,0,30,117972.48362806157,811.7814260813752,2,796.0685253969374,7,20,0,9,872,9724.84589791597,1,0
524,838328.7063278508,11,24,1,1,0,77,45151.36441229195,295.17009526931156,9,394.77531677168287,9,7,0,10,498,682.6679758963513,0,1
525,468693.1651080387,2,35,1,0,0,74,437899.88714291225,1068.473363221688,2,492.21618328746683,3,3,0,8,243,4179.182669137532,1,1
526,414819.50818947016,12,20,1,0,1,69,843993.4719420248,75.28190870701386,3,880.6505774645779,3,19,3,9,192,2458.9868762854753,0,1
527,273407.0791966355,17,29,1,1,0,70,262408.3764893019,1227.6614086207205,10,412.9111895892132,9,23,0,4,142,4767.124551448823,1,1
528,56375.50608717215,7,23,1,1,0,60,421712.6175259164,285.40279644720215,1,537.4937536732344,4,14,1,4,660,9204.723801415876,0,1
529,864722.3776078294,20,43,1,1,1,100,39922.53256375122,1259.1331656599962,7,49.29966240916994,2,4,3,2,601,7239.845412638861,1,1
530,812901.0110010675,14,41,1,0,0,89,449078.51413487585,507.64210747274495,1,2.3474738674531537,7,12,6,10,561,6619.499245303068,0,1
531,999717.6732889538,0,29,1,1,1,89,577613.0806371337,1040.6643472432606,9,244.7998730017259,6,5,1,1,648,4412.46435185301,0,1
532,996636.837107537,2,21,1,0,1,59,570907.0537521448,459.6844288121114,1,680.5830929187673,4,4,4,10,988,6711.128272619375,1,1
533,555431.7100483103,7,27,0,0,0,43,332426.69217436516,1304.5128065778924,5,121.2648933591367,9,16,6,4,191,323.7634489903081,0,0
534,768987.4174906363,3,6,1,1,1,40,315533.18066313554,182.35746074645908,7,113.76195880454942,2,6,0,10,942,5862.390857912224,0,1
535,944765.7304347707,15,34,0,1,0,60,106623.61893659788,257.0684965525421,3,410.9606080359033,4,5,5,10,149,5537.770088226856,0,0
536,849647.3921809376,22,27,0,0,0,94,366798.3206462684,709.9633802286753,9,647.8370386082265,2,1,5,11,599,3466.4108532276086,0,0
537,247348.10926971666,9,13,1,1,1,45,99494.66887296466,117.99135221493043,8,712.0719922479306,9,10,3,8,416,2015.1492390998296,1,1
538,450544.1408046522,11,9,1,1,1,26,766595.9447120517,282.2114659705372,3,178.45067409837478,4,6,5,2,520,8075.5574344375,0,1
539,129159.42385990082,13,15,0,0,0,37,966274.2977481858,1359.0235903853006,5,79.58814737204246,0,21,6,12,735,538.6306059298201,0,0
540,954051.0277182121,13,15,0,1,1,73,970074.4566667068,1406.1451120529575,7,940.3970339455442,5,20,3,11,869,696.7379475072335,1,1
541,606174.6383891337,1,30,1,0,1,100,865071.0993753938,541.8134342358076,4,260.6663825621017,9,7,6,8,16,4405.223034624026,0,1
542,228642.81321703468,22,41,0,0,0,56,600792.1493396191,1329.5318702600673,5,853.3464976087238,3,4,0,1,808,2525.552948540577,1,0
543,671700.6876888499,4,24,1,1,0,68,700865.6972438799,784.5475329697417,3,863.4914504628183,3,17,2,1,106,7454.526680546069,0,1
544,618128.2442766135,4,12,1,0,1,29,285205.80268041405,388.42915085822455,9,772.5225917625445,7,21,2,4,283,6341.904427311141,1,1
545,358162.7244512133,5,5,1,0,0,96,630770.4201726207,1011.4541583560621,10,168.83360665257007,1,15,1,7,104,7725.350235918353,0,1
546,113557.60106405309,12,43,0,1,0,72,455649.54943987745,948.8186014677943,9,821.8014592542004,3,13,0,9,361,3246.7963165884476,1,0
547,671573.1988770677,8,8,0,1,0,95,482017.3397769325,1424.340459516576,7,769.2505592415866,1,11,5,5,658,7405.191990989278,1,0
548,520307.7057007163,21,44,1,1,0,28,757776.560375158,381.66809386936796,10,596.7229901062171,0,16,0,2,35,8623.033737231628,1,1
549,772318.3940124554,14,35,0,0,0,43,281918.3555972516,967.765683832899,2,337.20203516895276,9,4,4,12,113,3452.751491440773,0,0
550,520163.5059103584,13,42,0,0,0,59,318039.6116945199,74.91420724240353,7,262.5086042665441,2,13,2,7,308,3398.9648126601223,1,0
551,852181.5017967251,23,19,0,1,0,44,924641.7911286367,163.65029572327595,7,121.88921208035896,7,5,5,11,911,8999.515039550224,0,0
552,551906.8432554172,6,17,0,0,1,28,56224.29485097225,5.642459929574297,5,509.7570669008714,5,14,6,2,959,497.91203397455945,1,1
553,560937.9759260066,19,42,0,1,0,55,485634.2984133404,1439.2233807259292,9,585.2608755098465,6,6,6,9,53,3501.9005554143864,1,0
554,876653.603891809,1,20,0,1,1,60,912800.8004078617,1155.274123892368,3,359.3389905157872,1,13,2,9,859,1186.73373399312,1,0
555,403482.8721775684,6,3,0,0,1,36,610363.007818157,1132.8811412162988,4,475.3590676808686,5,17,0,3,81,289.8156126938598,0,0
556,134015.23711048847,5,49,1,1,1,81,546407.0742121321,734.0055484149788,1,363.51445736926667,7,0,5,8,616,1128.7030477740448,0,1
557,28782.68602551221,16,32,0,0,0,23,249744.1792293552,432.0965993838335,6,641.0060573207013,7,5,1,11,834,4312.463599344858,1,0
558,755137.2581222465,1,26,0,0,0,63,343275.4890644483,217.82056962625333,4,901.2592077965634,3,2,6,4,369,6869.563822717215,1,0
559,620309.5551503692,2,6,0,1,1,59,852048.4158046929,409.93162393890765,1,163.92026204694488,5,4,0,3,242,2892.831351595385,1,0
560,704079.7710584259,4,5,0,0,0,82,559218.1317684582,541.3985595779603,2,381.4088099031234,4,11,1,1,31,8496.754577258173,1,0
561,212964.16937926912,4,14,0,1,1,89,514742.1937567799,1089.0865396516235,3,140.8686039508613,8,10,5,5,829,4376.161911227213,1,0
562,136371.484223055,0,17,0,0,0,76,99579.71354002893,777.1129760205395,9,624.943770407832,7,12,2,11,704,9682.280827336926,1,0
563,14544.675522435273,7,31,0,0,0,69,16028.156455123122,111.57642223989507,8,728.8705094885958,1,15,4,4,869,9541.557152880305,1,0
564,350587.5653007214,11,10,0,0,1,64,963685.1886870491,25.961772900833626,7,931.9127325974558,6,17,3,1,361,7732.764493905924,1,0
565,589917.6909554562,23,19,1,1,1,24,376986.16728684166,147.35833852905094,4,278.8719262609649,6,16,2,10,233,9324.05563741122,0,1
566,392244.0511772919,3,23,0,0,1,28,603213.0620995043,591.1181477242262,1,950.2112058654302,10,16,1,8,610,7070.963690650355,1,0
567,437474.9276489798,12,14,0,1,0,78,79715.07318728499,1343.7978005505863,8,63.2626718206748,0,10,0,8,34,8955.832944079913,0,0
568,904158.6954521615,22,47,0,0,1,85,683114.2857230465,917.8595729412791,4,603.0138633645881,0,19,6,8,243,2364.7448089258914,1,0
569,348255.4735407457,14,6,0,0,0,42,932566.7087059609,1154.6292958207418,3,57.132719343329974,3,9,5,3,951,3454.2085475659846,0,0
570,513989.49401991593,10,20,1,1,0,29,575665.2529974197,671.5794160865499,9,893.7741877619449,4,15,2,6,59,7529.303130747956,0,1
571,783653.0149046129,9,41,1,1,0,43,126115.32237541057,520.7991598008616,10,529.8090570700541,3,1,6,12,771,4245.618136453189,1,1
572,396542.78835584235,2,25,1,1,1,29,581721.5274734767,156.09653671193672,4,669.348350762796,6,16,6,12,529,8373.27596497084,0,1
573,622086.7040070065,21,43,1,1,1,60,766347.2131046524,1261.3435519481352,4,831.5739259104525,2,21,4,7,78,8776.389939489036,0,1
574,862363.7101231081,13,13,1,1,1,68,406416.53657401865,1127.7504418001802,9,150.31062248396876,6,19,5,9,718,2997.301849914402,1,1
575,949520.6241624359,15,36,1,0,0,54,879837.7479414678,242.09006054072415,2,38.59156193813384,7,9,1,5,302,8234.509847387653,1,1
576,147073.48945830314,9,20,1,0,0,63,648682.9533573645,737.6552119818151,5,878.8811459128522,5,12,5,9,678,1542.65116800879,1,1
577,926587.6258956181,9,17,1,1,1,70,899248.9182892025,701.8197234065926,4,314.9332274589325,5,11,5,6,803,3341.973773401375,0,1
578,492116.29815837526,11,4,1,0,0,97,623505.3112473373,900.1318358686012,9,128.97890792716527,7,14,0,10,897,5179.6543315643785,1,1
579,258244.39571651447,8,2,1,0,0,30,131287.97200482423,1362.509127347416,5,468.46123708708654,7,6,3,10,112,2264.445356601301,0,1
580,459135.76164690376,0,22,1,0,1,71,309691.7111051891,834.8708761379706,9,598.3060756960188,6,21,6,10,413,5792.682503073697,1,1
581,980032.5754851513,4,25,1,1,1,74,201794.94825245693,777.9128641612108,9,30.970603422510123,5,20,1,4,900,5786.955000225678,1,1
582,492618.0990666887,19,36,1,0,1,21,908826.4977168624,72.46502342591609,2,274.89565825708775,5,12,0,1,317,2069.036879480109,0,1
583,328751.6169999921,7,23,1,0,0,92,760400.0672874827,90.58676546595447,9,32.79987427689601,9,11,6,1,865,7956.415492441118,0,1
584,633400.8579827172,10,48,1,0,0,66,676398.368910006,269.779379510576,3,420.335389195499,10,11,3,10,145,6316.448577670075,0,1
585,240145.62637673688,11,18,1,1,0,24,300966.3196316217,46.75791123611752,4,895.1000290662444,5,1,0,5,668,3177.6118906444744,1,1
586,75863.33735003063,0,50,0,0,0,28,184044.77205021353,1070.428169620818,1,982.6524114935692,7,4,3,3,690,2321.8555128550847,1,0
587,128879.730621852,21,24,1,0,0,71,756451.0879889118,1041.5956377513069,1,637.0475535036276,0,1,3,5,858,8787.502600843547,1,1
588,128045.84767731404,19,20,0,1,1,62,474157.9458790797,195.92097758156584,1,161.63769378459182,4,22,3,5,648,8357.424094824075,0,0
589,151902.70199326743,10,11,1,1,0,40,225789.5521506291,1203.9536171452046,9,905.8493899993058,2,19,0,1,930,2297.614450948515,0,1
590,138827.1812611384,4,40,1,0,0,45,616621.9781652751,222.89189017840124,8,516.2478232000605,7,12,5,8,827,356.0619091128225,0,1
591,640874.7483944672,14,32,0,0,0,74,40333.85213845198,433.6928452761967,5,153.74931210291808,10,2,3,5,18,8045.327912105281,0,0
592,181880.09258034397,4,49,1,1,1,43,326170.2541282535,358.52673479236563,5,921.7266694516613,5,10,5,5,351,6155.089397564879,1,1
593,345667.28986719035,11,3,0,1,1,42,468556.99459113466,536.1222219451888,9,757.469050723103,1,15,6,9,955,1008.8292717143164,0,1
594,896788.4109381278,4,41,0,1,1,71,147958.33410940584,366.7158228815451,3,731.7052727231516,6,0,6,8,155,5873.586188606889,0,1
595,473961.645523256,16,6,0,1,0,46,984654.4775908396,704.089334071371,3,709.1807037944046,6,18,1,1,784,4521.8323317900895,1,0
596,667557.7418454498,16,21,1,1,1,100,209097.36458961424,586.667349150747,7,200.33982109644234,4,10,4,3,506,7745.505529233641,1,1
597,172319.87947843113,23,32,1,1,1,53,130353.13004326554,1420.66006672223,9,211.00669170752607,7,8,5,12,778,2090.856330738879,0,1
598,192289.0268857806,11,16,1,1,1,31,203534.87388689638,80.53394418464495,6,688.292998427255,4,13,6,7,360,4531.572911482822,0,1
599,40868.6258577927,23,23,0,0,0,95,769061.1331597243,204.74118199778633,2,219.72275011039687,0,8,4,1,332,1562.449580078025,0,0
600,168935.0713828139,14,33,0,1,1,52,425505.6592718428,76.06928722838758,1,438.67169680304886,8,6,3,1,918,9575.272702836188,0,0
601,278590.3462460552,14,27,1,1,0,47,565415.939752538,901.2113207746211,2,782.0018255939414,3,15,4,5,528,7787.383781870072,0,1
602,177010.49250664198,5,42,1,0,0,34,21009.156986360744,78.4933594757562,1,783.952518097841,1,2,4,9,12,7367.2268977897,0,1
603,88702.54287003027,11,40,1,1,1,84,34431.308573314556,1204.4732218216175,10,453.26177252585967,3,18,3,6,75,6902.06974814137,1,1
604,120635.8798942421,19,38,1,1,0,97,445825.5498270162,737.1916281819761,10,792.1899382752451,8,3,5,10,212,4233.370191299392,1,1
605,460778.7734249381,17,21,1,0,1,47,816655.2432016236,758.8909793974085,9,838.6217961980568,1,6,3,2,691,9232.82492420729,1,1
606,206333.72634245534,13,48,0,1,0,62,885238.8787075653,808.6960911055596,10,654.7757512842602,3,22,1,11,641,729.1793900999346,1,0
607,364269.86740537686,1,16,0,0,1,96,86706.56759564021,245.97173708094346,8,228.42585230842016,1,11,2,9,283,8032.592684198801,0,0
608,503417.27582068415,8,33,0,0,1,68,538363.1021010227,284.6740364848621,7,274.0117803855475,4,17,0,6,195,2152.335168730006,0,0
609,690394.831725417,4,5,1,0,1,64,913229.6862792704,459.09694493712675,3,314.84115540873535,2,4,3,5,780,3240.286316058924,0,1
610,39312.14944797754,19,45,0,0,0,70,387972.75439788634,854.6348387834661,8,116.804107733952,9,22,3,5,30,5194.302095375794,0,0
611,799410.4009149387,0,5,0,1,1,81,829565.8314283686,302.56959735390893,2,273.1596203699451,1,22,4,12,9,7826.552284005685,1,0
612,627900.3932119039,22,33,0,0,0,55,133695.6543994362,167.51768707189618,2,209.51922431253212,8,21,1,3,309,8385.35069118829,0,0
613,81759.04113128158,2,0,0,0,1,81,935394.4896677987,1396.9683164425423,10,455.32874980860214,4,9,6,6,445,5837.326664278748,0,0
614,873578.625370991,5,9,0,1,0,24,751423.3175313027,31.653813325856994,3,908.437547872265,9,11,6,4,310,4030.360858991963,0,0
615,920872.4013230891,4,20,1,0,0,39,941334.3927869017,1155.884263683871,7,104.48031675395808,4,7,4,12,677,9465.024749007887,0,1
616,61077.96924408415,20,4,0,0,1,98,676617.2335525064,1134.7706153880317,1,720.2679239473956,0,18,5,10,705,2465.220493180725,1,0
617,276877.65537842724,4,1,1,0,1,99,363403.931999427,427.98832393693823,8,687.2830044131277,5,14,3,2,426,8030.947727860595,0,1
618,806201.2817310485,0,21,1,0,1,58,938181.1725247224,195.3023270505313,7,95.75419866335766,6,0,3,3,817,6120.500093985318,1,1
619,748259.6929010615,16,47,1,1,1,91,275566.7763091785,209.7052512558097,4,922.5724049058001,0,2,4,9,772,3768.956399901969,0,1
620,184521.02751116714,18,1,1,0,1,27,332172.52206173254,1004.3015288215572,5,568.4722021568195,8,17,3,11,704,13.689829955524369,0,1
621,209349.33124321708,13,9,1,1,0,74,700808.4180017404,925.6414911640901,10,363.72552113568423,7,17,5,11,591,4465.998547493255,0,1
622,370472.10908666096,11,33,0,1,1,24,765316.2995253863,1127.153770921997,1,756.5385834953066,7,1,2,9,691,2767.2072082230175,1,1
623,484522.9903457915,9,15,0,0,1,67,929403.4838491539,1349.9728882547108,4,257.36545840163404,6,4,0,6,91,1043.4750897894728,0,0
624,618254.7753477482,19,47,1,0,0,69,204802.4090562095,996.3754031038925,1,693.5098370463204,4,0,0,10,456,751.594901795195,0,1
625,368913.645880636,20,50,1,0,1,50,797998.0352192239,224.42621263407858,1,39.71120757224722,2,9,0,10,444,3475.5897975327466,0,1
626,462534.72150780074,17,38,1,0,1,18,738546.0533969634,350.55736814219136,10,839.408037609272,8,19,2,9,727,6147.577739832598,1,1
627,747470.9406590471,23,21,0,1,0,70,63794.55625359787,1212.758972457285,1,448.1708470213185,6,9,3,4,79,8375.194778454583,1,0
628,36683.21252376587,10,11,1,1,1,77,387223.14121020696,301.40074920126034,7,636.6929143579417,10,4,4,11,475,1835.6406138408195,0,1
629,252436.95181965132,1,23,0,1,1,51,282765.4570600986,104.43213641445324,7,221.23781980668366,9,17,6,5,927,4246.445466650784,1,0
630,713349.5887510566,17,46,1,0,1,21,304490.4243540304,1012.7232778208406,4,677.0737126584479,9,20,1,10,103,3919.5674818601206,0,1
631,895206.838735131,6,39,0,1,0,34,982946.8795547008,579.6379519058046,2,772.2402758932766,7,14,3,6,623,5133.944958145064,0,0
632,511677.4469988917,23,37,1,0,1,21,642777.4134799279,1324.8576756661012,3,473.21318688439874,5,19,2,9,456,8095.87461222282,1,1
633,532113.4899441808,14,9,0,0,0,60,717676.1577934995,936.3673023748726,8,617.7269240617943,10,7,5,5,990,5536.456643540168,0,0
634,107172.02026805593,10,34,1,0,1,21,976617.6373150091,130.2033280199915,8,456.3259238223986,4,16,2,8,314,8466.550668473807,0,1
635,447412.372349331,17,50,0,0,0,18,377201.7824576387,1364.9134568452714,6,894.0913692578455,7,11,6,11,247,5185.522375172217,1,0
636,532617.2711288505,22,48,0,0,1,88,801840.168452806,372.3224596419541,10,497.86918051431917,2,20,0,1,234,6038.477613339063,1,0
637,242470.51121002462,11,31,0,1,0,67,434530.9633044954,485.58598618505147,9,841.8087090288188,6,11,3,5,594,4373.838051097473,1,0
638,269243.23825694865,5,6,0,1,0,90,869533.6718149798,579.2549957043005,9,801.3520582702486,1,0,6,10,644,8230.957572000534,1,0
639,377284.16933178104,19,20,0,0,0,78,180657.54131130318,73.76298682221108,4,410.50482134835653,2,3,0,1,235,9238.272825374463,0,0
640,20071.20757701439,22,19,0,1,0,52,947686.1770642796,714.9822080120709,1,230.08449185747503,1,7,1,10,790,6391.450989784075,0,0
641,322079.17236238666,12,25,0,0,0,25,218771.70841087968,177.57862714842082,1,406.08213255977097,4,0,5,6,387,8207.826283904547,0,0
642,211448.01488206457,19,3,1,0,0,41,326220.5069809315,577.3972704312265,10,826.2173757752201,6,14,0,7,847,590.042749957663,0,1
643,327497.3589029411,15,45,1,0,1,100,756192.2341067805,505.0220947086014,5,227.63253581939236,10,17,1,12,611,9061.118453349061,0,1
644,119762.1406216299,17,21,1,1,1,53,393755.1415654067,1112.889720134165,2,524.4363458577493,9,0,2,5,943,1889.2587791405774,0,1
645,890527.2818346221,9,14,1,0,0,67,608211.3767664466,1156.5655367511329,6,806.0967479607475,10,10,0,1,38,2565.2117080538064,0,1
646,593592.4576181241,22,39,1,0,0,60,444573.5010694285,220.91455064028673,7,353.4774751283788,10,22,0,6,161,533.3101487667803,0,1
647,679102.3223534664,7,20,0,1,0,44,742369.9370897819,527.8337098260857,1,642.2096370026974,10,1,4,10,462,9654.001515739421,1,0
648,789171.2407156259,17,14,0,1,0,49,228331.25236861085,537.6285518858376,6,245.6315740488145,9,0,5,5,944,8520.109974775269,0,0
649,498442.2039446353,20,21,0,1,1,95,58457.98723687701,218.03103926796246,8,109.27944536815993,0,11,5,6,449,9131.846909064798,0,0
650,86920.2972182208,0,27,0,0,0,35,299929.39747306623,1149.7730472737144,5,794.3842250928564,9,15,6,11,117,8472.163205438472,0,0
651,537106.5464474823,22,13,0,0,1,45,474308.66486843023,1018.4087928030095,7,98.96862340870682,8,21,2,10,241,4795.3107319073615,0,0
652,586841.122152468,7,26,1,1,1,46,168020.05219267856,274.14977226773,10,271.3813950795846,0,21,4,7,26,9240.820100088293,0,1
653,745439.4767299353,5,40,1,0,0,33,354797.2896563887,528.0795483750707,6,855.1094219974401,0,9,6,7,648,9694.728509543678,1,1
654,431659.55191308394,4,39,1,1,0,64,399983.0182935685,152.35923579338046,4,346.4692870786672,9,17,1,2,562,5025.674742224208,1,1
655,127580.31151976073,14,27,1,1,1,76,57391.84368827355,904.6174998139833,7,973.0453495141611,7,14,6,12,976,1756.2560570405685,1,1
656,283775.9129609654,21,25,0,0,1,48,583307.2481842046,174.7755713500123,10,979.7343347738597,5,16,1,3,806,6586.228503405854,0,0
657,363082.30276781216,14,48,0,0,0,21,884343.4279712875,1419.7452028198816,9,268.27602045355667,5,9,2,12,906,9754.383144152807,0,0
658,645917.2448724288,1,1,0,1,0,54,151742.9129530524,1124.1821875505218,10,40.97822224989045,8,2,5,6,298,8721.469877120151,0,0
659,570778.3089611288,0,24,1,1,0,34,597808.013401514,561.9435114009528,10,705.0632842053791,3,20,1,3,805,8618.153143307314,0,1
660,356096.732336879,22,2,0,1,1,56,664739.2049108463,833.1320624822704,7,450.98650264834373,7,15,2,2,154,9338.180829892652,1,0
661,986515.2489278272,22,7,1,1,1,65,419334.68041928834,1312.3322153516285,5,100.75284395957628,3,5,6,4,732,8939.523666002866,1,1
662,605774.8232991389,10,43,0,0,0,63,701097.58736427,797.9029637699896,7,707.5228189780428,1,2,1,5,652,7762.818877366289,0,0
663,237226.79936372658,9,32,0,1,1,65,410731.54349101207,251.27782041305545,3,31.174909111921224,10,8,3,11,468,7182.731138889951,0,0
664,101782.481602579,17,41,1,1,1,56,504637.2879774349,545.3328320368694,2,870.1966904922422,7,10,0,10,49,2647.679089775806,1,1
665,152859.14765574064,17,34,0,1,0,21,7353.04455442698,1214.1286056428335,5,138.65252911330373,6,20,6,9,654,6213.4040008842785,1,0
666,245957.73592493086,16,5,0,0,0,47,691720.1141346889,927.6667430250498,4,127.311878746725,3,12,5,3,46,5214.891002172678,1,0
667,160681.38165274195,7,38,1,0,1,47,661342.6789447244,937.0431134406724,5,175.67229796858453,8,17,6,3,675,8619.442296368996,1,1
668,186567.03218563553,14,22,0,1,1,39,38400.87732634456,1248.2229393914245,8,960.2663584920665,8,21,3,6,285,4917.130817774985,1,1
669,285095.1758428954,7,24,1,0,0,92,368250.10739513306,1287.3212027460067,4,693.169360253846,7,23,2,5,780,1277.4363579992555,1,1
670,173373.60356101888,16,49,0,0,0,83,979031.8407916673,1324.5013033623882,9,801.3715354636367,0,21,2,6,628,49.73480349863851,1,0
671,896765.425658771,11,42,0,0,0,29,420736.5625686168,136.58283828454478,7,397.634985732753,6,3,6,7,82,6778.7344259554475,0,0
672,80233.75485930474,7,18,0,1,0,53,501945.4051318417,783.5414428268653,10,336.31272750495555,4,21,3,11,44,5499.0883721877435,0,0
673,524511.3943251407,13,4,0,1,0,35,909930.1581597186,1066.3337105543787,7,234.48400678316995,6,23,6,3,706,3309.6357339554397,1,0
674,410396.83288569323,3,50,0,0,1,70,717261.8758657564,1089.9746569829,8,480.64802831240894,8,7,0,5,770,1689.729810657403,0,0
675,982378.6170848202,0,10,0,1,1,88,582070.1311242236,873.6713308368055,6,551.8287335341685,1,12,0,8,955,4667.158556885797,1,1
676,112038.91104766332,0,11,0,1,1,18,797804.6813410725,240.1737626644908,8,631.7748436527554,10,9,4,4,273,1002.8737219243317,0,1
677,397855.60506718565,18,9,0,0,1,75,864366.2664559733,1148.2855976759965,3,257.1185039986945,3,1,1,10,394,3361.091531126539,1,0
678,969470.4335806646,15,7,1,0,0,23,456888.07173726684,1036.960320261522,10,948.6540809029906,3,7,4,2,786,3792.1252702372817,0,1
679,865507.127238909,13,23,1,1,0,87,475108.3649318354,124.03551103061226,10,169.75849820713586,1,5,0,4,790,4656.192292192673,1,1
680,817072.0727785592,20,27,0,0,0,61,386050.9356518358,667.8861475311019,1,965.6531747664123,2,15,3,2,595,4666.212847180956,0,0
681,257902.83446591155,15,40,0,1,1,89,966706.1400184606,250.52745531139715,6,14.856122507503787,10,17,1,3,58,2570.0638646863376,0,0
682,170887.59568118997,4,35,1,1,1,41,697166.2542903504,485.96694582667953,1,481.12569181684563,7,16,3,4,565,8502.11131391006,1,1
683,668643.2232379988,8,36,0,0,1,36,83223.0662080723,26.036772776187025,9,333.3678381165628,8,5,4,4,1,3555.4415071323933,1,1
684,929375.9898338258,1,20,0,1,0,35,862959.6233130185,576.4750105114919,2,449.1234139302508,5,12,2,10,216,2295.8807930520748,1,0
685,556762.8974463008,17,7,1,1,1,47,480559.94083626807,791.822766464943,2,570.6645789807891,9,22,3,9,317,1758.1070760070681,0,1
686,571612.693753773,5,8,0,0,0,59,68753.90642248746,892.1989336710051,7,435.58915801270905,1,13,4,10,228,3225.790719249411,0,0
687,279979.10086049326,8,46,0,0,0,50,549717.255163311,955.4260969853425,2,414.84685030159494,1,20,4,6,473,675.5381542465138,0,0
688,769492.9354970076,0,14,1,0,0,91,417164.27897570207,1204.2594908675424,10,732.7234154133065,6,9,4,9,484,329.0849007344868,0,1
689,187043.7566870859,8,47,0,1,0,29,877749.4048626248,310.26658647705125,8,685.8762750864646,7,23,2,4,766,6051.4259166067095,1,0
690,323679.2431674513,15,45,0,0,0,44,203994.60360938738,173.49382431139384,6,833.2712820358479,7,10,2,9,671,6191.47516902054,1,0
691,425436.4443620524,12,39,1,0,0,56,826464.609492183,1226.213527533013,7,249.95898123949556,5,12,6,11,287,5295.88673050087,0,1
692,507610.3836083512,8,17,0,0,1,26,557688.6911854527,225.52245344541583,7,609.5285097540636,9,11,2,9,511,7622.854329465291,1,0
693,242409.73999098293,20,41,1,0,0,38,54610.303213469044,1403.6545171241212,6,585.1947853928539,7,8,1,6,578,391.51505126533704,1,1
694,114836.83359083529,12,19,0,1,0,93,971845.3013254846,1213.2550503340372,10,369.7378108726888,0,3,2,5,915,9359.731722363595,1,0
695,610620.0463354322,8,5,0,1,1,46,512615.2441031999,721.2623124810227,9,486.0575419026809,8,6,2,3,821,950.6602819193726,1,0
696,288630.56035395025,10,11,1,0,0,50,290876.8542315825,1413.2468518877163,9,313.7821433057287,0,23,2,5,972,6740.233203705992,0,1
697,581238.2256102301,3,1,1,1,1,79,469406.8419892581,140.22248991552607,7,141.8443976169852,2,21,3,3,458,1333.9745554422036,1,1
698,154362.72373057518,1,6,0,0,1,32,857857.783517489,436.41469609214636,9,213.80121066273284,8,1,2,5,95,8799.055534023591,1,0
699,481140.1070434165,5,15,1,0,1,19,304903.1243850635,919.0431576584805,10,105.51364640120109,10,6,1,5,493,5107.137762317443,1,1
700,532589.4372256915,13,2,1,1,0,69,192676.3964867003,504.0098906013774,3,683.0695751901242,4,8,4,2,765,822.9445872443501,0,1
701,51823.54630419154,3,44,0,1,0,61,129071.24693088146,1336.8564748523402,3,660.7273931091515,8,4,3,9,150,6167.244959759609,1,0
702,336604.2848278778,5,2,0,0,1,71,297859.3983902112,94.50156697605729,1,950.6063715798729,8,14,0,7,23,91.10934772257772,0,0
703,134414.6855948275,18,26,0,0,0,35,780048.0870400434,791.153038167789,5,729.6784136472413,5,17,2,6,756,7760.224024180661,0,0
704,63374.979839018044,5,49,1,1,0,20,471626.36519526166,850.8474250489649,4,52.045838756131445,10,3,6,5,215,6505.853360611368,1,1
705,989960.2324903429,1,42,1,0,1,24,227481.60369353998,939.9284982392027,2,884.2451739289542,0,18,6,4,399,2126.2553673875796,1,1
706,322353.8517511845,17,39,1,1,1,60,166184.99960974918,368.1593615978128,9,862.6751629457258,9,19,4,8,410,3747.5154142517754,0,1
707,809874.4477558904,12,37,1,0,0,99,332729.4765103791,524.9756556286048,3,443.32032077269866,6,6,4,2,131,78.07686682195776,0,1
708,254640.6622173573,8,32,0,0,1,55,939924.3728857088,1214.8999627175679,8,585.8630505279216,5,7,3,8,855,6936.8412128739,0,0
709,681502.725408902,22,27,1,1,1,54,343026.7125900244,280.71758731703017,6,976.0783324725188,8,16,6,1,148,3226.6881484158175,0,1
710,760227.862287408,18,0,0,1,1,75,988124.0759546354,1190.6896999296414,5,532.3043638481663,6,12,0,10,381,5715.893437078039,1,1
711,595638.7446514568,12,7,1,1,0,50,485230.4557653562,810.223808979949,1,905.3218283760898,10,23,5,1,109,9567.27671186835,0,1
712,471576.1938343965,10,36,0,1,0,76,179163.91829015088,1097.5500161194782,4,83.03875781018644,3,20,6,3,552,2994.6741348087203,1,0
713,411840.9200288594,0,31,0,1,0,28,891140.0917935094,1027.594607419399,3,191.05186870868286,6,22,6,5,121,9902.378938494341,1,0
714,348868.2730543126,23,47,0,1,1,85,460355.3731348269,298.8165533542258,1,440.75494344131783,1,10,1,6,295,6327.287532791805,0,0
715,929529.1449525343,21,42,1,1,0,99,709671.3435045244,819.0903404647769,5,584.7568083373047,5,0,5,4,120,2420.8942419683867,1,1
716,830619.4094815351,6,36,0,0,1,85,983711.5832091518,1249.521340039333,6,816.2278518628002,5,1,4,7,456,4367.784462433748,0,0
717,965026.9110162435,20,3,0,0,0,39,50175.350319974,622.2473809947783,2,988.2621151431869,1,16,5,7,530,7404.533819304674,0,0
718,124297.23224257249,14,29,1,0,0,83,96694.55978756714,1391.890709121576,3,388.85149647411646,3,4,6,2,169,4464.784612051736,0,1
719,730867.4778949695,0,5,0,1,1,61,720456.7414627562,651.189744146474,6,47.41563614008493,7,5,4,2,710,685.0849883398505,1,0
720,938340.4574376333,11,45,1,1,0,23,281825.003295472,205.61131680175396,4,801.1715032953248,7,23,5,2,923,1686.0449277888097,1,1
721,181233.0743533295,6,18,1,1,1,59,184301.39695009906,560.7859393118495,9,604.3807190828081,7,6,4,2,996,7912.979544861997,0,1
722,66496.27670181482,14,31,0,0,0,42,39361.8798197295,1370.4514652023736,5,198.54285886820168,7,20,4,9,143,6483.734273449856,1,0
723,741120.6518788525,20,8,0,1,0,74,21846.711986201804,460.3980230493901,4,494.8284566214202,0,14,3,5,37,5698.259075066564,1,0
724,574473.1174351808,18,11,1,1,1,72,774485.6031197909,1250.0613502085705,2,742.3102455337244,1,18,0,11,698,1676.2280313343056,1,1
725,841828.7783399842,0,10,0,0,1,33,134433.42736955,1269.0009816219213,6,770.4117870686438,3,15,4,8,261,8377.57607592894,1,0
726,139772.38522856575,16,45,1,1,1,31,467720.61597115087,504.26859503802393,10,499.618411998762,8,12,1,5,231,9607.401488461404,1,1
727,795267.3139072171,16,15,1,0,0,56,605896.815179483,119.89102759291026,2,305.2145301288591,2,4,6,11,254,408.8805660357205,0,1
728,201627.32803147135,2,0,1,0,0,45,428351.8005688462,1043.3633891886982,7,973.7425820384935,5,2,6,5,329,780.3279262198465,1,1
729,163655.95122914508,11,44,0,1,0,68,27106.652336233106,448.57771058013986,3,663.3626109564929,6,2,1,1,903,8847.246185900614,1,0
730,164265.80628833498,5,20,1,1,1,66,783501.5025879089,1127.4100045309042,9,408.2375193462987,7,18,2,6,297,8155.524384798742,0,1
731,814574.722085635,10,29,0,1,1,26,10513.224541653488,637.4229814950237,5,280.4632242046524,6,13,4,4,980,6179.348375768382,1,0
732,665197.224044228,2,12,0,0,1,75,761889.894377484,698.784108973375,8,731.1029830035621,2,15,4,3,10,9449.65264020929,1,0
733,523065.4295384651,7,33,0,0,0,62,893304.4937881227,1120.189545717893,6,242.1834455937677,5,21,4,6,446,6464.309315614252,1,0
734,358830.49053519766,13,3,0,0,0,39,432839.9210571723,550.6031967287441,10,171.70998897368816,4,16,5,2,922,2159.8605974422762,0,0
735,877200.5420411029,13,27,1,1,1,49,535542.4730977982,638.1033772649969,8,529.8338889620703,9,3,4,8,836,7286.425950745765,1,1
736,392445.1134981843,9,37,0,1,0,86,476983.39261765376,541.7142750282559,3,289.98739264414183,3,12,4,1,230,6457.106990352925,1,0
737,816599.4413055826,1,30,1,1,1,86,389208.6186234388,528.9703419992832,3,628.905144923615,0,7,1,12,536,9857.447162653274,0,1
738,439134.91417886934,13,26,1,1,0,59,887424.5353703602,757.3630707381016,5,117.93867487423348,6,18,0,9,78,2138.965224790554,0,1
739,376944.4356554633,8,4,0,0,0,70,893933.5106699904,1164.671200081657,10,654.9411045673215,7,4,0,8,425,5978.853384776627,1,0
740,462679.79104280856,2,24,1,0,1,76,335816.3646415345,520.9463691684948,3,283.29652799770224,1,1,2,1,193,7801.677420576003,0,1
741,301377.88115036336,20,2,1,0,0,91,615069.754014698,754.9267975743409,8,0.24293443451273156,6,14,1,10,401,3389.8375035508147,0,1
742,747609.3827001574,7,32,0,0,0,56,926907.5621458641,965.8473486373452,10,126.93605767417637,5,1,4,12,109,3796.802034186546,0,0
743,502720.39506527525,15,3,1,1,1,32,962058.4989413515,387.9928026772632,8,933.615377835094,4,10,0,9,792,8879.019504264823,1,1
744,232212.70282469035,1,24,1,1,1,88,508959.04042204755,399.6328390594453,2,867.3546391153578,3,12,3,2,923,4041.9547541400175,1,1
745,899574.5742788228,5,19,1,1,0,46,452824.8052843268,1344.1149029137748,4,233.60903203623684,1,22,3,3,263,6247.332271627625,0,1
746,383891.2275342992,20,33,1,0,1,20,278694.31592852576,1041.8897855967675,10,778.3719045454912,9,9,3,2,329,8892.38248288688,0,1
747,543552.86567846,11,25,0,0,0,100,958871.87319041,831.1488137615648,1,608.5715931739743,5,2,4,8,363,2098.273732639783,0,0
748,906472.1118998259,4,4,1,1,1,27,142814.30447286737,932.7168783656813,4,970.9047114498694,4,4,4,2,867,9818.773144753095,0,1
749,624237.9996716122,1,34,1,1,0,46,579829.576047725,42.191198068922446,4,373.6056595340591,1,2,2,10,378,7019.538320167918,1,1
750,116898.04953938366,15,27,1,0,0,96,282550.26751863887,890.0682704088434,10,681.4606125171713,9,5,6,2,780,4961.221980197507,0,1
751,939832.1242151539,4,28,1,1,1,52,279008.29034779663,733.6927774428508,9,63.535722423918585,6,12,2,1,341,4309.211334304334,1,1
752,627708.0567943373,14,8,0,0,0,23,404968.5873761885,785.8795388823874,3,396.2473468164059,5,9,2,7,259,9543.64661186889,0,0
753,334905.62130803,11,37,1,0,0,29,998792.9358156546,517.5703106363766,2,963.8176611881804,10,18,5,12,335,2057.2562180483887,1,1
754,139272.08127066653,3,49,0,0,1,55,54966.306839822064,117.32241270663633,9,538.9808744501205,8,7,3,2,85,3116.839451627045,1,0
755,794025.1913300441,14,5,1,1,1,94,578541.8182035314,278.40849640135514,9,287.87950333484457,10,17,4,10,522,3077.934477551692,0,1
756,620072.759727786,10,18,0,1,0,36,82572.15803527717,1369.0723870262473,1,120.27096312860685,9,2,3,5,801,2890.0704572812874,1,0
757,533461.0966417106,15,43,0,0,1,84,154520.82999051898,588.5273696701449,6,703.5283401815304,4,23,2,5,814,4685.38576677644,1,0
758,893892.5841120319,22,10,0,1,1,25,439562.94177289866,672.0237443964444,10,644.8560434297268,8,23,4,3,571,9891.792440886,1,1
759,788597.2133385587,5,1,0,0,0,25,510460.1313464413,75.90209738895214,8,373.9387136037746,8,16,1,3,308,8887.868779294506,0,0
760,151674.88821600238,13,46,0,0,0,64,258792.408364524,54.09537054333205,3,950.9413518658342,0,7,0,12,262,3279.5024037191783,1,1
761,311722.07467832754,17,43,1,0,1,21,316457.1308744162,1032.741283747331,9,22.20281298785032,4,9,0,3,898,4228.70692860022,1,1
762,248489.14732957436,11,43,1,0,1,68,86967.02025593306,774.8563163344003,2,303.7238516318258,8,1,2,6,797,6694.81076905185,0,1
763,743946.2951332141,10,8,1,1,1,84,303219.78384425055,732.536617271424,6,921.0694862995814,6,11,6,4,631,171.52663544933404,0,1
764,33532.44440045504,12,20,0,0,0,62,966558.4393805441,350.0993238086429,1,320.9354383194404,5,22,3,3,680,8201.538385319891,1,0
765,569889.6891724197,20,23,1,0,0,25,944707.3816724817,1072.441053547088,7,252.2528338551704,5,5,1,2,865,8797.981775138622,1,1
766,762458.6881161036,22,33,0,1,0,33,334878.290136985,242.2606739162283,3,534.2204099312473,10,1,4,3,701,8572.004771241996,0,0
767,876765.6379940931,10,21,0,0,0,94,570853.9362787616,273.50603087186886,7,823.8017499205379,6,20,6,4,452,3750.550118311493,0,0
768,342081.75529508997,22,2,1,0,0,84,909595.3911109443,663.4255267415167,4,103.14676087836105,0,22,3,6,251,4620.000453647008,1,1
769,821257.3064594398,15,11,1,1,0,26,6183.822640896675,412.2430014411949,9,943.0207096457361,3,23,2,4,324,123.89309515433925,1,1
770,110631.74584888986,14,27,0,1,0,77,810683.5703375918,356.3466929757308,5,795.072881181164,0,2,3,8,925,3993.959486482028,0,0
771,846452.2932699953,20,29,0,1,1,95,948369.552788919,929.1422081567976,3,181.25025555155193,5,16,2,3,229,4604.273619397792,0,0
772,127488.67105709578,14,25,1,0,1,94,91325.73433355706,937.3993131147041,8,712.0079611981627,3,6,5,12,702,9069.743860941855,1,1
773,397287.2965874944,3,47,1,1,0,88,161447.68603292105,1187.3045805118982,6,384.9587226375572,0,20,0,3,828,8939.877797695737,1,1
774,797295.3678065999,10,20,1,1,0,32,960746.3027713554,601.5003364410852,2,402.2946780763187,8,4,6,3,636,9660.970979908454,0,1
775,149917.4358495995,18,27,1,0,0,88,537540.1436403464,105.24253107765634,3,783.2900924388664,3,22,0,8,596,8851.050999855353,1,1
776,229251.40294012753,14,25,0,0,1,58,14196.6344717237,394.07959428689907,8,962.7848079807322,5,0,3,4,297,82.01701226936187,1,0
777,722252.5711705406,3,32,1,0,0,39,257631.99876352915,1411.2078670034164,10,126.65587284719393,6,7,1,1,727,6414.612108713674,1,1
778,720036.539345709,20,20,1,0,1,41,449943.6742688596,858.612348335091,7,420.6302368788194,7,11,4,2,237,682.3861486535768,1,1
779,641147.636473821,12,34,1,0,1,61,692908.9110247677,1022.0214021134692,10,480.94160808430354,10,13,2,10,978,2725.9501378569903,0,1
780,693948.4475276156,21,33,0,1,1,18,733160.3781367996,10.595274660596932,6,376.3118169549976,8,15,4,2,625,5783.080511629509,0,1
781,542724.4479203518,18,40,0,1,1,27,995421.5129254562,746.2162543428301,1,363.189123716225,8,9,0,3,217,7006.141177937205,1,0
782,251799.06638896218,1,50,0,1,1,97,287511.199383759,54.0412668457965,9,52.26866756159654,7,14,1,6,833,6546.3237128506935,1,1
783,345696.0000469595,13,46,0,0,0,89,538220.1018684752,819.6915054116851,3,685.5386205626232,9,20,1,8,246,490.5931835027581,1,0
784,181597.7249854485,3,17,1,0,0,73,533323.547859605,1325.9100234759485,5,436.21441712004537,10,23,4,12,448,1036.0476596568246,1,1
785,908450.5622491228,15,10,0,0,1,67,405645.2594472375,1394.5235479205874,7,194.79380264392677,2,14,0,1,847,1285.8768434446044,0,0
786,583391.7989322025,20,22,1,1,0,29,169161.8938424202,778.3958525600508,7,816.0335023020684,1,9,4,9,319,914.1528535531434,1,1
787,400851.42275512574,19,47,1,1,1,98,977456.5631838426,659.814919563191,3,802.5607481516279,4,20,3,1,994,1782.3524503489898,1,1
788,462005.80902407464,13,21,1,0,1,77,853317.1866665861,1360.8246157178314,4,486.3916280888938,0,6,1,10,432,6884.881028237681,0,1
789,947283.3401389819,14,16,1,1,0,43,498333.0282942372,969.998158075241,10,298.4506611477605,2,2,1,2,404,8308.374203219017,0,1
790,153351.4115825662,2,4,0,0,0,95,603245.4226840298,93.45496253530962,7,638.0927257964523,0,1,3,3,886,4088.1448125952024,1,0
791,586229.836154499,7,43,0,1,0,58,227261.0535596623,670.6448318411965,8,288.1521357774031,2,5,0,7,37,6927.818136468371,0,0
792,505888.6838255792,15,10,0,1,0,53,543787.0703917469,345.95282658859765,2,236.00793032371203,3,20,1,9,576,2000.1706124956522,0,0
793,611454.2393201055,9,29,1,1,0,40,694970.1331214758,676.5182228861014,9,730.5146540263266,6,8,6,3,731,9732.801783532565,1,1
794,18110.193639738667,3,14,1,0,1,60,515167.0283865888,655.8704236891609,7,40.3252397209507,4,9,5,8,342,3499.9817286009547,1,1
795,872123.9102229124,17,26,1,1,0,23,990285.1705849413,838.2885160532285,8,94.76847103459396,4,3,5,9,389,8458.670603379289,0,1
796,932118.2831624296,1,34,1,1,0,86,611341.6562477262,513.7495061029218,6,6.788174023589777,0,2,5,10,34,9453.664272630143,1,1
797,565133.1879378771,16,32,1,0,0,60,370973.71259216906,236.5494472165364,6,152.94318647542616,7,8,2,7,39,8647.140981613393,0,1
798,696650.826910384,12,19,0,1,1,42,772152.0276158381,725.3559858095371,9,68.99000871045946,3,23,6,4,579,670.6858447263738,0,0
799,922499.3819523018,3,15,1,0,0,35,170462.51158164206,1195.4921534578973,4,995.8023677799185,9,21,2,4,209,6503.075070000988,0,1
800,707238.6372410123,10,33,0,0,1,79,384515.8137062665,956.1776084173473,5,288.8099699540896,4,16,0,4,830,1200.915864808446,1,0
801,152539.05138887092,6,1,1,0,0,30,346958.95037758583,487.2497269323108,9,149.26801266924727,1,13,3,6,856,56.63994862796187,1,1
802,576288.3644039296,11,34,1,0,0,60,431807.0951077773,1347.1531527727543,1,240.99625799591794,0,9,4,4,152,517.843921596235,0,1
803,606715.0503157055,9,39,0,0,1,95,781779.8259287263,1313.5789025988224,4,936.1255715401346,8,12,6,5,899,9161.492802978608,0,0
804,424130.6770610793,6,27,0,1,0,45,484173.0321634075,301.4616951131022,7,520.1602230243957,1,11,0,9,365,9084.636057968795,1,0
805,736444.2382602805,12,46,1,0,0,35,794014.4502659627,56.76132257332269,9,364.8180963078569,5,0,4,12,199,2258.2516193964607,0,1
806,934367.0154253447,6,38,1,0,1,76,576488.9031398658,1067.4845400250977,10,873.3914579092193,0,21,0,7,601,5470.616677374114,0,1
807,925568.5136510913,23,5,1,0,0,77,342069.43465755536,1191.7587763427807,6,394.99027054903246,0,18,2,8,760,9550.28307237664,1,1
808,450839.3768957384,16,8,1,0,1,80,809978.7436834724,1393.7249749699515,8,335.0085699576958,8,18,5,5,835,4967.066329906328,1,1
809,113238.0547083748,9,19,0,1,1,74,238289.6705530916,1281.3644074871675,9,207.28252254973555,3,5,3,5,79,3935.7842656793778,1,0
810,984841.1991139225,9,0,1,0,1,68,224382.9797997955,864.7700662172374,10,377.7968239094115,8,12,2,11,477,4832.492107959305,1,1
811,838898.0880569533,23,7,0,1,1,73,504502.92405483575,763.2753684658284,4,316.684356016926,10,18,3,7,434,7902.159713361826,0,0
812,124662.68995664002,3,22,1,0,1,44,260849.24596208893,40.091113818124256,1,677.303959298141,4,12,6,11,797,4772.781552556028,1,1
813,920841.8834089536,19,2,0,1,0,49,9087.034951216321,355.1852834564801,8,289.5827046707271,6,21,4,12,842,7832.778980046883,1,0
814,869896.3633631647,3,3,0,0,0,26,648297.5272988016,661.845242495414,2,577.1997464225615,0,20,0,8,32,4316.980139434873,0,0
815,518838.0619376915,21,24,1,0,0,85,511093.821472398,905.0456161203376,1,65.89216503197271,5,3,1,9,87,2520.0641920571165,0,1
816,591275.4398321749,6,46,0,1,1,63,445517.8144931612,802.4426399785114,7,191.28915669651437,7,23,1,2,551,3264.7340334589085,0,0
817,399002.70988010324,21,37,1,0,1,84,966968.5146183154,1069.3958251416343,10,407.4052716113488,0,1,3,3,393,778.243868137013,1,1
818,54761.64827441495,0,14,0,1,1,43,571199.1839629137,402.86438047733884,9,936.9492539086955,8,14,5,12,613,4973.81647028132,0,1
819,335197.2482939285,11,20,1,0,1,25,863431.5777893845,813.5317550195615,9,377.2519857156954,2,11,5,12,244,1481.117767780981,1,1
820,802853.4505694769,23,34,0,1,0,23,139450.23620516018,126.92483048274067,3,664.0741211998342,0,6,3,2,232,8115.471947877265,0,0
821,4632.032958282629,12,45,1,0,0,97,569206.4631294276,595.678353959818,6,255.08722242139814,0,19,2,10,910,4205.9115356632,1,0
822,333499.1783561525,9,13,1,0,1,41,867979.6267309029,1080.2315994546254,7,127.03357597323173,10,17,1,7,580,7650.025589893991,0,1
823,398168.6996092564,14,35,0,1,1,65,583105.757279898,998.4972289378234,10,58.53660008005013,5,22,2,12,192,9544.604730782059,1,0
824,537395.6075639669,12,11,0,0,0,62,718014.1781270015,1426.5255415279378,9,305.41349854275137,10,12,4,2,916,8494.781002352862,1,0
825,919855.6172142043,22,16,0,0,1,30,372043.5678122074,400.1632214223686,2,157.66102679690798,5,16,1,12,540,9514.637282821399,0,0
826,346346.00090250134,21,38,0,0,1,86,92449.5170370666,717.39259081053,8,174.0104480161242,0,3,4,2,270,5679.369589342034,0,0
827,346953.20842669567,21,8,1,0,1,42,457900.29512707144,474.5237958345553,7,760.75930838695,2,13,0,2,940,1653.2526865610787,1,1
828,737501.2507347359,20,34,0,0,0,37,394479.3908388575,634.4684842452116,4,15.838070944874216,6,19,2,12,738,9353.960187877465,0,0
829,452217.94636762777,21,12,1,0,0,99,867060.1823789474,1234.0081870119188,2,557.8101257354344,9,12,3,4,77,8685.045220923803,1,1
830,224604.83069393373,8,14,0,1,1,99,243995.30235247224,985.2610682714208,8,379.4613805934648,2,2,1,1,735,8644.131266539374,1,0
831,452439.52160829824,8,17,1,1,0,83,966734.2275351081,1270.7153155405176,5,506.5499999085472,2,17,2,2,993,6932.747341342911,1,1
832,140857.02897122965,14,50,1,1,1,91,958138.1198044962,293.0559959979165,6,562.8302372146029,2,13,3,3,884,6249.166372698172,0,1
833,176386.99474235345,9,32,1,0,1,62,247631.6430714387,1257.6400096916707,7,313.36769445727816,6,14,0,7,167,147.2487713743963,1,1
834,498367.77775580203,23,5,1,1,0,64,348051.9554773205,86.05767481687357,10,295.1088601842853,3,2,1,10,284,7480.543210340471,1,1
835,418925.4553152934,9,26,0,0,1,80,895555.740873885,1279.5829638294995,1,733.4018493349057,3,0,4,1,704,915.3602594768826,1,0
836,914845.9019196411,7,22,0,0,1,93,966622.2208961075,473.86624242344817,8,871.2769881211572,2,23,0,6,89,2597.5167635163975,1,0
837,362393.9054926941,23,26,1,0,0,94,443439.10283604404,453.00619211625576,4,192.58163245852788,9,16,5,3,544,5514.907438610415,0,1
838,580588.35447216,15,33,0,0,1,72,320997.0456408978,737.407550446076,9,97.61876053514895,10,2,3,3,649,4517.331331434568,0,0
839,632264.2915968875,16,45,0,1,1,92,526094.013251542,1354.5938703214538,1,897.795806392026,8,13,1,4,156,157.7537399705619,1,1
840,13094.46645738907,4,37,1,0,1,36,687769.2063657348,68.80516514122374,2,349.8954636473986,1,2,1,4,250,8239.852344666539,0,1
841,663537.3753813369,3,13,0,1,0,52,273474.5153749798,507.21260410187324,6,551.3173906628142,3,12,6,7,95,8788.010792849684,0,0
842,178035.97508939178,17,35,0,0,1,70,736473.1746190728,1233.4636637040035,10,359.54314452000347,7,14,6,3,17,6818.732616238233,1,0
843,961070.317858752,23,7,0,1,0,43,51657.35711464103,570.318447507072,1,125.80233634605132,5,17,0,8,117,5410.683175889638,0,0
844,148662.73626648568,18,34,1,1,1,31,49294.49276441644,286.78593253977647,4,589.331644947728,6,13,1,8,983,9607.378781616326,0,1
845,414624.1295807825,3,18,0,1,1,62,386287.70514554525,611.703621117233,8,525.1408517696296,6,20,3,11,333,1199.570877919842,0,1
846,85349.67722514717,6,29,1,1,1,61,353473.1920607206,555.1956021480038,10,202.99355919119722,1,2,0,7,823,7379.103157549354,0,1
847,996874.2518772049,9,13,0,1,1,82,315633.2153671523,1318.1993301120528,5,451.86904465227786,3,18,4,2,522,1283.6148453458495,0,0
848,502195.0153092925,17,19,0,1,0,68,491019.76266891,1097.18550107006,9,796.9475040156458,9,7,0,5,80,3818.454170786168,0,0
849,595385.0213661937,18,48,0,0,0,60,320733.5823115712,727.3664002713691,6,590.4261031078913,9,3,0,6,646,5854.849236864696,1,0
850,67076.4867176627,3,24,1,1,1,40,192257.91846809193,1423.2536160790623,1,96.91732706699486,5,3,4,12,432,7370.879534166618,0,1
851,749960.472899573,9,39,1,0,1,73,309469.5490886009,669.9996450373295,6,548.0214972291351,2,18,5,10,203,37.17096555883719,1,1
852,209905.60099652983,0,23,0,1,1,36,974904.2728102349,83.86247638119633,6,702.7382992895868,8,10,6,4,116,2605.986257738898,1,1
853,898054.2904601708,22,13,1,0,1,99,411113.4169948486,377.67502341357823,6,792.7034057807514,3,0,3,10,963,5382.00853209429,1,1
854,205139.64843061077,17,25,0,1,1,93,444712.77685833577,627.9414915158102,8,629.1175786342668,9,7,5,5,220,5328.741462878278,0,1
855,190687.72875678938,4,37,1,1,1,72,576544.98995114,225.93977877041294,6,152.65816454078373,1,14,5,9,253,6376.267973198291,0,1
856,36549.67748259821,14,22,1,0,1,77,983340.7684142266,1364.493781906622,5,710.1732665901607,5,0,5,11,169,3038.542770146416,1,1
857,472066.9503893298,16,21,0,1,1,76,241601.27643576302,1104.2624128575933,2,677.3418460815163,0,6,6,7,847,5405.297105596846,1,1
858,564841.1376142051,2,47,0,1,0,50,681282.1105324338,386.33356861599265,4,24.42688294063322,5,20,2,2,316,1897.8758764779896,1,0
859,65708.64877126597,11,18,0,1,0,36,715984.6935417241,850.7585282657988,10,411.74766759024317,9,19,6,11,717,1868.7302753124106,0,0
860,775527.6189397344,1,45,0,0,0,45,607324.416793066,1038.8867862377838,5,332.9502469623733,0,19,5,1,810,5765.643868586434,0,0
861,453288.84021513927,0,50,1,1,1,69,88578.33963664407,1355.441657625789,10,669.4120642536434,7,23,2,2,372,6854.72899572756,0,1
862,524390.2740836773,22,2,1,0,1,66,676872.2758275765,1269.5549028125913,4,216.13581231092073,4,10,4,3,760,1204.0084628132126,1,1
863,440762.7525306007,20,41,1,1,1,54,64094.711036175475,741.8768056390277,2,590.8719229742585,5,13,6,11,877,1227.9077911432144,0,1
864,400763.06686769536,16,18,0,1,0,43,596142.649549897,1115.4997725019452,7,913.2059618141724,1,21,3,2,977,5653.03126157759,0,0
865,559640.3357118146,21,8,0,0,1,57,739581.1772217427,809.4884455117224,10,797.8023722086077,1,15,5,11,583,2700.964821878933,1,0
866,155240.25437831006,15,27,1,1,0,97,210969.89061995043,795.8936016655778,10,921.4577362165304,8,13,1,3,156,3923.997098420122,0,1
867,181928.13867598982,4,19,0,1,1,55,841622.0075427741,165.22842000699632,2,978.50596693269,2,11,4,10,614,4007.4904689913024,1,1
868,861785.6223956611,14,44,1,0,0,94,30353.805533004263,181.63822754325898,1,10.670127006162765,5,16,2,11,13,1785.536807320571,0,1
869,946115.4626724782,2,6,1,1,0,71,843812.8636583061,762.5284056323387,5,622.7412763774776,9,13,6,11,508,13.156321159930021,1,1
870,373309.3225466598,6,13,1,0,0,39,460329.05064276507,387.1606247697695,1,412.83939775890644,4,9,3,12,465,8531.519568171974,0,1
871,270744.68043610704,10,8,1,0,1,33,217587.9399316445,30.29313954307483,1,859.8544903351217,3,23,0,12,783,7150.022538957194,1,1
872,643999.5467990204,9,18,1,0,0,45,133778.14499396802,1040.8884536163057,1,251.8147020091317,9,13,3,9,804,6905.388675770074,0,1
873,408734.1770107547,8,46,0,1,1,52,953307.1675823726,46.78069923383754,6,981.0294891150761,1,17,3,4,220,5465.055916081816,1,1
874,25386.3654064813,13,13,0,0,1,77,72665.58758115671,857.1986511898385,9,613.7079695437473,7,21,5,12,15,7009.699536084659,1,0
875,156152.6058046644,12,37,0,0,1,62,199093.41993592566,776.4390635433327,10,793.537402228831,9,8,5,9,750,9356.884418592483,0,0
876,715972.2316876752,1,35,1,1,1,63,347822.347433046,1395.0931544320383,1,85.59955282276832,6,16,6,11,117,6656.7407055555495,0,1
877,658923.9453209119,2,39,1,0,1,89,620234.8489611205,697.266920660604,5,183.45788475886505,10,5,6,3,331,2650.9213683604803,1,1
878,27096.002232523562,6,16,1,1,0,72,544801.0852760983,91.5860683840282,9,758.4036730342032,1,7,2,12,56,5705.604811808463,0,1
879,221972.16971322784,20,29,1,1,1,43,125643.49241231398,794.4306736413048,9,21.98652203932361,5,12,6,1,351,4423.249610418068,1,1
880,231074.80427732345,17,8,0,1,1,42,289727.98373821465,1211.1784856871861,1,816.8779858937828,7,17,2,11,132,5564.195746930183,1,1
881,671892.746879801,2,32,0,1,1,82,238751.7710860241,1435.4629693652735,8,13.949018691911451,6,4,5,5,995,5176.109598023477,0,0
882,19710.547557258775,9,24,1,0,1,23,213542.8544903414,619.6941701122644,1,657.1188390612733,0,5,5,10,226,8587.754264531797,0,1
883,104108.59094348802,21,13,1,0,1,40,411144.3364799871,461.2301891953092,8,365.0939202318059,4,20,1,10,308,6518.004515809637,0,1
884,799916.0873740285,6,10,1,0,0,81,704031.4525916569,1305.5807476108785,1,611.4948527191991,1,18,1,2,475,1887.59289175626,1,1
885,178544.670268887,8,34,0,0,0,60,217452.93221723594,275.3886658696148,5,696.0314069891137,5,3,4,4,906,630.1771585859195,1,0
886,652746.1113244137,16,40,0,0,1,40,366678.8797029814,886.2176376474143,8,342.4752191863042,6,6,5,2,222,4243.643643175583,0,0
887,238182.78866489872,10,13,0,1,0,47,390917.42684116226,584.2287708205647,6,107.96244811083555,6,3,0,2,173,156.11606647106987,1,0
888,99441.40176493123,6,29,1,0,0,94,976456.5294354102,59.15860553599961,9,69.64586774826564,2,10,1,3,340,3182.9806753594985,1,1
889,243172.19856773218,23,40,1,0,1,35,954666.3568790689,500.0954030002048,1,588.9360225625478,6,11,2,5,797,3680.221014177562,0,1
890,722266.9346329898,13,3,0,0,0,96,800137.5827520759,381.9290724038514,9,520.6553537341115,4,13,3,4,506,3755.894984210499,1,0
891,855696.4695493211,18,3,1,1,1,38,241658.92081918515,987.9712616786211,1,742.2010091211325,7,12,6,2,821,9793.500449738684,1,1
892,830219.866264793,3,27,0,1,0,74,68037.31409166969,1366.258316676362,10,509.7355100039371,7,9,6,11,157,3039.015730715913,1,0
893,397183.5356466195,5,7,1,0,0,40,316904.13772062474,385.9879498252384,10,422.4457900308791,6,17,4,10,151,2652.2823015112585,0,1
894,668085.1398897948,9,1,0,1,0,62,266794.54943383083,1168.5109523784217,3,398.08717823623084,5,15,1,2,697,1293.8180168661015,0,0
895,204984.30336597803,6,40,1,0,1,61,505925.8001463939,79.71813639130971,1,26.446902597667467,1,4,3,6,178,5110.093246737772,1,1
896,293147.73732953594,12,45,0,0,0,99,777727.9100677931,774.8942544573309,3,335.55720169665716,5,7,3,7,533,1536.7515253931444,0,0
897,896335.8195577615,13,21,0,1,0,64,858322.938878858,101.5920917422482,2,976.0201575244943,10,13,1,12,112,6162.950964360718,1,0
898,13001.9333807168,3,40,0,1,1,57,844864.0854105086,1345.0075072281206,2,873.5555762270887,8,4,0,10,683,1551.6062377857058,0,1
899,85508.53999938276,7,15,0,0,1,68,359675.56122306775,1103.5458440026418,9,329.3780670342177,1,23,0,6,138,5766.737410858834,1,0
900,207886.26306716478,4,28,0,0,0,59,687234.3434606829,947.447872134613,8,587.7954050663722,0,7,4,7,233,8262.69412905387,1,0
901,26532.213608497674,0,48,0,1,1,24,312834.19752422004,1186.4107895395166,1,847.296745535494,10,5,0,1,332,425.25590994459117,1,1
902,181435.44327544296,3,47,1,0,0,67,60905.54323518271,932.4285056210349,4,441.27433675006864,4,15,4,6,542,4197.47555171231,1,1
903,583041.5651392766,2,29,1,1,0,65,701565.2656029423,1395.2799319309793,1,17.95786375015096,10,3,2,11,893,4610.495061698683,0,1
904,421424.55637825246,8,11,1,0,1,23,9827.552569787846,1028.099444925271,1,74.51046181864007,5,11,1,3,307,7910.723524059689,1,1
905,892671.7121502578,7,34,0,1,1,26,409182.5874584886,1331.5083977984355,4,510.39272134870663,2,10,3,1,161,4679.161640299123,1,1
906,817443.5635640053,0,10,0,0,1,74,329379.2693020757,744.6699244953188,2,969.4393756758783,7,2,4,8,402,5675.362189205337,0,0
907,341817.3582797025,5,45,1,0,0,48,693377.5385188524,168.57275469388222,3,693.2095422188678,6,11,6,4,590,7912.0446238381755,0,1
908,259423.44083705815,8,49,0,1,1,38,766245.472760379,760.5759188491446,9,70.91619143856953,1,4,0,10,278,5597.589331707978,1,0
909,379692.41437034286,6,20,0,0,0,57,304094.63597128383,182.69687241085435,2,189.36087579186278,6,5,6,8,320,3583.0005522016886,1,0
910,590294.9466118583,3,20,0,0,1,62,811627.0144448535,853.1906100140233,4,771.32314321685,0,18,4,10,533,858.4319177830465,0,0
911,268063.64814223984,12,4,0,1,0,94,293916.7605049338,694.7900071598347,1,841.4397599562448,8,17,5,11,897,7299.158995969481,1,0
912,624148.911607645,16,47,0,0,1,66,446326.35998656123,896.5085728792056,2,617.6945861885908,6,15,4,4,497,8711.38279024005,1,0
913,409411.6580971239,1,19,1,0,0,37,727018.527014134,14.467652718957495,5,644.4231696298166,5,22,0,4,363,9700.64566955627,1,1
914,552047.1853315084,4,36,1,0,1,34,692920.2292247886,280.5703079837243,10,28.337450383384642,1,10,5,12,372,9265.999541716876,1,1
915,436126.5347740514,11,2,1,1,0,45,987368.4723122,707.5158219534685,1,828.5302595815085,2,4,5,10,892,7974.181114153399,1,1
916,294465.7665972601,20,43,1,1,1,58,225161.02421593186,1368.7251286883543,7,788.2752081708296,0,8,0,4,655,6434.722887737959,1,1
917,948453.3074776236,7,32,1,1,1,83,662317.9135395824,552.3970181114281,4,259.03514410334714,9,2,5,6,36,7814.603643704925,1,1
918,763605.7965237029,5,8,0,0,0,42,609681.9082757774,611.0957175172339,6,708.676719965507,4,7,1,9,303,4320.842807683551,1,0
919,140113.1843653208,7,8,0,0,1,75,915098.45449003,1029.162368169536,8,214.8546064249981,8,5,3,5,438,5947.766200146202,1,0
920,868467.977213233,17,3,0,0,0,58,156362.14164487505,869.46157049201,6,40.33016105151299,5,3,6,12,726,3487.0046043937605,0,0
921,487431.2033752017,2,34,0,0,0,23,751798.1635869329,430.4536561415999,2,201.13654259037727,4,11,1,10,32,3267.098882711678,0,0
922,894552.2279485691,21,16,1,1,1,92,568268.6162687683,591.575609617096,1,178.6288767542995,2,11,1,8,186,7566.920165842605,0,1
923,799855.2579487626,11,33,1,0,0,55,274665.8697879054,313.48771035441473,8,337.7479967348472,4,20,0,8,174,4539.333283707794,1,1
924,425213.5102170984,2,23,1,0,1,23,474434.9141471741,1391.0709011475003,8,418.4494971754581,7,15,0,4,566,2121.620507697663,1,1
925,22469.318095424314,21,31,0,0,1,62,333776.5970697978,188.11350944259803,9,508.53889149770794,1,9,6,11,673,2019.3896000370391,1,0
926,268677.36669817247,5,0,1,1,0,92,579313.4027884608,535.444969775644,6,476.7538755083282,4,21,3,10,250,8591.72502397572,0,1
927,541634.2192445247,1,7,0,0,1,31,889000.6108146659,37.208119996816116,1,270.67460596528935,5,13,4,9,763,6777.608166021768,0,0
928,633478.2234913651,22,44,1,0,0,83,569304.984412202,319.3624683843068,9,29.170668574074465,9,12,1,9,935,5460.465273120425,1,1
929,257887.69285432543,11,22,1,0,0,57,631722.418326584,1123.8784392674231,3,605.1016222371507,7,8,5,5,279,4009.3933505762343,0,1
930,139356.0826792634,1,46,0,0,1,20,518747.84711470944,289.6923344959864,6,395.74482984735437,7,6,3,6,683,4308.17959969735,0,0
931,834930.2384499968,5,39,0,0,1,41,51165.506445475905,115.29129964171047,10,298.6721573875497,4,11,1,5,695,574.361367597496,1,0
932,984402.1808595303,16,11,1,1,0,36,232858.55687609426,683.2125789761135,10,866.9410428305123,8,4,4,3,2,4549.106899576979,1,1
933,525690.187045784,2,11,1,0,0,35,492001.72943208274,14.355698017706633,9,746.7433077981598,3,17,5,11,194,7954.551151671712,0,1
934,171679.29413151066,1,45,0,0,1,81,310235.2837447048,122.06326237391977,3,857.7655483724423,8,3,1,8,166,3879.8709210884226,1,0
935,272307.3337962957,22,46,1,0,1,52,181763.59776119422,1162.9812521706842,5,494.982794712461,10,1,2,9,759,3835.818689620054,0,1
936,18390.686363559966,19,14,1,0,1,79,504132.8419184383,1110.9216165978332,5,130.93125212677748,6,2,6,4,925,157.1756730270478,0,1
937,914298.8074175109,7,40,0,0,1,18,322809.79344785033,1317.7999013830504,10,696.2214361212724,5,11,3,9,756,4578.358047228061,0,0
938,117751.0917126303,21,18,1,0,0,42,258107.64317341472,1230.5022277114792,7,206.07377993717523,3,2,6,9,110,253.3862761031391,1,1
939,576516.4797490888,11,25,0,0,1,62,463985.4174403808,983.772811065338,4,441.2296690917168,1,3,0,7,380,5703.498576593331,0,0
940,274055.2279466538,3,28,1,0,0,66,133284.25808217315,75.35931451295448,4,65.0007889488885,7,5,1,8,835,5067.8387479893245,0,1
941,554178.0069740134,4,21,0,0,0,33,927745.7330754073,1127.3020099007867,7,825.3084024229825,5,11,5,3,999,8400.086589155,1,0
942,651420.3918376603,12,39,1,0,1,36,867702.0979192391,1217.535567610407,9,125.94064104750058,2,18,5,5,583,5817.810291451103,1,1
943,829741.8054097836,14,20,0,1,0,40,707620.5857405353,1150.6782899116145,4,903.0975070493097,6,9,3,3,676,3234.2803189485994,0,0
944,206421.2796963905,22,50,1,1,1,100,106213.82758845622,732.2098108435575,4,864.2306022615571,9,0,3,7,285,5162.314931859048,1,1
945,10995.838548522192,15,37,0,1,0,42,775877.254469693,335.3786476552536,6,464.5827644392461,6,16,6,6,887,6997.066560435631,1,0
946,136885.63869995097,9,19,1,1,1,33,807957.328109019,1217.2751649917664,6,744.3682043039906,5,15,5,11,421,939.6470144658739,0,1
947,900018.6428479187,22,28,1,0,0,71,767764.6177143377,1047.1144460257995,7,619.4450738181533,1,8,5,3,113,6210.744673963453,1,1
948,873890.0788236145,15,50,1,1,0,90,113965.88711924116,1412.2960911199464,1,803.0756423377449,7,20,5,9,228,9166.263653516971,0,1
949,597413.1061961773,11,3,1,1,1,18,643907.9570677647,224.1973407685434,3,431.80510078591203,0,8,1,12,471,2991.3099650094878,1,1
950,600516.8644284848,16,6,1,0,1,59,834324.7957493985,324.95699959495926,9,785.80848424435,0,22,5,1,813,6266.254682513174,1,1
951,665036.6778958887,15,27,1,1,0,36,577353.4012196678,304.9893358293639,6,462.45681706514796,5,8,0,10,528,8213.296290207933,0,1
952,175371.28686973682,11,27,1,1,0,51,646407.375228089,1141.257265374725,6,940.9657878427938,4,11,5,3,496,5118.068856322267,0,1
953,914411.9467808403,7,3,1,0,1,97,458363.47942630615,269.14650688817017,5,486.3721008251476,8,22,0,11,31,7179.798160408508,1,1
954,418770.53070436785,19,21,1,0,0,72,528707.3198840526,95.99015494556077,3,462.6192719337295,6,8,1,10,162,3110.110274789216,1,1
955,383138.5344181122,2,11,0,0,1,35,34376.85835172521,1437.9275614833052,5,785.0718615635127,1,14,3,11,818,3060.5914686669184,1,0
956,518917.7100936605,15,44,0,1,0,51,638963.0219732845,35.736784481014766,1,821.577691760838,6,1,0,7,705,6675.843542145389,0,1
957,46965.97630539538,12,2,1,1,1,62,81447.21289115919,1202.7514466287666,3,554.4891143211707,2,10,1,3,722,7054.091685646099,1,1
958,166283.37709324574,22,21,0,0,0,23,435014.59434022335,526.12825183294,4,179.7978134950754,0,10,5,3,378,9370.097625024442,0,0
959,738033.6190460343,18,43,1,0,1,38,292655.0976674078,1211.926262051254,5,467.7582309575795,10,7,1,2,446,2248.3934987939983,1,1
960,82798.67709713978,7,1,1,1,1,87,545427.9502117131,798.6535073440488,10,968.0725029096784,7,22,5,9,744,4682.18127870373,1,1
961,603152.1134348671,21,23,0,0,0,65,133416.3355232071,1298.3489704603585,9,752.9861930391851,2,5,6,11,427,2505.1422265041824,1,0
962,245349.11722782988,4,33,1,1,1,56,691643.4019733182,1333.7179004370623,4,811.1626038791322,10,20,1,4,696,800.9308078808451,1,1
963,389295.6201490204,19,26,1,0,0,48,795011.5369284704,13.101381044317435,3,32.82549881924013,7,19,3,10,504,4032.3112471695977,1,1
964,288693.7438837625,7,40,0,0,1,27,163354.4497431565,108.5935334296151,10,467.8594626341599,6,6,0,6,527,3740.81373207456,0,0
965,355672.722908222,23,0,0,1,1,47,104313.08735188216,360.5165705820319,1,646.6211336575553,1,2,6,2,944,2704.3484954806795,0,1
966,719045.9079937864,11,7,1,0,1,35,145515.48278735916,963.8141995634425,10,830.0326836280747,0,7,3,9,817,2969.9559414452533,0,1
967,297121.7226519579,0,22,0,0,0,77,877127.5618985017,1279.1119629765687,6,49.27365358277147,6,17,2,7,721,3604.1244593947176,1,0
968,566404.6446328508,20,37,0,0,1,90,528189.2617563562,662.3164098633064,7,852.4388856418731,0,16,5,10,684,9888.376439424608,0,0
969,476050.40743859566,19,5,1,1,0,32,467260.9960075026,874.0412874349422,10,548.4009367419117,5,10,0,5,778,7829.579830095141,0,1
970,663671.1687259364,5,21,0,0,1,21,106711.81910235427,271.43978802560804,8,197.31397057605992,10,1,3,7,532,714.0212968570586,1,0
971,936829.7399564605,21,24,0,0,0,80,649556.0067569618,1159.1522407896268,1,317.2552164497,9,20,0,4,582,8724.133040735253,1,0
972,732572.0998845294,17,17,1,0,0,57,867999.59189509,1392.9524803489965,4,281.9295517515608,10,23,2,10,520,6333.03693095345,0,1
973,214940.38644135298,7,16,0,0,0,26,828185.8693234529,386.78246339702036,5,530.8590342884758,9,18,4,7,941,8905.938695281491,0,0
974,31183.14474945332,6,11,0,0,1,26,626054.7089808013,712.5493703047867,2,51.68567991113182,7,6,5,2,34,3417.103454205411,0,0
975,262264.05167718465,0,5,1,0,0,43,75278.71665167363,124.00719912917828,1,158.53615849992352,6,17,5,7,736,4645.19400292854,0,1
976,595077.9347494756,20,25,1,1,1,21,112397.02717601297,805.1567853066745,8,812.6930433757824,3,7,1,4,691,8962.27161081051,0,1
977,51425.822969992216,15,26,1,1,0,98,49308.98710982467,724.00815625922,6,132.60399074681106,0,13,5,4,758,2725.738633405456,0,1
978,496366.25223757385,11,7,0,0,0,33,257479.2164924693,207.98853718331173,5,233.39626945812697,0,6,5,1,490,9155.00960744539,0,0
979,596842.8529484607,5,18,1,1,0,32,135661.46716037774,636.5753468900281,9,453.37060560415733,3,20,3,12,772,8284.998836445571,1,1
980,334243.89747452195,19,41,1,1,0,69,260048.0402524339,481.1106990046511,2,517.1208881133305,4,3,6,3,620,9805.579603513524,0,1
981,770912.2060366999,1,0,0,0,1,86,385058.0557189617,751.4364604394726,10,763.6104796141586,6,16,5,5,754,3242.5826275877607,1,0
982,106598.26206778927,13,28,1,1,0,22,942982.7840711357,843.3422430174709,8,447.33242666618776,3,4,5,5,423,2357.5394425160343,1,1
983,75137.79098443093,3,44,1,1,0,37,610376.0597816921,12.233633194381692,10,789.8646210355388,9,11,2,2,468,3308.675661788311,1,1
984,728188.7589217158,0,48,1,1,1,96,834973.7856829623,1095.8486154473596,9,618.3463070454575,0,8,6,4,24,9546.498413389392,0,1
985,495491.3212512853,22,34,1,1,0,35,710351.5007123322,1026.7405802809067,1,113.09973942382246,10,19,2,1,216,3330.739629796455,0,1
986,688402.399543712,17,39,0,1,0,19,112503.13052663175,527.4523961373919,7,156.33143839283858,9,12,0,9,55,5652.122547454182,1,0
987,434827.3442554728,12,13,1,1,0,30,735920.4063739488,76.22774721909829,8,437.0337254497708,6,17,0,1,26,4036.798789072316,0,1
988,246402.0407750865,1,34,1,1,0,21,275098.88155912445,1087.1028572904725,3,396.8893930890396,1,19,5,6,281,3962.2074826163644,0,1
989,819102.3194831766,8,47,0,1,1,59,639107.8469947063,1375.4522310885106,4,743.5442696372946,10,8,5,7,804,1933.7941650044531,1,1
990,799415.8809748205,20,44,1,0,1,91,340961.97364298854,345.8182982717004,3,580.7371397973519,1,3,1,3,327,5370.800037180492,0,1
991,694696.4739074621,1,19,0,0,0,78,997672.2632646592,465.8754437813346,7,388.1330810022493,7,20,0,12,970,8494.044055629518,1,0
992,272145.14450851135,8,48,0,1,1,25,263551.4794967778,264.6905608538135,9,170.76028345038563,9,7,3,1,186,494.8596406885725,1,0
993,590230.6709667804,0,12,0,1,1,84,279130.47077426966,830.7880176165692,3,226.83710232549515,9,0,5,7,495,8892.26704436828,1,0
994,360973.90333028784,10,37,1,0,0,80,930672.2555623983,222.97160829233513,6,575.501018469059,9,16,3,3,12,6654.7329966433435,1,1
995,91582.08241081341,2,48,0,1,1,26,24644.40463632267,512.9192785843863,8,423.43880489979244,4,8,5,10,641,6167.384638368223,0,0
996,917313.5762891071,19,45,0,1,0,28,696688.9878731968,1003.6987400653387,6,514.9275088606721,9,19,3,12,884,6259.006070237593,1,0
997,136818.63955077511,22,48,0,0,1,59,725326.3907358781,806.5670155334617,2,170.67743530223368,1,12,4,12,434,2962.7053968463347,0,0
998,950237.3543184289,3,7,1,0,1,30,836378.5774103993,556.5060926322268,7,662.9062523445658,4,1,3,6,921,4151.450887237838,0,1
999,446005.778497898,17,42,1,0,1,53,974439.3106384753,605.1594266028603,2,852.538740855967,7,12,6,12,208,7992.902066142087,0,1
