,Age,Income,Months_Since_Last_Purchase,Total_Spent,Number_of_Transactions,Campaign_Opened,Campaign_Clicked,Days_Since_Last_Campaign,Customer_Loyalty_Score,Average_Order_Value,Number_of_Products_Viewed,Campaign_Sent,Time_Spent_on_Site,label
0,69,101994,17,8237.903842212947,36,1,3,257,88.65954415023984,366.63770009645646,100,8,147.36336636594004,1
1,32,76133,9,9550.60511484989,47,2,0,126,41.09425523501099,619.1214000466963,85,7,95.18844350954483,0
2,78,81268,24,8211.982825502266,44,2,1,281,60.43044198214788,159.3948847714022,61,3,24.516631301436597,0
3,38,189315,1,15.651051914729042,38,2,3,87,63.00186806188274,968.0221720457387,63,10,185.5868402474043,1
4,41,51653,24,6364.01370183407,31,5,2,203,41.73829418004733,914.7493287276603,16,4,90.81931867550732,0
5,20,177729,21,511.35381442100726,16,3,1,15,14.431204368748151,166.9501790344692,77,6,146.89740806448071,0
6,39,191024,0,2576.0722033372185,34,3,2,150,9.355940691233556,121.15546126098542,61,7,73.43476288625843,1
7,70,173252,3,595.2470034777168,36,4,3,253,1.66715505996331,85.40848280826529,34,4,3.776175715246932,0
8,19,141829,13,6037.954529493877,18,5,2,187,87.35342642452146,909.4436640366312,12,8,20.10607173836718,0
9,47,148377,0,6865.899134926068,43,2,3,328,23.647491223869455,193.6238097954608,34,9,99.24389589798488,1
10,55,21622,13,1144.8763806590512,28,0,3,31,21.150674928176805,416.2849285443547,42,3,137.99287142527248,1
11,19,68756,15,3838.388830449795,6,4,3,270,73.60354004260655,448.851365652003,1,3,66.94706531585581,0
12,81,60809,21,4562.36508955542,27,0,1,4,32.00161130873917,599.0110442135675,55,7,139.09769183553007,0
13,77,36725,13,3690.530217609166,8,3,2,329,50.60446924118366,71.73534374742496,76,0,139.7271178863912,0
14,38,71226,19,1210.2500048519305,27,4,2,307,16.25110652974563,226.75861740051596,50,7,140.78718146556616,0
15,50,101182,2,4189.477901874754,5,4,0,332,95.97457214619692,931.4903869189261,53,4,98.50437080410168,1
16,75,49402,2,7511.780478084182,28,1,0,168,85.15814000172374,908.4101072685695,15,10,182.9772300243008,1
17,39,24263,8,710.0766453325547,16,3,0,180,86.37896229650033,781.2906474056922,17,0,97.83930359612312,0
18,66,197900,5,801.8001408190345,15,3,0,365,40.67737485720052,19.401245618215434,6,3,90.05303869932763,0
19,76,67924,24,3547.712918359842,22,5,2,177,76.23612137071729,327.0067684961021,44,1,39.8761638021254,0
20,59,94182,12,9417.25711618925,30,4,3,142,14.387615538978016,627.9587353429079,35,3,61.531017471267305,0
21,77,162736,20,6685.72646722914,2,3,3,361,0.8619002591780278,275.1902117734757,40,7,8.46689850366067,0
22,32,55737,1,6786.699566725648,20,4,1,247,1.9972932578028124,909.5866950537774,93,4,126.70705872323404,1
23,79,121332,7,3619.1999083786495,25,5,3,126,58.660173740456045,633.8894618324418,41,0,49.707148785418575,0
24,79,109563,20,5936.607912085385,35,5,2,262,45.53949052479408,71.9067173164456,6,6,60.83105089709302,0
25,64,180445,1,101.31184027743379,41,1,2,39,51.801534890851975,909.0055888357031,14,0,154.16290433286423,0
26,79,187469,3,6360.960464095422,36,4,2,354,0.7463140417219405,957.7666581762226,59,8,65.44423663229078,0
27,68,148575,24,9132.869475762367,21,3,1,254,42.268661965742574,77.71241839172549,39,2,48.439178402628436,0
28,72,121371,14,6125.734683448191,41,3,0,142,71.80681612008608,532.3602348613149,82,2,33.81154982674115,0
29,81,58709,3,8736.985934663451,11,4,3,239,44.26937019674359,303.36428221417043,36,5,154.97168043639118,1
30,20,170322,12,7239.730554660938,41,4,2,227,73.22192063122223,392.83907648140234,65,9,25.941251598005376,0
31,68,41172,11,1205.5841640369024,12,4,2,340,23.30189643968348,179.65121795534188,54,5,90.7507520500707,0
32,24,31555,12,9024.533072858418,10,2,0,197,81.31420044817254,578.0721020124125,76,10,101.38602321543888,0
33,38,73276,13,664.4384435577489,15,3,2,64,58.84312404534523,957.9793532488906,94,10,137.4779825371429,0
34,56,77492,19,5339.674725477637,7,5,3,10,21.076309942990623,503.0726002716091,79,5,126.6566964665991,1
35,35,109599,17,1421.3712379345766,39,3,1,107,23.672047585383293,82.91458139448116,55,0,162.14413458903496,0
36,21,175834,5,117.06610730904066,39,2,2,25,62.8030464569537,620.0013334774084,43,4,8.95028678524763,0
37,77,31046,10,4220.34260127639,44,4,3,150,82.99395932124433,340.222994451257,56,5,59.28814495587944,0
38,31,136021,1,2950.407076541562,1,1,2,220,41.56277820291552,855.9251895912978,5,7,56.02682375507595,0
39,26,179841,22,4860.00493797603,29,4,0,340,25.83004291275922,434.67814831647024,91,0,29.203381118421646,0
40,70,174222,18,5771.998867345508,29,4,2,236,86.70116069106004,192.8396089422456,31,4,57.83565077128863,0
41,19,24853,18,437.39072308947357,11,2,2,236,66.9268291750835,191.10562269114496,73,2,61.953062828580684,0
42,77,140900,4,1230.0329512374565,9,3,1,218,44.80854872830765,768.7641807211604,17,1,104.37689238549565,0
43,61,172864,18,5586.4239645042535,43,4,0,150,48.790019527930184,265.5875983073599,67,10,132.7408957852512,0
44,25,79129,1,3431.6735317265825,10,3,0,122,20.42564679363964,767.2333941592229,72,7,76.22010272236281,1
45,64,134130,9,7291.73487549448,14,0,1,143,62.680263006484395,205.8873107665994,6,6,143.89404626267623,0
46,52,183059,24,6522.916485919397,15,5,2,188,35.87425105428886,321.6863687013094,7,9,67.233067715916,0
47,53,166922,1,8456.043629899068,16,3,3,254,99.56451766743493,465.4869724396994,63,6,58.05673546295207,1
48,67,163184,10,6924.928266692253,25,1,0,67,48.01835152618879,943.1958496934507,6,4,108.23761117140486,0
49,21,141789,17,4299.310773901481,1,5,0,103,48.58856061896132,931.7314247538246,40,8,4.743272061158121,0
50,19,175130,23,6729.666223944324,49,1,2,335,56.58517874106719,206.8718754222878,39,4,15.957824726800073,0
51,23,196492,14,2753.8117425541855,11,4,2,158,91.67560031187467,358.2190412430728,2,1,83.59390871730541,0
52,71,58890,8,3063.1349877821267,50,5,0,308,80.08180998597503,149.39938845377233,16,2,188.5825422783513,0
53,21,86017,22,7889.851599207933,25,3,2,361,45.113006979784146,509.9850793134971,65,3,144.30235596868474,0
54,71,198376,18,4464.195164015821,22,5,3,299,71.8699265972796,460.58255069466657,78,4,17.62531390011155,0
55,80,183993,8,7983.803405183525,17,4,0,89,58.62354987807616,900.7601624507324,92,2,169.26360255617473,0
56,35,152596,2,8224.223736682785,31,2,3,356,49.23670487012489,930.0053777910726,51,6,146.4601541216362,1
57,61,120424,20,8575.623376612837,48,1,3,255,19.231577278435054,383.5673910072921,21,4,122.18930514053064,1
58,51,35048,8,9166.352358412074,37,4,2,352,46.39362634548909,491.7379430189894,3,4,164.05859212183546,0
59,79,186183,13,4309.852205132963,46,2,3,219,24.581858702257463,896.2362491461331,5,5,80.82196954859143,0
60,31,188976,18,3188.668183211388,2,5,2,8,91.48421498516547,806.7078077450615,37,6,44.30021017077055,0
61,65,74912,6,5821.987465941139,37,5,1,11,33.540681349634696,3.6563113446492768,25,9,102.40467782175186,0
62,32,54008,15,3711.724234376276,2,4,2,324,95.22640145333723,320.0595641835825,10,9,109.76835111869477,0
63,79,151132,15,6010.74166800233,29,3,3,243,53.30552900947112,421.7742419361259,89,7,107.66527440198242,0
64,57,103559,0,7055.858626438247,0,5,1,181,63.15443786761603,229.71628368323172,16,8,113.01475829602106,0
65,70,75337,3,6884.050184921369,29,3,2,283,54.29404444893278,199.57161589593875,87,10,189.74098364783615,0
66,41,130616,3,3745.5288702012135,44,3,3,311,12.93806169667009,37.784506595679666,91,3,180.44912461924628,1
67,43,33350,6,1668.6020169875283,31,3,0,98,37.5821219007941,643.3697250697605,98,4,175.14340731178788,0
68,77,44354,7,4305.293384622075,27,0,0,196,9.914611227762393,262.51029048316565,30,4,160.28336218172544,0
69,58,65186,16,1425.9414408190873,20,2,2,365,62.29540441833817,52.34717843131309,76,7,188.68562145305708,0
70,46,48145,4,8900.970351838083,45,2,2,225,44.68741952004389,230.97931052806365,34,8,19.69892833588065,0
71,32,185092,6,3458.7746073785743,12,5,0,332,77.79849715709368,801.9139528361266,15,6,53.0246522891479,0
72,62,106123,19,1544.5974722332378,26,5,3,102,22.047048099936983,851.4891816465466,78,4,99.01118913091697,0
73,82,40581,19,254.47759905750877,35,3,3,105,16.45660584293349,483.0662451933027,17,2,169.30689862468105,1
74,26,108929,3,6458.223862864843,6,0,3,364,40.63322309637678,416.07067040868617,100,0,101.0331423045465,0
75,18,43051,5,6369.023174547432,21,3,2,57,92.65853832183811,977.8536935017818,61,10,149.60694786831775,1
76,25,71474,6,3406.0416658129166,9,0,1,77,71.04218150124117,200.5646595880699,26,8,27.791981049783242,0
77,80,111748,17,717.11888847651,38,3,1,74,41.89236247929187,215.35928285460847,34,4,50.48276259531204,0
78,28,145995,4,4096.28894895232,14,1,1,41,51.727216975431055,291.86717703639977,44,8,146.3552190075345,0
79,25,89626,19,3112.1749506339356,14,1,1,323,8.421301117709834,172.75731828108732,34,9,32.946801777544806,0
80,52,26960,2,6771.2063973500935,3,4,1,180,98.4575896376113,379.3655982041866,27,3,70.27118693098535,1
81,52,186844,6,6057.792494526903,31,3,2,32,66.6407304694919,910.8342269897538,8,4,52.97325156271428,0
82,50,172592,21,3645.9372819754,22,5,2,70,28.540406846342247,615.3478406285743,75,3,69.9723388444957,0
83,22,56408,13,2178.925542549901,5,2,1,55,58.58083942152443,411.94654861226365,14,1,141.66480981559405,0
84,58,114006,6,9880.359661555918,23,4,2,104,10.948236606899398,934.4107945712148,20,0,73.5694362285602,0
85,45,77134,4,4540.016211961149,19,5,2,199,96.58366688075836,48.46423247582232,51,7,111.05266452158804,1
86,24,171563,21,6882.742357802371,36,1,1,100,17.478498788336594,210.27617790186136,34,3,19.98637541088193,0
87,29,152413,4,1405.5296757836077,19,3,3,255,64.80303180552141,565.888605101759,96,4,161.00353864692556,1
88,51,195695,22,4855.896996593978,11,4,2,306,24.545446253893044,615.5526231931792,50,5,73.97772512962497,0
89,50,110327,1,275.36719869465486,32,3,3,73,71.75613826485358,39.55750656261314,82,7,129.70683180666848,1
90,65,151410,20,5054.551179104499,27,1,2,170,77.68213672402811,403.03875790713215,54,10,145.07792033236652,0
91,40,163326,21,9640.174071177024,7,4,2,142,67.34197289114327,649.1539648308727,86,7,41.93218442234008,0
92,79,31344,5,3842.0671298580023,0,1,1,165,61.44994602551925,698.0705464034016,76,6,176.93499699067,0
93,54,152822,14,389.9601257491159,36,0,2,260,89.24690939520117,638.1399025162693,43,3,123.24485032139059,0
94,61,87957,20,309.5579091934353,21,1,0,220,7.862671098975804,320.56322436092455,64,5,85.7450283502963,0
95,52,125423,9,3879.867599468695,5,3,0,82,33.09147657801952,93.5201235979095,92,3,36.46703671564391,0
96,82,78053,22,1600.2493646319404,20,2,1,181,24.828747963084595,427.1124464193341,87,6,188.46018758024135,0
97,64,166968,23,233.5209632818591,31,1,3,306,98.80139620654217,128.75443736805548,79,10,151.01364082632503,1
98,20,97454,6,7562.136139501768,34,5,3,9,38.93897796668735,947.623658520667,24,0,41.60491254664977,0
99,18,110600,4,4585.230088818907,14,2,3,3,73.26126992403988,475.1708660226283,86,4,67.5421549448449,0
100,22,142732,0,2892.447719726545,4,0,0,350,68.47251638810046,317.25917435686756,91,9,161.93485161761464,1
101,31,179007,12,9000.831830164807,45,4,3,335,21.208123747737773,766.3040711189001,46,9,139.1355326430678,1
102,44,57641,20,1161.3896020052562,49,4,3,291,23.899768021155133,497.94859258226387,79,3,153.15685854314486,1
103,26,49711,17,9559.188289553193,47,2,1,280,28.12845635530341,310.03402401245006,55,10,88.24022044258648,0
104,32,90342,12,3139.6671737735282,5,4,3,214,41.112727825937924,811.9677423908017,37,6,143.2952525284334,1
105,59,126896,20,8884.036723086812,24,1,0,97,23.43250656505268,867.152151001122,10,8,77.29874457278274,0
106,68,163254,20,6029.428764794616,45,2,0,100,1.9651482746847804,673.008166288677,66,4,42.252583387639284,0
107,80,107833,17,8267.073597414874,39,3,0,8,87.93930568071954,46.96442240766729,14,3,126.53540696827199,0
108,69,76276,4,9840.131632104643,28,1,1,60,96.5609831380884,566.3228801665321,0,8,195.20278511975883,1
109,21,39541,12,2884.054378187457,6,1,1,308,34.15703870315679,763.2949119972816,6,4,62.12019427906592,0
110,40,114457,3,9611.35485407593,39,1,2,145,33.85068794254729,136.50301208358218,0,8,92.19391844250792,0
111,32,64813,16,3894.8189490242034,12,3,3,62,0.7091812774370987,228.67075138460336,48,7,134.8002742139707,1
112,60,188270,2,3855.119047369223,37,0,1,120,68.02506883303741,882.4951050681365,95,3,108.30125642449757,1
113,46,159892,16,3403.8710425450568,17,5,0,225,82.54398957486288,20.121721853074035,72,10,168.68555914180985,0
114,53,44070,10,5414.076073475852,1,4,0,104,14.660830036000316,752.727137825976,28,10,152.3485412939032,0
115,30,162194,20,1541.450431784871,7,2,1,259,15.966634936715074,473.7732925144229,25,6,11.659440772471408,0
116,49,100559,19,5537.114853580112,10,0,1,348,79.00832499714377,446.77215883960685,86,4,199.6842467847548,0
117,76,61786,22,5417.04812410004,32,2,1,254,61.629074835414464,7.0965324948871755,44,9,150.48049074389345,0
118,45,157809,20,7619.0181260487,37,4,2,206,4.486055762771701,819.3982309664927,92,3,172.78066325882264,0
119,83,56062,3,8336.499619375856,47,3,0,27,62.25469904622817,359.8249006365665,96,4,130.23954241906927,0
120,59,71571,1,4404.41350312424,26,1,2,169,30.891772284376607,540.7656313005429,70,4,171.25702560935247,1
121,62,45510,19,3023.3324935149376,19,1,2,335,36.872515547084596,677.3006863356594,11,10,22.476594985741883,0
122,79,39426,15,2593.3489731709446,11,3,3,75,76.97314182968802,702.6295764379158,94,8,69.54756711186312,0
123,74,57265,17,1946.2383670487193,42,0,0,115,81.09351926726106,955.9800588260723,31,8,175.28418872089856,0
124,23,168922,7,576.4758219902488,30,0,0,68,40.03566268398306,531.3399532366091,19,5,40.33104225337845,0
125,45,86150,2,3424.4797883471333,26,2,1,353,94.71529360063548,399.7195509744276,50,3,15.648419716004547,1
126,45,107312,8,2702.4769213078325,31,3,1,233,40.64627179520722,953.703626491708,80,1,157.6237879890438,0
127,61,109613,19,9664.173858664073,9,0,3,0,77.18360352301099,642.1102350255211,35,2,167.09723112865925,1
128,47,94910,5,5577.088262500439,2,3,2,166,48.38772645642591,298.1503562765556,66,1,32.53044363798012,0
129,79,72375,9,3472.7703903050756,44,4,1,351,89.7532326522084,126.46424540357116,0,4,170.8691965565431,0
130,79,141826,20,5804.676009936959,26,1,1,217,90.77612436501786,842.5545014651813,26,5,137.35355911943392,0
131,18,55435,9,1391.967013456955,34,1,0,272,8.741680787108386,362.18160279415156,39,10,104.01653664331678,0
132,44,116443,12,4440.437492022029,30,1,0,250,93.64933313102257,660.4697213644312,96,4,166.050038556277,0
133,79,154055,16,6262.3432142106385,14,3,1,346,82.55348415204156,470.8164193658981,83,1,83.84984986379315,0
134,20,171734,8,4888.978317924514,15,3,0,343,79.13107143126669,198.92977979503834,13,4,38.79879124467944,0
135,44,43510,16,4017.7880065432423,12,2,3,173,20.091133968552242,601.6866086204651,99,8,56.97053532212273,0
136,26,192070,23,9938.483888996981,48,1,1,169,80.51192087546649,60.68306895068232,68,3,101.03280365866296,0
137,79,114071,8,8803.14762148927,34,2,0,245,85.01327346850368,413.3424598711922,86,9,106.26615853463515,0
138,54,26640,8,6234.059581594401,10,1,3,89,28.915033445415094,546.6149396636711,78,1,161.11616528824672,1
139,68,64547,0,5693.773611822828,20,2,0,48,95.22600783623237,436.04697411857904,5,2,158.2705447304669,1
140,61,74620,1,6206.60479824584,50,2,0,293,4.986014639916425,748.6721752509908,32,2,116.27331144091497,1
141,41,166389,15,2013.1210782243325,10,4,0,149,14.990925324713967,827.9249545453124,54,8,156.15709667309528,0
142,76,135608,0,3951.3774326431862,29,2,1,131,53.75811380515143,771.243074033178,18,3,38.3546916587342,0
143,49,27564,9,394.59532890899317,47,3,2,58,57.579247112230966,38.81294781180211,76,0,10.012905418658868,0
144,69,178417,17,4755.460374868267,34,2,0,323,64.51500833009034,194.1287704459722,28,0,174.72676452694003,0
145,79,133824,7,5430.245839576632,21,1,3,198,1.6969129315466458,536.6075092637743,60,6,15.110898752553915,0
146,75,99273,20,2277.497361032096,37,2,1,214,96.03667746221302,934.8220404438013,69,6,49.33768594879946,0
147,69,94859,10,9640.288471655138,30,0,1,48,4.458809273414399,834.9567750521169,78,1,139.06378992487691,0
148,29,130017,22,9094.54610937242,13,5,3,231,14.306195272340238,842.5345083518016,79,8,81.88958752546182,0
149,56,143618,1,7221.432354559059,23,1,0,246,1.401451752605698,303.2081937596749,23,8,175.26279398310177,1
150,19,145341,7,5333.8662876536255,49,0,2,238,56.685843329409465,429.44789707870257,22,4,59.59595893245391,0
151,20,49430,21,8699.691596476849,48,1,0,167,93.22668839209723,470.7059473159374,9,2,2.374269333871859,0
152,73,47788,7,1306.523438234629,31,3,3,47,66.59471660804643,157.37158334991042,53,2,60.13112811214882,0
153,76,199615,16,7905.09794274885,35,5,1,50,82.26574684804274,31.068130244456317,40,2,115.61500983696634,0
154,19,164991,14,1248.208139668483,31,5,2,298,1.3281203458580082,946.9028994605169,48,5,75.18767508065866,0
155,19,89346,16,7942.106625494054,14,3,1,97,54.20152984797261,240.71258566350673,16,3,106.97455115175106,0
156,71,116122,22,2757.6756825135694,42,5,3,215,45.95629775055219,239.9489037236313,55,7,175.31962376700375,1
157,18,59974,23,8770.90581018189,34,3,0,176,49.8967944220793,83.37905376875953,44,10,182.4970108460737,0
158,36,127309,12,9440.420938253978,2,0,2,79,7.221318533518795,928.5077519437785,29,10,53.19481293082242,0
159,19,36371,18,1487.9596940511562,15,4,1,184,68.44353610693075,579.737114939772,43,10,92.42809465398014,0
160,70,65084,4,4626.756050653935,4,1,1,26,50.322041485863444,667.0368571253539,73,4,109.82880304829024,0
161,61,180701,11,9809.873781626851,20,3,1,194,76.51488498612639,911.5768872630525,54,0,189.8224913776494,0
162,49,81916,0,4834.074359731466,9,1,0,213,48.52906340617154,345.6201689007895,18,8,199.72346383287694,0
163,49,93972,22,8635.475225145452,18,0,2,341,14.938163622643208,621.5073111380841,28,0,47.081449768305326,0
164,72,32984,4,5887.315221313199,24,4,0,113,64.8256954077822,38.79945472888746,1,5,145.39597426916308,0
165,73,53039,7,3753.2990791960187,3,0,0,241,17.238636210516624,186.77252823112934,35,0,75.60621244663903,0
166,34,105431,12,2857.8355552587022,28,5,0,123,87.23945633548149,831.2458050899425,18,2,1.6216393772426452,0
167,55,103691,7,2032.2309108608727,18,1,3,304,61.311623906924154,766.7683563383357,6,9,1.850504487180471,0
168,41,78606,24,7617.981913776972,42,4,3,75,15.720388355695425,350.6426914571469,25,4,92.11320151245116,0
169,28,161688,22,3865.4050682302786,1,5,3,310,96.23380574812069,376.8106277742125,78,9,97.66698260086693,0
170,33,122665,10,5112.754622007512,9,4,2,311,51.83654633353206,533.5544335535794,37,6,4.513939314688531,0
171,76,125373,0,4923.2548000118195,42,5,0,195,7.289845187165501,0.2410046851345493,2,9,137.3854833548605,0
172,20,44574,12,5772.790292331312,24,0,0,350,62.68329044150672,241.24433603802785,79,7,58.80067771899063,0
173,37,154502,18,8655.771456245522,19,3,3,43,25.31989070128102,208.23180860821444,65,8,111.97862030718989,0
174,76,163748,23,9807.393435834294,47,1,0,185,80.36934518773025,250.48294674976347,94,5,60.183814633083756,0
175,53,161888,2,4075.8420857381693,18,2,0,342,81.78220735661907,805.9058425334413,91,10,33.42686297386144,1
176,36,52733,23,8275.18922106303,22,2,1,245,97.89473558546618,279.6738565464432,70,8,81.43474771977506,0
177,84,22050,16,7645.277946547177,23,0,0,83,50.186953102450374,191.52132205014817,93,7,46.454672958100154,0
178,36,129996,4,5735.289514555732,10,1,1,206,45.495687972773716,504.2634607930315,42,8,106.96019538383361,0
179,37,53933,19,9560.471436119331,45,1,0,150,75.34756054464806,865.645036372732,61,9,39.76570605729599,0
180,69,44951,20,2004.7451552840278,33,0,2,155,13.247065634192657,241.34970383749987,70,3,101.68119532892541,0
181,50,52413,7,1092.6421030962142,27,1,3,15,54.69155137931242,78.53624279279869,99,8,31.47570297377351,0
182,57,185873,13,8539.619669554222,4,3,1,164,54.624760013085094,356.4047358496647,92,6,134.19494189715698,0
183,56,183985,3,4391.498166337483,4,0,3,144,8.947312281038721,747.6518245649778,23,4,150.78753688828482,1
184,18,132573,10,8469.688542070604,50,3,1,36,41.798408550691356,550.6905446947947,38,4,22.078846849986753,0
185,28,191672,19,8930.90205195415,20,1,1,332,85.3284798567202,816.7933695743475,67,0,93.56048240746784,0
186,74,186472,14,624.5759361907144,11,0,1,44,85.61536219946603,959.592147609234,92,1,14.174340130974716,0
187,67,155566,18,8834.647629860607,49,1,2,205,9.9237664919681,792.6624767516171,43,9,119.63648910840048,0
188,40,142744,6,4483.190553694222,3,0,0,61,9.072088274783086,603.8030788437534,4,2,52.88085958592907,0
189,48,109431,18,5104.324890042322,48,1,1,355,26.26954770019353,493.3415880523805,54,7,105.52489136774157,0
190,59,63001,18,6265.925110932102,41,3,2,307,87.47660625539935,40.069086348266666,92,5,103.49220187685823,0
191,24,87364,10,9263.826067300868,19,3,1,18,12.890258507349895,984.3219788140412,29,9,184.8708692387601,0
192,33,144988,4,191.1609442976403,37,1,0,364,71.99968026274462,383.48112257504255,28,10,109.81664451374458,0
193,77,65028,4,4768.434683178171,24,0,1,299,10.116561961310321,152.2282139168668,25,4,116.59969594366314,0
194,19,188645,21,6877.220424305607,13,2,2,6,62.31378537478254,666.7088553964568,82,0,80.33062515287605,0
195,18,151878,7,7227.069576982284,10,3,0,248,35.60672991191448,284.28828909545933,25,10,189.81592063656336,0
196,65,144343,9,6925.32431537108,31,3,2,116,78.8913962965867,585.7782709310476,36,8,155.43718188792192,0
197,29,148301,5,1344.3512940812186,10,5,0,67,23.36904488253636,586.7679078445913,90,2,57.08105806056831,0
198,54,146295,14,2993.9558837168124,17,2,0,33,63.920182938995985,445.72982090286916,93,2,168.84191715524642,0
199,49,180829,15,3587.1552541701344,26,1,3,193,23.568253457588494,836.1186155450426,52,1,86.47927203701799,0
200,26,54636,16,8044.37207679505,17,0,3,324,71.36602831121537,264.967061555443,29,3,165.7334287067188,1
201,36,199352,7,2787.59872414553,22,5,3,54,87.36780345607488,448.6325916177342,2,1,164.57761365870041,1
202,65,44262,7,2107.0496386720315,10,1,0,265,12.680179912676003,537.6921285909715,42,8,37.77403735257088,0
203,20,100435,24,9574.480190380962,20,4,1,41,86.65956885955035,663.6247207672997,6,9,140.2282262767154,0
204,37,148583,8,88.63285113468899,43,3,2,296,59.35752544142979,783.9718505055895,48,6,58.12859386130622,0
205,41,189269,1,9978.208556819782,4,4,2,230,12.711049086702397,394.80728287825605,72,7,59.498533998533645,1
206,71,61844,14,6768.212988573956,22,3,2,9,42.7541855359712,646.046944096596,40,2,59.26961537611615,0
207,50,84754,17,8284.69299449117,40,3,3,357,16.08602934850979,150.61095306851914,76,5,145.11364951198965,1
208,41,185229,2,2946.1939634619316,24,4,0,127,70.03478888665695,932.6481005424786,78,9,45.96520835850721,1
209,53,97129,16,143.1527766705998,40,4,3,178,75.88681344179497,383.05880642100357,53,5,0.18116704921804505,0
210,55,60042,3,7378.6951856153,9,1,1,192,10.579652027279895,729.5214219764384,68,0,143.04737069652663,0
211,42,81665,3,8341.445970006758,21,5,0,91,50.613985269464436,20.341081882177647,92,5,34.236948767025055,0
212,35,136953,13,7404.761319535191,18,5,2,230,81.46250560259172,205.187142904807,98,2,20.89647906156693,0
213,83,178448,8,1428.502873008386,0,4,3,77,93.61630415509966,487.082544323578,90,10,47.50322411881203,0
214,71,165271,8,7534.279222569691,6,1,3,84,51.351786674177,878.2524677323465,26,2,75.9801044645408,0
215,52,138533,24,7689.22782107641,3,5,1,29,95.02792236114071,527.2551499506772,7,2,95.18126549464014,0
216,78,93781,22,6585.405156700549,0,1,1,212,53.56889704560298,929.870482293879,31,9,8.914008142526164,0
217,58,86262,17,7661.159327955862,14,1,3,48,39.419049459990795,483.79689658279636,83,10,194.1146665254721,1
218,50,66600,9,8459.21439677732,39,3,1,264,84.82031285528954,490.4490967359499,63,10,143.21261068391163,0
219,50,96898,20,6136.0411423745845,11,5,2,144,49.2982710458089,119.74678850053189,9,9,64.63881306486724,0
220,31,169369,3,886.0471396967906,21,5,1,68,47.190251056452304,802.6562441522198,12,10,63.73945145707947,0
221,38,50448,11,4876.278096672108,21,3,1,57,49.03124894098283,246.9654124670625,62,7,89.70850987369188,0
222,65,46172,7,776.4933467160506,49,4,3,184,84.67850018697453,899.612489372315,92,4,125.2489645526066,1
223,37,193946,1,4075.4303103243083,46,3,3,61,83.19415416880521,910.8242203303961,34,3,29.274613317793552,1
224,25,27657,21,4071.0648912562765,16,5,0,307,40.35199924402112,943.3101118741497,60,8,37.785962752990464,0
225,24,176497,12,660.0984414024158,28,5,0,295,33.3299859870525,520.23048910309,53,8,171.88691656671017,0
226,84,177757,20,3488.205339694793,45,4,3,165,49.19280240391293,677.0937847836443,7,0,51.25098477781451,0
227,34,132855,15,1109.9809879131483,13,3,1,170,57.277250973710906,778.5158800616636,28,1,76.0389995950355,0
228,50,175650,1,8082.352100092222,49,0,1,62,23.833721062799697,131.0146186504656,94,7,174.25437019002342,1
229,65,179903,10,9476.880259644708,19,0,0,146,79.39550847155907,600.9571949974973,40,4,132.6295658799645,0
230,76,27906,9,723.164752579386,49,4,0,305,48.648276573242285,34.297901303311676,29,6,68.34237586833767,0
231,39,81413,14,9551.152072917013,47,3,0,160,33.40455484199596,497.5660833887259,85,0,136.73990914492416,0
232,47,74028,16,5225.765993367451,32,3,2,140,10.68209929639906,154.8426816202274,20,9,3.936643076282742,0
233,55,27287,7,2995.656779538739,42,1,2,333,23.884516040360694,182.9229259620847,75,4,147.12853200227306,0
234,68,53660,17,768.6207527616351,14,5,0,96,94.92811717559837,365.04756669260155,10,10,97.40320810324789,0
235,71,80504,22,5006.242680704178,11,2,1,220,30.50996868195266,432.437166716503,1,2,162.63642945689224,0
236,25,122979,8,7945.1554449074865,39,4,0,42,16.885928936703532,623.1724245321873,49,9,190.92753040129367,0
237,44,54701,24,7070.8647726669815,19,2,2,291,46.06727916549932,74.42841843851566,40,1,185.15770989891368,0
238,44,103300,7,502.26011463973765,29,2,1,107,30.70877433602487,503.6917612374446,65,1,181.85300869106814,0
239,38,168746,13,729.0183536790352,37,4,2,265,3.5159250271194153,182.62513025310113,97,8,102.43399118677743,0
240,47,103560,24,4028.732826326371,2,3,1,94,32.314521727941724,573.9751750317419,2,3,72.02842282778761,0
241,45,174946,17,2952.9049404794328,27,4,2,261,54.41086239394686,637.4046122611835,79,3,93.00706494613455,0
242,81,63642,21,2323.8432305604783,25,2,1,312,55.17123720199669,556.7092565528538,50,6,137.97920066267216,0
243,78,85160,19,2810.044989087136,29,5,1,70,35.65589211768887,738.2955104783076,67,9,176.79955537423734,0
244,65,37602,19,8034.827432968847,12,5,1,218,44.73027562526006,335.6092442409013,86,9,41.39726060002391,0
245,36,123320,20,9292.28053631854,12,5,1,20,96.55179182347663,765.1065916331308,83,1,183.6386316923406,0
246,21,108801,11,4051.0269452756643,1,3,3,91,37.73484772303116,432.76708170819364,24,2,163.0360463939778,1
247,52,45931,18,9061.11002132497,36,0,2,126,25.822681325998296,484.1844983225968,29,2,195.77120303564692,0
248,81,114377,13,3214.9570124788197,48,4,2,79,24.34670440667601,648.1021272610714,81,5,176.05035465633742,0
249,66,49192,16,4764.369863437916,37,5,3,311,45.776461270413414,18.35838399922396,10,2,55.987465938381334,0
250,34,66542,23,2260.289978159997,1,4,1,237,75.9520148716944,653.9942214202483,92,10,21.191182268809538,0
251,61,147015,20,6404.760421758439,35,5,1,181,20.59881841884732,618.5851490721153,16,4,22.448214398317724,0
252,47,62520,2,9789.811151748088,25,3,2,24,70.92961271407681,309.8471167532799,25,3,58.24466371565522,1
253,63,84772,22,6034.930960433787,10,0,3,155,2.1149823349416286,85.79428489948948,22,2,122.83674479690785,1
254,23,70106,6,3578.1408411354887,7,0,1,4,41.8932977983946,90.93544991304114,55,7,160.8640652194345,0
255,54,101121,16,6478.174459905284,43,5,1,119,77.58650652027869,923.2237469852286,51,9,179.85006139631295,0
256,41,45559,11,1229.2067846538757,39,3,1,276,33.873295577443145,689.2793212258372,47,2,124.75067687384656,0
257,63,125595,8,8886.590802653986,42,1,0,17,56.37371014453995,127.10261377074039,19,5,1.126262549610746,0
258,70,53742,14,5030.839507798363,21,4,3,197,20.49792328259108,356.72316930890634,1,6,37.2633553037067,0
259,77,89669,17,4493.49742039642,19,4,1,56,74.19953911261723,592.4829939015964,87,6,19.94524077067359,0
260,80,172826,20,5858.647884535192,7,2,0,92,5.227910326875962,835.5717050906487,30,1,72.664895113802,0
261,49,155044,12,6247.838627894024,28,3,3,18,85.25426448755003,43.66092871300853,26,2,100.27019872674919,0
262,50,90831,20,717.7580622651303,39,2,1,352,19.819638642166815,236.63313147000886,1,9,8.67943571571217,0
263,84,132217,7,6826.172212234024,25,5,2,192,87.43980317083307,889.74899029538,77,9,69.69559515913106,0
264,35,61873,13,2419.316803155296,29,2,0,236,35.25292413005173,9.165550183816485,3,3,35.835934925064514,0
265,42,126532,7,7139.526325065898,16,0,0,276,72.26835744744866,201.3991027938874,12,6,129.41403325177478,0
266,71,146267,13,8225.347943841967,19,4,1,226,31.922529778618845,959.024175972966,99,1,92.854473864868,0
267,75,160975,6,8039.585075525203,15,2,1,232,90.59116712346476,613.4018465221711,34,2,99.06352938678175,0
268,84,154092,22,5525.009674078891,45,0,0,39,12.663712551837436,261.6713666375065,71,6,85.53835760669222,0
269,63,61755,11,5201.698923107511,42,3,2,322,17.85197892725987,66.99109439584761,65,6,191.2039420973134,0
270,41,105956,10,1428.7596133941172,6,2,2,152,49.303012515880226,28.191340447222156,5,9,42.947025024312644,0
271,49,106988,21,7753.461504031356,15,5,3,126,8.193843903814614,244.74507963692727,30,2,103.33285196877486,0
272,64,65648,21,2714.093804467144,44,5,1,236,19.598018470176193,881.4858195889104,9,0,147.20347367306718,0
273,40,145991,10,4966.954228179466,46,5,2,54,94.37663822120143,415.9136542975095,20,2,111.36888262691251,0
274,83,160588,24,2842.740929275167,47,4,3,171,97.64896611478872,720.333369165993,73,4,185.80417714336022,1
275,44,135005,21,1338.2836299969315,26,2,2,108,37.62593293304219,918.2850353799578,22,6,75.59367112825683,0
276,19,22396,12,6295.576968917366,22,3,1,353,92.32860210139357,408.0404616028166,2,3,92.7351611546356,0
277,34,104082,17,543.3203482290382,23,2,3,183,54.48246756734317,191.27737103739705,31,10,17.704463042945683,0
278,50,170201,1,7486.452341262,8,4,3,197,26.974246587376705,517.1179308569194,19,10,121.7998222103857,1
279,26,148322,20,3175.8679526111664,34,0,3,86,70.23987210805987,908.0836870598545,73,0,57.64239368962121,0
280,60,152663,14,1.3469300448532007,50,4,2,200,65.89018065748571,804.3744141377006,28,5,32.061807903113774,0
281,65,31303,19,5111.291392372298,19,5,1,336,98.91253191087334,65.82984336315378,51,1,108.90625858090162,0
282,56,181633,17,468.51908527603126,36,0,3,321,26.50472874092833,692.5728000775819,45,2,106.46205267598212,0
283,59,91719,14,2761.695578208995,41,5,0,274,67.20595026617355,571.8975224589537,33,3,15.174328244809509,0
284,43,119616,18,7069.764874557161,16,1,1,210,5.202375502944689,907.4631763464255,100,5,139.64309069889455,0
285,67,144165,22,626.8962162186587,46,4,0,117,11.36460386967194,122.48141685029724,83,5,124.75443813017057,0
286,42,106231,23,8393.384923560023,30,4,0,190,0.3918374951093262,534.0361132046567,60,6,37.80345654929944,0
287,41,27314,11,38.199226585831084,7,3,3,41,99.94606810596731,879.4626935118923,71,4,93.88697243080877,0
288,30,39623,12,2468.2386920190224,14,2,3,41,80.22736971474778,410.023786741743,70,6,144.064583295712,1
289,77,125228,21,7409.040561520715,30,0,2,314,78.67230147335408,481.99491773286707,69,1,105.8871481082553,0
290,24,184202,10,3162.701497293068,29,0,2,275,50.97260752881797,70.46067766695829,10,0,79.09781523671404,0
291,74,117624,4,1018.9238806601353,45,3,2,328,30.006708290543994,278.14364044891084,81,9,64.46769161618873,0
292,53,177364,0,3602.3391880042786,19,3,1,16,15.126428446267592,324.5066491689473,92,7,122.07877332881071,1
293,62,131785,23,2703.9328638452553,38,2,2,282,28.467473884646367,945.1224487448869,88,0,187.82173966204812,0
294,37,106206,2,8427.11902160555,11,5,0,257,37.597122192913915,282.66736054115904,62,1,134.34896809549667,1
295,82,89274,21,3133.479175851431,48,2,2,62,75.6310096980294,460.868735269652,20,10,14.949180727263101,0
296,25,153541,18,7889.324717760072,16,4,3,61,53.96617889031524,671.3044235642798,2,9,92.13699469642675,0
297,33,73947,22,8918.721448107348,41,5,2,99,7.748362655548268,162.18337240787739,81,5,178.1648263021255,0
298,31,173606,6,4338.174195765296,29,1,1,18,1.802900895891224,486.44238714187446,87,0,18.892485160217376,0
299,32,68874,11,9099.43143854392,28,2,1,16,10.233217953406315,738.5390394759075,9,9,197.77514242750865,0
300,83,69708,14,3773.1805396319282,18,3,0,324,41.049871369737936,866.855213027066,26,2,189.81387872908425,0
301,49,94553,24,9640.784164901082,45,5,1,245,93.31929170490183,626.2592746624267,11,6,15.654896145975172,0
302,80,88344,4,892.8952452557293,10,2,2,250,63.74024812092216,669.0535153169479,6,7,186.682664089911,0
303,68,69138,14,6870.192665032428,33,0,3,80,80.18258998755151,126.28347258456895,16,3,72.62651805189245,0
304,42,67638,7,4938.140404569287,49,1,1,38,46.637459450454855,945.7764972463472,64,2,168.9418334151725,0
305,75,98249,9,3876.4880545564706,6,4,0,35,36.16660831950428,132.57407748448236,63,0,83.6766675426543,0
306,80,125865,15,6327.118787486009,43,0,2,196,10.840037271662272,774.6729371817983,25,8,88.17102254050317,0
307,79,22719,7,7038.570916343312,33,0,0,157,87.5933022186205,264.8163217783188,14,9,126.84861819550852,0
308,39,173962,0,43.63269650309087,19,1,1,203,78.31600290279029,933.5931437012516,32,5,154.89548385519666,1
309,75,187581,11,1669.5308874719872,49,4,1,195,16.811809759772512,719.9595393694796,61,5,6.757830189649727,0
310,75,62534,4,7130.460506343187,37,3,0,215,51.22605638762605,753.8137129783689,100,8,118.63119910542686,0
311,66,112241,2,6663.854135782065,23,5,2,284,48.73748079212449,219.0591730598833,46,0,37.346598819474195,1
312,69,169859,0,9660.475051286772,9,4,1,195,62.50915526865286,443.0399766351608,94,5,69.18990357264059,1
313,59,146209,3,7610.37790250783,31,2,3,306,94.61868939912613,617.8131945892864,34,4,69.5937332310433,1
314,32,199917,7,9507.72707731338,14,0,1,151,57.97714417624796,769.9736182066009,64,10,93.81206804423073,0
315,71,112124,2,7025.405015348069,36,2,2,13,54.02172667786186,103.95937591238958,71,5,66.82728237523467,1
316,77,111659,9,2980.5220863944314,19,3,1,324,5.032293293466394,962.3653164545284,75,10,21.472223690133553,0
317,25,184134,1,1053.6492225085647,2,2,0,145,6.290747601802393,890.220670554556,82,7,29.125747705090287,1
318,70,95713,10,7818.238633449356,36,4,1,56,18.734679132678888,270.34859049558435,24,4,6.687597112219534,0
319,77,95418,24,6441.492214759159,39,2,1,210,3.247077169174828,822.760243032332,56,1,94.04981706575086,0
320,22,148232,9,481.86012393296227,7,3,2,267,74.33528955700123,518.3239230398234,31,1,190.8895389705977,0
321,23,185904,20,3600.504659009783,39,3,0,209,72.3330303993963,461.80648156201863,62,9,23.13504472962331,0
322,64,183038,13,9567.998154842862,43,3,2,16,13.605623443164294,314.4341058114054,11,4,189.2528986006164,0
323,72,164059,6,5004.011457102012,22,4,1,285,83.60789007952809,580.9685866315924,62,2,146.6723029464187,0
324,57,188383,1,4327.291360197047,39,3,3,343,15.478603484611197,729.8891177035978,76,9,127.49976058683264,1
325,69,51575,8,4576.99605159294,10,0,1,202,30.11755869973588,410.93290496275824,91,2,129.05555106471257,0
326,33,83852,15,2088.827240051637,45,3,2,98,24.8976899161365,629.2191930082921,0,7,165.34552967925643,0
327,30,152079,12,3687.071708647952,7,2,3,278,37.23070985730478,699.3129211553038,50,6,21.383972875964275,0
328,47,96242,8,3698.1325598717663,28,5,2,208,25.466376588996187,711.1218170152858,69,0,100.95086471310834,0
329,36,198589,19,523.550201874724,29,2,2,128,48.8950926438452,51.966098131180246,7,4,139.4182276521517,0
330,34,49257,3,7675.676285179183,9,5,0,334,40.74078813546854,859.747805685067,67,8,117.36408901471273,0
331,80,193279,21,4165.04431903879,38,2,3,287,98.65694907793265,458.25331476504795,4,3,166.55581420465893,1
332,36,164353,9,8221.798868164233,27,4,1,251,5.592635012822567,262.41608169621446,88,0,14.4543418022703,0
333,75,81246,21,8503.480011198953,48,2,2,264,14.218137638735161,241.76450747968158,85,7,138.1402078998332,0
334,72,21435,11,2119.9405469865806,35,4,1,270,5.282589390860249,483.01411284395044,91,4,106.80554607694354,0
335,79,111357,16,6573.534821701286,12,4,0,187,62.58411949823758,886.8315394689592,38,1,75.83217279598868,0
336,40,177732,13,4722.818041629817,31,3,0,213,5.450927741371958,378.34758168264693,22,0,68.05499644680617,0
337,26,156156,13,8801.56737921485,35,0,3,282,83.64397373761233,749.7257467835433,67,2,124.16652655483857,1
338,29,164579,24,2157.406791764541,36,5,0,210,51.19386306819278,96.8187309872186,51,8,178.19907492885295,0
339,18,103807,1,6778.1320031004425,25,3,0,364,52.70076245815337,476.05670215106176,3,0,99.23518522022306,0
340,75,196611,20,6077.521222527225,21,3,1,75,56.15945077121942,991.6861403927356,46,3,164.94463281538404,0
341,18,135953,24,2953.0147757183277,3,4,0,147,17.081370630621073,770.4378027923369,20,7,80.4312763687935,0
342,51,158563,19,1366.0090365117262,30,4,0,320,19.769030311448756,210.52848844061302,100,7,20.47889255863531,0
343,65,143797,10,6516.397604772766,17,5,2,212,31.88173228730047,501.4414736979107,55,9,12.301147291727709,0
344,18,83888,15,7385.974581323307,37,2,0,108,59.34964158218514,233.62476364856656,65,10,10.266874264735515,0
345,33,93609,18,3156.2734376335,23,2,2,128,21.011777594021453,409.56092726250927,58,10,76.03002839153399,0
346,78,29077,22,6448.326040223138,22,3,0,9,11.633172713326124,780.0840237349647,6,7,67.44755016716842,0
347,81,40953,5,3951.309076115033,21,1,0,46,97.01168864184322,771.2248152904036,48,9,143.5874047245139,1
348,80,134682,23,7132.068832826178,1,1,3,314,2.1981814809622913,228.10037790238513,15,7,148.56430031697317,1
349,39,87889,18,1992.1527489405312,30,2,3,95,80.26974053360216,922.2233181548602,16,3,10.170793766747966,0
350,84,174893,4,8902.150026361744,10,1,2,102,78.8035149575022,592.5681827648268,83,7,44.22465257780299,0
351,43,188639,3,2874.095964655797,27,2,0,341,29.7214113845096,379.92429096201454,86,8,54.85237003177994,0
352,33,135374,14,3677.859877561529,45,4,1,145,13.56266160073134,501.9355807808606,97,6,109.52239682856188,0
353,68,44860,3,580.9195208034978,31,3,3,26,14.562864670542341,605.0712534377437,74,1,28.90304478139005,0
354,74,172267,19,1115.1221232127639,4,0,1,219,69.74316172371925,559.8905318457854,33,8,26.788243880000074,0
355,46,97475,9,5158.619027123281,37,3,3,17,64.28065910861737,486.4050355361782,32,10,188.7577778415916,1
356,64,107266,23,2675.926767279715,9,2,3,166,78.27456742513867,504.9328040894001,25,7,160.8405814595562,1
357,79,172499,21,8354.802257421943,39,2,0,81,93.74811723991047,176.41191042788617,65,4,36.13098041823406,0
358,33,120732,2,146.93388654953844,45,3,3,71,69.1927363266592,812.7329043046793,62,2,81.3135615810982,1
359,65,47083,4,3790.940486719362,23,5,1,309,15.585153655144346,541.7603199410154,86,6,71.1243998515131,0
360,56,77372,5,3373.4554676909265,34,2,3,253,24.344261676541066,131.0798617047031,40,1,158.20081481308145,1
361,50,143786,20,193.27630917601036,43,1,2,161,84.21937308731145,766.157101582778,85,2,102.04258329562441,0
362,40,195136,21,1243.6839900051023,47,1,0,326,20.93060758342086,932.4439783773508,57,8,25.569947398693404,0
363,27,27813,7,4136.426749186353,22,2,0,37,7.252231695448142,947.3068992369621,97,3,147.79841263124877,0
364,51,51598,6,4928.645844474467,16,2,2,200,70.32800540422505,369.01773241117274,78,3,79.37759564498378,0
365,69,113106,20,4042.897472548691,0,5,2,199,40.2526355490142,135.51687356075405,9,2,52.58484952642941,0
366,27,47082,9,5309.376784120938,30,1,2,254,92.00400525459035,518.3996266330652,14,4,75.09972440414403,0
367,36,49241,5,5951.316749056815,30,2,3,178,65.02550710936616,112.60922934922068,41,2,99.55131272137928,0
368,75,195641,13,99.2382112783563,41,2,0,34,9.041897779166074,933.9874185126173,92,8,68.62310328340189,0
369,18,31745,3,4640.951594535039,41,5,2,81,94.78565672536607,183.579627355146,56,2,48.381154518351565,1
370,21,46029,24,9634.992408875883,33,5,3,219,25.85572636402459,252.76585995116406,86,1,79.70040576079607,0
371,33,164097,12,5190.322801295487,8,3,2,157,33.72124904062858,406.6365268849704,16,4,3.8345821499796484,0
372,41,143395,19,6775.422674589532,21,5,1,3,40.2260413683542,383.1644685591258,59,5,154.49956921926278,0
373,19,165360,16,3118.638579168832,12,0,1,166,5.122429640431325,794.662892397889,8,0,34.18897871351716,0
374,49,109186,22,7739.913781527625,24,1,0,203,49.65154222306049,456.31682055096235,35,10,8.78092272612745,0
375,41,157612,6,7729.214818761151,47,3,3,193,12.331849107529225,170.76826000333688,72,5,130.73973858101584,1
376,29,117768,3,5212.96047654139,17,0,1,234,40.097032668835176,267.2098954860741,79,9,154.78722576473444,0
377,67,61846,13,9760.138232792136,50,2,1,205,35.07097879920843,509.113385187522,35,2,162.76582631856863,0
378,52,95932,2,1255.5021476265338,11,2,3,149,77.28400834265034,147.4539174261349,47,3,98.70183653211998,1
379,50,168554,23,169.47664889580994,39,3,2,158,80.3170511632731,611.6556756460141,50,5,41.07363693799706,0
380,50,43411,4,7701.58211757096,16,5,3,278,15.3412882389088,565.7473065511459,96,7,147.44553544996535,1
381,78,98797,15,8071.5553736488255,14,2,2,303,36.65511873792262,714.7023163822577,94,8,139.94261543086742,0
382,68,72307,22,1202.0722912057624,41,4,1,165,37.33531610318317,937.7046153793676,69,5,49.254146820634645,0
383,60,154165,19,2655.8283295860606,14,3,1,310,15.141044393608505,912.2545611011557,73,6,180.68155117255858,0
384,29,42042,3,175.5236336662891,14,0,1,67,79.84535050511906,946.0756180688313,79,4,20.8742916165658,0
385,84,72930,23,2933.086107805647,38,3,0,87,70.72283283354233,244.71559702370092,67,8,196.53764791826512,0
386,82,195485,23,7731.418739186715,12,1,0,216,19.038178629703474,131.56530663935462,21,3,172.0495621954929,0
387,50,117883,1,5179.605277125789,16,5,0,0,36.6721908593799,302.2767004964485,76,9,137.57972909581503,1
388,57,53756,17,3480.955931682881,31,5,3,134,10.580502485651422,895.0851727663146,79,10,187.74997765596657,1
389,60,73268,18,3717.3929490633027,8,3,1,184,62.820659709304394,972.0534746234882,92,5,144.46223366474155,0
390,61,190286,18,13.536257154681541,39,2,1,350,12.137192454861967,859.324951070476,5,4,38.09139940600919,0
391,46,179674,16,2998.005275652359,19,2,3,139,98.59341686249178,110.0177211275436,25,0,88.43122762256235,0
392,30,68901,13,6464.587416379305,25,4,0,105,78.06820746878623,947.4279980597931,74,4,14.30060486632707,0
393,29,119986,18,9741.944438163571,26,4,3,132,39.023854958399504,423.35802735078596,87,4,77.93148445762309,0
394,63,183268,21,8470.608269838995,20,5,0,107,57.85639322793544,9.310290762353679,92,8,148.32060394744173,0
395,19,148386,23,235.94964645529126,17,4,1,177,91.13418162164088,442.3937407481936,2,0,77.28867018616347,0
396,52,25626,12,8985.606046748393,12,0,2,297,55.40992803958261,46.06916967546759,51,4,66.05883509362683,0
397,25,158496,11,7831.984132986259,15,4,0,357,17.44984863979552,543.8779211611176,73,6,119.07114450206238,0
398,43,32857,5,7803.761235709804,8,0,1,358,37.87033555811593,338.55402743705133,59,10,174.440905799779,0
399,51,171054,20,4579.957590035715,11,4,1,145,84.31448650297455,473.43493359404874,62,5,9.516638509222485,0
400,24,153052,3,3980.0529295450283,43,5,2,73,64.42130159896179,613.170360743117,64,5,77.09408693994708,0
401,75,199362,18,3029.1572883319263,37,5,1,107,65.07243843338003,868.8010958178203,51,6,31.64814836305254,0
402,46,46431,15,656.9485895436577,18,0,1,121,86.68214856884892,661.9015764719286,89,5,139.0708501463739,0
403,53,104976,12,2282.353634936991,6,3,0,16,89.39730574625047,434.0488684781807,75,4,21.144912086226974,0
404,38,102711,3,2466.0363497802464,34,5,0,195,91.97925717794362,819.427853670365,13,9,132.96155171604892,1
405,53,46385,22,4840.770697102016,47,3,2,326,9.48491932531561,905.5821375731322,88,4,57.236174159581466,0
406,27,189230,16,7474.44406596694,17,2,2,317,54.41260019631009,119.75996643219722,71,8,39.78336274744494,0
407,41,174091,22,4738.098283979466,15,0,1,296,74.05095212183186,531.9329775527915,67,7,187.27051156499707,0
408,81,38639,0,578.444494471606,38,5,0,251,75.69268451270138,284.51195974244416,27,9,3.7049153491911735,1
409,66,105530,17,9577.89800988204,3,1,2,118,60.67162019700039,47.0611978769474,70,3,87.55545437791379,0
410,53,41563,19,9427.243190941123,24,2,2,161,16.678733518367416,668.5466951139854,9,3,4.325398492358756,0
411,41,190413,16,7851.895431484084,31,3,3,197,79.74205539416643,862.7707774592255,56,9,96.7186096208658,0
412,40,135672,14,9913.279015642205,39,5,2,44,72.01113335149458,162.90265447739404,99,4,100.20947555888364,0
413,79,156848,10,5444.823328002629,12,0,1,313,8.613577154903629,812.4136576239005,65,2,64.3324942789494,0
414,54,187516,24,9627.68350253206,44,4,0,178,46.380982467437626,853.3957335369416,89,7,26.432355505004736,0
415,29,159783,21,756.0504061675077,16,1,2,43,17.39773995218036,914.3404426664835,49,6,75.27750754689507,0
416,72,102970,12,3656.807482613713,48,3,3,270,33.74770457129719,265.28508908605244,13,4,134.4525879865132,1
417,30,105553,0,2253.812680067658,36,2,0,77,1.8081092205685434,903.9530651898892,15,9,156.47916172889182,0
418,40,181779,16,1958.3308413427003,5,0,2,325,40.032986841075825,320.66275473643225,53,2,106.15012047762846,0
419,47,190182,5,1408.029488926761,18,1,3,177,54.987692115621044,552.3380134555028,42,4,117.96687888795113,0
420,34,102879,3,6224.136415659967,12,0,2,356,61.95825928270868,50.50747083228213,41,2,40.12327422493054,0
421,79,189899,19,7813.21855747305,25,5,0,2,66.34903451287101,43.881088368743605,80,9,57.46606664552989,0
422,30,156727,15,5782.983994203607,13,4,0,213,83.629131310246,720.3732127322029,21,4,32.37912201047168,0
423,76,64859,14,1469.6270958820967,30,2,0,341,21.546290727573002,444.47997797779107,67,0,49.859070000922266,0
424,36,72098,14,8111.237699334709,3,0,1,73,12.048182243846794,256.29237536921755,18,5,44.977356045106355,0
425,66,166323,5,6359.547071637285,38,3,2,50,85.15371718979256,190.4134960249102,65,9,103.88975727824752,1
426,29,142413,14,3881.657061269955,7,5,1,66,15.661281489264988,669.953490859218,38,3,112.53775115814588,0
427,78,20526,13,6741.302955360629,24,5,0,331,97.47600813361953,0.40154402533987277,72,3,188.9894841643009,0
428,36,88760,10,2599.0497924283286,12,2,3,92,84.2538229398637,805.8911691968542,18,7,39.11412942030461,0
429,26,67837,6,3451.922084942105,31,5,2,175,50.08766058895991,79.24960612992882,15,1,128.3351420322992,0
430,45,31536,8,9174.858431319903,37,3,1,144,98.14214249220252,191.48961490811945,53,3,163.45185379750458,0
431,69,48541,15,2905.045056714204,37,0,2,6,9.737672910800422,386.2363952990896,24,1,112.04829275661051,0
432,33,99083,4,4699.882681579366,27,2,3,268,30.306576117510165,484.8587397161036,17,0,51.00073050021514,0
433,29,54531,24,8901.411373960147,29,5,1,321,63.822441504061146,354.9951158139418,22,9,52.510046004000046,0
434,42,28712,19,7077.213502675275,2,5,0,3,35.00068684731787,320.7121649842939,84,2,7.850610614199982,0
435,69,124101,9,622.0322616470276,27,3,1,137,92.83725519807918,963.9160120731884,10,7,61.08884530969634,0
436,70,85455,17,1473.0304427897033,2,4,2,230,6.562608817781756,641.5796812433942,38,5,148.92073580067603,0
437,40,94744,2,78.41590771916817,44,4,2,87,54.941183206096454,23.43295536738821,67,6,9.503551441422076,1
438,33,149749,12,6309.217902291634,33,5,2,16,59.08662673951145,430.17590844431317,24,1,43.85905650096613,0
439,74,25109,10,4476.7342541041835,15,0,2,51,65.27281237772242,875.0086997439702,62,5,141.2464997063564,0
440,56,69268,16,1342.7485090227553,21,2,0,133,25.566622333181442,301.45618641066795,95,7,156.53031256457533,0
441,70,74615,21,9579.341210567705,31,5,1,210,36.45664275198644,94.55634477438824,29,7,91.06368201238568,0
442,59,102503,12,5296.597239456199,37,1,0,324,84.36805296649777,758.3847715899178,44,3,139.61486769572977,0
443,75,180831,5,2418.932941128892,7,2,0,218,19.494276897015983,606.0138319360813,89,5,77.5904337309784,0
444,56,105708,16,5006.035711547075,7,4,0,204,82.68678471733621,570.3125078265039,60,4,31.982649004825504,0
445,31,122471,12,6796.203327351078,5,5,2,210,56.26554229027424,53.57655960740792,99,8,79.62989870458131,0
446,22,177661,18,762.3921797356447,13,3,2,276,76.21875111940821,140.49900979551734,50,7,115.99356404062857,0
447,52,181087,20,2747.0381504789198,31,1,2,23,71.36073662634715,622.5493962131138,97,1,189.61065637057806,0
448,35,180081,18,8069.654908839936,34,5,1,3,20.7511495384879,207.8238414588358,8,6,13.750190417735464,0
449,26,103309,9,4596.648704026612,9,0,3,151,56.88127364338729,504.07007974842435,75,6,101.47881876899211,0
450,75,146446,2,5465.771420322949,2,1,2,258,86.77231528050923,544.8816860293934,1,10,65.78395564214487,1
451,34,126661,13,4328.160022094693,11,5,1,323,43.211623680192936,283.5071902709394,4,0,101.6623388553389,0
452,24,177215,18,438.9994264300512,48,0,2,356,96.65907702233167,948.4251555414928,61,0,4.795089475306336,0
453,63,26154,4,1657.4977982015594,30,1,2,167,45.221510010171805,842.4641068355752,68,3,62.60507094031627,0
454,30,172876,4,4455.416387418909,28,0,0,175,14.278563666788468,722.3735076327985,51,4,163.973629505401,0
455,57,192760,19,2091.854654079278,4,0,0,309,38.94346800776732,77.99386640940908,85,3,110.7883467709275,0
456,59,84288,16,499.7902865967874,24,1,0,290,95.17024063905372,106.13001930901945,4,6,90.11649856322347,0
457,26,71195,20,8436.496640518237,40,1,1,55,31.97208493398542,492.7813458649557,58,2,57.105014343067914,0
458,67,40581,9,9811.925291641159,30,0,3,107,86.80981598670628,160.71334919098567,67,6,59.60850455827118,0
459,44,50087,4,7931.428739967394,20,4,3,295,88.12506816818897,978.2654635294741,8,7,76.62028671811689,1
460,83,184053,3,8537.84921704667,19,1,1,323,35.01865243319611,158.52023402740946,92,5,167.11414199291207,0
461,22,89298,5,2419.771303170454,38,5,2,301,8.325765805063213,487.467835463974,21,5,193.44264136165367,0
462,46,66167,3,9606.269755131998,21,2,1,333,72.45579091588182,364.12105684150544,26,7,87.73107627007491,0
463,54,194480,6,1969.2570445342838,3,3,2,140,31.1512299013986,639.386421454098,9,7,78.67056774955236,0
464,55,59499,6,9514.298103618323,12,0,1,154,78.29236142575724,129.0364088894249,79,6,169.31015516397255,0
465,25,145816,17,9948.19293965951,44,0,1,261,44.26548482604331,430.3164280423909,60,5,85.38106412726071,0
466,82,189631,2,7117.228057460487,41,3,1,272,48.52667423426216,274.70503280714365,50,5,110.40363445913025,1
467,34,116347,0,9811.437317918218,49,4,3,231,77.79094067485369,887.751524671688,9,9,46.18833291974889,0
468,62,68787,23,5695.397795671037,48,3,0,240,38.23633310616279,40.585712134695086,5,10,148.70050715581505,0
469,21,55488,24,2595.4178317609035,19,1,1,354,44.31273453229145,913.7274940064592,61,5,106.39766365415637,0
470,53,94441,3,4369.958856656209,12,3,3,336,37.619046876962216,832.9941385530004,4,7,161.80691004806832,1
471,48,42431,5,5935.60935378786,16,0,0,257,36.734051527728,297.57071644081543,69,0,156.14654600573394,0
472,36,81681,8,730.8156202701499,35,3,0,248,52.594657690145944,789.2906546771047,62,4,43.00095365400571,0
473,78,142720,21,6223.432646172461,32,2,1,76,80.87994445011508,31.21356033874756,55,2,143.12711011155247,0
474,71,69153,13,9811.778367622945,0,5,2,179,36.176831192256586,966.8655502933937,58,7,160.01088159027427,0
475,56,26368,11,1901.0764978372763,14,1,2,65,52.42547205377367,526.5949425897893,62,10,69.22144815647901,0
476,36,178496,24,7925.951162883833,12,3,2,307,67.07273254426008,303.28102606544525,88,5,34.52182258045491,0
477,56,132360,19,9078.987937796193,16,0,1,347,26.9439446303655,362.5832125946771,58,1,0.526431115917636,0
478,84,196076,23,9437.015928202209,23,5,2,170,27.752280490239258,66.40535346049737,50,6,90.18073061862964,0
479,62,132755,24,9601.356044054472,7,1,3,21,93.34131270234548,989.3495140420392,49,6,70.48654630776832,0
480,30,76985,3,5214.5963872147195,49,0,3,106,72.35345733310886,39.291945150692456,3,4,110.98196676508178,0
481,75,70069,20,9773.079079915036,26,4,3,322,57.71866762233089,654.907123147859,47,7,37.60821851775715,0
482,37,72326,23,7573.102071344389,44,2,3,226,64.7720054420612,442.7359277064583,31,4,171.93310953329504,1
483,78,128737,11,1616.714362369619,22,4,0,215,2.9299443103418366,948.9162181887151,50,0,51.55104312562193,0
484,56,174470,9,4769.0010646797,45,2,3,68,61.81029655616969,245.99974030679516,51,8,45.28592101752999,0
485,18,70861,21,7183.31175372004,7,3,2,83,50.95088732242019,532.0868239380113,98,3,96.14281129687119,0
486,20,95897,6,2473.4031581908334,7,1,1,102,54.574967977943565,482.35620858275297,73,1,99.77020474885485,0
487,79,147118,2,6406.151835488874,25,3,2,38,35.94238268308171,702.8664440501013,33,3,43.017045757018565,1
488,80,88577,22,6666.004790466192,46,2,3,12,8.14738977129419,68.01023195242051,35,8,54.37214534518316,0
489,42,29078,13,1626.9974380856588,12,2,0,296,19.33392336120522,193.78913002335486,69,1,33.94104783104899,0
490,73,176075,23,5650.853124527563,38,2,3,312,95.07447132126717,214.56482009284983,42,3,143.69203566463335,1
491,50,82768,9,7716.269109786077,36,5,1,180,40.8699562270934,738.1507548416897,15,1,154.0178062508164,0
492,55,71047,15,4988.956645359419,48,0,2,267,46.66831558308642,189.13869632674007,58,4,92.46569949185653,0
493,23,91626,15,121.03116776107426,27,1,1,12,5.270978985343899,573.4917638909767,52,2,142.81740453700348,0
494,75,77660,21,90.38469079292177,24,3,1,119,3.756622954398059,215.2438205009537,18,9,147.1870783874891,0
495,61,152997,9,3570.293439700122,15,3,1,352,71.71814470467577,861.6249500839784,97,1,27.65510553556172,0
496,62,137832,24,9261.94068431782,1,4,2,56,53.80946641211113,942.1854544896386,88,8,193.23560496690735,0
497,49,150406,12,2286.767796036088,17,2,3,39,50.87059842162667,518.4929749422405,94,4,164.2063894192862,1
498,62,145150,5,6343.636888716872,16,2,1,335,24.312453042266867,352.3088842091783,40,9,40.8966922391647,0
499,78,177087,11,2220.7587069332058,29,2,2,127,74.47507316299222,234.05777501749913,80,4,37.233007149214046,0
500,64,53320,8,3216.6998965954863,38,3,0,172,16.82365791084919,49.78100152304377,46,0,25.132229115916548,0
501,38,84881,12,8480.420896014839,12,4,2,34,18.993474366102003,268.5000761974954,93,5,27.675712508383675,0
502,53,110827,3,7288.614422699468,31,0,0,258,46.07121713482755,654.2357799453179,53,6,149.63235980573924,0
503,36,122215,23,953.9927731321063,49,5,2,4,28.62798621119409,533.6169313092108,54,0,93.9308513903247,0
504,37,177361,10,4287.020209864336,28,1,3,217,24.746298123314638,944.0412782809275,94,8,156.58683454797344,1
505,74,154461,19,291.6976364526447,45,0,1,10,64.52376445533316,396.2772624917006,18,7,149.25097887004108,0
506,35,176755,17,4808.90146603009,29,3,3,326,65.09717452185446,693.8633423283945,61,7,120.92254270104432,1
507,64,164701,10,6624.340117010681,17,5,2,116,82.45170697999292,489.3227474751214,98,6,137.2733213157359,0
508,66,81550,24,1185.0262359815156,12,5,1,183,41.77085669729759,512.5762159242116,92,4,3.6711448758283582,0
509,31,44826,20,2888.8493890916566,42,5,0,361,7.308509102615024,267.7743146041175,58,2,62.35552936100439,0
510,32,120734,3,3978.3662550215695,20,2,2,115,27.366638492145768,454.9507768419997,64,8,127.56443585188204,0
511,48,177702,17,9195.310246560497,29,1,1,161,98.00054631968169,470.78499701270727,67,6,1.8689906972488401,0
512,18,197235,0,9932.55015422964,20,3,0,66,59.62585752327021,706.642521748934,27,10,6.595388736518681,1
513,71,118511,6,449.1129899561586,47,3,0,199,70.97370848010203,940.6399991861139,17,9,170.37759649407664,0
514,20,31653,5,7610.079234953921,16,5,3,30,0.7357829625414536,329.3212774825043,25,9,136.80497233841436,1
515,33,179033,14,3717.240664023432,39,3,2,74,51.820573218252086,42.200468581298445,18,7,53.07394662406879,0
516,74,101941,17,3924.5818622948004,18,1,0,236,3.7528657531803122,496.2951255006397,54,5,137.5925680237418,0
517,29,53662,23,7542.649733470227,14,1,1,326,56.9230212091448,544.4613321491686,56,10,158.49133382785266,0
518,33,118818,10,9184.264321454086,8,4,0,65,92.07708496360753,168.44055113191524,5,4,61.358856622020255,0
519,41,172360,19,9509.285945025484,9,4,0,69,96.84191305004079,760.4646062760667,0,7,7.20747549983749,0
520,45,115081,23,5771.225860383208,43,0,3,296,54.055267538892416,984.9291084414916,7,2,186.5558249375469,1
521,25,56877,14,3571.211593005028,30,1,3,19,45.8204805252216,945.7747170084609,96,6,69.0359676591261,0
522,53,131562,15,7875.490858587793,22,1,1,225,94.5017094248494,197.1060388236522,50,1,21.296352656941274,0
523,25,166385,6,2510.0138326230026,29,1,3,198,67.3609831996695,875.3632399007607,84,2,98.37137427862947,0
524,75,92715,20,5640.740288335178,32,4,0,38,6.489927953840946,704.4936364116847,87,1,153.69355913282675,0
525,77,161398,9,3585.784615248732,8,5,0,144,46.57255776674975,453.84656380691155,24,4,44.329462923511834,0
526,67,130091,11,6566.310737078761,46,5,3,44,24.02450184643039,540.6109943247291,46,6,53.89801002667267,0
527,45,152632,23,2403.989128935069,0,3,0,325,46.98043214486815,849.6001749824582,54,10,48.54299735971664,0
528,58,99148,13,1915.9294573482578,43,5,0,90,45.54655720063617,480.13493963837317,63,9,198.33461056633564,0
529,81,103186,24,9182.390866754371,34,2,1,237,58.2144802814742,373.2073691051269,82,10,39.48074674610851,0
530,44,177817,4,1018.036829495369,10,4,3,69,35.677049034925126,493.2474930259858,92,10,115.1040433932248,0
531,80,182962,20,5059.579077349316,33,1,0,165,16.427044945592804,579.1298040350491,9,10,185.05292833139288,0
532,34,171094,17,2208.5278296300894,15,5,3,129,50.37194345899563,189.07765377834883,55,9,29.37931377555585,0
533,50,143629,4,389.2996332566745,8,4,1,213,83.0202884345762,900.9077302669907,11,0,194.17083957354004,0
534,46,90316,2,360.1881829142639,31,5,3,339,66.40122280676023,674.1869488296138,32,9,189.49544687912493,1
535,30,48380,22,1752.2177210582734,14,0,0,88,33.836786592521584,633.2689173374889,70,8,176.91439741165252,0
536,63,130198,4,8667.703545060003,11,1,3,334,93.55230227588572,99.49622618063813,16,0,42.91130426600045,1
537,52,22356,23,2824.7874397702667,32,0,0,251,91.22075712491822,604.1739381725918,60,0,126.81101120219667,0
538,23,90326,16,9504.591705752957,44,1,0,348,20.934839938409876,120.96066223849233,9,9,152.17829459224802,0
539,64,112447,18,5816.222929891936,13,4,0,71,3.9417585120362975,78.69767519539906,30,7,197.20558563928594,0
540,42,134994,18,4366.141897687661,7,3,1,164,74.13087083507622,527.3108956423933,59,5,36.08476441627408,0
541,83,40049,24,5800.888346694546,7,5,3,48,82.76102613491533,402.785534046495,69,5,153.2051799038593,1
542,27,125361,20,5166.983852262678,26,5,1,51,96.78645659513553,588.8102701562232,16,8,67.76023398542259,0
543,73,36082,11,7587.762537573251,11,2,3,288,88.98363940883107,89.22216805723859,49,3,35.12529311360046,0
544,47,20661,24,2824.960659728523,0,0,1,277,60.053476820641485,430.9830628472584,36,7,84.27538824277099,0
545,22,188484,8,3530.5039160030237,42,5,2,113,53.00523392123808,174.78671504515796,81,3,158.76718242972328,0
546,50,22920,0,8940.943025332508,39,4,0,238,2.784105126258629,987.1000859241166,61,1,92.96996074081044,1
547,82,99561,17,9464.565131504054,41,3,0,132,24.665644684477783,561.1502124351744,89,10,107.5046200406097,0
548,35,28946,20,8925.582274864744,50,4,1,273,45.96147517329264,687.4368609408673,79,7,199.03188204002424,0
549,66,196572,3,4194.479939573136,10,0,2,165,62.85039000835678,325.4182806826078,71,6,79.8218599114852,0
550,28,36309,9,7803.655030068817,38,2,0,292,55.725183331841066,94.73891477934416,87,3,123.08015094184796,0
551,43,75230,24,4763.3573330109875,42,5,3,242,74.26359896816905,975.8708627835366,76,8,73.04884032307437,0
552,80,131822,6,4975.398521461022,30,4,1,319,27.976693088704085,286.2590353831832,28,8,78.55712926574098,0
553,76,181099,21,2046.8010905728395,16,1,0,137,56.49526076524732,423.8081851735742,31,7,139.12815068908162,0
554,44,132340,22,5911.303032585164,32,3,0,78,8.814224339079214,649.863921702575,87,0,187.5773952189767,0
555,66,79321,0,1861.3589775334794,31,4,1,169,41.366552358320696,24.697297686111284,79,6,108.47179009846428,1
556,50,152028,16,3315.6469906719376,28,3,1,122,75.0160832954601,810.259130517287,10,4,153.67998578975596,0
557,18,94131,23,8550.302016199352,20,5,3,175,69.3400853429044,536.5781900286203,95,6,17.841311763392763,0
558,38,198980,1,2070.7580921085523,20,1,3,299,99.0642737172179,278.21718706882217,5,8,42.23160748638539,1
559,72,45963,10,711.5828517343281,39,2,0,81,27.7891125987756,61.607985292469245,34,1,100.42632818390649,0
560,23,121757,8,690.075926128163,22,2,0,86,49.81892991739792,162.49841547444143,32,10,4.002344725754958,0
561,22,190515,6,9407.845205031079,5,1,1,224,32.95304137739967,895.0338588534369,17,3,50.57099575251176,0
562,20,119259,21,5069.204379618346,21,3,0,15,44.060311405917474,686.024223935891,36,3,103.48025796499323,0
563,70,59063,16,4094.1207181701834,49,5,0,309,85.6950129869388,249.90172163688985,12,1,2.9922396512601424,0
564,40,134225,16,8108.785810079185,37,4,1,357,68.42090751884867,65.60076494502954,73,2,52.90925724520834,0
565,70,136400,1,8358.25927910516,36,1,0,162,88.24411913475817,690.6153123866363,100,10,102.8061638951739,1
566,54,100818,5,3321.910331156046,44,0,0,97,20.351110833188645,572.4077259677651,89,7,114.62984959624913,0
567,34,24703,13,6936.180574737952,50,3,2,155,87.3361117841438,404.519524458235,80,8,185.1503386110611,0
568,18,92099,5,7711.228158518866,7,2,3,1,5.976227417838443,363.6114491900638,63,5,129.06912465012158,1
569,68,176921,1,6546.506868659545,40,1,1,349,88.85992804371524,216.8142759291083,0,9,82.94716050599875,1
570,62,182932,0,1515.9507480009938,48,2,2,168,32.90737794607279,669.6112565375176,62,1,186.07023542661355,1
571,21,51585,9,8758.830835170571,34,3,3,314,31.458763341406648,970.6680277938705,88,1,156.97659667755886,1
572,79,173087,20,5390.945527360087,50,2,3,324,51.20885766986639,175.71524583682586,33,6,40.00178422254952,0
573,82,63585,4,2824.7242637000368,10,1,3,91,94.06901877232318,597.1166200155034,9,7,26.168472269763953,1
574,49,46958,1,4252.281854376939,23,3,2,180,4.778136468140537,424.18505574597623,83,7,135.16232714854658,1
575,51,46017,21,375.7109039890738,48,0,2,230,35.22309750707453,446.6887217446649,6,5,111.97663311539677,0
576,56,144677,15,1278.6680122241755,20,1,3,300,85.65719886833357,254.1472801278144,55,9,157.93472275855115,1
577,43,196422,24,7655.467505158608,50,4,0,147,39.60544774354668,825.1348756614191,79,7,147.7610100157373,0
578,51,163273,1,0.11634755366141114,1,5,0,279,19.9156897597067,485.2556041472411,36,0,125.04230677150301,1
579,71,49426,9,4165.658284822922,39,1,2,188,42.47941813314118,543.4058521982641,28,8,197.27643432577844,0
580,20,37778,1,5225.101810855885,18,3,2,346,38.55525014916693,304.7609127973258,11,0,106.71794602208173,0
581,67,196313,15,546.344200009723,38,5,2,349,91.54162014667034,181.80846566694976,16,2,22.621151300343968,0
582,29,62229,15,9730.78162972333,27,1,3,313,76.19343757430971,85.91038820282049,47,8,165.65471296319768,1
583,82,106652,18,2261.2533124967194,16,0,0,127,50.51155557440063,714.1191409249159,83,10,50.370672469141795,0
584,71,148267,6,3041.987196362809,5,0,2,6,98.8370566721571,196.23428168785563,25,4,155.46042962878366,0
585,22,199436,21,3039.4251225502735,18,4,2,46,46.527753127592334,690.0753541887977,82,8,191.4214192000103,0
586,74,146503,11,2304.166621173499,37,2,1,52,5.823783082027523,390.3764460469539,11,8,139.35910279286824,0
587,34,104878,23,14.73822086311416,27,5,3,186,26.22743218149849,415.77480098965145,20,5,119.20603218996023,0
588,64,77056,14,7293.447940879963,1,3,1,37,43.60704802193126,469.1774960927717,41,10,92.07723513500812,0
589,40,178562,7,9668.454997992854,37,3,0,225,15.690262414612011,367.7085081275432,60,0,72.88197319908065,0
590,31,39975,5,2242.9348328504507,36,2,1,52,94.7565126324043,100.61997722259008,57,9,70.60095019436726,1
591,83,177795,9,6630.4719180342245,50,0,1,223,76.68488978177731,309.6318100028458,53,6,127.27454114191812,0
592,68,174351,2,7418.963269587151,3,0,1,153,26.828720042777267,663.7343606939385,33,5,150.25462338754917,1
593,55,162633,18,8484.253790905248,21,1,3,47,59.08045335179158,665.784401468871,6,8,135.70341389688286,1
594,81,108397,16,4226.291970136092,25,4,0,350,72.1449157109572,286.22430723999435,34,6,39.682020238712546,0
595,55,53142,6,3029.3090564042923,48,5,1,146,94.1278928906798,460.102626557688,14,10,98.79743602869824,0
596,67,46916,20,3252.951340230311,42,4,3,63,88.16353491754107,193.44722801193748,64,3,158.3280144366126,1
597,47,84324,19,7126.213330985129,35,4,0,348,51.51922261382137,210.37208152983578,89,6,95.14081563781124,0
598,68,196037,3,8167.794665056361,12,1,2,181,77.46526197930176,23.047088406607408,98,1,107.32465594709876,0
599,80,145932,13,1816.1396775660266,31,4,1,124,56.2144753827585,896.7465499077446,24,5,154.22720963416444,0
600,69,155720,19,3709.410081577652,16,2,0,178,55.27038900455401,210.7066650749062,58,5,132.2530612530183,0
601,55,186205,21,9019.4019674915,40,1,1,38,11.47419583381919,227.53387693646332,78,1,81.86898417647852,0
602,47,116059,14,8066.935196947393,35,2,2,259,12.613765801615207,279.6014326451318,85,3,179.08254223884379,0
603,68,118317,23,9848.584027624758,45,1,0,2,52.95336150224574,127.408071695429,5,7,32.51341373269572,0
604,22,55046,7,7542.482596820808,18,4,3,63,26.886154497900662,639.2628831813628,51,7,199.10328971806496,1
605,46,198136,20,3931.9520102792226,34,2,0,28,2.103690246046863,75.14295317758656,78,7,23.77051569524744,0
606,21,121459,14,5906.378339946377,45,2,3,10,72.28392039002122,134.20242632635026,87,7,2.9899942208477803,0
607,27,65893,21,6610.142542473203,39,2,0,96,3.248659669016496,644.7567265900929,20,0,178.00378022975295,0
608,73,121520,19,784.5581631712395,27,1,3,357,59.52768411040545,339.6606204814427,70,1,48.99070167319122,0
609,34,145818,13,5444.969591038651,0,3,2,202,53.91937941273144,707.947826701189,92,3,145.93992548934418,0
610,34,81272,8,7093.208284726095,41,4,2,20,96.88146905778045,557.424744670142,95,8,162.20307498641387,0
611,51,87649,7,1673.213040010604,17,2,2,38,48.421313934764164,256.0211730615131,31,2,171.79727820642336,0
612,23,84674,16,7806.317174255571,47,5,0,222,6.360143637779736,650.827950489328,52,5,198.31884713283335,0
613,70,164832,1,5837.727805141117,39,3,2,101,55.16879678064617,116.27368029288066,58,6,58.80794200799981,1
614,83,172999,24,9522.217856975947,32,5,1,45,84.10961706161014,536.4103830800304,68,7,142.04866838545183,0
615,60,106475,23,424.22298206891696,11,4,2,65,99.68492842814399,437.14810504503464,61,6,23.079971656165643,0
616,40,81367,2,2653.2613755546695,7,4,3,90,43.034317368907246,267.87358281744076,3,2,81.36185827136988,0
617,72,163660,7,6015.538792998241,23,2,3,163,32.02987424967425,604.0049977395001,85,5,169.59433866251808,1
618,33,141750,11,2965.599122059307,15,2,3,110,90.66532969519989,871.3335923402825,17,4,73.53160921182167,0
619,25,138154,0,7144.241640712422,49,1,0,337,19.124212907612137,998.9046997630767,98,9,118.21907610712282,1
620,21,64738,9,7590.05282521931,3,3,1,122,61.542891503292665,607.7627687434245,80,3,100.75468874492681,0
621,21,53397,19,1025.1596406647445,37,3,2,192,40.57144241809477,404.7058743291702,55,0,129.19030622240902,0
622,73,102189,2,5138.544642067677,43,2,1,98,4.108236495555529,225.2071002162016,23,6,194.57887787753899,1
623,42,96367,5,5088.905555910559,26,4,1,290,34.72884743056978,257.09608939511173,65,7,11.147105300280424,0
624,84,140585,6,3692.807702155411,8,2,3,158,26.52285225026746,479.4549781497657,12,1,114.79230350032594,0
625,84,96619,19,9329.24862569672,46,4,3,102,68.60911539434869,367.27770128070927,61,6,172.60575585005697,1
626,44,131453,22,8275.063198732212,15,4,3,280,94.87904976919181,913.8145226249442,53,5,96.2765423496855,0
627,49,39816,24,6972.093819096368,11,2,0,42,26.804718737863777,368.29546765570956,14,4,15.705437188314564,0
628,67,193312,17,7143.266357349976,30,0,1,83,81.14659391516817,373.4445911454355,68,3,112.10787048335418,0
629,78,157348,10,4617.161438131191,23,3,1,190,5.535981693840952,383.53451243397694,2,1,66.41477816476409,0
630,68,99530,18,9209.94521096576,13,5,0,50,53.81210100398132,836.620210367658,36,9,30.98835706758718,0
631,36,174571,4,6945.954272532854,44,4,0,209,7.055006370989458,650.7883208469019,36,5,169.8069026566946,0
632,38,128856,18,7289.810616558165,24,4,0,125,93.40329911306394,614.1688503188926,100,4,104.31990259822432,0
633,22,91635,10,8616.909037873453,33,0,1,68,76.63512805573902,334.14302238386216,2,1,186.65528247581332,0
634,59,127803,23,2740.71589342191,2,5,1,264,65.79499112045923,817.9041768324395,62,9,161.2033009206138,0
635,78,55946,11,8070.70903866703,23,1,3,257,82.38963816246643,38.36386135570113,34,6,138.59435875473346,1
636,39,75204,9,1952.4060295649203,41,0,3,187,64.75197955701631,870.7971723381131,51,5,1.0051006730623868,0
637,38,35563,7,3453.4195224488785,8,5,1,229,96.89443971742911,512.7498997939296,86,10,85.56469132765,0
638,18,112324,23,3356.104542698427,25,0,3,188,71.39579478647715,398.2502348634128,27,8,39.49725633040646,0
639,22,29847,8,9785.254683891406,19,4,0,9,92.46586095822468,497.1672807176857,93,10,182.15958220977356,0
640,29,46155,3,8565.372237479269,39,3,2,113,51.713189201063805,667.4155305338311,17,9,34.91679693527205,0
641,63,99671,4,7011.698615902597,9,0,3,75,11.706441298186265,12.76542651789736,35,4,57.2120103318571,0
642,51,136891,20,7270.567616153901,18,1,1,163,52.81777214230171,871.5518564582477,32,8,103.36735354689984,0
643,66,103310,7,5620.727944025711,2,2,3,84,12.68728280630933,446.7395253113928,63,8,52.67272379961585,0
644,62,169381,22,9470.906671085191,23,5,3,48,59.249347917640506,342.9665197000782,25,0,41.972935455824235,0
645,44,151691,8,4962.587528823616,4,0,3,325,48.24930605276629,138.2455656340571,47,4,119.81986502055048,0
646,43,54707,14,3805.1770986989454,2,0,2,176,62.25753978327817,439.46537435844215,39,8,17.785904551004773,0
647,64,171409,14,1630.35336931591,26,1,0,217,1.0046981054831594,496.32277128437886,16,6,11.633551744184945,0
648,73,101537,15,7862.05652261058,15,3,1,188,19.484049165536412,403.6466944934778,39,5,74.44905903721428,0
649,80,198686,13,7344.439320755914,48,0,2,345,49.13304319121309,678.6600938268971,6,5,144.13289090157247,0
650,65,111155,7,3843.550385241349,14,0,1,229,95.05035615891349,420.896528759226,56,10,110.9613516547896,0
651,78,20281,17,251.9341395922936,34,3,1,254,38.360904035515844,961.4175778465733,7,6,84.57529369335577,0
652,43,178492,9,8389.973277180106,11,1,1,235,42.43720260536347,599.2775178235919,55,0,113.15031284491648,0
653,53,190102,19,114.17983454073632,40,5,2,25,71.46960890066222,807.477935651909,30,3,73.09029693065472,0
654,18,152130,5,7036.9977962905095,43,5,0,71,60.3792757286118,109.35590310947885,58,0,187.22926708642257,0
655,25,96260,11,9702.57109726057,25,0,1,260,29.892615009833325,397.2912929459057,57,5,10.980978182154866,0
656,69,179476,1,4376.613281482035,46,3,0,253,41.08163955674278,336.8477014471527,11,3,134.67829580596705,0
657,64,180928,6,2349.7340499595275,33,0,0,270,21.769979885723245,569.4823881365918,47,0,178.2565329655501,0
658,73,160272,15,7048.710100433817,22,2,3,122,96.60214591302085,861.1135200614256,30,8,160.77694174705067,1
659,31,84178,2,8171.281420155851,30,5,2,143,13.063438155735973,78.33821776200666,82,3,36.80820696428935,1
660,45,53997,12,5464.303160778473,49,4,2,256,37.18367845664194,72.57479804471079,62,5,59.18526979605767,0
661,19,176683,2,9670.352752561463,19,2,3,143,2.583897222001119,850.3177081575989,73,6,143.40958774142095,1
662,43,139273,17,516.687216579611,11,0,3,258,22.17794919335464,212.85008603835743,38,7,16.85411183615311,0
663,31,192307,10,5047.955983045282,22,1,0,46,78.04711383801549,668.7532544498137,75,10,162.37233996651682,0
664,76,186129,7,7184.539473225501,3,5,1,350,20.117523228887947,542.8781323608051,19,8,143.78138892095805,0
665,73,152311,5,8626.40471149179,22,4,2,12,8.00634025289656,832.8935948872295,100,8,145.9213298470685,0
666,24,146945,0,1792.5561190779006,47,2,1,207,47.44531798445233,125.08890983640353,47,7,20.048274053518277,1
667,20,65272,0,8000.034817636814,47,5,1,310,0.9969234734518495,129.78296572261127,70,9,143.55210896324618,1
668,40,109393,22,5527.070757185453,0,3,3,234,8.476615442633317,556.8183602783075,53,10,135.963625043994,1
669,35,81212,7,3965.536819899632,24,1,1,148,80.76258695629751,946.3786533583709,77,2,166.1844981643701,0
670,55,166470,4,1317.1502857909356,1,2,0,321,77.14733448596064,414.99775837075424,74,1,8.319191251293901,0
671,32,140030,15,8652.957589089125,29,3,3,154,91.5138820404896,326.94210025469494,70,4,4.622133693558439,0
672,81,76503,10,1572.7320817971536,2,0,1,165,85.45154359107495,606.6893231978859,28,0,74.60141997571215,0
673,45,157710,4,3097.8785920909922,20,3,3,89,68.3175563239818,930.4486005450311,73,2,29.757656769830575,0
674,56,26570,3,2900.4553196243687,24,2,0,185,5.233285730066283,836.9278328446237,92,0,111.67689551404439,0
675,74,88785,5,8714.140341908544,19,2,0,317,78.28486179866574,995.4836107332198,72,2,183.46978030134977,0
676,34,29110,13,6727.0299420889805,48,0,1,357,84.55108108405605,22.56858320237709,99,3,78.29594606680314,0
677,61,99141,21,7966.813971913723,21,3,3,173,79.90821457719545,112.85814471276223,47,6,168.99007545452082,1
678,42,32115,18,2504.67898792499,20,3,1,216,50.847903530802604,609.467763366622,73,4,0.04817490357329479,0
679,34,59062,8,6248.740996069989,32,0,1,263,23.290183864948165,820.5764393338497,82,4,33.702928691836846,0
680,30,42911,11,5717.459831437487,37,3,3,96,84.53299756887267,285.24434230676655,55,0,6.084707930817124,0
681,42,124061,10,8328.303767882711,14,5,1,116,72.71628097401384,239.21108803421876,94,7,65.62943610301373,0
682,27,52556,13,9060.870604812606,45,0,0,198,98.07611743888516,786.9757993812009,16,3,181.63791913930055,0
683,84,148335,22,121.56771477386808,14,1,3,319,15.569259775593292,56.381853853231576,8,9,19.39042471979755,0
684,35,21969,15,6740.199190587927,45,2,3,20,22.566458305205504,369.3826475825851,96,4,121.28195534876008,1
685,51,63753,0,518.3579911972902,24,1,3,199,21.17981498815027,505.8092225923297,33,1,90.29918782388884,1
686,25,155542,12,5488.586650773559,20,5,3,340,79.25397676213368,560.3486743503234,44,0,187.6936424731625,1
687,57,141863,22,2876.327290436782,23,5,1,247,18.690729645011817,728.6151567927769,87,8,24.503828507418767,0
688,59,30225,20,3067.765995221412,4,4,1,275,6.665982982330609,354.8457234306582,8,1,42.405570100445786,0
689,58,143008,20,3529.585034523566,5,4,0,263,99.85608065856286,612.6843446746072,6,5,5.908393722298655,0
690,23,174268,12,6212.9244904961015,48,4,2,57,2.4817211445149145,585.3754227909563,15,0,86.78704992627475,0
691,69,125823,1,3340.499656687692,42,0,2,301,83.52440601588657,547.6161006537471,18,0,55.566579912930855,1
692,43,33669,3,7326.990505902804,47,3,0,30,36.53668415506528,640.4832931422122,5,8,173.98118677806417,0
693,81,188452,5,4045.273855738697,43,5,2,248,84.16154597578152,259.4491710680763,10,3,120.988162639551,1
694,76,144398,22,683.5320030995862,46,1,0,92,55.4620491211145,84.64875358462898,75,8,122.81814759514033,0
695,73,130677,4,7837.598424841072,22,1,1,264,90.16312294863602,119.27167203974342,60,10,106.38213937626048,1
696,76,68320,24,2857.58324592706,3,1,3,270,92.61929864146266,224.58238265390108,41,4,18.3700674458402,0
697,50,198486,2,4327.668795992627,26,1,3,93,0.9098181280775997,500.19793552278526,12,6,89.00373674507105,0
698,70,166649,0,6854.438832219015,17,4,1,153,7.541217599278827,840.4427505460201,11,0,199.9010379417033,0
699,39,145354,3,3324.56157148712,20,1,3,284,25.035872957085548,701.2933420883841,84,5,167.04585816920297,1
700,38,108009,24,565.8565614671562,27,3,3,79,66.93154163635016,789.0406042020471,73,7,178.69181083342318,1
701,21,48625,19,3739.210470128136,34,4,2,291,88.8272196511506,350.9756239260914,19,0,164.6452718492999,0
702,79,44089,1,9444.485826943035,21,1,1,83,45.994195129396275,404.6537416485502,49,8,20.608338686196536,1
703,79,56487,4,6417.343972985582,39,0,2,364,60.697311627426544,393.68188599061284,35,2,45.48965081295992,0
704,41,130448,2,6714.791486672069,22,2,2,36,18.849985279556115,191.87318440450153,91,0,0.6243302712819254,1
705,72,70138,8,6322.821536376398,2,2,3,341,80.49668338816853,61.21665814357202,87,0,60.702024975622294,0
706,26,193895,19,1989.9213895943678,39,2,3,326,96.73281113534698,590.9160928272267,68,10,21.721480469298516,0
707,20,188280,5,4183.338641022801,49,4,1,231,26.85989329145975,989.2166834205862,36,5,94.5586690603166,0
708,48,74061,17,7509.397983633183,9,1,3,92,49.48259516005463,166.82970495026282,11,10,135.4254977147804,1
709,57,181731,5,1013.7289755315915,24,5,3,335,8.61161105063738,46.684819899273755,98,5,174.9010590076154,1
710,53,121376,18,2778.527760897123,48,5,1,101,55.91366564629684,779.5316818239329,39,0,149.84343301817964,0
711,41,182962,11,2763.191084658536,7,5,3,165,50.27834418466806,252.5860066847242,53,2,187.71711915570103,1
712,23,99134,24,4320.18927594506,10,4,2,158,14.44364841550776,829.6438053529283,1,6,10.779658078757759,0
713,83,67055,10,9803.687409421851,4,3,1,13,44.2066213118075,703.9366670345154,49,9,2.435967083308288,0
714,21,39508,1,675.0254668382194,44,0,3,224,33.410465208656326,945.6735370508046,40,2,132.26762276724253,1
715,23,193359,14,5187.009943805951,36,0,0,72,52.18308753051893,408.927235756672,44,2,57.87048204444925,0
716,68,178056,11,1793.6468201221046,44,2,1,248,58.565433542879916,661.9698394506341,8,2,50.700203221154624,0
717,79,130169,11,9706.765454097442,37,2,1,90,0.8495578607209509,464.8547808132707,61,6,66.17741753875886,0
718,74,28125,8,1133.035047274642,28,5,0,215,76.10059829495553,630.5886973085435,85,3,53.95921157847283,0
719,83,56059,20,4036.0100236159124,4,5,3,89,71.30142918617408,449.59890600773736,46,3,102.28728126031746,0
720,25,123409,23,7378.849848346062,8,2,3,28,36.62863862065222,188.63224642407482,4,2,88.0296894448265,0
721,43,168159,1,7045.544280274453,47,1,1,304,5.2935935568818255,507.8974160033809,75,9,102.48571027533127,1
722,68,25704,21,4227.2863689393225,1,3,1,219,75.49325397850504,528.5842014374423,0,10,134.54272230008723,0
723,62,131279,2,3465.2416795271824,0,3,3,327,95.51751604781325,810.603848260161,43,8,77.42610179422967,1
724,61,178280,11,3976.123785528706,39,3,3,214,24.015159602201418,735.5207057935812,21,1,50.26153742843136,0
725,22,138516,15,2642.7626315863927,50,3,2,220,32.35246137370379,663.7916239414441,37,3,33.2401073617491,0
726,43,190954,20,2053.329387067998,29,2,1,41,18.381288948181496,113.38709555257253,18,7,69.8948239065251,0
727,36,176995,23,4830.3969755889,10,0,1,134,57.693612334483966,720.6162906637151,79,5,148.3612950492344,0
728,37,134044,0,2685.3375606760733,27,2,0,41,15.484139464745494,500.3051563545148,30,6,151.3409820222939,1
729,29,49165,20,2874.616648972501,43,3,2,163,35.619394346137945,894.0995361061592,66,6,133.38107733684205,0
730,64,87203,2,6567.5606347455705,11,2,3,360,69.70130139342629,919.8709341305428,86,1,46.805635061374915,1
731,18,24114,19,9685.373316998923,38,3,2,282,56.01159830093484,55.15659060178546,41,3,117.61724917093954,0
732,31,56321,1,6036.372005593751,25,4,3,57,38.64625643279352,820.6415603544788,81,9,114.1379323153696,1
733,81,93297,8,769.7946706496627,12,5,3,301,42.02496018075419,37.697390422670615,25,9,96.8532396219451,0
734,55,116652,18,755.8361385406698,7,0,2,321,56.21108826232295,367.16962569502266,12,5,109.99579727677285,0
735,54,119304,14,9514.23220845566,27,4,1,24,0.5864727887161303,542.2999756210792,57,2,98.35812652473362,0
736,28,176498,17,2972.9079030733365,29,1,3,72,7.8509868453609855,148.10079862712743,17,8,113.09127321482164,0
737,20,37772,10,920.6698608247543,8,2,2,128,88.12580677630116,746.3138125690768,66,3,143.10119092422576,0
738,50,123754,24,5990.445871503815,38,1,0,86,7.787898909129076,8.354704172138572,86,9,21.92563888068795,0
739,23,23712,22,6236.487782902661,30,2,2,329,70.68035962105051,168.59904843403683,2,1,149.92515042980475,0
740,67,152439,15,6485.048201186882,20,5,0,152,92.00381641090526,580.7968298534757,54,5,27.17723002551884,0
741,27,135142,21,2674.020278575413,46,4,3,181,27.06836043017311,714.3875620372924,88,0,13.325599682074941,0
742,22,111736,16,151.10684214475035,33,5,2,124,37.04914370595142,916.6431026939161,90,5,195.2159372442935,0
743,40,71924,4,9650.153694544719,30,3,2,66,56.892140584471626,705.4966519346239,57,9,191.3983537740883,0
744,27,23726,11,2508.930456911025,24,5,0,5,88.17089696385847,671.779270254866,62,0,12.08730898811281,0
745,61,109152,10,6760.262880525475,11,5,2,124,94.19055872604201,394.3411463506643,90,7,88.65068829499243,0
746,19,47723,14,7066.298698787095,0,3,2,313,73.9563248111268,1.2844255268014138,51,4,37.24898765995495,0
747,30,146969,2,6100.074170794857,21,2,3,325,8.661976085469403,120.15925873562195,88,5,97.06897942688362,1
748,57,120494,0,3129.073942136482,39,3,2,52,66.91541555348508,534.5545447560391,23,1,166.0354485999175,1
749,19,160180,19,2710.9625376406575,36,4,1,65,41.03037218726621,675.1298858444197,71,1,190.12235494857805,0
750,82,55643,15,5976.682827027031,46,5,0,313,47.07009994910616,417.4482838964625,8,8,126.85053069030747,0
751,80,182396,1,8660.956336116915,0,3,2,81,4.914839034517704,730.6790115283902,36,2,70.78113344236341,1
752,34,123896,1,9467.337289233956,0,5,0,86,19.106213934635818,521.8622953321787,93,5,120.66511312891967,1
753,26,159999,2,1059.0580440375763,41,4,0,1,79.05136075336478,74.1761955943122,82,9,62.400261221690066,1
754,32,113680,7,1548.2861259771985,41,1,0,203,45.395883304785976,192.01625096794882,52,4,181.96472816641207,0
755,41,116546,23,9447.362587830796,20,4,2,149,30.166224163114887,839.9982232439429,79,3,174.08009262116738,0
756,55,173515,14,7365.352283347926,14,0,2,292,38.401907396495815,724.9127466244395,23,9,111.6463500559322,0
757,52,99973,6,8829.93824829773,16,0,0,102,85.43995133256801,894.761987012495,20,1,64.95978307607211,0
758,66,83449,5,2026.3263413534316,21,0,1,23,74.8999017404957,117.55724912093658,99,7,58.67793511659567,0
759,79,129834,8,5875.858711094019,37,5,0,211,27.231539718108277,990.2225346150739,39,9,6.683598941011892,0
760,77,45537,19,7011.3959441747365,34,2,1,64,11.750184021237331,209.4067139499336,61,6,163.16417020505904,0
761,67,97576,0,6801.118854469726,44,2,0,208,25.19982216440717,11.779876286642011,69,10,90.07664260780159,1
762,26,127522,7,4081.516908666981,15,2,3,250,92.07564510547337,997.4229390535542,68,1,65.02658568005289,0
763,51,42612,22,153.94891691308476,7,5,0,116,58.15888378497554,281.07388544511315,13,5,94.22207099955078,0
764,52,26471,22,5829.260568042631,46,4,0,115,53.34802087447829,668.01945251256,41,7,163.7475980909304,0
765,18,186703,2,2531.0153917960874,16,2,2,236,59.63935996924615,176.6823141763052,49,6,24.922841541504237,1
766,57,51348,3,4502.542461428903,16,1,1,104,36.60282657465152,580.2285321991417,60,0,171.53119764836546,0
767,81,21177,24,9575.810150838173,25,0,3,258,80.71070203195127,904.0349864545593,3,4,179.5017670216708,1
768,39,155832,14,3990.353176424347,12,4,1,45,52.32862493002498,320.1811674284386,71,1,189.34158300677763,0
769,77,52779,5,8398.016066644268,16,0,3,310,11.674790276879554,670.2539760443592,87,5,79.49759848452555,0
770,81,41636,14,1885.4060574925113,37,2,0,330,12.906512482906296,187.9035887984165,74,6,43.42808080753437,0
771,28,101889,20,6724.6049802502885,16,4,2,215,53.685914650261836,624.7953987187252,16,6,74.7281636933397,0
772,31,73551,2,9770.069544389435,47,3,2,300,93.65702180708392,336.4503518175101,84,2,66.58241924628065,1
773,77,162628,24,1018.9310087293679,13,1,1,332,30.835212167619876,211.20825858795166,56,6,35.23078250057201,0
774,47,178670,20,83.19942227192013,44,2,2,23,86.95411688592183,313.1820507036351,89,4,121.45333402029759,0
775,52,162635,20,4335.827926326144,5,2,1,34,76.40955865788793,178.84106850779935,47,7,95.32483210172578,0
776,54,66819,13,926.254830513672,34,1,1,23,24.781244290690687,901.9161078378828,43,7,173.14019846480073,0
777,22,93770,19,7483.843496762313,45,1,3,27,3.6340748316242455,397.1868863171288,44,6,6.421916096411651,0
778,43,178038,13,9145.486638485589,13,3,1,15,10.184726514238275,245.27930497436734,90,5,128.77358551102526,0
779,79,178059,3,4340.209727087588,46,2,3,58,72.84939338474402,448.4078410159329,79,1,152.58977570231224,1
780,21,98714,11,2587.1164215544095,7,5,2,242,19.96697380406467,320.53616680649554,89,5,151.89731383766141,0
781,59,44596,16,4344.033190066098,14,2,1,206,37.12709205053938,744.419253813326,32,10,177.21479341910504,0
782,35,184246,6,7234.4781785000105,26,0,1,270,50.16991660064248,971.2199118854944,30,8,145.8067485658988,0
783,57,84106,8,90.54161580370979,12,4,0,248,72.54681684501628,438.03365669764685,46,1,185.56201232953927,0
784,56,79182,2,5894.539894846972,48,4,1,266,11.323122325912538,861.0333999722404,5,0,66.5313199641783,0
785,31,107163,12,6132.9168488737905,30,0,1,192,40.636640527746145,565.8630735596195,71,10,100.64188335030862,0
786,49,59310,14,6376.882468959355,34,4,0,334,48.50729091426954,157.23566509423347,70,4,2.815932656578135,0
787,68,76088,17,2420.220799808772,5,1,0,217,54.08270639715397,690.6227420813416,33,10,1.3915174606582426,0
788,55,148803,18,7140.527233781268,4,4,2,114,81.83606413952167,513.4344971258201,52,5,48.025324090303975,0
789,40,159978,0,913.914863317764,21,4,1,67,17.16781950432169,650.6065232521034,13,2,20.16143942781705,0
790,80,56914,5,1992.7033646680081,48,0,2,298,80.78314518266222,889.6874125716649,15,7,52.042273587150724,1
791,32,130350,22,8774.700466544818,22,3,2,324,69.28784276966522,440.43457065604605,42,6,35.40865890567948,0
792,42,65379,1,7387.231507265664,24,4,0,74,55.58708141989593,901.1776232173556,72,1,5.704004967729648,1
793,34,188722,23,137.4555401134525,33,5,3,102,69.95278704025719,750.6690142816549,73,6,181.86082928120987,1
794,83,197953,13,2483.762603698002,25,4,2,296,41.20177389516564,488.6049258779848,80,0,1.644626277778305,0
795,70,66413,5,2144.064829931646,46,3,3,177,13.839758596812457,603.2221356579637,11,8,147.21642886741708,1
796,68,157084,13,2708.063280369726,4,0,1,214,66.57652402653673,325.5811325190114,69,6,30.429577383903307,0
797,56,27151,3,2475.5977027988642,25,3,0,314,52.46723066856222,983.5972997387742,18,5,182.44592439992,0
798,68,77716,20,625.2629574284574,19,0,1,38,63.93748005427755,667.3511630503959,40,1,178.55918791797717,0
799,23,113747,7,4589.405165968204,5,1,1,258,33.799878102849,43.84685249662989,52,2,130.78022927385146,0
800,84,187450,2,7327.3347478616515,5,0,0,203,90.6866577339836,326.62190574800877,28,0,134.44682996012102,1
801,24,193724,18,6067.317247174364,49,1,1,6,58.736986857557696,623.3144337590575,69,9,1.0678283939377087,0
802,68,164539,13,6728.716685980798,17,1,0,48,8.540248429087383,56.3332777992398,58,4,196.9743132227204,0
803,59,182082,19,811.4917853623915,3,0,3,25,44.980399070442864,23.884191319142765,88,8,175.56652071516288,1
804,81,141999,16,9514.907101767873,16,5,1,160,75.63560547436343,450.0242395278026,63,5,179.0212451460184,0
805,32,134793,24,8384.918338430249,13,2,0,356,79.41345617322723,332.69017969267003,23,4,131.84890741017438,0
806,46,128177,7,8050.903184956627,13,0,2,175,49.45970527637588,438.2986080331659,88,2,68.9573857309073,0
807,50,32289,23,8229.838050417675,12,4,1,78,89.4747570831301,262.6933098800052,15,4,178.72972981809616,0
808,44,196048,13,9327.105081327614,6,5,3,1,26.766843719429755,164.7177469429809,51,7,58.303385630238466,0
809,53,194668,5,5442.539661136977,43,5,0,131,41.05986972382666,689.1433569803377,79,1,112.54230866844057,0
810,46,174243,22,2002.820178676259,14,4,1,275,89.859691056897,514.5711162678004,5,4,19.94619446877648,0
811,55,106365,21,6167.836078525412,18,2,1,116,89.62567164715789,200.15421124936682,36,5,184.39112602655004,0
812,74,134014,15,7428.81493667939,42,5,1,163,68.57127688246808,319.58942625999833,84,9,28.154091554242665,0
813,44,195211,24,7379.1739335402535,46,1,3,287,85.89805471222202,591.8079076633259,3,7,44.97936114608145,0
814,72,199785,18,5214.490241668801,43,2,0,27,8.877326695623267,72.22934827247785,97,7,111.62683162564299,0
815,50,180806,13,684.5871933357805,34,4,2,332,86.49949762077763,147.45300926617955,91,4,152.8186000425963,0
816,83,92588,18,3711.129384301278,16,2,2,0,32.061990655022676,73.24560410739012,37,8,123.87026118725979,0
817,27,83646,2,9207.666084633573,34,0,2,187,17.833151242821632,812.3173327141188,40,3,46.426782560031235,1
818,22,23654,9,5844.48909757426,18,2,0,55,23.936983634204633,752.4092332120092,91,8,0.18860850549806685,0
819,55,38743,18,5383.319432557134,19,1,2,34,41.79685080138871,753.3129318792571,80,10,151.43011606148784,0
820,30,68368,8,2688.535143821935,35,0,3,111,25.119200460446724,716.325343476028,13,6,197.04146518221876,1
821,48,157513,19,3684.489199165789,34,3,0,285,32.0567586016499,669.3854236698692,70,5,161.98262406121808,0
822,64,139735,12,8953.460891531693,31,4,1,309,13.497848607164208,476.991915378175,85,3,92.04132363132307,0
823,69,175683,6,6664.630475268357,47,4,3,35,29.617676555899852,642.278163507115,50,1,180.75345227982132,1
824,73,139891,13,7873.870267523329,43,2,1,216,57.22838145420012,38.36155478797465,64,7,81.96953462367,0
825,32,127971,8,4543.454230676552,39,5,2,79,44.185370809106395,621.4644226567846,92,5,104.98681684869351,0
826,46,32149,22,6302.472194561579,23,0,3,313,34.67187612359112,777.8777055368772,51,2,95.42595347913665,0
827,25,120102,24,2483.836087432075,16,3,0,82,74.6452128857114,500.3583603843902,94,6,89.52477453310499,0
828,22,79189,18,7054.608302834863,6,0,3,64,89.3509971393318,357.51332842723696,29,9,155.03815385878116,1
829,46,172747,14,4276.013337033373,42,4,1,324,75.6789222902397,277.42673480097915,56,6,105.35378145389839,0
830,64,91031,19,4425.4551481474555,49,0,0,127,33.200070211767915,642.8020501620824,78,5,63.343424405043216,0
831,62,62668,13,6493.223245768817,0,3,3,306,74.44421678375537,692.8011986299088,81,1,51.63163353169566,0
832,19,164745,23,9362.806214689266,34,5,3,21,15.19801824740512,870.9675998625426,98,7,7.549463393486677,0
833,44,108204,5,640.0634660862092,31,2,3,215,13.031798809129091,342.3340824609907,29,0,116.6390323766092,0
834,53,174741,20,8247.432373470076,35,1,3,106,34.562703703615895,769.7723073855856,97,0,45.99228308020684,0
835,53,185140,3,2923.8311041219313,12,0,0,108,80.7702369044057,561.3558241893379,41,5,29.626784403276616,1
836,43,160507,7,4439.194545063779,5,1,1,356,24.634824724230185,882.8364906780791,10,4,130.76599276553554,0
837,60,57384,16,219.13328775008955,13,4,3,180,6.325340889867959,527.8121082956208,26,8,136.24185156430977,1
838,44,101929,8,3010.46077834313,36,2,0,355,13.170953520635509,517.6298283979672,23,6,150.43097845153318,0
839,37,147959,0,5026.312426301305,47,2,1,163,85.87449685295802,577.8770814409091,98,1,100.71537926771829,1
840,28,96153,23,561.7607734743901,14,0,3,67,63.37832847472876,749.3153551424344,38,6,178.81092104077732,1
841,55,95388,19,4910.957293831651,46,5,1,291,25.320116336997668,964.690478828461,71,2,187.26855067964556,0
842,23,51401,24,9271.106288584273,3,2,1,179,55.52958253281813,73.56335421576566,17,0,161.47418795849788,0
843,40,139503,13,1053.9321810780523,39,0,0,180,52.75796224253504,53.43460239101716,76,10,127.11869640163744,0
844,64,147834,10,7644.407280755044,15,0,1,168,65.54359784406613,937.5503374073385,44,7,60.74419071823773,0
845,63,54084,20,4096.710533759926,27,1,0,21,23.31875544216163,529.8756255182061,87,2,196.58898432404425,0
846,29,130641,2,6551.73714524338,15,2,3,65,86.44029871943977,614.9030145669361,86,10,54.827233438387665,1
847,30,125111,8,2602.3659798522935,3,0,1,20,30.936856208001284,482.42360159472884,11,7,40.53138439808621,0
848,79,187523,13,1594.9226254135829,44,1,1,99,69.41316539762369,93.65745260747448,48,6,88.43082275731655,0
849,77,158299,8,1604.6261427122643,25,3,2,299,1.612464637221489,768.0893784186666,93,1,11.368114142477692,0
850,60,182982,3,704.9194564314465,27,1,3,102,37.26571298941472,747.2246450885868,30,0,195.69889293435816,1
851,22,56041,3,1856.4670490124302,31,1,3,46,35.17098179588083,311.703321492812,91,6,117.68671128328496,0
852,54,108920,7,6642.1938498896825,44,0,2,38,54.348442858301446,306.2392452284004,21,0,111.39041833283505,0
853,48,85681,1,8816.906118435081,1,4,2,284,7.27362617771965,837.8413809055185,43,5,131.15925597994396,1
854,26,101571,8,8141.256855911618,30,4,0,309,79.01313737261083,72.35725774132662,91,10,99.40472955544134,0
855,68,147556,13,6851.343098744841,2,5,0,89,21.778080176756852,881.1051483565658,63,9,6.4127034189083165,0
856,46,46160,21,1104.3186341110268,7,4,1,84,67.70378148820102,256.66168989591444,76,10,122.46225776807935,0
857,57,37633,8,2891.8744629594985,23,1,1,272,80.32121232440932,592.9847477554939,24,9,143.23477539128612,0
858,58,37014,23,3098.0687532246898,14,5,1,335,56.18769562415131,935.9941790017778,50,7,83.34981212481063,0
859,28,100532,22,2499.5694639762123,42,0,1,187,74.08832067219855,678.1225015366464,6,6,151.45911441423857,0
860,40,69104,15,5150.056597097231,30,2,0,158,66.18603122150056,414.4298124670366,5,3,45.40025986768412,0
861,18,192693,16,5355.538148796726,8,1,3,242,35.55297971520076,689.5342089054152,23,0,44.255318213236805,0
862,63,97231,15,3568.859751711102,38,1,1,72,80.88585390335653,343.9796363163702,18,0,32.28339753751479,0
863,38,88388,11,3537.89158736436,44,5,3,48,29.4701369885528,277.2584163491861,82,3,74.39895195783237,0
864,53,36014,2,8285.555979060813,1,0,1,100,57.12129177515172,996.6832779346797,99,4,169.40240707781672,1
865,71,112578,10,7892.928483196856,7,3,2,1,74.53977391415395,750.7902311797877,8,6,165.58241242981288,0
866,74,184827,13,3077.9583168074564,6,1,1,243,37.89559098125076,644.7199773818177,35,3,76.56484159270076,0
867,18,60390,17,9137.884438732593,43,3,1,175,30.276760761742505,355.28964321931875,39,9,117.82374719604731,0
868,80,43711,20,9528.150170025061,50,3,1,237,45.934601017282276,49.160829155048155,92,0,144.16326329498312,0
869,71,111658,20,3267.4254203004084,38,4,0,58,81.79634943491536,31.05687603515561,23,10,48.2413549256046,0
870,72,77993,4,3544.2494879305486,41,0,2,352,92.99217631456648,554.1812554487988,47,9,33.62821717894941,1
871,57,178285,15,5056.3415342195885,15,3,1,98,54.50834128598901,762.032721039051,62,6,194.4191986424622,0
872,32,27421,19,9411.208125336736,34,0,1,358,66.14662053236519,537.3791904438551,68,1,123.5114626419237,0
873,38,37727,4,8763.194331423116,29,4,3,1,90.32736222389141,840.7850719391146,52,10,196.28314436673278,1
874,64,132418,2,1025.679625835898,9,0,2,242,9.85468514129424,33.426533093221636,53,1,67.55119742644582,1
875,70,24358,11,3927.307432714162,37,1,1,296,23.207857786616504,366.7520764259401,41,7,140.6063399948263,0
876,26,85108,0,5533.711897497718,17,3,3,210,70.89000062515825,237.07039117417804,44,9,44.520727308247544,1
877,69,114018,20,5031.3247255154,49,0,3,122,82.37444619122996,447.272968157122,89,9,52.240034254782586,0
878,74,144457,8,1938.6306793689268,4,2,0,228,85.70290283305779,72.37639319412249,13,9,102.3804242539248,0
879,43,183189,8,8588.167711681546,28,0,3,81,41.51071768549326,954.1316415710726,28,4,63.92362510161425,0
880,58,51910,3,6769.407829968373,38,3,1,143,8.933990229186684,223.25540106936091,5,9,33.52431276811689,0
881,52,146888,2,8379.083748518036,33,4,0,139,43.778147729961994,922.3077754835848,6,1,52.5761403978652,0
882,80,75754,16,8587.642793494722,42,4,0,28,23.07345902070538,425.8931550366818,36,4,7.149678893172928,0
883,42,129847,1,7483.558536657398,44,3,1,269,29.11964549966242,985.5241332552181,52,7,140.88472429549734,1
884,55,180443,23,4392.106012497174,22,1,2,246,77.22675568375058,554.0583834602107,17,5,98.42333141717232,0
885,19,58467,0,6105.467550154245,4,1,3,11,7.552708602588687,930.8328641758075,86,2,18.848613280905123,1
886,24,168697,7,1603.6540611974315,29,4,0,354,82.75812174807021,5.348988694222845,37,7,34.33879862569824,0
887,51,53893,12,6736.454174749077,5,4,2,336,42.76690858241691,748.2388061809002,58,8,20.506907622528804,0
888,34,96329,22,1792.5325573928076,45,3,1,105,59.60639311005951,903.0506531025154,0,4,122.51856165517529,0
889,60,51007,14,6939.4959051015685,43,1,3,31,8.9652231235679,139.72056697895408,67,1,18.84207272249876,0
890,76,190604,7,2295.9816075396866,3,4,3,73,33.735907835727964,96.12585173215149,43,1,150.85646660704322,1
891,68,74253,11,1175.5130015021998,28,1,0,170,8.970091901484578,424.5726071859556,46,6,4.102183864078235,0
892,71,32323,21,1652.8449014295743,22,4,3,336,96.15437228811096,933.6789061329351,34,0,49.87515759917842,0
893,41,131335,11,19.921352190702677,5,0,3,68,80.72616493262504,542.3865601904388,86,9,178.13333517838143,1
894,42,132356,13,7187.396178535302,31,2,3,300,45.963275435646025,527.4564637217321,90,1,143.7062636244492,1
895,69,130944,14,7324.010490583791,41,5,3,361,22.36025483236711,141.12611829932186,59,9,14.593666585137544,0
896,50,165282,14,5149.333499132595,17,0,1,136,93.34551052498522,0.7895110932187865,89,3,164.22522089703594,0
897,66,36456,8,1613.628010553837,14,5,2,99,34.45965957269718,810.1400907454612,51,0,98.60702430804096,0
898,46,51367,18,835.5433751068974,39,4,1,145,16.098443168737475,87.57456298623822,7,3,169.35660543376585,0
899,80,74624,19,191.2896643728701,31,2,1,8,56.31643884539549,633.849818735324,79,10,120.14795489007868,0
900,39,161178,21,1657.481769652207,8,2,0,61,94.37741203448161,914.6164545151914,40,9,136.36660640657175,0
901,43,88008,7,8908.555349831468,36,4,3,184,0.3830290500322575,208.651913158431,2,4,198.70031207914164,1
902,45,145926,20,2415.3684170168176,9,4,1,28,23.812484325399875,665.2728362369108,95,8,46.46710918480363,0
903,66,135395,18,3542.7132721721564,19,1,3,113,93.84476404104076,78.69857670750946,68,0,124.78911495227767,1
904,66,136492,5,1053.4548448133319,5,4,1,142,17.108596685716204,603.755143837613,83,4,92.06427801147967,0
905,37,92240,19,2223.613047481703,47,3,1,119,11.324345163981986,163.93172095320273,13,1,7.890390584538287,0
906,80,84315,24,5192.245707802052,2,4,0,169,57.01872157998045,735.953560515178,95,8,2.8941283005730067,0
907,78,30756,18,6077.526830956525,41,3,2,156,86.18438232948299,301.2312947939082,25,5,23.845715563571733,0
908,66,56378,3,2453.5231416621104,10,4,2,334,47.71098176939261,463.3910088046462,69,1,129.81834810770962,0
909,18,155327,22,577.3215922511721,42,1,1,348,99.45642566845248,599.4305420276216,57,2,113.43261758267845,0
910,30,165556,6,3910.3286912739864,16,3,0,259,67.91716995379929,171.27341066623958,99,7,110.6859122327455,0
911,68,145703,3,2342.0337092633413,31,0,3,81,7.407490721044773,741.637818617621,39,0,6.371352505652017,0
912,73,76549,21,2195.539232298019,3,3,3,241,99.28321316819753,302.6403406368145,50,2,93.86059927200141,0
913,79,185575,11,9598.628027134553,3,1,1,171,40.78942367801904,662.3718599127535,4,9,184.9245635685057,0
914,49,93794,12,6163.00485925724,16,5,2,230,28.740253384548254,158.28305069937366,76,0,79.51837386212932,0
915,47,65113,2,5568.784431720959,40,3,0,207,55.787918357788556,688.1176592063503,31,10,124.98449395769127,1
916,46,94069,21,4157.751035233219,18,4,2,74,30.43075918208643,128.18807281046173,79,10,155.9637351246287,0
917,66,156321,11,4289.4433343014425,4,4,3,269,8.645750712015232,425.3564962699836,0,7,156.78505582837752,1
918,62,170273,1,5409.0500383808085,31,5,2,113,0.14283430791767193,247.20607373887682,76,0,103.85601647905428,1
919,47,145541,23,6964.298070361072,21,1,3,61,44.95833529202623,748.3752494281825,53,4,171.59038908046728,1
920,33,29686,1,7021.460961818294,5,2,0,361,83.68634222265922,262.03500450687454,10,3,78.27561867274939,1
921,57,73363,22,1716.9390770544956,34,4,0,319,57.231518563007654,881.7173063953962,52,6,177.73864295695967,0
922,36,117543,8,5001.12752076627,21,0,1,101,99.92072989434408,891.8202114066129,7,4,48.04543327910906,0
923,35,151733,0,4119.58095034102,0,1,1,361,28.68466456472,196.44131522278585,24,7,56.04328139811421,1
924,18,195915,7,8705.269662693841,19,3,2,209,28.04550647600553,613.8459450077243,39,10,10.62412483980022,0
925,64,115673,22,6314.189212183764,21,3,0,254,15.97494602339442,87.71764171996432,31,0,159.11636730845657,0
926,83,62828,5,5325.040664159818,47,0,0,19,16.40635882653352,391.53709960162917,87,4,83.41104724654112,0
927,55,68604,5,1153.9464217891737,10,4,1,57,28.51865960100478,713.3217295012722,27,3,45.82332278227981,0
928,68,30526,21,6056.378893234115,12,1,3,111,79.28400452735272,659.4232468499163,77,2,46.35805552331593,0
929,80,88910,24,1172.0390568023342,41,0,2,312,90.57567906364478,624.700669406608,2,4,180.27998824584662,0
930,21,45592,17,3372.0657556575206,2,4,2,195,97.50871697076813,282.5408636624436,99,9,166.7833200922074,0
931,18,48982,16,1428.4196481433187,8,1,1,352,23.228965409645262,378.024949434402,90,2,110.70617707143666,0
932,25,20207,11,6920.736470243689,11,3,0,91,88.12975456140917,102.94614470028618,83,7,123.22216008314422,0
933,46,108733,5,2062.521138361526,22,1,1,51,32.82550892773371,719.0228204336009,78,2,94.8651141100582,0
934,72,144982,7,3918.59373188026,13,5,1,292,11.28405445168844,503.88879679127353,61,0,78.33330857576178,0
935,20,88619,18,8956.747776187787,32,2,1,7,87.00249255201656,708.7656323456546,26,8,183.0953762436663,0
936,49,180400,9,2043.1638339897029,17,1,1,299,63.61056346436186,248.94352479687277,44,8,25.122540704060413,0
937,27,66479,0,5078.050639587791,48,2,3,97,16.47308960810617,324.4382286350662,91,5,83.6893579432456,1
938,51,171175,24,4192.71661166022,40,1,3,235,42.98312575130026,334.21533726011467,24,9,68.91238159757506,0
939,72,190963,12,181.24041045729734,8,2,0,68,28.725769487706764,25.7424097472162,60,0,99.63014405022967,0
940,49,161826,16,7927.581135728128,22,5,1,44,73.6794568710197,341.04787283062353,43,7,91.52637490903501,0
941,67,101437,2,690.4590631459972,9,3,3,136,45.341623062426805,803.3045735180335,96,1,103.77790633021628,1
942,24,118540,7,4742.550209769536,18,4,0,233,98.9279945106385,897.2984957497385,45,8,27.98379544539882,0
943,25,92982,13,5606.7829493895,46,2,1,31,5.474498225959512,518.2183156359274,13,7,102.62830030265542,0
944,82,122747,2,6284.264566145871,4,5,2,288,35.50152661362467,455.5016952192202,7,2,48.48376277744217,0
945,74,68231,15,6886.316293078756,46,2,3,125,48.19001671099774,30.824618699370255,47,4,36.86626979763825,0
946,84,49301,12,2532.7238352271506,22,3,0,66,50.31335547483198,879.2043375853826,13,8,12.966843757238244,0
947,76,192395,19,99.78776658449374,29,2,2,29,31.593582238563677,13.010213425872719,64,0,152.53051175122818,0
948,71,38752,23,7234.43662354912,24,5,1,113,72.9240249097568,944.7500802102118,79,8,85.48838417131199,0
949,84,118452,16,5356.565993475786,27,5,1,203,87.47470734889747,489.2162486880907,81,3,125.32873666235167,0
950,68,164467,12,8361.177032072488,33,0,1,28,93.8719301977863,341.9344935747266,6,3,145.51866866094866,0
951,25,141237,5,8213.883629006943,44,3,3,130,80.50933767995262,924.21843484266,78,3,135.8633330627107,1
952,51,76273,16,8433.261677878832,47,0,0,184,85.05801973065994,24.390993110096737,87,9,94.10014381793646,0
953,52,111878,13,4850.946599795401,46,3,2,252,55.05453006199955,581.4248948690871,48,8,77.57970579034597,0
954,49,24895,16,3336.2839583686564,24,2,0,285,82.58882264268146,548.9325244993377,54,5,75.19198192813275,0
955,63,139968,7,7915.5820259137,9,5,3,61,30.350390914795224,219.3204012113821,12,10,128.00975938601127,1
956,33,135700,10,4512.941130292549,13,0,0,2,39.84787621092144,428.8874313502106,72,7,98.95887098837468,0
957,54,96559,19,1834.4219640343451,41,2,3,67,31.69130138185443,652.2640059437703,55,3,169.82644959770212,1
958,71,30699,0,8549.740195614744,45,5,1,24,46.738733544792545,727.1311968819275,55,2,174.94039686534242,1
959,31,29715,6,8825.598767723473,29,3,2,178,28.557961623863637,0.7168587065797816,14,0,34.112075601303694,0
960,72,39169,20,4663.097561401702,40,5,1,140,96.16114422544469,936.8534300910153,56,9,27.24673030914513,0
961,65,138413,20,756.9972730978747,24,2,0,230,31.284462800566814,164.5253723928124,57,6,126.0801852071999,0
962,24,167235,16,3878.2608991693123,13,0,1,299,9.804453811093982,233.5804342223592,34,3,60.24514961245588,0
963,24,139264,9,8035.376594626034,34,0,2,162,52.68171660504134,263.47344569384825,87,7,3.714143753019772,0
964,50,25782,10,9017.740285462287,47,5,1,310,5.7099078445176366,37.82013655203531,96,2,177.72853387259102,0
965,40,144481,21,2034.7274249759585,33,2,2,129,11.054316630858052,123.05212359032491,15,0,45.380153448761654,0
966,36,55585,8,669.7361202527152,9,1,2,245,21.93893891962463,986.349922944162,7,4,185.85613033716183,0
967,36,50682,8,8773.504531328386,34,3,1,296,46.43502498821417,315.21673737728605,92,1,143.48689017565073,0
968,53,198936,23,3894.0493897887527,10,3,3,171,43.32509323090279,115.30109033904934,86,2,152.53069798229686,1
969,46,149992,4,5417.609642675633,10,2,0,63,79.96918620027913,106.99126117462332,44,5,40.29229915863208,0
970,77,104416,16,9680.658120507589,20,1,3,30,73.94746538841133,719.4599676699719,94,2,46.83888512336259,0
971,19,147810,8,665.6472791422285,20,0,3,46,42.63182939907013,854.5686640326409,39,2,104.25355076481316,0
972,18,58067,16,6483.180074520956,21,4,1,129,33.37042075756299,256.9522995084699,53,5,34.41997052997243,0
973,64,193757,23,741.0542257486708,44,4,0,351,31.64687840614986,20.90951233523497,13,4,61.086338536606455,0
974,37,38073,20,3754.689284665004,6,2,0,332,77.3995087294009,223.0900184453558,58,9,64.2924955895609,0
975,28,56035,18,8038.145451934468,16,1,3,109,5.2072406221269745,56.51569079675733,93,8,31.92598665055282,0
976,19,110373,6,4334.722327556344,1,1,1,68,1.2821649510605826,103.39493663004151,52,0,41.03656667903215,0
977,84,103362,22,9971.823539029505,11,3,0,57,79.5544391926648,431.5081198476424,26,2,157.71036840165132,0
978,29,110517,8,5590.592849466022,41,0,3,105,47.71463759890493,229.91837086163258,46,2,33.43917090945367,0
979,37,85450,6,3211.621526359535,17,5,0,299,13.088113855357598,515.9458785254234,79,10,5.691478368784497,0
980,22,30382,12,2201.1132590475313,10,1,1,329,23.556593459450127,253.49375325719038,5,5,125.87098852578768,0
981,54,155509,10,3505.205342861618,15,5,1,255,93.25039530973825,940.5373011029476,54,7,195.19662387849,0
982,55,81929,13,3725.332737595508,48,4,1,311,85.9502975624898,905.9439679262646,96,2,66.24276292462427,0
983,26,118864,18,687.1367772396097,50,5,0,170,70.97850502239726,566.806105010466,43,2,23.73114063925046,0
984,70,163401,10,3695.7419942677316,17,0,2,161,48.22252303373266,354.42399198738616,17,5,114.07746507350616,0
985,61,45169,12,4642.385197392249,34,0,0,285,52.032362619138574,381.14688203473554,15,7,181.27084221912924,0
986,41,107468,13,7227.377522388047,25,5,2,70,97.52445352839587,411.85228314449694,11,5,156.81235596569576,0
987,47,54594,12,6567.29484721608,15,2,1,254,96.57704438842872,727.579322134944,19,9,124.5031736825432,0
988,76,65033,0,7087.6565522915425,5,1,3,54,21.526904578583427,451.63899551883793,44,2,63.01129932151988,1
989,31,83133,7,83.63681876857099,43,2,2,322,81.11045663053181,856.7299465058974,63,3,108.37603465524398,0
990,26,93861,11,2176.6739958053604,42,5,1,2,19.72426661670168,944.0947859303645,58,0,18.248968260851072,0
991,57,51750,18,6616.8428839985645,46,1,1,25,21.35374778839514,335.94615337893384,92,7,135.789084856134,0
992,83,60461,11,4839.893681797472,46,3,2,312,67.60930341645768,560.6944813756801,93,3,145.01920377953016,0
993,42,98222,7,53.13475668345946,47,2,3,125,40.50010985875484,95.05653683256443,89,5,193.00632458198376,1
994,39,132020,7,8044.946424318224,41,2,1,52,93.15444071065203,200.46904776635898,21,10,52.07947174901433,0
995,21,44226,20,7728.095732903374,11,5,2,197,8.900973489600883,413.4657667101601,96,2,3.6912838086045285,0
996,43,26721,12,5484.191629935626,12,4,3,298,51.152564080949304,206.20271590177884,46,10,109.12169288543012,0
997,75,40609,11,664.6332577627212,3,5,3,187,91.85215304431212,876.5604907887175,28,10,141.3581008793629,1
998,46,150513,15,7665.150495325846,38,2,1,185,90.41136604795051,158.28625605909806,85,5,158.0814951765976,0
999,54,124211,0,5837.13587731364,1,1,0,304,15.652921341574121,455.660821553092,44,10,38.74778660496212,1
