,MagnitudeLastHour,EnergyReleaseLastHour,RMSVelocityLastShift,PWaveArrivalTime,FaultSlipRate,TectonicStressChange,GroundwaterLevelChange,TemperatureChange,SeismicityRateLastWeek,FaultActivityIndex,LocalMagnitude,SeismicGapLength,GPSDisplacementRate,label
0,3.745401188473625,185132928838619.66,2.6170568373590597,20.18108982626694,5.762759195007568,-1063.6447972255792,0.5930278163112881,-4.612005452711125,29,0.6042595159869252,0.17301593969435025,13.277209240162069,0.8013156968759065,1
1,9.50714306409916,541900947378358.1,2.469787990719998,23.90044191574117,8.073780060069865,-265.6434062497856,-1.310454551579335,-3.1322747176887065,81,0.8271581484276234,3.868744384834632,28.593484468586606,1.9723606232173903,1
2,7.319939418114051,872945835876408.2,9.062545805210366,7.514036963774969,7.625593204922574,3545.473932021803,1.4895782534192596,3.3124580508994246,10,0.4250024141231975,4.008379022355346,44.71514466593241,1.6422472522354488,1
3,5.986584841970366,732224886409561.1,2.495461998495061,18.74622298820997,1.6236090564683596,-1599.9561394010784,0.45246495627696603,2.667683563383357,92,0.2754466797905091,2.573299771157976,23.75988597284747,0.8699603957760904,1
4,1.5601864044243652,806561147861449.8,2.71949726128631,17.15237949431246,1.577569750440592,3696.496848121713,-1.371184465772183,-1.4935730854285314,16,0.26503491814054747,1.0572942202001894,47.2558753671273,1.454584954479137,0
5,1.5599452033620265,658783366710717.4,7.593982624179637,24.984911303648133,2.754926240674642,-4118.655690233085,1.8493522299248273,-1.2318937222578752,25,0.5361922792822041,3.0111003018758025,10.72291146620808,0.539123386504919,1
6,0.5808361216819946,692276564517852.5,4.4973984245054,27.182611814437816,3.6746397907762685,2767.9843720863073,0.07346185334128252,0.3355443355357943,22,0.44914820273221256,5.378103519460528,3.7079552887015366,0.20033865247465976,1
7,8.661761457749352,849195651565319.2,7.767105569551812,0.3647031443216042,4.143710255943978,3475.4763305473643,-1.70840619251338,-4.997589953148655,55,0.4401207709849362,6.259166469155673,44.572693657237465,0.7048620511054813,1
8,6.011150117432088,249668008859185.94,0.6536615756438524,20.22059757176378,6.829002446650118,-3181.8234716266124,0.5073316176602689,-2.5875566396197214,51,0.09113733908970723,4.2460048191051385,42.384059898110834,0.8059456002467884,1
9,7.080725777960454,489424963643140.5,4.875711936733843,1.5550739735918706,0.6611362784417705,-696.5346762779955,-0.9872043719487591,-2.9176819139178556,47,0.7186037406901956,4.718675155518045,49.62949379669224,0.0330742491213416,1
10,0.20584494295802447,221209441819602.22,0.3361360018328263,16.465759952320678,0.4432597718380572,-3345.0022533634437,1.2147738075092098,-2.4951705325023656,19,0.2137366879819107,1.6049309689972215,33.969674405621305,1.629584003271792,0
11,9.699098521619943,987668007996647.0,0.6265320345535452,8.628981871310346,3.9799145731446997,2066.041289942177,1.2712882942647625,3.0590584253344133,1,0.19695363020872136,2.2986426658211956,46.834396333357475,0.718386804778363,0
12,8.324426408004218,944059339686613.2,9.06437453344411,9.203297985664236,7.001920552166006,353.47768061656734,1.9157894234186474,-2.2032614345355683,87,0.41275832027739345,1.2951648804188673,41.347451254205545,1.160836331560294,1
13,2.1233911067827616,39426811368505.9,1.3924537111759516,10.588755103570698,2.0150098952691775,1353.2334670832106,0.007478124098014849,-3.0847867794985184,30,0.22777834161780142,1.9943628000368907,42.22131665600434,0.14792637454191193,1
14,1.8182496720710062,705575172515688.5,5.324206822752171,18.638773471488303,6.450894364436892,-3035.1303304378885,-0.18017248108905148,0.04263460793031548,26,0.5838582673080154,1.7990942418042541,28.457078522713413,0.34999365750116795,1
15,1.8340450985343382,925248317415665.9,4.110956026007066,10.021498970063076,2.672298565608965,-2882.5413794758047,1.0139024217859225,3.65645036372732,1,0.3714633393344715,4.155590291129901,19.118229895835544,1.77938745065512,0
16,3.0424224295953772,180575345127333.53,3.4734332625884266,21.98097151770841,8.872252477253811,-4585.026744900936,-1.4701173746322937,-2.5865029616250013,77,0.4489117225927901,4.501510046325835,46.72790362716409,1.2173750557656016,1
17,5.247564316322379,567945230552629.5,8.998333456872725,12.135821567216091,8.967330448239503,-1779.3246480427028,0.1876620551724968,-4.214637572072013,3,0.5371693216040289,7.559579366572036,21.605858780794723,1.9005681003409711,1
18,4.319450186421157,915488297588041.9,0.218233967754895,2.0505960092987587,3.0431433223851325,597.4466133367496,0.18499040052340376,-1.435952641503353,12,0.20353552248180484,1.5645651768121844,26.940968362483453,1.9975000687826339,0
19,2.9122914019804194,33945978585798.84,6.637896861755891,23.512795274523217,2.376938164236081,3579.3491399732884,-1.6421075087584511,2.4765182456497783,99,0.1557516228655298,5.1334056812919675,22.305715356259388,0.7437202306661888,1
20,6.118528947223795,697420267246839.9,9.633944342135504,8.57274973778118,4.171909323455689,1669.2744745868067,-0.3280636579723457,0.5069054469479459,34,0.8804219028736048,6.538074151900183,28.240915698009854,0.5976061281665492,1
21,1.3949386065204183,297349007372550.75,5.60168183461842,12.983006387977879,2.4812626932834725,-646.0367660024858,1.4131391942688079,3.167933695743475,71,0.43372370283142103,4.48193171026442,23.52525394961636,1.7167121103181935,1
22,2.9214464853521815,924396195376530.4,9.368224620330919,20.563316496657045,6.756600048587866,4531.201143941378,1.424614487978641,4.5959214760923395,65,0.41209360963253916,2.0400292200086056,2.398377928973794,1.9972228540749084,1
23,3.663618432936917,971058245165367.8,0.5225787928602377,9.97368471446136,8.278040377028027,2192.4520057583186,-1.603049340321276,2.92662476751617,5,0.03561215027284148,2.1004018401600018,44.102409300384934,1.2592824684649147,0
24,4.56069984217036,944266489113433.9,4.187933190741614,1.6975696844014687,6.763612096021048,4301.6520286255,-1.6371164690086766,1.038030788437534,30,0.4979763025873932,0.3140244245679993,22.21969094578849,1.5902814450230447,1
25,7.851759613930136,474214216657463.75,2.6015779096205116,11.217631410384408,8.26106942776856,275.8797327216571,-0.9492180919922588,-0.06658411947619491,9,0.5541697216110001,2.4435538123878535,29.447182425367437,1.563491717630549,0
26,1.9967378215835974,862042650989313.4,7.3082096498072975,28.333457480829104,4.030222405853994,-2410.957252068604,1.499064250215974,-4.599309136517333,20,0.5588408709546665,5.956829432027041,6.9593901378993515,0.7106794164390939,1
27,5.142344384136116,844549398535070.4,9.812970904972467,19.252031918956746,1.6475380100177226,-4471.73313635278,-1.4843896597060042,4.843219788140413,73,0.7070311693228843,0.380142057656883,0.1693923991319568,1.1485407605141744,1
28,5.924145688620425,319100473243255.6,2.565300624442478,20.14437446001621,7.405714379236162,2260.8485148385053,0.879987210509785,-1.1651887742495748,22,0.17748183499101178,1.7543622600386453,12.264504682182148,1.6661138825284272,1
29,0.46450412719997725,828915474150677.4,6.5417460147407445,18.968464609129196,3.6686976009013836,-3786.970019944659,-1.5953375215475871,-3.4777178608313317,2,0.2522231342306188,5.6498599882542555,35.22930160666751,1.376227752522111,1
30,6.075448519014383,37007634715492.62,1.9809763275974013,5.969764168783104,6.745581169768411,-1972.248717280328,0.4925514149913015,1.6670885539645672,31,0.8107304652304127,6.261212502583013,4.95972650564393,0.04232762796407652,1
31,1.7052412368729153,596269878482053.0,5.653302545716099,12.550015923068404,2.7793750256194802,324.70907883897416,-0.5757308035234208,-2.157117109045407,19,0.947170616843394,3.6425472804954273,45.444372019323396,0.673411337795067,1
32,0.6505159298527952,230008837287703.06,4.639324866883362,22.52819395089955,0.9041733845860594,644.1658777974772,1.155655851863468,0.8577827093104764,73,0.13593274736732064,5.584594707829191,10.75112846780923,0.2889513931892107,1
33,9.488855372533333,120566885777278.81,9.72005329631537,3.0411869265947744,9.926559775328858,1005.8319698713603,-1.0652382046985456,0.8676790784459119,28,0.4976495545052182,3.103617349239136,10.22968071458879,0.4659444241560782,1
34,9.656320330745594,76953201629209.16,6.085272726964666,8.335583282691367,1.6463949285129331,-3337.4466965029937,0.5568073175598394,-0.5427017909713081,51,0.21417625273958685,1.2793059601930201,9.075398081074775,1.8109789549826514,1
35,8.08397348116461,696288775878139.8,3.495063720868188,8.289573253975608,9.885367840238462,-1202.6259517835124,-1.0572698616964602,3.361186155450426,45,0.06007316835498244,3.185195948183252,0.6990856485682373,0.0737865778215363,1
36,3.0461376917337066,339874963768066.1,1.1409578488793337,12.96056782783518,9.775071332407828,1171.942271169667,0.8546411324486152,-2.35032938444557,33,0.3255033381261354,4.639742561625143,38.59027342391173,0.4396014239238475,1
37,0.9767211400638387,724766771528761.5,1.5124682873493456,29.411062228265553,7.9587992286895926,4698.188646337847,1.494712138242995,-0.5136740838226581,100,0.14368762518421274,7.584426254823122,43.751726562262924,0.6191387044764629,1
38,6.842330265121569,65356340798942.37,2.2531692995123507,2.025076400514658,6.628287324611776,2276.311376996887,-1.4927928034929598,0.37692128590971485,83,0.7099330734342463,0.5500076167094186,30.708135130809943,1.2337681439327897,1
39,4.4015249373960135,315290337830610.3,2.50966661340298,15.561029831417851,5.820289797485739,4226.037570939578,1.466382754382014,1.6362472076729961,60,0.5337254136714444,4.059152750759685,9.409999083993114,1.068203380171731,1
40,1.2203823484477883,539491292375337.2,8.506160578411379,5.380940460366314,8.674405299240563,2622.12058314177,0.3743010176571917,2.8397185050558953,71,0.14383447099031088,2.631358225685795,14.263899847043987,0.4365389657067722,1
41,4.951769101112702,790723164838963.5,5.612227882825249,29.120296362292322,2.965451264032931,917.1696889240047,-1.491558036531904,-1.0519271712174394,70,0.009241588405514367,4.066493554213556,23.796334868248163,0.3284821344463089,1
42,0.34388521115218396,318752502932069.94,5.233909113743664,3.399105141823926,4.730044003600282,-3079.7663086365546,-0.28983257856115197,1.4604694409659604,69,0.8081570490242127,0.19180357901225342,47.71729758116504,0.4735960691922376,1
43,9.093204020787821,625891376437009.1,1.1476887186921747,12.108030070847738,6.231960696728369,1666.8565189251303,-1.3565588260596084,-3.4938904693148087,10,0.17619440616424753,2.5042028376126506,12.36756859088714,1.0050592534033111,0
44,2.587799816000169,885977748236187.1,8.60139693349435,22.136549545038186,4.170785711107961,1233.7956595990709,0.801391555466278,4.326481005424785,81,0.606216642220766,6.55894518021604,36.582295195994405,0.5423555714224069,1
45,6.62522284353982,615863188182304.6,7.228143032084837,21.13663284082336,4.3321158954936525,1024.691704572664,1.0354725376717986,-1.1694119357899648,92,0.33692191307674557,4.4315338708371,21.972411164646015,1.8952050032154444,1
46,3.1171107608941098,232959474753633.78,0.6766836190000158,12.681859106817967,3.369818208270636,-102.14132011759284,-1.5768139189088042,2.295214219764384,88,0.5854859383150356,3.604659942528939,14.89236741800109,0.9277304428576951,1
47,5.200680211778108,24400781556538.02,7.078350972297686,10.395725038581547,5.6858949851769065,286.5660398927557,0.024559410778577373,-4.7965891811782235,62,0.315653626982324,2.2842005737227167,22.79579685110569,0.11759203308927413,1
48,5.4671027934327965,870098873900929.9,5.4353821734264605,11.928371356586117,8.520687827349649,-1655.574728818959,1.2585002241036687,-2.94812857095193,20,0.08693956069225417,2.384340182330847,3.5603358770616267,1.4585328116732668,0
49,1.8485445552552704,21269410850387.137,0.8172534574677826,7.928287894759178,2.095130942262497,193.12692642303136,1.744652166203986,-0.12917455676421952,2,0.2229500085577536,3.0648114687246757,39.93436854651812,0.6576905764179792,0
50,9.695846277645586,874701672684199.4,4.583006415286564,6.159988161203994,9.35088708365907,-3024.4409432152174,0.054071466967080095,3.7825246773234653,81,0.1880585664790756,6.684565679716483,12.165096399148357,1.306977864116495,1
51,7.7513282336111455,528937134027212.0,4.8469628713004695,14.491190926766699,6.9219677721074735,3051.7439736037677,1.8011168944456282,0.27255149950677104,87,0.42801935243964384,7.737705654466147,36.27060615964852,0.559188741046464,1
52,9.394989415641891,939067698512896.1,1.6577454016327575,8.05601268202822,8.250404805532298,-3142.230453012922,0.14275588182411925,4.29870482293879,9,0.6582837834261573,3.509243050802996,3.417418572409736,1.1414874834666398,0
53,8.948273504276488,798783235773665.4,9.456981470002823,8.623849946917503,5.606287857037115,-4150.337101105336,-0.42323802160036816,-0.16203103417203657,26,0.26380607494635755,3.1468227099820947,47.7549278082843,1.5443050096149293,1
54,5.978999788110851,997934110533337.5,8.49975371480662,19.702681904236712,7.817215344098228,-637.5397364284263,1.392812514211582,-0.09550903264050081,11,0.012069935300617951,6.772406206558903,9.65074927028493,1.856017483549108,1
55,9.218742350231167,350711815451710.1,6.690223373291083,29.056119950996766,0.2603839336607254,1583.0743950606184,-0.02806915816764377,-3.802532114994681,6,0.5189373642647569,3.415242565090429,44.13710381035402,0.5222542888661541,0
56,0.884925020519195,767188288931126.9,4.622955610006072,18.109116016781254,8.2019662053174,-622.8317506645863,-0.11238995774190785,3.0265624415221986,16,0.6057594893589721,4.41614537836521,40.47366048077172,0.6697139019979623,0
57,1.959828624191452,401930913609242.2,4.1176554158450855,2.309384011948988,0.4973747049451286,-2232.458680486914,-0.0387500423606868,-2.530345875329375,64,0.9628704940018097,1.8475333167899555,48.3929962040708,0.9285328405718793,1
58,0.45227288910538066,479875620303908.9,6.509734671509541,2.267508415622009,8.910142425992339,581.7118389044072,1.3871400074789815,3.9961248937231506,63,0.5894708030932468,5.948020286232602,23.89453304728748,1.8543496754719777,1
59,3.2533033076326436,627505463218370.1,5.4543186940690545,28.54269662536698,9.920431197662568,-1529.9766458780005,1.3277661667522085,4.108242203303961,25,0.47117255937814184,4.255906546166255,36.369864692297575,1.8027737136213142,1
60,3.8867728968948203,873677114186338.8,0.6227310588188562,8.918723709220009,3.0112678755501006,4328.67690126633,-0.3859200302391552,4.433101118741497,14,0.5734016258977038,6.472276401922733,18.5355328518892,0.17975656020127606,0
61,2.713490317738959,984083469199295.1,5.125026487703317,2.762009582474263,2.1821537072293573,4226.451396035722,-0.6668005605178999,0.20230489103090044,32,0.927900629862027,6.245861840229358,9.218411900984691,0.2638596515076217,1
62,8.287375091519294,768273413864518.2,8.064036172328395,17.971337614511448,7.677097302194603,23.718199720954544,-0.0322879038434829,1.7709378478364437,61,0.8283781456016462,1.7200381461602285,22.15379664667244,0.9910183546612765,1
63,3.567533266935893,417766782167333.75,4.59239877596958,18.709463348707985,2.604960775110507,-1721.160059817415,0.2910900389484361,2.7851588006166352,100,0.322978733363808,5.725084404462099,8.287450769422744,0.21323854561084699,1
64,2.8093450968738076,421357002277070.2,0.5195657755426841,19.455144603560644,8.669067593404813,2371.324139566391,-1.0466511574880122,-3.6898538134953442,46,0.23725436365713726,6.400435263610971,49.102231139319194,0.6911617466973949,1
65,5.426960831582485,737582301588891.5,7.862781993840331,8.02206083572624,1.1181416623590195,-4632.8705651693335,1.1758203388623625,1.0095719499749727,94,0.26263361236607363,2.7688579262591606,4.812324557035819,0.2967707564349553,1
66,1.4092422497476265,238777145768302.34,2.013637821359744,0.453320526434251,1.346956444155647,-252.3099395634872,-0.054068937070308465,-4.6570209869668835,34,0.504421039715213,1.3808729032181963,29.46058617263102,1.2720807102637717,1
67,8.021969807540398,110474113131394.66,2.5862083488803878,28.950461083634156,9.793600395496094,-1636.7660572966647,-0.6638178063201616,-0.024339166112740784,64,0.7440494512285778,0.02105724463670544,31.323192762702796,1.8989908634783235,1
68,0.7455064367977082,354622157640776.56,1.647063534322959,7.526791370733075,6.771005092873046,4205.358851025547,-1.5727160281440375,-3.451573183797726,71,0.5032192071829621,3.6072292247451854,26.90397714370271,1.993467540588763,1
69,9.868869366005173,287238991654081.75,3.302150648714975,20.280788641576425,8.484183521846633,-4879.969727273175,-1.0446193583855723,-3.1707707403791527,75,0.06779639582811259,2.8194618523107327,33.10929428559168,0.7504822649938296,1
70,7.722447692966574,296308120455990.06,7.56751505688635,21.19889609636129,3.3108608357800287,528.1487571834905,1.7971246870239348,-1.349524333073985,82,0.7235807004399809,4.439278670603271,5.8090387505945476,1.1980252742292246,1
71,1.987156815341724,233607751049909.94,5.193858595039373,18.300222512384572,6.797189120253984,2406.63581066626,-0.7796012527218936,-0.6756283328349699,24,0.8059701286709539,1.504328740710286,27.750926210264552,1.7125353070481626,1
72,0.05522117123602399,42093189636361.88,2.048812741507126,9.387221826409446,5.982994090355112,-149.820124759588,-1.3245628425318587,1.2317242453218729,56,0.28949786511971964,6.8773243813318015,14.360628556368077,0.23492414559276797,1
73,8.154614284548341,17873934733413.81,8.778300781520409,8.132887612921973,6.071186189217175,-4145.969698372784,-0.1573088333800272,-4.255715815614844,31,0.6641257392833504,2.0620417250248773,47.00880316505283,1.37912882210393,1
74,7.068573438476172,987722389736031.5,8.795818549515293,17.930048481081094,6.857071349423443,4724.613900279022,-0.7716490265590052,0.03691761237444613,62,0.4265919010543934,1.8114368407011998,38.10358267198629,0.8176873234501365,1
75,7.2900716804098735,427773133735862.3,8.70578425046007,25.982869008350747,5.796055813978076,180.1043137609795,-1.8593629989152234,-3.173748697468989,11,0.8891193557274428,3.8457124518748476,48.62572410798713,0.41229232056032816,1
76,7.712703466859457,384326647159681.7,2.3879621138153926,28.402011867701866,4.347717456096393,1141.8624431901135,-0.707419130882331,0.7397517503174189,62,0.8452255581607399,3.990808189954194,1.8778034870094773,0.805507237494884,1
77,0.7404465173409036,679647282693069.9,4.512393441809881,3.1771741321127287,2.831634674367414,-2633.9021729249266,0.1764344957578743,1.3740461226118352,76,0.5254319983096423,1.7206818302807427,14.256658759035435,0.1519205739298337,1
78,3.5846572854427263,218253887865064.16,9.849896561408752,4.6448583779315955,7.7089551760407,-165.01914893196226,0.2068494880798677,0.5670925655285384,91,0.6915055458135945,2.174885813807326,9.77112933191745,1.3908142971786115,1
79,1.1586905952512971,949961183950225.4,7.7201247630999035,28.34208776349239,2.3400970570315436,-708.5050804167813,-0.5737643152924452,2.3829551047830764,0,0.883349701022104,1.3576419132419595,0.557729365591525,0.5054853374969062,1
80,8.631034258755935,786345014415552.0,0.2716742122555982,22.096056850043777,6.9543076309287,-4251.041579980163,-0.21078897498959748,-1.6439075575909867,50,0.4957170100782755,5.747681426585334,12.116286512316071,0.622811290089756,1
81,6.232981268275579,89411002312259.52,0.6520459126049205,26.48981474489319,2.409994944228334,-3938.3964645253277,1.8620716729390656,2.6510659163313086,69,0.31325074048882195,6.160712250032655,33.93879917602145,0.24216259648292549,1
82,3.308980248526492,417580775784928.4,4.639313768123328,6.0789790240602946,6.290768682549094,3374.7251961877464,-0.4906060910787535,-0.6723291829180633,7,0.7536661379095813,3.698627979674261,11.554446106728427,1.7293182277797834,0
83,0.6355835028602363,879118307562164.8,9.092202058615602,17.627576133282055,7.496074844577386,-2601.8004779340977,-0.9670927469600681,-0.15815501677403176,67,0.22006625478469177,5.71269618148014,25.45017227413091,0.9868885585654772,1
84,3.109823217156622,944732022291410.2,5.387017979527142,21.03418783252421,2.265267500174738,-3050.4172850136947,-1.0261318237329595,1.4810212726107146,4,0.38853114800604205,5.887483135499564,44.390905748249935,1.1442937555728006,1
85,3.2518332202674705,467401511249869.75,4.9781250803429025,20.40335656340918,0.693438678526952,49.11451250139271,-0.16894154918346338,-4.81641616000776,88,0.8657272371067937,1.1062042214224688,34.68789601745376,1.1388653661897092,1
86,7.29606178338064,613411389210707.8,1.0547369995663058,12.244550726000943,1.3966400556423235,2687.4713136251294,1.0380805948677763,1.5399422142024832,85,0.7244223402693151,7.729424198676294,19.731453495301597,0.8209862290826835,1
87,6.3755747135521315,167033946092075.22,6.5678010472429404,0.4618467507392543,6.099369975983152,-4380.534814210121,-1.1760472632461072,1.185851490721154,91,0.40381100524749924,6.568255576771448,18.623446945605416,0.38505983087627893,1
88,8.872127425763265,991168626136976.5,8.221031606002255,17.487781704127894,8.509519421634781,768.0791963825586,0.8371845085630722,-1.9015288324672008,38,0.2147445024083574,1.635867689566588,22.786790700424238,1.4902654969967999,1
89,4.722149251619493,231671701383443.4,3.8042000750756233,7.593046175388263,0.5454685302307013,-3807.8955715942666,-1.9154007066023349,-4.142057151005105,22,0.3559683908322365,1.489320285968562,8.852072052995318,0.2541125307153487,1
90,1.195942459383017,942731774135125.6,7.756118509253275,13.50762738428671,7.368097464512298,-4635.389491743816,-0.3242680880642159,-4.090645500869589,67,0.284104149227433,1.005289164636662,31.700038370799405,0.207747580557621,1
91,7.13244787222995,649646648992368.5,9.644766539008117,28.72743045251452,3.479054594905516,-4472.560478377826,1.1034602608111475,4.232237469852286,51,0.17608928794385392,1.107028500335347,18.207640955230275,1.4202900751930068,1
92,7.607850486168974,607736794878859.1,2.037664591276891,11.971059529273042,4.837430862203273,3341.641082084414,-0.6450681769022744,1.892793212258371,3,0.7433329135656567,5.985294392229569,42.618267463102185,0.41767404090396765,0
93,5.612771975694963,512688511016508.56,5.233296311947413,25.1940481999328,9.2957095434711,-3820.275163719384,0.25494840578159783,-3.7289738622925963,46,0.2520698868501715,3.7572340556129884,37.82763300289081,0.6135455027056647,1
94,7.70967179954561,230669811717758.7,2.8713795808457556,5.656218172477534,3.3865178968848704,-4548.48635587708,-1.1800830686963568,-1.4327683069109365,20,0.4541674701677638,6.263473381918938,30.525658204608003,0.9504549340034805,0
95,4.937955963643907,176528032005508.25,7.9285441903383935,20.173814940750866,4.706835646000911,-621.001128570877,0.9679815645046892,0.9248299390159644,100,0.38585944683610907,5.970039154801643,18.210111132475802,0.8987026334590924,1
96,5.227328293819941,220486209070175.34,5.775933658811575,29.310208633168305,0.23545590613074296,3439.9347194202473,-1.7908835869249615,3.3557170509064864,55,0.9820773786356308,4.836901708041773,10.49659158367422,1.4171582501299984,1
97,4.275410183585496,186438262144254.53,6.345824175503037,3.056793026188104,0.9078273280478998,-2375.916235106981,1.4101705795020014,-4.563390712869914,65,0.3910922441482205,5.490932852629436,38.807593205281144,1.246863586886722,1
98,0.2541912674409519,779584473566753.2,7.979141596158941,0.24959826681576036,2.660056752234362,-782.8738247408364,-1.2072144543133274,-2.633668685299911,58,0.0799824827967548,0.14684579503313433,24.320454949554325,1.2887923245637314,1
99,1.0789142699330445,350125259166730.1,3.959704726624549,13.00748377897843,0.37573718412863666,-4600.7746743624875,1.497592126833323,3.897489902953801,6,0.08982575257208403,2.4942211744401757,11.237501908867875,1.4281086613109146,0
100,0.3142918568673425,57842676563396.37,9.150900684070432,2.7787644915410157,6.350615727877685,-509.21485865124123,-0.5898830347979307,-4.908344498161835,48,0.5907537213530648,5.102577434075282,9.75873075200031,0.5852254548469307,1
101,6.364104112637804,969102630140811.4,5.3302886724614,22.45153049028694,4.321343732336063,776.1308063713368,0.8907342978979464,-2.986008972061126,15,0.5993635517382656,0.0747596278899536,8.270045225067951,0.6446666236009473,0
102,3.143559810763267,883785884963425.8,1.57954822835348,27.43645991545677,5.526637507007418,709.0705375214475,-0.7230988088552461,4.590241759729659,16,0.41875899048265497,0.26381554946074726,38.85805981027975,0.8759954957911082,0
103,5.085706911647028,927752283195213.0,6.958991181688025,13.020629181262764,1.8290071403736627,-1675.7330782563486,1.6236466849385902,1.1340184652217111,83,0.4318436923120297,6.815103859763066,11.449359265015586,0.6149243460670522,1
104,9.07566473926093,994907822646435.2,7.9326135043825445,7.761349264663229,3.0297270914224996,-1844.668193368645,-1.4934514979265026,-2.3832863336249357,86,0.05393258284087121,5.472198893536574,26.332113176259874,1.9698757379417269,1
105,2.4929222914887497,173895249219487.28,3.1676167706752665,13.032099570198293,6.671862301041979,-3933.763810634021,-1.2859208429096052,-4.330089056041524,97,0.5165465103892622,2.1229578649627516,22.577318048652824,1.6281038528428593,1
106,4.103829230356297,396242018902658.75,8.57179256998753,21.70343453550003,9.656496963940958,-1332.016793537316,-0.02787949936479084,-4.718086595527779,74,0.5047394753803517,5.503702720949672,28.980544961414196,0.32930937651205916,1
107,7.555511385430487,758238475704091.2,9.061432547657663,0.27162484741112936,0.5991260586618711,-4005.0533112703533,-1.6722462438474155,-2.5525492036307273,33,0.14954931855694453,6.339653353114106,43.85774501855971,0.011188311763739023,1
108,2.2879816549162246,696020618053792.2,2.769044873778089,17.683619684540915,8.914804776467134,2665.9594471205164,-1.2160792611929523,3.814858195889105,32,0.10383938611092758,2.45435426488081,43.38736950408653,0.08556653649453572,1
109,0.7697990982879299,153895906339855.06,9.83521472715222,18.398750546621372,5.811123892980963,4662.742977481859,1.7750655288480575,-0.8408634570249056,25,0.12357249059949049,0.2882990199934996,22.553803591242982,0.4881269020858505,1
110,2.8975145291376805,815833124990617.8,1.4071152804875842,19.130647406878065,5.682803710880675,4700.744566667068,1.9059586445915486,2.20333369165993,65,0.10102824649125852,7.462232997501876,0.7683125367361654,0.2285825716737131,1
111,1.6122128725400442,224440571836660.66,2.0201566840249,7.260662399426316,5.0527574985568275,3650.710993753939,-0.4949626826783122,4.182850353799578,62,0.6097081955367598,2.761438706365044,21.32219028571516,1.0666762297851442,1
112,9.29697652342573,223817614822623.1,1.8422483923802613,21.421581701343804,0.7870014504514156,1007.9214933961912,1.6931440840557426,-0.919595383971834,86,0.19648265240291862,0.851854106277651,30.30967687120702,1.7159904454547172,1
113,8.08120379564417,536974422893413.56,8.939897100078705,2.741744589953292,0.9897808321879906,2008.6569724387991,0.17929870269372694,-3.087226289626029,40,0.25143015218746345,3.934854971145179,27.88823795490309,1.4735004418264548,1
114,6.334037565104235,592939934841703.1,6.542925523249618,5.978110094004024,6.049028856024952,-2147.941973195859,-0.9210301365049318,0.1711793085691946,85,0.17357214415143973,6.1477423653130705,32.56680529001027,0.4312181261643808,1
115,8.714605901877178,580086207837811.1,1.5210428322227287,26.324101399634458,3.475489857212027,1307.7042017262065,0.8095948843223946,4.080836870598544,57,0.9578353044485031,1.7731785169404732,7.7037866236541745,0.7985985120515717,1
116,8.036720768991145,91486837397754.88,4.40323418368349,22.161694521796992,9.180953859119038,-443.5045056012259,0.6356072262994288,3.0437441413770063,97,0.8546174631518354,2.155920401066907,32.326754939036626,1.0157884190625552,1
117,1.8657005888603584,877460862630380.4,6.15298025069802,0.41236662034035754,4.125246319858775,-179.82660223067523,1.9565012764349334,-4.341701566368462,78,0.23049483735152088,1.9417198943886653,9.132580937188612,1.620411699006671,1
118,8.925589984899778,265600042588706.06,0.8346408498938329,7.451287811094006,1.518486441156147,2577.76560375158,-0.9398108503628668,1.925728000775818,9,0.327566293922126,7.933384422653425,37.52619903483745,1.6782432062123296,0
119,5.393422419156507,129514921282804.17,8.824163684073387,6.432194489794937,7.175716451670157,-2180.8164440274836,0.6882380106469417,0.7189752245895376,14,0.20989284230499716,1.5792298698443403,16.954380663134,1.819436623815552,0
120,8.074401551640625,888748079868977.2,8.036035354415352,8.124189841109178,3.004198872265998,-1819.603883054801,-1.7919049798822124,4.0746317634642555,41,0.49187595946082374,4.604161735728992,35.494771669072676,1.0184905010057503,1
121,8.960912999234932,955651498229753.4,5.052067735766382,7.426793108396592,5.302156042823342,4246.417911286366,-1.5454158452131224,-3.7751858314970277,92,0.019610532474253595,7.4021171332557145,2.3932799453053546,1.388549492871726,1
122,3.1800347497186388,862127617265450.6,9.671266152591704,1.8757888722853722,7.008544576501183,-4437.757051490277,-1.984326500195627,0.34036113204656626,56,0.6713680088967957,1.175172551022234,20.39300127954567,0.2236007424678743,1
123,1.1005192452767676,809516074724878.1,4.177609792750997,13.76821549790461,9.012614700900496,-143.65701586659634,1.9978427242386925,3.7946269351189237,86,0.5231581498176416,7.766833582941602,35.25172611316664,1.1305779199079642,1
124,2.279351625419417,655241980639021.8,9.841103190364977,21.982004243584953,7.942692828536593,4128.008004078618,1.209094788589911,-0.8997621325825698,16,0.8986389283011033,7.579817875164997,11.343525816574706,0.49738361894227023,1
125,4.271077886262563,550857370609139.3,6.67919998803627,18.201951741523093,6.7959745719399685,1103.6300781815698,1.1468920589341631,-0.18005082267132977,59,0.16439268432841414,7.0765758964661005,39.764352239861125,0.8634337700532222,1
126,8.18014765922493,86986759911410.14,6.346712732539414,20.186150057942392,6.828368505711921,464.070742121321,0.03890430115271881,-4.295393223330417,8,0.8041092460611317,1.716452170640018,31.5389866552466,1.2681010166134388,1
127,8.607305832563434,408453213070698.7,1.65954895295785,2.434475356087175,9.464653975917656,-2502.558207706448,-0.7997316683782403,-2.2185635955108918,35,0.7919610144667157,5.072440448087867,29.378088607489914,0.5139718757075622,1
128,0.06952130531190703,372688517012314.0,8.81927758304644,28.544721305303618,3.028658565215707,-1567.2451093555173,-1.3949428621492963,-1.7549335083105264,72,0.12718118921688693,6.087131783689921,17.677442710216855,0.10437011559352216,1
129,5.107473025775658,259753783760326.22,4.2748968792061515,25.154755015290746,0.11100973254225534,3520.484158046929,-0.8613010446141454,4.451224487448869,79,0.3985592241441276,7.888223425571438,24.12257351905588,0.020467712817515027,1
130,4.17411003148779,723420113688585.0,1.6223340578247936,24.15270955486988,2.792350138042167,592.1813176845817,-0.4961151122834435,-2.1733263945884094,35,0.1701526411445169,1.4433905766509634,29.867465048892655,0.044319071089043094,1
131,2.2210781047073027,495875735078770.8,0.1260751997575904,24.689514151253025,2.2571246583047655,147.42193756779852,1.0252403879211762,-0.39131264730348025,47,0.2547205004575489,6.128207196154372,23.623105695744524,0.016699475027539323,1
132,1.198653673336828,81046215907647.94,5.597556836383825,27.98131524398284,6.652162392628582,-4004.2028645997107,0.15864715561260967,1.7130442356427977,50,0.26324617483054435,2.7104093594169036,34.915666197028,0.22071011311575095,1
133,3.3761517140362796,220183201949811.34,5.2739962212267635,16.327618983410932,6.373744837678737,-4839.718435448769,-1.6900654937780692,-3.378166275921226,96,0.5562363940257727,1.4050117245440186,21.68484665534798,0.47897742914025976,1
134,9.429097039125192,683258763659595.9,7.193536223691586,6.008460536028776,5.975267688776766,4636.8518868704905,-1.927883964164351,-0.13557612858125534,94,0.4114109317604655,3.3710155297108395,10.113659087101517,0.44244302836459837,1
135,3.2320293202075523,76130859490300.19,8.902580530178021,18.503508235576234,0.26081008777359166,-1230.1383271315835,-1.5906712818637474,2.385390394759076,69,0.9477328040063053,6.350687297188931,10.696689140052362,1.9735931883597935,1
136,5.187906217433661,851206914048768.8,0.7940658464302952,22.28644481003817,7.31490273906141,1032.1306209950435,-0.35800514521048266,3.66855213027066,73,0.12637014194700513,3.7187984296324172,0.29018844214705464,0.6120122104178864,1
137,7.030189588951778,495146527013974.3,7.314964903403624,22.13752180062076,3.3029510836063665,-4202.84926812715,1.7327716681960732,1.262592746624267,79,0.9736921348501988,4.300184801624388,15.047885777933622,0.2548415667187982,1
138,3.63629602379294,480586577326648.0,1.8741194409758222,15.643470725006402,6.684054291165648,1831.1428572304658,0.5496099248368864,1.6905351531694794,67,0.23063864021426395,7.96127528160097,37.44588202392598,1.091125088335516,1
139,9.717820827209607,592407784659517.6,8.581770531571639,2.0537615800073414,5.6101264421713175,4325.66708705961,1.2073035995020605,-3.7371652741543104,21,0.7728739363818531,3.192874396459408,39.70813544188048,1.7159149107950167,1
140,9.624472949421111,824680965925149.1,8.19063513861656,11.133388152903835,3.4930361617362813,756.652529974197,-0.13450162198180582,4.4577649724634725,76,0.3389699261728214,4.923206037673919,10.123377104787501,1.3561207535753503,1
141,2.5178229582536416,347809207902193.06,5.407937549855443,27.62299825390072,1.4323050443306669,-3738.846776245894,-0.5533356672198289,-3.6742592251551764,79,0.1430813954173139,2.921953612922975,47.952199843570384,0.5921641782709006,1
142,4.972485058923855,678016152559063.5,7.102427986233115,17.53346729272278,1.0347470868387614,817.2152747347673,-1.566398509133509,2.746729371817983,92,0.8578891852462399,3.1422851706296395,25.120139674006335,1.12323231958291,1
143,3.0087830981676964,565731963995791.1,3.1435011318374837,16.149958297671404,8.332031497811013,2663.472131046524,1.5037320887448198,-2.351836782216812,5,0.3088608992364632,5.565126027563265,45.848937450925135,1.4297119484008183,0
144,2.848404943774676,267028270169421.3,4.7116789893281465,8.065605431465805,9.192135666607424,-935.8346342598134,1.1326401161116113,4.3359314370125155,25,0.6588554042268422,7.503095808759068,35.338264093081555,1.4562089847354847,1
145,0.36886947354532795,878629986355158.0,8.216368977104716,11.053467597497367,6.532901662966566,3798.3774794146793,-1.3275276096090995,2.1995953936947954,74,0.5664436850866266,4.338871603938571,36.12167115112065,1.3330769105953777,1
146,6.095643339798968,797426021606928.1,4.592651971732139,26.86038267459508,1.1239977371187855,1486.8295335736448,0.04904225550504204,2.5381371297836894,87,0.4717563093908743,6.147199431590239,4.2521810653035566,1.741620849551236,1
147,5.026790232288615,658451834658425.5,3.577982653254418,19.99389142580507,4.080069447193583,3992.4891828920245,-0.05050076831502048,-2.8094082694011666,92,0.4958194726485391,0.7136524705357106,10.999556344846534,1.7402109166882087,1
148,0.5147875124998935,850581729094241.9,4.942124472502999,23.621610802569986,7.316498081041057,1235.0531124733725,0.5003662107461144,-0.5696002336483916,2,0.7322379140922876,1.6892642994554157,0.44074166472363174,1.1578731188140066,0
149,2.7864646423661146,867294200959802.4,8.282492524372184,13.630362692029653,7.820226751699674,-3687.1202799517578,1.7847475759650449,1.178131945892864,51,0.08777291412344057,4.0170531273562595,35.806382023836875,0.8597127382224246,1
150,9.082658859666537,708362976715034.8,3.3520804737087273,18.907416583684736,1.2703643606817772,-1903.082888948109,0.31908576704991853,2.699736182066009,73,0.6681806619579052,0.16009378903019833,17.2219144214255,1.2831405911301996,1
151,2.395618906669724,837013328363672.0,1.737615931357438,7.451508262296226,0.10030411656928592,-2982.0505174754308,0.16086906711447435,-3.9604062408761043,59,0.8958121013985787,2.0228398301004704,39.332625803817336,1.6364240027409263,1
152,1.448948720912231,697471461669283.6,7.120140203307807,21.163824908504587,7.150156754217989,4088.264977168623,-1.7987082682613442,4.623653164545283,62,0.05778819701986415,4.139210318599729,16.946810996851312,0.011304209682369448,1
153,4.89452760277563,680140771760300.4,8.259782127080818,12.82804001110012,3.630302142263436,2604.0006728748267,-1.7483700959279043,3.9022067055455594,64,0.14065333923366674,0.1196895860504057,40.966687614943055,1.9839940180297022,1
154,9.856504541106007,618611378215184.2,1.0063747852353333,13.276365444442368,2.6193651830207765,1763.9836891000605,-1.2506128346928445,-2.2965140950441567,51,0.7166319367020314,2.1163702898083336,6.53491268741565,0.36578754465839847,1
155,2.4205527151150044,752716639557641.2,2.3987411275594472,19.47966973730645,0.22768495091630186,-1990.3368036837833,-1.8701169132330069,3.2276024303233193,89,0.43728164824461757,4.112246555806956,8.66865783787541,0.9404979713199524,1
156,6.721355474058786,158605105293073.7,1.419719897609939,28.0884186440678,5.448964126938846,-3159.5522794978647,0.9734115822800495,0.1832392303982342,75,0.40354862081368836,4.585193983849965,17.043826979196826,1.7440594696857334,1
157,7.616196153287175,880870759198928.4,3.4794141158216663,1.9201903982586277,8.52639228071722,2564.510879889118,0.8933212159758526,-0.3819351843798131,13,0.13696663454423585,7.406013544442444,20.424369444113665,0.45008079808839874,0
158,2.3763754399239967,871843527745232.0,4.503509789054126,24.742297120410228,9.58055329809862,-258.4205412092033,-1.4557750622734282,-1.8556589418859462,88,0.5067700407177881,5.162764986004863,17.43514054214892,0.9535904478007664,1
159,7.282163486118596,29247283034559.145,7.4882633696330645,8.771493312365793,5.700875011071563,-2742.104478493709,1.3443156031811236,0.8096858663159248,71,0.12654531119637724,3.31788642023995,38.182351626160994,0.26516436036235835,1
160,3.677831327192532,825816750564762.6,6.511475848816741,13.317583635191335,5.193167144624952,1166.2197816527505,-1.380855860615552,2.298891177035978,67,0.4766204563105404,7.4428094170645425,4.847569631335736,0.7901526507763852,1
161,6.3230583059357945,128869867473445.2,6.2092856747843115,0.6573998632502687,0.942058216343487,-4596.6614786154805,-0.7952976520105648,-0.8906709503724173,27,0.7636152989616567,6.279063867102354,17.560850981924403,0.35427090958600504,1
162,6.335297107608947,335118854259141.9,3.523749466096544,9.031382335029392,5.533840735271737,-1738.297458717465,-1.00409240335454,1.2921919300829208,70,0.2582643578871635,1.6000713689019808,41.86199997577297,0.727255497542314,1
163,5.357746840747585,743508256291607.8,8.4144755308476,15.078937278903915,3.861792881757407,-314.4300540886534,-0.5107716057078089,1.993129211553038,9,0.4807861681797273,1.0467388907905582,3.3398538631085994,0.746928433585444,0
164,0.902897700544083,160759896048308.22,4.712871673981645,1.6852823204231704,6.110639280747412,-3520.4166589059414,-0.9813449364401525,2.111218170152859,56,0.9920159693968357,5.406493085941864,47.11717538356787,1.9863415791966654,1
165,8.35302495589238,817967024119062.2,9.791049380151545,14.732871881494955,3.9483908439778124,4846.544775908396,-0.04419629424619176,-4.4803390186881975,99,0.6866504233540373,4.4790653246158705,49.315842113600645,1.9896260586075445,1
166,3.2078006497173583,832134177957741.9,6.3414213829573685,27.81331886575282,2.478961322158631,-2909.0263541038576,-0.3703684745812583,3.597478056850669,65,0.8413567713051986,6.3173889103420455,4.428408691254004,0.22957255732122483,1
167,1.8651851039985423,507467733760836.2,1.2626474156450274,3.1617965432341566,1.0401562247609275,-3696.4686995673446,1.9462779631173062,-0.41746685234952086,89,0.41484760656054576,5.910440400629492,14.563626112786848,1.4519375586566945,1
168,0.40775141554763916,6385871716833.58,6.7617756207543405,22.93322184226513,3.217692601430068,-2964.6512611310363,-1.7762945994870973,-2.3758391830378556,49,0.7678609231258553,5.00169227086012,18.62003330176781,0.10349095933820229,1
169,5.908929431882418,287038133174912.75,3.25104015431699,12.290131601279779,1.0567838594487475,2690.6113315972425,-1.4312744944505935,-2.582354925203184,13,0.040509172941321836,7.8910573730311375,38.8195684326363,0.060384030674377254,0
170,6.775643618422825,616926918375742.2,6.8632719668609745,19.65521143573014,1.851279813157441,-744.943407281572,-1.78869642436559,-0.1698588715604954,15,0.12291118254224498,4.268717840883269,29.79634060583669,0.21066778848992862,0
171,0.16587828927856152,981186178027423.5,0.6964114816240574,7.807097939556881,9.874627969937505,654.15939752538,0.5033647799295031,3.868315394689592,53,0.20307059292006213,0.9048460520137587,32.218285024628365,1.930971314015868,1
172,5.12093058299281,631813527016668.4,1.7488143717595939,4.784767876240749,4.496625213375524,-4789.908430136393,-1.7819628903451217,-1.2165241831735307,42,0.40195192461521956,6.626188518527907,37.8754911409253,1.8817270957893948,1
173,2.2649577519793795,259803581064159.78,8.557372589057863,4.813878428136793,5.3655304883996635,-4655.686914266855,1.3457589495044933,2.497257467835433,41,0.8457448783257632,2.014826898765672,5.898949971851286,0.3878556405613609,1
174,6.451727904094499,634005703099611.4,2.271795570235149,2.1147583692943392,8.748823434498432,-541.7445017298387,0.04775452272771119,-4.031812690127814,80,0.3462660507879305,6.218417185151346,41.66047284551312,0.32334467110742304,1
175,1.7436642900499144,539985379715855.5,8.3704112524294,5.569401147037291,9.956132114857809,3166.552432016235,0.10803049832613487,-0.23943297848938272,21,0.6546211935154629,7.656856768000411,35.2809902090072,0.48107017303189403,1
176,6.90937738102466,779845395151143.6,2.792760884544104,19.92658154966905,5.868873048512347,3852.3887870756516,0.24637803084877685,4.916861403927356,67,0.7093142948034834,5.57436411171473,28.867086259818514,1.0310939881502843,1
177,3.867353463005374,106980638826958.4,6.428819100587076,26.45071835530524,8.143490828337299,-4132.934324043597,-1.316745174775157,2.7043780279233696,18,0.5861823540883414,4.768241287598409,44.486766739152834,1.1394092640708198,1
178,9.367299887367345,761027902502028.0,6.9415057350983105,24.423770567734856,3.336716140933085,383.6310210102274,-1.2092387875420498,-2.89471511559387,65,0.3572419681701362,3.6830894054003247,35.01531769419036,0.4431868608788947,1
179,1.3752094414599325,541266578676110.25,5.126547531450529,20.55402929623452,3.126865178728182,4132.296862792704,-0.7247307085079813,0.014414736979107445,38,0.5770533417135443,2.915278927963226,10.08499813155127,1.5132455761798904,1
180,3.410663510502585,962992003858994.6,3.053106766967313,3.31295590233308,4.086766837846146,-1120.2724560211363,0.3739856632874057,-2.6637523635143348,72,0.3422655927897462,2.82403800777469,21.487269053783336,0.6191063388053015,1
181,1.1347352124058907,341872166038686.06,2.126443763710961,8.675623388878495,6.757821900469127,3295.658314283686,-1.159528896239142,-0.9043907273749072,18,0.08387373855201208,5.090981645676725,24.702143346786663,1.8442626510588207,0
182,9.246936182785628,632621893133948.1,0.3318935456242622,9.29420625967407,6.853697723625477,-3663.0434560056383,-1.534673091466955,2.8008402373496475,15,0.9928039781860144,6.010184935501967,2.7608813375202823,1.3134454129134612,1
183,8.77339353380981,932028105510017.5,3.039464012407238,7.498708391928637,3.220870403029563,4353.944896677987,1.8804675456737288,2.7122481529040368,53,0.1271824536325109,5.428136555875315,47.731875668002786,0.8727023886072234,1
184,2.579416277151556,102509727990679.25,6.53162790531283,15.450169791291694,1.4187782489526242,2514.2331753130265,-1.9120727407615083,-2.7189962209761487,24,0.07234838383605735,1.5872808095485018,6.4288630398439235,1.5798240034056907,1
185,6.59984046034179,937228487236451.1,9.383048184484826,16.066614446390176,6.360722939008535,4413.343927869017,1.2107896213440865,4.222233181548601,17,0.8785307492071559,3.9518974411479295,34.87306336133634,1.6358292520933295,1
186,8.172222002012159,687885722300813.4,8.71204482263052,10.706579255133306,1.3704260356687687,1766.1723355250651,1.1521405983000883,0.9256818276482681,22,0.3018346608928951,6.333120577464504,25.31155180454401,0.5809632112178873,1
187,5.5520081159946235,67837059105171.91,7.660647765353026,10.61367476209308,5.827075831470368,-1365.96068000573,-0.811143544619616,-1.200757090379855,84,0.6502969740735076,3.80563262551245,1.2816124942211293,0.6794290876721687,1
188,5.296505783560065,300963566946816.25,7.884473432532987,24.85666793718244,6.964879067757459,4381.811725247224,-1.4574935359707464,0.019355807808606684,10,0.32900572966223285,4.292986237883951,46.23737379321808,1.8719103074572068,1
189,2.418522909004517,708172088645281.6,6.649849034759953,23.678785449590567,7.036053814305071,-2244.3322369082152,-1.4174854131783063,1.0507125343774373,38,0.39145427079447115,6.169088385366577,42.59184044094666,0.32948207672654384,1
190,0.9310276780589921,67350601468771.695,2.60286857566003,9.233874950422368,7.559373895530007,-1678.2747793826748,0.78972646894877,0.5989053184578541,67,0.2621129720167965,5.290122450120732,26.212896395191777,0.0843008339258684,1
191,8.972157579533267,582170460176273.2,9.071950307058298,27.41365331619778,8.74130827350008,2008.084180017403,0.5712263643446946,-0.13594964463821846,24,0.3430440057930102,3.274759367059141,11.447116806972263,0.9081106452190983,1
192,9.004180571633304,345883056952956.75,6.707323119058341,28.584450510075182,5.049594020451405,2653.1629952538624,1.130982697005547,0.04932804089400111,62,0.4107004005865431,7.163301689553752,6.0811445340047126,1.6024198004872579,1
193,6.33101457273268,620915517767477.1,5.6044063098044,9.802276260901225,7.329466976342754,4294.034838491538,1.7499246895964187,-3.235880895721138,95,0.7204160690923429,1.3005365493078287,18.16962397160633,1.5433362126214916,1
194,3.390297910487007,45742033812512.85,1.1098946921348107,10.632748463791646,6.2298100801217835,-2951.975909437905,0.767709453066368,3.127329043046794,29,0.5115361942347918,7.964131588722598,12.771414052304525,1.839061257825665,1
195,3.492095746126609,871536806152376.2,4.470555438064254,15.169024602658766,1.9477354039970576,2979.9803521922395,-1.3765938537942262,0.4176031994101539,44,0.9435652171569769,0.9508206278098976,25.334560050314934,1.0664013287380805,1
196,7.259556788702394,973488969177396.9,4.6035827120192625,28.233624376010205,0.3543274842071409,2385.4605339696345,-1.0262295329383573,-3.689201382952969,89,0.04188039383877551,0.11959976883391121,48.32046480617145,0.20012934313306663,1
197,8.971102599525771,968877855285691.5,8.645636095226699,26.289582994269345,2.9169597182016447,-4362.054437464021,1.3687749234924582,2.6615710158277794,60,0.5030683226320282,7.120151209190118,28.74767466148207,1.1773779486720322,1
198,8.870864242651173,749651831742924.8,5.466482201877884,3.077038877507694,4.486033692742432,-1127.7685878979305,-1.1627756966631657,4.324439783773508,99,0.5842247888317181,1.9596280669276487,44.49655279450489,1.5567912287064232,1
199,7.798755458576238,130086240130631.97,3.8040054897040965,11.781922298142486,6.209348849843697,-2172.345429399014,-1.7099107321820743,4.473068992369621,50,0.9201969860742739,5.837597019573767,32.543941874788864,0.1866562405396528,1
200,6.420316461542877,758263195929022.6,9.768003285106593,16.601135692493155,8.514597371981733,-1955.095756459696,0.8131202161690019,-1.3098226758882725,97,0.049158523621427586,6.488122999456555,23.76232632936002,0.3453148021951795,1
201,0.8413996499504883,24586916458801.51,1.1072059332631567,15.093974176546201,2.04283259539104,4829.468795547009,-0.38989457803943184,-3.64483126439246,8,0.573499584935216,6.871891128256935,42.73037813666856,0.024581322311341802,0
202,1.6162871409461377,22123551528997.254,4.225484283119446,5.81589203810678,1.3429429199949234,1427.7741347992787,1.6801602101836144,0.18399626633065136,75,0.853629928527957,7.932753885313334,23.568405508649874,1.1873051588936208,1
203,8.985541885270793,323610219149541.25,0.4202467517140529,25.76450313504464,9.638451479995842,2176.7615779349962,0.6010202843746462,-3.873907706507793,1,0.24192772811923657,2.3523176803199926,43.43140852551805,1.7734687838918088,0
204,6.0642905965958995,488643190404665.75,7.3990412076693035,20.30822348990512,1.1696411378264306,4766.176373150092,-1.638324088833357,4.339874185126172,4,0.8762923485239374,5.681946735418073,14.578838478788263,1.341326632004199,1
205,0.09197051616629648,770407417807793.2,9.180765521991507,25.137251245554108,4.837061594061173,-1227.9821754236132,1.791426269014643,-3.16420372644854,61,0.019043409274291823,0.9231988662466257,6.440653688149406,1.964080175181964,1
206,1.014715428660321,683295376606505.2,2.8003732955048943,25.762928380484166,5.897080915053689,3018.4016845280594,-0.9657709454390164,-2.472341400488359,68,0.7324546291337297,3.254474330854795,42.76572321814692,0.12606730499952312,1
207,6.635017691080558,445902706376748.3,8.583416767991208,22.450675609972194,5.459606766983638,-654.6903669550466,-0.651150038374857,-0.9336347311502955,51,0.933113221168653,6.783773546500723,29.37075818963334,1.8060021703029925,1
208,0.05061583846218687,273626666281665.88,2.9221823046189774,13.17631803749152,0.9517183546261377,3695.336718149798,-0.39095834526583184,-1.1683553144087422,85,0.6571976616400622,2.9412643684728668,44.45461991244801,1.6281365747733614,1
209,1.6080805141749865,997124500157711.1,9.107701616439153,18.316402650462738,0.6645664486358317,-3193.4245868869684,-1.795102814382747,2.9466289239788903,4,0.43902924398044796,4.7287630442849125,46.89136034961916,0.6284830409990099,1
210,5.487337893665861,426181302235972.94,7.5396190359678394,4.810962183592294,1.1442859318642533,4476.861770642796,-0.01393831107758059,-0.43683179449037635,58,0.04488101647271803,4.0301875497970725,2.6814195185724587,1.9470531036745036,1
211,6.918951976926932,451387024329675.5,8.049067768414385,20.20936252424723,5.897318070338864,-2812.282915891203,-1.506726035698831,-3.292317399966631,67,0.9201138133226288,5.1676122488963605,25.048465092943417,0.5758754963428301,1
212,6.519612595026006,163623821191669.2,0.180065556004545,5.377597672178423,5.489014387579779,-1737.7949301906847,-0.396118693246593,-2.327901045139259,8,0.4702962226915748,7.783155115101559,18.748227453726464,1.778609447656437,0
213,2.242693094605598,794809548749929.4,9.62810357074026,20.818487715304705,2.4140338411637683,2561.922341067805,-0.5971608480316628,0.09113385187522027,92,0.02899674433594801,0.445884212011217,31.292919853505857,1.7614971541483788,1
214,7.121792213475358,693682225781488.6,7.266709920703232,6.88794482261906,6.413964004271357,-1062.4485843459329,1.0913603337060134,-3.525460825738651,21,0.6898210713287619,4.591692140013038,39.67955986011618,1.515315233205945,1
215,2.3724908749680007,220769612788760.4,3.047510953861333,3.526539004506599,8.218668270350928,1082.1137676644666,1.2126820465309245,1.1165567564601409,26,0.4818372535762582,6.904230234002278,14.029510798718448,1.1269409476257037,1
216,3.2539969815926773,82381045615842.7,8.29394664858847,4.958534704288723,0.5116317024812783,-554.2649893057151,-1.386348470443648,0.6574730655114589,9,0.12434531744241073,3.85106169398742,27.839919218658583,0.24000549923377612,0
217,7.464914051180242,680499302074713.1,2.8152119841492995,0.05976405657210804,5.03148644112562,2423.699370897818,-0.5337952504830952,2.1470231638225767,79,0.21427180931025958,0.6282174875325826,35.43642899524498,1.0639434689929965,1
218,6.496328990472147,654511214281135.2,8.727538395661279,21.56218853560591,6.924173079816634,-2716.6874763138917,-0.5065873558726732,4.3770461537936765,60,0.06449068045584627,4.484314819334167,6.721554141786701,0.7135925113098691,1
219,8.49223410494178,273259526998209.3,1.1258039041193701,21.97203147175137,2.5978880779899023,-4415.42012763123,-1.3943582242556598,4.122545611011557,50,0.5742935397085736,2.6565911265905635,40.703345297563345,1.5844340663107035,1
220,6.576128923003433,950863562250410.4,7.036859774607958,15.448000497397784,3.146931962402176,-2000.7060252693377,1.193814020204762,4.460756180688314,9,0.6220294792520092,1.2395342827034872,30.305479992648653,1.5162584129936898,0
221,5.683086033354716,151057891780900.22,5.406984766449103,4.840884031661511,6.1750152395949,-256.9133513156976,0.828913313341693,-2.5528440297629906,5,0.5057422983554444,6.792276106267784,47.47687185568259,1.8212250147452105,1
222,0.9367476782809248,432334801042601.94,0.9653447019544081,2.5066301253206924,8.989559405092995,-3319.7994780732142,-1.238472854811861,-3.684346933606454,61,0.8171021330026149,4.172796103928973,16.976445956534665,0.029660324863415743,1
223,3.6771580305943354,943615920167598.9,2.41893828258839,0.5738689931186103,8.118251760998703,-1452.027103436113,-0.5331123656248038,-1.9772329950355152,4,0.8610088213080136,7.466211299032533,5.407297116859933,1.6182064336460922,1
224,2.6520236768172545,419727316926122.3,0.1240403627731479,4.972445308956621,5.872989169085876,-1000.1698170643149,-1.5767799005739431,3.950851727663146,69,0.6156243966831266,6.4481320368245525,25.325060051846265,1.8769241062493376,1
225,2.4398964337908358,638525947664085.5,4.687679654645058,26.725666049494404,7.329195005796767,-4426.0815631172645,0.5128263883721758,4.720534746234883,62,0.012756479707430546,5.543774350189339,4.290538585471943,1.5786008982163002,1
226,9.730105547524456,397594397962794.25,3.0126526076000038,7.246105251050453,3.711742455057207,833.0724818420458,-1.5145123018055213,3.5932495107047604,55,0.6952296557477357,0.04020402692249547,48.47632616620034,0.2603889197407334,1
227,3.930977246667604,274215202348670.03,5.983574842977588,10.62813981651647,6.445558728177701,3843.4342797128757,1.9437366744996711,-3.8998227887245642,58,0.4179992169203516,3.4225876531059996,1.9342479128595769,0.16255820968177548,1
228,8.920465551771134,983977647959828.2,2.972378077086172,3.1603645344399958,4.715197752162814,-3482.5708704694757,1.1227282987514493,4.474279980597931,62,0.565557483226387,1.5798902532162584,37.6751950553654,0.04169047961540162,1
229,6.311386259972629,409334006315043.0,2.9991911150698467,6.670839142445109,1.9803677509298532,978.0801340151402,-0.43904580166401974,-0.7664197264921402,88,0.6490806020188844,7.286383288390942,26.255119907112203,1.257490451656142,1
230,7.948113035416484,894099203679134.4,7.431931987316034,15.576737123406154,7.047208911384846,1647.3920491084627,0.3142557291174177,-4.906897092376463,58,0.35023661432707676,1.3966718774108822,18.431032624914433,1.2593453037197746,1
231,5.026370931051921,229954605891086.2,0.4814283597835345,18.232580492869577,5.608999909753337,-806.6531958071164,1.645367264865635,-0.5760625925180642,50,0.9170985051717943,2.288480413274284,3.2921082254327327,1.9738274284364246,1
232,5.769038846263591,213104704025083.3,9.028949951919872,7.360569424986332,3.650353661340555,2010.9758736426993,0.21639712158330449,-4.539308303245324,49,0.1339748667497812,4.134694141875993,31.108346208680388,0.7960863482081915,1
233,4.925176938188639,31134082884511.36,8.522638743911815,1.7319647767535162,9.122257981778445,-892.6845650898795,-1.3020060544081793,0.43877921161117506,3,0.6715118072810374,2.106908951984634,29.261016469547762,0.6638125697949935,0
234,1.952429877980445,651666825375885.0,6.678046832264065,11.73098607382196,0.30724776648465935,46.3728797743488,-0.4851865776753628,-1.6144597256294868,47,0.004359579956580428,1.6789174182329694,14.044163653379988,1.248849854368785,1
235,7.224521152615053,368526343723761.1,5.932215701073843,7.0261011277900245,3.2261541973700107,-4926.46955445573,1.3725794601189816,-0.2656506640595122,31,0.9246511054051808,4.7927946008220195,45.511085070515605,1.651217345015188,1
236,2.807723624408558,864358249839637.0,8.923024981396523,6.586617696894058,0.663125837998701,1917.201141346888,0.5768520639584716,1.1317036074311702,50,0.1125041332380915,0.7114361820401909,15.205500367141845,1.8735478990460037,1
237,0.2431596643145384,473209906691557.2,1.8533017952871444,28.795884081403656,7.688620430594109,1613.4267894472441,0.6028975373352012,3.6880109581782037,51,0.09488423014757463,0.4653420697673978,22.486270529605306,1.6062483323580772,1
238,6.454722959071678,968193427914721.8,0.7896916219082861,18.489014577771723,7.0508637957265465,-4615.991226736554,1.4672859427539566,1.6190157647192862,98,0.33300763305224423,2.9779623614885713,27.188122795932784,0.8533479612316095,1
239,1.7711067940704894,185525515703121.16,2.395101699095381,16.706353295162877,3.380386965489539,-1317.498926048669,1.5758922298500186,-0.6595113152181931,73,0.3735662860390806,5.7653156360628985,5.011593908814305,1.2698284706241283,1
240,9.404585843529143,868623167955610.8,7.945782787001903,12.473253105699659,6.789062731850023,4790.318407916673,1.6791702871177452,3.194278536703651,33,0.21430007232287862,4.438454066191584,46.60808596068161,1.712598653432234,1
241,9.539285770025874,776596852791741.8,0.34670266726483323,12.868330002904328,4.019778539339903,-792.6343743138323,-1.6206032269873756,4.0558213757313215,35,0.5851216609271247,3.3830117477342307,18.726807622552055,0.9812193766234789,1
242,9.148643902204485,770921844644052.0,5.828068350834896,16.227150115142425,7.586912535082099,19.45405131841744,0.1765040078524036,-3.802400335678028,69,0.4429140980419636,4.526012513796659,4.038960693717181,0.4333732874107854,1
243,3.7015870025544437,844783228116887.6,9.954375161913099,20.892894211083217,4.59641826109339,4099.301581597185,0.9620380848732744,0.31932977552791453,42,0.03417558904108742,2.9236118772261888,19.364558683766496,0.3394468794957459,1
244,0.15456616528867428,761023990942998.9,8.556960938375394,21.064382885454883,4.181569305533489,2172.6187586575643,1.0277073805080552,-2.1548804025755586,15,0.31965206225530063,7.489170683456903,30.010127354629034,0.0003154891561134576,1
245,9.283185625877254,626220321631415.4,5.214456890435894,5.1508172311634866,9.35382616333418,820.7013112422355,0.42686480788001546,-4.529388021230526,58,0.8104329135731705,0.43923912728619463,25.682633591066477,1.4364759899625685,1
246,4.281841483173143,131244877682387.58,0.6364090928664234,15.003382562298809,2.5837030889179324,2978.046813410725,-1.3328506592653033,1.685466951139853,52,0.6897015348618686,5.387131832238682,34.7270987018637,0.222194417691981,1
247,9.666548190436696,32526179491251.918,8.313735143857098,12.35874285102306,1.2924286659659978,3643.6626645597316,1.1896822157666573,3.627707774592256,18,0.7248708535798805,7.130261318622004,2.7741971033955313,0.48767819939188084,1
248,9.636199770892528,920847847815686.9,5.989785081772105,26.115808988081525,5.886976821268636,-431.1192826273309,0.8804453340597829,-3.3709734552260597,97,0.6981169240835235,6.431077669882027,14.227030513602806,0.5957526630455867,1
249,8.530094554673601,616650314520738.0,1.1493299705956683,18.942567636551292,9.696285941613372,-248.91635068164578,-1.6554569138038548,3.124136576239005,88,0.3109730213830333,1.472328278571574,40.961528842005116,1.1207597202735367,1
250,2.944488920695857,796537290976176.4,0.938572848233562,15.975121992479455,3.840608215899148,-1139.490643481642,-0.14476070130249497,3.5339573353694167,94,0.09966392207677588,2.367410791842307,3.994684389568043,0.7959145545915385,1
251,3.8509772860192526,481522351512550.06,9.096268194365924,3.461839265367521,0.7141639599249371,4667.061400184606,-1.3040904019127857,4.143404426664835,40,0.272467184033096,5.736383509656838,42.77429773479788,1.3493479840463236,1
252,8.511366715168569,117308188962394.48,6.692002629380784,18.169136679702344,3.459122146364718,1971.662542903504,-0.6500918171481125,-2.347149109139476,80,0.8317853001851593,0.6741644734461243,4.594804603855312,0.11127731865740542,1
253,3.1692200515627764,125185792202550.44,8.292867993167555,3.5161171704070027,5.108723377763629,-4167.769337919277,-1.9276756311772583,4.039530651898893,46,0.9804707977830711,6.494893598660672,41.72271074458481,0.2478783885288789,1
254,1.6949274668609249,685565287228971.4,8.789789002822673,10.116197266972563,1.7030377656589157,3629.5962331301853,-0.39868052635696705,-1.7933724526356776,93,0.49384701474156134,5.751255556838323,18.039420053936333,0.9984230070665334,1
255,5.568012624583502,430305894899462.7,5.717723520483222,4.285258944429956,6.6152119587592715,-194.40059163731894,0.1995076846248418,0.523380134555028,53,0.00970035492304222,5.836853193882741,30.61045316286079,0.6739295756936596,1
256,9.36154774160781,200524726700336.72,5.174463517550413,20.762209410731067,9.977718951200986,-4312.460935775125,0.4783303713083473,-4.494925291677179,54,0.14004481213422904,0.8019309621407311,7.644355782399908,0.5916267255027194,1
257,6.96029796674973,491594546741436.9,4.304274103209902,6.187563415084578,4.572220812216294,497.17255163311074,0.6539613805148403,-4.561189116312564,94,0.32208057531626577,5.742084358529847,3.308436086259042,0.13405615807504545,1
258,5.700611700893649,64208937075134.086,3.169465877911193,11.755781195640779,3.6118127116291054,-828.3572102429789,1.3451652524098399,2.203732127322029,18,0.5785853485929497,5.43854500175976,10.796910201006755,1.791438349496003,0
259,0.9717649377076854,581971401914398.8,4.345959608587117,26.87024332856336,4.0669712516612195,3777.4940486262494,-1.1381483708970799,-0.5552002202220896,61,0.07509364580531397,6.647379926574804,6.392690895434777,1.3836371722501015,1
260,6.150072266991698,268993404435097.66,7.738796557301564,6.129491501969109,1.2399471661124915,-2960.0539639061262,-1.5180727102461282,-2.437076246307824,98,0.9433572987098816,0.332767650051756,15.62029488398159,0.24323631363929876,1
261,9.900538501042632,797559100637188.1,6.019234310151315,15.234151918763374,8.844408654119615,3264.646094921829,1.4061486875917026,-3.095865039750898,92,0.3650836732844007,0.18488534774233756,25.71916232555101,0.13009191547428123,1
262,1.4008401523652403,310361958923573.75,8.925232899548462,12.57814983498066,4.206773989661384,576.8869118545272,-1.3735487404294004,1.699534908592181,58,0.912584217924823,2.984056799028486,29.437973178250477,1.949745066862486,1
263,5.183296523637368,455220149081801.2,4.433800143791878,0.543721231371892,3.9340166731059294,-4453.896967865309,1.8990403253447812,-4.995984559746601,64,0.7805218027570218,1.190306270793223,39.49340536898715,1.3623451008790097,1
264,8.773730719279554,11620539908100.635,6.07089578718754,23.782743407184384,6.630933702011696,4718.453013254846,1.370152917594548,3.058911691968543,67,0.7554372725155811,4.467075820561775,32.81199466241793,0.834912142187483,1
265,7.407686177542044,72446887794558.88,6.313075530919887,2.0713771894379915,4.476130867218123,126.15244103199893,0.0035064235583965875,-4.207503938700712,27,0.606719579782232,7.338791212053991,30.43791625647765,1.4034620815115697,1
266,6.97015740995268,392493556406684.8,5.916971623063255,14.227650629308608,6.517511341197676,-2091.231457684175,1.9256856996881009,-3.085103850918806,17,0.6267838170518446,3.131837842672126,20.58910137428873,1.5126635729603182,0
267,7.024840839871093,479938834717123.5,7.026337730855163,16.8203488481685,0.7083182722947963,-305.931580107419,-1.6104930835679832,-1.1376360470091038,25,0.6380032352162481,6.759603018180833,23.690421748006933,1.5599244047775587,1
268,3.5949115121975517,600020548119303.8,2.374334683748063,18.852793698437612,8.155861102850052,3578.5778351748904,-0.7877369552995934,-0.15141260283896418,18,0.6287213870255821,0.0019269961429317917,20.726041469509056,0.9557546113061153,0
269,2.9359184426449336,291662578709303.25,5.123637775457906,20.658948879236267,9.410989133506085,-1950.9687561493647,0.5528976601624458,-1.450048841860582,54,0.5537282313983612,1.3481171476734737,42.10830150306916,0.859765516249696,1
270,8.093611554785136,694981886126542.5,1.0422480280834767,7.598171505681453,6.5227773229779205,-3073.236035132997,-0.599972526107285,-1.792878350157061,56,0.9864140184828889,0.24338831723268495,11.500022627419993,0.02205616853780068,1
271,8.101133946791808,860122397189204.6,3.8451132764481253,0.2993632997534812,9.550202695702227,-3709.2875306911856,1.7134902079231673,4.6391601207318836,5,0.7322905674256961,2.625177444120549,0.2860465770982312,1.853114230283676,0
272,8.670723185801037,779850988893349.8,4.876670686212644,21.70330987064736,1.5991799122626367,-2021.4060160978875,-1.7374956472887297,1.4157968124339426,0,0.7769463883925212,7.2655167655720225,32.565994861311964,1.2066157567778861,0
273,9.132405525564714,39618825348357.15,6.522242595454725,16.069697980427357,4.826420275855502,2800.4808704004345,0.19764732824385822,-4.7656704463261175,7,0.8724628150836742,0.775616988791902,10.123109181941569,0.4063078743799362,1
274,5.113423988609378,480506947257828.94,9.505310525862035,25.083531096217463,6.057886666059928,-283.7363480473832,0.363465069580458,-0.6982409155568678,96,0.21563976272584917,4.851278213950403,44.505756815490464,1.8392068388428733,1
275,5.015162946871996,104930178418174.88,6.0065106654835585,24.641650887020827,5.859192809469748,-2725.1839630646,0.6109124951088964,3.750086997439702,50,0.08380415909506078,3.6119675129555535,42.9523164853328,1.8298638035405927,1
276,7.9829517896677515,242045015862527.47,7.435939161765598,25.299785033636496,4.074471612981528,-3338.1500039025077,-0.9773351066727423,-1.9854381358933204,84,0.48289443659859865,7.5077456989265,3.8363685964102947,1.9783683287321918,1
277,6.4996393077776515,986662593267146.5,5.062660594952027,14.552839799386204,3.447035652725988,-1672.7052348962088,-0.5417342899205422,-4.054436552256117,87,0.5140806956192732,0.9801531402967507,5.319420270703867,1.7481131262779577,1
278,7.019668772577034,142495542901513.22,6.341040313763314,10.00885187510597,1.3555578232491463,4399.243728857089,1.3747221186599106,2.5838477158991777,24,0.8291817799499177,1.6962228040178315,24.758579612333314,1.9955687756401295,1
279,7.95792669436101,498888153451356.06,0.7093221613377343,23.7467460777411,3.978250260566554,-1569.7328740997564,-1.2202289241193607,1.0601383193608127,46,0.4437835792823357,0.2363357488919462,30.461133138467734,0.48937237624654517,1
280,8.900053418175663,618155734318119.1,2.54391580841847,13.538823390877647,1.710342069544303,4881.240759546354,1.3074713886934481,0.7031250782650389,54,0.5708530255443127,3.47148199705099,13.745416874112038,1.6844991703984682,1
281,3.379951568515358,702464970544104.0,3.618530932051387,5.503265892103036,7.370220197272962,-147.69544234643854,0.2506216916109696,-4.4642344039259205,63,0.5270709385134583,2.2226631965172343,35.839885834968534,1.646056617591529,1
282,3.75582952639944,559648683486914.1,4.724933550065136,25.64922058684423,2.167426261396441,-3208.360817098491,1.0487500447763285,-3.5950099020448265,82,0.03820278375739106,6.959247471122567,29.745801045943576,0.4618807184414675,1
283,0.93981939840869,9770847419183.658,0.45648745502383736,26.476796303170417,0.6797965223168851,3911.400917935094,0.8544294650538862,1.2254939621311376,92,0.615214896596914,4.8395265055820404,16.241205487427735,0.19687509800198155,1
284,5.78280140996174,326461308243991.9,1.4002409755331768,13.989292684205104,5.5684247643906195,-396.44626865173086,-1.169954018460484,-2.921761585411642,9,0.8280432857742522,4.9127259038056135,1.2685744021157797,1.9588410273551993,1
285,0.35942273796742086,517711643384711.44,2.7681430779130576,2.270991819293624,5.9927743539220755,2096.7134350452443,0.27525094573549147,0.04070079748424327,55,0.15750054807580383,4.2552855750504195,37.507514064925886,0.5920491030412207,1
286,4.655980181324601,87866499144833.36,9.715326909010507,11.634782697507937,8.731939306677004,4837.115832091518,1.4708926112203695,0.44881686029393464,11,0.5943317339265958,0.734802697833608,10.737683291254136,1.7417835809356121,1
287,5.426446347075766,350626931209180.75,3.3134700710305074,24.1061297838781,5.812117962935051,-4498.24649680026,-0.2715350527922826,-2.164928097290606,32,0.5936105444464144,3.560149469802842,41.72368717313142,0.008254309349207789,1
288,2.865412521282844,33203108791366.566,4.820410581120825,27.05322085638686,3.520260451862113,-4033.0544021243286,1.866363080893267,4.484251555414929,70,0.16418496405635874,7.996041517668132,21.01451300271276,0.04204961443920441,1
289,5.9083326056901075,78578497155020.75,1.9609771273839294,6.104182274927875,8.049817627110574,2204.5674146275614,-0.19113959959312776,3.4246410683557507,16,0.12346357373073602,6.681834326768119,28.853872131588272,0.9317426173927368,0
290,0.3050024993904943,396923276201596.06,6.107800710757683,2.0092083607581457,5.448761042555469,-2181.74996704528,-1.4288574533284613,2.2237350763279853,60,0.9800519429764848,7.147672433336927,43.64743652045009,0.47742936787012713,1
291,0.37348188749214417,132715754043060.36,2.806832155159743,26.32051359398516,0.8848748178487983,-3156.9860304990093,-0.44226127968930706,-4.220061335905909,9,0.39371916965303755,6.585810873971996,43.18115004599767,1.3796825668719286,0
292,8.226005606596583,567540848261558.1,2.0699257843842678,11.68214816936626,5.701920547101142,-4606.381201802705,1.8068096255621486,-3.9386998069098054,30,0.22742172872352928,0.8243335474478615,18.575978762178664,1.1311286511359087,1
293,3.601906414112629,689464969137265.8,5.16572628445979,16.252828928026897,9.089383599674457,-4781.532880137982,-0.7211166026405831,-0.072186541350443,59,0.17132454445437495,1.819586032518397,10.444444635742157,0.1549715949009829,1
294,1.2706051265188478,800586699109082.9,0.05505799160420821,29.04197436152277,4.023494992432384,2744.856031197909,1.4723926394682514,-3.392866508090143,69,0.6676017135832351,0.024973210851277017,38.75730388642973,0.32525659263143414,1
295,5.222432600548044,200150244244810.1,0.07664032649225327,1.9969418374266856,3.033625438808021,-3655.6657263045,1.5250027267275592,4.78265463529474,16,0.6094452973272788,2.4280809990248917,21.65401018010656,0.7760985401168286,0
296,7.699935530986108,167482582259069.75,2.1906880910185778,19.449540223562867,1.5203476244783987,-322.7938402884911,-0.5992539026721557,-3.4147976597259055,49,0.6435521229874175,0.8688592187719406,9.602099677950203,0.3712081279108663,1
297,2.1582102749684315,104567840334400.25,0.3672136250082114,2.2231626772460125,1.5993106671600377,1058.9681517948302,-1.6669693677974715,-0.12532164536025991,36,0.08800602751145226,3.782346762412664,45.22126711585751,1.5844446944878572,1
298,6.228904758190002,636430249543636.8,1.0802575413069138,11.26406785399501,4.3844376949840065,-716.4819943115372,0.898231636635273,-1.3587894315849458,81,0.893534583498437,5.417019908591215,9.905209712054369,0.8321404711065601,1
299,0.85347464993768,706475726486901.1,3.388606493387516,24.114436355803402,5.997230259199142,-4728.933476637669,-0.7539508039440559,1.3938642145409794,61,0.3892663968090483,6.9960423603046165,1.290358409561554,0.18686373368499853,1
300,0.516817211686077,31586144825642.04,8.025856795798129,13.004166982669032,0.8980925111790573,2835.015025879088,1.1316944570302896,-3.709635911105751,89,0.31336940643035793,5.993737320727186,1.0139986883709984,0.9686858045442497,1
301,5.31354631568148,936212246243689.9,5.720486433693008,29.915470617088513,9.40172903134914,-4894.867754583465,-0.22938060695826756,-0.6968357195760913,79,0.4623614472477392,7.508684766228042,31.115767822713213,0.18167636212282834,1
302,5.406351216101065,51971283651472.414,5.126677259564164,16.771778548398064,7.57582281270744,2618.8989437748396,-0.058933030629513716,-2.2529496719285635,71,0.39006606574762825,0.43118632315031036,33.08375303587652,0.25787461083963437,1
303,6.374299014982066,541296335301070.44,2.9348882320812164,9.634864579078604,5.90757679100826,3933.0449378812264,1.1116376269941473,3.8775152467168805,87,0.8635770031391459,0.09743868333233152,15.552085252849196,0.4792196640564106,1
304,7.260913337226615,709060519450916.4,9.317537194328164,6.603339777142594,8.301542842296008,-671.6007894282775,-0.4705466757534884,-4.594142878653049,76,0.9292609751978921,5.290704910689701,16.00054946235317,1.7190554104949796,1
305,9.758520794625346,870969123746085.6,3.9701504123719165,10.515616028584855,0.8938488924399216,355.4247309779821,-0.22749061870834186,4.137274940064593,28,0.3034532164496062,2.31481928177797,16.97469575299714,1.8492250646659438,1
306,5.163003483011953,714086932132427.8,0.8709276679577149,11.175998212786524,4.820704889557931,-230.16607382346228,-0.4952381249215114,3.329941385530004,31,0.8639358074599548,2.028008128846185,34.00792733794393,1.6525154586641382,1
307,3.2295647294124596,801728083069791.9,6.170665161178013,2.0614103317188293,6.337921955930468,-1107.9138137656118,-0.5306379388908802,-2.0242928355918455,87,0.7815231295330671,2.647096701550354,2.9066895513414295,0.6681544348356945,1
308,7.9518619476870365,339450192542806.06,1.138383934766014,11.087225982803195,8.303663770571063,3874.2453537036017,0.10378630760583762,2.892906546771047,79,0.9308076723447618,2.1583684631389133,46.45581763456628,0.5448928822176633,1
309,2.708322512620742,814825113746512.2,3.452231428016921,13.927155592176748,7.85634864448775,3939.3351066999057,1.2351977780046028,-4.687864396612524,10,0.24575031218588783,4.091491250412698,11.126052208872322,1.0983113815804784,0
310,4.389714207056361,80114846384675.14,5.074119387178088,21.68213256716414,2.8429855721626565,-1641.8363535846547,-0.5529267523097365,4.668655502933936,95,0.5769591501209791,3.52118757779306,49.983660262104614,1.4437063210662247,1
311,0.7845638134226596,894816656060527.6,8.742225246851758,19.70188454164824,9.414713678636122,1150.69754014698,0.09701888215094678,0.26594942589789383,5,0.27454458474044463,4.099428411013251,8.57613468935935,1.9867455763203496,0
312,0.2535074341545751,547592376153736.25,4.935465803401186,21.262969656874628,1.3310238301656165,4269.075621458642,0.6829093017704033,-1.9671897393455473,34,0.8240944904843742,5.3817088920034895,38.577322865618875,0.26314142375785243,1
313,9.626484146779251,817297769962493.8,7.022587660316643,0.25091045630571296,8.763822824349406,4620.584989413515,-0.9222422147853799,-1.3741678740532293,32,0.005324190571064258,3.0970440717691865,11.170627246481251,0.09858399804760887,1
314,8.359801205122059,452318284518300.1,9.928168389990704,6.530021987416081,9.712308471085723,89.59040422047565,-0.8899087803904298,-4.335946465395026,17,0.5648191628863961,2.0104614971372543,4.042340082162699,1.388711777990542,0
315,6.95974206093698,643577695196525.0,1.3148911989798162,19.850528651995695,1.8538198799039933,-471.75194715673206,1.7336525080938192,4.8934951404203915,36,0.339203431271918,1.3296042944699638,43.74666621753244,1.664451567007811,1
316,4.089529444142698,526402660936113.2,2.747315255195195,14.519681045392414,7.248454035617474,-2213.056840714742,0.8941382933243545,-4.607080548493076,12,0.32268370707782024,2.795792956261004,42.93756295954459,1.6926975597328464,0
317,1.7329432007084578,731589521755331.9,3.945760755976464,0.15940427005037838,0.4988266359021848,4588.7187319041,0.3087467048932355,1.5490712314785906,73,0.644906323864917,5.934451801969376,20.178519622480067,1.3569270981543213,1
318,1.5643704267108605,81629982030589.58,4.218281785388314,24.13483927295467,4.1136859688776335,-3571.856955271326,0.5908802176824479,-0.5726407229354171,100,0.8514844493139939,6.0536392808917565,35.11980712702134,1.9080316082383741,1
319,2.502428981645953,60352083990563.8,4.110210752655457,23.184287198710123,5.211204662056972,798.29576047725,-1.8828022275863265,4.489162181887151,89,0.6091953913933262,5.335243093473682,27.853296634195857,1.0220095270891738,1
320,5.4922666470612045,247103234010146.44,9.07611002556555,16.45257488980688,5.848387736505377,-2174.497324813611,0.47241186224678744,-2.540002596932048,80,0.8531729786467225,1.8722254024549967,42.64780568368744,1.827629596672425,1
321,7.145959227000623,159544680113188.34,7.140326444668564,1.9938997732881636,9.365778757660738,-2209.9170965220337,0.03803549289680763,0.320868239380113,63,0.26459711188102997,4.704689966837582,15.752798465932722,1.935624273983046,1
322,6.601973767177313,871783566592201.6,6.079052140907038,22.99545148597754,6.755281804212527,-950.3141262381155,0.18299871911774268,-0.17643791417247012,0,0.5195018547649811,4.565517292614784,26.183619999949258,1.6943149140062155,1
323,2.7993389694594284,219213987358044.3,3.093727178627821,17.51140763194092,4.864651717070446,4987.929358156545,-0.5623046926767317,2.0286644405010135,62,0.450536539067076,3.874129584877804,24.268618560227523,0.6195171265172412,1
324,9.54865280663194,975865255819131.2,8.237903842212948,23.458799314738776,8.115782859032304,-4450.33693160178,-1.6741044091482324,-4.319897680475795,88,0.011644899503096218,4.399831891070914,17.695291312842937,0.39243130234059054,1
325,7.378969166957685,336895791771106.9,9.550605114849889,22.55240977187521,9.510274927448648,785.4181820353142,-1.2266430655517913,-3.0621086997664513,33,0.5568121431407401,3.9343250609893445,44.57275322781861,1.0962401299636368,1
326,5.543540525114007,182117915688699.28,8.211982825502265,24.090062158735115,0.31845487195467936,-4174.2784196472285,1.802978852850687,-2.8543517990715017,9,0.6615243241461749,4.523650928592866,8.293896233126773,0.9060295007603769,1
327,6.117207462343522,789698507142479.1,0.01565105191472904,15.540241992138744,9.826960595334784,-3454.79170009481,-0.36520175091626417,2.381507548416897,83,0.5919144044190701,5.72404763696903,7.475431976034807,1.755516684385466,1
328,4.196000624277899,658707775500876.1,6.36401370183407,4.20973554580545,0.9527081767304353,-604.3705822710135,-0.13326737667654331,-3.1086130367325993,6,0.7362798987834215,0.8770255552275179,28.84547676613757,0.20006334213430743,0
329,2.4773098950115746,498195716453139.0,0.5113538144210072,20.13472420139066,8.162429114760737,104.60131346441267,-1.789160840586244,0.7349176389097671,55,0.5713395284530771,5.99700601719219,32.8747114992471,0.5154801226230372,1
330,3.559726786512616,555363550937631.25,2.5760722033372185,18.614213551559118,2.875314050258984,-2412.07591635476,-1.8497350818240776,-2.847561794990463,79,0.06675025485075692,1.0870892010207536,9.730962716228259,1.503597889037417,1
331,7.578461104643691,719201778272263.9,0.5952470034777169,22.267595615972617,1.4085786117633305,-1835.4286912558382,0.8687257881870307,3.6162495008397837,36,0.11644552408471143,0.5330239872829976,19.535872112731205,0.18997328995462426,1
332,0.14393488629755868,228454741331298.72,6.037954529493877,5.096430181522059,4.454570833166965,-4130.32979744067,0.15237865648444515,4.4218545448963855,28,0.5964745775439524,7.8086374897717405,47.328192148937184,0.6415288280434004,1
333,1.1607264050691624,996333916056741.9,6.865899134926067,5.849255997008677,6.475170136531374,-1967.8021615574949,0.034823936865066685,0.18492974942240448,11,0.2749791919736402,7.655934150963532,12.3308711345337,0.7743107881079663,1
334,0.4600264202175275,974793162146783.1,1.1448763806590512,26.712285516579854,3.871423265732403,4665.58439380544,-1.0275018783093253,-1.4769111579082175,16,0.07964512903476584,0.4834923595245124,33.418035105869706,1.24518759312538,0
335,0.40728802318970136,650325686346936.9,3.838388830449795,22.499333953562125,0.6401975419987197,4447.073816724816,0.9790029265196889,-2.659422249825009,47,0.42960274344854676,3.546027531799697,37.00746968487954,0.31626529143872917,1
336,8.554605840110073,199542450929145.12,4.562365089555421,27.24685466100969,6.034665282621295,-1651.2170986301498,-1.3270536835660325,-4.502189984769562,83,0.5543225980836554,1.4899595063981979,22.406434973257976,1.721208980699419,1
337,7.036578593800237,680228242431291.4,3.690530217609166,22.76145963491762,9.03379243349568,708.5393627876156,-1.2402610253559199,-2.314999238025046,25,0.32874598834960655,3.8827591770753447,46.87629933797915,0.8950844709325485,1
338,4.741738290873252,72198408979175.84,1.2102500048519305,17.914659179709055,3.893832122877792,4095.9539111094437,-0.15715131460689813,1.5423577994531792,82,0.720433702225778,6.641417943996699,36.83283676093952,1.834043423761113,1
339,0.9783416065100148,30652502205806.066,4.1894779018747546,19.62398211083621,2.2416944985451877,-4938.161773591033,-0.8548805515522364,0.3361693130921086,11,0.6437706081012446,7.604894197943122,22.896228993044893,0.9357398272678632,0
340,4.916158751168323,257682888511213.7,7.511780478084181,26.6738377182003,4.481515724734872,3106.8357033759185,-1.0101480750674146,4.440412782809274,20,0.33281836109167195,5.074021227612299,28.466760088804698,0.5500805178814667,1
341,4.734717707805657,462622956739316.3,0.7100766453325547,17.364202635358215,0.5787908393829306,4483.695527889189,0.5809505782133266,-1.0372273750829941,41,0.7548725289085606,2.8312453376945363,34.630672171255036,0.28365765737534976,1
342,1.7320186991001518,868272505408380.5,0.8018001408190345,18.97173972985162,8.222827086354721,-4086.7426566644294,0.603886980874178,1.938633423283945,60,0.6486950425330354,4.826604525156787,29.609509021460912,0.007490189422569626,1
343,4.33851649237973,727169069766308.0,3.547712918359842,4.694301480108018,8.28077402840685,-3385.5231396707895,1.298068279199717,-0.10677252524878611,57,0.6374453787179021,2.4960104488676027,43.93487919130379,1.0643149699696712,1
344,3.9850473439737346,742706521199981.0,9.417257116189251,14.217636603483081,5.921204587953321,4607.463027713555,-0.3291657321080965,0.1257621592421163,53,0.553427700787068,7.278589126656483,17.84443311402006,0.21431339385384685,1
345,6.158500980522165,425493334448075.4,6.6857264672291405,21.49191335874297,3.595718600490056,375.40143640346287,-1.707659635895399,-2.322256853958825,33,0.011389668088552796,6.963203704846696,14.994287002790246,0.7834555272623565,1
346,6.350936508676438,345934992546962.94,6.786699566725648,8.128280949490962,8.017855308013255,-4858.033655282763,-0.9053344603141693,-0.45049223158000284,6,0.6965071834768891,4.465854002237288,10.691944474763215,1.1785435224741734,0
347,0.4530400977204452,371038762984602.7,3.6191999083786497,6.067625415736048,5.5914015454048345,-2423.6800123647085,1.9200218527872677,-0.2921500298729276,34,0.3760417911091565,2.5983913230428843,1.8891484032297567,0.5513717938054006,1
348,3.746126146264712,987649563736057.9,5.9366079120853845,9.414804246732466,8.27672985464516,-500.5632573114035,0.38503430093080837,2.066425217489339,14,0.9426097101586556,2.347117404663827,2.150698219002767,0.3504485847322305,1
349,6.258599157142363,40109191412482.484,0.10131184027743378,7.245018839785003,6.351442046571904,1929.0891102476771,0.8389483392040811,4.406399991861139,64,0.8179847710772054,0.2673439576404757,43.50275965546414,1.5494432452186833,1
350,5.031362585800877,867031496122448.6,6.360960464095422,6.447379111091875,7.865614184806693,2331.603781367996,-1.9705686814983419,-1.7067872251749572,89,0.5876944695313122,6.526566808202362,33.919657320295364,1.8935823445632411,1
351,8.564898411883222,578675408572393.4,9.132869475762368,12.745525286042609,6.025773632855824,4954.21512925456,0.07282292873008345,-4.5779953141870156,98,0.25218198181926943,3.6030657043120637,33.026620771824305,0.200880835723932,1
352,6.58693631618945,438615419189590.44,6.125734683448192,27.23515541650602,4.199996575335096,-2124.88800616241,-1.8498853698727875,-0.03704874499360322,24,0.20371739327766658,2.6010634272021154,30.732140946744302,0.3111806487700157,1
353,1.629344270814297,725257660415136.5,8.736985934663451,15.211789402161548,9.583664013268763,382.20101868475285,0.2769208483657919,0.4446133214916861,58,0.3403848376775491,3.768882839982031,42.46095723470524,1.9200253145054373,1
354,0.7056874740042984,486668941424702.9,7.239730554660938,5.637611424459691,5.457026866300563,333.2354785960497,1.6830833985443014,-3.3155944886808477,78,0.4765679435800185,6.549903923637216,24.013346283281372,0.07556844362449255,1
355,6.424192782063156,873423238081660.5,1.2055841640369025,2.309150081426222,6.09038623355133,-943.547405527625,1.8736765220016314,2.6046460627606667,85,0.2960655100389471,0.9969136616601695,43.52054142791501,1.9552646731009444,1
356,0.26511310541621813,900701864011258.5,9.024533072858418,20.884684354137757,2.2828276302060178,-3308.381061575798,0.1622107015556966,4.849291084414917,5,0.5149294953924828,6.8612479059346185,17.972251309111957,0.009288966169977542,1
357,5.8577558127346325,421720926873455.44,0.6644384435577488,11.483962933091634,6.293942815330037,4774.565631838426,-0.16718077899113615,4.457747170084609,51,0.16537042551318593,7.180070680866832,46.335375216954525,1.7473373113026627,1
358,9.402302414249576,276827797235051.56,5.3396747254776376,24.654928397560777,5.758915729881144,3533.17186666586,1.780068376993976,-3.0289396117634784,78,0.9777128128254999,7.5736633202711054,34.93284900406201,0.614650361975499,1
359,5.75474177875879,592350328593362.2,1.4213712379345766,19.785323059223106,1.929900139675547,-16.669717057628077,0.6944393279867804,3.753632399007607,87,0.10792455496499387,3.1799039393810222,12.858856801221364,1.877177716354593,1
360,3.881699262065219,912363345616691.0,0.11706610730904066,23.887243516241057,0.6899122637961228,1032.4542268402984,-1.7404028818463622,2.0449363641168468,20,0.9319441396543721,1.737123232301375,28.204246084431254,0.6338905772711709,1
361,6.432882184423532,210662189005666.56,4.22034260127639,8.158381182553462,6.083157265176234,-2727.389464403377,-0.13709768933000976,-0.4615343619308838,70,0.9135780114026949,2.989126547733588,26.651528074412777,1.308612643068112,1
362,4.582528904915167,622966583563482.8,2.9504070765415626,20.770767673831745,7.660553466568174,437.87070391746875,-1.0390199261427844,0.40610994324729077,92,0.525360481819498,2.663296769851226,6.894941086516698,0.1600651395318733,1
363,5.45616789315935,631560220092520.5,4.86000493797603,7.921859540811563,5.281673572127882,1949.7013312147583,-0.12078271420527376,3.496001749824581,95,0.7249102718360844,1.4092313000228804,29.562145287530704,0.484659622907478,1
364,9.41464808776525,733113022415281.0,5.771998867345508,28.172054383508748,2.3450489906644925,151.67028386588754,-0.17813771197455308,-0.19865060361626874,31,0.4360482979725878,4.8581333608119035,15.739281185847897,1.5473586929585015,1
365,3.8610263780077423,131567685127259.8,0.4373907230894736,19.09122844600123,6.698567569261046,4902.851705849413,0.32857921125896805,-1.2679263089487316,52,0.6300345775424382,3.812993284069031,2.6174383404801214,1.0573717073576394,1
366,9.611905638239142,715824964682088.5,1.2300329512374564,9.735354005260263,0.8930466934350623,1113.4165624772622,-0.5729180386029951,-0.06752506974014238,58,0.3405759374211187,6.925607938592029,47.432807885328245,1.8559381235740895,1
367,9.053506419560637,909032520665641.0,5.586423964504253,8.085355868768179,4.47415367753935,-1290.2628740783093,-1.3429182021762878,0.7912980403504912,68,0.30115901978544535,0.256876643856466,32.07451845321439,0.8575028166827086,1
368,1.9579113478929644,179683108870241.97,3.4316735317265823,5.727797552149305,1.71733090814436,2721.5202761583814,0.014877738359825088,-3.1092234622165114,61,0.5782297861695137,5.150943420441011,43.84594659354235,1.7396247316278461,1
369,0.6936130087516545,237543324923877.66,7.29173487549448,20.839228766811832,1.9261446054928455,-3295.3748841835795,1.3208115373830482,4.0090773026699065,3,0.49812967418398035,6.103591028092489,33.802800250662656,0.897910874956475,1
370,1.0077800137742665,971395094041639.6,6.522916485919397,6.561468389937819,2.1027100966662164,-1154.8418629373346,0.6560489122704092,1.741869488296138,85,0.5795363691499811,6.075892553506456,17.849184607005647,1.9584965574039706,1
371,0.18221825651549728,180976952709489.78,8.456043629899067,17.85909797782467,3.9283998647353813,-1530.4104962241418,-0.6465285362991366,1.332689173374889,17,0.286660581287023,7.088591736764201,25.634403616440572,1.9196687627977536,1
372,0.944429607559284,854385093369579.1,6.924928266692253,7.9390508077607205,0.6063870356419365,-681.9290489222276,1.742092091035429,-4.005037738193619,98,0.36695783181699526,5.8322699426359526,33.787338017358856,0.6582734111121606,1
373,6.830067734163569,492277856448034.8,4.299310773901482,19.85906834381606,4.038155065198072,2817.798259287263,1.6488302849967287,1.0417393817259182,80,0.08389796062890931,7.42248049318157,48.01261626007188,1.7718473408336064,1
374,0.7118864846022899,247231074403177.03,6.729666223944324,24.448191856216177,5.1659037264355385,-158.26967836592576,-1.162606402463605,-3.790393377615077,55,0.05227637227220572,2.6612527985671317,12.683472956084824,1.6952227484312985,1
375,3.189756302937613,870749901272511.4,2.753811742554185,23.340757294339596,4.88461342116662,2940.1445026596275,-1.842329659518548,-4.213023248046009,23,0.25345712967301626,4.025675334012345,43.74885293120588,0.42136079465512566,1
376,8.448753109694545,445305255002665.5,3.063134987782127,22.82553992792345,3.8895625939901017,764.8890313986585,0.9652348334030489,0.2731089564239326,65,0.07424685933054576,0.1126373062631254,46.20389026471347,1.2485808015665394,1
377,0.23271935735825866,514817353929690.2,7.889851599207933,5.631672170767562,8.40755141990045,-1579.3056534244465,1.310441045396613,-0.9721446595350507,12,0.1037747086347407,0.0556606984263297,33.520775732947826,0.14536463117962972,0
378,8.144684825889358,359233369399765.7,4.4641951640158215,2.651548409535561,1.5387342549629908,3099.7874368347248,1.8714582638054211,0.8881027015622323,61,0.8129284053939371,1.9210129636121591,46.56333137006689,1.6734214411669233,1
379,2.8185477477339993,592950851434927.4,7.983803405183525,20.96846485462157,5.106397763435602,-2617.103294469084,1.559345576353243,-4.107778319427614,53,0.0388736970166893,0.8064575771126821,19.893929373868424,0.34909176700699307,1
380,1.1816482762165625,163523872585022.78,8.224223736682784,11.05041641383054,0.7142100278698875,-2756.1702020020452,0.4021390728256593,-0.690169371527416,14,0.6589427939347428,2.081690943486029,47.65080880202214,0.14162940277152902,0
381,6.967371653641506,391081536651760.7,8.575623376612837,12.970386792100419,0.8044412208913064,45.02924054835785,0.12020935684952327,-3.2521328495484205,68,0.2725577488154005,1.4163463562271792,35.139143858298745,0.8004381910776224,1
382,6.28942846779884,969412322335287.5,9.166352358412073,0.9344727838017319,5.781271911803254,-2391.5075403791107,-1.8886357949496548,4.871000859241166,2,0.8715456807081264,0.2281601987091859,2.100288370940595,1.153844277199287,1
383,8.77472013527053,258133432701127.53,4.309852205132962,7.787293478251476,5.703582406389427,-4909.129650487836,-1.0133742126208887,0.6115021243517438,36,0.48499228457749954,7.274433171248395,45.343641590952636,1.709833917119542,1
384,7.350710438038858,656736664541292.2,3.188668183211388,1.0102921162339207,8.792531777160123,1482.9752729880156,-0.16154099306829428,1.8743686094086733,36,0.30557645932782573,0.0657850511111322,24.223640451659627,1.948485051043473,1
385,8.034809303848485,325190064224694.9,5.821987465941138,26.375573178037428,5.622949389034725,110.93821472398031,0.5140156003342713,-1.745817193173922,100,0.5176389356894345,5.888657154696683,23.016349238891642,0.8789850251397273,1
386,2.820345725713065,773473125686600.6,3.711724234376276,7.301900496555914,9.601931102008017,-544.8218550683878,0.22900733327364264,-4.052610852206558,2,0.3819580190452688,1.2171830953561322,28.323330298981713,0.12089384597054043,0
387,1.7743954377972282,130873660718349.83,6.010741668002329,16.72011508719024,0.5820789991593047,4669.685146183154,0.9705439587267621,4.758708627835366,62,0.5643010646698302,7.2978369759968,7.469227338561396,1.4982311580517413,1
388,7.506147516408584,969821045078544.8,7.055858626438246,1.1693796198339124,1.0702760793293367,711.9918396291368,-0.8809322764518366,-2.1374096461681678,34,0.11453286832634824,7.142367516719086,23.458302428369933,1.1303465124478749,1
389,8.06834739267264,453789541383639.25,6.884050184921369,20.00542173916974,0.5362520295467758,3634.3157778938457,0.25981043060989295,-0.7619181482642574,51,0.9969905028125511,5.231209170954059,41.55636083588728,0.8957826896889263,1
390,9.905051420006734,236050463346463.97,3.7455288702012135,9.690820372622817,1.9342408183020463,-3605.4976379483983,-1.6474310264368315,1.49863921702575,86,0.42555587769671754,5.377873198404841,0.7741229568757668,0.6185377575843793,1
391,4.126176769114265,73496747330012.66,1.6686020169875282,26.937575608729976,5.458574098322613,692.0646312942772,-0.34533790566717215,-4.753027023138888,27,0.34823063970736867,0.04271313575750835,13.645858016218565,1.0047970556870713,1
392,3.720180857927832,169757905087540.75,4.305293384622075,26.643545668021076,6.491164596131537,3679.7962673090296,1.000643331818404,3.1025913051728686,93,0.7102098483162649,7.878972528908816,0.122729322192211,0.6773592089140619,1
393,7.764129607419968,519773948556017.7,1.4259414408190874,9.758718550852434,0.5512930636918211,831.0575727989799,0.773603413716176,0.36578190028620305,17,0.3638994064953325,7.022660828606515,20.785565457492417,1.5140237354947206,0
394,3.4080354025301784,337003176431286.3,8.900970351838083,27.028826870714038,9.465111809471432,2180.1417812700156,1.962570948688716,-2.2178281293117785,35,0.8332743050287577,7.160849805840736,36.41577552468674,1.0877873929852822,1
395,9.307573256035647,828883365882609.5,3.458774607378574,29.884730204963365,8.437437228838773,-1279.5643218779264,-0.888435496048976,-4.383920147075307,32,0.45427072436042526,5.2739562964069755,39.93859145573143,1.753695548308224,1
396,8.584127518430119,430887523661805.94,1.5445974722332378,24.76246992371844,3.0364635733552223,-4075.504829629334,-0.007242803304083445,-3.375015845255586,63,0.7195584132654349,2.7582954292362922,47.25948805635033,1.0870878292988841,1
397,4.289940273750183,248714272587629.9,0.2544775990575088,25.34614043265687,0.8641565492420328,-420.9970487292858,-0.6818783449040131,3.9503385885343683,25,0.10745321644188655,7.1491891927238465,30.425230648539326,0.47652482667986007,1
398,7.508710677914974,617144986604030.0,6.458223862864843,7.470262083272697,1.781882024868667,-1055.2060916114247,-0.23758754376330105,1.86024223935891,47,0.8461191855551118,2.3321354252095388,12.731343332644773,1.702183764464289,1
399,7.545428740846823,706777216885445.9,6.369023174547433,17.30107196573269,1.3567496961742296,3670.601823789473,1.4278005194775525,-2.500982783631102,39,0.7357179867781098,4.501692346737623,46.20739745683495,1.1144380898600879,1
400,1.031238688359326,167041907900949.88,3.406041665812917,2.0176774190210356,1.320509415059574,-2560.0469764752775,0.7368363007539465,-4.343992350549705,16,0.21171677846196568,0.7978477787510592,38.765787694018805,0.4136820762871225,0
401,9.025529066795666,167619216288317.66,0.7171188884765101,2.8475381046500914,5.233760717790766,4667.34227535108,1.5297647653903268,1.9061531238663632,39,0.14528600974578665,7.375645041062001,28.721424150157226,1.2470156199124443,1
402,5.052523724478571,36671426933542.97,4.096288948952321,29.966778360998717,2.533889680684663,4581.381198044961,-1.1859555666724542,0.7240772596776512,6,0.3162923487256244,1.1261636621697066,34.782010785946795,0.7154335298848551,0
403,8.264574661077416,736402015065640.5,3.1121749506339356,9.799177482777328,3.6455831936385303,-2523.683569285613,1.493444471365752,-0.9548047554176495,56,0.9760705860319043,1.7991744458432581,46.21581775037146,1.6888112245841316,1
404,3.2004960103061175,663804527621805.1,6.7712063973500936,22.44551736146539,9.896102800504792,-1519.480445226795,-1.7609509032864623,-1.3638855080993615,7,0.25683157456705863,4.46507326502572,35.619701423646084,0.9065994772930857,0
405,8.955232284962005,474630875749813.9,6.057792494526904,24.199951590804496,6.874711064360913,3955.5574087388504,1.5543971217486097,-2.831857240708917,55,0.4561272089466333,6.112744001703852,18.4187253792367,1.4528827162148334,1
406,3.892016787341631,844170448969197.1,3.6459372819754,25.740698130216877,9.494908603765314,4666.222208961075,-0.6837048821570884,1.6961125653751763,30,0.030020225717336313,4.954810447490392,35.65141011445483,0.19107241527247432,1
407,0.1083765148029836,805670152950053.1,2.178925542549901,29.928848922064695,1.5113098948278445,-565.60897163956,-0.7416494663437341,4.706680277938705,58,0.39722752956623253,1.8570713024012493,2.0139081367693934,0.7920486926046924,1
408,9.053819764192637,585354364396752.1,9.880359661555918,7.2448945577060355,3.883180800842436,-1790.029543591022,0.04835430679465569,-3.2428475416317415,57,0.5713200154331027,0.007544340219922674,19.32077809152906,1.9664828729447974,1
409,0.9128667678613356,868271280513258.6,4.540016211961149,1.2105248057909912,5.591844852495307,260.9401325154204,1.762760750892927,0.9711662001550341,11,0.9531246125079651,6.057204642459514,20.316151592278963,1.6169205789542966,1
410,3.1931363759041487,205841210036768.25,6.88274235780237,12.335745539837578,0.8599048126985064,1877.6920636573477,-1.8088745412743785,-0.7581494425402378,47,0.5167360449400644,7.88165860728875,8.341911721041734,0.3198816047338573,1
411,9.50061967050805,111919619397727.88,1.4055296757836078,3.9024200948684085,0.14145569191678287,-2265.254846250202,-0.5910760997170188,-0.533112782553351,30,0.8191073261776878,6.479304962448723,1.1542740275885088,0.5555280989545102,1
412,9.506071469375561,269749611516989.62,4.855896996593978,0.6727766748616537,6.7372999045894835,2364.731746190728,1.426287954733343,-2.458527198721856,82,0.5471276425689006,3.6816529452529227,6.669061831887141,0.6596316177127222,1
413,5.734378881232861,57086856089314.85,0.27536719869465487,10.812804814244583,6.45401321633421,-4483.42642885359,-0.41578209025813306,3.25134875661419,62,0.0407850134355181,7.230138091192853,32.731074789852755,1.3007311209908914,1
414,6.318372121697992,531169528001032.0,5.054551179104499,23.512147532257092,4.166809218996156,-4507.055072355835,-1.203372409611732,-0.14744395852758885,73,0.31500827518977403,3.2787813849468,40.11444081818438,1.513989518979311,1
415,4.4844552197831975,936605692294961.5,9.640174071177023,16.985420736752125,4.947476352717123,-1137.1229485445479,-0.3008232746743529,0.4340585219826405,38,0.5755495078311033,4.19947267394774,49.41017463634871,1.4990532176158196,1
416,2.9321077169806453,39343540668509.65,3.8420671298580023,9.383339676310621,4.212885705861687,-1465.2680793927943,-0.45778999403332277,-1.9523908720267427,75,0.9505939659311243,3.817038139165466,17.318175155424715,1.0197481126128056,1
417,3.2866454536991596,122109914010026.8,0.38996012574911587,19.630260164781593,0.33764994396439973,-1843.667846328477,1.6616648058668138,-3.1819153433305027,19,0.8591303597512333,3.5809909813241996,29.968961113055087,1.6216410756763024,1
418,6.725184560770384,452199028283435.25,0.3095579091934353,6.960545409264322,3.420178901552878,-89.8023733109003,1.0477375029723883,-4.140896117971796,100,0.22835561417884764,6.201526154351246,46.857248340756094,0.8741561655149501,1
419,7.5237452943768,933875017527904.9,3.879867599468695,0.43144338216255074,1.8531143284331695,-1792.6641768842878,0.0204622229760254,2.141191409249159,47,0.2201098300191635,4.214151258155936,8.35208906690763,0.2477611305911238,1
420,7.915790437258485,316156104976750.5,1.6002493646319405,22.93060159309282,1.0743994721035506,-3077.4208153190807,1.9534822668862843,-3.0376571831214436,70,0.20117296711390076,2.5337369762017286,35.88227931713713,1.1288836833076266,1
421,7.896181427945539,507234808688392.44,0.23352096328185912,18.712292545920274,9.571532295504563,-1905.3045091139907,-0.13888987489630678,1.900753541887977,53,0.9224988963025031,2.0652653412678266,37.74893665745816,1.9046027692022134,1
422,0.9120610304869037,41572859050392.09,7.562136139501768,22.8690787350288,6.03366127791744,4749.042728102349,-1.767048676718899,-1.0962355395304613,77,0.8526661531017207,0.3019785357394671,4.4487767934669185,1.5859873027850226,1
423,4.944203047025814,148343200962088.88,4.585230088818907,1.1681405006299683,7.313697213942366,-888.8658300515144,-0.9509027127400604,-0.8422519901034855,74,0.7748834322529488,4.665561295064368,43.062469259153254,1.1574012953844848,1
424,0.5755876001664428,986630122958846.9,2.8924477197265452,25.113588834919565,3.2221010583345633,-552.8722314166425,-0.2557180791227496,-0.3082250390722834,70,0.3927351142242276,1.8396913232082737,40.655252355542196,1.2936113206981938,1
425,5.495288823237355,965118696436045.5,9.000831830164808,18.5857860010891,3.9921565819907507,765.4498995114,-1.3723895034155196,-1.3229149187245683,28,0.5043807042987668,1.1850713761310647,1.6701503288717223,1.8611240540711453,1
426,4.41530501373377,4939980934409.615,1.161389602005256,16.901860521379206,2.4455475395775625,4833.407684142267,1.790260505296172,-3.9938002277740994,73,0.4643317447951528,5.230639710621421,4.554220744002574,0.856685588869921,1
427,8.877041827582998,951811785423239.0,9.559188289553193,18.738421443435946,1.059960142557705,-2583.98723564237,1.0673955912710924,-1.9036818999715424,92,0.25339810755937264,5.449674062572391,2.456344694592616,0.6627882778852747,1
428,3.5091501255207866,639119937815500.4,3.139667173773528,25.932997406050923,1.8724132106716798,1812.8211053243385,-0.9268511982889094,1.6373436069393845,72,0.505028046148767,6.017239138061328,16.73717658996811,1.954483130000898,1
429,1.1706701642760586,867918294520022.1,8.884036723086812,17.608095196767213,7.99538904843521,2159.846935417241,0.36321813407166337,1.6578440146887097,99,0.030496547852754463,4.028615170708732,25.46444953399631,1.7268862670206668,1
430,1.4299168205283586,454739855633859.1,6.029428764794615,17.42851139664538,6.807703471319381,1073.2441679306594,0.8857966284382881,-2.1377569276000563,47,0.13181037349745917,7.152436841631093,26.61738639773144,0.6460871692372048,1
431,7.615106317174723,515596028579250.25,8.267073597414875,29.720374711972973,5.514595872256221,-4114.216603633559,1.765115715627192,-0.39897373442312034,73,0.8865895961689464,7.4907420271858225,13.383337988472132,0.9275611947218456,1
432,6.182180633162611,488846580256920.2,9.840131632104644,22.70190501205704,4.803389741381004,1768.722758275765,1.5265413967016426,-3.0655277198806252,82,0.7516797670314233,6.458967518339915,45.579844328013706,0.8301562580155981,1
433,1.0112267612279024,666864257546104.4,2.8840543781874572,13.268814163534058,9.232099408195632,-4359.052889638246,0.060768904552854774,-2.8962791847016423,55,0.42286840905908707,5.084747856065498,18.413139493595658,0.29819135734286784,1
434,0.8410680611499743,139651254756312.9,9.61135485407593,21.221910000987833,0.8200759830088172,961.4264954989694,1.0986104791720703,-4.769529115933926,94,0.5171503622838772,2.4297676287295094,2.2775077982676253,1.9156386476265181,1
435,7.009691314591199,29973589872677.953,3.8948189490242036,11.676914150753655,2.8779480510553683,2395.8117722174266,0.24857901531034,3.9674654990774467,16,0.36999888595997743,7.863559372961769,15.011355577069319,0.8086248624395176,0
436,0.7276300636419353,307929941591190.94,3.8551190473692234,6.86626387450497,3.564384750350069,-2890.301093800496,0.2108155601821604,-2.8929333492509377,8,0.7407798671606725,2.1930893375355067,26.555471127207774,1.750658165275816,0
437,8.218600592903563,704680762736646.8,3.403871042545057,17.905556306632782,7.8460155409066,3416.22007542774,-1.5410321666472324,-2.724661230635367,96,0.7841871792320796,1.6212553759234485,20.411091129411602,0.37871245536133014,1
438,7.062422271564962,201853452122948.38,5.414076073475852,27.845462943418543,9.925894739603516,-4696.461944669957,-1.4954493679353917,-2.203985673548682,33,0.7632851902031591,3.537232910292662,13.692125954962957,1.0957416212744395,1
439,0.8134878064189976,673432433324917.2,1.541450431784871,27.874185600463882,2.4826380960958154,3438.12863658306,0.11813446008982975,-3.7259192830457097,44,0.7226117248344496,0.4547245656991077,6.566162488215871,0.04792277024853964,1
440,0.8483771408519192,969912046107270.5,5.537114853580112,10.25715834316471,8.755642607957098,-396.70949357234895,-0.9245538200839736,1.392628831813628,87,0.20450433869279583,7.827955717374326,40.95822500481149,1.5284409676846171,1
441,9.866395785011754,93900715789418.39,5.41704812410004,15.83032398665085,8.323165328274733,-2824.120600683555,-1.9158523901581255,-4.248570468224134,8,0.3379699792404788,4.7074684513313985,49.80726210620959,1.1618277964925567,1
442,3.742707957561203,672602118225126.2,7.6190181260487,6.349076957095836,2.3241082366534895,-3662.21855006032,0.8913568156008491,-3.657975736736497,6,0.4698454349836749,4.455616733313402,16.477106676194104,1.2511791669395054,0
443,3.706421470668909,443750219304571.1,8.336499619375855,29.868933284966502,4.053392543972303,4533.071675823725,-1.8700536132393402,1.447567265900929,15,0.3307929914276556,5.246370239197759,19.081052208830197,0.10344176510930692,1
444,8.127995672575025,868142254377505.4,4.404413503124241,29.43353723603807,4.155761405995939,-4273.344124188433,0.3811073644162182,-1.6033937951855726,18,0.754940200158329,3.976189182217653,30.90187623384785,0.4220766604172308,0
445,9.472485773838587,177149789447385.9,3.0233324935149373,19.48526789122342,9.784384618412927,-3009.0658006407434,0.15677517650925754,2.0794782670118908,5,0.3293535242499547,0.25650813675633266,35.922073736777065,0.14866174470716031,0
446,9.860010638228708,692625952226164.5,2.5933489731709445,24.1324217903242,1.8908298236510936,-1521.7765256695402,1.8752587623112178,0.5742474467014205,10,0.13823208678533716,4.898490310723174,19.601476740179564,0.5778286316076235,0
447,7.533781852589416,838115289648110.2,1.9462383670487193,21.453004838511,8.011663913937342,1202.348489611205,-0.06314744260943339,-2.439788269384869,75,0.3990404520483041,5.729391015651445,45.246475849090764,1.254878015364302,1
448,3.762595855309158,944614219474023.2,0.5764758219902488,17.794746571184046,3.4085078703137883,448.01085276098365,-1.7455942544888106,1.5082795048932809,60,0.9799144327823803,3.333992484992425,28.000199461445916,1.1323719686347504,1
449,0.8350071669866876,683248028289645.9,3.424479788347133,1.6004399096669308,7.335616423183988,-3743.56507587686,0.2067518712258467,-3.8372631970711932,41,0.2258814129335759,6.058364576569543,22.51950382029655,1.2242996432267805,1
450,7.771469159274368,497174764008427.3,2.7024769213078326,13.642930276579833,4.258108942527062,-2102.720162617854,1.3643846824644057,0.3641038308003042,12,0.6121586589432291,1.816010394707365,32.333637657995254,1.0985025427557886,0
451,5.58404249735805,617847240201213.9,9.664173858664073,20.243589065022316,5.825761654853746,-2612.4822891397594,1.9873971371257597,-0.6285189495496537,11,0.4329730498397063,1.7702127285294722,47.64019241245866,0.5460575913517187,0
452,4.242220092469763,868904984478718.2,5.577088262500439,20.32594841651054,8.342856555928698,-2864.5714550965863,-0.27862730524371004,-2.321264171825592,84,0.07102456764932663,1.2913359015005916,39.727614721085274,0.48901499468885046,1
453,9.06354385094736,570609746638829.6,3.4727703903050755,11.193678552671507,8.061239093340454,-888.5566352001297,-0.71880503001303,1.0400499773950012,73,0.4878766059980595,2.975958078313295,2.000656526756217,0.27411936707316253,1
454,1.1119748230615134,30387059696836.86,5.80467600993696,28.250759599740917,8.677589517043032,2040.3145259165685,1.6266131878079957,3.713335923402825,19,0.7021643286483125,6.776096283112668,16.615495536997983,1.6981417498069842,1
455,4.926251042908591,930948695506977.8,1.391967013456955,5.02071096710343,0.6902115209121243,-2825.4706778276404,-1.2350314836955145,4.989046997630767,49,0.5132199758278188,6.623296497192515,23.527234247561136,1.232958717082489,1
456,0.11353644767419069,689526751031561.1,4.4404374920220295,15.010783386466818,6.951300475093474,-1333.2112029701857,0.4617156601317065,1.0776276874342452,35,0.8721060637465811,3.0625936637080304,15.725878610455263,0.37302202500811954,1
457,4.6866064199412625,676513385777246.5,6.262343214210638,20.726519296524685,1.4858750295454526,-1090.8257315883775,-0.3771423032762091,-0.9529412567082982,91,0.28893701665758265,4.7129498878418925,35.00937804152283,0.35441875964247904,1
458,0.5630327568183735,215675152397717.2,4.888978317924514,20.914074176754276,4.216603823382268,4764.565294354101,-1.8356705401777789,-2.7479289978379837,87,0.08624917130396492,5.766530531799325,41.31345749312905,1.7460712030522734,1
459,1.1881791626807192,658885470232657.2,4.017788006543243,19.459168703064467,5.531025309041416,4546.663568790689,-0.610846102777209,-2.4290391060488825,68,0.9365656116580061,1.9296541970241838,36.56725475926358,1.4854617275266386,1
460,1.1752624677710488,393864405654158.5,9.938483888996982,8.258646403555804,4.087120898993624,3001.3758275207592,-0.9390859099893016,-0.20545021850234324,36,0.378196349528219,1.3451286871579766,49.46666434141376,1.3187981598107428,1
461,6.492103021160636,651232977041492.1,8.80314762148927,4.686197060598659,5.244155590449774,-2583.4107918081486,0.7443646157739474,-1.3272229871929078,11,0.5764055514536334,7.776767945698488,13.627382394651455,0.8137282150785996,1
462,7.460448792654233,106593030307990.72,6.234059581594401,19.078209804801325,9.96561045710633,-4319.626859083303,1.7951619907676726,4.138145226249442,98,0.792003126130196,4.940458505676948,43.74947475122107,0.5239511285570351,1
463,5.833687650971596,657845304603036.0,5.693773611822827,17.979063484183133,1.438651405757262,-1830.9586227937525,-0.927811250485449,-1.3170453234429047,39,0.3243136638755806,7.851325774669311,38.33113325872431,1.9589015262256475,1
464,9.621725484745419,999413725770666.5,6.2066047982458405,5.3806803086772295,6.787014848830613,-2332.0545056616916,1.245863756606727,-1.2655540885456453,53,0.7161645381776112,2.7020478970578328,18.108937877907305,1.5944791500456004,1
465,3.748705795237041,48212038860556.03,2.0131210782243327,21.1541743671169,4.020409567217591,59.258001463938854,-1.778560732246362,-1.1646548756602302,1,0.13541884981782804,5.624253599793052,36.70622718284843,0.603558446272553,0
466,2.8571208628186073,977174184221317.2,3.951377432643186,13.655159752009693,1.416797009182555,2777.2791006779307,0.15248404015925265,3.3662021036765815,49,0.29129374720550527,1.7808290923299017,5.203797820912348,1.6951295925569894,1
467,8.685991281894603,406907960722870.6,0.3945953289089932,20.032817748094587,1.6714939574056644,3583.2293887885808,-1.7177997451604217,1.5078832084690186,40,0.1447106361365199,2.0896013701913034,39.466674117027615,1.517863897229363,1
468,2.235958385194526,870753450337259.1,4.7554603748682664,25.12101239310452,9.497803751831608,3448.640854105084,1.7361319645225572,1.1416885031889272,44,0.8112305584013578,4.095216970156992,26.61653012935513,0.5941610997559967,1
469,9.632225394406113,782385484058273.5,5.4302458395766315,5.091852857307694,8.808054817446443,-1403.2443877693222,1.0654051222295609,-1.6585697761613782,8,0.22264923522678537,2.55694500406457,14.61450863546266,0.8531057084832794,0
470,0.12154474689816341,567016260986667.8,2.277497361032096,0.5743460399051004,9.079715408108717,1872.3434346068289,0.6317996448183694,3.179041768324394,61,0.7174035554052103,1.3409725107246757,32.788865089209004,0.3719068907820533,1
471,9.69878826707639,738449209251326.5,9.640288471655138,23.373077591873603,9.916174480691126,-1871.6580247577995,1.295585526498657,-4.616361386442989,85,0.9432983972456526,2.103045615914608,32.08099993572045,0.2221048887562187,1
472,0.43159911950576113,878515561301347.9,9.09454610937242,18.290922754578478,2.162322361084328,-4390.944567648173,0.5900791822806526,3.7079717233811316,46,0.527772209068877,0.28598715572691713,10.474311135979985,1.4455240656793935,1
473,8.911431136980712,404140321651033.0,7.221432354559059,20.989187088663652,3.6188494399042117,2015.6526560294233,1.8757775886971646,0.12749899793929576,4,0.5400291922606877,5.635388971819893,1.5198707405763068,0.5350237147077332,1
474,5.277011090862999,327033161563238.7,5.333866287653626,25.144649249659278,6.725268396256181,-4901.724474302122,0.855831791459086,-1.017497651365872,75,0.46103356809781204,3.936933256686893,21.681129345083693,1.6401187314925072,1
475,9.929647961193004,667593385563584.8,8.69969159647685,24.084328044735017,4.889645144620408,-908.1741254151143,1.698634438328987,-0.02832719282314322,0,0.32589014339364275,0.753944531236205,28.47559346722106,1.9912174230288522,0
476,0.7379656473539886,807845941941258.6,1.3065234382346291,28.82760440786474,4.242056380445502,-1706.2073069792427,0.06852756804255211,1.674155305338311,43,0.4756550309249171,1.3735519450279297,43.83026391852992,0.15323962785929734,1
477,5.538542844013207,762285134776615.8,7.90509794274885,16.078052365563547,3.6423313684223713,1933.7753851885245,-1.5317423480725494,-4.872345734821026,21,0.6028075322667594,0.8202763049011521,46.41083978237972,0.9460702501674005,1
478,9.69302535619099,797813648858634.5,1.248208139668483,14.654868979797161,5.978428256240177,2662.4547276037893,0.11271088569206844,3.715518564582478,37,0.9859915721706594,4.900742466207012,26.44026090783832,1.6041251186216061,1
479,5.230978441701488,435583314812933.0,7.942106625494054,12.056615996721902,5.798374943536811,-1959.0536402871617,-1.4925086877476268,-0.5326047468860722,18,0.9377645593182242,0.7536829088999504,37.69017418842724,1.577901793082467,1
480,6.293986381352625,817834216175021.6,2.7576756825135695,4.610731285326136,1.6984325572359769,3116.2701444485356,0.3699739167056202,-1.5703348029992181,79,0.8621529582931218,6.034258664281729,21.965163616399845,1.519994316661937,1
481,6.957486889846171,120209055370608.44,8.770905810181889,17.178216986460672,4.770224391432547,-2060.8323949506625,-0.07002775788934823,-3.617544343659429,30,0.8891305357048583,0.1640873545631294,37.30410782864465,0.6979898706038219,1
482,4.545410647677732,544489097960849.56,9.440420938253979,8.310375729779363,5.579370584477513,-536.7364001343876,0.49030159133112683,-0.6053462564155785,66,0.46784918329204295,1.9950063039671369,10.240076246958346,0.9077065113701046,1
483,6.275580800840634,5758660498121.57,1.4879596940511564,27.639225366389265,5.7458406934407655,2270.185270141339,-1.9598120757806736,-0.036772287156211725,86,0.6574443271774648,7.125333407135257,18.553236740176573,1.1899367146829405,1
484,5.843143119231002,324585829900270.3,4.626756050653935,17.495724128312926,2.180061209832283,1929.2022922478855,-1.2206380333785436,-0.9635330550652217,41,0.8950667229362141,5.748250544977968,31.71139994068074,1.9478811671465144,1
485,9.01158010490989,366461534871397.9,9.809873781626852,17.785205415243304,7.448486783297639,4873.684723122,-0.03467827235147647,1.786600938268971,81,0.39295076499135306,0.5837466634055017,0.9078982803539415,0.6550945418769858,1
486,0.4544638034145787,396172691609255.4,4.834074359731466,10.6477398263103,0.3494710387285894,-2748.3897578406813,1.8020142463565394,-0.7910347124077397,25,0.9617624783454688,6.569008835881438,36.1230655169477,1.8462877754337155,1
487,2.809631895922303,695467206689862.1,8.635475225145452,1.5596805593312246,3.6128353698773106,1623.1791353958233,-0.46556383857936634,4.614175778465734,12,0.415786062069183,3.9442809723216383,41.77677506340834,0.5387138363609882,0
488,9.504114840765588,388558101270345.75,5.887315221313198,0.9523129611896586,7.824105220502772,1096.8190827577737,-0.30251189578546134,0.9927751782359184,57,0.6010826653932156,6.774264217350634,19.957083054697573,1.9781489309474092,1
489,8.902637838909163,448693622622530.6,3.753299079196019,12.700054324595925,5.682539918448483,4150.984544900299,0.8587843560264887,3.0747793565190893,17,0.7098047132723719,4.805918195603147,22.397120858858216,1.3405273736551835,0
490,4.55656752785713,237544130874327.47,2.857835555258702,2.5369613429171354,2.6855080818575168,-3436.3785835512494,0.4151710291444721,-3.9064409689052115,66,0.9505920130759383,5.45466425626287,42.56411061082655,0.9270229607171019,1
491,6.201325978015367,373251791629340.06,2.0322309108608727,18.205408666204175,6.980035881496172,2517.9816358693297,-0.8042953996066671,-1.0270870705409427,86,0.24461627405226605,7.948012483165665,38.78273176630167,1.2267808561272098,1
492,2.7738118298113266,227269627263151.47,7.617981913776973,26.429190169189724,5.717170347145126,682.6861626876835,-0.3567344177302889,-1.631522985528473,2,0.7461309782386423,1.8586843673921454,14.407474451668751,0.5450623380804136,0
493,1.881211597237613,73195923768443.64,3.8654050682302787,26.487444495561665,7.982811733618233,-2253.341302120946,-1.1292008045710702,0.6948238813659184,54,0.5208155861440822,4.991564598091107,16.198805328076947,0.5483477150229332,1
494,4.636984049399821,603448593381377.9,5.112754622007511,19.77136230396697,7.3767493432792515,-255.65085852825905,1.8640858365208341,3.6111352006142567,88,0.26855714062064107,3.682571120459187,33.94391161952983,0.22710908768698768,1
495,3.533522280260528,668212798555016.2,4.9232548000118195,6.33695494418793,6.140068428158723,-1662.234029302022,-1.477462473770561,-4.216617822379933,90,0.7766068397963906,0.3156156233815315,28.15990462240806,0.22810059541079752,1
496,5.836561118508721,619490346009614.5,5.772790292331313,25.88990494076616,4.932958985577058,793.1340278846092,-0.5126528617343222,-4.274252019552892,57,0.5522222801738466,0.11576513202292027,8.111478554824847,0.6953434829378227,1
497,0.7773463696498484,463494043800572.4,8.655771456245523,26.582803059396245,1.4185030441084818,3890.0061081466592,-1.8966441111199552,3.5031770815759895,62,0.6609738206496758,0.9538286225428694,15.49649546145832,1.5257109557927433,1
498,9.743948076661665,379785780179229.8,9.807393435834294,5.899607548588762,2.6871968770652996,693.0498441220197,-1.1128820322658144,-2.871499139616426,90,0.322901068577901,5.192733924308385,44.999163843932706,1.215942335196325,1
499,9.86210744479603,863333649571825.2,4.075842085738169,22.12278257312032,4.249084781879144,1317.22418326584,1.1218845535206197,1.6875325444981373,51,0.481273951827605,4.537304703307138,34.40872183611317,0.20516912066204163,1
500,6.981617140197452,519081785136218.06,8.27518922106303,8.595586467813689,6.033062941363248,187.47847114709475,-1.1952990708444822,0.4287813236080513,88,0.6173542509880671,4.4274364893098195,49.29871588427597,1.704473049951822,1
501,5.360963663441204,479181877629730.94,7.645277946547177,24.07920937058789,5.185707766631517,-4488.344935545241,-1.6797463898841376,3.328935948872294,23,0.404910814269844,0.2548541002260807,38.35062649903847,1.2027352539801328,1
502,3.0952761628632777,25642065806435.688,5.735289514555733,29.91713699710808,2.953026806999342,-2671.4144312390576,-0.10218728062190685,-3.749110901635965,71,0.1983725398477013,3.7544239708800564,47.09872160717951,1.9217111535695595,1
503,8.137950197069486,341247827626156.4,9.56047143611933,0.9007801598817844,0.16399714211813446,-79.9827056791728,-1.960123061061926,-3.7021703427738872,8,0.961640492315304,7.396982542740228,10.80942869352377,1.340370934822415,1
504,6.847311725538793,380195618785857.06,2.004745155284028,26.92097597372796,5.012768296818058,-1897.647162552952,-1.6609353822946673,0.5681836027830753,36,0.5114675400426174,3.180734954485173,38.574243740846285,0.350349727408362,1
505,1.626169393448913,398822780896900.5,1.0926421030962141,18.678916007959742,2.9276972867662066,-3182.3640223880575,1.2305034782519004,4.4637865335837095,93,0.7339203702877005,4.999379758307651,1.0108760073898715,0.9475667246156445,1
506,9.109271844938425,580172369227332.2,8.539619669554222,29.201478574944634,7.372622177034297,41.328419184383165,1.0858933794384256,-0.8500224162924575,82,0.4110471935560581,6.238549404985148,33.538001085576695,1.2969951950944083,1
507,8.22537242923169,533602546726878.44,4.391498166337483,13.950285525792829,0.3370680261777866,-1771.9020655214968,1.660555281619584,-1.7305789974530503,52,0.35513176402571633,6.271402233135101,23.46411390601207,0.056529402099955384,1
508,9.49799913291924,607905092793444.6,8.469688542070605,25.42163791714121,5.8897953319273295,-2418.9235682658527,1.418061743642998,1.0668932319788578,79,0.407164298467125,4.154240659162171,17.338003596003432,0.02982052830961579,1
509,7.2571950838836,764883261542128.2,8.930902051954149,1.871822057948317,9.420594951310047,-360.14582559619157,0.7327022529592724,4.304486005450311,23,0.4091966437856498,6.863615563218691,43.12021761465446,0.2588060011971358,1
510,6.134151959357899,812985738716093.5,0.6245759361907144,10.058371502348871,1.8266517444038453,-3667.1574191782684,-1.7906685707973486,3.369278328446237,20,0.5441801159419536,3.1310247469099757,42.71338463287653,0.5033288700909415,0
511,4.182430362906189,718123076226494.4,8.834647629860607,2.010496132536299,4.769329958430894,4277.457330754072,1.13139447194663,4.9548361073321985,99,0.5434698699813632,7.109545718278387,1.115085244932179,0.8590982470413511,1
512,9.327284833540133,955523695954934.8,4.483190553694222,29.260294004372117,1.005077718989668,3677.02097919239,1.3820432433622418,-4.774314167976229,39,0.49715381588287166,1.9218173311643625,30.47525612247155,0.9748809475195768,1
513,8.660638895004084,18232582676361.63,5.104324890042323,24.5092172181551,6.294250931387391,2076.2058574053535,1.1963285830878179,-3.8714185528723775,61,0.1347857849174381,2.2417312559245683,18.39161121604782,0.27605521787579357,1
514,0.45218670106189407,195777985683546.1,6.265925110932102,25.576422637379114,5.550263637902633,-3937.861724115438,0.03391614123210429,1.0946776336662198,69,0.49607547850053113,0.4249649935920088,20.78305007502246,1.3467831582316616,1
515,0.26366974497252005,7562874978142.12,9.263826067300867,28.138956943016826,4.13291868970704,2758.77254469693,-1.0683926454020733,3.205764393338498,68,0.1691039004206515,6.364654692338263,41.6020369609388,1.1922761233930697,1
516,3.7646336687804958,647474714154603.0,0.1911609442976403,2.5531045835935604,5.261632512590038,3079.57328109019,1.3813199027549068,-2.1475565769323346,13,0.12613578629576516,3.3364418898616446,15.491988576383914,0.5889281976823204,0
517,8.105533307818328,898030548949986.9,4.768434683178171,11.567927775400001,8.9760891188432,2677.646177143377,0.9086512389605539,-2.6078891196578127,41,0.9326457173411677,1.8329329112911923,47.152440531881005,0.027319766870584017,1
518,9.872761293149445,243482296576299.28,6.877220424305607,2.131046671320064,2.0433135928795636,-3860.3411288075886,1.9230446975554063,2.8697579938120086,49,0.6049500131477042,1.8543222209326373,8.981691318607037,0.15529583070658148,1
519,1.5041689110352818,927034544796306.6,7.227069576982284,6.3237930465008585,0.32338866588293763,1439.079570677647,-1.3772296089762683,-4.436181461467684,60,0.6594900581245843,7.211199529833865,33.13612116840889,0.7833895510216788,1
520,5.941307153521351,60267390289560.85,6.92532431537108,6.8809733111301705,8.6304823585211,3343.247957493986,-1.0973416677917798,-1.3061735241741488,3,0.4017936703333638,6.671332803688295,33.60525335068824,0.30794870233136784,1
521,3.8089085663102153,934436026805514.2,1.3443512940812186,14.07321633142736,5.813459115640274,773.5340121966774,-1.1528074004739892,0.058092225923297214,71,0.9089808919148642,4.4282470828574665,12.60975807139591,0.7536392122959417,1
522,9.699143978146033,351622687239634.44,2.9939558837168123,8.056865023609278,8.91751870907224,1464.0737522808904,1.1701590704853468,0.6034867435032343,87,0.6379304895796655,4.928886403325769,16.2375304483601,1.2563652090207102,1
523,8.421189231357086,101420828449216.52,3.587155254170135,3.029343204532833,6.009757711790408,-416.36520573693815,-1.2523708141995273,2.286151567927769,74,0.7691698695235875,3.794604564402328,41.739924628997024,1.094474855758567,1
524,8.383287047111379,485871759186325.6,8.04437207679505,5.024732672823231,8.120594790601055,287.07319884052595,-1.7333606807067756,-1.451542765693418,16,0.36856246902771383,3.133332343030471,38.09026274774762,0.46235176627478847,0
525,4.686931597949703,256776567720507.94,2.7875987241455302,4.418266906562728,4.353766297215964,-4656.231416482748,1.9942432263425145,1.1268434467460722,84,0.9600118808191255,7.323815049746652,16.454794015737978,0.6876449825175048,1
526,4.148195023376652,284872901961922.8,2.1070496386720317,29.192303937368948,7.523613319753861,1389.630219732846,-1.9007311542194034,0.8537542279095636,56,0.820461290158315,1.0049016281624166,26.697827346746696,1.2280623968973012,1
527,2.7340707193070624,307289964926286.56,9.574480190380962,22.778775207554208,9.139110522209574,-4185.527871088409,1.3409762406354626,0.4761610065374713,89,0.8539484630145436,3.3475743177298236,3.0840148126547726,1.7217100560868974,1
528,0.5637549665092711,803025897832663.4,0.088632851134689,29.032843958086858,5.764017340849842,-649.8540565977664,-0.5385326337973888,1.4048329314221224,47,0.17219426742575428,2.7564952639030027,10.437294119931462,1.5064268774777545,1
529,8.647223762550531,539161276675254.5,9.978208556819782,13.192214595237257,1.8897729905675575,-2073.4490233259216,1.366461839031261,-2.405508289319237,43,0.2709632078712195,3.985205762009187,24.291027943019955,1.1068000536668299,1
530,8.129010091300776,311307699156003.6,6.768212988573956,8.351054449879697,2.761096388798962,454.2795021171305,0.21848196484457993,-4.15351246415371,44,0.28562659968357706,3.6610549963614005,4.29868676396058,0.7245859966329724,1
531,9.997176732861305,610333783310918.4,8.28469299449117,23.9487959162756,2.066581311284317,-3665.836644767929,1.6065249179454404,-3.807283279602566,90,0.27090922324687117,4.151116253208651,42.16661774459688,0.7301025550836109,1
532,9.966368370739055,716150674223193.5,2.9461939634619316,9.787617541234404,2.543884573197756,1916.4340197331821,1.7047719456585066,-2.7541761734609893,79,0.8554081621042879,1.1193518178159527,35.90031050538239,1.7588346205287921,1
533,5.5543170560262745,272624000733533.78,0.14315277667059978,8.981501211160449,3.13351294857526,2950.115369284704,-1.963607274876896,0.0019793552278528637,89,0.03188479520859211,4.105132012106217,47.18168353242474,0.0784871520810928,1
534,7.689874151805105,413549101525351.5,7.3786951856153005,6.975179766234936,5.595824488856565,-3366.455502568435,-1.698351296028847,3.404427505460202,32,0.0760999889807743,1.939350511097687,34.673345298201355,1.975965288840522,1
535,9.44765729882428,121886093336947.55,8.341445970006758,3.8903693467270606,5.921117131691944,-3956.8691264811787,-0.9985650817165781,2.012933420883841,30,0.2739148706299037,1.47465079190553,47.02006861310928,1.3287508217031245,1
536,8.496473906774115,181149349534680.3,7.404761319535192,7.693891830502979,4.322347497694425,-3544.845172126408,0.6772616654540067,2.890406042020471,46,0.19987297464944365,0.5186737502895298,27.72562778454825,1.362275398144781,1
537,2.4734810174319763,681117853964982.8,1.428502873008386,10.65959245421663,6.1926657202262705,3771.275618985017,1.553088786046024,-1.4902437607390864,5,0.23185961388284837,6.101220470049127,30.01093055309847,0.07599567460948431,0
538,4.505441353100935,181438347695626.94,7.53427922256969,20.219826244371912,0.9075917635525227,281.89261756356154,-0.16023219482414897,-0.9534625835144981,71,0.7979431892533,3.4195353668524797,48.84855273131304,1.2110585497825443,1
539,1.2915941515149498,525163383667060.2,7.689227821076409,1.8769452665835473,0.9691035468757837,-327.3900399249742,0.4278924650970617,-1.0631811400938718,70,0.5631265938920469,5.013149466494067,32.106457343213016,0.969556120180894,1
540,9.540510272587223,709046261722432.6,6.585405156700549,6.3152081899602885,1.8011116575408188,-3932.8818089764573,-1.2460005888177554,-3.0812681559549846,33,0.0057706612929679935,5.820746746437947,1.53932844303733,0.21155781378813399,1
541,6.0617463445088005,106876923094743.84,7.661159327955862,24.27070920875029,5.228967230599413,1495.5600675696178,1.2198673355267413,-4.38783341856428,52,0.42932276570419525,5.434533322508428,36.19013883152616,0.5558440215387181,1
542,2.2864280550346274,567312219628903.5,8.459214396777321,4.407657707513123,2.2185473191133043,3679.995918950899,1.869312445413879,0.9091609282722679,13,0.40788492685035893,3.764005752717458,45.27343460687078,1.7806289124273025,1
543,6.7170068440585675,256562783701363.75,6.136041142374584,10.279354395675647,2.904515594576516,3281.8586932345297,-0.9256042683416101,4.892166834205861,15,0.11394526944454353,3.1031882316138386,39.77901248971633,1.0999768317319059,1
544,6.181282404578958,962926875237579.8,0.8860471396967906,25.939767655744202,4.063097078112642,1260.547089808013,-0.020696193597814716,-3.3317029504973714,42,0.6761417886014571,3.00767927712531,29.19166363127113,0.8268331503478175,1
545,3.5816271803284048,483545646719924.75,4.876278096672109,4.64775933430328,8.13747462770276,-4247.212833483263,-1.6555355579745048,-4.5331518010072624,72,0.7020971883794911,5.120390375440451,33.56517565467582,0.1453643116816219,1
546,1.1355759219962902,805992549775158.1,0.7764933467160506,2.482105068545697,0.23723514553731517,-3876.0297282398706,0.23654662585187358,2.7953168182393293,73,0.7208932190520977,3.9583548395349872,49.509589462583584,1.4282430548046112,1
547,6.715731955927996,550226542156261.75,4.075430310324308,14.536139852400325,6.528850320342562,-4506.9101289017535,0.011133767386722226,-2.474139933152758,80,0.728470945558592,6.793057983908085,4.533104425466917,1.405701646792065,1
548,5.2030770090379335,43412532854819.164,4.071064891256277,9.072585338356092,6.721877657302785,-2425.2078350753072,-1.4222540633796896,3.2964380535292843,11,5.282693229680113e-05,6.997615874613697,33.36224143166198,1.228087213945127,0
549,7.723183917356393,633151375594022.4,0.6600984414024158,16.902250934515624,8.006692225530703,-3643.3853283962226,-0.23173514752769986,2.039366670345154,69,0.9539208038467222,1.3644830240521477,14.169884728529691,1.0205252924412984,1
550,5.201635011119934,951403342206657.0,3.488205339694793,24.114146714504255,9.334254096697101,-2399.519597475661,-0.663581391653747,4.456735370508046,18,0.814208767054663,1.0898692123658051,32.00451982930851,0.8675688044147454,1
551,8.5218150031854,601611820146331.2,1.1099809879131484,4.114454644582295,0.29936470459796927,-1149.4194428103833,0.08732350122075738,-0.9107276424332795,40,0.9039816965892853,5.043207408287996,30.381178794196938,1.1865421859759846,1
552,5.519068387744856,819188859426790.2,8.082352100092221,17.42097253662855,1.6224586845808404,4429.827840711358,0.34261734171519675,1.619698394506342,52,0.015643295307434135,2.4098059844982354,7.672841605408104,0.4667909034568134,1
553,5.609379715353863,884206463348407.8,9.476880259644707,15.165262811695918,8.87309581115433,1103.7605978169204,-1.966017685571162,-0.3514521918672928,28,0.9338587957857394,0.14856575012079087,10.337332287011957,1.8825181283552954,1
554,8.76653602658345,228079771948932.47,0.7231647525793861,4.322363580395987,4.639333765651452,3349.7378568296226,1.0440239317982214,1.3058869730854354,69,0.8097885286881047,7.109141354903641,31.081478902160676,1.1775890583604591,1
555,4.034828662123971,212044839908226.66,9.551152072917015,18.71995456586947,5.6894473254412885,2103.515007123322,0.8520571674469632,-0.5040109399226269,58,0.8372191429586986,1.815206137950466,6.411497365188707,0.6223848887087531,1
556,1.3401522845064073,610980988850991.8,5.225765993367451,8.209212535823148,6.663969316859159,-3874.9686947336822,-0.5348544551739112,-3.1136775357592517,88,0.09328738472196851,7.434245213486473,13.259043756516142,0.8993597017703145,1
557,0.28782676313338973,411028469806704.7,2.9956567795387388,14.635029556320374,6.82275938450681,2359.2040637394884,-1.788256257724727,0.07897416003380897,63,0.7387780289185977,5.739475607026029,41.762277386900124,1.6113695777537846,1
558,7.55137255673619,839861302866720.4,0.7686207527616351,2.4681697283118567,9.32422999283343,-2249.0111844087555,1.0197301591402015,0.28584201437442314,23,0.959916689642091,6.101227919291874,16.35457530008193,0.3232321214605949,1
559,6.203095513534647,900023123398011.1,5.006242680704178,13.787521716408692,9.969799232375529,1391.0784699470632,1.8207006419125298,3.10603848260161,88,0.6785473414181606,1.6116919663452833,24.403007813483146,0.5856712449205208,1
560,7.0407976809922355,353421379302718.1,7.945155444907487,9.19390404128461,7.229558863216308,-1590.380263570115,-1.0393936159119432,2.3552070579358118,15,0.5705614046246065,1.8735554049345033,47.05701675729201,1.3590160454731108,0
561,2.129641615089107,236870558974482.06,7.070864772666981,24.67143633556063,2.9434899711309934,4976.722632646592,-0.7059015450518484,1.6379162394144409,51,0.945629677748997,4.170142030592526,11.357454441847315,0.6309784129644478,1
562,1.3637147558676976,780525515243861.9,0.5022601146397376,1.7093618099210484,8.809548782714002,-2364.485205032222,-1.2647484420727402,-3.866129044474275,79,0.442937121734436,1.3767988211988973,19.48130086790052,1.585003363722932,1
563,0.14544665667881929,274806035548136.1,0.7290183536790351,12.558218247549899,0.58728705395354,-2208.695292257303,0.3077444933793587,2.20616290663715,5,0.5992935663104787,2.443453541464258,30.322888777177283,0.26090697435472165,0
564,3.5058755880659698,822614318513678.4,4.028732826326371,13.75294272394314,2.3877004434575126,4306.722555623983,-1.3806344214101802,0.003051563545147573,36,0.4763382934943662,2.5716998235824358,37.76694647519861,1.525372340909217,1
565,5.899176868546331,423738253648762.8,2.9529049404794327,21.750182288973562,8.984118602890778,-4753.555953636774,-0.5752242261544822,3.940995361061592,84,0.9328462213602992,1.2770394660221127,45.08266933563526,0.13670342970113247,1
566,3.922440450997323,667549899291470.5,2.3238432305604784,17.22862725270633,2.636295992949614,1966.8898787319686,0.7880520557370518,4.1987093413054275,3,0.07608472676550726,1.641462667161286,45.773649378675756,0.02518522533498957,0
567,4.374749220237291,95535313834668.17,2.810044989087136,20.01637011582543,2.28444549025531,2253.2639073587816,0.24046393203739358,-4.448434093982145,97,0.5011197008253482,6.3084147360660525,38.83200371863115,1.7964470376643242,1
568,9.041586944937483,623859324676573.0,8.034827432968846,23.311478569552683,1.4674404020884477,3363.7857741039934,-0.45414974268825903,3.2064156035447873,91,0.6869524413854383,1.337566836378147,11.416541829665523,1.1626784338645972,1
569,3.4825546702330037,451767678737229.1,9.29228053631854,25.866089209745663,8.605206400704473,4744.393106384754,-0.3190015927698324,-4.623026095773294,37,0.7919065384222369,0.2276591347513799,1.2404665021282901,0.703653794173623,1
570,5.139894891598108,586608463175474.1,4.051026945275664,9.416264901674115,5.050576765991758,4756.019191566524,0.248443530492918,-1.3283037430497737,40,0.5830186474441363,5.034839541031507,19.18869651778119,0.4651892739277008,1
571,7.8365301274114305,168014207744863.4,9.061110021324971,16.14068116091709,6.781442710236132,-4347.232424335361,-1.9765410884513548,0.4229997562107908,91,0.908917744121454,7.8078649551396,7.077442549391167,1.2337715665216322,1
572,3.9654278232127016,736873744944182.1,3.21495701247882,25.203242353175995,2.466757202342794,3218.3932275290244,-1.6859605261855606,-3.5189920137287256,80,0.9419914468838717,2.649710516984971,35.5193823719149,1.0180043670734764,1
573,6.220867002278735,862797077543228.5,4.764369863437916,29.683533928951693,7.604600168011043,1463.0993365738132,1.5250322710520465,2.463138125690768,13,0.06431922319358352,0.9492456255700183,33.05652934128584,1.9831955510599704,0
574,8.623637087467452,216739800090775.66,2.260289978159997,26.685579331312894,7.624054895124775,1473.4213437309118,-1.688484043634837,-4.916452958278614,70,0.40237053954137436,4.563098602940246,2.198582081072742,1.9664319733074915,1
575,9.495206236576422,95714555520161.72,6.404760421758439,11.144017878731304,3.1947204465921715,-3716.500733853052,0.8272143848420206,-3.314009515659632,85,0.02345902172115444,7.250833688765169,41.82968895654756,1.2700491322832193,1
576,1.4707348092903794,23638586046336.395,9.78981115174809,5.854995516559512,4.1657580668018,1501.871664456533,1.6801526564362104,0.8079682985347567,50,0.3294166573744429,6.27249423862783,12.437163314559113,0.885741012211781,1
577,9.265876251614944,641971500443266.0,6.034930960433787,14.681776122197661,2.1759337465589885,4824.825806012479,-0.9172655827930756,2.143875620372924,64,0.5368682179706021,4.980126947301728,21.61135377455211,0.9822819382693242,1
578,4.921162930795382,607094036088780.8,3.5781408411354887,22.249243555081268,9.767954130896753,4118.18569539447,-0.518034251761943,4.166431026939161,92,0.9107949305099489,2.520451972860795,33.39668677278712,1.3649581324737239,1
579,2.5824438829895833,546697412714070.0,6.478174459905284,14.777072122598927,6.491465512878275,-608.693391951495,0.27568562337886515,2.0549665193462383,51,0.8465543224654029,4.33504138620976,21.470939342612667,0.20314908847076274,1
580,4.591357562382613,231947096115975.4,1.2292067846538757,14.495425899410055,9.351984419083603,-4600.520267139056,1.5268358785543388,1.7177927025486595,94,0.12749972667198572,0.7299587304340429,22.06439013999717,0.6567041476214364,1
581,9.800325752854771,390905995905514.7,8.886590802653986,25.14691263245402,3.1035168819284187,-1377.0650999979516,1.7676223490416807,-1.056588536493357,29,0.0930303747408957,5.43156339424536,3.2813997667870187,0.15054448200720771,1
582,4.926180939928696,594476335186173.0,5.030839507798364,10.842113372015591,7.840720038669208,3263.903116005553,0.9582529924450722,-4.987155744731986,56,0.589267338756667,5.800768151181207,20.07217746300019,0.14672151903383912,1
583,3.287516102875082,496766858859169.4,4.49349742039642,25.79384024434937,7.682000574458946,2014.9910146516604,-1.6535209565812239,-3.7984074126437806,78,0.5321179724587827,7.720252983279351,38.242394660999175,0.3916784837884675,1
584,6.334008543167258,987785520214887.2,5.858647884535192,12.204144028551706,6.947390953478761,-406.56344406043627,0.6766166221394032,0.34554544756039185,81,0.26637764143002385,2.083178869960573,45.75881685932989,0.9705065091864538,1
585,2.401456187781931,136439752556733.12,6.2478386278940246,9.846993170350181,9.659825855141325,-4448.984648411689,-0.35878511250935174,1.7512988584441969,98,0.8994530845538352,0.14765135234418114,20.67485685316859,1.5695486423255787,1
586,0.7586332810866392,695144554047593.8,0.7177580622651303,13.61969733599097,3.9961978274525243,-731.0527217669742,-0.11719600203575364,-0.8255171610353749,29,0.9273664094615535,4.364867715417205,21.179291343953942,0.9709917823317451,1
587,1.2887972191064923,404318768104292.1,6.826172212234024,22.873408760246054,1.3941015035385973,-309.75060282116465,-1.8034064386192918,2.306790115283902,97,0.40261143834016266,5.654324035174516,35.131355316182606,0.6709532211217395,1
588,1.2804583895777244,428199614925614.75,2.419316803155296,3.780060835919828,6.749917706516201,4285.55532894136,-1.2357514426145673,0.2186229533217876,41,0.8903025571135202,6.323259807063904,47.13860005526383,0.16470598067351627,1
589,1.5190269351229435,717597765658176.2,7.139526325065898,5.892576476160522,7.320167024724341,1410.8610358215947,1.162054430134591,-4.258238044056878,10,0.38394889426297263,1.5499114641984848,13.35304701196801,1.1005910463662592,0
590,1.3882717264941014,692436151324369.6,8.225347943841967,28.54334476989276,5.793099677242265,-1883.4708334535112,-0.1841646678085609,-3.0798374903205117,26,0.7368168318297001,2.0940229522961893,22.007210326896843,0.5425371729663535,1
591,6.4087474480321465,991255993702188.2,8.039585075525203,5.264748821440721,2.1474971420206233,253.1826445072138,-0.7933510334754046,3.399982232439429,23,0.47594221754772414,4.100727402138371,39.79866217761506,1.2298683558342949,1
592,1.8188008439914483,128394289454125.23,5.525009674078891,17.031819537931636,5.094113822526618,-4339.446921778399,-0.46392370414016737,2.2491274662443947,98,0.12258315650718299,2.644806479760015,30.484678468701926,1.9543754782648366,1
593,3.456672833238632,104109649384166.34,5.201698923107512,17.379433999858136,3.1906783920343815,4725.682356497367,1.4175980533027208,3.9476198701249494,38,0.9279342012370215,6.88409189269956,5.529317198197736,0.22262864295510032,1
594,8.967884099060118,724338817128741.1,1.4287596133941172,14.688733861507345,4.331918628850222,-1399.4009806927397,0.9959960696198276,-3.8244275087906345,71,0.4540965933775366,3.790081229909762,31.386636778113285,0.42425079744387983,1
595,4.739616402628723,578386917006409.1,7.753461504031356,19.34235745730456,6.487663900862173,-221.3264508686416,-0.9107384112756689,4.90222534615074,17,0.7344870403224036,6.396629152816024,9.337314229866344,0.9461890761987495,1
596,6.675577385210271,274160666559805.88,2.7140938044671437,6.8948017739285525,7.477625952639261,-1447.1602576307741,-1.5299926391505068,-2.905932860500664,76,0.36717381443129216,4.64495808385883,25.510796703920207,1.937227630691859,1
597,1.7231987120162984,79419368988986.61,4.966954228179466,16.579868033302446,2.399024439923297,1825.1173011620012,-0.9920071134237132,-4.88220123713358,44,0.01888087857623466,6.184721132936896,26.455163383021922,1.5436195525399912,1
598,1.9228901880867078,85658249596430.53,2.842740929275167,11.165197657406914,4.112721070404838,1622.3215832959304,1.6830258042189348,4.974229390535541,87,0.10053035869183591,2.6613838922425908,43.81016811124924,1.7964583863256602,1
599,0.40868616266478863,894190874664118.2,1.3382836299969314,19.85001778887567,2.764699552817129,2153.2231052913567,0.3263553513990214,-2.1892611455488686,86,0.4962194794899244,6.6513329754424895,23.124713700621907,0.6674296969515858,1
600,1.6893506307216455,191867324718742.9,6.2955769689173655,4.236706301194484,2.066452977232504,-2318.5677038807917,0.13392083497913143,1.6801945251255992,11,0.6899643571263624,2.1965785244081726,13.97212111179471,1.984076947557189,0
601,2.7859033903195862,323371562115520.75,0.5433203482290383,17.126322505184287,7.8555334779588,-1843.31518835934,0.3855743987698461,-3.233176858236948,48,0.33473532657927907,4.368790464026326,11.548317410801578,0.2056656321283148,1
602,1.7701048427674682,226656402226988.03,7.486452341262,5.558110661499711,9.101601674926226,-3747.4876890379205,-0.535886937013939,0.802285321991417,93,0.6954884591776503,1.7120569053909938,43.712593834216804,0.10594581209220166,1
603,0.8870253375705561,354996305831937.3,3.1758679526111666,8.359291893451092,3.7652986382773097,1555.099718461126,1.228428081278051,4.040349864545593,30,0.698635589431956,3.804212173009547,8.55054272091142,1.7112052541080562,1
604,1.206358711006008,69423842746093.37,0.0013469300448532007,6.561294009707497,7.537661351300292,-4602.028726643474,0.09314499720099922,-1.7981883257156142,91,0.7039359073278308,2.545401676069625,21.293428044157185,1.8545297404139724,1
605,4.607787680327258,519059790908270.4,5.111291392372298,5.485133396064513,8.98025336470767,976.823355234591,-1.5330083889248178,1.7025397604435923,21,0.4925218540205084,2.133627445097714,9.358655746347349,0.1811707150922035,1
606,2.063337184057925,67612563592214.91,0.46851908527603126,24.77132854682001,8.476629684249293,3696.9588485163385,-1.4837395006837482,-3.1209641120158347,43,0.914886150121504,7.7358801442243,38.66520200571877,0.226854853491683,1
607,3.6426986104807546,800356507822361.6,2.761695578208995,8.57122702982671,1.9098525465383367,3908.3214828963355,0.14743658601047338,1.2479539871872527,91,0.4891965179806156,1.280592843893845,23.71863199873095,0.06634831551154763,1
608,5.034172708548569,233712081910433.03,7.069764874557162,27.81371345593348,9.567289626982276,-509.6223963003831,1.7462808722833567,-1.6354964818248985,63,0.4502651934966382,6.298606699659162,17.5571845278406,0.2090151252854482,1
609,6.903948286293653,540011914604510.56,0.6268962162186587,29.097795760355726,3.8290967602516788,-406.96311786926253,-0.766591513295205,-2.8879174141204835,76,0.199380819010627,7.873319675865719,18.05498203132334,0.41883963360056176,1
610,0.39312139841098936,880079087561458.2,8.393384923560024,17.13781409811292,3.45848254562098,-4230.3081699198265,1.4781646754368731,-1.8681794929636486,24,0.3076550873563365,0.15921186992062264,42.61071033614897,1.940153237820002,1
611,7.994103989090426,650877369047194.1,0.03819922658583108,4.290033679971792,0.7180701400500253,1707.6502544303576,1.0563823463155173,-3.2115893149220067,50,0.042334492518303346,5.59221931233676,27.688697714721904,1.335720444479361,1
612,6.279003894909078,532957786551335.3,2.4682386920190225,11.236447301387438,4.913119175638341,3212.594203728455,-1.0087502283723726,4.019161078378827,6,0.6335352936161702,2.023294444450297,35.89339255656318,1.5571060510370842,0
613,0.8175903194887191,324333753115375.6,7.409040561520714,23.93196790044642,1.1792347948451942,-2553.4494539528696,-1.8546370067350302,-1.0281311368287116,5,0.24853574392709288,0.32390259462643556,44.851925812534226,1.5522788073830442,0
614,8.735786241067773,333001913058197.94,3.162701497293068,11.021721860912114,2.5605442271815173,-786.9911836663532,-1.592610939430469,-2.5472069502563266,23,0.3041552544854651,3.2231166316530464,45.087083802032105,1.0701474995584292,1
615,9.208724005318132,669486955198190.1,1.0189238806601353,2.6105165490836626,3.237731955496086,3388.393367652703,0.9139757353897608,-0.515921589840671,18,0.7708145216643212,7.481742481367,16.425452716893158,1.5949779554260344,0
616,0.6107795985486375,994139361221167.5,3.6023391880042785,16.703547327845637,8.107380602567671,3771.2046766228796,-1.2013210478374132,-1.7946383319350447,82,0.3272211831614539,0.09412075493598149,47.62256315731926,1.1916150647799393,1
617,2.7687764814720373,661839189849378.6,2.7039328638452553,25.353625544881044,8.767337638919376,-2568.2001973577408,-0.5149163179784249,2.44419253813326,99,0.24219589201314218,4.7030855354382535,1.2437941007302722,0.6290921952067152,1
618,8.062012797930613,557783417370024.9,8.427119021605549,23.87779161430507,3.09441654286855,505.70634541364234,0.006796664025699339,4.712199118854944,8,0.16905774913370575,4.011171828762595,18.841778050808283,1.1222202175368015,0
619,7.482596903836583,730650510239246.1,3.1334791758514315,5.253694203910597,8.601111400321281,-3075.068493641729,0.9018726738006513,-0.6196634330235318,35,0.7748584021819559,6.98707331496838,44.78994287544208,1.067017172269027,1
620,1.8452101935637732,465205612283718.1,7.889324717760072,20.182938432374,8.586586279960931,-3981.2123586044345,-1.5470751069634985,3.6103339997224033,39,0.12970625799002689,0.6720137161650053,13.731843990849146,1.6469061075186413,1
621,2.093493233367103,60142342600785.21,8.918721448107348,6.615127903069413,7.670044408810248,4111.205013919576,-0.37453437889015406,0.6586307355961951,92,0.4537537602503535,5.452208239093203,13.654072516065918,1.963454434763318,1
622,3.70472102791382,562296815877909.8,4.338174195765295,6.546226036565167,1.5522816287502974,3205.075042321092,-0.05970836342921837,-3.427643349057665,23,0.5069301160771944,5.440877587466218,15.131114254094435,0.8220851308418611,1
623,4.845229851910213,957625284505380.2,9.09943143854392,26.222153199155553,6.934196184317217,2600.3490180317394,0.16330825588615872,1.9062274208134156,47,0.6873899126857146,5.352640134898266,30.61566924234611,1.5267813568827193,1
624,6.1825477153029595,175302942357659.66,3.7731805396319285,7.490068582206905,9.45573823934763,-4512.336811868596,1.2734425655808668,0.13434497125820144,62,0.6332834823329955,7.538675959480296,21.91663878071769,0.19952600807626708,1
625,3.689136395697724,690004890820665.8,9.640784164901081,7.897420395540335,6.857150739794855,3437.287927102574,-1.3132872198271324,1.5060652325210349,68,0.8107206729451748,6.584700232055043,36.33674181766713,1.5536627388965771,1
626,4.625347161331479,200933688659056.47,0.8928952452557293,0.019601722838986646,3.3830068061675562,-619.5592409461624,1.2313258073064892,3.89687412571665,52,0.04475143392623815,0.33578180994804807,44.74553212823329,0.7428338239864642,1
627,7.474709381337565,535827684473081.25,6.870192665032428,26.12007102376553,5.0557352425652295,-1576.0487670414036,0.7715137107866088,-0.595654293439539,53,0.2964407247793972,3.7686628056361053,33.70996874714303,0.07878032577937333,1
628,0.366832028905979,96676449646719.62,4.938140404569287,23.77784439627404,6.49267792917543,464.76361025376445,0.22348325679583736,4.011776232173556,41,0.28013411877537975,3.183624449610668,10.223336009878775,0.7264923571243544,1
629,2.5243694434402073,450370936258185.1,3.8764880545564706,18.81986805272034,5.154647046412185,-4086.4675727644417,0.7981114816102877,2.5066901428165487,44,0.14601690559210823,2.4811777687264165,46.63409511802511,1.2212855018432895,1
630,7.133495858845524,756163328895246.1,6.327118787486009,22.50797291816527,1.2875341231366013,2566.4654935239887,-0.35192904419337445,-0.1139507412201528,89,0.28917825385644313,3.6106938012327783,13.224643667373925,0.23850033536293314,1
631,8.952068376871994,347571524238982.06,7.038570916343312,4.5614570227347535,3.1894340420550047,824.3507688829586,-1.4464096561275017,1.0322213565796368,13,0.3097653141429034,3.0735534794078196,7.494714766407906,1.8480689848605092,0
632,5.116774421156661,664911724487218.0,0.04363269650309087,13.749707837627263,8.043720702480963,-3134.099031268325,0.6630609610614693,-1.7441886748098856,28,0.5218844619274783,3.4586711990293226,4.498363943048044,0.15534482654567716,1
633,5.321134852653157,795449960789729.1,1.6695308874719872,10.536581620463426,8.628038656345623,-3117.6780023095444,0.09868922674248903,4.835972997387742,5,0.6637044789262561,7.83409492486914,28.16918703330828,1.8600134396663324,0
634,1.0717201133977605,927177819479452.6,7.130460506343187,2.8132957877104947,1.4592703238841453,-3157.5134842732577,0.557499202171102,1.6735116305039597,6,0.3811005136118141,0.7090637979966461,5.6881231240325905,1.414275035871373,0
635,4.474123668234546,234642081855453.53,6.663854135782064,14.583914556447722,9.528628848747374,-4429.9761244806605,-0.6480048758860399,-4.561531475033701,36,0.7194702313133812,7.3778469587098385,6.938794205631538,0.6594243508284072,1
636,5.326172664550231,399315915809308.1,9.660475051286772,27.62218951027906,3.3553439167012327,877.9844937168482,1.6274663093593436,-1.7337809425199122,52,0.33616533857958,3.8418937077682136,15.001524029774831,0.7815006954181865,1
637,2.4247050363472966,152416013330417.44,7.61037790250783,1.2017735715208344,6.656906013434128,3403.4817758850804,0.34947947430230775,1.2331443375905753,17,0.29028367731476035,4.989937963996329,14.08265048422319,1.4816187294654883,1
638,2.6924323094938094,992483502158375.2,9.50772707731338,8.743827404813816,7.543068944971143,-4825.017860126114,-1.6583900628365047,-4.4366672220076016,86,0.5411880558570243,6.641463732941551,30.211975516607115,1.2029422017624147,1
639,3.7728416310462265,927000967924295.4,7.02540501534807,6.226228086171104,8.138267722915046,-4509.953550287264,-0.20078403718228532,-4.761158086808573,37,0.023716360305790607,2.8837042331940443,40.83726397363407,1.3432858429098904,1
640,0.20071197777726368,539957130280559.56,2.9805220863944317,7.14439960997089,9.462922052036708,727.7027668694582,1.0254242189745373,-0.4997576047219745,58,0.07978912363400037,3.443375264703735,38.06748281014462,0.77832923302696,1
641,3.220791655831783,842033294376421.2,1.0536492225085647,27.253036556381257,3.197903525485344,3194.9568538605236,1.1765382469290895,-1.6730982030733,0,0.41796954358652705,3.2761478422297117,13.124222735823837,0.975626963615198,0
642,2.1144800699654462,520957977272042.2,7.818238633449356,14.042071627028704,8.59921390006039,-1732.6110943136641,-0.02161178894496496,-0.6170139196683415,67,0.9429127113917565,2.997848180286079,12.265524899298995,1.9797349680757867,1
643,3.2749735217791462,623585688002759.8,6.441492214759159,13.988982388194565,1.40370034401845,-1503.8560119227782,1.5789902833252043,-2.373066901199948,43,0.7215117798434236,7.4042345731751595,48.28957650534838,0.4278457409994354,1
644,1.1976213181925122,89124432116016.61,0.4818601239329623,22.817269273658468,7.079904972900568,963.4649749677592,-0.9293262512228098,-3.352822530570191,46,0.08812656950055775,6.631439129544097,0.41181207959800625,0.8357123730442628,1
645,8.90527280739895,755270420496807.9,3.6005046590097836,4.634766120147774,7.44557952218846,-2257.87110875853,-0.35760521104693366,1.891433569803377,34,0.8463180127808737,0.8719999189038088,43.98602665301079,0.5836463751479346,1
646,5.935924535540487,127713483635234.83,9.567998154842861,14.617960623001524,6.809460087893072,-4733.9163392231585,1.5943876422758803,0.14571116267800477,86,0.732300770608181,0.8649868198167683,9.986425956120248,1.5302230208796996,1
647,6.791023191444896,826067630252528.4,5.0040114571020125,12.899556423631791,2.5979158877380146,2352.285181015961,1.5850268658863156,-2.9984578875063317,90,0.6109465257026532,3.4229561188239295,47.36421615448839,1.5280252513314414,1
648,7.891712386073383,782028087670385.9,4.327291360197046,17.907320716399685,8.743127155450512,1256.4991294145311,0.7428510752987236,-1.804105737400017,59,0.8202929606091773,0.7892590138624724,17.115364241375985,0.5848909219947918,1
649,4.984421989290572,708744697742976.4,4.57699605159294,29.986731097513157,1.7716987873669108,807.5599905565914,1.4359221884888806,0.9180790766332594,89,0.4041098477429571,4.952744762168957,22.017588694662614,0.1627806332659658,1
650,0.8692028808742369,36160380524762.12,2.0888272400516374,23.083466822461414,0.6309844360562253,2416.8412899182313,-1.6449069321750693,-4.277706517275222,51,0.22150105085385274,1.1495328580938713,35.35603069721905,0.02286535334440809,1
651,5.371065418185478,303128355945328.6,3.6870717086479523,11.935971090522816,7.2029034070579305,1752.308375620375,1.4599799048311053,-3.5254699073382048,7,0.5120233891087593,4.1789861117344085,29.383452573663014,0.854901066484971,0
652,5.868411180208791,263112569910842.88,3.698132559871766,24.82659156822141,4.807209580804063,-2941.1801182167883,-0.717520373799093,-4.267543958926099,79,0.5488417555934738,0.05775957602974202,15.89696648534114,0.8206751886715418,1
653,7.4543947418433,360136407471519.06,0.523550201874724,5.121250899374406,8.506070397590893,-1475.1895305664884,-1.2866739502871347,3.1231733271411883,40,0.5383263720099121,2.5327707873011738,27.691545793391175,1.9767797572797259,1
654,4.316595462296794,87642746763838.55,7.675676285179183,0.9139105892688038,3.8956316964767637,-3738.89858321375,-1.0425206546318146,2.5240923321200928,2,0.5650737914801053,5.417525789381243,36.53534421814431,0.9396041513953592,1
655,1.2758030279556376,936957823031062.8,4.16504431903879,6.133451173928192,1.765958026226357,-3701.4298658211897,-0.3281259679444517,2.5331293187925707,95,0.9487049182391808,3.8723115218227875,2.116747295124605,0.5128367391508413,1
656,2.8377590579872445,553802240712376.25,8.221798868164234,10.21234668342779,8.38077770545171,1761.9574635653926,-0.9952319815821311,2.1632534347602803,68,0.9022456230962314,7.826155887991905,0.5599652627852059,1.7824588820629348,1
657,3.630822963986351,305524310658023.56,8.503480011198954,15.317422723786796,5.534205353236709,3586.0010698249826,-0.7177296559340038,1.6938542366986917,83,0.8757170365589394,6.992830368529686,22.903346953644565,0.982135899307157,1
658,6.459172413316012,396981517074283.44,2.1199405469865806,18.453874216235995,1.9730383446645137,4627.32583861139,-1.4600860557134316,-0.2300808462182502,13,0.8014168109086272,2.8725662323452097,6.591830890175709,1.1983512704211556,1
659,5.707783046689119,447202540504835.6,6.573534821701285,27.318171516432653,7.231801586005813,1283.4711754944437,-0.8152929377640059,1.42278163507115,95,0.9434281072652854,0.3638923317781968,33.21721457323572,0.19133742085642536,1
660,3.5609672589784624,600594333360617.2,4.722818041629817,15.29562028651373,5.160025021046055,-3158.9867663904306,0.28913525816800467,-4.616384452120253,25,0.09849464167940325,6.765010400920151,10.70262281137171,0.7658328146595481,1
661,9.865152487929796,515679427696497.75,8.80156737921485,15.038269338771881,6.0826985241791665,-3943.496545510693,-0.23258516763574422,1.214644226567846,69,0.2651232614457395,7.289874482517371,21.64255533978355,1.8884473489475735,1
662,6.057748193568871,919391973214417.4,2.157406791764541,1.507290294689464,4.662893548245161,3128.509715367578,-0.6131249550563553,2.7787770553687716,57,0.4950559456545849,6.565019147352294,9.883546843713448,1.1790107683508508,1
663,2.372267917359945,496963482905830.25,6.778132003100442,1.0473465796867143,8.304218939798263,787.5647635999931,0.9858085154284559,0.0035836038439018836,99,0.8465344931234052,1.0235995273581189,27.424179287456223,0.6890037102849234,1
664,1.0178247262040374,992158014823312.6,6.077521222527226,16.53479885749116,8.312670885262193,1182.8502101371987,1.5740398855732716,-1.4248667157276307,39,0.5051657115227325,7.983321075298302,5.802672969228445,1.2513343612631862,1
665,1.5285913918433203,851424957745095.8,2.953014775718328,13.145358397450336,7.122949336061423,2814.620887547092,1.0271568916095881,-2.2257326519902088,50,0.7480347393415887,2.0686737724221906,1.155342639374013,1.8208221791562322,1
666,2.459577283845081,208510514357335.8,1.3660090365117261,25.17541184940896,1.1434736362249767,2032.772277324516,-0.6719971915292833,1.428020501620825,4,0.13895990524891622,5.793639302466961,2.556581905334859,0.5479812009451801,0
667,1.6068137325955567,930595214643916.2,6.516397604772766,4.820387541355355,8.404653232850281,3344.5825285609662,0.9777686713502147,1.9280119862990874,76,0.2524138129765602,7.264279010685772,47.7129220757655,1.0102334369413488,1
668,1.8656702405130576,116366397885476.1,7.385974581323307,0.7491498635114879,6.743028507275807,-4437.860945401215,-1.3920792701037952,3.709675998625425,31,0.7317760950376724,1.8854969146456755,7.114310930546791,1.9173813078235107,1
669,2.850951686938471,817449708491191.6,3.1562734376334998,13.471163037903777,7.000539243442565,2475.206367465048,-1.4787280476348363,-1.576659175390093,79,0.16473400888772405,7.2660684374165285,35.42391265684176,0.3447922865969053,1
670,1.7337359529475482,380623293476580.06,6.448326040223138,7.124356702567725,3.6935301199983295,3508.527573220954,-0.6174918518553643,2.6977230738558555,0,0.35135593465492676,2.4758526335589357,3.396310211141312,1.439327851193423,1
671,8.967654246264251,877974320445069.5,3.9513090761150327,1.4884312001651234,8.804867605954366,-2138.649575416857,1.230809476176228,0.6135582418933794,76,0.2648662578135714,7.811305779072449,5.408017611759108,1.2289620164059647,1
672,0.8023374566164221,868056690107450.4,7.132068832826177,21.73794860542887,7.2811788423250885,1404.4727399325284,-1.0146070110307925,3.8283649067807914,53,0.3498616942224785,2.2500801630437968,25.443812570466733,1.3593502622812697,1
673,5.245113895702547,805925400117621.1,1.992152748940531,3.347789998717424,1.2146456186390253,-1858.3793616302792,-1.7469863644052817,0.27812108295620774,10,0.7083240490779703,7.627486598062681,23.243546507717184,0.7024392613351393,0
674,4.103968269896615,790030436307061.4,8.902150026361744,18.24958500023315,4.13700254062101,4579.710664824541,-1.4731618591745796,0.17629828397967273,52,0.367847181142801,0.42835720714139924,47.57901547199348,0.6277587469675299,1
675,9.823786169086064,304679139098040.8,2.8740959646557975,8.431492505006675,8.875165583405403,-4665.764275644962,1.4349798741183206,0.778770814409091,7,0.5552633226079402,5.674176093358504,47.24177265103687,1.368419341176741,0
676,1.1203890216805235,80919283051252.17,3.677859877561529,5.204881510650661,0.5672473468040521,797.9284383295508,0.5351331389891505,2.493153551424344,24,0.09993187705440965,4.25688907069603,38.98043212712325,0.4310865702090907,1
677,3.9785559904574166,402980178765161.44,0.5809195208034978,11.392545687579524,9.61802453445629,-3334.9645295048495,-0.9871953465200933,4.646904788284608,39,0.8050176932346278,3.823016616981845,30.105091506367486,0.8393094897180102,1
678,9.69470433275369,173524514986508.66,1.115122123212764,24.04337328668861,6.8237094263636715,2122.2020517715864,0.22118330131272534,-4.2643664578423435,31,0.36988862564812486,1.78795451404672,22.74801586965055,0.376349292105836,1
679,8.655071258939802,694951088902461.8,5.158619027123281,11.76280730713718,6.350622178669428,-3241.0971658133794,0.11031848970140157,-4.465653976089828,87,0.6485341590333424,5.644766318211936,17.808926716421052,0.016609682246659485,1
680,8.1707207094928,346099726537785.56,2.675926767279715,22.52308947633167,2.778536639231115,-2646.1673810164243,0.621743913762645,4.375503374073386,27,0.7253896016618326,1.5264759315704568,47.354377348777774,1.9401147200761388,1
681,2.579028270449398,975610200859914.9,8.354802257421944,3.764588903974521,2.563038708517853,-56.291889542419085,-1.0672497823135347,0.2987562551820613,77,0.2096609221117004,4.422734367878146,30.14544057123428,0.8634059573128381,1
682,1.7088758739006582,640972077345332.0,0.14693388654953843,23.183142589952375,9.426376372937096,4148.349499968781,1.4576119487775907,1.1490301456693608,2,0.88467498495335,2.0259629043220064,28.953626384299724,1.9386992288396505,1
683,6.68643219924431,822480563634361.0,3.7909404867193617,7.107999747199459,3.0528972969178154,-2882.8562785202917,-0.7625257516799486,-0.1757639840527112,99,0.6162242516069529,7.644971038250849,11.595056088445743,0.2806470395356522,1
684,9.293759891275858,132524672741848.42,3.3734554676909267,20.321793896666183,7.777502437518094,-3557.599788818965,0.7765266159049475,-4.063425473925255,90,0.42872514175148146,0.2290495506852226,2.334890894255653,1.174733558914972,1
685,5.567628930139298,862014482272622.5,0.19327630917601035,16.97344664522989,3.9919058022500837,2589.7683185403066,-1.9355014145111404,2.680893784186665,83,0.18233518357821954,1.5978262408898924,47.25942898797722,0.4019480655824792,1
686,5.7161268946989985,922757190513394.4,1.2436839900051022,27.87434151635062,1.4786153007685694,6.1953233393096525,-0.5093714804234111,2.4722464508858693,78,0.9423009379012067,1.9384848510995818,15.686762942232695,1.5801482539265495,1
687,2.7997909366028417,487061918818935.9,4.136426749186352,11.61967553925942,0.2060814471840536,4117.851123817714,-0.5931607281647668,-1.88296678507188,61,0.7550682041316251,3.3125426061425314,22.129451166222935,1.5674059775219504,1
688,7.694929331919369,606252937750977.5,4.928645844474467,1.9849556650332134,5.488147636450983,-3533.854428401577,0.17393771433205796,-1.937607547715996,26,0.20802456273324887,1.8618419349604283,5.731997179285342,0.2252142980786236,1
689,1.8704374855752337,764809800902995.5,4.042897472548691,0.5746645665375871,9.760210303634434,1459.2789302303936,-1.709054952891214,3.3784138090551856,44,0.3377107747242245,3.930792722150282,41.8462164954646,1.8241289057527783,1
690,3.2367923640424365,174838627260412.56,5.309376784120938,24.805756829182595,3.7544483187111246,-2671.2085384818497,1.1605254949044332,-4.276427422586734,91,0.8096742580880733,6.979724186068312,1.3815916427965313,0.38925929440644924,1
691,4.254364386164168,502566076463442.44,5.951316749056815,15.742069129842966,3.636204106531144,-3432.395713483607,-1.1288767929297259,3.8110514835656577,24,0.695677663215339,5.696507371273366,41.699538104954826,1.2259546831787207,1
692,5.07610378684455,398663027772313.1,0.0992382112783563,23.257321555048478,3.506507016709477,1834.2941515727052,0.7081512595280408,-2.4333831010408558,60,0.7657842927157243,4.639695844280888,7.014250639398339,1.971267240175408,1
693,2.4240973241508024,146373992162249.12,4.640951594535039,7.032768000345441,5.253383989318098,936.846199087332,1.2128484929763728,0.9298474775549392,43,0.4412011022129324,0.7120254238614372,44.3282056315576,1.7647930695327276,1
694,1.1483682473920354,367534422291531.44,9.634992408875883,10.352512365397011,4.462582345900506,2548.2745836233125,0.2475078249660525,4.359941790017777,96,0.7164762626421669,5.551936867114205,36.48863186680787,1.913127857122338,1
695,6.1062004244163255,68172309385493.57,5.190322801295487,0.9031161663395681,8.811154804597443,-1905.3742355381764,0.963532826887942,1.7812250153664646,45,0.3864937228639137,1.3313142744875188,8.233513125365254,0.6851975424362389,1
696,2.8863055324025577,25811906949486.984,6.775422674589532,28.844769737223366,5.104655838062554,-520.2834361781006,0.6474412488600221,-0.8557018753296344,13,0.21126291693819643,6.290939087693584,28.290899642973404,0.21115128443892672,1
697,5.812382214226123,135166289154822.77,3.118638579168832,20.036037201024403,5.126802598066831,-945.283236695815,-0.5778808113919696,1.895342089054152,7,0.63267703484136,2.0004540680812255,15.632815717760973,0.3766937465789002,0
698,1.5436271527420231,963115111589173.9,7.739913781527625,27.996152632779186,1.4698787877335104,4840.894639665143,1.2354341561342612,-1.560203636836298,47,0.9760139255987942,3.336389826567207,8.911654945579173,1.0009897901532276,1
699,4.811401018548175,549529535895016.94,7.729214818761151,7.9648922228721695,9.829121455012821,-2077.510432606121,-0.8211945204578881,-2.227415836508139,13,0.3106009713953296,2.8037616185434233,42.95910997055542,1.5864593565466443,0
700,5.325894325515859,965822161153220.0,5.212960476541389,18.343908336769825,2.574731619601414,-2051.8276165323314,0.2848516710060687,4.966832779346797,64,0.46096959221253964,6.870511317398854,20.17613832536147,0.30030728836775045,1
701,0.5182353682242691,432497878330132.0,9.760138232792135,20.354999048779135,0.8263042678500664,-1454.517911713926,0.981590956566158,2.507902311797877,79,0.6740013710698536,1.012355669707265,19.927185718269126,1.3194630645215142,1
702,3.366042781939206,311816133085259.56,1.2555021476265338,9.526491007727653,6.665147864854567,645.9408129032154,-0.4841763607499696,1.447199773818176,81,0.5415062821224879,4.525159059078309,8.494333740331001,0.6471552080790237,1
703,1.3441467693897424,506141862840244.1,0.16947664889580993,25.4432770504689,5.994127064553039,-2476.7725573625476,-0.7889295695302998,-1.4471035678068125,6,0.8434277957090492,1.1364928755444978,19.153283804288932,0.682404144784307,1
704,0.6337497047276774,439511688632910.1,7.701582117570959,28.414843887007436,4.209941974528182,4152.899403792739,-0.1626159593087091,-4.508391708449518,78,0.7617427064695159,5.638366689057493,43.58084231644251,1.3238354603158526,1
705,9.899602323899453,105664684261743.9,8.071555373648826,26.54565353088013,4.279703115418712,-2343.144351337365,1.2718539773966144,-4.689431239648444,87,0.05829720386235704,7.240625022355849,18.156435524481797,0.9339988390664404,1
706,3.2235384497472297,640826314690206.2,1.2020722912057624,22.172009278181175,7.872132818359669,3958.1573156019476,1.719687052582659,0.5418125544879882,48,0.998421233923774,3.4768612309380273,47.5801781249894,1.6240665860519878,1
707,8.09874445854635,216038182509599.6,2.6558283295860607,8.323940391748621,2.037555136986526,-3965.2493635341534,0.1803336514395606,2.620327210390511,54,0.7524024537194672,3.904738082119807,47.31544496041937,0.3118370193256541,1
708,2.5464065476376385,619587954897829.6,0.1755236336662891,8.448481263168953,8.220507857554407,1565.6270239965233,0.6458648212946074,0.3737919044385505,12,0.8639033162941132,7.419382691862098,7.244932965367301,1.579896539534077,1
709,6.8150272222392925,650201092398153.4,2.933086107805647,28.90080961338114,6.522596427560679,4069.855184382437,1.6130944889556567,3.4078507193911456,72,0.6511977120953464,4.167931109194857,8.865562676132244,0.12847049611484174,1
710,7.6022785988968655,152024853128648.1,7.731418739186715,0.30853487807076085,4.247800760417291,-3312.5056160177046,-1.6058125943482304,-4.665734669067784,55,0.8562851280467623,3.9007875043964875,43.13370351659446,0.38810776049121,1
711,5.956387406078443,61349627110668.16,5.179605277125789,21.481499197264334,4.634483304180299,4683.269600992549,-1.0716856885353399,-1.3324792357405988,55,0.11238297492870941,4.626632821634433,19.63804594623596,1.3122994290063308,1
712,4.715761885501584,780761586068439.9,3.480955931682881,21.187384876657866,2.6408073511423487,-471.1663958448835,0.8356000250063298,-2.6292960882582195,14,0.3477378355593156,5.513837890903615,0.21869911415046683,1.7098513130221424,0
713,4.118409141472686,459800423769320.2,3.717392949063303,18.680686228493922,7.54593189370005,4457.151084410245,1.2949778476491987,-0.5272703184287799,56,0.8764209436044927,0.8550670006962511,13.69359098526855,0.5053592554786981,1
714,3.4886826654299528,58163795505475.79,0.013536257154681541,29.703265382605974,5.17745994882215,1768.2004363004698,1.4281161133223117,-4.276236068058775,57,0.20165521126689223,6.568884221932128,29.881449659778,0.6543832116578259,1
715,9.29529144247826,994866317169767.1,2.9980052756523587,9.356383072911758,3.2764599732234516,-1984.1313012644846,-0.33957129258026963,4.541316415710725,34,0.07824209858002273,3.484040219626074,39.9632982979984,1.07424149657348,1
716,8.306194077877292,57780560996366.63,6.464587416379305,10.199155913797446,6.000896146033408,-3116.9747508289356,-1.6426403908325327,-2.767445989306391,87,0.788118939945219,0.5787880791798843,6.669430854662978,0.42314561297860465,1
717,9.650269106665126,695035228858553.1,9.741944438163571,2.3681820883966664,9.957771075308099,-1962.649537749006,-0.24887409080152034,4.223077754835847,96,0.8354861556432962,6.289461353585705,5.527068220836767,1.6223125231750113,1
718,1.2429722348554473,983678925263413.6,8.470608269838994,13.283944096312123,4.409096568599883,-4069.82590737325,-1.0770616391717849,-0.7410684496331825,15,0.1626522181899006,3.0155997734901767,46.10463267861658,1.5472732900115216,0
719,7.308674752036443,239180104215925.62,0.23594964645529126,7.831455787045442,9.214844867708333,-3561.3203365667023,-0.8352141800135033,4.855241332552181,7,0.8543459827827155,0.8029399607604315,37.55741839112913,0.2905834239315632,1
720,9.383404568210379,142249368687196.2,8.985606046748394,10.301601065329326,3.5156667152532046,-3953.395596535189,1.0890702273500232,0.5405838346021072,92,0.6867677955971696,5.070232316346004,29.48898003890392,0.9276594636332642,1
721,1.8123306616566015,121384939422428.89,7.83198413298626,25.03715370766883,0.6418537985573602,-770.5645625844227,-1.6978916558964525,4.308328641758074,86,0.5200826832165839,7.0410508274691335,38.4593394997964,1.5496555333092428,1
722,0.664962673667775,303275147567595.56,7.803761235709804,28.064535405824873,2.1219968530474462,2955.783762575864,1.3103248699228085,-4.946510113057771,44,0.830250192781385,7.102028075311891,21.442718065331924,0.6746590622068296,1
723,7.4112064929005905,101045811010646.69,4.579957590035715,5.571992160155569,4.245081918944074,-3586.164457836598,-0.2893236567033237,2.482388061809001,94,0.4192492493189658,7.6613077984717854,37.92278736545633,1.2662136454354633,1
724,5.744731131799119,692161341694131.9,3.980052929545028,11.175267946603975,2.2743857930862332,-3696.795668276641,0.3842557244023803,4.0305065310251535,39,0.1939939562233972,6.941643678133504,18.590149563726786,0.10042624291514546,1
725,8.41828776758272,62291798130062.695,3.029157288331926,27.858916863461822,0.10224767836072983,1434.2894951733078,-1.641391075057284,-3.6027943302104593,53,0.28485267661061364,0.017127354763801783,12.204728624630118,1.217377521058636,1
726,1.397723766262895,509422128149789.7,0.6569485895436578,1.854253820676679,9.158515223700519,-3028.1701803193373,-0.6505636865708815,-4.0387414826784855,13,0.5051640182933148,3.041929331307122,36.45067106464843,0.305305960001214,0
727,7.952673118598902,996696853852976.8,2.282353634936991,2.7708158433413557,8.454406171186196,-4023.899618910084,-1.6411963239406169,-0.754273928140444,58,0.5313307926731757,6.548340639244024,20.983614607863416,1.6611666502289026,1
728,2.0162732004774453,813970269506018.8,2.4660363497802464,4.883729676186881,7.448693091720776,-3331.5142179442237,1.8461748915244383,4.336789061329352,93,0.8055808264412336,2.9300240479877937,49.06885521630974,0.7108989271609569,1
729,1.636559428657045,615219438231010.9,4.840770697102016,17.856385023806244,1.7613644968956836,4237.3139587677615,1.2290465973050018,0.42386560190438693,52,0.7913527236523344,4.812388051037649,17.47425911540505,0.5631077254563914,1
730,1.6426579793099294,306253620786611.7,7.4744440659669396,4.514168130179924,1.2915994044788621,3214.712527761909,-0.1614689825741591,0.2745646372173214,26,0.5813665572045749,4.850535578996256,46.086371026553294,1.68177795342297,1
731,8.14574720231382,623895836291638.5,4.7380982839794665,29.042291443522004,0.7692870197765932,-1459.3543764490591,-1.1055898067053156,-3.5887388170067815,46,0.7807854833654764,2.9202024323105844,46.64812742835397,0.10028804614362041,1
732,6.651972206962001,527041463911651.6,0.5784444944716061,13.40143581775561,7.26788896885192,1558.2076732739279,1.7338204209994088,-4.992104889067813,79,0.19177345829367098,7.235791418250301,12.092647353237307,0.7932175986686896,1
733,5.230654247691193,426083383890371.5,9.57789800988204,15.045538810504992,9.295198810810064,372.7567366803805,-0.6216136170921129,3.1014009074546127,5,0.05006452709329434,4.025826763088941,39.911059079400665,0.7400070811500628,0
734,3.5883048412350247,130710376740199.47,9.427243190941123,7.399758474162194,4.362304627039066,1771.2426348256395,-1.356062273250501,-4.124254370137618,54,0.8736338226347001,3.7182736475000064,21.653725257228256,0.5696007484991017,1
735,8.772005408131083,886604215240466.8,7.851895431484084,14.128807573042005,1.279492652760877,1826.7115246275935,0.25265755381581956,1.33849818735324,96,0.07555449376276957,7.980109965295167,45.8762363615174,1.823508664002954,1
736,3.924451074226354,449784648821322.5,9.913279015642205,19.857408979110346,5.172688925247855,1287.340150599929,1.7750964813792645,4.146164545151915,43,0.2466884297439973,3.9480029125809333,22.50621363176194,1.5018567870334445,1
737,8.16599439471577,194622511820765.06,5.444823328002629,22.535314108621282,3.5534358838404385,-2338.986314626914,-1.9846788379987097,-2.91348086841569,17,0.6953189496243846,1.4271860154286484,37.2151858668683,0.12784632838387755,0
738,4.391349085702184,367759350877289.6,9.627683502532062,22.61604248129739,3.8107667510649774,-4609.935792371819,-1.047500626984005,1.6527283623691078,15,0.40944793762730913,4.104555382907504,23.348370458189894,1.4293748988699082,0
739,3.769444294249076,414129752528927.0,0.7560504061675077,17.33673338082265,6.251173179141502,-444.3321800989115,1.7537905616416305,-4.213014232924905,11,0.8763139699155088,6.51213388415944,11.390037785642809,1.054598266257588,1
740,4.626797856696064,827537895566874.2,3.656807482613713,27.130793249815717,7.215309321295804,3909.7388469070374,-1.3156561325713518,1.0375514383761297,19,0.29797979466226954,6.2148826151862515,9.967506447234314,1.8017357888031584,0
741,3.0137787416414206,733614380561402.0,2.253812680067658,24.522235419183282,1.1949756288442925,694.9725851857593,-1.5470261934407206,-3.3606827904679726,44,0.011871346669359295,6.308654120867768,21.27155971281728,0.6258912346967169,1
742,7.476093801762511,769304893641339.8,1.9583308413427003,22.711443440958764,0.45234328498411625,3323.9104170190785,0.2807488631992179,2.3595356051517804,63,0.3006556405607441,5.664190271983294,37.77473285071075,1.1483239992191658,1
743,5.027203900924792,11031264428647.215,1.4080294889267608,1.6681656504138187,9.943869996588576,4916.243429612281,1.4473752931793196,-1.987687052060918,58,0.5780750491848317,2.0337426325335057,30.25357425903834,1.001510549481972,1
744,2.322126951468173,416153998179761.5,6.224136415659967,0.20633886658947942,2.4040106542639634,-3363.8379586172373,-0.09156072922429548,-0.36608991195353724,92,0.37593837540329333,6.8966726867218515,34.431464495027164,0.9791218124552115,1
745,8.995745732745684,481344151635323.6,7.813218557473051,6.373418315864189,0.6329221965937448,1917.776391419823,1.978257026738099,0.9943054202762172,93,0.5348727557587553,7.1475477230101205,14.116317536597123,0.9122107990344253,1
746,3.8389122137321143,19192276823056.688,5.782983994203606,19.905707817403567,1.979765758049608,1742.9357370002463,0.7166867981519713,-3.2872658933376044,89,0.8765981188350187,1.5532215729483925,24.071767297880275,0.41125895106456256,1
747,5.435528611139886,259813208745034.22,1.4696270958820967,12.335924666476375,0.48568267884979577,4799.554473582784,-1.703700371158209,2.4163781861762086,21,0.9124850542303685,1.0436450924111513,2.21976324846635,1.5114198449847855,1
748,9.06472110964547,760289823122135.0,8.111237699334708,12.072187778979352,3.97892785671,4856.007339528003,1.9713285267279015,-1.9735965936318545,96,0.2659740646541121,7.804839748712896,40.876620797906035,0.9026720654785774,1
749,6.242379959139921,137109705728999.05,6.359547071637285,26.537606646888413,8.043777666068111,1866.786117241295,-0.36842305287923827,1.6237185991275354,46,0.4621404732699007,6.946591709202943,49.494608111993735,1.9170325500052114,1
750,1.1689804070836407,535310131452591.6,3.881657061269955,26.866885443955162,3.4783200526014344,-2563.8520801780573,-0.8503898646180699,-3.4171694930062637,28,0.5491440152414512,7.145889177679574,20.343953131233544,0.5216168543855526,1
751,9.398321236134752,215201872017237.5,6.74130295536063,27.275257921607572,4.497415728095828,2985.55838130599,0.2315167343115423,1.8811765920635022,85,0.9491124568882471,7.091011076995161,0.5481826565771675,1.3654876792540822,1
752,6.277080530714178,12120774643893.273,2.5990497924283282,9.41634229545082,6.788309058317644,-3929.7086578896187,-0.7827696327165428,-3.7181192718953824,44,0.9986173191643847,4.333494592269827,8.489631977547369,1.8814341592782169,1
753,3.3490561465708613,241201457599541.47,3.451922084942105,20.731674382177854,5.138051293691814,2806.993041716287,-1.6541699715193907,-0.7464350373001638,76,0.23540724884152664,5.171213893326398,32.62634388752094,1.326916646032185,1
754,1.3927207266338726,975873754910053.8,9.174858431319903,8.14899543823109,8.62831229161111,4101.961241446965,-1.9942866276832931,-2.527939262611232,8,0.7269798713458154,4.362902817069133,30.603965910192958,1.7425458152347892,1
755,7.9402518927029595,801537111882989.6,2.905045056714204,5.718294992233494,8.67375318295299,-1171.6660523156474,-0.2016665883189508,2.483752494281825,23,0.37803106223319516,0.40965079352263256,39.39323597927719,1.6549619195140122,1
756,6.200727559285135,959576644321033.4,4.699882681579366,5.538973720421076,0.19811588536242108,1306.3529498308044,1.347453688906369,-2.3796499549312546,14,0.008108196886213226,5.964024682822181,12.694200548053407,0.7202354309780077,0
757,5.334610919763215,487854043926362.44,8.901411373960146,10.263228625907821,7.802658434183671,-698.5726790317367,0.2892607425203062,3.8171730639539625,35,0.009252522435902355,4.042656266687042,38.181595777356705,1.200247879878993,1
758,8.938925830509577,109736198677503.5,7.077213502675274,12.898728593394651,4.661262642392571,-622.3494501187151,1.9968291957737634,3.918202114066128,12,0.46056600756225574,5.181672598321838,34.39920107618349,0.3125226796227112,1
759,7.885972112245307,547959488973692.94,0.6220322616470275,24.92847513165205,9.889521358906265,-1896.2911089187996,-0.8526134174112001,-3.0355868477721417,90,0.4883349130043346,4.021118439804282,16.140724885692165,1.071051765391199,1
760,1.5167487973275118,454377334559960.9,1.4730304427897034,3.5967328041813627,4.883997551166808,2621.2962045032464,-0.8781797409597787,1.1384594500772423,43,0.022569696573442655,3.9344905785796476,27.274407402848098,0.4608439436286744,1
761,3.1172206779554825,844357082739616.0,0.07841590771916818,22.047775421846826,9.870269859344145,4361.765641665052,-1.3610021590642232,-4.122823582800357,100,0.6869274167743025,1.3743128758221346,7.363690424916336,1.4874736299048912,1
762,2.4848913981446574,98082580784244.6,6.309217902291634,15.94364742567916,7.570236675936792,4407.508592344611,-1.3437456469386593,-1.084629003983708,70,0.2940033885949531,2.2297097211291916,22.628225171779132,1.0561168437842492,1
763,7.43946292572677,488241137021778.2,4.4767342541041835,8.638360280279775,2.5611883576717327,-3252.1871512506614,-0.8592536159598088,2.133217295012723,71,0.5598931015359494,1.2708215355516463,44.05986697778205,0.822454725263321,1
764,0.3353243473577938,150048664693984.25,1.3427485090227553,14.784587535984738,5.430110294940881,3747.4364965656605,1.1713601810941086,1.594232468499163,100,0.30091907316541877,1.5653303650027395,21.05956899126954,0.5375941923339551,1
765,5.698896848713165,324675926890060.0,9.579341210567705,8.998262093310679,9.92214283083797,2374.3144142712217,1.6230271625457915,1.24700669406608,77,0.1671343148693072,7.783819043362439,41.9783353237711,1.9973969636825737,1
766,7.624586857406905,737357077387799.6,5.296597239456199,17.88245865714918,8.589553016744045,-2471.6259930971073,1.9003486788307251,-2.1745913633755642,75,0.4071737385988753,1.2249075661775874,29.51266826298472,0.14342104176986537,1
767,8.767656367617494,476018129368766.5,2.418932941128892,13.015317685657326,1.0639322485330889,-4327.153870784854,-1.0708413836141895,-1.2197505056559796,35,0.23227336479050076,2.154163394441661,9.593835655117838,0.08712136114484004,1
768,3.4208174871590744,375888285145769.3,5.006035711547075,4.932165872366362,7.093082768418961,-2320.0273311562205,1.5251901824563667,-3.970538552997138,60,0.5348009769191681,4.72471726190868,29.05531223489482,0.4345148009877291,1
769,8.212573046720129,394476278570035.3,6.796203327351078,3.497492236670902,3.5212379001210494,4122.082367815256,-0.6869796428906518,2.1902282043360097,80,0.19882853028647995,4.881428609893135,25.299166457853172,1.9421449172556393,1
770,1.1063173695520723,459446768405986.6,0.7623921797356448,16.400870462163905,0.16912439261544637,1331.786748957723,-1.5486378219324624,0.03888796791273563,39,0.5084059766446271,1.2317930379506326,19.9320667598192,1.958476336639969,1
771,8.464522917345182,785016543837056.9,2.74703815047892,27.072390998583103,4.094461593367296,2210.5466089787187,1.4800997020806625,2.087656323456546,92,0.15737851486886756,6.3497394062816985,5.981521975803517,1.309855469544272,1
772,1.2748866233198242,892084688940234.4,8.069654908839937,10.318730596730566,2.424068775077216,-2428.4764889090416,0.5444225385744743,-2.5105647520312724,26,0.670974709485785,6.2816229433026,20.835433192361492,1.7602133344128095,1
773,3.9728729056036727,955334686503928.2,4.596648704026612,21.990003216678698,8.206805778152669,2193.881555748203,-1.341076415675753,-1.7556177136493378,0,0.7539376844414241,1.8985416336311287,3.6381188119813554,0.4279234616815908,0
774,7.972953657795536,786903386255295.1,5.465771420322949,19.75984064819301,3.4395730275730787,-4718.784937220762,-0.2806749699479898,-1.6578466273988535,33,0.11039423424993378,2.3093304214036836,4.938452569937563,1.9440841883532471,1
775,1.4991742734877378,315406895748012.75,4.328160022094693,27.94664742928443,8.29248457014279,-1246.786542269862,-0.8509692204917294,-4.742575902527838,67,0.4678024120373392,7.503902923675976,20.795826646635803,0.2855697002791293,1
776,2.2925139523264146,688134706086542.1,0.4389994264300512,24.629430518974225,0.10591959446447356,1267.5334854233124,0.947178274840788,-1.5895212716937648,87,0.07087170065487358,6.6053715678358245,15.269074098423186,0.20225037636331655,1
777,7.222525683930662,437603124055391.94,1.6574977982015593,16.99815776716389,3.14740958525858,-3539.0343445867975,-0.18633507750292777,3.0330457351803357,20,0.5981824455420024,5.582376264500191,46.277216293111174,0.2244230784945458,0
778,7.200365365460744,254670622046051.2,4.455416387418909,19.71091494702322,2.4875356216468436,3230.0357444693473,1.9571197804255398,3.972984957497385,32,0.26440429792964537,0.6578657720848042,18.785290269013526,1.1462558465451294,1
779,6.411476328852973,840871579425922.6,2.0918546540792784,26.951593997521044,2.4123168745792487,-2649.6870118808138,-1.7810200709616195,0.18218315635927418,6,0.5276244568387078,3.3461126472206058,37.89290610360501,1.5619488014361047,0
780,6.939484444671001,38426348962325.0,0.49979028659678737,11.985563537608044,0.7750475356780807,1522.8111281844622,-0.5799389354550133,-0.4449830478077974,64,0.5174610093842912,4.474414976614616,26.512376318312135,0.7333343557492662,1
781,5.427244433475962,901761992135423.5,8.436496640518238,9.803841175733321,1.9525302770639672,-948.0285742467031,-0.07239933156009037,-4.691753813006297,2,0.9243543461938004,1.4992903038702154,35.204283432116775,1.955791975572253,1
782,2.5179905890695276,461477464624734.2,9.811925291641158,0.3243325090558902,5.599940741867637,960.4359547764716,0.012534218993279111,3.792043375853826,50,0.5490832225687229,3.585812656865796,13.00579915076996,0.8688402762366589,1
783,3.4569599350391944,637201476808280.4,7.931428739967394,24.796532225743928,2.984474621093671,-3925.494473710919,-0.7362567104574529,-4.869897865741272,78,0.5829984797183156,4.80820701990952,47.095248641916456,0.30089710154643257,1
784,1.8159771680142567,659353922205782.8,8.53784921704667,24.029421012100947,4.232208345058565,-4830.8720007839265,0.9169609963902721,4.447500802102118,94,0.4016531257643803,2.6190134409231938,26.504424845721196,0.9319334963722734,1
785,9.084505613336283,895117740706536.4,2.419771303170454,3.1336355430045417,3.8309821154371666,4095.6442738030128,1.498988293955899,-0.10783751311909384,53,0.9490796031828168,6.247558551603897,41.56620356426248,1.3580743308448797,1
786,5.833917947661204,636669682167207.4,9.606269755131997,17.305721433981006,8.771458757498957,-2303.699912328172,1.754877207911452,-1.580655064252734,79,0.7771859094396096,6.723596653110444,18.252284673805676,1.6644515610087574,1
787,4.008514167636399,613933584760061.8,1.9692570445342839,13.919450945006622,9.062460090204103,3196.7700278045904,1.2203735071981048,4.242184348426601,73,0.28540529030284156,2.588875755472566,5.010567452526226,0.9175365799131858,1
788,4.620058036441327,66652040560689.96,9.514298103618323,3.561272865273344,4.980274019393014,4993.5030047220025,1.4023207892263976,-4.756090068899033,92,0.8442095857762321,6.709257235939657,33.68558238604244,1.187213652098335,1
789,9.472833396118153,518408021945204.06,9.94819293965951,29.417046811821706,3.368543908124484,-2885.687420010888,0.20218120247998206,0.8142489486908708,58,0.43239636018509,0.8286125288241202,0.38798241687122426,0.5346894243177067,1
790,1.533514031160802,150169000817041.66,7.117228057460487,6.440876623900663,1.1573269696234,-2348.292588166444,1.3035529057072583,0.4893252449933758,5,0.8286671435335939,6.701832788981251,23.764648828275416,1.291833052811028,1
791,5.862298320167972,737433768721485.6,9.81143731791822,2.0170254027168344,9.53868850588274,1628.5978763466564,-0.7859843634081911,-2.8067959878861792,28,0.822888068293502,1.2220034533409327,9.640095133322962,1.9719438879006874,1
792,5.05888678884466,512221920812674.5,5.695397795671036,17.845421385057286,0.6962467545129448,4654.486346006213,-0.4060849515631424,-0.7111256864978941,16,0.1888701867628544,0.6634172200778083,31.368775221768107,0.09810714517558772,0
793,6.1145423543464785,680227779208353.2,2.595417831760903,22.16600031399098,3.0467377479259765,4158.143481907438,-0.7323479447258228,1.5226400594377019,59,0.7011411313835769,5.13420323552809,48.97099365689261,1.7730613414103356,1
794,0.18110183820840509,41672900602384.266,4.369958856656209,0.9733033814156089,3.0508553915830414,28.755200655848967,-0.13045065820829826,2.2713119688192753,21,0.2906429693065311,3.7754989260423546,23.220145316032298,1.1245650055350456,1
795,8.721239089441514,84792016045803.22,5.93560935378786,19.761529161810664,3.271972732788128,2951.1028252672468,-0.8576815350454545,-4.992831412934202,23,0.2974926699926682,7.263124803302662,40.874912826283335,0.5041973191245999,1
796,9.321182824836123,716323388062682.2,0.7308156202701499,15.968756278543633,1.726439748396852,-3642.5414690009893,1.8464457690177873,4.368534300910152,80,0.29634807688058074,2.9055135687267937,25.38920934755605,1.9097794200185159,1
797,5.65133183589209,72084335998673.36,6.223432646172461,3.0979502662514524,7.853298166144602,4774.381842040122,-0.7486214879773274,-3.354746276071876,84,0.7255682475599482,2.2972181075010294,24.792001555201203,0.9667086061177979,1
798,6.966508238768922,71256727765258.6,9.811778367622946,5.175716308390862,1.3127288334632934,4643.532340359865,-1.6078218475562407,-2.664195657776408,50,0.22982604179253607,4.005879249153587,46.52117465893889,0.6633805033467712,1
799,9.224993811772958,12108475234887.451,1.9010764978372763,17.039228919482415,6.385575925616312,-3362.7104212082904,0.1072686642016536,-2.3652655430615175,49,0.0009058352460902253,3.6475694861492904,44.49829343733408,0.3629952565416823,1
800,7.072386343133986,956501398299480.1,7.925951162883833,8.89072840539865,1.326075664387593,-2005.7687519689339,-1.7716036862192945,-4.621798634479647,10,0.7152368534826331,2.755424369737506,39.29002325939872,0.48890442051332417,0
801,1.5253904291426135,737508359459007.0,9.078987937796194,28.14947185953948,0.7983028121702699,-3998.450024932331,-1.557827334765678,-3.7694787640967506,55,0.17118474383512527,5.5499303895866285,14.812787665839206,1.6656980831828851,1
802,5.762883601668132,353251408502064.2,9.437015928202207,24.562206884521522,9.103352086490178,-2282.824011018203,-1.1224424432150149,4.86349922944162,70,0.10448239530783465,6.076494671311266,27.250420786197026,1.2288200186343317,1
803,6.067150463828559,296535581287655.25,9.601356044054473,29.50701619540989,1.9822747865551864,3159.557894152066,-0.14259900047143326,-1.8478326262271394,41,0.23751612059406013,6.823871752241093,11.19486166528425,1.8264912389766321,1
804,4.24130671302386,349703229745849.56,5.214596387214719,7.79012516851242,8.230376530141072,-1216.8439283474054,-0.26699627076388843,-3.846989096609507,38,0.379900522322704,7.782852837682743,22.19583490232699,0.46393690431557166,1
805,7.3644423562472285,774653531181181.9,9.773079079915037,29.09170898393931,5.491845623960645,-4116.030328532416,1.1987674480111647,-3.930087388253767,68,0.4759063274732007,2.1332495370600357,24.21065328798953,0.24227714769780295,1
806,9.343670147690148,661370611070414.4,7.573102071344389,12.937016093746736,0.8707795441268191,-1577.7447522109546,0.9578986155364535,2.1945996766997187,47,0.04457004071263082,5.728747859919692,41.582002008466546,0.01217506195118001,1
807,9.255685129067764,185195567867467.94,1.616714362369619,10.42556385941264,9.558937095236868,4813.833342412801,-0.29472682403719475,3.5456866403264087,56,0.9705733326273605,3.154065883965962,44.801418266249655,1.0157240752319876,1
808,4.508393714041321,174109335334084.34,4.7690010646797,1.5104858090805973,2.5449155532197363,1296.8359525920296,-0.6651831696974804,-2.4304770049153013,20,0.7160630534195581,5.416655775608865,20.731003119823892,1.9966138607639763,0
809,1.1323804584075525,98395649713397.31,7.18331175372004,1.5829577357880786,8.610488918990804,-838.3905359384225,-0.7341248637540057,-4.79090487664765,81,0.32319406532433614,3.8078535227937627,0.8852222536618604,1.389930537637278,1
810,9.848411989623346,660302719701338.1,2.473403158190833,20.76033767839964,1.7712190572671855,-3334.6148650273,1.095980349176036,-2.7690998155464417,98,0.31869725728539733,7.950184822143453,43.08869198946773,0.6167891839302921,1
811,8.388980864459342,764372662221736.0,6.406151835488874,13.737869833020838,8.554034533204343,4861.767972836948,-1.791710375114921,-4.434843092032427,19,0.4485425493684594,5.831217086325999,8.713933925068035,1.7537171660523434,1
812,1.2466268120326685,265046428325004.03,6.666004790466192,6.795648781083171,0.23096524776241045,3208.4900926312876,-1.9487134019575767,-3.966050633699585,14,0.626244822763033,7.619930403474596,31.094098194519677,1.5634445319759194,1
813,9.208418826173723,20944961030912.812,1.6269974380856589,18.41910918975698,5.166626520037859,-2185.226975490806,1.1821775677065922,-0.6849188015235761,68,0.14637306658896776,6.679756395849486,1.2485450217065597,0.03083033215307851,1
814,8.698963620621283,82171667476427.34,5.650853124527563,7.585743547503335,7.717481536273413,-4299.313042788105,-0.0914144960438028,-2.700816291383674,76,0.18892981376495233,7.223208089306969,19.975323763028214,1.633720961082045,1
815,5.188380571260721,967860034845030.5,7.716269109786077,17.32895263033268,9.354475623178555,-4433.74442622442,-1.4764754457856961,0.15945878525423396,50,0.8594345828335509,6.515353577717399,49.29801510576749,0.601053514476992,1
816,5.912754357449293,295444777477420.25,4.988956645359419,10.77626240948071,9.101101148444222,-3796.2185049446616,-1.057736261621995,-2.4650624674280963,75,0.25625492388907256,3.673273043007291,5.0346800551901545,0.2993469291672022,1
817,3.9900270387013026,769223147838133.6,0.12103116776107425,24.706566798354572,8.214286208521685,807.6858361442164,1.7300158123895302,4.405373011029477,61,0.38019499797517753,2.014307626775075,21.184657599982117,0.45266167947414915,1
818,0.5476163882203133,624663568854263.8,0.09038469079292177,24.62088482300338,8.893094361646911,4287.634212054923,1.4380119024995919,4.0594396792626455,84,0.871271850950117,2.9625614036041776,15.357497509497609,0.937159608750278,1
819,3.3519724164590095,381939639652895.9,3.570293439700122,14.32051194367204,2.0722748897870575,-32.56571994015485,0.8391402008958901,0.6680610501046598,36,0.6631478293998225,0.16188986111960357,45.254406169413215,0.849735854136022,1
820,8.028534485980114,205687262195555.12,9.26194068431782,10.524573280050468,2.913424527546115,3429.4548245619717,-0.07109907865069376,-1.4557600801261383,5,0.34171187934168834,4.191945339717337,43.46700539536776,0.5777745987484535,0
821,0.04632023004602859,121386418159406.42,2.286767796036088,10.876793896772837,2.9607883967184794,-541.133801401922,0.0812945047655429,-1.188531179652644,70,0.6836995457246208,4.04046240216327,11.884938015311441,0.3444366444140654,1
822,3.334991716911442,615012968038866.6,6.343636888716872,24.171435770046536,3.8328339169168184,2085.835457678252,1.9009781411358344,-0.8814771685550307,25,0.01968321538141371,4.202003718643906,4.059389352521558,1.5244615792843386,1
823,3.9816869359094333,774633780637788.0,2.2207587069332058,9.84538448392836,3.993874636813368,2318.727372865008,1.8630817755371485,2.2757932213494403,7,0.7356426600113652,7.792249799776511,31.356919703055873,1.9802195674698342,0
824,5.373956029379229,643904253541130.6,3.216699896595486,6.271781211205381,5.491097714081287,-3260.3629409666137,-1.1389238168566629,-0.48361004481162073,72,0.4870160405162395,7.291632027638714,16.818435594185488,1.5555831608393809,1
825,9.198556164127606,530302133249158.3,8.48042089601484,2.540650256259205,1.6828096573277698,-1387.8394102418824,1.2444182652212725,3.5672994650589747,90,0.8131821472844613,1.293702226640864,33.604219530303155,0.5918739353430824,1
826,3.4634599436596125,41951223431636.266,7.288614422699469,14.000793626532252,6.943341971481294,1373.0215653802388,-1.2110293353319328,4.440947859303645,3,0.9546376520064683,2.9510601724471135,1.6059878033907238,0.48961792282426675,1
827,3.469532018962277,968488777594383.8,0.9539927731321063,14.463962967595256,1.7589087391146143,-4293.033918156338,-1.1458500884641944,-1.6405384662106615,20,0.9257885494945683,3.3916494357060953,6.669961758874471,0.43533175213187647,1
828,7.3750124810974835,798714191654574.6,4.287020209864336,25.227261312087215,3.172053972835021,-1384.5981223704339,0.7043721366583071,0.606944813756801,30,0.9092650434553408,2.884263342813182,34.31861163863217,0.27339014897807257,1
829,4.522179408898071,292822036700964.75,0.2916976364526447,6.637160893381919,5.083116793000925,347.9946628119242,-0.3799956056498064,-4.049434631674355,20,0.5121699559338871,6.3879677088313045,10.618532765124888,1.1026610993846024,0
830,2.2460482293998196,979970329358850.6,4.80890146603009,11.429738210051998,7.9847615590824255,4962.244930446386,1.7261776284260808,-2.9953095223364103,24,0.36014211413893804,4.192301358940695,42.87938378812008,1.2108007439066883,1
831,4.524395161326934,601881589636322.1,6.62434011701068,24.252172166810727,7.4207454090634,-254.66437377559305,-1.6439610604159647,-0.8653423328983987,14,0.46503532473067277,4.576798535773,2.9295443855067713,1.4110053213262745,1
832,1.4085702037979986,582422658207246.5,1.1850262359815156,24.708708322469207,6.4907901284641705,3160.567571143236,0.04610256323797213,-2.9379728409822112,34,0.6898960033133608,6.824108471903404,10.77409913927873,1.360426741867336,1
833,1.763869865062233,748073179429532.1,2.8888493890916567,11.538332279363047,1.6421552797436847,-679.3271493338225,1.674086121772485,3.765604907887175,48,0.8839977768711867,6.447425227322869,49.92801242425343,0.5846666225667649,1
834,4.983677727394797,811769788090137.5,3.9783662550215695,13.773720698600426,5.515748921594219,2963.9072261970887,1.6164546419180206,-3.4171374394090193,42,0.20698630300011955,1.0576921825623975,21.65380512933963,0.6606220107936931,1
835,4.189254495045479,656478607331502.6,9.195310246560497,9.098576725478488,0.9657203678188659,954.1480162010839,-1.3738831463370351,-0.44339178446908,40,0.918193158461703,5.711316672669074,35.14828317723217,1.3630290708846757,1
836,9.148459010681,128095746366200.03,9.93255015422964,27.976646352579362,3.8358954502868428,3865.9544150239835,-0.5334491996141741,1.0569924045987564,36,0.8151802319698891,3.4834890312162843,9.133152442850683,0.6988952815672567,1
837,3.623938991166331,338267505994498.4,0.44911298995615856,3.559312972247409,4.193813649870595,-890.5744764989013,0.476485600186785,1.9186390816084442,56,0.9788560151782346,2.3571912245000037,30.493436749276885,0.42524637923862607,1
838,5.805883502780435,928083640326049.8,7.61007923495392,28.012482690044102,0.49413325051296286,1043.0441982147886,-1.3624204609143913,-1.1693063027349329,41,0.8802517732816871,0.40015056721749076,36.30530341847093,0.7486723073934791,1
839,6.322642879195303,224615611843851.94,3.717240664023432,20.515993555060298,2.8124821847527213,1300.1868061882742,1.8720886881829548,3.690990687247286,46,0.27993732969190666,3.8979964827636078,15.723831793325527,0.5441683151559553,1
840,0.13094456588333636,372167023837513.3,3.9245818622948003,15.947164580601935,9.560929725938244,-826.1705819952667,1.6589973149106414,0.6831915107792552,91,0.10595591134404769,2.843493445796251,41.444855598793886,0.1766254424371556,1
841,6.635373720167106,432076882944196.0,7.542649733470227,0.9797718235348762,9.540962817513925,-3556.879563125185,-1.3321992838621233,-0.6049221955244821,60,0.11224107199158861,2.0121043174112065,30.170878923614165,1.660277804553307,1
842,1.7803596686975143,439404989694452.2,9.184264321454087,14.267885754660249,3.5880378371001393,-4064.4059308766446,-1.5153781549560583,-4.327593659479634,13,0.2912233185782761,5.55737383677566,19.45615048075151,1.7062227783140727,1
843,9.610703174694551,612939582494525.5,9.509285945025484,12.232443150081968,0.5266910785884081,-4833.284494003669,-1.6583660687669388,-0.35310531554834945,67,0.6141837239845392,6.155883098524696,27.88211966715793,0.43950060033375893,1
844,1.4866272775311296,943075837744707.6,5.771225860383208,4.836564359253677,1.8730398993489974,3735.342642452146,1.6377746561465245,3.2073584081573028,52,0.8043203260971725,1.9583161522353985,28.838042371796213,0.1295443990504035,1
845,4.146241237270237,240692711832504.97,3.571211593005028,19.692288105019706,3.9829561549920474,-2635.2508776130544,-1.2255047608181568,1.1454101822131548,83,0.8992503069815647,0.39557949343477805,8.2767646346933,1.477654874702359,1
846,0.8534966807864386,121501376300918.06,7.875490858587792,29.134527221048575,9.483019009895376,-2884.9325071823196,-0.3348602858225811,3.321624537291184,33,0.6237533843692328,6.79002160452188,20.13661849334831,0.4230572517268274,1
847,9.968742518459473,197470489859937.3,2.5100138326230024,16.865664331935754,1.4978707290181308,2360.3540042606555,-0.20459453739198796,-0.059883294006944254,75,0.0056313127480537295,0.07967792963442655,17.171529400974656,0.7868709788737205,1
848,5.021950103312426,886924900209269.5,5.640740288335177,21.442598293318376,7.658806852315301,-1799.8388691260825,0.3960441768542702,-3.8153829490551816,96,0.1863167765185335,7.496899951371776,20.045136128956305,0.1282705044747665,1
849,5.953850173200438,645810812655206.0,3.5857846152487314,2.0535135769805035,1.1759571398094517,60.44692411836604,-1.7130586250103002,-4.86360154164119,23,0.09972620385336795,5.020958991861647,38.05552942426289,0.45253916951687034,1
850,0.6707647738842748,285906789239160.1,6.566310737078761,12.530009874509842,9.814450016173641,-3374.889347025437,-1.0929655303979362,-1.967804532814088,19,0.36332447556901004,2.5747730816105623,24.126920373333633,1.5858045566592716,0
851,7.499604703991778,815946938968617.2,2.403989128935069,3.490754554934876,3.8780033411804364,4597.4572146196915,1.7259615476757042,1.9799047149779252,68,0.5013509936337459,1.9718232766138897,47.015807661963215,1.6087928938304037,1
852,2.0990559309558576,861369996363436.0,1.9159294573482577,18.383875066095314,7.774821935100655,3515.814000172373,1.633640429074278,2.9025990394169376,29,0.04339717857856085,0.07204531411580195,14.68382066792181,0.4141696497754208,1
853,8.980542894407137,846514338690278.0,9.182390866754371,28.154464746424637,3.4916517198302053,3637.896229650032,1.1251625896227688,-2.0424716537967056,87,0.3484779757956553,1.8837713360870172,20.78517891424645,0.6718276902133791,1
854,2.0513964048200717,918926533639554.5,1.018036829495369,19.853331974149157,6.313921883872206,-932.2625142799479,-1.9223950175271383,-0.04346079116752932,6,0.17917967462532258,1.1018264121371288,39.34784052395207,0.26847683818748713,0
855,1.9068772066366657,252241020173361.6,5.059579077349317,2.304091449432646,2.0009592389263635,2623.6121370717283,-0.6919729260155916,-0.7888109556591836,35,0.6470701662588739,4.897329765785165,27.301229666037514,0.14834526056984476,1
856,0.3654966784809488,755041928746278.2,2.208527829630089,10.639986149552485,1.5456080910399292,-3561.2384461021984,0.5118349413716312,-0.8947721564857218,37,0.46427236932434,1.3323647087504105,27.35140732122239,1.984343428896819,1
857,4.720669451099992,460539497274140.0,0.3892996332566745,16.519901383225545,9.3868349817245,-4913.809974082197,-0.8992391529060972,-2.686512867998495,79,0.4953176469339088,4.229038700292954,2.667008150259176,1.3111879024896784,1
858,5.648411332626164,841998552890061.5,0.3601881829142639,12.096232683997567,9.18470805125389,-4800.270674219719,1.6383467802151093,-3.636288949705416,51,0.4276917880334611,4.7209313787557665,19.92998313592279,1.0841930183966375,1
859,0.6570863942835237,728490677161613.2,1.7522177210582734,25.00932031425517,8.885942508107535,866.0173740456048,0.5355578473297675,-3.0331144176878686,14,0.956019710486567,2.384333586775316,13.536686621086623,1.530997000810599,1
860,7.755276166950106,776447446499724.6,8.667703545060002,24.440130141299676,6.291791156649275,-446.05094752059176,-1.7123731307342176,-4.446676128366539,45,0.21473512512156323,0.28051959214974964,49.96675614155577,1.6801543193754482,1
861,4.532888347480276,656161837681071.5,2.8247874397702666,18.354930603096644,8.101855291041154,180.15348908519718,1.6360223553428122,-3.0186925817642294,22,0.5166642598438743,0.2980310449135688,15.417753531615514,1.613429536089455,1
862,5.243902693275801,177428769469706.88,9.504591705752958,11.203738353981157,0.7834656754226117,-4925.368595827806,1.8310666327048901,-4.907991023746206,11,0.7360173683653359,0.21077865755134084,44.22482673969317,0.03307889857975321,0
863,4.407627469382281,545026918896938.3,5.816222929891936,7.660091212897324,3.414411514717724,-773.1338034257433,-1.689150326433098,1.2725840063597822,92,0.5568444131345626,5.91299733709237,33.811686752023874,0.37361579638099696,1
864,4.00763060875326,984669739524508.2,4.366141897687661,3.1762295463938797,3.205660935095847,2180.6816120086078,0.12944093944525958,-1.836245926123171,43,0.9290208857168011,2.544077638514385,17.04582045960452,1.309810604235662,1
865,5.596403313082179,937388066497118.9,5.800888346694546,10.646930504596622,6.3928886873308715,-573.0629803256415,-0.7865428711433182,4.731447114269086,14,0.37796835564128417,6.370401487741309,27.176718918706182,0.7515186956079258,1
866,1.552402459307125,43173735797011.67,5.166983852262677,12.395175516231586,3.6239819573593413,2322.192063122223,-0.4286436940743905,-3.0628294922370216,92,0.463675805773178,3.4538625907427933,42.02679399745969,1.964965302122214,1
867,1.8192813049527112,164814815729437.12,7.587762537573251,20.27468775312221,1.5702171382724401,-2669.810356031652,-1.2813951281786324,-1.5417142969040611,48,0.08852231521472842,3.6239848066397107,44.168414901545596,1.330809585276508,1
868,8.617856210135173,131728773454561.9,2.8249606597285224,19.744794728927204,6.005024046594083,3131.420044817255,0.3122884080496502,-1.4215884135846677,20,0.6089991110519285,4.10306082007659,8.01969375030726,1.913097817458413,0
869,9.461154621336327,725979909985295.5,3.530503916003024,2.1032441892377083,8.162400814623906,884.312404534523,1.8319174129955624,-4.915485039375395,14,0.28821196844810604,5.704251651000831,16.97865706040848,0.40289296329158764,0
870,3.7330931627975295,817785329856945.1,8.940943025332507,11.857779462934733,3.8830225951537347,-2892.3690057009376,0.012290401086436198,3.3920795303945894,13,0.16030903951556885,2.1880229266376565,16.761159010678583,1.7279140562300461,0
871,2.707446731435538,213511366310671.9,9.464565131504054,5.4533660165208575,1.409460279474969,-2632.7952414616707,-1.6683416744220754,-4.680055398556753,41,0.5445312929045081,0.9726987962682152,2.1022398037972345,0.6427046116304507,1
872,6.439995432390157,505852692951829.0,8.925582274864745,4.7043811595041705,2.047213153396948,1280.3046456953707,0.4800053339096335,4.401798347292413,79,0.5323102633799106,4.448458681531692,29.911887992594828,1.9791296164756136,1
873,4.087341710980964,840703028011200.0,4.194479939573136,24.819064492117377,2.4510847211769016,3299.395932124433,-0.6391080221949719,3.920743510936207,14,0.07587164122404755,2.615820985941914,42.7410026496094,0.3153773441462946,0
874,0.2538635566034486,732801544766250.6,7.803655030068817,1.257456501487726,3.0689861706459087,-843.7221797084485,1.4237007583651913,0.3552191608596358,62,0.6982154534944728,3.539930509344299,19.07871939127589,1.0326796376766532,1
875,1.5615259736619036,542237205491848.3,4.763357333010988,12.57548627706364,6.46367119801246,-2416.9957087240778,-0.2612874067341191,0.4359557491129209,67,0.6237721906508529,5.175573666698443,37.00179724920885,1.585689067674244,1
876,7.159722288473976,590347690458772.9,4.975398521461022,5.046109672995546,6.049360296923418,3670.116069106005,-1.2286415642310176,1.537779229561563,26,0.1890172827464972,3.953005929130165,31.385020680036995,0.8652849612080717,1
877,6.589239419101514,508360546916279.94,2.0468010905728393,26.37990647035422,6.991190629513688,1692.6829175083494,-1.2355775092354202,-1.1294998806511303,86,0.46943486215404384,4.962230536806743,18.78243677465004,0.9361681203752934,1
878,0.2709599250348349,297548451318820.56,5.911303032585165,16.711215398251053,3.6887696468619806,-519.1451271692349,1.0750567228846415,1.472222833978555,92,0.72032291647856,4.353600016909023,7.052989974614854,1.972711591011482,1
879,2.219721619329494,565021992859016.1,1.8613589775334793,6.941419091305441,8.257576753611785,-120.99804720698194,-0.9376496067705604,-4.552316113115131,52,0.5294357405412765,5.918370975488793,35.46619263879837,0.8506163006023066,1
880,2.310747965880714,688885302050090.6,3.3156469906719375,15.072818614991291,2.1204678454420267,-2957.435320636036,1.068933576636892,-4.459523726502734,51,0.3954890761835702,5.64749294169296,42.728258447062025,1.2081442011981272,1
881,6.718927435987284,873322915860807.6,8.550302016199351,21.944590791093475,4.743503400429724,1268.0263006484392,-1.1764507569336025,-0.4276958038045562,62,0.32233845808094364,4.273519134468954,34.292724620074594,0.1090793213503014,1
882,0.19710537754364155,636291353979248.1,2.0707580921085524,28.743540267583015,8.02929334326016,-1412.5748945711134,-0.7132545251947624,0.4962230110603496,72,0.6103938666440536,5.431224166877655,0.8939242017409033,1.68442016042052,1
883,1.0410858198457384,761121537043158.0,0.7115828517343281,6.613380127362568,1.8835706125529308,4956.451766743492,-0.13805211024120245,3.8781764033581894,52,0.9391086983102406,6.988476818180902,10.811644719549562,1.296336097959087,1
884,7.999160853731894,160071634954573.0,0.690075926128163,26.585453163880352,1.1876448260337513,-198.16484738112194,1.7727833987738029,-3.953393660921037,56,0.6717448404774834,3.4581703023053487,3.4739992441765954,0.8080402057256271,1
885,1.7854466205433361,461557474419789.9,9.407845205031078,28.029123425024707,8.848471280111099,-141.1439381038681,1.7269256990152986,3.226479271938894,51,0.0747459036363155,3.302104581990349,28.519304978811338,0.0323390799090395,1
886,6.527461078518747,9331619827093.297,5.069204379618347,27.492616335961987,3.49500366131604,658.5178741067184,-1.1725124983108488,-2.899526627079304,42,0.4606849734821338,6.113964966819041,37.82388394202062,1.1833376411870078,1
887,2.381827810467265,246678864521623.03,4.094120718170183,19.062430705857295,6.870314236599416,4167.560031187468,-0.5671238350277088,-1.0591635148996814,6,0.8908241315106276,4.660430696335952,5.528959353432972,0.025315656968324385,1
888,0.9944139275934516,726461715113004.9,8.108785810079183,18.89461963304123,0.35095118221299093,3008.1809985975024,-1.4024024461849107,-1.8339756517258712,41,0.09446242580108688,0.5680542417807084,41.91689102966926,0.0024072278180358175,1
889,2.4317219099945406,991809951349363.5,8.35825927910516,12.096318995514682,6.931464195253551,-488.69930202158594,0.0399403172539885,-0.9984472713460102,3,0.9888757121375433,7.136896125528651,27.77544891977416,1.2321971242987093,1
890,7.2226693185565916,99178099587215.9,3.321910331156046,22.571936469113638,3.2294029843150085,2186.99265972796,-0.15766979722133367,-3.4950450192741442,68,0.9490693936454213,0.2462648179011211,34.49845060708625,0.3780341346691085,1
891,8.556964681062858,401494315861288.25,6.936180574737953,15.938820550527957,0.6518344505156732,862.3549878076165,1.6030406498029297,0.0357007440355499,4,0.07827448072987586,5.987170849677945,48.57009243043231,0.3837750994361906,1
892,8.302198645669916,800070968699159.5,7.711228158518866,20.323142136848833,6.137146339326359,-76.3295129875105,1.7200215111642905,3.0164258983136722,74,0.9334133204495549,6.070353141634503,4.184049412384866,1.3065431316654874,1
893,3.9718352961845484,204035634628898.84,6.546506868659545,12.853737115463863,2.4839577791244154,-3076.842272156495,-0.46573043597083164,-0.584659896211031,91,0.3631325902594622,7.624888682255444,45.06120114888946,0.10739437587874856,1
894,6.680851365706461,555084949302286.25,1.5159507480009937,21.94489392129417,3.9293916963136124,-360.6373654510908,-0.03304822792404227,-0.09386424101800905,79,0.8447091670758625,0.43307526721856604,6.305134799370466,0.6268111229491127,1
895,2.0498429541582097,733071296029674.8,8.75883083517057,24.734145528136473,0.8977500416364845,-2541.8141297742536,1.5849449965845324,3.487675852813142,40,0.4183833377132715,4.774854886275928,19.647940331834114,0.29886380428403814,1
896,2.9314773026101326,615985450260179.0,5.390945527360087,4.393087698084484,1.556916185839959,4148.421498516547,1.2268312309802458,2.060581146380308,93,0.44085511270251587,3.4227245650164235,42.57193481655572,1.1603527395930677,1
897,8.963358185211197,188024734615416.12,2.8247242637000367,24.98789146722684,3.0499746314088534,-1645.9318650365308,-1.985374754621403,-0.09545591480215254,3,0.6342430909775426,2.645063638876336,45.31271183689341,1.3235303094547917,0
898,0.13001923510736035,355384568685739.44,4.252281854376939,16.208895953709217,0.9886190555455556,4522.640145333722,-0.71976174326567,-2.4230435181082033,1,0.7744774192759833,0.7225484823925843,25.318583677257266,1.442271707198087,0
899,0.8550853085446808,783791784485397.2,0.3757109039890738,25.33997727270673,9.117180020394521,330.552900947112,-0.3129030322554964,3.849267468449666,66,0.033789150948248636,4.5012329573704735,29.705231913771257,0.5104624338371309,1
900,2.078862551460273,554226514132016.6,1.2786680122241756,12.939051190230439,0.15986572752138634,1315.4437867616034,-1.0811348652670731,0.7702040169055833,20,0.5931559955271343,3.832325805396909,35.40736672992786,0.178499503273168,0
901,0.26532203873819715,5229613542912.736,7.655467505158608,11.371214561491051,4.890216166756683,429.4044448932773,-1.201713536416245,-2.7885238988930663,69,0.18673299409737099,0.8364356652081941,41.63793342263571,0.15736731388379566,1
902,1.8143543508979731,760990760028093.9,0.00011634755366141114,27.451821975516673,1.3201498355122594,-3706.193830332991,-1.8488619736172813,-2.308802473619896,42,0.34594951786320294,4.899916056776667,6.075558476883308,0.8523030969014476,1
903,5.830415609696922,35311354940239.07,4.165658284822921,7.535078026452039,3.146022985831691,-1241.7878099205905,0.5734789002790421,3.0313308893624598,81,0.3479686661552165,5.903624962023508,40.503465411461384,1.89168881812543,1
904,4.214245505924979,745733782731232.1,5.225101810855884,25.326369758584292,9.267989642200828,-4008.5388772237607,-0.9499588380673374,-4.558544379125445,68,0.4690603402211536,6.138226408429186,24.063807525580838,0.4354580684940492,1
905,8.926717110769749,202480560165237.4,0.546344200009723,14.520617175282123,1.70077607741247,1229.5404418338176,-1.7906112862747476,4.9209218702882005,8,0.3341364118761734,7.242985506099419,22.53117125540845,0.5134832026830987,0
906,8.17443561738441,958073480119380.2,9.730781629723328,15.422863276537791,9.661739965211494,-531.2580479956105,-1.0760827578877454,-3.6964832028520824,83,0.10736111845066776,3.2757659351102175,21.194987599849913,0.20177760421171786,1
907,3.4181735169787597,367940751302084.5,2.261253312496719,9.254048444684521,2.137364332195275,2779.849715709368,1.2076558113445062,2.960685253969374,27,0.14562873852545144,7.624582148977096,25.46057926230213,1.2111405477878605,1
908,2.594234334312925,326931616338079.1,3.0419871963628085,17.19126601857047,7.441504473821612,-2795.2951900063017,1.4059567265861865,-1.0522468322831715,25,0.03343798556109767,6.9234352406614885,47.25252766973018,1.3597457478943498,1
909,3.7969240816726693,148888050332444.7,3.0394251225502735,9.756335888286339,5.512104922483386,-3354.339415706651,-0.06773501922678937,-0.0778381671253312,81,0.4702490853287543,2.3720125681915123,27.41018863960758,1.28586241632152,1
910,5.902949425148077,305604215490214.9,2.304166621173499,1.1780824272495694,8.856339403207915,-936.6776903623218,-0.3357173183652553,3.806505774645778,82,0.9544476948529885,1.2742642987956678,47.65887691315696,1.7222604860895625,1
911,2.6806364082287626,876650761828200.6,0.01473822086311416,8.159958160330682,5.584533229480996,4265.853832183811,1.911414774007127,-0.870888104107868,2,0.11567522364811655,3.4831151690241073,9.014506530782029,0.9728516700521435,0
912,6.24148907849134,996334337627247.4,7.293447940879964,0.19137130219772036,5.392136269647455,2104.2181501241175,-1.1977413616477204,0.37493753673234487,72,0.946264493003082,3.215189663647733,36.20679894163166,0.2689140815341289,1
913,4.0941165219124045,368309530506848.3,9.668454997992853,29.3506436117057,2.035034203647159,-810.7637520708131,-1.138562868581566,-4.507003375908301,99,0.7333615147320935,4.605754442649634,40.61197693043736,0.5788102614088253,1
914,5.520471808519803,448610630954542.56,2.242934832850451,28.972416294592424,1.7456706843114216,172.72169754310562,-0.832531291854401,-4.9765252613254685,94,0.6374988029341632,4.667089858621984,33.956441566743095,1.3248599468427036,1
915,4.361265291353167,722070938202737.0,6.630471918034225,11.85465892416915,9.173242596043591,-4157.869888229016,-1.3089707268756507,-2.552001269982741,48,0.6452777553235629,5.999895875039802,30.346114011327018,1.2262439474831197,1
916,2.9446575954191765,886195780465074.5,7.418963269587151,21.85112563018938,3.3455981686153375,4845.758963761131,-0.48253760718325367,1.8058309291876729,16,0.8267276483962821,4.079119585644881,28.240639054309113,1.062006259485925,1
917,9.484533069621566,593044334186784.1,8.484253790905248,10.374182952312749,3.78361432413267,1664.0730469491891,1.6433369079590152,-3.787351066408633,62,0.10691986437982137,0.8385811275261243,43.0465241289348,1.3659288373773744,1
918,7.636057941597608,391525698177829.3,4.226291970136091,20.132794712579283,7.622254218441045,-2145.959315365775,0.46139136251429713,-3.862380411954506,54,0.5047543235655417,6.866330684424849,41.082329858225,1.2747817007465987,1
919,1.4011317576645255,412621840848623.75,3.0293090564042924,24.162901291379374,3.454352475985793,858.0839421524433,-0.3522138055509454,-0.8903939196409674,22,0.6970911382607585,2.4781166654814966,6.114436059029976,1.7626497789299034,1
920,8.684679758979128,695618146496806.9,3.252951340230311,28.402687340767223,9.525418221726127,-3905.17633931006,1.7376431782848591,1.4783703860822648,33,0.5868204450735637,7.770379682452736,42.429382851543906,1.1720327549565932,1
921,4.874311982495136,3218263604278.6816,7.126213330985128,12.00636827549016,7.405484913088123,4658.366688075836,-1.8061430700967107,2.1207199224793047,68,0.8327790710232946,0.9428808694381612,20.703430972022126,1.557202717401113,1
922,8.945522268940914,619589337459840.6,8.16779466505636,23.49893948868143,6.014549501476858,-3252.150121166341,-1.1588952883925545,-3.2154932590162524,14,0.07227170901135149,7.666009377860026,12.684841499790538,0.4974143119329357,1
923,7.998552559473152,355493010441357.4,1.8161396775660266,7.977853518963563,8.82086208939305,1480.3031805521414,0.2635544204070359,-4.204118526279576,46,0.690701039499166,0.7280944550601358,43.48842840069629,1.356365169178136,1
924,4.252135044692334,794197331277084.2,3.7094100815776523,29.70996911380945,0.5910984926598792,-2545.455374610696,0.46221049277271664,4.403970339455443,2,0.5340277303847177,1.8482891035764757,21.60123998168708,1.8043882367653514,0
925,0.22469308320117398,92990639823132.16,9.0194019674915,0.7730879629305343,2.6449206526731666,2175.613826485357,-1.8417699737495474,-2.393336174378983,82,0.3791608639799434,0.37263953669233274,40.41823450884083,0.7714646557996665,1
926,2.686773593849461,588202266948390.5,8.066935196947393,18.10586419503363,4.703859708787008,2768.2136724028105,-0.3878449683714713,3.533464976087238,27,0.34027498223403085,5.6409051731119595,13.170180597792225,1.5582083746772932,1
927,5.416342146608669,480972889886123.75,9.848584027624758,19.785179449539815,2.3470875407680585,1734.1972891143268,0.5966158593234909,3.634914504628183,2,0.6208326327741929,6.802389892574334,0.1964660711108901,1.4495786023908708,1
928,6.334782198261473,642325525905227.4,7.542482596820808,20.641366712223864,7.464661354291304,1144.9946025519257,0.7922821856136064,2.725225917625444,3,0.8909953746442648,3.4725686545278434,24.772959645147218,0.11905239374364496,1
929,2.578876854332023,64853594482968.34,3.9319520102792227,3.61162736367267,9.200159507431879,3924.6909395201164,0.5525596100650771,-3.311663933474299,87,0.49617592610111527,7.428176600339437,5.011412832144213,1.1630166192481446,1
930,1.3935607407282413,579983787428131.2,5.906378339946378,28.155893504193912,4.295324187316141,-4213.732890102419,-0.7177471025563018,3.218014592542003,30,0.8247231640769201,4.722392574044797,37.71879777624548,0.26037869840160477,1
931,8.34930236799299,561484587959523.7,6.610142542473203,5.435498371502484,3.4871127411077603,-1690.852342198048,-1.625919505608362,2.692505592415867,44,0.4021563818439675,5.040057083572186,13.803756803470518,1.9346383444611823,1
932,9.84402180703552,560660094416170.94,0.7845581631712395,18.682602097195232,9.619352248161906,-2517.1252036915403,-0.2915502143226636,0.9672299010621712,58,0.10239446279317654,6.763353613606159,22.182282330173937,1.6228150054013124,1
933,5.256901823026858,603487666596454.8,5.444969591038651,6.680282373692549,4.504039084992654,4880.139620654216,-1.484982250527778,-1.6279796483104727,44,0.06150573645863855,2.3744016404147112,4.351678254577712,0.21944760249424022,1
934,1.716792858483035,676467937226362.2,7.093208284726096,9.216492510638126,4.941579164447903,-1106.1022033312652,1.7904946340826684,-2.374913957334559,74,0.051334371323677574,2.8341257706210063,14.332962422362632,0.24350399529535682,1
935,2.7230732651936895,804988999680769.8,1.6732130400106038,16.39375625184373,3.581333736184863,2326.126992403987,-0.09931653590948697,-3.7811078791964103,36,0.38015014195766994,7.247615353557155,39.0745121629286,1.188947709825238,1
936,0.18390676547466733,269820720128214.34,7.806317174255572,12.515802556937295,9.10452988282017,1847.2516388100457,-0.7309633025725297,0.09757066900871436,64,0.33723775083584207,7.20770796831011,7.579395595115973,0.6897783483463666,1
937,9.14298806560499,825049410180062.0,5.8377278051411166,4.806768029295188,5.732659284490322,-2879.1876252262227,1.0652162844756004,0.8526087550984656,8,0.7179370236225695,7.811862209606967,32.35797805634787,0.06981171814621856,1
938,1.1775108289014113,498255682263453.6,9.522217856975946,5.128092072625448,7.645528413098282,-2610.0231978844868,-0.008205629670944514,-1.4066100948421276,16,0.7428215015848658,7.214706531533369,45.87129264022506,1.0832830156661062,1
939,5.765164755142536,77058279134331.17,0.42422298206891695,12.54434364488399,8.136886511673774,-2187.154364469659,-0.7598639039501998,-0.24640932319131448,64,0.05085396883373983,1.0189762882668871,33.991837987886015,0.7756901993716938,1
940,2.74055220687206,58550929243979.2,2.6532613755546697,22.71848934826502,3.484305514980856,-888.7272174062082,1.2478709695632069,-1.364855426307333,2,0.22112326288901496,6.589794289095899,40.55108446461134,0.2021529847434853,0
941,5.541780025157934,334238318696060.8,6.015538792998241,26.938939405433658,4.393573880071762,-2656.749343494732,1.468608604004488,1.4100605732070122,25,0.2742618501588997,3.2787078248767525,5.44858146519579,1.6038407845119653,1
942,6.514203883518642,784896977111467.5,2.9655991220593068,2.523829867781485,8.49987056662202,-4803.485172531522,0.692032665154708,4.012592077965634,52,0.5476119841428094,7.926410847567503,12.536591300102723,1.830153530557612,1
943,8.297418037072017,707680934740915.8,7.144241640712422,11.793117226782032,3.6962279815905217,3793.9305680719553,-1.8121423103693308,-3.3607973795305512,30,0.14451522390695026,3.7782477146304085,44.72694261202955,1.51318786802826,1
944,2.064212717606032,788614964672406.5,7.59005282521931,3.007366911686299,7.959957821173328,4656.098313808841,0.2652915206661284,-1.1859119009687658,25,0.13394121940000037,4.430688660017765,35.75528068090446,1.6448446200325546,1
945,0.10995828658480478,517269056441609.4,1.0251596406647445,0.4977744189779365,9.415823993486928,-1584.2961296843205,1.0531796479891264,-3.591313960491387,22,0.943788889207958,4.238199322054388,31.97769131886556,0.43298113453223475,1
946,1.3688563006880727,440198997955490.56,5.138544642067677,19.8515604793187,6.269782693373269,-1614.9312057452712,-1.4539879516656713,1.2494377040783196,29,0.804202907297781,2.5738962388662223,33.188336806085,0.527145901837202,1
947,9.00018641848105,147452526706283.94,5.088905555910559,18.073483258997634,7.4421101457737,-4929.08187225629,-1.0853169944615866,2.288705094885958,9,0.1806549020911703,0.6001767111433454,20.710027715232172,0.4170550805983755,0
948,8.738900775625153,328192753609311.56,3.6928077021554104,4.890573414446586,8.070463389207235,1802.5068833037403,1.5299804202725458,4.319127325974559,71,0.40656780790549096,7.165209843215348,2.227831580882661,1.530126862731128,1
949,5.974131021703083,434019366173875.25,9.32924862569672,7.014384992791923,8.46589252407676,3254.398957486288,-1.9195131125877039,-2.211280737390351,88,0.35562199925756555,6.421406500210295,39.22207710353645,1.8958341578689941,1
950,6.005168604336534,88600429679617.23,8.275063198732212,0.7112326093355514,4.01102804478228,-3533.9169963999684,1.010908551303904,4.502112058654301,63,0.7910040740654073,1.1162142444773542,33.93566181076769,1.4336744134678052,1
951,6.650366745462555,220611952711211.25,6.972093819096368,25.048416170832112,0.6075082458423819,-3403.3365063284928,-0.10490682994230838,-4.3673732817932525,21,0.5102129164781221,6.214146170800583,23.640223205636236,1.762933529759112,1
952,1.753712786234496,598225294063738.8,7.143266357349976,29.240717881456543,4.078575085243721,2900.8324997143773,-0.21291136464157256,1.0301386336458815,14,0.12784973699346702,5.00677332840488,44.987980768412875,1.2773981897663451,1
953,9.144119459249598,735663114239189.9,4.617161438131191,4.063786103840724,6.770186674862488,1162.9074835414467,-1.9716138700204513,-4.4286728065667,55,0.7389920631562439,3.2731503033409783,16.807983249254942,0.7753198011175981,1
954,4.187705248920731,998347511392949.6,9.209945210965758,6.944256412958944,4.558468819229848,-4551.39442372283,1.2775929238659711,3.937741877619448,73,0.39688797822491895,2.032169192764502,14.716087211561796,0.8515232298606104,1
955,3.8313852824949746,933113331343557.6,6.945954272532854,26.052285718408022,7.514735193517946,1225.469904622817,-0.5607003974537341,0.29809057070054124,19,0.26292424763214706,6.87783026801786,43.63981625397214,0.15064286433480967,1
956,5.189177052828375,642565199535191.5,7.289810616558165,27.793913938685545,3.6341260517397727,-1910.8227715623393,0.16306252520217157,1.6934835076279606,46,0.37549862202072015,5.601506074352424,39.84938273794928,0.06291439049205216,1
957,0.46965966775055046,421248053294072.0,8.616909037873452,12.58882148420431,6.3839669969298924,-1312.7484452915405,0.7092027453426377,3.315739259104525,86,0.49775656360689635,4.381919275753095,25.74899053241724,1.3909512083781548,1
958,1.662833687560794,636177364708232.8,2.74071589342191,1.5186741680722238,1.9455560680543484,2697.314182968802,0.8105183057516632,-3.4968937751603124,52,0.34311551641700944,4.876548271187713,6.536736972892498,0.8768577840223613,1
959,7.380336164263705,785651618080232.0,8.07070903866703,1.181755010784582,7.5187574227850735,3109.3519267261063,1.8239202353042892,-4.614084380618662,52,0.24190577259175783,0.7285294566574478,10.753573573252623,1.104430136109259,1
960,0.8279866792512647,118336190923387.31,1.9524060295649204,17.218495982070312,5.502390091248956,-996.4337316016936,0.1253598129464364,3.788811459128521,0,0.39850202880398033,3.7913580872895354,32.81139952044033,1.1153224952448326,0
961,6.031521094663882,409904889696288.25,3.453419522448878,11.78685326679537,2.120237446611346,4471.529360063547,-0.4011217961022897,-1.8506677254106751,1,0.019172910749898242,1.549602342285616,19.252061892020585,0.5547516266666028,0
962,2.4534910968132095,839802285635617.2,3.356104542698427,0.8595728273296355,2.989920617628292,-935.3728204792778,1.8148145059668317,-3.7102109207283474,57,0.7724978460963139,1.667069432070603,41.823659583298564,0.9517850216589814,1
963,3.8929561404197655,383832951933044.0,9.785254683891406,17.4975717693767,7.51122621496014,2718.360352301099,0.5684409401020845,-0.31538762912913487,18,0.1709448935675858,5.290431698294934,47.497750466610206,0.9415204433354045,1
964,2.8869373677069987,571872271227186.5,8.565372237479268,0.33907609767067415,4.877752233049055,-161.22735435740924,-0.8073985748937775,0.9830607569601879,61,0.043904613630637246,7.290049214674305,40.28184626374591,0.776854442455714,1
965,3.5567271646494913,587769360862198.2,7.011698615902597,23.62115874447819,2.238711259891415,3975.3232652208408,-1.4941430183857154,-4.690293965774899,77,0.6536986929050792,3.2300528838267724,18.877271149777858,1.641350766802141,1
966,7.1904590518424545,184476253133639.34,7.270567616153901,9.192984681101148,9.675984784665946,4077.612436501786,1.3702180058607252,-2.2510434174291225,71,0.7739361288236722,1.661994184097523,39.4343214615712,0.9023280073751918,1
967,2.9712171562317504,362235441652288.4,5.6207279440257105,1.207740090276963,7.17973769618719,-4125.831921289161,-0.5512735888233937,-4.67200125723104,11,0.8138291315928432,5.189975497893234,17.572083673534173,1.2072890490119756,1
968,5.664046402968972,334511288741932.1,9.47090667108519,17.650566629494598,9.575634842143982,4364.933313102258,0.6418788854577246,-0.7966461080450102,25,0.49350918266059995,6.969496370802542,8.355004388281696,1.7910402407616521,1
969,4.760504021990997,26196708532064.793,4.962587528823615,11.93053243299164,4.328339949067398,3255.3484152041565,-0.11673432253640748,3.951000290662442,26,0.2053681846899853,5.986550408979927,1.6696602432928698,1.732467245717845,1
970,6.636711653626481,24191763891355.246,3.8051770986989455,29.214012400714484,4.803493372848032,2913.1071431266682,-1.2042808808198466,4.826524114935692,28,0.7372276772498267,6.950057844292697,19.285835638051,1.7808444075583303,1
971,9.36829739324758,831697043675773.5,1.63035336931591,16.325959875111067,8.98975664023169,-2990.8866031447756,0.4067464344818603,1.3704755350362756,14,0.6997130771543372,4.292437368086395,45.17796518486409,0.5400099929300279,0
972,7.325720972102503,273070809972812.4,7.86205652261058,8.257175431110248,5.297988468429308,3051.1920875466494,-1.7572677241972707,-3.383623062154082,45,0.24627073410317324,6.015009954953527,11.949329387783825,0.06996497661612566,1
973,2.149403785907568,518078766238815.44,7.344439320755915,21.28316593901924,7.102061227866105,3501.3273468503685,-0.3466301605152311,4.058493899993058,0,0.903407755862793,1.1205164748714918,10.3256582464892,0.5221335997906584,1
974,0.3118313506128467,298725573588773.06,3.8435503852413486,8.14476007628134,2.596511487205747,-2108.4966554584903,0.18645975865468412,0.16247823200060463,59,0.104371458082829,2.786196922905532,48.49103926205201,0.5574146912414173,1
975,2.622640442998251,940679245115340.5,0.2519341395922936,27.12729874222695,4.522592040156141,4522.600783623237,-0.25581210352568373,-3.462506878970819,91,0.9826882395913257,3.1163933158521795,1.250205642529606,1.818720653449936,1
976,5.9507793070025485,259296758865773.75,8.389973277180108,11.241659115221292,1.3221536715225157,-4501.398536008357,0.9946887010039633,4.2172666945166135,56,0.8602478109774646,4.090365969968277,39.28910751968772,1.2984854656759413,1
977,0.5142581348425035,429656812738935.06,0.11417983454073632,16.49605688328616,2.139202355181921,-3500.9074675286033,1.3116998181812498,2.57469050723103,2,0.6878986454790752,7.43261088205459,16.06849778704352,0.16340791920445752,0
978,4.963662472012364,872730250484601.9,7.0369977962905095,1.5171931147268658,0.10933981114954777,375.81138051514336,1.0849722961327122,2.3170527272315153,17,0.9387498882798329,6.994372481777394,1.8743978434829667,0.2707571920222023,1
979,5.968428489168892,841933566791808.6,9.70257109726057,12.783637138566924,0.48872401132173626,757.9247112230969,-1.8447482087527916,2.091807037944047,51,0.7223111683237078,1.0762039383134763,45.89012701047918,0.3113522510839508,1
980,3.3424389081696084,186101417846277.3,4.376613281482035,24.970906189829847,9.7751098494516,1451.500833009034,-1.2234849182161112,-2.9966017890355765,59,0.19045699703004593,1.3823172150597056,6.98211651047918,1.2608434963378463,1
981,7.7091220374582194,802643309795710.4,2.349734049959528,24.169464160900258,2.499301581853947,-4830.308706845335,0.14643003705509727,-2.889933082924739,33,0.44215613811281174,2.8611243967112907,27.58896418628477,1.4708280510140062,1
982,1.065982531337718,458186886737892.6,7.0487101004338175,6.729556765605787,6.666776024089619,4603.667746221303,1.739288161775205,1.8829299842725504,95,0.07150302433163536,2.3259509271253913,13.702710371477389,1.7192878211307923,1
983,0.7513778173580876,482968872085355.2,8.171281420155852,6.7823721303168805,8.407087018116155,-4554.11907265856,1.3398271002084674,-2.802772498896031,92,0.3896574222881154,4.918167625250098,3.2596401092345517,1.8812731016124862,1
984,7.281887562036033,133479972415943.78,5.464303160778473,24.519159366397105,5.551538546441986,-3569.3804727659763,1.3701380334072066,-0.6132830319695115,88,0.7416030197372087,7.222208382116359,2.4961242831689545,0.40340911477288355,1
985,4.954913162061985,80601513757124.66,9.670352752561461,27.911952605079765,1.6161305508311665,-4859.85482473943,-0.7871672249613004,2.820018255939414,59,0.3864433509308174,7.698332333380694,5.7778349418169395,0.6195449694480981,1
986,6.88402396427736,727939306973765.2,0.516687216579611,2.8608276381901065,7.308352729628047,668.5843329409472,-0.28220841168518973,2.8395251809784092,25,0.3302941754681341,5.228823620281812,3.5683506944690024,0.4806457614896613,1
987,4.348273386037462,496461152355299.75,5.047955983045282,13.501759182786758,6.042488959985872,4322.668839209722,-0.1171762107362504,-0.4673822747414036,71,0.5953557225103119,6.7052736112086935,38.027905775996146,0.7175231349322755,1
988,2.464020332391068,436850702615179.56,7.184539473225501,10.12362836892687,7.339380834539013,1659.471660804642,-1.3705136666003583,2.921899382752451,18,0.872204528998895,4.201617601846377,24.278310114171457,1.8293302148474988,1
989,8.191023176741997,729508228652396.8,8.626404711491789,26.12065366372318,7.720491566285163,3226.5746848042727,-1.8757274790221747,3.3862179619805683,21,0.04758319254611243,1.6666155748803178,17.144604567448983,1.150225133878723,1
990,7.994158789689792,765512898991109.8,1.7925561190779005,2.505747440400563,9.756562640078977,-4867.187965414199,1.7876115978420675,1.5477575128426029,92,0.3854704346997354,4.197507296747819,20.918445506600357,1.4763837946489982,1
991,6.946964708544268,158908167669353.56,8.000034817636815,6.333778276741122,5.778276472264428,420.1529847972606,-1.037149657345973,-2.7157414769157984,32,0.1582407418152627,4.440660811501209,46.44733677863117,0.980238472253564,1
992,2.7214513722996267,610225149477641.2,5.527070757185452,22.57405012759483,3.482247015636958,-404.3702249447815,-1.0402043851054747,-2.259882196144525,37,0.6953542507318696,5.939660513708453,45.53759063690736,0.05771582667224906,1
993,5.902306668690871,135354082277685.53,3.965536819899632,1.5388154694364675,6.519799113312347,-10.320557792069849,-1.6664837849249619,-1.8515884459126464,34,0.10572456043113487,1.7590639176587928,35.783824006128846,0.12839097199562866,1
994,3.6097389694002677,751375086029045.6,1.3171502857909356,14.776061421428677,0.7775630215019987,-4277.86814664812,1.7140310077751142,-3.8319589226604798,66,0.6648077585802445,2.946483056693854,44.23411887108439,1.0758460625357715,1
995,0.9158207332663415,656955156267139.5,8.652957589089125,13.2632110403916,8.984233451383705,1844.353610693075,0.3189484597590879,-2.268403796300549,82,0.2861808707979073,2.9122197537165304,15.982401379381239,1.4375780696400513,1
996,9.173135754622429,956614621083458.0,1.5727320817971535,10.03203536966246,1.2818720122481484,32.20414858634467,0.6681474285014155,-2.904807756874679,9,0.1989168137372247,7.675516765929319,19.055466300414142,0.430661055057463,0
997,1.368186309189614,68958016356421.18,3.0978785920909924,11.837169459567713,3.3456440950696007,2651.48849861264,1.64630754905221,-0.4467125019139786,90,0.9363525578249854,3.5515596826137514,30.685609092711402,1.443819147984608,1
998,9.502373538208024,57054721151254.32,2.9004553196243688,15.898217607906988,8.175879268198598,-147.09365938284645,-0.617519324396842,4.084375478722649,14,0.018524576745955867,6.040751738385172,31.18129736486321,1.6213315469670249,0
999,4.460057729579558,282187074693200.1,8.714140341908543,4.841020751651493,6.013392545474047,-3506.1836377356794,0.4860292445523364,-3.955196832460419,10,0.43777727188956894,6.006491050995512,24.084991900617048,0.8237949567242224,1
