,Thickness,Density,Hardness,Young's Modulus,Tensile Strength,Impact Strength,Surface Roughness,Heat Treatment,Manufacturing Process,label
0,5.71671878608548,7833,268,184.84539247535847,333,23,0.874693400105147,Annealed,Continuous Casting,0
1,5.03711189759553,7828,208,189.78321649313293,314,16,0.3610789068063598,Annealed,Continuous Casting,1
2,5.804542782963908,7822,266,195.3360630378725,314,20,1.493291751488104,Annealed,Sand Casting,0
3,5.4794495017085705,7832,226,187.91408004214884,329,18,1.287275717088567,Tempered,Continuous Casting,0
4,5.701007472373832,7824,230,186.64266604145104,305,21,0.23082631858584296,Tempered,Continuous Casting,0
5,5.969296495472973,7840,273,181.53117823335992,314,17,0.20243783501375281,Annealed,Sand Casting,0
6,5.011367844150319,7810,275,182.54619365117458,336,16,0.4635165225979232,Hardened,Continuous Casting,1
7,5.113955060694494,7806,252,192.86381331764053,330,21,0.36777116199081067,Hardened,Sand Casting,1
8,5.051365125001897,7813,214,189.9513190838513,339,20,1.1341070660536046,Tempered,Continuous Casting,0
9,5.077844612812093,7844,230,180.4100870542203,323,24,0.8108901724882771,Annealed,Continuous Casting,0
10,5.727601992132865,7804,243,188.03863388522447,321,15,1.49365838663116,Hardened,Continuous Casting,0
11,5.07899290941301,7804,276,184.40735649587862,338,19,1.1483116430232838,Hardened,Sand Casting,1
12,5.467175209477832,7837,238,197.72546847670165,303,18,1.4890716440254306,Annealed,Continuous Casting,0
13,5.157554595562228,7835,248,183.13697604383742,323,15,0.507518614153996,Hardened,Continuous Casting,0
14,5.517139090204177,7834,212,190.6812185188101,311,23,1.2703394288670202,Annealed,Sand Casting,0
15,5.793457300909638,7843,248,190.72228536446738,339,20,0.7422168871636075,Tempered,Sand Casting,1
16,5.724558978276804,7809,204,194.21158766662677,312,20,0.21865335620308657,Hardened,Sand Casting,0
17,5.1145257054090605,7839,226,182.8366226191979,308,21,0.38731016835281085,Hardened,Sand Casting,0
18,5.159265961987818,7803,278,199.04501402284095,317,19,1.0666968345978967,Annealed,Sand Casting,1
19,5.584767201457683,7816,277,182.65194842716758,314,20,1.0839485510808138,Hardened,Sand Casting,0
20,5.2110019503371126,7849,200,191.7963070486431,315,24,0.9472369570842716,Tempered,Continuous Casting,0
21,5.408878093414529,7832,203,191.12375604502,323,18,0.25300898289589463,Annealed,Continuous Casting,1
22,5.744511093484531,7832,275,194.23417268265922,328,23,0.41615557764091105,Annealed,Continuous Casting,1
23,5.178398107761934,7809,241,195.55176223409887,337,17,0.9825061833303737,Hardened,Sand Casting,1
24,5.153971161118844,7801,265,180.75934192028285,336,17,0.21723416669994022,Hardened,Sand Casting,1
25,5.085861519923394,7802,244,187.73891462507672,304,24,0.5851604893172639,Hardened,Sand Casting,1
26,5.232071935607189,7847,271,197.32131765090713,325,16,0.2745634478081283,Tempered,Sand Casting,1
27,5.195509999121514,7814,229,189.7142175656902,306,17,1.1330305554747595,Hardened,Sand Casting,1
28,5.3557427907854205,7817,274,181.07485993532086,306,24,1.4579896430472594,Annealed,Continuous Casting,1
29,5.6760660511642005,7814,277,195.4313568288785,307,16,0.9120696376083319,Tempered,Sand Casting,0
30,5.603534917434435,7816,235,180.94566514449136,310,24,0.5899311217674691,Tempered,Sand Casting,0
31,5.34603719991937,7814,262,185.77578488956726,328,23,0.7696530051745651,Tempered,Continuous Casting,1
32,5.9086077480318755,7815,217,189.50531371553384,306,18,0.22894461145121123,Tempered,Sand Casting,0
33,5.356221301740174,7843,238,180.24841905897048,311,18,0.5284027903997494,Tempered,Continuous Casting,0
34,5.047814863577411,7838,251,187.73624623606545,319,15,1.0961820297520048,Hardened,Sand Casting,0
35,5.973921395926147,7825,238,189.38985719592438,337,18,0.6344167660171033,Tempered,Continuous Casting,0
36,5.106941881973818,7825,276,184.42560893039908,301,22,1.1314981964940618,Hardened,Sand Casting,0
37,5.03035354360481,7829,279,189.27107566792841,303,15,1.2223946056598642,Hardened,Sand Casting,0
38,5.239305210251259,7800,227,181.77890467288145,307,16,0.5019469621630355,Annealed,Sand Casting,1
39,5.100478913648368,7814,265,190.57447700066928,329,15,0.34297763184561475,Annealed,Sand Casting,1
40,5.524880027238868,7809,215,194.4476829373989,313,19,0.3626159717539743,Hardened,Sand Casting,0
41,5.849890620397453,7834,271,198.01706342270572,333,18,0.5787492734186164,Hardened,Continuous Casting,1
42,5.373259894415377,7840,265,192.10511166580784,331,19,0.4859093840850378,Hardened,Continuous Casting,1
43,5.380558018566751,7837,271,189.09122707991048,338,19,0.4402055008823834,Annealed,Sand Casting,0
44,5.591688952087297,7842,277,186.73406027600873,330,17,0.9133897439214844,Annealed,Sand Casting,0
45,5.0378869951165965,7800,264,194.17800285370475,316,21,1.215644684613764,Tempered,Sand Casting,1
46,5.861610892529395,7821,206,196.09566471948636,317,17,0.7011131154284085,Tempered,Sand Casting,0
47,5.968125685380665,7842,266,188.77569792131945,331,20,0.35685571018592505,Annealed,Sand Casting,0
48,5.73680582869088,7822,219,199.8334753478054,334,15,1.1893727960230491,Tempered,Sand Casting,1
49,5.42490019427496,7826,239,180.71740652727507,321,21,1.166439543094057,Tempered,Sand Casting,0
50,5.191501702316669,7812,206,190.46106138639993,318,16,0.42863416492766027,Annealed,Sand Casting,0
51,5.767094879676708,7813,274,199.81524205288628,335,24,0.7293903043995242,Hardened,Continuous Casting,1
52,5.501465847359443,7824,211,194.31262789949173,332,17,1.1458543291062768,Annealed,Sand Casting,1
53,5.0571290202969985,7810,220,195.12074442296483,323,21,0.4247662935976346,Tempered,Continuous Casting,1
54,5.949556914801441,7826,266,187.6028806301167,335,18,0.7778719209243317,Tempered,Sand Casting,0
55,5.717342767515403,7828,249,190.72943059570213,300,17,1.3920574140213138,Hardened,Sand Casting,0
56,5.617975785423039,7815,279,198.8753477709106,313,23,0.2675830475686034,Tempered,Continuous Casting,0
57,5.255152215177113,7811,235,190.91876624414564,337,16,1.146263120523004,Tempered,Continuous Casting,1
58,5.928284724567084,7810,266,193.2127253453678,326,24,0.7951861168059207,Tempered,Sand Casting,1
59,5.609562673252605,7817,251,193.6939288275641,320,21,1.00777020976721,Tempered,Continuous Casting,1
60,5.751885481957884,7822,278,186.12278413575174,303,18,0.7140338660629679,Annealed,Continuous Casting,0
61,5.668691883366209,7840,213,186.08844471667766,316,17,0.6534172007454189,Tempered,Continuous Casting,0
62,5.48089806393263,7833,260,195.8638255180569,309,16,1.2052721337462369,Annealed,Continuous Casting,0
63,5.384578178030633,7803,263,183.35271140916427,302,19,1.4536812302532807,Annealed,Sand Casting,1
64,5.41491230357776,7823,218,197.73642770337176,321,21,0.8466621606086757,Annealed,Sand Casting,1
65,5.887141510908048,7810,249,197.22610208616206,305,15,0.6178918019817745,Hardened,Sand Casting,0
66,5.300895255654012,7839,238,180.3490859828358,335,20,1.0471300101173786,Hardened,Continuous Casting,0
67,5.1798308713000365,7846,240,181.121534535214,301,24,1.3683976321833204,Hardened,Continuous Casting,0
68,5.861208939872809,7807,224,189.8665617313975,333,15,0.5755228542731756,Tempered,Continuous Casting,0
69,5.966241104925956,7841,264,190.12632283604975,336,15,0.9908257925899306,Hardened,Continuous Casting,1
70,5.942213841322803,7835,242,190.29094886682591,333,17,1.4165079514393935,Annealed,Sand Casting,1
71,5.286032823566396,7802,259,189.8692295570753,332,17,1.2090296768974542,Annealed,Sand Casting,1
72,5.738314195721505,7819,207,190.6598647850809,332,19,0.2907958666480696,Hardened,Continuous Casting,1
73,5.228110277495087,7822,217,192.37249560716907,330,16,0.7543160039448669,Tempered,Continuous Casting,1
74,5.503396168959113,7811,278,185.48454570205956,337,20,1.4886307550209075,Hardened,Sand Casting,0
75,5.392786666674097,7830,211,190.30082609046096,301,21,0.5664810107804403,Annealed,Continuous Casting,0
76,5.714894309814247,7802,247,182.5880611025475,327,24,0.772363134138182,Annealed,Sand Casting,0
77,5.739706026663434,7848,211,186.4258527612166,325,20,1.061186126601829,Annealed,Continuous Casting,0
78,5.181914173013716,7814,212,180.5586823029751,312,16,1.028901158991258,Annealed,Sand Casting,0
79,5.312251758659852,7835,214,189.7192642425845,324,19,1.273478130970576,Annealed,Continuous Casting,0
80,5.149063313675004,7830,237,197.1012406104644,304,24,0.588019274169174,Tempered,Continuous Casting,0
81,5.571355263236901,7812,230,193.63795005950107,319,19,0.2565430529120903,Annealed,Continuous Casting,1
82,5.849197454202806,7815,257,185.81729423333846,331,15,0.39314182535581366,Annealed,Continuous Casting,1
83,5.5401297564081045,7831,224,194.73839683824534,333,19,0.3733127515689713,Annealed,Continuous Casting,1
84,5.159685252866809,7832,260,181.60706453086368,320,22,0.20912453970056985,Hardened,Sand Casting,0
85,5.271488396790621,7814,226,182.1729869500141,304,21,0.3002766449409785,Hardened,Sand Casting,1
86,5.22751558616351,7834,240,194.3138637425444,310,15,0.37495061085808257,Annealed,Continuous Casting,1
87,5.6058063150847435,7822,232,193.69129048663967,322,18,0.5850536926151091,Annealed,Continuous Casting,1
88,5.2952249996932235,7815,206,197.33192145060008,328,17,1.0928416015008007,Tempered,Sand Casting,1
89,5.898477525922583,7809,268,184.87204298170414,319,17,0.9191748557777926,Hardened,Sand Casting,0
90,5.302226987964706,7832,251,180.51575644411284,323,15,1.3653601387113143,Annealed,Continuous Casting,0
91,5.996522447409487,7834,262,188.00756389063187,329,17,0.8344458029727384,Annealed,Continuous Casting,0
92,5.724211002114042,7808,273,184.27283144758297,301,15,1.3718591546640986,Annealed,Continuous Casting,0
93,5.1357506492545655,7830,225,186.13464936213455,336,15,1.283687465130119,Annealed,Continuous Casting,0
94,5.502162573872162,7846,230,193.00967595066544,301,18,0.2697752608091709,Hardened,Continuous Casting,0
95,5.185687487431075,7833,248,196.36996429414327,339,16,1.1374140859045068,Annealed,Continuous Casting,1
96,5.978899118974089,7848,245,198.87801492349425,312,24,0.2604092658324397,Hardened,Continuous Casting,0
97,5.071753015061999,7832,268,186.9868088121582,321,20,1.4155087637357144,Annealed,Continuous Casting,0
98,5.394758216873782,7832,212,182.67848168573283,329,24,1.1232655008647854,Hardened,Sand Casting,0
99,5.563186191651619,7813,233,199.83100811687464,329,18,1.3578354392853818,Tempered,Sand Casting,1
100,5.17856969317493,7831,272,181.6999328433192,330,17,0.3727299040087976,Hardened,Continuous Casting,0
101,5.592358397160761,7826,214,195.5653900998662,324,18,0.7148008250988636,Annealed,Continuous Casting,1
102,5.892168464170585,7829,220,190.14013707733528,329,17,1.411701397026896,Tempered,Continuous Casting,1
103,5.015028615424421,7840,212,188.51559736206772,326,22,0.7287929597731497,Hardened,Sand Casting,0
104,5.493975052737158,7830,267,192.98728490064786,310,19,0.9787643162072917,Hardened,Sand Casting,0
105,5.670639706102216,7821,259,192.29829317887157,310,18,1.311184086464701,Tempered,Sand Casting,0
106,5.9824875407793305,7804,202,192.1529349639098,313,24,1.0703278581001048,Hardened,Continuous Casting,0
107,5.544216724623094,7848,260,189.0909568285831,329,16,0.9920264076176761,Tempered,Sand Casting,0
108,5.739894014702769,7814,228,195.43925822877216,339,20,0.8048773280364381,Hardened,Sand Casting,1
109,5.458903941487855,7808,231,183.1587976189568,312,15,1.4077119541609662,Tempered,Sand Casting,1
110,5.107859502924561,7803,264,198.8294731180814,329,21,1.3368404433544583,Tempered,Continuous Casting,1
111,5.82468036618128,7811,211,182.75022123719714,318,17,1.3697385307053835,Hardened,Continuous Casting,0
112,5.416019732998817,7811,229,191.3465376911033,337,16,0.7685777560838172,Hardened,Continuous Casting,1
113,5.408596769846307,7819,276,199.3949326883088,325,23,1.2519053226976367,Hardened,Continuous Casting,1
114,5.212203283347343,7823,259,184.4242013022489,335,21,0.48503318345198837,Hardened,Sand Casting,0
115,5.988829506120212,7813,222,198.711498796148,302,24,0.307090846155475,Tempered,Continuous Casting,0
116,5.333428610234287,7835,227,181.93659426028725,315,19,0.5815049368959828,Annealed,Sand Casting,0
117,5.896657185996828,7818,262,194.3934984614461,320,21,0.9874893528364674,Tempered,Sand Casting,1
118,5.028479287742313,7830,220,195.70892771312955,337,24,0.2800763016520849,Annealed,Sand Casting,1
119,5.9932394136772995,7837,277,198.48837393056277,312,20,0.9559514980041894,Hardened,Sand Casting,0
120,5.289921228946285,7806,249,198.4739803467311,335,20,0.6024791452614449,Tempered,Sand Casting,1
121,5.794016710322009,7845,276,184.05769149666037,319,17,0.3297940927460422,Annealed,Continuous Casting,1
122,5.248936914301833,7809,221,199.85793074460472,312,24,0.5455360982404978,Annealed,Sand Casting,1
123,5.181423172790225,7806,224,198.26628338332625,311,18,1.3270626016523555,Tempered,Continuous Casting,1
124,5.399925220077401,7818,252,196.5008045191078,320,16,1.3069648928878743,Annealed,Sand Casting,1
125,5.63396381605456,7841,240,187.8213449226396,303,16,0.8555523040741557,Tempered,Continuous Casting,0
126,5.615331152361836,7800,228,191.16577487435146,319,21,0.7534792921411613,Annealed,Continuous Casting,0
127,5.395385616667255,7847,209,193.7223431849071,318,16,0.9801021175683087,Annealed,Continuous Casting,0
128,5.547647977806637,7840,259,185.85779275371894,318,22,0.6915572106377165,Tempered,Sand Casting,0
129,5.888880689409516,7811,246,192.959307706384,300,18,1.1938329495789943,Annealed,Continuous Casting,0
130,5.757591999456809,7818,229,187.07926486835524,318,15,0.4408014676196902,Annealed,Continuous Casting,1
131,5.375227080523321,7842,250,187.71182584832854,302,17,0.51809501653911,Hardened,Continuous Casting,0
132,5.635480566991954,7817,221,182.95437767660843,317,20,0.8102816516082716,Annealed,Sand Casting,0
133,5.9790201396241285,7809,265,187.52709159230102,320,18,0.5282135075061685,Hardened,Continuous Casting,0
134,5.595961364285668,7817,235,192.56163418839935,321,16,0.43729976828970973,Tempered,Continuous Casting,1
135,5.407946991997243,7802,208,191.26810272712487,307,17,1.1617981892386695,Tempered,Continuous Casting,0
136,5.749937617932574,7813,266,186.0557436602953,315,16,1.1922100567076805,Tempered,Continuous Casting,0
137,5.248006955637076,7843,200,197.48502430294263,302,24,0.5718178804421417,Hardened,Sand Casting,0
138,5.884069918873128,7806,276,187.7253412079958,307,21,0.533961711326307,Hardened,Sand Casting,0
139,5.127422814545766,7847,205,188.60972370717056,308,20,1.4090565709188956,Annealed,Sand Casting,0
140,5.576033434523909,7820,210,195.65216157768077,307,24,0.6127258642414468,Hardened,Sand Casting,0
141,5.7000648958869204,7802,255,193.70553303827077,329,20,0.39246243773626743,Tempered,Continuous Casting,1
142,5.442584141984877,7811,237,192.12227059917296,327,24,1.0560292487620837,Annealed,Sand Casting,1
143,5.4036152860911,7802,213,195.9612542297429,327,23,0.8058940065698796,Hardened,Sand Casting,1
144,5.960587003844023,7834,227,192.5446119705755,313,18,1.1696433003593967,Hardened,Sand Casting,0
145,5.356546834074008,7840,204,195.92399452908893,300,22,1.0781573258247263,Tempered,Sand Casting,0
146,5.582577005386816,7849,252,197.2363675350926,301,19,0.8617235910162819,Annealed,Continuous Casting,0
147,5.262119722097802,7821,260,190.0564429229942,305,20,0.7806132352980337,Tempered,Sand Casting,0
148,5.55459030243146,7826,202,180.0169156513749,327,24,1.4532169454555723,Annealed,Sand Casting,0
149,5.361549706924303,7841,246,183.2529954462464,318,16,1.4321791495149032,Hardened,Continuous Casting,0
150,5.042699827186894,7808,276,191.14641358314867,314,15,0.8371590329395251,Annealed,Continuous Casting,1
151,5.745019370889086,7805,266,184.09157953521165,327,19,1.3776254382389495,Hardened,Sand Casting,0
152,5.512299238152744,7829,207,188.25165876966457,318,19,0.6117048477064537,Hardened,Sand Casting,0
153,5.1838738217741405,7831,220,180.47537778318176,315,15,0.6163819613043764,Tempered,Continuous Casting,0
154,5.316221565984083,7806,212,184.63295145641106,318,22,0.9286386249840102,Tempered,Continuous Casting,0
155,5.913979051345639,7824,228,183.59661793740634,301,24,0.7859454890466477,Annealed,Sand Casting,0
156,5.215365849034105,7804,212,197.80548850507193,306,15,0.6500697537135733,Tempered,Continuous Casting,0
157,5.805810592509888,7830,269,191.66622609197043,316,23,0.20918023415052,Hardened,Continuous Casting,0
158,5.07693423794925,7831,273,182.25393991932472,309,22,0.3672516630293892,Tempered,Continuous Casting,0
159,5.732398914971986,7849,224,190.32473616247918,304,22,0.20841782618241708,Tempered,Sand Casting,0
160,5.815422220124603,7809,257,181.17625713133765,330,20,1.4344096516847629,Hardened,Sand Casting,0
161,5.445885650003878,7812,223,181.31095027708224,327,18,0.9955697520514488,Hardened,Continuous Casting,1
162,5.80945954183544,7819,279,192.13062179411114,329,24,0.48081059548357297,Hardened,Sand Casting,1
163,5.7028104884135224,7819,249,194.77295349698784,310,15,1.3071971751033398,Hardened,Sand Casting,0
164,5.6967315683456325,7841,209,182.4841949985589,312,18,0.26796382244417444,Annealed,Sand Casting,0
165,5.142195613813021,7825,200,194.91931881224107,303,20,1.1326251792991906,Hardened,Continuous Casting,0
166,5.230854799852524,7800,242,186.49912550284444,316,21,1.1587236883463943,Tempered,Continuous Casting,1
167,5.120600647454781,7818,218,197.5871851734342,316,22,0.4627234764346368,Tempered,Sand Casting,0
168,5.444961673603044,7843,241,183.18351312246767,328,19,1.47782991908036,Annealed,Sand Casting,0
169,5.39269437609562,7802,252,192.40127672401036,334,24,0.4744698400956751,Tempered,Continuous Casting,1
170,5.936187443810718,7837,251,193.21605311088624,328,23,1.3653404456275016,Annealed,Continuous Casting,1
171,5.069452772547024,7801,227,189.49381146888507,309,24,1.4327442788271285,Tempered,Continuous Casting,1
172,5.894383336838665,7815,268,183.2118028084569,335,20,0.2615944725244399,Hardened,Sand Casting,0
173,5.356271987646817,7807,225,187.58915249203,330,21,0.8884723214465342,Hardened,Continuous Casting,1
174,5.618273316233917,7818,201,182.81071153042438,326,22,0.6338122860127492,Hardened,Sand Casting,0
175,5.222375519643285,7827,278,195.21227927729808,337,17,0.42885482308413503,Tempered,Continuous Casting,1
176,5.212528848325961,7808,226,197.3522500058419,307,23,1.048738582087077,Hardened,Continuous Casting,1
177,5.168289670059871,7809,213,181.43584045144098,326,21,1.1993421191648157,Annealed,Continuous Casting,0
178,5.952473921355982,7814,239,180.54953728134345,334,24,0.7395724833858552,Hardened,Continuous Casting,0
179,5.069144133174728,7845,258,192.83962505737972,336,23,0.866141177930488,Hardened,Sand Casting,1
180,5.666811339209219,7815,242,186.70851631810822,301,17,1.4637230567159096,Annealed,Sand Casting,0
181,5.308776661733593,7838,243,199.32310994112095,334,19,0.9399288311446179,Tempered,Continuous Casting,1
182,5.332452856281748,7810,221,192.5781675431132,319,19,0.5042346077231501,Hardened,Continuous Casting,1
183,5.9324092290673756,7834,258,193.89617925814517,300,15,0.8379236910462042,Tempered,Continuous Casting,0
184,5.515334810352695,7825,205,182.8300201852161,326,20,0.32887255084894823,Tempered,Continuous Casting,0
185,5.952649432363097,7825,273,185.1746387149598,329,21,0.47288708051435596,Tempered,Sand Casting,0
186,5.893290542669458,7841,227,185.47520323274395,322,20,0.5092369527772649,Tempered,Sand Casting,0
187,5.071160049410905,7818,219,184.6460541457559,317,16,0.5855538522428831,Annealed,Continuous Casting,0
188,5.583214029902009,7826,232,186.1461568143539,303,18,0.9068671865875075,Annealed,Continuous Casting,0
189,5.776729237850415,7825,266,180.4871224727334,317,18,0.6051583175264319,Annealed,Sand Casting,0
190,5.251094631609571,7826,244,182.03773895582395,304,20,1.4194788459257472,Annealed,Continuous Casting,0
191,5.309225075963996,7842,221,184.59765071553753,322,23,1.4460224734722982,Hardened,Continuous Casting,0
192,5.459576521610063,7833,210,180.0187852043815,327,18,1.1983171913564818,Hardened,Sand Casting,0
193,5.791078761090372,7803,242,196.01729068534627,302,17,0.23964353253544549,Annealed,Sand Casting,0
194,5.604237855820941,7846,258,193.24171222519726,305,21,0.5853012556487671,Tempered,Sand Casting,0
195,5.524857093856522,7806,217,197.47706804277686,322,16,1.3664580136817674,Tempered,Continuous Casting,1
196,5.8109207290541125,7831,258,182.110240942396,339,22,0.5177169450299851,Hardened,Continuous Casting,0
197,5.598185593423619,7842,253,182.47466751376345,306,15,1.1955546152638001,Annealed,Continuous Casting,0
198,5.793378844838529,7809,267,198.16200556489557,317,23,0.7493701075327897,Tempered,Continuous Casting,0
199,5.205982431585369,7817,249,194.72535366742883,316,23,1.320954919032803,Tempered,Sand Casting,1
200,5.991531300741359,7814,265,191.6186171827924,300,24,0.6012195337052113,Annealed,Continuous Casting,0
201,5.223859587221229,7848,216,188.09361079839704,317,18,0.5886872857460965,Annealed,Sand Casting,0
202,5.683146576060678,7836,234,195.64923977341772,310,21,0.8898467173040989,Annealed,Continuous Casting,0
203,5.997222548035696,7804,218,191.89318791079072,338,15,0.6195638143753504,Annealed,Continuous Casting,1
204,5.416848553757022,7840,234,189.37363174391658,336,16,0.37298473985959857,Hardened,Sand Casting,0
205,5.548529360264828,7844,218,193.23459448091205,310,23,1.0430119378313703,Tempered,Continuous Casting,0
206,5.810176034363019,7815,221,191.5493299407874,305,15,0.9525914238570201,Annealed,Sand Casting,0
207,5.279491232633308,7821,243,189.43972422695566,318,23,0.8181458424415329,Hardened,Continuous Casting,0
208,5.847516876750929,7830,229,199.50780384195264,306,24,0.6172095688479086,Annealed,Sand Casting,0
209,5.087989864527277,7841,244,189.9771816116712,324,20,1.0055789829111526,Tempered,Continuous Casting,0
210,5.8063976031063715,7815,230,191.79986965608893,309,17,1.0995056974516695,Hardened,Continuous Casting,0
211,5.528867897191634,7812,244,199.6529776303161,316,17,1.4361969611620853,Tempered,Continuous Casting,0
212,5.3634323169766285,7809,217,193.15938525814238,339,18,0.6024938880444286,Tempered,Sand Casting,1
213,5.830768807216145,7838,254,185.00687099732596,320,24,0.6460939796031793,Tempered,Sand Casting,0
214,5.761934969217273,7846,279,186.41469428876795,334,24,0.8475000860027173,Hardened,Sand Casting,0
215,5.263544515499204,7805,218,195.55440822551896,330,20,0.4112928613696355,Tempered,Continuous Casting,1
216,5.823522940739927,7811,250,196.8174648972221,318,15,1.165564789675271,Tempered,Continuous Casting,0
217,5.5764279400075845,7823,272,197.58528638112787,321,24,1.391242788385827,Tempered,Sand Casting,1
218,5.943163503155291,7839,250,193.9267980297835,338,15,1.040754902854276,Hardened,Sand Casting,1
219,5.146946698194072,7823,228,195.84155298558696,302,24,1.247504734807077,Hardened,Continuous Casting,0
220,5.151715498135535,7810,208,194.0669955826613,333,16,1.305995530833562,Tempered,Continuous Casting,1
221,5.831514818691276,7811,237,195.95971303712696,309,22,0.3100712471224832,Tempered,Sand Casting,0
222,5.161560758320501,7816,260,186.121568249469,315,16,0.3992848914464334,Annealed,Sand Casting,1
223,5.761616908228567,7806,200,194.74713309750464,302,18,1.0130363625735894,Annealed,Sand Casting,0
224,5.332438807835797,7803,217,193.33259098728666,322,17,0.4057021091682673,Tempered,Sand Casting,1
225,5.103623508990726,7822,214,191.05828552647142,315,19,1.2948332049600113,Tempered,Continuous Casting,0
226,5.3531577409641375,7837,231,181.79790828774995,327,22,0.36891145728590835,Tempered,Sand Casting,0
227,5.070732039003742,7824,265,191.07500970977358,327,15,0.9980496178332898,Tempered,Continuous Casting,1
228,5.764840468405028,7828,249,193.5029913463377,330,20,0.9418507583826015,Tempered,Continuous Casting,1
229,5.20644222327101,7827,201,189.41069002633512,314,22,0.475252904949854,Annealed,Sand Casting,0
230,5.3371181995325045,7827,251,195.26438406656155,327,17,0.3153991680452074,Tempered,Sand Casting,1
231,5.9119708683184955,7842,258,182.0383765179384,300,17,1.2014334927638382,Annealed,Sand Casting,0
232,5.121460235134836,7825,265,195.5959146318549,311,24,0.2008405367741721,Hardened,Continuous Casting,0
233,5.445363130366072,7801,267,193.3917598212814,336,22,1.290847747410841,Hardened,Continuous Casting,1
234,5.422062808865529,7815,254,191.80924611882662,336,20,1.2351300141203965,Hardened,Sand Casting,1
235,5.087028249724565,7804,248,188.29417008984052,301,21,0.6898365849249977,Tempered,Continuous Casting,1
236,5.296264741532573,7818,226,195.45125811470342,326,22,1.2825543972485034,Hardened,Sand Casting,1
237,5.054297650707592,7807,262,196.02912552747438,309,16,0.8893887463380488,Hardened,Sand Casting,1
238,5.737110721188937,7834,232,196.01324169399797,308,18,0.7488054580213583,Tempered,Sand Casting,0
239,5.265119085564437,7803,227,196.4571728760747,319,22,0.7730013068643153,Tempered,Continuous Casting,1
240,5.310728848713766,7807,259,199.04276002758368,336,17,1.1889923071772948,Tempered,Sand Casting,1
241,5.4960089714286,7841,259,190.91362422804963,338,15,1.0487602615633382,Tempered,Sand Casting,1
242,5.721204808678633,7816,245,192.6080591109103,331,23,1.488104026101925,Hardened,Continuous Casting,1
243,5.247489500838736,7838,270,197.4108609271427,318,15,1.2622248866276566,Annealed,Continuous Casting,0
244,5.702370673424889,7842,255,199.7705345148546,306,24,0.8202196612314536,Hardened,Continuous Casting,0
245,5.331963334534133,7830,278,194.50166453141293,301,21,1.2855191189808968,Hardened,Continuous Casting,0
246,5.101685713811569,7849,245,190.34340718601325,302,19,1.312553547232233,Hardened,Continuous Casting,0
247,5.545934133699394,7807,248,193.41033403114287,338,24,0.767288992917244,Tempered,Sand Casting,1
248,5.513257355863506,7802,256,186.37143401976894,328,16,0.2650673105441,Annealed,Sand Casting,0
249,5.454864685727426,7826,207,192.12450290054454,330,16,1.2097785786529707,Hardened,Sand Casting,1
250,5.3806005582308485,7824,200,183.59307946787516,317,20,0.7768986533439481,Hardened,Sand Casting,0
251,5.913929797602369,7835,272,183.6881252451131,300,19,0.45851682012148,Annealed,Sand Casting,0
252,5.085314583988302,7811,203,193.02897131878512,314,24,0.419700819869327,Tempered,Sand Casting,0
253,5.36147479130022,7820,252,189.65654850988483,324,20,1.4411126712572861,Hardened,Sand Casting,1
254,5.877664365311691,7806,228,180.60173247671747,331,16,1.1480877532113796,Hardened,Continuous Casting,0
255,5.739821835921402,7837,217,196.06584836724753,307,20,1.093088780895639,Hardened,Sand Casting,0
256,5.732332942263079,7803,202,180.9727729977907,300,24,1.2874621383408706,Tempered,Sand Casting,0
257,5.60424497177203,7813,262,193.09113776244538,332,21,1.1807797917669176,Annealed,Sand Casting,1
258,5.010854679375788,7847,270,189.506964697962,329,19,1.351985446096885,Hardened,Sand Casting,0
259,5.44824963243863,7813,233,188.70003980522074,337,17,0.33445948981216617,Tempered,Sand Casting,1
260,5.414378481917142,7818,274,187.00571858337005,305,16,1.1975744674144715,Annealed,Continuous Casting,1
261,5.745077058734564,7813,270,187.61639245640163,337,19,0.3052761121632654,Annealed,Continuous Casting,1
262,5.7880510529627145,7832,222,189.74938711856882,321,19,0.4074199255100135,Annealed,Sand Casting,0
263,5.593261081858613,7803,244,193.799026437586,323,22,1.2811847367656708,Hardened,Sand Casting,1
264,5.683025293136828,7821,276,182.9121682014945,332,16,1.3594093206274585,Tempered,Continuous Casting,0
265,5.240769655490316,7817,279,199.0764917999865,324,20,1.1108496304261348,Hardened,Continuous Casting,1
266,5.517946186477958,7832,256,185.55886332424686,338,16,1.2658732828200883,Annealed,Sand Casting,0
267,5.705155331114892,7847,238,199.54511038257294,304,22,0.7590698515670868,Tempered,Continuous Casting,0
268,5.365764909052994,7815,226,189.41229216093367,334,19,0.48102642284927116,Annealed,Continuous Casting,1
269,5.4247126187769314,7845,219,184.48961678739087,305,21,1.0701708609086797,Hardened,Continuous Casting,0
270,5.597027988235132,7822,214,181.36707263397304,319,20,0.2679278835690657,Hardened,Sand Casting,0
271,5.515385242888328,7830,276,196.75894398298846,329,19,1.3969305590987848,Annealed,Continuous Casting,1
272,5.742827529862685,7846,219,194.72359831797726,339,15,0.7736821489933221,Tempered,Continuous Casting,1
273,5.039423482093229,7816,225,190.96326244330285,319,24,0.587930573226619,Tempered,Continuous Casting,1
274,5.38644000691372,7841,270,180.9696236413026,320,15,0.8362387045942341,Tempered,Sand Casting,0
275,5.908370904532432,7809,254,199.2516323355096,318,24,1.3069283635420028,Annealed,Continuous Casting,0
276,5.068297035603278,7831,271,198.8348234245199,305,21,0.9076253767526163,Tempered,Continuous Casting,0
277,5.613638149014482,7830,247,182.09629735751375,333,15,1.2449471641149812,Annealed,Continuous Casting,0
278,5.98087439974294,7826,226,181.87207908439217,302,16,0.8874574930063925,Hardened,Sand Casting,0
279,5.869228041465472,7827,210,184.2657406823594,306,17,0.4488151653391421,Hardened,Sand Casting,0
280,5.990357342728049,7804,212,199.21317349608907,312,18,1.4056885523069924,Tempered,Sand Casting,0
281,5.639589478888759,7801,238,192.96336734109002,316,17,0.7984272906288772,Tempered,Continuous Casting,0
282,5.6966093965001,7816,269,180.2057983285925,329,24,1.1634387365193068,Hardened,Continuous Casting,0
283,5.405575521533168,7805,217,198.00081395725596,329,23,0.26953069505592053,Tempered,Sand Casting,1
284,5.0268309254714465,7800,229,185.4178559771533,313,23,1.308811747719093,Hardened,Continuous Casting,1
285,5.408132537157354,7813,279,192.74567746303447,324,16,0.6766893337742521,Tempered,Sand Casting,1
286,5.605414115454032,7828,230,188.74869628663703,303,22,1.4847924756542443,Hardened,Sand Casting,0
287,5.0456835014043335,7834,243,188.5542151436549,303,18,1.291067169391506,Tempered,Continuous Casting,0
288,5.489198063113616,7800,263,183.74396224994084,336,16,1.178070411862346,Annealed,Sand Casting,1
289,5.188986091516039,7840,254,197.3896841255639,318,18,0.6125091606402879,Tempered,Continuous Casting,0
290,5.897347221410509,7811,246,189.41619283042715,323,21,0.34975648155120886,Annealed,Sand Casting,0
291,5.804640849311274,7844,240,184.34836832060867,338,19,0.9129127888632154,Tempered,Continuous Casting,0
292,5.545276526631207,7822,217,183.66941852897918,315,24,0.7954041784066954,Hardened,Continuous Casting,0
293,5.522343321024784,7830,209,188.86372985731535,328,19,1.3359005964690005,Hardened,Sand Casting,0
294,5.839706672360048,7812,243,183.37050694930917,334,17,0.6564962450357564,Tempered,Continuous Casting,0
295,5.735432899695547,7827,247,185.5627472167704,330,24,0.7529012064203024,Annealed,Sand Casting,0
296,5.535790043889225,7834,225,181.92251051668828,324,24,1.3351509335051834,Annealed,Sand Casting,0
297,5.45878227701025,7818,278,183.1158674621267,328,22,0.8617539878355882,Hardened,Sand Casting,1
298,5.325505995024197,7818,220,182.79840529155064,305,24,1.1080114325799069,Annealed,Continuous Casting,1
299,5.272070831247805,7808,238,185.1813601975502,328,21,0.2534995435246287,Hardened,Sand Casting,1
300,5.582640078886146,7810,248,195.27969613992335,336,18,0.4177935932238465,Tempered,Continuous Casting,1
301,5.277494256564384,7827,273,199.05946708878201,303,18,0.6036079303368223,Tempered,Sand Casting,0
302,5.064436299669885,7826,224,193.4687939169388,302,15,0.37077268327147694,Hardened,Sand Casting,0
303,5.503669809990494,7804,230,196.15412274393887,312,18,0.7742271217441932,Annealed,Sand Casting,0
304,5.725360285004358,7845,258,182.42013381083612,316,17,0.418226498020713,Annealed,Continuous Casting,1
305,5.699335567396472,7812,263,188.58283281509924,331,23,1.323741310672032,Hardened,Sand Casting,0
306,5.873760687918472,7845,239,181.12382681269543,327,16,1.4096349356031346,Tempered,Sand Casting,0
307,5.372046532893485,7829,265,183.90621730541832,334,16,0.5556095693504776,Annealed,Continuous Casting,0
308,5.3932331285826915,7826,246,183.53620244788573,339,23,0.5248918753514413,Annealed,Sand Casting,0
309,5.917602196824389,7845,230,181.39198414004625,325,17,0.37937767373912423,Annealed,Sand Casting,0
310,5.319426722032057,7821,259,190.35721473523708,304,20,1.0060479533056006,Tempered,Sand Casting,0
311,5.905714069095736,7839,208,186.74806407154597,301,15,0.30117863922073557,Hardened,Sand Casting,0
312,5.327858574547498,7813,223,188.75183537788283,333,17,1.1185234271604687,Annealed,Continuous Casting,1
313,5.861123356294569,7816,256,191.50527589068594,329,17,0.5556229068880527,Tempered,Sand Casting,1
314,5.471670464642807,7827,218,195.92888780767296,320,16,0.5760817104000839,Hardened,Continuous Casting,1
315,5.021238585963175,7823,276,187.13594618872702,320,23,0.4032578028341247,Annealed,Continuous Casting,1
316,5.574309043902657,7845,208,191.49422361972094,327,23,0.34463466089518013,Hardened,Sand Casting,1
317,5.2044604702701855,7837,276,181.2431007933178,337,16,0.7261600565636337,Annealed,Sand Casting,0
318,5.5340597421891475,7849,236,194.17591986030033,300,16,1.0353763926480768,Hardened,Continuous Casting,0
319,5.312813692239689,7818,219,191.04750014143517,338,24,1.2057531774067423,Tempered,Continuous Casting,1
320,5.180232558533016,7829,262,196.6868001253649,335,19,0.34758602942818484,Hardened,Sand Casting,1
321,5.4234126977683434,7843,262,187.2637363794938,316,23,1.4890607277732857,Tempered,Sand Casting,0
322,5.467144714803895,7819,216,190.4712310985764,323,24,1.2140361404583735,Tempered,Sand Casting,1
323,5.56116577075392,7825,240,186.44150273294477,325,24,0.372963032232994,Annealed,Sand Casting,0
324,5.324036912730781,7838,236,195.1895642836977,337,15,0.5493999718018224,Hardened,Continuous Casting,1
325,5.588939073844266,7816,225,197.33354935686998,332,17,0.5464126978438402,Annealed,Sand Casting,1
326,5.121542530532976,7823,204,198.92237386829072,324,15,1.1308186397961504,Tempered,Sand Casting,1
327,5.74605221639839,7812,235,180.23989572779593,321,18,1.2674274632926852,Annealed,Sand Casting,0
328,5.203115122457332,7814,208,180.46617087937662,326,20,0.5999745136230277,Tempered,Sand Casting,0
329,5.9358457515805885,7834,258,198.7636879187229,339,23,0.5476046823536569,Hardened,Continuous Casting,1
330,5.390256120733553,7841,270,182.3766586968594,323,16,0.6214591607100504,Tempered,Continuous Casting,0
331,5.7687016038362176,7829,256,190.13398037533682,332,24,0.3580411151116758,Annealed,Sand Casting,1
332,5.857673716856258,7826,249,190.6836838012965,334,19,0.24448444490966303,Hardened,Sand Casting,1
333,5.522639133166099,7832,254,192.13779590898358,324,15,0.30742162246666177,Annealed,Continuous Casting,1
334,5.0984608568755405,7813,271,188.61536281796577,338,24,0.8943268425433057,Annealed,Sand Casting,1
335,5.216534444804247,7823,264,183.6546319040988,310,16,0.24688297864746478,Tempered,Continuous Casting,0
336,5.083777711605852,7813,277,184.67549129753206,324,22,1.1047519653270677,Annealed,Sand Casting,1
337,5.86247099296848,7826,210,199.43491052309693,313,16,0.43907332097255547,Tempered,Continuous Casting,0
338,5.269209454687593,7826,270,181.38159087952485,322,20,0.20319003658899648,Tempered,Continuous Casting,0
339,5.203095983519672,7847,228,190.30496566295977,301,23,0.5752047512156078,Tempered,Sand Casting,0
340,5.472247907236059,7838,204,195.74799666443283,318,15,0.8408629028842562,Annealed,Sand Casting,0
341,5.520111671069863,7804,255,196.66466876364882,333,24,0.8096451035065271,Hardened,Continuous Casting,1
342,5.829346378240494,7801,200,198.2348911516451,317,15,0.4137376229852827,Tempered,Sand Casting,0
343,5.149183585424355,7814,231,189.9647422642204,303,19,1.1018978680173508,Tempered,Sand Casting,1
344,5.350315039976295,7840,226,197.701247795876,328,23,0.9042692477335397,Tempered,Sand Casting,1
345,5.168567856408298,7821,274,184.18309605241586,308,17,0.8152095735010907,Annealed,Sand Casting,0
346,5.916167575492438,7806,241,196.45279031034536,327,21,0.8649289590627249,Tempered,Continuous Casting,1
347,5.762676965072464,7837,214,187.95805039145583,300,22,1.2643116907904302,Tempered,Sand Casting,0
348,5.597962941636187,7829,243,197.33015582020425,309,20,1.0577397745653478,Annealed,Sand Casting,0
349,5.673261614827165,7827,278,194.34491772163022,303,22,0.8820614844408288,Tempered,Continuous Casting,0
350,5.602824195516391,7821,220,188.7099786792084,334,18,0.9689489058863723,Hardened,Continuous Casting,0
351,5.712656733767531,7814,243,184.26178010397226,308,22,0.21259580090546404,Annealed,Sand Casting,0
352,5.30556535431095,7827,275,193.694354526996,330,19,1.3090623262695955,Hardened,Continuous Casting,1
353,5.9630865734279475,7827,218,194.37986247041854,329,20,1.1445851161666687,Annealed,Sand Casting,1
354,5.966893794046231,7802,274,185.44972072810742,328,16,1.3218129658377187,Hardened,Sand Casting,0
355,5.318584672263977,7801,205,186.3826212166231,319,24,1.2961137121436417,Hardened,Sand Casting,0
356,5.317341215165838,7818,219,184.22445484322512,316,17,0.5334029917655752,Tempered,Continuous Casting,0
357,5.423890251388068,7826,235,197.15435721455958,325,17,0.2576521364626275,Hardened,Continuous Casting,1
358,5.6226565131243875,7847,243,195.5579622873462,338,17,0.7363006151641349,Tempered,Sand Casting,1
359,5.652504377603703,7812,212,187.25258428484022,309,16,0.48577550765638905,Tempered,Sand Casting,0
360,5.334939068830657,7841,207,185.61829368983044,328,17,1.004752375113211,Tempered,Continuous Casting,0
361,5.775202021691518,7817,254,191.95581402427237,338,17,0.9957396407482275,Hardened,Sand Casting,1
362,5.329041205630535,7817,261,180.23256536411256,307,24,0.7066223503184856,Hardened,Continuous Casting,1
363,5.019762483612575,7808,238,191.00819025996373,326,24,1.0593014263200153,Hardened,Continuous Casting,1
364,5.072761799097125,7838,215,192.49396890865287,312,15,1.397355171899098,Hardened,Continuous Casting,0
365,5.038280448664905,7833,243,185.28369432698844,328,15,0.579007497753345,Hardened,Sand Casting,0
366,5.453797443085224,7811,257,188.9103914341958,333,21,0.5168688656286244,Tempered,Sand Casting,1
367,5.782969042437395,7803,246,186.91008283136404,300,19,1.0288503382022254,Tempered,Continuous Casting,0
368,5.2276672810713105,7839,251,181.68221051639222,311,18,1.050876594798635,Hardened,Continuous Casting,0
369,5.069352727215328,7827,202,190.35981410224292,323,16,0.3312480200072464,Tempered,Sand Casting,1
370,5.4741220771847505,7835,203,188.1121666709295,316,19,1.257272015880484,Annealed,Sand Casting,0
371,5.6337545521109735,7835,230,197.2636058199326,329,21,1.0847823525299156,Hardened,Continuous Casting,1
372,5.862822121604409,7803,268,187.13964239180552,301,16,1.428147038536394,Hardened,Continuous Casting,0
373,5.224968321039713,7814,215,189.07569490471238,309,24,0.5765426882987243,Hardened,Continuous Casting,0
374,5.9557961382829605,7819,224,194.94465496519194,322,20,0.8891210492131174,Tempered,Sand Casting,1
375,5.891777431328929,7818,246,197.95244582995576,324,16,1.3303568853586445,Annealed,Continuous Casting,1
376,5.81052910084329,7840,247,196.62808373637233,316,19,0.3836498951105375,Annealed,Continuous Casting,1
377,5.830253817817002,7808,251,183.73678626083358,301,21,1.0051724519220073,Tempered,Continuous Casting,0
378,5.627759459684685,7800,263,182.61032234624133,309,16,1.2463823114107397,Tempered,Sand Casting,0
379,5.63496382113211,7840,243,180.38967079349766,327,15,1.3559852278851616,Tempered,Sand Casting,0
380,5.13893408600586,7816,214,189.11873671300586,327,18,0.9689004408491408,Hardened,Sand Casting,0
381,5.340385866578714,7824,257,191.6652972620615,317,15,1.2702743390770888,Annealed,Sand Casting,0
382,5.73846180973365,7833,257,198.08837019074244,315,20,1.463323865448231,Tempered,Continuous Casting,0
383,5.204623319113986,7816,240,191.5083405489727,311,23,1.2694977272450465,Hardened,Sand Casting,1
384,5.890125019000102,7808,225,187.88386992293061,316,21,0.7305093394810283,Hardened,Continuous Casting,0
385,5.447622255886323,7805,202,197.65863933497945,315,24,0.9875290796149683,Hardened,Continuous Casting,0
386,5.9767302311847565,7822,234,188.1830308751887,326,23,0.858144366672128,Tempered,Continuous Casting,0
387,5.342795113669968,7808,261,188.45501930297047,323,23,1.347397949223244,Tempered,Continuous Casting,1
388,5.135671461664028,7824,220,180.57293514328626,334,21,0.7535960896047356,Hardened,Continuous Casting,0
389,5.239458992950495,7831,261,187.5244338325139,337,20,1.1366030589828287,Tempered,Continuous Casting,0
390,5.019113447747752,7849,256,188.2650874810025,328,19,0.5731100200805803,Annealed,Sand Casting,0
391,5.142848986672566,7832,210,180.54314912674323,323,15,0.36895485311391335,Hardened,Continuous Casting,0
392,5.030678342283575,7831,217,194.82675578369373,312,16,0.8013612083801762,Hardened,Continuous Casting,0
393,5.916015694978202,7827,254,193.22826920600914,336,19,0.5040201341790269,Tempered,Sand Casting,1
394,5.6446451472000385,7802,206,192.07900515487188,322,23,1.3365344086924948,Hardened,Continuous Casting,1
395,5.931705311153461,7845,249,187.4687970845286,317,15,1.2805454507066816,Annealed,Sand Casting,0
396,5.12163930132421,7844,231,195.81461477169472,320,22,0.24755785771403005,Annealed,Continuous Casting,1
397,5.064531265354873,7804,261,186.37014034990227,319,15,1.2488292708138171,Hardened,Continuous Casting,1
398,5.4956764847814945,7832,249,194.54077074643791,314,21,0.7515166710395877,Annealed,Sand Casting,0
399,5.762969964922055,7840,255,183.17310347022365,314,16,0.32390971882309705,Hardened,Continuous Casting,0
400,5.925970230566967,7840,257,197.9572877444703,308,22,0.24958148687481246,Tempered,Continuous Casting,0
401,5.9424879756175395,7811,272,188.3360005703796,316,17,0.2735430368526256,Hardened,Sand Casting,0
402,5.516860552569801,7847,222,192.5933668279984,334,15,1.13420060711947,Hardened,Continuous Casting,1
403,5.351179493757469,7809,245,181.11395333239005,305,18,1.2326072201109162,Hardened,Sand Casting,1
404,5.597160861686804,7805,276,188.31234216349884,315,19,0.8109829675820839,Annealed,Continuous Casting,0
405,5.971725076044505,7816,256,197.35216634351883,327,24,1.3699559825620993,Tempered,Sand Casting,1
406,5.615870913484296,7802,265,196.52079009240106,305,23,0.24133318261308664,Annealed,Sand Casting,0
407,5.584355061929952,7824,201,188.64304764516888,328,20,0.6204708565807374,Annealed,Continuous Casting,0
408,5.5068790192280135,7837,220,194.06847553926826,301,15,0.20132563837214681,Annealed,Continuous Casting,1
409,5.31574730553245,7835,202,190.36617052346048,301,16,1.0668298773147997,Annealed,Sand Casting,0
410,5.718025633346714,7830,228,191.72994046653,331,24,1.3917606015294879,Hardened,Continuous Casting,1
411,5.757717536214764,7800,205,187.49513497414952,314,15,0.811756887557413,Annealed,Continuous Casting,0
412,5.881875955968944,7821,248,184.02438058456502,332,20,1.4256636789595813,Tempered,Sand Casting,0
413,5.094837133273427,7847,236,180.2271483370087,313,15,0.5588691893271396,Tempered,Sand Casting,0
414,5.126261533426747,7835,225,186.3661006030737,310,23,1.1344871535979097,Annealed,Sand Casting,0
415,5.661785764529774,7825,211,184.66890444016303,333,24,0.7251020604829055,Hardened,Continuous Casting,0
416,5.17079800437302,7831,260,190.63038230535497,315,21,0.6909730557249378,Tempered,Continuous Casting,0
417,5.449645526332722,7821,229,196.9733010772396,335,23,1.0943491338782285,Annealed,Sand Casting,1
418,5.027057727197525,7826,250,181.91295624123654,306,22,0.500888244840133,Annealed,Continuous Casting,0
419,5.875025591241532,7810,276,193.23048579668858,333,22,0.7086558251454422,Hardened,Continuous Casting,1
420,5.2458362225760675,7826,235,186.23916459646807,339,17,1.2116497170092546,Annealed,Sand Casting,0
421,5.934243263880198,7840,231,190.34877335186215,328,17,0.6996072309300713,Annealed,Continuous Casting,1
422,5.749907041513887,7807,266,193.65709988224012,317,15,0.8520824134953984,Tempered,Sand Casting,0
423,5.406309375533052,7837,267,193.19105437502427,332,22,0.5855826329740967,Tempered,Continuous Casting,1
424,5.747768720986766,7844,200,196.60747207814987,318,19,0.37430183703853825,Hardened,Continuous Casting,0
425,5.402535615374358,7836,218,181.1944687708847,316,18,0.9213718293700575,Tempered,Continuous Casting,0
426,5.571849710230496,7809,269,180.78931161897088,302,20,0.5909424869254232,Hardened,Sand Casting,0
427,5.129576456428792,7843,268,180.35903969670846,302,16,0.922193484030305,Tempered,Sand Casting,0
428,5.253849749180822,7813,237,191.1175415330398,318,21,1.3762998430067657,Hardened,Sand Casting,1
429,5.59716066885734,7833,200,180.9034628406682,314,24,1.376828448197561,Annealed,Continuous Casting,0
430,5.903617568267079,7817,239,186.63512183310888,337,15,1.3597186996797397,Hardened,Sand Casting,0
431,5.582516202444319,7803,243,189.04873009936944,323,23,0.40895851375695635,Hardened,Sand Casting,0
432,5.562582968001794,7844,231,195.63590666462585,325,20,1.3250342760426237,Annealed,Sand Casting,1
433,5.37368776527203,7821,249,188.3027275612754,308,23,0.6325770243122593,Hardened,Continuous Casting,0
434,5.920092896119828,7849,270,195.25645569119862,304,19,0.3517796010613986,Hardened,Sand Casting,0
435,5.062920248359135,7818,268,197.34496184801446,325,23,0.7706667262068585,Hardened,Sand Casting,1
436,5.542692819889081,7831,214,195.60972855464368,332,23,0.7113032051716093,Tempered,Continuous Casting,1
437,5.582159529427173,7815,225,181.8629015894892,306,16,1.0987839151172003,Annealed,Continuous Casting,0
438,5.361251154355433,7835,208,187.0637811956565,301,16,1.4974604499316106,Hardened,Continuous Casting,0
439,5.240823220853658,7807,256,198.93078324773705,319,24,1.3553621325103355,Hardened,Continuous Casting,1
440,5.081045158017768,7833,203,197.24618841353646,324,24,1.1018151347367031,Tempered,Sand Casting,1
441,5.795333216615804,7822,202,195.6924435972914,309,19,0.36966887683295346,Hardened,Sand Casting,0
442,5.596259351981809,7832,203,186.57194962731663,334,18,0.2662542423246845,Tempered,Continuous Casting,0
443,5.47329740352242,7830,231,181.74629570717286,337,20,1.1991494609878854,Hardened,Continuous Casting,0
444,5.673950233071629,7840,239,185.48390615201527,318,17,1.353758582899484,Annealed,Continuous Casting,0
445,5.663293282227632,7810,263,188.20177900747797,301,23,1.0703611130217734,Tempered,Continuous Casting,0
446,5.269180185665641,7810,217,185.97754221336086,337,19,0.8413417808437307,Annealed,Continuous Casting,0
447,5.881362818705895,7801,249,197.9736376211609,322,23,1.000954713514673,Hardened,Sand Casting,1
448,5.399569836893752,7835,221,199.39671664409124,316,22,1.3467692648918546,Annealed,Continuous Casting,0
449,5.960600978070623,7840,240,183.79375602016788,323,15,0.9504124558342932,Hardened,Sand Casting,0
450,5.876472703347468,7827,271,196.0458453211313,316,20,1.2901241821272589,Tempered,Continuous Casting,0
451,5.495849555177637,7811,231,182.8547382667502,322,19,0.8256183474967416,Tempered,Sand Casting,1
452,5.736640599560025,7804,226,197.77628858702846,339,21,0.8228361602284415,Tempered,Sand Casting,1
453,5.81836978997753,7802,267,191.45444416113048,324,15,1.365988443022152,Annealed,Continuous Casting,1
454,5.495254788011509,7845,240,184.03648992130093,339,20,0.8306555676007732,Hardened,Sand Casting,0
455,5.025941588574058,7845,249,186.30762158088973,331,17,0.9179421254413045,Tempered,Sand Casting,0
456,5.141112004676744,7801,208,195.96727152282867,338,18,0.27900843522694563,Tempered,Sand Casting,1
457,5.542517992944627,7849,265,199.42695957479935,300,18,1.4640800774152665,Tempered,Sand Casting,0
458,5.605218944229601,7841,218,193.26698450604647,323,15,1.267610004782743,Hardened,Sand Casting,1
459,5.162633757892791,7848,253,193.71084827064,325,15,0.5136974742700999,Hardened,Sand Casting,1
460,5.75548685889141,7801,200,192.59723586107512,335,15,0.2274801837828436,Tempered,Continuous Casting,1
461,5.481079909776867,7835,218,197.88353323123096,321,18,0.9578862918520847,Tempered,Sand Casting,1
462,5.923314445992973,7847,277,181.22616361614496,312,23,1.0316873845402448,Tempered,Sand Casting,0
463,5.919038058624245,7816,270,188.66889565397096,315,19,0.6276241733318823,Tempered,Continuous Casting,0
464,5.451214178214498,7830,245,191.95056614313216,323,21,0.6952938295536306,Tempered,Continuous Casting,1
465,5.709046074124333,7840,240,191.7555317249655,338,23,1.4888881658816262,Tempered,Continuous Casting,1
466,5.441305600672423,7806,217,180.23553494306793,316,20,0.7832671177782389,Annealed,Sand Casting,0
467,5.281161853632549,7814,252,180.56391015203667,301,19,0.6881288763715216,Tempered,Continuous Casting,1
468,5.5867295334295015,7830,270,186.04279785537193,337,18,1.2670426174404805,Tempered,Continuous Casting,0
469,5.225732006830258,7821,266,180.41672364324012,310,16,0.30855183415768117,Hardened,Sand Casting,0
470,5.832966737099721,7841,238,191.91178667872063,312,17,0.9621339806216136,Tempered,Sand Casting,0
471,5.131274848651363,7806,211,182.60575198752412,332,20,0.3439150214734278,Annealed,Continuous Casting,1
472,5.763768000905197,7826,227,198.05379134616857,301,19,0.985161542079614,Hardened,Sand Casting,0
473,5.03448499190905,7815,201,188.34125398207703,312,16,1.2177841936462757,Tempered,Continuous Casting,0
474,5.602120062852434,7806,220,190.39801483272385,321,20,1.324460969748301,Tempered,Continuous Casting,1
475,5.118832532329825,7832,268,186.6840655965164,300,22,0.25513356599674414,Hardened,Sand Casting,0
476,5.378124467473873,7847,273,180.117948472717,332,23,0.6305023391274074,Annealed,Continuous Casting,0
477,5.518187071276293,7818,276,185.97739574175046,332,19,0.6730750777303803,Tempered,Continuous Casting,0
478,5.696669934082222,7810,256,185.4536552755315,337,17,0.21740092288018292,Hardened,Continuous Casting,0
479,5.544294885806302,7809,223,195.78157985435976,308,18,0.49004068325621475,Hardened,Continuous Casting,0
480,5.404521898041142,7844,228,183.04762457120435,335,17,0.2321381315373973,Annealed,Continuous Casting,1
481,5.412109840761116,7845,203,188.97019182080243,320,18,1.2831583700177254,Hardened,Continuous Casting,0
482,5.464354326483206,7820,244,186.78636835411754,339,16,1.2326452494839364,Tempered,Sand Casting,1
483,5.7042656006906896,7838,267,181.2921635757297,312,19,1.0873107758482714,Tempered,Continuous Casting,0
484,5.893433968416935,7818,224,182.0252924018597,338,19,0.9985395772236032,Hardened,Continuous Casting,0
485,5.553480123462257,7837,203,186.62339780018658,317,24,0.9589184890061961,Tempered,Sand Casting,0
486,5.815379456125649,7839,230,193.92934517267076,324,22,0.5243637694713721,Tempered,Continuous Casting,1
487,5.630360331881011,7828,230,187.075282291917,334,17,1.2491310243848759,Annealed,Continuous Casting,0
488,5.519026285689834,7837,226,181.62091321936484,323,20,1.0602090304057898,Annealed,Sand Casting,0
489,5.4029503648214785,7841,259,186.96020104631668,304,21,1.2245886463142857,Hardened,Sand Casting,0
490,5.959788905859133,7810,230,183.66439940715378,301,18,0.24219964845258996,Annealed,Continuous Casting,1
491,5.970265659626806,7848,249,183.98677394146844,312,18,0.78887739656716,Tempered,Sand Casting,0
492,5.586658138393347,7841,218,198.96079127839545,328,20,1.232642410674767,Tempered,Continuous Casting,1
493,5.878044733550503,7805,276,186.77891990258283,322,17,0.20689493457373223,Hardened,Continuous Casting,0
494,5.791045891791475,7826,220,182.837579192413,320,15,1.3436353430939,Hardened,Sand Casting,0
495,5.227616104855002,7839,247,196.19558421132547,326,16,0.5918363026010947,Annealed,Sand Casting,1
496,5.618858566828153,7824,253,189.91521745718046,321,19,0.8180704618674617,Hardened,Sand Casting,0
497,5.40657610985353,7808,259,197.01477309094878,327,19,0.9363421699411136,Hardened,Sand Casting,1
498,5.649338555499385,7846,228,199.5058289814846,338,21,0.7318006509203812,Annealed,Continuous Casting,1
499,5.83930877220657,7831,276,195.2105908175678,301,22,0.22906812641235402,Annealed,Sand Casting,0
500,5.66140950796831,7800,257,197.04909005547427,325,18,0.6249891854211181,Annealed,Sand Casting,1
501,5.216084210358492,7814,214,181.0894644860845,335,20,0.444792660982563,Hardened,Sand Casting,0
502,5.1321257088303875,7836,274,198.72741578020413,328,23,1.4353863775309743,Tempered,Continuous Casting,1
503,5.84308544796417,7833,270,187.13452218779767,333,18,1.2601393533068488,Annealed,Sand Casting,0
504,5.209415756557572,7832,274,197.64428348099182,319,16,1.4257308046131656,Tempered,Sand Casting,0
505,5.44964019503702,7808,213,187.4676306094143,334,24,0.5802177241539012,Hardened,Continuous Casting,0
506,5.234172272464651,7803,242,191.7903186808758,307,16,0.8206844565901088,Hardened,Continuous Casting,1
507,5.330792355889945,7826,221,192.25616784287064,335,19,0.6579908554322729,Annealed,Sand Casting,1
508,5.931058089768198,7802,209,185.76686441601706,319,17,1.4816557035865028,Annealed,Sand Casting,0
509,5.856936710390109,7802,239,198.245493418326,317,15,0.6781090417738307,Tempered,Sand Casting,0
510,5.273948191068446,7842,276,196.12777355537318,314,23,0.3274792190144497,Tempered,Continuous Casting,0
511,5.034344769549026,7812,208,188.41367984953288,301,23,0.6709900987181255,Annealed,Continuous Casting,0
512,5.501320107001865,7823,233,182.41019062016508,322,20,0.5754311201559158,Hardened,Sand Casting,0
513,5.169528465073888,7819,234,181.58326651945904,319,17,0.7975372229323194,Tempered,Continuous Casting,1
514,5.124227033626457,7823,217,197.2595081909502,314,18,0.2140276412569685,Tempered,Sand Casting,0
515,5.430696821999448,7829,204,192.23773810372973,307,23,0.7286664833493488,Hardened,Sand Casting,0
516,5.0316606326996585,7845,209,188.65406295681046,302,21,0.4578526427258837,Annealed,Sand Casting,0
517,5.8462924798655225,7817,240,196.9240555834075,300,16,0.3701299331700305,Hardened,Sand Casting,0
518,5.731814840436522,7848,255,199.65043941518962,318,21,1.2575430802355223,Tempered,Sand Casting,0
519,5.043705599682278,7807,215,184.23759663262567,336,18,1.065732939599033,Annealed,Sand Casting,0
520,5.240901789066439,7846,219,188.75825841851503,337,18,0.6287904479377514,Annealed,Sand Casting,0
521,5.327549361178009,7821,258,196.98447963283115,301,24,0.3126607441087644,Annealed,Sand Casting,0
522,5.573763928865041,7821,242,181.50227749765583,331,24,0.740502629721312,Hardened,Sand Casting,0
523,5.8546685416271025,7843,262,182.4055234183609,319,15,1.4544577648866472,Tempered,Sand Casting,0
524,5.478955899447827,7848,262,183.0079717542364,301,16,0.42646537494885894,Tempered,Continuous Casting,0
525,5.64435088759124,7841,279,180.1156942479261,314,24,0.5626201854692365,Tempered,Continuous Casting,0
526,5.535170440312488,7819,210,186.1660670061115,324,20,0.3105444670579335,Hardened,Continuous Casting,0
527,5.011151914211789,7841,222,186.74413696186681,323,21,1.1367608131124884,Annealed,Continuous Casting,0
528,5.861630073861373,7845,204,196.544246820731,334,19,0.7118667058427819,Hardened,Continuous Casting,1
529,5.912963879809655,7813,227,186.85962251063253,300,23,0.2696584357023507,Annealed,Continuous Casting,1
530,5.531623487790894,7832,237,188.86796620516083,316,24,1.3343998561560835,Hardened,Sand Casting,0
531,5.3293073145756615,7805,253,187.47656289873518,308,21,0.20096937667391918,Annealed,Sand Casting,1
532,5.644811484593937,7835,262,187.6995260765757,333,24,0.3543256648932007,Tempered,Continuous Casting,0
533,5.964664660328553,7828,270,191.26700178525007,332,15,1.2872461524516918,Tempered,Continuous Casting,1
534,5.245318688596467,7833,225,188.42241496306374,330,15,0.687076000973234,Tempered,Sand Casting,0
535,5.411914862721069,7832,202,181.85224807594986,333,18,1.146198910986501,Hardened,Continuous Casting,0
536,5.417962209874968,7811,229,180.75197560405954,325,17,1.1237136708212099,Tempered,Sand Casting,1
537,5.362166744445088,7803,264,184.31271390656644,321,20,0.9588888102277975,Tempered,Continuous Casting,1
538,5.752101267107036,7816,223,189.8563926242004,318,18,0.9649608203916662,Hardened,Sand Casting,0
539,5.31923317923653,7800,245,198.99709792474522,335,16,0.673758530855629,Hardened,Sand Casting,1
540,5.128501494152102,7839,215,189.21119074205478,308,17,1.271520847914698,Hardened,Continuous Casting,0
541,5.238148425053588,7845,256,182.14742870323911,338,17,0.5843475774707911,Hardened,Continuous Casting,0
542,5.452930119842318,7815,239,183.95108550974544,317,24,1.0472247046968601,Annealed,Sand Casting,1
543,5.75275472360554,7812,235,186.26360220543435,334,16,0.592380260414497,Tempered,Sand Casting,0
544,5.6401876119986145,7833,278,183.87397726261983,338,21,1.4215360491365858,Hardened,Sand Casting,0
545,5.578222578666332,7814,259,194.85871084122158,315,19,1.2719924175999298,Hardened,Sand Casting,0
546,5.634154469475408,7830,201,193.4372027741947,317,16,1.0896801886082277,Hardened,Sand Casting,0
547,5.434476940244706,7841,259,184.090542002031,314,18,0.2903536531578391,Tempered,Sand Casting,0
548,5.6353085350328245,7847,213,197.4831616079971,304,18,1.2229153880265884,Annealed,Sand Casting,0
549,5.276095909372853,7819,230,192.3598630019331,327,15,1.0401690523112268,Tempered,Continuous Casting,1
550,5.907414690263384,7833,266,188.65862169364033,319,18,1.364652385097685,Annealed,Sand Casting,0
551,5.933414706734331,7836,267,189.0092856409183,334,16,0.6469289257226621,Hardened,Continuous Casting,0
552,5.141838705546617,7831,203,193.1538024891007,332,24,0.24519407756580136,Tempered,Sand Casting,1
553,5.791968077505343,7847,216,184.2285681578945,308,20,1.2730167460786734,Tempered,Continuous Casting,0
554,5.302584338750308,7843,250,195.34206658180815,324,16,0.7280269694446952,Hardened,Continuous Casting,1
555,5.147636311766861,7819,207,189.07959289501937,310,20,0.2062307652144902,Annealed,Continuous Casting,1
556,5.771582484598005,7834,247,190.26465031621365,302,15,0.49692408330630494,Annealed,Continuous Casting,1
557,5.094216778384024,7803,208,192.09807298271332,335,24,1.1340765049883232,Annealed,Sand Casting,1
558,5.073136943258561,7845,252,195.58303877542915,337,15,1.397709553390167,Annealed,Continuous Casting,1
559,5.659167914592803,7830,230,194.52843147588032,336,21,1.255381614754474,Annealed,Continuous Casting,1
560,5.907734428040377,7834,260,180.93256886687604,327,17,0.3776069959968449,Annealed,Continuous Casting,1
561,5.5602880962108125,7812,214,196.93779130247816,304,20,0.6526735044116456,Hardened,Continuous Casting,0
562,5.470238064901665,7836,227,188.3083295965187,312,17,0.5504763481280446,Hardened,Continuous Casting,0
563,5.976328052552162,7825,238,192.44752243886657,335,16,0.24950021189517219,Annealed,Sand Casting,1
564,5.567864139431841,7825,243,192.16077700089687,307,23,1.295046990642088,Hardened,Sand Casting,0
565,5.302983413102776,7819,213,185.61540630261845,329,19,0.9565902977955767,Annealed,Continuous Casting,0
566,5.93144885668645,7828,276,196.7074027115473,329,18,1.2455341125282697,Tempered,Sand Casting,1
567,5.572004291494934,7839,241,182.18204720129071,326,19,0.4896599476618598,Hardened,Continuous Casting,0
568,5.959834305336475,7819,273,190.72684526170667,322,19,0.6997197895723963,Annealed,Sand Casting,1
569,5.999554499139872,7815,271,199.45000427288633,339,20,0.47099833980695927,Tempered,Sand Casting,1
570,5.163707970147878,7803,228,194.00112789293408,330,18,0.39832707100429277,Annealed,Continuous Casting,1
571,5.5785844856212226,7814,215,183.78268484519663,317,20,0.47387500779301034,Annealed,Continuous Casting,1
572,5.08649241715266,7808,219,185.42905151485294,307,23,0.7223018722743275,Annealed,Continuous Casting,0
573,5.734085265554158,7832,242,184.14938327993121,305,21,1.4905934981394597,Annealed,Sand Casting,0
574,5.902093871620643,7825,273,196.2963345569977,313,16,1.369666971071275,Hardened,Sand Casting,0
575,5.033168260081136,7843,231,187.8634635256239,300,21,1.2568255039306517,Annealed,Sand Casting,0
576,5.920192487861853,7813,256,182.38859842960213,336,22,1.0827373723824276,Annealed,Continuous Casting,0
577,5.860440937674497,7820,243,196.02102730635,339,22,1.4219987506828335,Hardened,Sand Casting,1
578,5.999296513729235,7838,258,191.12082562537358,308,16,1.352013478449727,Tempered,Sand Casting,0
579,5.837225046074141,7826,200,182.04888116764553,325,21,0.4670938159944163,Annealed,Sand Casting,0
580,5.236069574189614,7839,249,186.1035549209996,301,22,0.8609191643663827,Hardened,Continuous Casting,0
581,5.882758579111181,7815,274,196.64187202775938,306,19,0.7047254885185077,Tempered,Continuous Casting,0
582,5.728664706480699,7838,212,184.15591485425549,309,17,0.2478896023551331,Annealed,Continuous Casting,1
583,5.07717835843657,7834,220,185.38286730693164,329,21,1.1394125340471268,Annealed,Continuous Casting,0
584,5.856723323204271,7849,206,194.35103604927352,332,16,0.5940505098876528,Tempered,Continuous Casting,1
585,5.893671824216417,7815,279,195.69087310251746,335,21,0.967244474651747,Annealed,Sand Casting,1
586,5.886939329678209,7836,273,180.04871479965803,310,18,1.0787728750320607,Hardened,Sand Casting,0
587,5.386698151601465,7840,222,193.14256277094887,324,19,0.9705836687433975,Tempered,Sand Casting,1
588,5.981415901859384,7815,249,183.42366249894283,313,17,0.4997787204827187,Hardened,Sand Casting,0
589,5.983224920868768,7829,241,199.0063327583704,314,17,0.6232976493491444,Annealed,Continuous Casting,0
590,5.070252170447671,7845,213,185.8933522790795,323,19,0.9007727596978197,Annealed,Sand Casting,0
591,5.975760189556924,7827,224,180.46541813952263,322,21,1.1851798337163009,Hardened,Sand Casting,0
592,5.321209917735693,7801,250,192.9414349301675,328,18,0.6244690839883452,Annealed,Continuous Casting,1
593,5.529573825294486,7824,212,186.98355077122253,300,20,0.9606064232201732,Tempered,Continuous Casting,0
594,5.510742887037592,7825,245,199.29399003088764,333,22,0.25709843546864075,Hardened,Sand Casting,1
595,5.620142270239343,7810,262,190.21286004870143,311,20,0.21913643914916106,Hardened,Sand Casting,0
596,5.1827316598157935,7831,249,189.99290519143463,317,24,1.4755948250980726,Annealed,Sand Casting,0
597,5.2456186494375,7816,279,198.13507560469418,323,24,1.0656277669968772,Hardened,Continuous Casting,1
598,5.8648806583159185,7837,216,188.31039570346658,327,19,0.6992337345647786,Annealed,Continuous Casting,0
599,5.8443145420708795,7845,222,181.44641300757618,302,16,1.1662765048400072,Tempered,Continuous Casting,0
600,5.5612057761892135,7808,242,191.88347731082854,325,15,0.7100466388544051,Tempered,Sand Casting,1
601,5.034091999248755,7814,252,193.68374080530958,313,19,0.3613059001330504,Annealed,Continuous Casting,1
602,5.29643166616578,7843,248,181.63447327966045,316,23,1.2897602413173295,Annealed,Continuous Casting,0
603,5.673803091516649,7845,225,199.42685543111867,338,24,1.064970847195706,Annealed,Sand Casting,1
604,5.934608603640779,7840,237,191.2123863906211,333,21,0.34292900378441965,Hardened,Continuous Casting,1
605,5.198526206103676,7822,277,186.87321221881743,333,18,1.0566637178986125,Tempered,Continuous Casting,0
606,5.923835102493221,7815,238,195.8753860528451,329,21,0.7312164151791369,Tempered,Continuous Casting,1
607,5.909019169220945,7847,220,185.64185544019418,307,19,0.4240741011308319,Annealed,Continuous Casting,1
608,5.572286313269354,7845,204,186.21209339535102,316,15,0.29350342612598435,Annealed,Sand Casting,0
609,5.113125660260208,7823,209,192.75381853989953,320,15,0.7853166068653845,Annealed,Sand Casting,1
610,5.30564661235389,7801,270,196.31522799530268,320,22,0.8145043907345355,Annealed,Continuous Casting,1
611,5.263413331299685,7817,251,193.77710059936084,325,21,1.0425124839777231,Annealed,Sand Casting,1
612,5.960375679819303,7848,239,197.31302377103336,313,19,1.4938463741980732,Hardened,Sand Casting,0
613,5.6075000661115615,7815,203,194.4995181383211,301,24,0.5658042785353257,Tempered,Sand Casting,0
614,5.9497177027534915,7810,255,180.98356588008002,332,24,0.332829177885715,Annealed,Continuous Casting,1
615,5.7466415467750664,7842,243,186.53810087212827,333,16,0.26826760349096884,Hardened,Sand Casting,0
616,5.360126140278001,7825,277,199.27637966605943,315,20,0.3992924922269079,Tempered,Sand Casting,0
617,5.965903137081808,7816,263,185.42265874299764,317,15,0.937327336687988,Hardened,Sand Casting,0
618,5.119204447436192,7823,212,180.17202495449703,311,16,0.7969354307237668,Annealed,Continuous Casting,0
619,5.32402766732046,7812,268,183.92508593556857,337,19,0.7167647801186894,Annealed,Sand Casting,1
620,5.734565846486047,7841,217,183.5246478374105,326,24,0.6411952579311055,Hardened,Sand Casting,0
621,5.111844631955079,7811,260,185.800616898472,332,23,0.3262559260119757,Annealed,Sand Casting,1
622,5.851602582034948,7821,255,180.04202625355137,330,20,1.332372183020906,Annealed,Continuous Casting,0
623,5.037074406640852,7805,247,195.43015975946952,301,24,0.6017114930951253,Tempered,Continuous Casting,1
624,5.48530738016884,7843,214,185.33115183922328,319,23,0.21374853138665456,Tempered,Continuous Casting,0
625,5.547491162673928,7820,264,199.04598237816845,315,17,0.577874823629704,Tempered,Continuous Casting,0
626,5.382374310800438,7847,253,190.43647285184565,315,24,0.5835440780419022,Hardened,Sand Casting,0
627,5.647489642931836,7809,267,183.8731280137502,338,20,0.5337776893507912,Annealed,Sand Casting,0
628,5.909733700283144,7815,233,187.11613211493724,303,21,0.8923136926479238,Annealed,Continuous Casting,0
629,5.349240575011378,7807,250,185.03190314067427,302,15,0.2934050305810555,Annealed,Continuous Casting,1
630,5.843770560378747,7841,277,193.87025127665976,303,22,0.3729742887989192,Hardened,Continuous Casting,0
631,5.446306316295896,7829,213,183.82115888637483,327,21,1.2738381914573047,Hardened,Sand Casting,0
632,5.105627582786784,7806,232,182.85308995071776,319,22,0.9020637887104823,Hardened,Sand Casting,1
633,5.789809529395933,7840,224,196.83079810111155,309,15,0.7734659890759785,Annealed,Sand Casting,0
634,5.515025467119832,7844,216,180.3910969493208,307,17,0.9711139992346216,Hardened,Sand Casting,0
635,5.783221814210552,7822,235,189.85269629216637,325,16,0.620822095732166,Tempered,Continuous Casting,0
636,5.2666097808454895,7817,201,196.57754389471566,318,22,1.3091063089141315,Annealed,Continuous Casting,0
637,5.680859003266906,7826,215,185.41102076356023,329,24,1.0627950686751362,Annealed,Sand Casting,0
638,5.8236707065442985,7801,252,199.42034009557418,311,17,1.228339659968881,Annealed,Sand Casting,0
639,5.694106442885013,7806,273,199.6511319666468,337,17,0.4646560814717445,Hardened,Continuous Casting,1
640,5.584734376978449,7819,205,190.84386992995016,320,17,1.359486802037269,Hardened,Continuous Casting,1
641,5.037407080372686,7838,205,193.66835864891559,332,23,1.0963968051473125,Tempered,Sand Casting,1
642,5.799318117279729,7816,239,190.14794073080554,314,19,0.7723001438170762,Annealed,Continuous Casting,0
643,5.933655559358001,7819,240,196.08001504840325,313,15,0.6557211330916861,Tempered,Sand Casting,0
644,5.6367192294608985,7824,249,188.1140767059314,306,16,0.9301241732637928,Hardened,Continuous Casting,0
645,5.031892258367032,7805,269,188.41028926835688,324,24,0.31874655354412346,Tempered,Sand Casting,1
646,5.6758074353945105,7812,257,185.04242581429293,311,18,0.5952091686936236,Tempered,Sand Casting,0
647,5.903045809182042,7804,241,190.40148317589438,322,23,1.0785549090737934,Tempered,Continuous Casting,1
648,5.16862049030779,7820,264,187.63794045424532,335,20,0.951057630254498,Annealed,Continuous Casting,1
649,5.219247210711171,7823,275,192.07085710758912,337,21,1.3309606018338447,Annealed,Sand Casting,1
650,5.212940301133646,7814,244,195.56282276977262,317,17,1.1947265260184987,Annealed,Sand Casting,1
651,5.069726687147445,7828,221,194.69087536997617,310,20,0.6790870098587025,Hardened,Continuous Casting,0
652,5.193270771199915,7845,232,192.34745853665308,304,24,0.586631125031893,Tempered,Continuous Casting,0
653,5.671759051082443,7804,215,195.39451308873063,324,19,1.2485760574329905,Hardened,Continuous Casting,1
654,5.476547691240857,7821,247,185.95172829167876,331,17,1.3168057037175365,Hardened,Continuous Casting,0
655,5.633950132868373,7803,213,193.87878210987182,306,19,0.6862073902051669,Annealed,Sand Casting,0
656,5.846077279842627,7845,234,199.35739643751722,307,17,1.0113744496238313,Tempered,Continuous Casting,0
657,5.349767986565552,7821,212,190.56549371729136,328,18,1.310284078034279,Tempered,Continuous Casting,1
658,5.590483255396319,7809,252,188.39654386466225,312,23,0.9237723086033194,Annealed,Sand Casting,0
659,5.827179405860367,7825,223,192.4891247775514,326,15,1.2012728923485299,Hardened,Sand Casting,1
660,5.7630989057177295,7843,206,194.38120999906351,310,15,1.0502042053552878,Annealed,Continuous Casting,0
661,5.326828490242333,7815,250,189.3690232001942,309,15,0.23768765333969127,Annealed,Continuous Casting,1
662,5.207403578065888,7809,220,190.69823715605048,327,16,1.1608301470150701,Annealed,Sand Casting,1
663,5.164730003116409,7839,276,187.7234108052713,337,20,0.30345318693346485,Annealed,Sand Casting,0
664,5.523642853482698,7803,222,192.89213159647394,327,17,1.103806796986158,Tempered,Continuous Casting,1
665,5.435967983662736,7830,246,194.3254671039238,319,22,1.1592479173526313,Annealed,Continuous Casting,0
666,5.1737293174933745,7845,277,186.60518560920852,320,15,0.23538536726838105,Annealed,Continuous Casting,1
667,5.760553635473315,7815,251,181.9860793769923,317,21,0.5329715980768359,Tempered,Sand Casting,0
668,5.044917648697354,7812,252,196.4353827495647,315,19,1.1936001263022127,Hardened,Continuous Casting,1
669,5.508675454858006,7813,253,187.07457036864182,304,20,0.36711391902872614,Annealed,Sand Casting,0
670,5.483830790156014,7826,261,188.92899077289889,300,23,0.6165616139490719,Annealed,Continuous Casting,0
671,5.783498419057131,7820,278,194.92769792818723,313,20,0.23808564722909425,Tempered,Sand Casting,0
672,5.497420684891164,7821,207,182.0661841581548,307,20,0.6939687731057413,Annealed,Continuous Casting,0
673,5.738796818700354,7809,272,188.85498101839295,304,23,0.947888938542641,Annealed,Continuous Casting,0
674,5.087426569194503,7821,219,190.8190583840934,318,18,0.38316907284732105,Hardened,Sand Casting,0
675,5.859710907046734,7843,241,185.37459912369536,330,20,0.7956189853377871,Hardened,Continuous Casting,0
676,5.780866911729133,7814,217,197.77511553726328,302,24,1.3060483115994344,Hardened,Continuous Casting,0
677,5.759156172868491,7826,211,186.8464581758493,317,15,1.2367823420024033,Hardened,Continuous Casting,0
678,5.904815404389156,7820,263,194.65793335306833,300,18,1.0633340955264337,Annealed,Continuous Casting,0
679,5.895127278204207,7813,235,180.95049721451747,329,23,1.017944205345585,Hardened,Sand Casting,0
680,5.097021535333946,7838,213,199.51218086343596,324,16,0.36226389345760146,Tempered,Sand Casting,1
681,5.434814858192747,7808,250,188.69258546943476,318,17,0.42287543022880125,Hardened,Sand Casting,1
682,5.111606941382147,7806,234,180.81597187440565,331,21,1.2600234219641862,Tempered,Sand Casting,1
683,5.896761285006712,7817,206,188.3824140726425,302,23,0.9332471686571646,Tempered,Continuous Casting,0
684,5.177560094675889,7844,231,193.32175228094405,318,15,0.3563654351085932,Annealed,Sand Casting,0
685,5.112774062507066,7833,219,180.70048329614013,322,22,0.7094354211720437,Hardened,Continuous Casting,0
686,5.661550269448213,7845,246,196.6774693261572,301,24,1.305660653165742,Hardened,Continuous Casting,0
687,5.18175558150529,7804,273,199.76309257165812,336,16,0.5681724844175257,Tempered,Sand Casting,1
688,5.93593023925343,7816,249,196.65378221930143,309,16,0.4095346438274945,Hardened,Sand Casting,0
689,5.013315980182725,7812,210,199.30952674943111,330,22,0.6256418977254355,Hardened,Sand Casting,1
690,5.573849056464165,7809,226,195.82850067336534,315,23,1.280505226517663,Hardened,Sand Casting,0
691,5.265640565244086,7817,266,182.3968789551353,322,18,0.5667418738297911,Tempered,Sand Casting,1
692,5.035665140306997,7807,227,185.0936452091538,337,19,0.8426055902903788,Annealed,Continuous Casting,1
693,5.317948685851415,7844,219,187.41059020457104,336,17,1.038621014858239,Annealed,Continuous Casting,0
694,5.412303863345821,7815,202,196.4488980752186,307,21,0.2944959175009635,Tempered,Continuous Casting,0
695,5.248395381800135,7801,227,184.22249522536495,310,15,0.6992319213082501,Hardened,Continuous Casting,1
696,5.7366331087461,7832,240,196.42455319882956,336,20,1.4217995622417816,Hardened,Sand Casting,1
697,5.268971518438845,7846,268,196.96277967675357,325,16,1.4570643325195993,Annealed,Sand Casting,1
698,5.357826688814245,7813,269,188.55872902341838,322,18,0.6576618522283737,Tempered,Sand Casting,1
699,5.547967222524269,7836,265,198.36496689690338,309,22,0.8746622393682904,Annealed,Sand Casting,0
700,5.622165170936253,7845,205,187.73157855217207,301,24,0.39054210723213045,Hardened,Sand Casting,0
701,5.266781499680179,7806,221,192.9393871908851,339,16,0.4125667667534546,Annealed,Continuous Casting,1
702,5.550038956793176,7838,272,188.32064368849447,304,20,1.1942008774224309,Hardened,Continuous Casting,0
703,5.747606444073801,7838,241,191.96801948468453,326,20,1.1013834148397825,Tempered,Sand Casting,1
704,5.674192793280791,7813,255,199.99602886399038,325,17,0.9720675688965497,Annealed,Continuous Casting,1
705,5.40463413208843,7807,249,193.393626350682,322,19,0.5245457220862783,Annealed,Continuous Casting,1
706,5.106844749831314,7805,244,192.10523359897823,337,17,1.1184539782568996,Hardened,Continuous Casting,1
707,5.841622173601618,7811,211,191.20797168427745,331,23,0.33205680448958086,Annealed,Continuous Casting,1
708,5.037121804779891,7811,259,197.49463338932154,324,15,1.3580712944898028,Annealed,Sand Casting,1
709,5.036399563206157,7805,251,197.11681021520528,330,15,0.8971560155030422,Tempered,Continuous Casting,1
710,5.322942947771858,7824,220,190.5058839085288,307,16,1.129964425238621,Hardened,Continuous Casting,0
711,5.979128737170029,7846,260,191.35276796881493,304,24,0.5595770965163261,Annealed,Sand Casting,0
712,5.882132994759932,7840,237,192.94503076664816,321,16,1.2733008833074602,Annealed,Sand Casting,1
713,5.009662488139223,7841,234,197.0370395752443,320,19,1.1854946409935123,Annealed,Continuous Casting,1
714,5.996545535348998,7842,250,180.3884337084741,320,24,1.2008313888688846,Tempered,Sand Casting,0
715,5.199335916034001,7817,222,197.36834391669103,337,15,0.2702306929614239,Tempered,Sand Casting,1
716,5.548012999948429,7826,231,189.1998951233921,334,24,1.0238149685771953,Annealed,Continuous Casting,0
717,5.535366152390984,7823,221,197.03810059849835,301,15,0.887276130928742,Hardened,Continuous Casting,0
718,5.430044471645107,7839,246,189.79127050610504,320,24,0.714368224639377,Tempered,Sand Casting,0
719,5.433609061187318,7802,255,193.27100796009339,319,15,1.446285698486564,Tempered,Sand Casting,1
720,5.382467616919955,7804,226,195.68872452249775,324,17,0.8155568057221461,Tempered,Continuous Casting,1
721,5.9571199959649626,7826,236,184.27995764854714,330,18,1.3812769986927746,Hardened,Sand Casting,0
722,5.429930607992901,7818,214,196.6240631768637,307,24,0.8459485546810455,Annealed,Sand Casting,0
723,5.390214020289136,7825,244,185.2525093730272,302,19,0.37131688743666846,Tempered,Continuous Casting,0
724,5.72509104799351,7842,214,190.3975366231605,310,15,0.6281649692803644,Annealed,Sand Casting,0
725,5.5349168508125555,7845,208,197.68284569909218,314,19,1.4125832028309413,Tempered,Sand Casting,0
726,5.042098135598786,7815,238,183.79318990292734,336,21,0.4430658880130218,Tempered,Continuous Casting,1
727,5.632754657251842,7816,241,182.7226167049831,325,24,0.38704742308646145,Annealed,Continuous Casting,1
728,5.432050393739794,7816,219,198.463682153347,317,20,1.1927114890451735,Hardened,Sand Casting,0
729,5.356712341239642,7806,203,186.7205434740964,304,24,1.1604396541730095,Tempered,Sand Casting,0
730,5.8962865682444825,7847,222,181.00844707994995,325,24,1.477138478660445,Tempered,Sand Casting,0
731,5.582616658460373,7823,219,195.14544147608177,327,18,1.3258189746562656,Hardened,Continuous Casting,1
732,5.9672928531134595,7837,210,193.06561538408855,309,24,1.1049960108353005,Annealed,Continuous Casting,0
733,5.325685446456072,7821,233,193.08109140350405,332,24,0.5506755022409475,Hardened,Sand Casting,1
734,5.975474349813704,7829,231,192.9900997238485,308,24,0.8008155793434613,Annealed,Sand Casting,0
735,5.8687341426533886,7849,201,183.19940351098222,301,20,1.1212179526253658,Tempered,Sand Casting,0
736,5.779964919232778,7811,257,190.98612840636736,329,18,0.867714251894625,Tempered,Continuous Casting,1
737,5.463299979928863,7800,263,197.12622893725705,300,18,0.4843160450437801,Annealed,Continuous Casting,1
738,5.7834779939517755,7849,209,182.52765135921035,311,20,0.9913282304551112,Annealed,Continuous Casting,0
739,5.389615770371687,7812,213,184.63440594080785,316,24,0.24522967310514024,Annealed,Continuous Casting,1
740,5.719986222676395,7847,223,181.19382098669828,318,22,0.6644480090033584,Hardened,Sand Casting,0
741,5.10420351125933,7807,275,189.1663457957612,326,21,0.6734175051884104,Annealed,Sand Casting,1
742,5.328851451196827,7838,230,185.6437294106487,328,24,0.3767795692419469,Tempered,Continuous Casting,0
743,5.124370003035975,7846,200,185.30663226477012,319,24,0.5812186417632452,Tempered,Sand Casting,0
744,5.984419170169234,7848,240,190.57700913941778,322,16,1.2168870301354906,Tempered,Sand Casting,1
745,5.12309327630502,7831,252,180.11898149107358,336,24,1.2229890180198644,Annealed,Continuous Casting,0
746,5.479101346257818,7849,267,186.2258855942021,307,17,1.0423531996526656,Hardened,Sand Casting,0
747,5.179144136711382,7811,271,185.31905018631872,307,24,0.4513213042537407,Annealed,Continuous Casting,1
748,5.155766813245528,7842,229,187.87487656927976,334,19,0.5147052672332938,Annealed,Continuous Casting,0
749,5.162433837124994,7837,267,185.5461513772372,339,19,0.2746484905115245,Annealed,Sand Casting,0
750,5.010320182908147,7814,263,180.34474747761644,338,15,0.835287333462545,Tempered,Continuous Casting,1
751,5.370505013541654,7813,248,182.18428789601674,335,21,1.4466094227681097,Annealed,Sand Casting,1
752,5.851894391741801,7842,249,189.20922851582145,320,24,1.1016237348997089,Annealed,Continuous Casting,0
753,5.871297158006002,7830,245,199.84406836335236,311,22,0.9481980165255266,Annealed,Continuous Casting,0
754,5.679046639072495,7808,264,198.32888077213397,327,22,1.3645351736449405,Hardened,Sand Casting,1
755,5.933256899140185,7836,270,182.29636567093175,303,19,1.3532489026246397,Hardened,Sand Casting,0
756,5.040064379504402,7804,258,183.81559398660067,337,16,1.2377639245652978,Tempered,Sand Casting,1
757,5.7342845809551,7822,231,187.7521354840167,336,17,0.6354923127745328,Annealed,Continuous Casting,0
758,5.1684826153005705,7846,206,185.0314070481198,327,18,1.1569576140971238,Hardened,Sand Casting,0
759,5.663485351135989,7818,211,199.02699363038158,309,21,0.7430047077855213,Hardened,Sand Casting,0
760,5.060039499328074,7815,257,197.73369760844975,337,17,0.9344159642694829,Annealed,Continuous Casting,1
761,5.725460154880876,7846,246,195.00059390107293,323,20,0.8483043118289668,Annealed,Sand Casting,1
762,5.974313330687254,7849,226,196.12298823389338,330,20,0.8027273977923686,Tempered,Continuous Casting,1
763,5.072268204271813,7819,213,190.5566126470269,312,24,1.334262263915411,Tempered,Continuous Casting,0
764,5.597699918901519,7801,238,183.2802995758815,311,18,1.2875636127025616,Tempered,Continuous Casting,0
765,5.95093514197219,7814,223,193.9800382663708,332,22,1.4670651509168369,Annealed,Sand Casting,1
766,5.466854335207748,7830,214,196.80666792332647,325,16,1.1968019625018593,Tempered,Sand Casting,1
767,5.549908107158512,7846,234,197.50558963624817,323,20,0.6509723907655418,Hardened,Sand Casting,1
768,5.060808669891545,7806,265,187.9799063425528,307,22,1.4947347486638638,Annealed,Continuous Casting,1
769,5.17643372930153,7832,202,190.93157455077352,324,23,1.2234561359209566,Tempered,Sand Casting,1
770,5.3323773436038895,7849,241,198.70004953861562,333,22,1.0911060756001143,Annealed,Continuous Casting,1
771,5.085682787813974,7803,264,193.67584518072394,310,23,0.5809186469048151,Annealed,Continuous Casting,1
772,5.332636212969575,7835,271,197.62468724016026,321,19,0.9338376823813757,Annealed,Continuous Casting,1
773,5.180775028763861,7817,267,187.40024079274417,308,16,0.6968898950951271,Annealed,Sand Casting,1
774,5.963698431118488,7845,261,189.628336054898,326,18,0.9289369752487318,Hardened,Continuous Casting,0
775,5.347079050194751,7848,248,182.2225017565997,310,22,0.6195374517699226,Annealed,Sand Casting,0
776,5.480539532703723,7820,273,196.4400441083577,324,17,1.0589053421904508,Hardened,Continuous Casting,1
777,5.421498051958388,7827,248,194.19736568368367,337,21,0.5048784794195431,Tempered,Continuous Casting,1
778,5.383183509424784,7811,265,194.7818894891449,326,23,0.34206857107556876,Annealed,Sand Casting,1
779,5.017922286173662,7838,217,197.917097218681,303,15,1.12149933756136,Tempered,Sand Casting,0
780,5.902397582783277,7820,268,182.18745510878733,338,23,0.978648211954263,Hardened,Continuous Casting,0
781,5.113129881859634,7829,241,182.17451808648602,304,23,1.0864656848983887,Annealed,Continuous Casting,0
782,5.002275480872869,7809,249,187.84112329642045,337,21,0.8840866622236094,Hardened,Continuous Casting,1
783,5.378101143704347,7828,227,197.52951994676962,310,21,0.2502336400890076,Tempered,Continuous Casting,0
784,5.394305532045972,7848,204,190.02107116134243,326,20,1.322563475337741,Hardened,Sand Casting,1
785,5.032454538284875,7845,210,190.13458210013053,318,20,0.7075277480069118,Tempered,Continuous Casting,0
786,5.88080024981285,7803,226,198.10212298497504,303,23,0.9869235569761552,Annealed,Continuous Casting,0
787,5.600021938926979,7829,237,186.69550719420653,324,19,0.79840644446962,Tempered,Continuous Casting,0
788,5.903444976653152,7815,241,194.4980482513176,338,22,0.9036588192995296,Annealed,Continuous Casting,1
789,5.419721560820337,7844,221,191.75278426011596,327,15,0.4310902189956232,Annealed,Continuous Casting,1
790,5.84504468015079,7809,249,195.8221285086711,310,16,0.4229464079480503,Tempered,Continuous Casting,0
791,5.943997158019518,7848,232,184.2988412576062,304,22,0.8388651042617876,Tempered,Continuous Casting,0
792,5.125948525261313,7837,258,186.0023399799148,324,23,0.6294124542111397,Annealed,Continuous Casting,0
793,5.129645699595028,7811,230,186.8591835681562,316,22,0.8763256205150616,Hardened,Continuous Casting,1
794,5.49253215525847,7819,227,198.36784634512316,335,23,1.2937273700299181,Hardened,Sand Casting,1
795,5.844042384479939,7806,254,186.32959295635584,302,21,0.7048287041557466,Hardened,Sand Casting,0
796,5.46384432814507,7808,277,184.33309095658842,329,20,1.312140477235402,Annealed,Sand Casting,1
797,5.911840818240733,7827,273,199.15412798342,332,16,0.5965476308698124,Tempered,Sand Casting,1
798,5.216458010377548,7815,232,189.8233665496547,316,16,1.4460322523326465,Annealed,Continuous Casting,1
799,5.955518900882632,7845,237,189.83668952643126,319,20,0.9593381323670156,Tempered,Continuous Casting,0
800,5.484308914240305,7809,208,190.4366713151231,329,19,0.8846359226193568,Hardened,Continuous Casting,1
801,5.869630753784422,7824,238,191.05687651396033,335,23,1.3056688315390845,Annealed,Continuous Casting,1
802,5.747985987789646,7818,213,189.77784090789208,339,21,0.3613218098609706,Annealed,Sand Casting,0
803,5.222267479782442,7831,266,181.711406628255,304,15,0.41019987055623797,Hardened,Sand Casting,0
804,5.042088935649764,7828,220,188.09484502222142,318,18,0.8309521540390432,Annealed,Sand Casting,0
805,5.028483913680727,7848,249,185.0876689966577,306,23,0.9461453192573932,Tempered,Sand Casting,0
806,5.717872248252247,7818,232,198.92330557123537,317,16,1.0045933108023233,Tempered,Sand Casting,0
807,5.0902555402146366,7803,224,197.66617530695015,309,20,0.7803875483869849,Hardened,Sand Casting,1
808,5.051196096371781,7804,242,181.78090266342124,334,20,1.0231652927075363,Tempered,Sand Casting,1
809,5.1972889523939845,7848,209,196.60880475440575,334,21,0.8478312782964268,Annealed,Sand Casting,1
810,5.1703880600572765,7848,258,190.42943192073002,319,23,0.39556206484388323,Annealed,Continuous Casting,1
811,5.313230936770576,7819,201,193.1241147455247,335,23,0.5971607780805781,Tempered,Sand Casting,1
812,5.758016443098659,7802,201,186.20878099394665,309,22,0.8254330477639586,Hardened,Continuous Casting,0
813,5.094645930225308,7800,230,194.69203783189113,316,23,0.662008031797898,Hardened,Sand Casting,1
814,5.68416283833839,7803,244,190.9793028952688,318,18,0.6965430746665024,Annealed,Continuous Casting,0
815,5.398358747232773,7806,238,191.95210116168045,310,19,1.1637225214281053,Tempered,Sand Casting,1
816,5.501054860922048,7823,258,187.4076913678902,306,19,0.5174282798812043,Tempered,Continuous Casting,0
817,5.355583532452595,7804,201,187.55211418774735,321,20,0.5814408945808578,Hardened,Sand Casting,0
818,5.636050638925923,7840,226,181.93448111659785,326,18,0.23402352485836875,Hardened,Sand Casting,0
819,5.60892573205655,7817,245,187.9595747173267,337,18,1.3253196875515216,Hardened,Continuous Casting,0
820,5.901837227770749,7849,257,189.5436433636371,323,18,0.8851548812275405,Annealed,Sand Casting,0
821,5.796718105521593,7800,203,198.8876371572431,325,22,0.8689608561009499,Hardened,Sand Casting,1
822,5.07133502158725,7813,252,193.7392100958428,334,23,1.4423287871335513,Hardened,Sand Casting,1
823,5.73761762487577,7827,269,194.6618070568433,315,20,1.0222970567266954,Annealed,Sand Casting,0
824,5.37382742845845,7805,238,196.85738159939453,334,16,1.1911766049770687,Hardened,Continuous Casting,1
825,5.604917941039832,7802,241,183.95646604712056,303,19,1.1066688823776507,Tempered,Sand Casting,0
826,5.02794604242283,7828,230,198.5620466447289,322,17,1.0966603310446261,Hardened,Sand Casting,1
827,5.351951286566263,7834,217,188.98219312037,303,17,1.3536761421773056,Tempered,Sand Casting,0
828,5.935916115698401,7840,258,190.32333130719726,320,24,1.1672239475138173,Hardened,Sand Casting,1
829,5.511550274421008,7847,248,191.83923166888914,322,16,0.8854366500300872,Hardened,Sand Casting,1
830,5.091511543438294,7830,223,183.28858443558303,315,15,0.2823182570558425,Annealed,Sand Casting,0
831,5.916038205765122,7839,265,199.62750199409322,301,15,0.6340547731437715,Hardened,Sand Casting,0
832,5.384730556297077,7848,241,180.83744356701766,324,22,0.5580489143388335,Hardened,Sand Casting,0
833,5.375951547186581,7803,205,184.50087720088985,300,16,1.4938786546454461,Annealed,Continuous Casting,0
834,5.148044129629959,7830,253,188.57721781946265,308,22,1.2415017232743621,Tempered,Sand Casting,0
835,5.605463674385724,7829,251,182.12551821354953,316,23,0.9569367431643983,Hardened,Continuous Casting,0
836,5.809447381755406,7800,258,189.52552411081734,336,21,0.9978654343038376,Hardened,Sand Casting,0
837,5.936965446023117,7841,254,194.45705289095923,330,23,0.6135331130785389,Tempered,Continuous Casting,1
838,5.943016897058997,7847,268,197.82116932401811,304,18,0.6818643701696347,Annealed,Continuous Casting,0
839,5.7828352255314535,7812,237,187.75473869381437,308,22,0.21974021676382,Annealed,Sand Casting,0
840,5.546538694419044,7828,201,186.82233362020676,337,24,0.45422114797657587,Tempered,Continuous Casting,0
841,5.099221048777725,7805,200,191.05608742652697,310,24,0.8423775518182177,Hardened,Continuous Casting,0
842,5.290314142440716,7812,253,196.93779885934316,321,20,0.2633438638607542,Hardened,Sand Casting,1
843,5.394971341266899,7846,264,186.63568029856762,305,15,0.9658905642061215,Annealed,Continuous Casting,0
844,5.664462327940598,7828,209,190.5391606610662,301,24,1.1483922873907573,Annealed,Continuous Casting,0
845,5.277383926587225,7822,214,197.04431662144685,323,21,1.074813548129092,Annealed,Continuous Casting,1
846,5.993709830376199,7832,211,191.47936553221314,317,19,1.3978254395069682,Hardened,Sand Casting,0
847,5.035382321090263,7808,263,180.52483270976597,339,24,1.433293731621702,Hardened,Sand Casting,1
848,5.502887236111404,7825,273,197.2556817130125,321,21,0.7106164957814325,Tempered,Sand Casting,1
849,5.7267162646758925,7806,211,183.72883883260354,320,21,1.4273376976677854,Tempered,Continuous Casting,0
850,5.082727460251055,7845,217,199.77070054424294,335,21,1.28043329260105,Tempered,Continuous Casting,1
851,5.930557375617907,7836,259,191.1406875079127,311,22,0.520155850303999,Tempered,Sand Casting,0
852,5.302112981070359,7836,269,195.0668352915459,306,24,0.5397840939819396,Hardened,Continuous Casting,0
853,5.34036344144598,7843,234,195.13479534693846,317,19,1.2682317078123322,Annealed,Continuous Casting,0
854,5.770890059689409,7808,230,187.00515209619152,335,19,1.365396179712601,Hardened,Sand Casting,0
855,5.116755219838932,7847,276,184.7148335540876,332,15,0.7715581388419159,Tempered,Sand Casting,0
856,5.36507844356111,7804,259,188.63421088349975,331,24,1.2232360215212486,Hardened,Sand Casting,1
857,5.107280580947868,7806,221,189.94743924957714,317,19,0.7927978151525703,Tempered,Sand Casting,1
858,5.124899241318957,7821,262,189.79514414217903,308,19,0.5608181337299598,Tempered,Continuous Casting,0
859,5.5300990797562095,7821,278,192.55176103949015,321,19,0.9994872330621947,Tempered,Continuous Casting,1
860,5.4547403726706065,7821,235,197.40195781859825,311,16,1.4104327532780199,Tempered,Sand Casting,0
861,5.7841293377009055,7807,270,191.60489853233295,309,23,1.1563141946180935,Tempered,Sand Casting,0
862,5.755367661880562,7802,235,186.79874843580222,324,19,1.0355538195978202,Annealed,Sand Casting,0
863,5.754028454760376,7828,231,180.11190726934933,306,24,0.20870197712398622,Hardened,Sand Casting,0
864,5.9363258756788895,7844,234,195.82641731949465,333,17,1.2029553883282822,Tempered,Continuous Casting,1
865,5.578715701238427,7834,248,185.82325621914134,315,21,0.29403684242567174,Annealed,Continuous Casting,1
866,5.518270737336304,7832,250,186.01593219494256,307,20,0.578630784114014,Hardened,Continuous Casting,0
867,5.0413585544918575,7800,230,184.38220161971773,330,18,1.0316891467965015,Annealed,Continuous Casting,1
868,5.5551432277581005,7806,238,198.32371188534248,307,15,0.6766569186790465,Hardened,Sand Casting,0
869,5.948048510454456,7808,222,193.41606199929444,339,24,0.2479235961848993,Hardened,Continuous Casting,1
870,5.3343948509834345,7848,217,190.75442258927777,320,15,0.6773964842356712,Hardened,Sand Casting,1
871,5.453221214905044,7833,205,196.54812607336788,332,22,1.40736181821699,Tempered,Continuous Casting,1
872,5.392289968339675,7820,241,198.18460396870503,333,19,1.062333554427897,Annealed,Continuous Casting,1
873,5.251569010932622,7814,229,191.7552373744805,323,23,0.8196506802770043,Annealed,Continuous Casting,1
874,5.230585601559666,7838,252,199.3744782718787,320,20,1.1243417254112569,Hardened,Sand Casting,1
875,5.165533567200799,7830,240,189.45636271143624,319,17,1.0604137635709172,Annealed,Continuous Casting,0
876,5.578094787563211,7811,267,193.61961186569715,307,22,1.2196572623041992,Annealed,Continuous Casting,0
877,5.63768089235806,7820,271,189.61275156382374,316,19,0.7166459408854664,Hardened,Continuous Casting,0
878,5.501079863627329,7840,275,185.38683835145181,339,24,0.9584189522617403,Tempered,Sand Casting,0
879,5.516128991196991,7827,205,182.98536215444818,317,16,0.7005617665285435,Tempered,Continuous Casting,0
880,5.128011947057474,7807,273,186.9834197435346,305,16,0.7904135070771392,Hardened,Continuous Casting,1
881,5.487133732581786,7804,248,187.1163374389276,328,19,0.5607243554391932,Annealed,Sand Casting,1
882,5.14879129709375,7838,207,186.92421999077206,330,18,0.6759603082253257,Tempered,Sand Casting,0
883,5.286652134688361,7810,270,199.76181244802717,307,21,0.78761901460632,Tempered,Continuous Casting,1
884,5.812519247344582,7835,264,185.0108886590629,311,19,0.8675538142092023,Hardened,Continuous Casting,0
885,5.306963244523973,7844,276,190.3201638807825,321,21,0.6362485067927293,Annealed,Continuous Casting,1
886,5.043301810045458,7841,212,186.08577649638232,335,18,1.444224335368204,Annealed,Sand Casting,0
887,5.175185798644198,7847,250,192.8304696572324,303,16,0.49021603292273075,Tempered,Continuous Casting,0
888,5.082361011163365,7800,265,192.14308104359228,313,19,1.1139952221056457,Annealed,Continuous Casting,1
889,5.6356514661159105,7843,230,199.27250558373856,338,20,1.4372313820527236,Hardened,Continuous Casting,1
890,5.072932927881827,7810,268,190.59888072121166,333,23,1.2357977955111306,Annealed,Continuous Casting,1
891,5.284010465853077,7820,226,180.60119737036928,332,16,0.4847391978199184,Tempered,Continuous Casting,1
892,5.783327080818242,7834,223,182.07664488454833,307,17,0.44892434708978296,Annealed,Continuous Casting,1
893,5.404383141068566,7840,246,193.21184357068975,318,15,1.28528431148226,Tempered,Sand Casting,0
894,5.285248273939888,7814,235,192.16184001714157,306,21,0.6815707737334455,Tempered,Continuous Casting,1
895,5.06219482703763,7816,229,183.54202801409042,318,16,1.4408338409442942,Tempered,Sand Casting,1
896,5.980529433322542,7838,269,180.7641235728522,321,23,1.4021449681535512,Annealed,Continuous Casting,0
897,5.948129422598297,7831,246,185.18922583465363,323,24,1.483653795109755,Hardened,Continuous Casting,0
898,5.979052048387235,7821,214,197.52569109764414,307,20,0.9835215107796669,Tempered,Sand Casting,0
899,5.996940231968775,7803,270,192.1406520561471,336,18,1.3956055747787652,Tempered,Continuous Casting,1
900,5.93457186322374,7805,279,191.91884182242939,338,23,0.6920657062646809,Annealed,Continuous Casting,1
901,5.554712033302328,7825,269,183.73642541921444,316,17,0.26414016191125944,Hardened,Continuous Casting,0
902,5.123474704556193,7823,249,195.01814625590663,321,21,1.282711148567193,Tempered,Sand Casting,1
903,5.799388161252666,7813,201,182.98635265647067,310,22,0.8900214306155951,Annealed,Sand Casting,0
904,5.346441928246618,7835,213,195.4083537039141,312,20,0.2318305332014048,Hardened,Sand Casting,0
905,5.260733709586639,7839,211,195.3044384891768,331,15,0.49548997081870244,Hardened,Continuous Casting,1
906,5.584429779437327,7843,229,181.19774977492804,327,22,0.5634249054263065,Annealed,Continuous Casting,0
907,5.267703917876687,7833,226,197.60302552791245,314,22,0.8583126130250891,Annealed,Sand Casting,0
908,5.009064610572492,7846,227,195.09008699548914,327,19,1.0737024955436543,Tempered,Continuous Casting,1
909,5.616511692955102,7830,226,190.23173248166532,329,18,0.7522133961429263,Tempered,Sand Casting,1
910,5.828885156860971,7806,237,188.19897762585532,339,16,0.6132586675580989,Annealed,Sand Casting,0
911,5.9844777070810835,7825,225,193.83926182958538,327,21,1.462097075808172,Tempered,Sand Casting,1
912,5.012520341347471,7807,210,187.1266122143896,304,21,0.6649257751547067,Hardened,Continuous Casting,0
913,5.777205806532021,7819,259,197.5908986670603,320,18,0.32024330145351426,Tempered,Continuous Casting,1
914,5.660363518454292,7817,236,181.5897060123856,327,16,1.0524303077644854,Tempered,Sand Casting,0
915,5.411124515408362,7807,200,186.88537756664425,339,17,0.22503759492604627,Tempered,Continuous Casting,0
916,5.03313000298936,7838,264,188.96223912548805,331,18,1.3670607835010327,Hardened,Continuous Casting,0
917,5.995498993827974,7841,231,183.9310108027675,308,19,0.27717752825675646,Tempered,Sand Casting,0
918,5.605639230689559,7836,207,181.99602581829498,332,18,0.3007068539729626,Tempered,Continuous Casting,0
919,5.9427605090287035,7816,274,193.15522332636888,337,21,1.2566792458749774,Tempered,Continuous Casting,1
920,5.031386918875094,7801,219,187.31867635269407,333,21,1.4091622740421437,Hardened,Continuous Casting,0
921,5.271303794654086,7833,240,190.7827134893233,315,19,0.23385425896275386,Tempered,Sand Casting,0
922,5.504934815023586,7820,215,187.77612057193735,309,21,0.46220641102475746,Annealed,Continuous Casting,1
923,5.86458715364715,7821,257,189.24542557681613,337,16,0.2758550530412836,Hardened,Sand Casting,0
924,5.297095990171075,7846,220,196.56974082297515,313,19,0.7470700903787426,Annealed,Sand Casting,0
925,5.4690655396992005,7800,236,192.64112857600847,330,15,0.8506286844703694,Tempered,Continuous Casting,1
926,5.198708696429876,7824,229,184.359459377745,306,18,1.39521955837772,Tempered,Sand Casting,0
927,5.008469453718626,7818,211,193.4779762525142,329,16,1.4508800720188875,Annealed,Sand Casting,1
928,5.549434886003988,7817,259,198.67076819997416,326,19,1.4136543634893777,Annealed,Sand Casting,1
929,5.250744050976057,7840,208,189.04041959316513,327,17,0.4620264294345966,Hardened,Continuous Casting,0
930,5.7586234218624455,7820,229,183.4401210350099,330,19,0.9178064621861697,Tempered,Sand Casting,0
931,5.085746127435915,7815,208,183.89292358908153,334,21,0.9176138133719556,Annealed,Continuous Casting,0
932,5.599915775032114,7846,241,189.49981841653812,305,18,0.23568487621708414,Hardened,Continuous Casting,0
933,5.195970344752059,7801,242,180.2735029978852,314,18,0.843803698632384,Tempered,Sand Casting,1
934,5.18693226923496,7820,229,188.7369405197375,321,18,0.9918306825401075,Hardened,Continuous Casting,1
935,5.403091012521034,7802,260,197.13849777796284,307,24,0.9956635835106478,Hardened,Continuous Casting,1
936,5.882921514263754,7819,206,189.03349986509733,332,20,1.173335034066259,Annealed,Continuous Casting,0
937,5.684224651625267,7830,218,181.49303593031271,338,23,0.44348908395424247,Tempered,Sand Casting,0
938,5.547031645326242,7820,229,190.27062648190494,329,21,1.1529241939886476,Hardened,Continuous Casting,1
939,5.31632489786654,7846,258,196.36294657072335,306,21,0.24521017021376723,Annealed,Sand Casting,0
940,5.444860193366782,7823,271,186.37878860354533,337,15,0.9548133961276803,Annealed,Sand Casting,0
941,5.40808019971115,7801,244,186.85058394719033,339,17,1.1129951325793064,Hardened,Continuous Casting,1
942,5.264165622181986,7820,267,188.45662614454713,320,21,1.0770983565174839,Tempered,Sand Casting,1
943,5.261734630699004,7843,264,183.745342596816,335,21,0.3600712591518517,Hardened,Continuous Casting,0
944,5.247455629207993,7817,203,193.7398824679407,309,21,0.3069370504866723,Tempered,Continuous Casting,0
945,5.567194917426535,7815,222,194.1508886821251,304,24,0.9874808381141444,Annealed,Sand Casting,0
946,5.523286069235643,7830,201,198.31795525394108,313,24,0.6833197376963185,Hardened,Continuous Casting,0
947,5.427138032079098,7816,256,180.57019586817094,307,22,1.2780167079204234,Tempered,Continuous Casting,1
948,5.6199056796871805,7826,257,188.32632697317797,324,19,0.8603674938277375,Annealed,Sand Casting,0
949,5.736351857090739,7805,217,193.8645358458242,304,15,0.8354934193472776,Tempered,Continuous Casting,0
950,5.7306198543956395,7805,227,193.1138665692188,311,24,1.4130936692308784,Hardened,Sand Casting,0
951,5.524700727003461,7845,227,187.46373516348194,338,23,0.8134657949393687,Tempered,Continuous Casting,0
952,5.303750318188932,7826,200,180.82813826233348,312,16,0.4078468879709032,Hardened,Sand Casting,0
953,5.723426456120672,7816,227,185.8296856126555,300,24,0.4168665824699245,Annealed,Continuous Casting,1
954,5.733497692189646,7816,208,187.29605299339636,316,23,0.2095192809740326,Annealed,Sand Casting,0
955,5.4059438478867445,7830,228,191.70138395197296,309,16,0.9123426263718066,Tempered,Continuous Casting,0
956,5.395542450592708,7846,225,194.76145582859573,305,15,1.2976917456145278,Hardened,Continuous Casting,0
957,5.002720210908951,7808,215,194.33059672936358,324,23,0.6881441441127436,Tempered,Sand Casting,1
958,5.912317830394068,7844,253,192.0967480826095,301,17,0.5857508957285097,Annealed,Sand Casting,0
959,5.253985637402424,7849,246,183.6228607038438,322,16,1.4896015229641906,Annealed,Sand Casting,0
960,5.135863992801768,7816,209,190.9620065029983,312,24,0.7216395022073805,Annealed,Continuous Casting,0
961,5.766182327048737,7830,231,193.48249325534255,332,21,0.331711298843684,Annealed,Continuous Casting,1
962,5.559476505038481,7820,264,189.91723652243087,331,18,0.2462068479320343,Hardened,Continuous Casting,0
963,5.664108467902208,7819,248,197.01072903455548,335,16,0.9334625558013221,Annealed,Continuous Casting,1
964,5.726584067919907,7805,259,199.23204218024574,330,19,1.0079228459096676,Hardened,Continuous Casting,1
965,5.716939198581664,7822,209,180.47111586598845,320,16,1.2078615956439094,Annealed,Sand Casting,0
966,5.936448369003367,7849,263,194.13848475106164,303,19,1.2547660560410159,Hardened,Sand Casting,0
967,5.689492780481353,7814,233,187.8529023065963,330,22,0.2381754279717789,Hardened,Continuous Casting,0
968,5.966337889570672,7803,263,189.0543539231373,315,20,0.7065343087952562,Tempered,Continuous Casting,0
969,5.214270626133171,7808,230,197.1573885237011,322,16,1.1716696307083232,Annealed,Sand Casting,1
970,5.834075615022796,7820,251,188.26246118218236,336,20,0.8521518979909282,Hardened,Sand Casting,0
971,5.826960938254634,7830,275,197.94173303056868,334,15,1.0915263282169958,Tempered,Sand Casting,1
972,5.738114477741762,7810,246,196.4437458092199,314,17,0.3049797135829334,Hardened,Continuous Casting,0
973,5.965690144891306,7820,223,190.85112957419827,300,22,0.990032839592395,Annealed,Continuous Casting,0
974,5.99528834520011,7842,203,192.60888765734293,321,17,0.8405795613238236,Annealed,Sand Casting,1
975,5.651536062007324,7825,258,194.60942722411284,322,24,0.777301214920983,Annealed,Continuous Casting,1
976,5.719346841106217,7807,250,186.18953240418247,305,20,0.3140221113077821,Hardened,Continuous Casting,0
977,5.0739789736945315,7822,267,185.52124254445573,338,23,0.21969432360512967,Annealed,Sand Casting,0
978,5.326360594810526,7816,237,180.1372127616361,337,16,0.719208091595831,Annealed,Continuous Casting,1
979,5.549758915958692,7849,231,185.79450145294626,313,22,0.41828476150436333,Annealed,Sand Casting,0
980,5.478472837530303,7825,275,191.23385483102294,325,22,0.5337034593890275,Tempered,Continuous Casting,1
981,5.836030262556436,7821,235,184.15440724951912,317,19,0.6873378232939817,Hardened,Sand Casting,0
982,5.023483233235098,7840,208,181.4819725103142,303,20,1.2514950058272363,Annealed,Sand Casting,0
983,5.024171647999093,7814,205,192.48528875643888,314,17,0.30559347229276534,Tempered,Sand Casting,0
984,5.460679947165816,7842,219,195.98777040679104,325,18,0.582112913919119,Hardened,Sand Casting,1
985,5.843865364965121,7826,279,188.43525737399463,304,21,0.7907588316142782,Tempered,Sand Casting,0
986,5.787432149432694,7829,206,197.66093022373693,319,18,0.23746127748459162,Hardened,Continuous Casting,0
987,5.36313420717689,7839,234,199.04809213965933,326,24,0.8667730029093226,Tempered,Sand Casting,1
988,5.779864399726989,7848,272,195.5602625934846,308,20,0.728858289410335,Annealed,Continuous Casting,0
989,5.053579577061579,7819,257,190.90313891754138,307,22,0.8149488180558722,Hardened,Continuous Casting,1
990,5.413835318695346,7812,229,183.2729894678578,332,17,1.1548566024935645,Annealed,Continuous Casting,1
991,5.738156904724804,7836,258,191.72037304909293,316,17,1.4593531044670607,Tempered,Sand Casting,0
992,5.461750127267084,7842,248,194.28537212959696,322,20,0.7308905245635215,Annealed,Sand Casting,1
993,5.2472420271425735,7848,228,188.71279278216804,325,15,1.4965328693362354,Hardened,Continuous Casting,0
994,5.043293097210274,7830,270,194.8277404796579,315,15,0.6645377651803444,Tempered,Sand Casting,0
995,5.181630809137815,7813,228,191.17696469917394,339,24,0.4478762769562338,Annealed,Sand Casting,1
996,5.0157233120563705,7805,248,188.7495876506098,301,17,0.8727283569675419,Hardened,Sand Casting,1
997,5.337988778971336,7847,265,195.78206546254683,323,19,1.4539193169653062,Hardened,Continuous Casting,1
998,5.53821359569651,7822,202,184.56788744422013,307,20,0.3437460444887865,Tempered,Continuous Casting,0
999,5.398679519308151,7839,246,190.96699921261617,338,16,1.0301987989157317,Tempered,Continuous Casting,1
