,Thickness_mm,SurfaceFinishScore,Hardness_HRC,DefectType1,DefectType2,DefectType3,DefectType4,InspectorRating,Sensor1_Voltage,Sensor2_Temperature,RunID,TimeSinceLastService,DefectSize_mm,SystemLogError,label
0,8.249080237694725,8,57,1,0,1,1,5,4.118939098177202,22.326387656379616,168,9.612960566248178,3.6369101221734135,1,1
1,9.401428612819831,3,63,1,1,1,0,3,5.44980854562047,20.291189154101374,167,11.03657467068337,3.1406920028310363,1,1
2,8.96398788362281,8,53,1,0,0,1,2,4.322226833989697,21.311371609074925,127,12.635496873055107,4.247505819604825,0,1
3,8.697316968394073,5,60,1,0,0,1,2,4.389425553716672,22.180352401096563,152,5.14237007997389,0.8252226905510818,0,1
4,7.812037280884873,1,69,0,1,0,1,4,4.65308997990228,20.7845131207306,150,18.973081618059812,3.6081546777462465,0,1
5,7.8119890406724055,7,64,0,1,0,0,1,5.466681536828453,24.737825631620215,152,3.395169964142717,2.90312478673123,0,1
6,7.616167224336399,5,68,0,1,1,1,2,3.983202552871526,23.834244489088867,103,19.313063495328247,2.2062238879097453,0,1
7,9.232352291549871,6,56,0,0,0,0,5,4.862564221064868,21.341436002138863,178,0.29712245015007577,0.0,1,1
8,8.702230023486418,6,68,0,0,1,1,1,4.9319693870834485,22.95402266758958,116,9.622513836336912,2.031237420053139,1,1
9,8.91614515559209,8,68,1,1,1,1,1,4.714648833586132,23.60724578554786,166,6.667356762331256,3.293746847483868,0,1
10,7.541168988591605,9,60,1,0,0,0,3,3.6771566792732884,24.70639464453399,173,8.982468278605015,4.509479185899192,1,1
11,9.43981970432399,2,54,1,1,0,1,2,4.8537445516551525,24.408176745877054,146,11.41329157961578,2.7327916674550186,1,1
12,9.164885281600844,9,54,1,1,1,0,3,3.628189422072351,22.57596113069107,155,8.71178316025418,4.21125423834614,1,1
13,7.924678221356553,10,57,0,0,1,0,2,4.692285299099794,23.873263098965086,122,8.2969370060319,2.309703718297854,1,1
14,7.863649934414202,9,59,0,0,0,1,4,4.979162354443485,22.810723769137926,117,14.65446830826613,0.9607750825692944,0,1
15,7.866809019706867,10,55,0,1,0,1,3,3.921939781239901,22.7635194502277,100,13.717525501729293,0.7767758140638734,1,1
16,8.108484485919075,10,64,1,1,0,1,3,5.183244015085548,20.57370979169096,134,16.665425640716958,0.7310046709565491,1,1
17,8.549512863264475,7,65,0,1,1,1,5,3.5607076110660083,20.63068829008076,163,4.999179624789911,2.210675638809515,1,1
18,8.363890037284232,1,66,1,1,1,0,3,5.187625727316612,22.647668075112286,157,12.190570195081271,2.0175698787612895,0,1
19,8.082458280396084,7,57,0,0,0,0,2,4.420658101285531,21.34430772489503,194,11.703895707857077,0.0,1,1
20,8.72370578944476,10,57,0,1,1,1,5,3.935175879863289,20.105184512302344,158,7.394756217453775,3.730716606301563,0,1
21,7.778987721304084,5,58,1,1,1,0,3,3.767556289987936,23.614196019501062,100,9.721150838053617,3.842696757131896,0,1
22,8.084289297070436,6,51,0,1,0,0,3,5.406614335164745,20.162432983450824,102,6.275642866114575,0.7288428597518293,0,1
23,8.232723686587384,10,64,0,0,0,1,4,3.6453311751623136,22.976384205520272,166,2.836887952339704,1.4950546830005673,0,1
24,8.412139968434072,7,67,1,0,1,0,3,3.898186839871851,22.69596897063657,136,4.276024213254656,1.7341783257150487,1,1
25,9.070351922786028,5,52,0,1,1,0,1,4.1956446948660915,24.84407345288902,182,2.1102729280240218,2.9642539286426426,0,1
26,7.899347564316719,7,66,1,0,0,1,5,4.740469697922241,22.421065696738207,128,13.661391503802482,1.150318507581276,0,1
27,8.528468876827223,9,53,0,0,0,0,1,4.5896021705521965,20.318007181888987,188,13.21454786218303,0.0,0,1
28,8.684829137724085,3,53,0,0,0,1,5,3.751286984824628,22.75843983903231,132,19.012127431597456,1.1027354873000017,0,1
29,7.592900825439996,8,63,0,1,0,0,4,4.079455967476429,24.20548085308051,199,14.593568272944825,4.747050001435811,0,1
30,8.715089703802876,2,58,0,1,0,1,3,3.977503542172048,24.9842464214072,160,1.040916775122629,4.118913082840015,1,1
31,7.841048247374583,7,58,0,0,1,0,3,3.927085708980683,22.15171586844536,192,17.684903478579084,1.3129470594102663,0,1
32,7.630103185970559,2,67,0,1,1,0,3,4.322288672959974,21.601493712483713,189,17.253503258914517,2.3295551355747093,1,1
33,9.397771074506666,4,59,0,1,1,1,5,4.908062905183314,24.533266484759995,103,8.866406415453973,2.100298996659045,1,1
34,9.431264066149119,7,53,0,0,1,1,3,3.934905864434472,20.956210645380608,113,11.717261010558431,4.059518333294333,0,1
35,9.116794696232922,3,61,1,0,0,1,1,4.233357759405963,23.07714457516463,190,19.521566649450378,2.795958124151549,1,1
36,8.109227538346742,2,57,1,1,0,1,3,4.281834853682325,22.028572120904737,132,10.646087276963325,1.0753238164706016,1,1
37,7.695344228012768,10,51,0,0,0,0,4,5.45291305887082,20.205411824777777,121,18.106436567521797,0.0,1,1
38,8.868466053024314,7,62,0,1,1,0,1,5.409332713758138,21.73644237152849,147,1.6607751562037287,3.8254642842030977,0,1
39,8.380304987479203,1,65,1,1,1,0,3,5.100275165504152,21.326142612513372,102,3.821037374173657,2.285995902012135,0,1
40,7.744076469689558,8,51,0,0,1,1,3,3.98331784163837,23.430455769717433,186,8.815098868826357,1.6831591143446618,0,1
41,8.490353820222541,3,60,0,1,0,0,2,3.6360746281833394,24.74395248845959,184,11.695136166746094,2.1897437990932405,0,1
42,7.568777042230437,2,59,1,1,1,0,5,4.1338082754412495,21.340235936893187,122,16.324557037256003,2.7399045362310335,0,1
43,9.318640804157564,3,64,0,0,0,1,1,4.033589098867662,24.05732969575841,167,19.765242302863737,2.0440198238765426,0,1
44,8.017559963200034,5,66,0,0,0,1,2,4.511851600292788,20.276799084692048,120,7.777029929482328,1.5885759766629102,0,1
45,8.825044568707964,8,57,1,0,0,0,4,5.055455820135586,22.690605050199068,142,0.9483127228016985,2.2932591296179115,1,1
46,8.123422152178822,10,67,0,1,0,1,5,5.216645877757716,20.35275031854947,194,16.023430065906496,0.5862780983745421,1,1
47,8.540136042355622,7,58,0,0,0,0,1,5.189728170821017,24.670164955653195,184,12.087614381656163,0.0,0,1
48,8.59342055868656,7,57,1,0,0,0,3,4.2193511224461355,23.83175640278695,125,3.9708571773640333,3.9762403074334127,1,1
49,7.869708911051054,7,63,0,0,1,1,1,4.874468686921366,23.28974955602296,140,9.896569132428404,1.269252021054136,0,1
50,9.439169255529118,8,67,1,0,0,0,3,4.12566839504844,24.11948190812332,198,14.846204910674487,0.6975707613378677,0,1
51,9.050265646722229,1,69,0,1,0,1,5,3.621811086470365,23.237598977850816,137,15.408235741372875,3.4416441180728565,0,1
52,9.378997883128378,4,69,0,1,1,1,3,4.903130531205885,24.844721985871455,187,9.99236823997524,3.9827125797065253,1,1
53,9.289654700855298,6,61,1,0,0,0,4,3.5196551051395755,23.56978973932386,110,6.104290602577183,4.1622310921677945,0,1
54,8.695799957622171,9,68,1,1,1,0,3,4.318365174916977,24.623293047911233,128,19.47485164076987,2.7207913219727,0,1
55,9.343748470046233,2,63,0,0,1,0,4,4.158758538604151,22.58565946005319,159,13.267252219129857,1.4241568311049337,0,1
56,7.676985004103839,1,66,1,0,1,1,5,4.886755077037705,20.585322064909313,166,8.164750386925974,3.8175245476242203,0,1
57,7.891965724838291,10,52,1,1,0,0,5,5.032490945520758,22.640888607115087,164,5.609264484093048,3.6487088471945173,1,1
58,7.590454577821076,2,56,0,1,0,1,1,4.1081892719425674,20.634364140315466,160,14.622059660071242,1.6082183034642796,0,1
59,8.150660661526528,7,66,0,0,1,1,4,5.123254028889707,22.962467395882026,118,4.843668911875354,4.565334901382569,1,1
60,8.277354579378963,3,61,0,0,0,0,4,4.087833521009868,22.412465302638314,145,3.4341997794737633,0.0,1,1
61,8.042698063547792,10,58,1,1,0,1,2,4.392652719973123,23.112876989163908,148,10.596677779241405,0.9696715613727305,0,1
62,9.15747501830386,2,64,1,0,1,0,2,4.954037054028268,20.05023490527416,121,5.799747852882837,4.922097078160966,0,1
63,8.213506653387178,7,67,1,1,1,0,2,4.885840458449577,20.97420245827682,177,12.5781028984723,4.371115149398591,1,1
64,8.061869019374761,2,62,1,0,0,0,3,5.4747369446244,22.456652159560655,156,2.3587734974846697,3.5955439046558384,1,1
65,8.585392166316497,3,57,0,0,1,0,2,3.9503220484318637,24.752517807945672,113,13.098822091346431,4.724374497259248,1,1
66,7.781848449949525,7,63,1,1,1,0,4,4.824635827079165,21.918045201775794,143,5.665930559954044,3.7504002574566853,1,1
67,9.10439396150808,4,57,0,1,1,0,3,4.719363816551555,22.121860130268175,115,0.004858688690254631,1.3570564866352066,0,1
68,7.649101287359541,1,63,1,1,0,0,5,5.33019690898006,23.573480445033113,196,2.5387211534835274,2.4897026215076528,1,1
69,9.473773873201035,5,56,0,1,0,1,1,3.81272428328975,23.01896378643059,176,18.67230755670188,0.821763609492359,1,1
70,9.044489538593314,9,61,0,1,0,0,2,5.003596327173866,21.494630750491666,111,17.347092782307158,2.2534584002965192,1,1
71,7.897431363068344,8,60,0,1,1,1,5,4.6365372325375365,22.05408197783714,154,4.672180640724736,3.837213588817439,1,1
72,7.511044234247205,9,60,1,1,0,1,4,4.049331739575811,21.088498994286162,150,15.567438090909825,2.2389950791886783,0,1
73,9.130922856909669,10,62,0,0,1,1,1,4.448869828294348,24.830107295651043,138,12.171431863479485,1.9863237896066035,0,1
74,8.913714687695235,9,67,0,0,0,0,5,4.167553194139596,20.6531719077868,132,19.41809422899739,0.0,0,1
75,8.958014336081975,7,51,1,0,0,1,1,4.6586268055769215,21.8591839228321,132,7.472113190681182,3.1791007512964033,1,1
76,9.042540693371892,4,64,0,1,1,1,2,5.2780012216293315,20.129194861100057,128,13.629212250343425,4.424920380495028,1,1
77,7.648089303468181,5,69,1,1,0,0,4,4.6386099688244045,21.10889745966773,168,1.2707144484783717,0.7141243664575059,0,1
78,8.216931457088545,1,67,1,1,1,0,1,4.763444836653168,23.902355691900773,169,7.924946936328119,2.2346169561488094,0,1
79,7.731738119050259,1,64,0,0,0,1,5,4.537495694229419,21.005876161444398,130,19.27635322376361,1.2120833381686822,1,1
80,9.226206851751186,3,68,0,1,0,0,2,3.602331012890952,20.400317012644827,179,10.779617489002412,3.6290941282934135,0,1
81,8.746596253655117,8,61,1,1,1,0,2,3.9657171137521887,22.372265899222615,130,5.757590066696892,0.9757605219401069,1,1
82,8.161796049705298,2,62,0,0,1,0,5,4.484003458864166,20.04984617367259,188,2.405419262572137,3.4916349136111005,1,1
83,7.6271167005720475,4,60,1,1,1,0,5,4.120470567489409,20.423830772131666,145,14.070566803630609,1.787813918590583,1,1
84,8.121964643431324,2,54,1,0,0,1,1,3.8635271955223884,24.038129347814873,196,12.897120868594536,1.3951256618175112,1,1
85,8.150366644053495,5,50,1,0,0,0,3,4.508265683836877,23.857366724298032,176,7.478774272075492,4.713586510212434,1,1
86,8.959212356676128,9,52,0,1,0,0,2,4.145619586895701,24.575694102024478,151,19.018827037316687,0.5833605953568014,1,1
87,8.775114942710426,1,68,1,1,1,0,1,4.01621528634683,24.27257717955375,109,0.44405625975700636,2.4699977235030603,0,1
88,9.274425485152653,5,56,0,1,1,1,5,4.427970834880762,23.415877816199092,187,6.074477032636516,0.597321466078072,0,1
89,8.444429850323898,9,61,0,0,1,1,1,3.7665685161643463,20.261664286503315,173,18.421389725991627,2.6761687164694807,0,1
90,7.739188491876604,1,64,0,0,0,0,5,5.355491466150815,23.914243089933287,140,6.418708766388807,0.0,1,1
91,8.92648957444599,9,54,0,0,0,0,4,5.235404195838478,24.227554054202802,194,5.045056677103408,0.0,0,0
92,9.021570097233795,8,64,1,1,1,1,5,4.915241171481071,23.995410728859774,176,10.684408198624947,2.7547132000748817,1,1
93,8.622554395138993,4,57,0,1,0,0,5,3.7124276551769126,22.54239517654013,102,16.476034998410757,1.9474811212763616,1,1
94,9.041934359909122,10,59,1,1,1,0,5,5.051754508939386,21.164509193247408,158,2.062935217567221,1.0947279988626066,1,1
95,8.487591192728782,5,65,1,1,0,1,3,5.115914656218038,24.226649878443634,151,18.860414192914725,2.193743919805139,1,1
96,8.545465658763987,5,57,0,0,0,0,5,5.035529235428675,23.63581404870069,133,15.90145762362328,0.0,0,1
97,8.3550820367171,6,50,1,0,1,0,2,3.727931774238482,24.903805871944257,148,3.625005111031039,3.5251832296965473,0,1
98,7.55083825348819,7,61,1,0,0,1,2,4.787815914135529,20.778462988779665,127,14.240159223963254,4.020781138900066,0,1
99,7.7157828539866085,8,54,0,0,0,1,1,5.168649591498797,21.128322915260277,182,7.6991744527511425,2.8883777107466404,1,1
100,7.562858371373468,8,52,1,1,1,0,3,4.654706802439335,21.058990749407513,186,8.045893561526373,3.1542547749789,0,1
101,8.77282082252756,2,50,1,1,1,1,1,4.792814750456178,23.962698838106682,195,15.665801848777328,1.4027736700609372,0,1
102,8.128711962152654,9,53,1,1,0,0,2,4.416726958852612,20.93453648225059,112,19.255696159614644,1.7929864995244225,0,1
103,8.517141382329406,7,57,1,0,1,0,2,4.557414639768105,20.33329914911653,196,2.5331174569438786,1.2285302452356128,1,1
104,9.315132947852186,4,52,0,0,0,0,4,3.5687537167034504,24.99280403292814,197,8.412604737576387,0.0,0,1
105,7.99858445829775,4,59,1,1,1,1,5,4.777926043946569,20.124086057225746,196,9.61883216168607,1.621829075020751,1,1
106,8.320765846071259,8,51,1,1,0,1,2,3.6628944257823184,24.176220300794327,168,7.5262363390999525,1.511990511014893,0,1
107,9.011102277086097,4,60,1,0,0,0,1,4.370029188680447,21.826834207753265,166,7.2637824743245005,2.837519538760569,1,1
108,7.957596330983245,6,59,1,1,1,0,1,4.085310195334816,24.208077298789078,160,1.0453733512319308,3.0320994010582822,0,1
109,7.653959819657586,5,63,0,0,0,1,5,4.590855900423426,22.773102456055724,159,13.710772411252465,4.75226339369677,0,1
110,8.079502905827535,3,56,1,0,0,1,5,3.766832671046414,24.5081561474318,170,8.724288342400907,1.3800679119568537,0,1
111,7.822442574508009,10,51,0,0,1,1,4,4.883286803946636,24.630964932073134,123,3.8958760528785352,3.3875406957267318,1,1
112,9.359395304685146,2,58,1,1,1,0,3,5.0900230738569405,20.04549090640388,162,16.320670046041368,4.177666710443853,0,1
113,9.116240759128834,9,65,0,1,0,1,1,3.826708899486313,20.377060879963942,185,16.051214963032557,3.0210865870237362,0,1
114,8.766807513020847,10,62,0,0,1,1,5,3.708626174703764,21.251793647854278,160,9.727832561777877,1.6475164362548407,1,1
115,9.242921180375436,9,58,0,1,1,0,1,3.791030965574718,23.346577081817507,122,5.96901322295521,1.681476035090001,1,1
116,9.107344153798229,1,69,0,0,0,0,5,5.254255123797003,24.44136098255753,129,12.761854515929048,0.0,1,1
117,7.8731401177720715,10,53,0,0,0,0,2,4.556378523512713,22.299709756469813,159,5.763042715548061,0.0,1,1
118,9.285117996979956,3,59,1,0,1,1,1,4.434521992015005,23.034865581371328,117,4.720158606474241,0.6766387388194997,0,1
119,8.578684483831301,8,61,1,0,1,0,2,3.7134236382047083,20.942499263977805,195,14.610293080526533,1.8744990194681677,0,1
120,9.114880310328125,6,66,1,1,1,0,1,4.799112013513923,24.02483416940843,155,0.806504794419014,3.8507165555152105,1,1
121,9.292182599846987,5,63,0,0,0,0,3,5.23599918379018,24.83664055676735,152,1.8953694206918792,0.0,0,1
122,8.136006949943727,5,63,1,0,0,0,4,5.1563717386469055,21.342994664572988,106,0.13576348047179554,0.7138299074319967,1,1
123,7.720103849055354,6,51,0,1,0,1,2,4.752109417961602,22.474129758002732,196,3.058863729508523,1.486828771271738,0,1
124,7.955870325083883,7,69,0,0,0,0,5,3.650557433303347,20.430580552531868,168,1.3798001742091892,0.0,1,1
125,8.354215577252512,1,60,1,0,0,1,3,3.724794054352026,22.79568328231484,191,19.916047355598373,3.6780462433930188,0,1
126,9.136029531844986,9,65,1,1,0,1,1,3.5986179742196494,22.5139172092334,171,5.776199399081792,4.021932032702945,1,1
127,9.221461166512686,3,68,0,1,0,1,2,4.014958432984939,20.72218242077539,178,2.9853602533849455,2.548932845278678,1,1
128,7.513904261062382,4,55,0,1,1,0,1,3.7713229343207555,22.210331065590374,151,4.819925159918359,3.64133452315392,0,1
129,8.521494605155132,10,68,1,0,1,1,1,4.020096080504867,21.670523260432816,103,18.722511430802694,2.245784758947014,0,1
130,8.334822006297557,1,54,1,1,0,0,1,4.270116111437924,22.609154376525947,133,10.403204460487913,1.2196096026085739,0,1
131,7.944215620941461,10,53,1,1,0,0,4,5.385965568142272,22.928271677143996,168,7.296361926157138,2.2916727208530796,1,1
132,7.739730734667366,3,64,1,0,0,0,4,4.720752119563384,20.042477893036047,132,17.467829158184387,3.1098551909141428,0,1
133,8.175230342807255,2,53,0,0,1,1,5,5.169947571365925,23.805029914747777,168,7.899805410980649,4.766239768338006,1,1
134,9.38581940782504,2,69,1,0,0,0,2,4.920703001424664,23.565071459308705,137,6.700171399153916,0.8093792843990479,0,1
135,8.14640586404151,1,59,1,0,1,0,3,3.7250062610532635,21.83143193103261,197,4.145650450994712,2.7832734223023228,0,1
136,8.537581243486732,8,52,1,0,1,0,3,4.971840812747898,20.264679677844093,125,7.555936478188229,1.9801390019482596,1,1
137,8.906037917790355,3,54,0,1,1,1,3,4.050197763118248,23.77466269892525,100,6.333687120338521,2.7874026242451255,1,1
138,8.227259204758589,3,55,0,1,1,1,1,4.778215693989413,24.77587580239066,103,13.546079185962821,0.6078895131943926,0,1
139,9.443564165441922,6,57,0,1,1,1,4,4.181923947285977,21.200757980110073,138,5.791654093414542,1.908614096157116,1,1
140,9.424894589884222,8,56,0,0,0,0,2,5.495344526529318,21.61762306868519,153,11.543994928451228,0.0,1,1
141,8.00356459165073,9,59,1,0,0,1,1,4.027102958993556,20.919064447409074,189,1.317843300639454,4.189406663871523,0,1
142,8.494497011784771,9,55,0,0,1,0,4,4.058260941548539,22.884680616724197,132,3.8257831339302872,2.992737802345869,1,1
143,8.101756619633539,4,63,1,1,0,0,4,5.361344511124797,20.774206973237273,132,8.148105432226975,2.5276212176725283,0,1
144,8.069680988754936,5,53,1,1,1,1,2,3.549288809272645,21.780969717306895,171,18.738985078173908,1.7848628227190282,0,1
145,7.573773894709065,2,62,1,0,1,0,2,4.893377975746394,23.485065069671315,119,7.5450397143139085,1.8411913525611014,1,1
146,8.719128667959794,9,69,1,1,0,1,2,4.9506527814717565,22.800579915046743,115,13.281482423996682,2.22395645115763,0,1
147,8.505358046457722,8,66,0,0,0,0,1,5.172757154820799,21.932312821639677,120,5.101744448427963,0.0,1,1
148,7.6029575024999785,3,56,0,1,0,1,5,5.44887862127695,22.10124800903771,144,2.5406715194646345,4.260068194840522,0,1
149,8.057292928473222,9,53,0,1,0,0,2,5.451203838313305,22.810554413116147,189,1.1707320016010025,4.852459430637207,1,1
150,9.316531771933308,3,63,1,1,0,0,5,3.630553515132928,20.029323639435805,186,6.1082699708550265,2.4739492160766856,1,1
151,7.979123781333945,9,52,1,0,1,0,1,5.143678645505805,20.392549342268047,181,3.1532205359381593,2.2700877743649284,1,1
152,7.789789744182446,2,54,1,1,0,0,5,4.792619867314762,24.406290338815058,161,3.480208960322484,4.309478491189383,1,1
153,8.478905520555125,10,65,1,1,0,0,3,4.794684268746183,20.389394945456452,130,15.215186167739,2.4210739428633663,1,1
154,9.4713009082212,9,69,1,0,0,1,5,3.7566998532293896,23.534017981052525,141,0.3167614188974843,2.9840817753304303,0,1
155,7.984110543023001,8,53,0,1,1,0,2,4.800374332891307,24.600190820545265,111,11.156202514708689,1.53923749069435,0,1
156,8.844271094811758,9,51,1,0,0,1,1,5.464965161202496,21.353418021508656,164,7.589227611869296,3.8457614110058387,1,1
157,9.023239230657435,5,67,0,0,1,1,2,5.323637139078894,21.85245718529757,172,10.130999998170944,2.8939474322185186,0,1
158,7.9752750879848,2,68,1,0,0,1,3,4.378261321609701,22.84460702922358,102,11.256604744292058,4.1406554760815375,1,1
159,8.956432697223718,8,68,1,0,0,0,2,3.5798959465721887,24.408544848192925,189,6.267353889145564,4.013297285129013,1,1
160,8.235566265438507,6,66,0,0,1,0,2,4.22458698000041,24.709527936302102,108,5.902177203685706,1.4675214572151285,0,1
161,8.764611661187159,8,63,0,1,0,0,2,5.15278062320111,23.69781624055634,150,14.668036986698114,3.720359977509931,0,1
162,8.76705942152179,5,68,1,0,0,1,4,4.902998202930332,20.43309880427347,115,17.425539762423142,4.100244835781171,1,1
163,8.571549368149517,10,62,1,0,1,0,3,4.418687311187913,23.345770777674254,187,3.8516326491705577,2.0574825835207777,1,1
164,7.680579540108816,2,61,1,0,0,0,2,3.610203070317662,22.05151860936331,177,1.952375210702979,1.2767410080602355,1,1
165,9.170604991178475,6,55,1,0,1,1,2,4.353789455646606,22.353504997455307,102,17.955916127840517,0.5118447001081468,1,1
166,8.141560129943471,5,53,0,1,1,1,2,4.438049879435767,20.245741951725886,197,6.9979092729479735,2.5290664389191666,1,1
167,7.873037020799709,5,68,1,0,1,1,1,5.357111065788272,20.95531069673179,196,11.026347813256283,2.085947291924787,1,1
168,7.581550283109528,1,65,0,1,1,1,4,4.782172207164319,23.95256803766824,123,7.190862890400069,2.9970942522143402,0,1
169,8.681785886376483,2,62,1,0,1,1,1,4.123305833309297,22.269794165239297,172,2.5160467269210263,1.3461849166495359,1,1
170,8.855128723684565,8,53,0,1,0,1,4,4.5506365289014425,21.508311208155746,112,11.786632898954561,4.368494964499138,1,1
171,7.533175657855712,3,66,0,0,0,0,2,3.6321106156443204,21.92009536982479,101,10.502817035392592,0.0,0,1
172,8.524186116598562,10,50,1,0,0,1,3,5.445136471299474,24.2719975666284,170,4.059871183823944,1.6598984703264934,1,1
173,7.9529915503958755,3,67,0,1,1,0,5,4.2201198038614525,23.744995087024783,120,9.037380893045556,1.5189332228944248,1,1
174,8.790345580818899,8,69,1,0,1,0,5,4.455734709826272,21.361576985905415,118,15.938950080312917,2.6632132541796016,0,1
175,7.848732858009983,8,66,0,1,1,0,2,4.210567948473845,20.587509201061867,188,11.808522062157827,2.744829606849234,1,1
176,8.881875476204932,2,64,1,0,1,1,1,4.8650234602324005,21.25999110822036,146,1.938346541339897,1.4678835295329178,0,1
177,8.273470692601075,8,60,0,1,0,0,3,4.824464316659186,24.603782255273668,121,10.960429944582701,1.723373270266621,1,1
178,9.37345997747347,1,62,1,0,0,1,4,4.9306446210582715,22.907944189248777,174,14.054765985791738,1.2636735761986022,0,1
179,7.7750418882919865,6,50,1,0,1,1,2,4.036286459223842,22.667401043723913,132,15.854068115615028,3.7330708024542503,0,1
180,8.182132702100517,8,66,0,1,1,0,3,4.131336962328132,22.98196799846231,131,12.582351572685335,3.9654006406433684,0,1
181,7.726947042481179,3,55,0,0,0,1,3,3.750502462192416,21.830141328732577,163,3.0531632908156747,2.580478238566772,1,1
182,9.349387236557126,8,53,0,0,1,0,4,4.811019943692225,24.035535101597564,184,14.203465331803214,3.7133916020825786,1,1
183,9.254678706761961,1,69,0,0,1,0,3,3.579594254671305,22.61643124650125,138,13.546836921630327,3.811709263718505,0,1
184,8.01588325543031,9,65,1,0,1,1,1,4.695364671046918,20.583739513843977,183,0.4885376588126644,1.1222398745501387,0,1
185,8.819968092068358,9,64,0,0,0,0,1,5.239391769703268,20.645325624145315,171,8.234953351804863,0.0,1,1
186,9.134444400402431,5,64,1,0,0,0,1,5.281664296579267,22.684295732513093,141,6.659004939247466,4.847801111755415,1,1
187,8.610401623198925,10,55,0,1,1,0,3,4.398075520739924,24.682851090354195,108,13.38824128507287,4.194643761933939,1,1
188,8.559301156712014,4,64,1,1,0,1,1,4.418607376426148,21.541760608380994,124,4.322716246218414,1.4201755753812058,1,1
189,7.983704581800904,6,63,1,1,1,0,4,3.6539383660160345,24.34770584429609,188,11.817438459485171,1.337742660857316,1,1
190,7.686205535611799,7,60,1,0,1,1,3,4.841530050886071,23.8204779328944,196,18.26411923628345,1.0654751551081223,0,1
191,9.294431515906654,5,56,1,1,0,1,5,5.142518840745691,21.239062214534535,101,15.956047444172155,1.1227035314386327,1,1
192,9.30083611432666,10,58,0,0,1,0,3,3.989310109209426,20.181703741581213,118,18.42915472433061,3.8667280956291328,0,1
193,8.766202914546536,9,65,0,0,1,0,4,4.342601763266729,20.509236325711914,119,19.5701193386538,2.613444156282306,1,1
194,8.1780595820974,3,54,1,0,0,1,5,5.177678673530541,23.6424696692372,192,0.21340254012325532,4.023203777329402,0,1
195,8.198419149225321,7,69,0,0,1,1,3,5.254240935324576,20.998348690203233,169,12.454825527549552,3.858147024575924,0,1
196,8.951911357740478,10,59,0,1,1,0,1,3.9863599605284517,21.85635460252697,116,8.25678795517813,3.220757210773497,1,1
197,9.294220519905155,10,67,1,0,1,0,2,4.601141269082729,22.508495830032125,188,17.197089806702436,3.588649729604058,0,1
198,9.274172848530235,5,52,0,1,0,1,2,3.8849863012716543,23.627340842250813,167,5.036294040182634,0.582600759706138,0,1
199,9.059751091715247,7,62,0,0,1,1,1,3.7037575282791133,20.566156116295627,193,19.620589782301522,1.902999410622599,0,1
200,8.784063292308575,2,60,0,1,0,1,2,5.322241002783915,22.031832026387306,183,12.274159390874946,3.3701998066673458,0,1
201,7.668279929990097,4,66,1,1,1,1,2,5.141015008464218,22.425364545713478,102,15.870748044576619,0.5420522906880989,1,1
202,7.823257428189228,2,62,0,1,1,1,1,5.020069803606348,22.7041353198577,186,1.7119910564553664,0.6483962465716704,0,1
203,9.297108377054158,7,55,1,1,1,0,1,3.597532637626281,24.09180320697608,150,3.669157695177301,4.333495921116724,1,1
204,8.71285811931918,2,66,0,1,1,1,3,5.187457585420515,20.858390975216086,181,15.168073460684063,3.578111877614323,0,1
205,7.518394103233259,1,62,0,1,0,1,3,4.376088151810768,24.039157259133113,125,0.43973044078647217,1.6941637990415477,1,1
206,7.702943085732064,9,68,0,0,0,0,1,4.184790246591719,23.464392138483262,155,16.337559717875656,0.0,1,1
207,8.827003538216111,1,68,1,1,1,0,4,4.592952722050753,22.779354070994795,199,0.27898037383822905,3.5958327805341908,1,1
208,7.510123167692438,8,59,1,0,1,1,2,3.6827064854471114,23.49763935201286,163,13.142376781225467,4.066055011126685,0,1
209,7.821616102834997,2,52,0,1,1,1,3,5.013293098704798,22.06008869475828,107,7.301878404636117,1.8805742739954556,1,1
210,8.597467578733172,8,63,1,0,1,0,2,4.664870153776592,20.69198792984062,180,12.229897054383983,0.6621681987463435,1,1
211,8.883790395385386,3,68,0,1,1,1,5,3.873180193746335,23.328826201326837,194,13.920628139782274,4.697506061094805,0,1
212,8.803922519005202,6,54,1,1,1,1,1,3.876464399538091,22.62336153342811,136,6.849504383726083,2.0533092723303374,1,1
213,7.94853861892112,3,54,1,0,1,0,4,3.8684973031453485,23.196874002713876,196,2.159248962216711,0.9791679347811787,0,1
214,8.924358442695072,7,69,0,1,1,1,5,3.6140047751038678,21.68999390514245,126,1.3929173549653129,2.713355921269163,0,1
215,7.974498174993601,10,66,0,1,0,0,5,4.67559689874337,24.53433288669918,144,11.778720451250956,3.958105080488602,1,1
216,8.150799396318536,9,59,0,1,0,0,5,5.180696355177016,22.936849342877885,103,10.41310707468223,1.4974129157790161,0,1
217,8.992982810236049,2,54,0,0,0,0,1,3.534996427974777,20.427012421454368,185,14.84402018242265,0.0,0,1
218,8.79926579809443,5,53,1,1,1,0,3,3.598009289942547,22.249019953522144,189,10.194710200078742,1.7127052256001352,0,1
219,9.198446820988355,6,55,1,0,1,1,1,4.645540553373891,23.781780273718173,195,8.448915800617582,1.5922174405936242,1,1
220,8.815225784600687,4,53,1,1,1,0,3,5.138991370772104,23.970672808661362,187,7.9617435647246175,4.962528737742552,0,1
221,8.636617206670943,4,56,0,1,0,1,5,4.153477781137267,22.472985263818792,198,0.5289380519533493,1.3883168017874414,0,1
222,7.687349535656185,4,56,0,0,1,1,5,4.1992287976154445,24.473737854156504,136,6.711144033933143,3.089840976347558,0,1
223,8.235431606118867,2,67,1,1,0,1,4,4.692692994993552,21.338342185971488,195,19.520403150489884,4.663690887456339,1,1
224,8.030404735363451,4,52,0,1,1,1,3,4.048425778248294,22.052993486191333,170,17.471111524541776,1.1610345599500067,0,1
225,7.987979286758167,1,50,1,0,0,1,5,3.5532167321553683,24.492984552844852,132,6.587561340684354,4.868843890404651,1,1
226,9.44602110950489,6,53,1,1,0,0,2,4.970457036203192,24.481283582357896,130,11.755908101327444,4.76364755478031,0,1
227,8.28619544933352,1,55,1,0,0,0,4,4.7512998258829064,23.428563844123403,154,16.94593491070988,4.480573941762182,1,1
228,9.284093110354227,10,58,1,0,1,0,1,4.661511998111318,24.2949027356111,111,8.825486735001373,1.4655043459850101,1,1
229,8.762277251994526,6,63,1,0,0,0,4,4.9833682579836465,20.443866334781163,110,0.3591572750030192,3.353247752049425,1,1
230,9.089622607083296,1,61,0,1,1,1,2,4.850461675124075,24.324974881038884,187,1.4902092363728014,3.9240116283255806,0,1
231,8.505274186210384,6,69,0,0,1,0,3,3.9117639763566423,21.603099532751134,171,10.207854426974132,4.937125676883934,0,1
232,8.653807769252719,10,53,0,0,1,1,1,4.204962093886702,20.89165756214108,131,19.388787513517567,1.3119071993661668,0,1
233,8.485035387637728,8,61,1,1,1,1,1,3.75222028335725,21.19684918171023,156,13.864190844377354,3.947116547836834,1,1
234,7.890485975596089,2,59,1,0,1,0,3,3.759714026835762,22.089842540069434,137,1.4183238287713906,2.024605264672008,0,1
235,8.944904230523012,2,56,1,1,0,0,4,4.852391492713078,21.255960023022336,159,3.7872175158372556,1.2903190950560104,0,1
236,8.061544724881712,4,52,1,1,1,0,5,5.217200213964997,21.602837930082494,185,15.426462864337001,2.396196235462347,1,1
237,7.548631932862907,3,63,0,1,1,0,4,5.425465167722278,20.67489243035821,197,16.828795199124894,4.072261604668774,0,1
238,8.790944591814336,4,59,0,1,1,1,2,4.756694235098889,21.480883827794994,118,12.353891723771817,2.5918241166682345,0,1
239,7.854221358814097,7,65,1,0,1,1,5,3.868202646721914,22.861419072710007,183,12.888463392596332,2.9188539509137184,1,1
240,9.380917168705828,1,65,1,0,1,0,4,3.711300690897861,22.20926854045532,155,0.5667490076676929,4.978217345900545,1,1
241,9.407857154005175,6,59,1,0,0,1,3,5.125701943073516,21.733593806179556,113,16.57060519163017,2.295991848008417,0,1
242,9.329728780440897,3,62,0,0,0,1,2,4.6575129527199985,23.73226064428557,132,15.765504163416592,3.2693033961915794,1,1
243,8.24031740051089,10,55,0,0,1,1,2,4.73657004202744,24.46754985696659,109,5.180702882066943,2.1435989072691735,0,1
244,7.530913233057735,7,61,0,1,0,0,2,5.0629241775094185,23.783946114511984,179,14.173534399310139,2.2675354084791723,0,1
245,9.356637125175451,10,58,1,0,0,1,5,4.906554455464903,21.660003510588396,163,4.297092128499962,3.6303833905043366,0,1
246,8.356368296634628,2,62,1,0,1,0,1,5.168916505712193,23.722210839187767,163,0.8066032210302598,4.720491392426975,0,1
247,9.433309638087339,2,53,0,0,0,0,5,3.612427810919757,20.759900912370256,161,4.0227308518075455,0.0,0,1
248,9.427239954178505,4,60,1,1,1,1,4,4.99504127349301,20.651589940456454,167,3.57257753508599,2.9406152772154464,1,1
249,9.20601891093472,1,69,0,1,0,1,1,5.201705514644191,21.728135185180793,190,6.754959934696945,3.9577996802695092,1,1
250,8.08889778413917,3,67,1,0,0,0,4,4.072270084916629,24.038511845220285,191,8.368989943509161,0.9014295146763371,0,1
251,8.270195457203851,9,60,0,1,0,1,1,4.780894547986506,21.23174123621151,142,10.170777829954158,1.4502111684436714,1,1
252,9.202273343033713,7,53,1,0,1,1,5,4.128324127673944,20.316267044493397,179,9.535077510166563,2.759592384137896,1,1
253,8.133844010312556,7,67,0,0,0,0,2,5.415942132964908,20.658547676031777,158,5.413492119305787,0.0,0,1
254,7.838985493372185,4,50,0,1,0,0,3,3.5668471448710077,24.2937248426479,151,0.5834133714814893,0.5900527563294866,1,1
255,8.6136025249167,2,56,0,1,1,0,2,4.65958568766591,23.168916423736437,196,12.102032444743013,1.6378474044315146,1,1
256,9.372309548321562,4,55,0,0,1,0,5,3.83300709409903,21.266005816849884,118,7.914896596947088,2.8283058042123477,0,1
257,8.892059593349947,6,64,0,0,0,1,1,4.924440410354317,22.776479126640908,120,5.973443147750994,0.5673253921533532,0,1
258,8.64012234017873,3,67,0,1,1,1,2,3.8517805668373244,22.637898112126752,121,17.338820856610248,1.6904582880171877,0,1
259,7.694352987541537,1,60,1,0,0,0,5,3.970766523796715,23.277179892203307,108,14.934866155963196,2.8131386876414126,0,1
260,8.73001445339834,8,69,1,1,0,0,4,4.488741622091516,21.16593777210808,108,17.155310967448845,3.0791716159156053,0,1
261,9.480107700208526,5,64,1,0,1,0,3,5.329669899993756,24.32201493597199,172,9.89965589424922,4.665882618748874,0,1
262,7.780168030473048,5,65,0,1,1,1,2,3.9234287442959417,21.546842810400065,126,2.6186250425355495,3.404055304627735,0,1
263,8.536659304727474,4,56,0,0,1,0,1,3.7884800422362073,23.470658269881184,116,13.924428722425448,2.366311111384972,1,1
264,9.254746143855911,6,59,1,0,0,1,4,5.017953663708061,20.080623231861075,143,4.121475598743505,4.686580297098805,0,1
265,8.981537235508409,3,61,0,1,1,0,5,4.501239064667862,21.863285649470736,144,8.824593381834337,4.031973425245074,1,1
266,8.894031481990536,9,63,0,0,0,0,3,5.323570224763543,21.75854908979404,107,1.30001577897777,0.0,1,1
267,8.904968167974218,5,54,0,0,1,0,1,3.7932291143196846,22.717422142915073,179,16.50616804845965,1.400040145007364,0,1
268,8.21898230243951,3,67,0,1,0,1,5,4.791855786046079,20.363681308885983,117,2.5188128209500116,1.088790626069689,1,1
269,8.087183688528986,1,54,0,0,1,1,5,3.9657582923036303,23.950656868630542,132,18.061950140986195,3.541152360842298,1,1
270,9.118722310957027,10,52,1,0,0,1,2,3.8135208573032786,21.088904008837844,100,17.284612045231142,3.0194742450964274,1,1
271,9.120226789358362,6,54,1,0,1,0,2,4.866858830314541,23.38518907441005,175,9.291655288784922,4.0535312620674,0,1
272,9.234144637160208,2,66,1,1,0,1,1,4.687369239817467,24.016060616220464,105,14.887364086079813,3.824622725354089,1,1
273,9.326481105112943,3,68,1,1,1,1,5,5.009654916724663,22.809384781207566,140,12.388901476363065,3.3134519023588176,1,1
274,8.522684797721876,1,68,1,1,1,0,2,4.1189251528923645,23.704416033609927,154,16.061512846754898,4.938719772330015,0,1
275,8.5030325893744,9,61,0,0,0,0,3,4.39594331276438,23.309301561075028,104,8.63610201571824,0.0,1,1
276,9.09659035793355,8,58,0,0,1,1,3,4.310943352660837,21.777648985760038,158,15.716169684887,2.901153785496839,1,1
277,8.799927861555531,2,50,0,0,0,1,5,5.468178927933028,24.044292695167826,179,9.24913634130296,1.0089759042577393,1,1
278,8.903933754515407,8,67,0,0,0,1,2,4.084497913478776,21.47350684942764,117,18.819315756855875,4.227231041671947,1,1
279,9.091585338872202,9,53,1,1,1,1,1,4.089634476693534,22.856064588757587,148,9.727442016502952,1.6333401305556905,1,1
280,9.280010683635133,1,59,1,0,0,0,1,4.209096417657214,23.726988695707696,181,9.25238543867459,3.9978596666476323,0,1
281,8.175990313703071,5,56,1,0,1,0,1,4.629188162580643,21.894779549062537,164,15.701437231270255,4.806981932000231,1,1
282,8.251165905279889,8,50,0,0,1,0,3,4.0046454885274905,21.513838038087126,182,16.43155383521676,3.6355798128395356,0,1
283,7.687963879681738,2,66,1,1,0,1,2,5.330579880758548,22.296730050864113,153,11.089782286423414,3.182135724274105,1,1
284,8.656560281992348,4,51,0,0,1,1,2,4.031371129732527,24.089817471745768,160,3.595956269901508,2.5717377905376826,0,1
285,7.571884547593484,7,60,1,0,0,0,3,5.291631463120389,24.649608815728325,107,9.35516461915159,2.1398443969793144,0,1
286,8.43119603626492,3,58,1,0,0,0,1,3.7069501272931693,22.72541706429945,102,19.36145005819357,2.088521379373263,0,1
287,8.585289269415153,5,56,0,0,1,1,1,4.813125404799305,23.307331026618257,124,15.059723860783702,3.363677175693158,1,1
288,8.073082504256568,8,66,0,0,1,1,5,5.313971036876487,24.51636811119457,168,16.223252077582643,3.8807290262198566,1,1
289,8.681666521138022,10,66,1,1,0,0,4,3.837498876796459,20.49273425706471,154,0.6565099763848026,3.5533268126798645,1,1
290,7.561000499878099,3,51,1,0,0,0,2,5.43665392019851,21.160392889330826,139,9.357189252683199,1.3928454553710323,1,1
291,7.574696377498428,4,55,0,0,1,0,2,4.405766720831023,23.54450003125791,182,12.932422673151107,2.7229423106457102,1,1
292,9.145201121319317,9,63,1,0,1,1,2,5.391430216882049,24.118722309561498,181,16.600653672561492,4.062380324823783,0,1
293,8.220381282822526,7,55,1,0,1,1,4,4.853640087260094,24.28514514165289,149,0.9854730716554294,2.640668351850753,0,1
294,7.754121025303769,1,51,0,0,1,1,5,4.103173739747103,22.075535884274665,194,17.048777712837463,2.9148047588097223,0,1
295,8.544486520109608,4,50,1,0,0,1,4,3.876605049834213,20.446699511459336,132,10.968018734838234,3.9701122167686997,1,1
296,9.039987106197222,4,59,0,0,1,1,1,4.107470092450199,22.1889073864981,117,3.9462794115211985,3.475693878192912,1,1
297,7.931642054993686,9,54,1,0,0,1,1,3.68603481852535,21.15367295103527,156,6.345104328994,2.3420521439707667,0,1
298,8.745780951638,6,51,0,0,0,0,2,3.7877359326866595,21.45598227498312,115,5.638591035031215,0.0,1,1
299,7.670694929987536,9,65,1,0,1,0,3,3.709320880692962,23.86133778418753,179,10.617180685769515,4.529357200373985,1,1
300,7.603363442337216,6,51,0,1,0,1,2,4.345887087483115,20.377635430129434,137,1.0337135982226364,1.2315518089856536,0,1
301,8.562709263136297,6,59,1,1,1,0,3,5.091156752515173,24.13790608740351,140,3.1707231699984706,4.979824018656461,0,1
302,8.581270243220214,5,51,0,1,0,1,4,3.7827671084326804,22.138345429120847,106,16.253860867515648,1.0348366031430674,1,1
303,8.774859802996414,5,65,1,1,1,0,1,3.760640866344672,22.980319655502974,177,2.6520798149362212,0.5672748699690751,1,1
304,8.952182667445323,2,65,1,0,0,1,3,4.786857899034661,20.448261156178393,152,4.667925389162539,4.505085055169441,0,1
305,9.45170415892507,8,68,1,1,0,0,4,3.8943659639361323,21.686795391786397,162,9.067412112083147,1.6022907876468024,1,1
306,8.53260069660239,8,56,1,1,1,0,1,3.695220076217983,20.44850459507423,188,10.34241776226661,3.783648323510244,0,1
307,8.145912945882491,1,61,1,0,1,1,3,3.833697156411155,24.807718614405548,131,15.272209592283172,4.149569187194312,0,1
308,9.090372389537407,8,64,1,1,0,1,2,5.347462791753552,24.03630824663125,137,8.946648533323756,4.365438759644526,0,1
309,8.04166450252415,5,57,1,1,0,0,2,5.142942505552382,22.2981637717823,121,15.797292420710775,4.96217406048875,1,1
310,8.377942841411272,2,55,1,0,1,0,2,4.208129124710188,21.118012741618355,115,12.366926140909149,1.8231786951799958,0,1
311,7.656912762684532,2,59,1,0,0,1,4,4.811641534654786,24.667275526249263,151,2.261994788476449,3.696095038672666,0,1
312,7.550701486830915,6,52,0,0,1,0,2,4.574551347336076,21.72298297863486,128,3.1266287678567717,1.019299362263727,1,1
313,9.425296829355851,9,68,0,1,0,1,5,4.854248526965128,20.804922158436874,115,8.740674508995417,2.3306418111058225,0,1
314,9.171960241024411,1,66,1,1,1,1,1,4.865342304925519,22.815821942269775,175,7.937787861780792,4.315872619906656,1,1
315,8.891948412187396,6,56,0,0,0,0,4,4.757468030119986,24.71887060172408,116,14.870885392745892,0.0,1,1
316,8.31790588882854,9,69,1,0,1,1,2,4.032202737074617,20.019151452501614,163,11.614742795947038,2.1544612072659874,1,1
317,7.846588640141691,8,53,1,1,1,0,1,3.578012841525636,21.190624216269995,190,7.762661620044986,3.159929212410263,0,1
318,7.812874085342172,6,63,0,0,0,0,3,4.411133563980218,24.69223820205204,188,3.4152056690077126,0.0,0,1
319,8.00048579632919,3,69,1,1,1,1,2,5.281947769381407,20.85542983428581,112,4.536742046509903,2.766980496760853,1,1
320,8.59845332941224,8,64,1,0,0,0,1,4.638994517037152,20.5662172581991,171,11.51002036938118,3.406781890004203,1,1
321,8.929191845400124,9,57,0,0,1,1,5,5.164782083403816,22.850936078999023,155,8.46877609799585,4.878024752244627,1,1
322,8.820394753435462,1,64,0,1,1,1,3,5.483248685922456,24.30921911647415,104,10.298550177213441,0.7508098692563095,0,1
323,8.059867793891886,9,69,1,0,1,1,5,3.8272324082765525,22.38554908846963,111,3.4135487060446734,3.0828268287573337,1,1
324,9.409730561326388,6,63,0,0,0,0,1,4.883555278283964,24.972821283422626,140,13.258125046891315,0.0,1,1
325,8.975793833391537,6,58,0,0,1,1,5,4.84858714740005,23.395858497689964,102,17.05077481711934,4.383629506626281,1,1
326,8.608708105022801,4,57,1,1,0,0,1,5.459910894716557,20.37037453605224,198,5.158790135738012,2.6662222028679237,0,1
327,8.723441492468705,1,66,0,0,1,1,1,5.471201467905601,24.964160658409877,132,9.830284516636532,0.8533723367370777,1,1
328,8.33920012485558,10,51,0,0,0,1,5,4.873357223448259,22.03947118390095,185,19.510546580418037,3.022427085875469,0,1
329,7.9954619790023145,8,52,1,0,0,1,1,3.9872295839643885,21.437012669227414,149,6.664834811014552,1.994332508707192,0,1
330,8.211945357302524,2,57,0,0,0,0,2,5.097111676261198,22.78939591788943,155,11.900926898475223,0.0,1,1
331,9.015692220928738,1,61,0,0,1,0,1,3.714058268422076,21.52153795910432,108,1.8039140040048873,1.1972380340207116,1,1
332,7.528786977259512,2,50,1,0,0,1,4,5.061398608343257,20.43228753560076,181,12.120300049588863,4.320655309775629,1,1
333,7.732145281013833,1,59,1,1,1,1,1,5.320392248289393,20.007141715395882,149,1.7926354660923582,2.8471978084600473,0,1
334,7.5920052840435055,1,69,1,1,0,0,4,4.265666789536871,22.24791676460131,128,19.184708706476442,4.6997438557058,0,1
335,7.58145760463794,9,52,0,0,0,0,1,4.761270589966161,24.184317111132962,138,14.313253041446227,0.0,0,1
336,9.210921168022015,1,55,1,1,0,0,1,4.360285464193653,22.861575928150383,190,15.763195762714128,4.127074270713811,1,1
337,8.907315718760048,4,56,1,1,0,1,5,4.375530109976257,24.996036494717202,199,14.082087215432736,3.618373071981503,0,1
338,8.44834765817465,10,69,0,0,1,0,2,4.1207417782162405,21.434233228236,144,11.794580721529314,0.5226147651439037,1,1
339,7.695668321302003,6,67,1,1,0,1,2,5.0242592409006495,21.402275323800275,116,8.998255621710108,2.4252055548721247,1,1
340,8.483231750233665,7,60,1,1,0,0,3,5.37235312833301,20.798747301169723,155,17.167467595221247,1.3886882674341454,1,1
341,8.446943541561131,2,68,1,1,1,1,5,5.381501718468922,20.820317941326675,197,19.13671335086126,4.598590599719905,0,1
342,7.846403739820031,6,54,1,1,0,1,5,3.8495625697498674,21.425932980050238,145,9.980723458081627,1.2856279310436212,0,1
343,8.367703298475947,7,68,0,1,0,1,2,5.249487299313132,23.964200226367637,166,18.63070098310524,1.7872702324667848,0,1
344,8.297009468794746,10,60,1,1,0,0,5,4.974862882854245,24.52878395318224,168,11.66665819977035,2.8257654548052464,1,1
345,8.731700196104432,10,61,1,1,0,0,2,4.005674801380579,24.875435848538405,113,10.767683737928664,1.6851362854913567,0,1
346,8.770187301735287,2,59,0,1,1,0,5,3.634569225843029,21.161448270482264,166,9.089654659107133,1.4443910477560453,0,1
347,7.590608019544089,2,57,1,0,1,1,1,4.035994533768756,24.40648772807046,122,4.185755230602397,3.195946962962386,1,1
348,8.249225229252943,10,58,0,0,0,1,2,5.324416473563051,21.641275446386686,193,0.07439321636118379,0.9001828523976074,1,1
349,8.751719831428472,7,53,0,1,1,0,2,4.766357349791544,20.564202722584422,160,4.830124537121225,0.7617549142441613,0,1
350,8.506272517160175,1,54,0,1,1,1,4,4.942109321795744,24.350124627600827,122,10.194463432071304,2.1751038283373214,1,1
351,9.212979682376645,8,57,1,0,0,1,5,4.014304702218192,23.180528173218093,126,7.599199045195051,3.7429900452853806,0,1
352,8.81738726323789,3,58,0,1,1,1,5,4.93877631114964,20.82365448040531,153,8.969704560052676,2.996630412232766,1,1
353,7.825868854162859,6,64,0,1,0,0,2,3.5562430125558473,22.149156287565013,109,19.61296439128099,2.4029441081005047,1,1
354,7.6411374948008595,9,64,0,0,1,1,1,4.250642691546028,21.43628847438534,188,7.005447413386552,3.0458820390106207,0,1
355,8.78483855641263,6,65,1,0,1,0,1,4.753506697084663,23.683972843550986,176,9.043658787202158,2.144531680939731,1,1
356,7.553022621083244,9,63,1,0,1,0,1,3.7921931310826404,22.26708115312134,115,2.6703110270563912,4.712658509444508,1,1
357,8.671551162546926,7,57,1,1,0,0,5,5.14600714889387,24.946399725531926,140,0.9591546487397529,0.7470720090984845,1,1
358,9.380460482849916,9,67,1,1,1,0,4,3.970062597623837,20.273724911297975,197,15.508190291849893,3.5302616556342583,0,1
359,8.650948355751758,2,59,1,0,0,0,2,4.804562225636893,21.775076330681234,154,11.413663501439572,4.510771991724877,1,1
360,8.276339852413043,8,69,1,0,0,1,3,4.310394285150659,22.40950083554989,160,15.214096120877901,4.1174811893086405,1,1
361,8.786576436884706,8,55,1,1,1,0,4,4.692087190955294,22.515667773741598,185,2.9972559777310326,1.3281846566965103,0,1
362,8.416505780983034,2,61,0,0,0,0,3,3.714901105257816,21.579679111928183,180,11.436575423653819,0.0,0,1
363,8.59123357863187,4,51,0,1,1,0,4,3.5338255998432144,23.64620124548784,186,5.072849486827511,1.8316685704112976,1,1
364,9.38292961755305,7,56,0,1,0,1,1,5.319128854760603,24.373735367444873,199,4.561236338000398,3.7267157241819713,1,1
365,8.272205275601548,4,65,0,0,0,1,5,4.039260017534366,24.693596509889314,148,0.23052028105970512,0.8792175163134449,1,1
366,9.422381127647828,4,52,1,0,1,1,3,5.139354005560918,24.02546688399763,172,2.606814471381438,4.153377649246629,0,1
367,9.310701283912127,6,62,0,1,1,1,4,5.4987006009444,24.252900986532996,151,6.185362229993907,3.7350812507215565,1,1
368,7.891582269578593,10,52,0,0,1,0,5,3.9228625159978225,22.75272650309998,101,2.337575211818781,3.7832299215590415,0,1
369,7.638722601750331,6,67,0,0,1,0,3,4.030341482366711,24.129441132134072,195,19.71716880821875,0.9510861662041612,0,1
370,7.701556002754853,10,60,0,0,0,1,2,4.825719575269331,21.51751954573976,149,6.172652970479014,3.7299224516730387,1,1
371,7.5364436513031,3,57,1,0,0,1,4,5.4308972692012425,21.992393810546073,185,2.6064789340465633,3.559181563489865,1,1
372,7.688885921511857,9,55,1,1,0,1,2,5.331628696381488,21.584565069092722,142,3.981646256559155,4.239151208698328,0,1
373,8.866013546832713,10,50,1,1,1,1,1,4.50575104013117,22.336936677239628,176,11.75406456682953,0.6871818031541128,1,1
374,7.642377296920458,2,50,0,1,0,0,2,5.09022056505345,21.42789808119318,107,1.2808704772957702,0.6039980081050649,1,1
375,8.137951260587522,6,57,1,1,1,1,2,3.771491706199802,24.808057211272235,158,17.248682602823138,2.1785319494535234,0,1
376,9.18975062193891,7,54,0,0,0,1,4,5.454876368408025,21.56422314002834,164,19.229993584742946,1.169547277321188,1,1
377,7.546543871471652,9,65,1,0,1,1,1,5.428706468071973,20.4902226905547,180,4.934948413347618,3.0127301490659986,0,1
378,9.128936965177871,3,60,1,1,0,1,2,3.827457915758342,22.63408583025207,111,9.001905371817188,4.62807005678037,1,1
379,8.0637095495468,10,54,1,1,0,1,5,4.098846249606213,20.285495392225883,103,0.4426890205899414,2.261658786503071,0,1
380,7.7363296552433125,3,53,1,0,1,1,3,3.7003099950135336,20.5527158315429,176,12.81420449454443,4.302276697726718,0,1
381,8.893474330728301,7,55,1,1,0,1,2,4.043435197796359,21.09694694598123,194,8.278521161051778,0.5010839353303991,1,1
382,8.757885693559768,4,63,0,1,1,0,1,5.1319115788304135,22.32175124941071,140,5.401169322031114,1.258315895566329,0,1
383,9.254944027054107,8,68,1,0,0,0,2,4.256631214330519,22.16625466154514,106,4.1367422123321695,0.6369059284433853,0,1
384,8.97014208760777,7,58,0,1,0,0,3,3.6767939342935168,23.998459310013956,186,13.080461553175208,1.9766623123178089,1,1
385,9.106961860769697,5,61,0,0,1,0,1,4.1844510495578096,23.697373269420567,187,8.32434062064629,4.586853180634263,1,1
386,8.064069145142613,7,60,0,0,1,0,4,5.46276666848256,22.131591469953506,168,3.5931857805982403,0.9362845561954449,1,1
387,7.854879087559445,3,63,0,1,0,0,1,4.759367190518406,21.66852103787815,168,13.782181629736481,3.2288439953471015,0,1
388,9.001229503281717,2,65,0,0,0,1,4,4.332321892812315,21.582343920307494,180,11.301445660733872,2.5317317260374987,0,1
389,9.113669478534527,6,50,1,1,0,1,1,3.8330770269945402,23.869975436470046,129,17.173441098589922,4.7231069556461565,0,1
390,9.481010284001346,2,62,1,0,0,0,3,5.472353594567389,20.26036203110635,172,2.349517977529858,1.0513361414169222,1,1
391,8.325235353822853,3,62,1,1,0,1,3,5.141698018526258,20.06410824755303,105,15.713332038889122,1.4541253272600303,0,1
392,8.244036171585567,6,51,1,1,0,0,1,4.062954604901838,23.97772195963324,188,13.47033573634518,0.6329388587517197,0,1
393,9.052825921483993,5,53,0,1,1,1,2,3.640137391442379,22.385731879945247,118,2.3002187365619564,2.4527086233411817,1,1
394,8.181607080506035,8,55,1,0,1,1,3,3.613251114755116,20.65440569276788,179,13.896414597434415,1.7502480480409444,0,1
395,9.361514651207129,9,54,1,0,1,1,4,3.7407562990110677,21.177829672972507,184,8.830945777596607,4.414576702506444,1,1
396,9.216825503686024,3,52,0,1,0,1,4,4.661537167228843,24.662519765486913,165,18.899695711116863,3.222233659389898,1,1
397,8.357988054750036,10,50,0,0,0,1,5,5.3575268424109845,24.29751487812449,109,2.8322270123579862,3.2634083208906577,1,1
398,9.001742135582994,3,53,1,1,0,1,4,4.493486856011969,23.54892525111986,115,12.85666781631476,2.893598135965861,0,1
399,9.009085748169365,3,69,1,1,1,0,5,5.185890964912394,22.411126151686634,136,7.6396009092589185,0.9133265175314045,0,1
400,7.706247737671865,6,51,0,0,1,0,1,4.391773239719615,22.60161813095693,178,19.136293411817554,2.5025840767640988,0,1
401,9.305105813359134,1,54,1,1,0,1,1,4.91716709153565,24.876222676419793,176,6.59949790580553,4.997773353688324,1,1
402,8.510504744895714,7,52,1,0,0,0,1,4.963745474573002,24.828852219421435,176,19.243718189836002,4.258531808807067,1,1
403,9.152914932215483,1,58,1,1,1,1,2,3.847927411806677,21.07634522892917,131,18.02971702201498,4.520565743752021,1,1
404,8.140099202061224,5,69,1,0,1,0,2,4.222432117951623,24.05552283152659,146,5.407664706213127,4.204518616609247,0,1
405,9.291046456992401,10,55,0,1,1,1,5,4.774604313076048,20.986213330835085,171,16.070835536528556,0.963687620439422,0,1
406,8.278403357468326,8,67,0,1,0,0,4,3.6413932163687326,21.067687389419756,142,19.91208403607012,1.5235171432915984,0,1
407,7.521675302960597,4,55,0,0,0,1,4,4.223080375525913,23.380465170822884,181,5.053260043425647,0.5140474311038433,0,1
408,9.310763952838528,5,68,1,1,0,0,1,4.569598932562385,22.02500549293774,135,8.735543386466393,1.8657955619515016,0,1
409,7.682573353572267,4,61,1,1,1,1,3,5.492448986089277,24.6577220355326,125,10.403614731335193,0.9887333105592166,1,1
410,8.13862727518083,4,60,1,0,1,0,2,4.4490671252448815,20.445048674480045,109,5.898622716077286,2.6275700538571236,0,1
411,9.40012393410161,8,51,1,1,0,1,2,5.132113514228648,22.557628204047464,130,0.3052967929205952,3.5470736985825586,1,1
412,9.401214293875112,2,64,1,0,0,1,1,4.364134570133236,24.592607652215605,196,4.402584883950533,4.435273827671347,1,1
413,8.646875776246572,1,61,0,1,1,1,2,5.092781445239417,24.520568302397525,128,5.638737686835169,3.871477242909042,0,1
414,8.763674424339598,3,61,1,0,0,0,1,4.690829603240217,20.782646067078705,104,8.871994026363744,4.7236351810032735,1,1
415,8.39689104395664,9,58,1,1,1,0,5,5.273190883004797,21.833188500482283,176,3.4220495682680374,0.7425423067720496,0,1
416,8.08642154339613,4,51,0,1,1,0,4,4.32188510470022,23.095607000233482,100,17.465087133833453,0.5548092593744365,0,1
417,8.157329090739832,10,52,1,1,0,1,3,4.708608839642958,20.796974423857012,186,14.098222654626722,3.4760215122629567,1,1
418,8.845036912154077,5,61,0,0,1,0,4,4.7600373612376545,24.840110860228695,102,1.7040095511932396,1.8020858460001081,0,1
419,9.00474905887536,2,65,0,0,0,1,4,4.334765883600946,24.5737466436383,166,13.001849022798629,1.6407545724759791,0,1
420,9.083158087451697,4,50,0,0,1,0,5,3.788624087374963,20.834750895172345,170,13.073129528112409,1.9889918946220742,1,1
421,9.079236285589108,2,52,0,0,1,0,2,3.687118813824671,20.605777306304926,199,19.124423472872554,1.7140822605156387,1,1
422,7.68241220609738,2,69,0,1,0,0,3,3.533343101199266,20.427042414041328,134,0.060417427123224954,2.801463828357143,1,1
423,8.488840609405162,4,51,1,1,1,0,2,5.247068528490429,24.547218320183156,114,4.958648996116144,2.4806680125085965,1,1
424,7.615117520033289,6,58,0,0,0,1,4,3.9729498244773893,20.968119048977304,166,18.55582958750631,2.8059284811949534,1,1
425,8.59905776464747,7,68,0,0,0,0,1,3.9230134985635363,22.081424642721775,192,18.64267830796566,0.0,1,1
426,8.383061002746754,10,64,1,0,1,0,4,4.972070800852131,22.244256828260013,129,14.411728387412747,3.5272112517519627,0,1
427,9.275408365516599,3,67,1,1,0,1,2,4.1400322261747835,22.995055221067837,181,15.315266420950799,2.2420872903701676,0,1
428,8.201830025104158,3,60,0,0,0,1,4,4.512089384823673,20.358676718737126,174,1.8296591585929423,1.6308845921397055,0,1
429,7.734134032855212,10,65,1,0,0,0,1,3.8250221305949124,21.13379308700258,142,10.277516695564673,1.2479024156393546,1,1
430,7.785983364105672,6,66,1,1,0,0,5,5.419491442923938,24.65745193459463,159,4.6316598257799875,2.072633537896815,0,1
431,9.023021263434945,3,54,0,1,0,1,2,5.203162800034475,24.54205053634285,139,3.6243608722723453,3.838129138607774,1,1
432,8.736436126632523,2,61,0,0,0,1,4,5.227579245930007,23.90645323702846,164,16.20606598246665,3.905172095501613,0,1
433,7.702245352245581,8,60,1,1,1,1,2,4.31354749714401,20.09700622809108,128,2.7007627336109485,3.501074240078946,1,1
434,7.668213612229994,5,64,0,0,0,0,5,5.024722427414345,21.63503384248051,173,9.373032739927705,0.0,0,0
435,8.90193826291824,1,52,0,1,1,0,4,3.7877523107795605,23.13979367671454,191,18.77156479172066,1.5531267888809357,1,1
436,7.6455260127283875,3,50,1,0,1,0,4,3.5172380051835606,21.37595105886738,194,3.716641111306851,3.14638810634614,1,1
437,9.143720118580713,10,69,0,0,0,1,2,3.5399458651560565,24.547933475268888,118,19.55986847476469,3.068103477095816,1,1
438,8.912484454312992,8,65,0,0,1,1,2,4.673203474809121,23.16944730916221,102,19.88575971522118,2.679197891493765,1,1
439,7.6626975612837995,4,51,0,0,1,1,1,4.410789810495881,20.359533586582227,135,11.112343093648057,2.974905438727389,0,1
440,7.669675428170384,7,51,0,1,0,0,5,4.53603069781704,24.545027944178514,142,3.4028548035431583,2.7130578468065063,0,1
441,9.47327915700235,10,52,0,1,0,1,1,3.514926280834439,24.78883329088111,114,6.322097758817913,3.044553647333487,1,1
442,8.248541591512241,2,57,1,1,0,0,4,4.345373239314851,20.388562091958626,196,8.489856653530703,3.7197767957950796,1,1
443,8.241284294133782,7,64,1,1,1,1,2,4.936136322401722,22.661801174306575,140,6.186484487164458,0.9933268748154789,1,1
444,9.125599134515005,5,56,0,0,1,0,4,4.385387403934872,21.51682141107085,189,5.612711597530316,3.873315884670607,0,1
445,9.394497154767718,5,55,1,0,0,0,4,4.964438412624444,21.964195382407013,179,19.44459418432715,1.1114876755741738,1,1
446,9.472002127645741,6,58,0,1,0,1,3,3.9660379287936696,20.89825608977671,135,3.067296548314913,0.7998259928466862,1,1
447,9.006756370517884,9,69,0,1,1,0,3,5.1262840089634505,22.890360510062063,196,14.666558174337245,4.892358587996604,0,1
448,8.25251917106183,6,50,0,1,1,1,4,4.676862480906904,24.789896766244453,183,0.008205788783497425,4.806462959916987,1,1
449,7.6670014333973375,8,57,0,1,1,0,2,3.9215261988598122,22.515363001358047,176,11.923653388047537,0.7719644522325382,1,1
450,9.054293831854874,7,52,0,1,1,1,4,3.9734409517076656,20.414572906972406,132,18.31886007908105,2.49464048663733,0,1
451,8.61680849947161,9,53,1,0,0,1,3,4.756060929139074,23.100006667387042,104,5.75868188186438,1.3381022223489862,1,1
452,8.348444018493952,4,64,1,0,1,0,2,5.159879186424886,21.701114972256285,177,3.710519505154384,2.6840520371048813,1,1
453,9.312708770189472,2,55,0,0,1,1,4,4.33125556405831,24.27962594795649,190,13.033595897568539,4.235797593498143,0,1
454,7.7223949646123025,7,64,1,1,1,0,5,4.016600858255185,22.173390741582352,186,14.252028145967863,4.777752986343006,1,1
455,8.485250208581718,6,52,0,1,1,1,5,5.234023213821201,20.964198044711228,113,13.760610379039626,3.354136940531918,0,1
456,7.522707289534838,1,63,1,1,0,1,4,4.83853658350167,20.955528113455724,167,6.386337600427481,2.092575502453177,1,1
457,8.437321283988252,9,69,0,1,0,1,2,4.396170974566153,23.843820903605803,182,5.044048043186617,3.214965045400693,1,1
458,7.612606551363674,9,63,1,0,1,1,4,4.475800390558604,21.3279379915368,146,19.118375999240882,1.9040058774880264,1,1
459,7.737635832536144,2,53,0,0,1,0,4,3.9085129358727926,23.836166970796114,153,18.46599016539859,4.594206383744272,1,1
460,7.7350524935542095,3,61,0,1,0,1,3,4.753605260129688,21.029436553832998,103,9.146332197856406,4.4168020839762665,1,1
461,8.798420604232128,5,66,1,0,0,1,5,4.2174850210857775,21.608431843506548,193,16.923877323087467,3.0120428762584743,0,1
462,8.992089758530847,5,56,1,0,1,0,3,5.491290353348699,22.327434862198498,182,9.04646955268592,1.9615951192116223,1,1
463,8.66673753019432,1,58,0,1,1,0,3,4.460367030523775,24.715979248467253,194,8.487780361450207,1.8202535401234026,1,1
464,9.424345096949084,8,52,1,1,0,0,4,4.471771212379227,24.658657123769125,194,3.135258951985893,0.6503809761727676,0,1
465,8.249741159047408,8,62,0,1,0,0,3,4.631703574821344,21.03435937711144,108,8.528121129839457,4.171193829613829,0,1
466,8.071424172563722,4,64,1,1,0,0,5,5.333512006237493,21.791095206215363,152,10.74833877199614,2.526724458675536,1,1
467,9.237198256378921,7,67,1,1,0,0,3,5.1016361997195006,20.74699694226886,176,0.4500865485737293,1.9630981778011898,0,1
468,7.947191677038905,10,68,0,1,0,1,5,4.402260139595683,22.549925396567485,177,8.882260103508129,2.6199965974898927,1,1
469,9.426445078881223,3,50,1,0,0,0,3,4.9373985319455915,22.302912753473333,159,15.627124367904006,4.184320957045934,0,1
470,7.524308949379632,6,55,1,0,1,1,5,4.672470997561524,24.50380081225366,145,13.600921127485396,1.0607639346838453,0,1
471,9.439757653415278,10,51,0,1,0,0,3,4.484734097402498,24.650026888955363,153,12.7031397772787,4.359451947088223,1,1
472,7.586319823901152,10,63,1,0,0,1,3,3.884631545568701,21.91783695503646,173,18.19110856874405,4.538789757987593,0,1
473,9.282286227396142,9,55,0,1,0,1,2,4.427872526909782,22.45868971509495,194,0.3606401965046002,4.760185617652497,1,1
474,8.555402218172599,1,63,0,1,0,1,5,3.9916371740451493,24.481181245730667,136,11.140951723844683,2.288695965901825,0,1
475,9.4859295922386,5,53,0,1,1,0,5,5.32968429970331,24.03353903872531,122,15.746976968194142,1.4771318181695234,0,1
476,7.647593129470797,4,57,0,1,1,0,5,4.170813626992694,20.018281556723245,126,10.826707654025345,2.181383683100143,0,1
477,8.607708568802641,8,52,0,0,0,0,1,5.404528029066745,21.600297820917913,169,6.477911051607583,0.0,1,1
478,9.438605071238198,1,68,1,1,1,0,3,4.566110580189422,22.10887120968063,189,2.725011301839557,1.9981044330413147,1,1
479,8.546195688340298,9,63,0,0,1,1,5,4.763088757352321,21.148581418416157,165,17.751261436323826,1.2926926062628703,0,1
480,8.758797276270524,6,69,0,1,1,0,1,4.5858808889786555,20.997858079479695,160,9.41524784775206,3.232700015456696,1,1
481,8.891497377969234,4,66,1,1,1,1,2,3.758761233933402,20.1889225329784,176,17.562303939714027,2.64480872228883,1,1
482,8.409082129535546,9,57,1,1,1,1,5,4.251642438015882,23.216848625348803,150,11.717042448663367,4.3956544654580165,1,1
483,8.755116160168127,5,63,1,0,1,0,5,3.6982922245552476,21.31255145241583,149,13.483842332300016,0.6444931121692621,0,1
484,8.6686286238462,5,55,0,1,0,0,1,4.745908088366764,20.261735892156565,118,16.085223087569002,3.3974056739980685,1,1
485,9.302316020981978,5,65,0,1,0,0,3,4.393748390400878,21.154896552640317,100,13.183110892002688,3.933269953302025,0,1
486,7.590892760682916,1,68,0,1,0,1,2,5.055969943141873,24.009569764180632,139,7.961096813578754,3.9176895613473817,0,1
487,8.061926379184461,1,63,1,0,0,0,5,3.9409409619987397,24.257445908232732,131,10.27266767857302,4.487332851929863,0,1
488,9.400822968153118,8,68,0,0,0,1,3,3.82913211685867,22.41533122596651,121,16.060910493517596,3.7806518427327234,0,1
489,9.280527567781833,8,52,1,0,1,0,2,4.312664461927536,22.08035335204343,192,7.473005927459684,4.675145277414633,0,1
490,8.411313505571426,6,59,0,1,0,1,4,5.3531707664367625,24.88926846750891,165,7.762429135369942,1.9969546991940117,1,1
491,8.740265195603074,4,68,1,0,0,0,4,4.920843630024823,21.00282329794035,139,1.913802321160023,2.764442375381944,1,1
492,8.054762365962265,2,58,0,1,1,0,2,4.337847249585837,21.07679641427304,137,18.291688704434954,0.563358484773008,0,1
493,7.876242319447522,2,69,0,0,1,1,1,4.534544339508621,21.459335885182,147,1.8207262989088346,0.5313091428648105,1,1
494,8.427396809879964,9,62,0,0,0,0,2,3.668426022354197,20.863786591405436,154,12.964183548971118,0.0,1,1
495,8.206704456052105,5,56,1,1,1,0,2,5.469151792752227,21.896827991020935,174,8.263889576055954,1.5805697920318396,1,1
496,8.667312223701744,4,63,1,0,1,0,1,4.832814609389838,24.554171134948767,180,8.112387805108847,0.9536323871258836,1,1
497,7.6554692739299695,10,58,0,1,1,0,1,4.0708081369268445,23.07673920314287,154,13.591036731453679,1.6709511557108914,1,1
498,9.448789615332332,1,68,0,1,1,0,3,4.671616788430489,22.059732743061318,150,1.3418746525975744,1.2966948253777884,1,1
499,9.472421488959206,7,64,0,0,0,0,3,3.718964732137988,24.672053972856073,159,11.874115659028693,0.0,1,1
500,8.89632342803949,3,69,1,1,1,0,1,5.431673337615167,20.242321162379113,107,15.440635719447096,0.6283401117739171,0,1
501,8.57219273268824,6,63,0,1,0,1,4,3.849569975766732,21.051380889509307,185,16.564255157731886,4.591868658827222,0,1
502,8.119055232572656,5,55,0,0,0,1,4,4.796060636110428,22.829443025508795,167,3.410607787875506,0.5370040912500118,0,1
503,9.127590039413898,5,53,0,0,1,0,2,3.9909089250778607,23.077763115965894,174,17.948381001563472,3.812369649516884,1,1
504,8.869462345107758,5,57,0,1,1,0,5,4.935122765297072,20.197787532813066,171,13.122921836948844,1.1846654911378245,1,1
505,7.825233878689783,1,66,1,0,1,0,2,5.053642734480562,22.01519378953566,108,17.637096016413658,4.6050332989982,0,1
506,9.321854368987685,1,58,1,1,0,1,2,4.846839457822865,23.245769824154365,189,9.705614342203965,4.517581728154486,1,1
507,9.145074485846338,3,50,0,1,1,1,5,4.728998920510385,23.49035273201701,101,10.84066690194404,3.442555158661658,1,1
508,9.399599826583849,10,69,0,0,1,0,1,5.284938187904023,23.190699512581347,179,18.38076554057342,3.525053674102723,0,1
509,8.95143901677672,4,63,1,0,1,1,4,3.657253421979516,21.602816121804622,194,17.998190867093435,0.5240261388635985,0,1
510,8.72683039187158,5,60,1,0,1,0,2,4.16182953156039,20.467600617989547,169,8.96321746738004,4.931922047511209,0,1
511,8.336486072581238,2,52,0,0,1,0,5,3.996574959261692,22.13556223209667,184,5.488252632713635,4.450246716091165,1,1
512,9.365456966708027,8,58,1,1,0,0,3,5.476027924130843,20.643772186840277,189,7.863408691285283,4.527978015785414,1,1
513,9.232127779000816,2,63,1,1,1,0,2,4.278779559333747,24.738118292603335,158,7.755286570594995,3.466600416728924,1,1
514,7.590437340212379,9,58,0,0,1,1,4,4.965225398480797,22.375854330113143,118,5.7373374996558795,2.0515411789454143,0,1
515,7.552733948994504,2,53,1,0,1,1,1,4.869450327762009,21.586295871784337,127,5.371592086659332,4.521418920907164,0,1
516,8.2529267337561,9,53,1,1,0,0,2,3.9241624749547555,23.8315203555945,171,17.22125872959439,1.8118261766803656,1,1
517,9.121106661563665,7,57,0,1,1,1,2,3.977995360423103,22.48974296291132,113,1.3972384136932336,3.0322019450399127,0,1
518,9.474552258629888,8,51,0,1,0,1,5,4.062569127106068,21.55017012006225,123,13.552223641991883,0.9487893755474708,0,1
519,7.800833782207056,2,58,1,1,0,0,3,4.322254556518758,24.059838711954008,143,3.456401029129046,4.648800335597376,1,1
520,8.68826143070427,7,63,0,0,1,1,3,3.968650131301054,24.33576075500561,155,6.890117867881265,1.13346705997046,0,1
521,8.261781713262042,6,58,1,1,1,0,1,3.539302965493696,23.365040831443384,189,1.2308606826967372,1.5120356257868326,0,1
522,9.439828795629207,4,65,0,1,1,0,4,5.258786113614391,20.234822112038337,194,5.399472737109241,3.0116037115769676,0,1
523,9.184237846271417,7,66,1,0,0,0,1,5.431219662761768,22.83161440083266,150,15.368421422344841,3.938418500958417,1,1
524,9.176657409422276,4,65,0,1,0,0,2,4.183140774063136,23.816474559986407,131,17.700306490945174,3.287080876713345,1,1
525,8.43738631958994,2,61,1,1,0,1,2,4.177013758850945,20.68251506041791,149,4.430543038047341,1.5446026076007027,0,1
526,8.32963900467533,10,52,1,0,0,0,3,3.5141836255487418,21.143353756923016,140,9.270956785178438,0.5042436913737065,1,1
527,8.046814143861413,7,60,1,0,0,1,4,4.860501376660748,24.41247552534068,165,9.406480958744128,3.907177611383476,1,1
528,7.612750993301854,8,63,0,0,0,0,5,5.150879791497258,20.10060860926537,124,17.471506115194686,0.0,1,1
529,9.229444752510107,2,67,0,1,1,0,4,3.7932166007200063,23.76363568912988,160,15.255981057516108,4.933432966599922,0,1
530,9.125802018260154,5,54,1,1,1,1,2,3.8193326987343017,22.368866462572115,165,10.261544367360997,4.144609041377407,1,1
531,9.49943534657226,1,65,1,0,0,0,5,5.080166499942876,22.233860794198034,141,13.414944009435468,2.570929781704769,0,1
532,9.493273674147812,7,69,0,0,1,1,4,4.732581496708289,20.035482662474436,164,16.947101078187337,4.56695267629598,0,1
533,8.610863411205255,8,54,0,1,1,1,4,3.589721115255434,24.096991154832466,135,0.19077908051089887,2.344314529032575,1,1
534,9.037974830361021,6,52,0,0,0,0,5,4.745093980924564,21.79912450318283,175,8.057800621000972,0.0,0,0
535,9.389531459764855,5,61,0,0,0,0,2,4.117835445687533,22.703828156502716,108,18.144863345541573,0.0,1,1
536,9.199294781354823,6,50,0,0,1,0,4,4.237450310941692,23.386503431678296,135,14.806260616879028,2.862203379095604,1,1
537,7.994696203486395,2,58,0,1,0,0,5,5.03946283659376,23.51314788218958,191,10.856827486681492,2.6470839532805748,0,1
538,8.401088270620187,1,58,1,1,0,0,2,5.121870385345221,24.77990029413036,137,10.592890540702669,2.514307426994862,0,1
539,7.75831883030299,7,53,0,1,1,0,5,4.300713253679661,22.656699766183046,132,6.955401952088756,3.9883584618225756,1,1
540,9.408102054517444,7,52,1,1,0,1,5,5.394305872012709,21.998597754872137,141,10.41041067283029,2.870460082712714,1,1
541,8.712349268901761,10,66,0,1,1,1,4,4.312925435904145,24.76851813245854,160,13.107663989269065,1.9252270491134724,1,1
542,7.957285611006926,10,51,0,1,1,0,2,5.04367207046022,23.210551175127605,145,8.36726076857586,1.6617117544631523,1,1
543,8.843401368811714,2,50,1,0,1,1,4,4.467754529128518,21.490751781382777,185,14.28306292784348,0.6698629263534502,0,1
544,8.736256480915792,2,57,1,1,1,1,1,5.295064653044168,20.632321227017854,188,17.224644545207717,3.1243782284737067,0,1
545,8.21632543606568,1,62,0,1,1,0,1,5.315522487300357,24.21277250732591,160,3.0936969636972234,1.534826369304654,0,1
546,7.727115184399258,10,64,1,0,0,0,2,3.674833615742168,21.810908013970757,117,9.030940456348489,1.1666026490737238,1,1
547,8.843146391185599,8,57,1,1,0,1,5,5.372986662620452,23.302348606822157,169,8.160401825701623,3.4422348372245493,0,1
548,8.540615401807587,8,61,1,1,0,0,4,5.151069683040832,22.35408209682949,181,13.749296080994561,3.56544166019697,0,1
549,9.04463678347128,1,61,1,0,0,1,4,5.082621428625334,20.994648898975193,179,4.997349305158587,3.884697015159497,0,1
550,8.540327002223986,8,63,0,0,1,0,2,3.901822679371045,23.008433043102325,114,12.805018299045525,2.7660960335236617,0,1
551,9.20436300063708,9,64,1,0,1,1,2,5.11023841750933,20.30341534475341,147,17.54978483462976,4.52324572341749,1,1
552,8.60381367754897,4,64,0,1,0,1,1,5.200265469370073,22.066712299355963,171,8.362631995872453,4.713542390292025,0,1
553,8.621875943070773,1,58,0,0,1,1,3,4.078300668908302,22.733074698318354,112,18.220313999584402,4.133169229066203,0,1
554,9.25330720531669,1,68,0,1,0,1,2,5.404520156724647,22.180234870592894,142,19.86327477866957,3.3601706690368425,0,1
555,8.306965732424795,3,69,0,1,0,0,3,3.5997202927983283,23.743360876254954,159,2.1218409989590414,1.866744291160349,0,1
556,7.768030456901282,5,57,1,1,0,0,2,3.7998185064942795,24.139624772726563,156,4.661063759697173,4.923252147290995,1,1
557,7.557565352626678,5,68,1,1,1,1,5,4.575162276103029,23.85621537016589,170,19.007595029641863,1.7336127523637226,1,1
558,9.010274511347237,9,55,0,0,1,1,5,4.65158494224462,20.194064739059012,116,19.166553729627736,1.4119561489569397,0,1
559,8.74061910270693,10,69,0,0,1,0,1,4.790300166601806,20.970643852229863,149,1.95414550773517,2.489693512039622,1,1
560,8.908159536198447,2,68,0,1,1,0,1,3.5339382586309327,22.68303754631887,131,0.2999700075427336,0.7557825682057481,1,1
561,7.925928323017821,2,53,0,0,0,1,3,5.420733549244261,24.674110202219005,121,3.222000465128445,4.903225091023058,1,1
562,7.772742951173539,6,56,1,1,1,1,2,3.589176185468288,24.174783875260584,154,19.920255667644966,3.147951003873912,1,1
563,7.529089331335764,9,53,0,1,1,1,4,3.7861239054468045,24.21267254175901,156,3.5999923322137373,3.006284412488789,0,1
564,8.201175117613193,1,61,1,1,1,1,1,3.528029035052114,21.516040968798375,112,10.050952134440463,3.4510832595487395,1,1
565,8.679835373709267,9,62,0,0,0,1,4,4.633716866588189,22.147239485393513,146,16.96835452861022,2.73660641499743,1,1
566,8.284488090199465,9,52,0,1,0,0,4,5.3645337678419445,22.353529736579688,186,0.4080322137641268,0.6442858269254371,0,1
567,8.374949844047459,9,61,0,1,1,1,2,4.831894332160928,20.78685791674955,161,12.08977964516919,3.2554007997817855,0,1
568,9.308317388987497,5,51,0,0,1,0,3,5.145314936960855,20.155340651222282,153,5.540508977392486,3.722782446303938,0,1
569,8.1965109340466,9,51,1,0,1,0,2,3.52656240691716,24.734514497302584,128,17.246698328794633,2.375370772808239,0,1
570,8.527978978319622,4,58,1,0,1,0,1,4.584030596959452,21.203562928317535,121,5.669222985281584,3.907830074320368,1,1
571,9.067306025482287,2,50,1,0,0,1,4,4.419125955011044,21.199744518618157,164,13.735114405638178,1.5215058470228928,0,1
572,8.29308556464254,6,57,0,1,1,0,2,4.497935888441586,20.4168952688438,128,13.484392648947939,1.4957446597978281,1,1
573,8.744173400455747,4,55,0,0,1,0,2,3.644426370670376,24.642538759718892,147,4.429870977192801,1.2263764445940828,1,1
574,9.22472741749349,6,55,1,1,1,0,2,4.868870722138615,22.89868557469886,104,0.6959839973670023,2.173976419051228,0,1
575,9.399041247315285,3,67,1,0,0,0,1,4.506440829717269,23.33518428562677,134,8.184991475707946,4.311554159250876,0,1
576,7.794146961858075,6,66,0,0,0,1,3,5.030297699722528,24.557884436315263,173,5.783863039317394,4.225604279670789,1,1
577,9.35317525032299,2,61,0,0,1,1,2,4.47058126812343,21.72810084450395,182,16.179554992274173,2.222708935835767,1,1
578,8.484232586159077,2,55,1,0,1,0,1,3.798763272452864,23.10753655569042,170,16.007283769106905,3.1510343119110646,0,1
579,8.016488776597917,9,57,0,0,1,0,4,4.796513908155644,20.193997273644438,145,9.14047904385251,3.7436734241371203,0,1
580,8.418271512476522,7,68,0,0,1,1,5,3.8447727242103324,20.933862641155645,134,12.13024450646438,1.5854304858261035,0,1
581,9.460065150570955,3,59,1,1,1,1,1,5.24478912670963,24.15622902544971,144,12.085190319738503,1.256634886526362,1,1
582,8.48523618798574,1,50,0,0,0,1,5,4.726232478138483,23.833841781691678,112,16.543162968552465,4.874431969455399,1,1
583,8.157503220575016,8,62,1,0,0,0,2,3.8144077671139085,21.753213457285735,109,8.50004828246395,3.2790079094432834,0,1
584,8.766801708633452,6,66,0,0,0,1,2,5.424676114962414,21.884053138871064,165,5.5089335958101815,4.916370748251487,1,1
585,7.980291237556386,7,52,1,0,1,0,1,4.536730926670641,22.667772167767897,169,5.30069836281095,2.019901942095031,0,1
586,7.651726656217328,9,57,0,1,0,0,5,3.6457969037433102,20.001205023425673,171,10.723845585644083,3.6636426498835917,1,1
587,7.757759443821298,5,63,1,0,0,1,2,4.753665808830134,21.20622168019014,199,8.98296405464425,1.5017163644355698,1,1
588,7.756091677915545,1,52,1,0,0,0,4,4.00639781402562,21.041159043041073,124,8.802415419698724,1.6754007707326082,0,1
589,7.803805387024589,10,65,1,0,1,1,3,5.107386903754605,21.252414733748818,143,1.8227467817941445,2.803559545713308,0,1
590,7.777654345298821,7,62,1,0,1,0,3,5.135644147132381,24.029529212667207,159,14.372074813803913,1.9382815647863205,0,1
591,8.78174948960643,5,69,0,1,0,1,2,5.457894711709324,21.398369282732215,146,4.274733759638214,1.25429703728263,1,1
592,7.86376016879829,3,66,0,0,1,0,5,4.503739062049007,20.957606610250743,139,3.9390726041744273,1.6829631589519671,1,1
593,8.191334566647726,9,62,1,1,0,0,2,4.409913759455474,22.52131730396516,106,8.255166405547868,0.6608677750963909,0,1
594,9.293576819812024,1,55,0,0,0,1,5,5.006951210892961,24.328225181863658,145,4.555566832356028,3.6699062966486897,1,1
595,8.447923280525744,1,66,0,1,0,1,4,3.7649413126838533,21.2067485191875,122,11.677165346160308,2.714524956886377,0,1
596,8.835115477042054,1,63,0,1,0,1,5,4.593831027586249,20.392681213963993,182,7.42926678668943,0.9240937988203652,1,1
597,7.84463974240326,3,66,0,0,1,1,2,4.592495200261702,21.782023679248322,145,8.978234451855801,1.2726229690782105,0,1
598,7.8845780376173416,6,57,0,0,1,0,4,3.678946245620774,23.73825912282489,185,10.743386432080577,0.9614054215068981,1,1
599,7.581737232532958,10,60,1,1,1,1,1,4.335968171013827,22.753452723473973,112,4.070710449636097,3.2566676372414443,1,1
600,7.837870126144329,3,69,1,1,1,1,3,5.206569597134404,24.083966847871736,120,3.115032457310596,0.9239466362562221,1,1
601,8.057180678063917,8,50,1,0,0,0,2,5.21230724398932,24.79796073804617,100,17.608438057472096,3.8942704986584724,1,1
602,7.854020968553494,10,56,1,1,1,1,2,3.6984753298393622,23.963312383758087,118,8.674474056628421,0.5922991369417603,0,1
603,7.677405067514111,2,66,0,1,0,1,2,3.681441765495662,23.019015394218766,159,8.241872192650783,1.6221910459815145,1,1
604,7.741271742201201,9,59,0,1,1,0,4,4.02539095400387,22.4667079402619,132,0.7122430054568296,4.508000041513582,0,1
605,8.421557536065452,3,60,1,0,1,1,1,5.2495321251079865,20.200345431741333,103,9.959526051747865,3.7333909315501073,0,1
606,7.912667436811585,5,58,0,1,1,1,5,3.757805170146998,24.921609894070208,102,11.083394432220002,0.8283574981655948,0,1
607,8.228539722096151,10,58,0,1,0,1,1,4.939993605254893,21.917405612875214,190,11.17681741909333,4.195067470183309,0,1
608,8.506834541709713,8,54,1,1,0,1,4,3.7023312392262064,20.761141069584333,151,14.140623386457687,2.7186580469309214,1,1
609,8.880789657258731,2,66,0,0,0,1,2,4.74627570749565,23.333544276982284,198,3.5496366998202356,4.310523622259732,0,1
610,7.578624279682198,6,58,1,0,0,1,3,4.21213459823829,21.421441445477296,127,5.044462684612377,3.2033289850267703,1,1
611,9.098820797818085,5,66,1,1,1,0,2,5.077827925931734,22.92889135465524,169,16.214609304608253,3.5682486441478645,1,1
612,8.755800778981815,10,68,0,0,0,1,5,3.9673808976507274,22.933839539222955,169,18.94341233686788,4.9707570217806865,1,1
613,7.663518063897744,9,56,0,1,0,0,3,4.7784036587799195,22.228649104514346,154,2.7186549473464128,1.5455099566580817,1,1
614,9.247157248213554,5,58,1,0,1,0,2,3.97136506915177,24.180593077725213,156,9.952991090104364,3.3077550864262477,0,1
615,9.341744801063626,2,56,1,0,1,0,3,4.927320566224307,21.324835307777214,186,4.2835250547917365,2.5714462552582926,1,1
616,7.622155919709727,5,62,0,1,0,0,1,5.247356069121498,22.24316295808867,196,1.2014633670996488,0.6775337881521115,0,1
617,8.053755296294408,4,60,1,0,1,1,4,3.75360359825352,22.68846064295486,115,6.510066762522708,0.5651178867628927,1,1
618,9.112402559586123,7,63,1,0,0,1,2,5.233191377191007,23.318123603836497,123,2.873752503684255,1.036528600180364,1,1
619,8.996519380767317,6,68,1,0,1,1,5,4.687150508828596,23.91985925252795,168,14.198661468684925,3.4209128324234666,0,1
620,7.869042038712754,2,60,0,1,0,0,1,3.754220981734048,21.97403641439128,140,10.674508273428888,3.052233895610265,1,1
621,7.918698646673421,5,62,1,0,0,1,2,4.355083710719424,23.23023472048298,176,2.8766894198062176,2.9904330252367735,1,1
622,8.240944205582764,7,63,0,0,0,1,1,3.821720586970196,20.753054765342597,146,0.18483176811028734,0.6433554313771703,1,1
623,8.469045970382043,7,62,1,1,0,1,5,4.900695777733139,24.66324050271239,175,16.163140980484254,2.6118634836200316,1,1
624,8.736509543060592,5,50,0,0,0,0,2,5.0177362688358995,21.915294032105017,168,3.5238881232849506,0.0,1,1
625,8.237827279139545,9,57,1,0,1,0,5,3.7115930405455977,23.64760710988219,130,12.12433284441532,4.660802680291378,0,1
626,8.425069432266296,4,61,0,0,0,1,3,4.512279705389289,20.10170540941089,191,6.738438261534911,2.28916341189791,1,1
627,8.994941876267513,3,68,0,0,0,0,5,5.129250112051834,21.025935714524035,191,11.709718766300712,0.0,1,1
628,7.573366405781195,4,61,0,0,0,0,3,5.372326083101993,22.43541272161789,129,6.31307253964648,0.0,0,0
629,8.004873888688042,5,57,1,1,0,1,2,4.52703573348354,24.391262338661733,117,1.7387912138450834,3.3121511140480537,1,1
630,8.926699171769105,6,57,1,1,0,0,3,5.400558447222814,22.636275749753384,143,4.459000171155072,4.009184040304146,0,1
631,9.290413675374399,3,62,1,0,1,0,2,4.571377940912059,24.649352411469394,126,3.761171329581512,4.0276637561384945,1,1
632,8.523354884231333,2,61,0,0,1,1,2,4.2883809891998155,22.41898448291398,198,8.560387048792876,2.836760370778721,1,1
633,8.564226970530632,4,65,1,0,0,0,4,5.1964062571057905,22.45224548367975,125,13.165675668523146,4.360783754310513,0,1
634,7.714344022679552,5,50,0,1,1,0,2,4.485965420916179,20.59873394250266,159,5.276121498927151,2.261201420136861,1,1
635,8.39482473364691,4,62,1,1,0,0,3,4.443805021129046,24.0132812207611,117,0.24139870601235902,4.499119466531592,1,1
636,8.565234532910047,3,56,0,0,1,0,4,4.480624978819657,21.234827062335313,196,10.378747285295137,1.581022248779954,0,1
637,7.984941007269459,8,54,0,0,1,0,4,5.193570003739491,24.498062446861574,188,12.11518978717944,1.7609738314575698,0,1
638,8.038486461898762,10,57,0,1,0,0,2,5.1638830833761045,24.55412110165198,155,19.257409880036192,0.739042808895505,1,1
639,8.254568326209245,4,63,1,0,1,0,5,4.307039984880422,24.71655055937075,130,11.789416061864937,4.080118264440273,0,1
640,7.540142395555453,2,62,1,1,1,0,5,4.1665997197410505,22.60115244551545,158,9.423451187562836,2.376748563047175,1,1
641,8.144158331166356,2,64,1,1,0,1,4,4.483856048078259,23.38546892391822,101,11.468032517954077,1.5310247626012956,0,1
642,7.922896013993089,1,66,0,0,0,1,2,4.645545019474218,23.892579400308318,196,18.55801259724054,1.5430562492746085,1,1
643,8.154994704355829,4,64,0,1,1,1,5,3.9766744212559937,20.655073093252327,138,16.567562912032926,4.5562997355315495,0,1
644,7.739524263638502,10,69,1,0,1,1,2,5.087910169431181,23.004785974987485,160,6.45957466727616,4.252624702074666,0,1
645,9.28105456147979,9,67,1,0,1,0,2,4.472965531464846,20.171489506516558,162,4.745087273142746,2.990888984107325,0,1
646,8.687184907108097,7,67,1,0,0,1,4,4.16809109683992,22.48783041694363,195,5.252672247321472,3.272498601870745,0,1
647,8.85820463828898,10,51,0,0,1,1,4,3.713641985927981,20.774213408101136,117,10.08842079430426,2.6344650674763095,0,1
648,9.078342477214676,7,53,0,0,1,0,1,3.9776903208072136,20.914614629810423,116,14.880989024571555,2.26249944295464,0,1
649,8.496884397858114,7,50,0,0,1,0,5,5.398562343511967,21.825237833463007,197,10.064384143659241,4.6196459654824915,0,1
650,7.673840576174848,8,53,0,1,0,0,5,4.110199373639054,22.162185833582516,138,1.3559279165622518,1.0652571658413592,0,1
651,8.574213083637096,1,67,0,1,0,0,5,3.8377185787340706,23.115862122660936,170,14.471614008799618,2.3830105537230257,0,1
652,8.673682236041758,10,54,1,1,0,0,3,4.421345583309987,20.37214209219258,153,16.119402573419077,2.0505285859454387,1,1
653,8.99087894836866,10,68,0,1,0,1,2,4.114175486720497,22.518458806187223,198,5.789957302394393,2.7416782411301677,0,1
654,8.363319092459358,8,64,0,0,1,0,4,3.5703185005423883,20.913125651265506,193,13.282514785667008,2.559343435453288,1,1
655,7.7551606055911275,4,57,0,1,0,1,5,4.146290434558835,22.86987587515871,175,8.531838021087868,2.8350028924298663,0,1
656,8.067551811597449,4,69,0,1,1,1,1,4.588217247878937,23.18702306130592,134,17.782387114548857,1.1296353975214735,1,1
657,8.22616459279727,4,66,0,1,1,0,5,4.603424744039934,22.78354628276427,110,16.904511163214796,2.809136756809747,1,1
658,8.791834482663202,6,50,1,0,1,1,2,4.213117842353777,23.69147755239154,160,10.508639966192845,1.5908846624924489,0,1
659,8.641556609337824,7,61,0,1,1,1,2,4.394605512505201,21.678046221204507,143,13.83011091627189,1.3294910704468608,0,1
660,8.212193451795692,6,68,0,0,0,0,4,5.431035836469533,23.825532958165653,167,17.66699402044208,0.0,1,1
661,9.47303049758596,1,64,0,1,0,1,3,4.2546969544606235,22.16383540854097,124,9.91434020156551,0.7917539845378605,1,1
662,8.711549638713775,8,58,1,0,0,1,4,4.016453626519966,22.420922491612984,147,6.265014809776439,3.931936514402634,0,1
663,7.974453583471989,10,56,1,0,0,1,5,3.9869340881335202,23.24051063630536,131,15.073322758191626,2.42348864385452,0,1
664,7.7035649452408075,7,51,1,1,0,0,1,4.415529225408268,20.09179191999612,183,4.401325095693835,3.319896574902913,0,1
665,7.805718278368664,6,58,0,0,1,0,4,5.019040297433888,23.26997110710124,194,7.770622960120841,3.774170044871345,1,1
666,7.991915456769016,6,59,1,0,0,0,3,3.9119763683769464,23.092925745360578,103,17.314544742135872,3.556924993910991,0,1
667,7.821362746519111,5,51,0,1,0,1,4,4.918592254281537,21.5492355837664,137,14.488446805386301,2.6172532359035703,0,1
668,7.873134048102612,6,68,0,1,0,0,2,3.5422996466988326,20.428971424497448,162,8.076220104949986,2.2455433802827844,0,1
669,8.070190337387695,9,60,1,1,0,1,5,4.337865955967892,20.454677249565204,146,4.294890048167148,2.191819593382987,0,1
670,7.846747190589509,10,62,0,0,1,0,5,5.0517301304055735,24.616118734926143,100,7.119367816644731,3.3802195861852535,0,1
671,9.29353084925285,9,59,0,0,1,1,5,4.177465911548863,23.446396606129184,102,5.68208298454866,2.7265745972384305,1,1
672,7.660467491323285,10,63,0,0,1,0,5,4.627474202890799,20.6355130688537,185,3.5217857588770785,4.321095115948298,1,1
673,8.54902277914051,8,67,1,1,1,0,5,3.9099584656518216,21.78361584654453,161,14.866658271313133,4.436158929470205,0,1
674,8.320793653979322,10,68,0,0,1,1,5,4.983990782252345,22.962414969507982,163,5.041397737003431,1.2675217010293331,0,1
675,9.464757233817213,9,58,0,0,0,0,1,3.6045582065375195,24.177858525453242,116,9.083349403355276,0.0,1,1
676,7.724077804336105,10,56,1,0,1,1,3,5.2050852897510005,20.21830464356504,177,7.717188936722181,1.1130514319557654,0,1
677,8.295711198091483,8,52,0,0,1,0,5,3.8963927728433365,21.183165657350045,161,19.641547572712618,3.336804167161998,1,1
678,9.438940866550737,8,69,0,0,1,0,3,5.248796063416662,24.4487449514769,134,7.8218448829644105,1.8555158662802573,0,1
679,9.231014251787961,1,55,1,0,0,1,5,4.205058482601035,20.04582775091908,112,1.599649655935096,0.5835682344429449,1,1
680,9.13414414189856,10,51,0,0,0,1,4,4.945367148948973,21.006995513969436,134,1.7965150514416806,4.4988920121332985,1,1
681,8.01580565408988,5,55,0,1,1,1,5,4.138450595572377,24.79512087986483,142,11.815074427061296,1.521053452597137,0,1
682,7.841775174780132,4,52,0,1,0,0,2,5.311823342469295,23.067009232610857,101,11.987271034765312,4.681762932586141,1,1
683,8.837286439848862,2,65,0,1,0,1,1,3.753274251036749,21.30835683318753,155,8.3751798096531,3.7284550289521414,0,1
684,9.358751978255171,8,57,0,0,1,0,4,3.8570395785451974,20.33495547197924,176,8.636873846240594,3.931940704601679,1,1
685,8.613525786027859,3,51,1,0,0,1,4,4.486060250317605,20.14095670223611,150,1.0786516568174243,1.4065767310692219,0,1
686,8.6432253789398,4,66,1,1,0,1,2,3.6638768780762923,21.223725398184637,153,10.330930207785245,1.5538749152756581,0,1
687,8.059958187320568,7,58,1,0,0,1,5,3.891960369403524,24.40742909794455,115,10.094789507607034,2.845704892208296,0,1
688,9.038985866383873,10,61,1,1,1,1,1,5.387532764424028,22.079568271487545,117,2.9909863711388907,1.2744493369243797,1,1
689,7.874087497115047,9,52,0,0,1,1,4,5.452979322295774,23.601666845829964,106,2.0767877222185516,1.8744426170736452,0,1
690,8.147358472808488,2,60,0,0,1,1,1,4.252518658660843,24.59142517689979,144,2.47144981198981,1.94658115076512,0,1
691,8.350872877232833,3,50,0,1,0,0,4,5.346572042027871,22.040202308014084,135,2.0205649298251704,1.2183346996374385,0,1
692,8.51522075736891,4,62,0,1,1,1,5,4.589649351346863,20.956386855186985,140,12.194163910735195,1.4233227502782233,1,1
693,7.98481946483016,10,64,0,1,0,0,4,4.039484931747534,22.585589654284597,193,3.9296530480583725,4.048483289037154,0,1
694,7.729673649478407,1,54,1,1,0,1,4,4.904797442161197,24.540418435299273,141,5.0286030437492695,1.2523813454627077,1,1
695,8.721240084883265,7,66,1,1,0,1,3,4.817803613149715,24.021872070688502,106,3.4714428830287947,0.6280582632976512,1,1
696,8.077261106480512,2,55,0,0,1,1,5,5.4782506382174665,20.329149216815768,114,19.15670608897006,3.332097241830223,1,1
697,8.662476442845225,5,60,0,0,1,0,2,4.030094574818566,23.46286400038791,159,17.09234926303671,4.891924037266024,0,1
698,7.808725430548405,1,67,0,0,1,0,2,4.844119005323471,22.859487612294767,139,4.609896747030417,1.9904621658040462,0,1
699,8.462280203709636,3,53,1,1,1,1,5,3.604047510058894,24.537315881732127,182,6.55132587844252,1.0339506643831353,1,1
700,8.56517886510317,2,52,0,1,0,0,2,3.7272920773934386,20.612407084251487,136,4.197856846099944,3.0667429641538884,0,1
701,7.603647073644854,1,62,0,1,1,1,5,3.5078367499021867,22.670180566023284,165,9.837519189216476,4.578593949930408,0,1
702,8.173208556387841,7,58,0,1,0,1,2,5.498921362119346,24.397313467559464,154,0.3922106494850719,4.0282780092281545,1,1
703,7.7688293538779485,5,55,1,1,1,0,3,5.104547394294956,22.050118933708717,176,13.427360177935913,3.301321407857222,1,1
704,7.626749940945535,1,61,0,1,1,0,2,5.073446029467082,22.409974588664333,194,10.463162996352832,1.9177542347341971,0,1
705,9.479920464779891,6,51,1,0,1,0,4,4.51945215057636,20.352303388334793,179,17.972778566022065,2.93846077974299,1,1
706,8.144707689949445,5,52,1,0,0,0,5,4.10013416581088,21.390718202244553,155,3.287853686568283,0.9106017858691491,0,1
707,9.11974889170927,3,52,1,0,0,1,1,3.802528568925352,21.622533245844735,143,16.082184921222634,3.5552544092630147,1,1
708,8.009281309527527,7,61,1,0,0,0,1,4.069349477692928,24.725612243724434,156,15.839220289334314,3.762932085039429,0,1
709,8.86300544444786,10,64,1,0,0,0,5,4.251942443858278,21.413336802705796,105,2.5436237843377385,4.842642303094634,0,1
710,9.020455719779374,9,58,1,1,0,1,3,5.012620193960588,22.30434367634826,191,7.971184482882552,1.6717881143528224,1,1
711,8.691277481215689,9,57,0,1,1,0,2,4.579323577806305,23.3565221178214,131,3.403052822890338,0.5830538856936018,0,1
712,8.443152377100317,9,60,0,1,0,0,3,3.654967253110965,20.810916862039388,173,5.0944100091509785,2.9552380899221777,0,1
713,8.323681828294538,2,65,0,1,0,0,1,3.5360580179178243,22.432211935709372,117,5.264923496610887,3.680557269785665,1,1
714,8.19773653308599,3,53,1,1,0,0,5,3.7046643590681265,23.69269519737954,167,11.124727880515454,4.056833641473446,0,1
715,9.359058288495651,7,50,0,1,0,1,5,4.320997427394759,24.33427606513533,172,8.22821863520931,1.3718251986116476,0,1
716,9.161238815575459,5,56,1,0,1,1,3,5.366385834098036,23.131296373312132,106,18.954656080126107,1.6778879106666065,0,1
717,9.430053821333026,2,51,1,1,0,0,3,4.774804962418443,23.34526757658474,107,2.5274028389401026,2.8066591637028333,1,1
718,7.748594446971089,3,54,1,1,1,0,2,5.10365179975103,20.631417362922846,163,19.473842697003974,1.9877036448650083,1,1
719,8.961734950407289,10,56,0,1,1,1,4,4.4327491890090975,24.728882486231736,106,4.612772804285279,4.3723016896435025,1,1
720,9.376680913642076,6,53,1,1,1,0,4,4.223332166390086,20.662870387422412,140,15.457478727637062,2.631920691824241,1,1
721,7.8624661323313205,7,54,1,0,0,0,2,3.7168007454332455,23.873364685908992,139,6.779398523456428,4.098103898459014,1,1
722,7.632992534733555,9,50,0,0,1,0,4,5.2518660443724094,21.324081608891593,102,2.861627908346278,3.112788922170592,0,1
723,8.982241298580117,1,50,0,1,0,0,1,5.066320058055806,24.66796571850626,116,17.1577837049248,3.9789056372770037,0,1
724,8.648946226359824,7,64,1,0,0,0,4,3.8362361951954504,23.599797696847396,165,6.177217984729264,1.9970284393864572,0,1
725,9.183657553516545,8,69,1,0,0,0,2,4.5245211277525215,23.769068564891846,178,13.177108084536844,4.2413747986864,1,1
726,7.779544753252579,3,68,0,1,0,0,4,4.47474961584249,21.095295865299416,192,11.328873701732531,1.7355754199795972,0,1
727,9.09053462371978,4,59,0,1,0,0,5,4.750183105373058,22.215199883175803,151,9.435126187817486,2.9574446360148086,1,1
728,7.903254640095489,10,67,0,1,1,0,3,5.392373787982523,23.089065972946432,121,9.916389452970781,1.463032009282434,0,1
729,7.827311885731409,6,52,1,1,1,1,1,4.659542883524959,23.849868091033006,103,14.644758281845752,2.63986934731787,1,1
730,7.828531595861985,10,60,0,1,0,1,5,4.580434533557237,20.519796879561948,105,1.7554582824688114,1.931788442789164,0,1
731,9.129149440462765,7,64,0,0,1,1,5,3.600645865869328,24.81182658227264,137,13.363613239158102,1.7001654378674642,0,1
732,8.8303944413924,4,60,0,1,0,0,2,3.625814952036048,24.45110335277278,125,17.916242027971574,4.8514325811261685,1,1
733,8.546130849538239,8,66,1,1,1,0,3,3.8746935826535776,21.35174295247792,110,1.155763940397283,1.2203334746902879,0,1
734,8.217660968247005,5,66,0,1,1,1,3,3.5649415433834966,24.113801215161658,189,2.813066784673335,4.042966268558279,0,1
735,9.254401081626217,1,55,0,0,1,0,1,4.986705791140025,22.591619615199118,116,14.332638734040628,4.928742317674467,1,1
736,8.284890214845271,4,54,0,1,1,1,2,4.946660607987926,22.309032407810093,187,8.745632964892351,0.5895566768303502,0,1
737,9.133198878943155,3,57,0,1,1,0,1,3.772112468863286,21.572170529057026,191,8.070972416273767,3.6456233631894275,0,1
738,8.378269817140437,9,51,0,1,0,1,4,5.172157801590561,22.904842933157962,198,2.739332690884717,1.638103125003292,1,1
739,8.253888858849816,8,65,1,0,0,1,5,3.8095720696922237,23.649445588517988,130,10.135400814355762,0.68219520947737,1,1
740,8.425359571339213,1,69,1,1,1,1,1,4.102351173994718,22.05466452481379,176,2.530906223927545,2.3130031053048388,1,1
741,8.102755748328285,6,61,1,1,0,0,5,3.99795379832273,23.14609596504146,134,9.532409126210808,4.708480145768938,1,1
742,8.995218760352502,9,55,0,1,1,1,2,4.244614197146095,23.49656460577652,115,15.272305979233135,0.5529429246514896,1,1
743,8.505440780184959,7,50,1,0,0,0,4,4.009327531779924,23.55560908507643,178,5.16528715774327,3.1454856136840177,0,1
744,7.964425390293634,4,53,1,1,1,0,2,4.477901852876904,20.2598304906559,117,9.615723363594546,2.7562841536789593,1,1
745,9.299149146549137,1,66,1,1,1,0,4,4.314815762709371,24.298739028425334,161,19.840319387936713,4.4302287396697135,1,1
746,8.267782442746423,2,62,0,1,1,0,4,5.4731389815586535,22.29126657382524,126,13.733008467080746,0.8780077153428154,0,1
747,8.587105722227978,5,67,0,0,0,0,5,3.6118527002564513,21.312080408481073,134,16.827135426103972,0.0,0,1
748,9.312944221929094,5,54,1,1,0,0,2,3.7843627527747032,21.208822537398408,144,8.296952131210915,3.5668671344899265,0,1
749,8.748475991827984,8,52,1,1,1,0,2,3.605651787817205,22.415070564219754,134,15.357218462517107,3.560493642949748,0,1
750,7.733796081416728,6,60,0,1,1,1,1,4.751682389964752,24.434157697344794,127,0.8101834588264367,3.5108600758802746,0,1
751,9.37966424722695,8,62,0,0,0,1,2,3.609018554827439,21.891737908413234,108,2.4582236508448996,4.740505227207667,1,1
752,8.755416106142835,2,53,1,0,0,1,1,5.172879474752246,23.748628733917716,175,4.061411858401243,4.203893880530962,0,1
753,8.169811229314172,3,63,0,1,0,0,3,4.523877261363856,20.484093654936093,114,8.03903849230439,0.6888772680957771,1,1
754,7.778544145326775,6,60,1,0,0,0,3,4.554015249163068,22.38028351075531,120,16.914897566515265,2.619872828170309,0,1
755,9.088050378540592,10,59,0,0,0,0,3,4.623189015424389,24.958430701963678,151,6.92532101575861,0.0,1,1
756,8.740145511857026,3,68,1,0,1,0,2,3.8416274126124215,23.852189013961684,134,13.092423870309258,2.2907887529060007,0,1
757,8.566922183952643,6,67,1,1,0,1,2,3.895380606228975,21.052642442203066,196,14.186285896069668,1.8956624949086094,1,1
758,9.287785166101916,6,55,0,1,1,0,1,4.13763464574601,22.507207368489553,150,11.723647081766828,2.5310152631934377,1,1
759,9.077194422449061,2,64,1,0,1,1,4,4.686992831643703,21.168123818242833,182,7.144839363402724,2.2288738321668986,1,1
760,7.803349759465503,7,59,1,0,0,0,1,3.9202355518804293,22.047804636312545,154,11.541066834270886,2.4455025494539937,1,1
761,8.123444135591097,2,54,1,0,0,1,3,3.7326634542665227,23.900420118674823,186,6.845311855794924,4.906678395238891,1,1
762,7.996978279628932,6,54,0,1,1,0,1,5.440233772836864,23.85612407645202,176,1.6774747710402416,0.8988483863731134,1,1
763,8.987892585145353,1,59,0,1,0,1,4,3.543963629619246,21.140501889511924,143,19.85607956372029,4.650038914274284,1,1
764,7.567064869471559,3,54,0,0,1,0,2,5.105394810672044,24.6111165907743,164,2.543649072650218,2.66106521061962,1,1
765,8.639779369742634,2,52,1,0,0,1,1,5.076070299150044,22.962840913824135,192,1.446967676721147,3.306840104747935,1,1
766,9.024917371481381,7,55,0,0,0,0,3,4.094428227690192,21.899621454810074,187,17.57061498414312,0.0,1,1
767,9.2535312735235,4,53,1,0,0,1,3,3.771253232014627,22.509677903904304,179,6.036693217857902,4.235823349779622,0,1
768,8.184163497431815,8,67,1,1,1,1,2,3.7912572934108466,23.02535626718872,124,13.005939481470152,2.12208363117165,1,1
769,9.142514609344026,6,58,0,0,0,0,1,4.894863234474385,22.799452659228926,186,6.580114593244657,0.0,1,1
770,7.7212634739104145,10,66,0,1,1,1,4,4.785613182172347,22.43202517768089,191,7.829085415889423,2.436898586395851,0,1
771,9.192904583469037,4,62,1,0,0,0,2,5.065491348502773,22.524664020447002,146,5.24225944033593,2.342833161254213,1,1
772,7.754977324663965,5,64,1,0,1,0,1,5.37496234479821,20.88205955213943,179,6.860880115860204,2.186289601410919,1,1
773,8.294574581120735,9,69,0,0,0,0,5,4.883854726533184,24.063664521523396,155,8.214008011730861,0.0,0,0
774,9.094590731559107,7,66,0,0,1,1,3,3.811703073102887,22.708801599705076,137,14.408321381846857,4.664881947411027,0,1
775,7.799834854697547,10,62,0,0,1,1,4,3.9868852335308214,20.655399308523517,110,10.230723884695836,4.230184510368554,1,1
776,7.958502790465283,9,65,1,1,1,0,4,5.184387461746229,23.83078550791389,166,18.87130434313954,0.9904999543833924,0,1
777,8.944505136786132,7,53,1,0,1,0,4,3.918612151668417,24.662219891886753,114,0.8376078767755102,0.9865550861469321,1,1
778,8.94007307309215,1,54,1,0,1,1,3,3.645044633908963,24.73653449618481,100,10.061366452640563,2.4254128168384606,1,1
779,8.782295265770594,8,54,1,0,1,1,1,4.906560108084501,21.845088662055865,106,11.684495776634362,0.9439581952976408,1,1
780,8.8878968889342,4,58,1,1,0,1,2,4.305052710980284,20.67758436780377,100,18.40393972148548,3.2859189287200383,0,1
781,8.585448886695193,3,66,0,1,1,0,1,5.340080105091808,22.591998133165326,148,0.9831704724285517,1.1466122326778025,1,1
782,8.003598117813905,7,62,0,1,1,0,2,4.800510142187323,20.563046146746103,195,11.46999169870432,2.850679687850605,1,1
783,8.191391987007838,3,51,1,1,1,0,4,3.6808379555833213,24.669937092563085,172,17.07259857055914,0.5324897615167299,0,1
784,7.863195433602852,8,62,1,0,0,0,1,5.3957131345073215,20.91789813677573,128,4.838554562384731,1.9246835678569103,1,1
785,9.316901122667257,6,68,0,0,0,0,4,4.017114527280492,21.26382929975582,125,17.52584697047875,0.0,1,1
786,8.66678358953224,5,52,0,0,0,1,5,4.174424980812572,22.033182634424854,186,0.38086818548583645,3.5473582565269495,1,1
787,8.30170283352728,4,59,0,1,1,0,4,4.304520827367084,21.91582234279563,144,14.649092582674594,2.678175231025318,1,1
788,8.424011607288266,8,51,0,0,0,1,4,3.6024485928086265,23.973314461989446,192,18.66226442337306,4.902212686995447,1,1
789,9.394566679223631,8,62,1,0,0,1,2,4.4930308444612095,22.281584102754813,196,13.143953232801245,4.433467082297948,1,1
790,7.806702806232161,1,68,0,1,1,0,5,3.7466369821505845,20.853841300016683,170,8.78058487960896,2.1158185056941807,0,1
791,8.672459664033594,9,66,1,1,1,1,4,4.301940653376704,21.33604947743037,111,0.8976203294543605,0.7046894366252356,1,1
792,8.511777357768931,5,63,0,1,0,0,4,4.201419575984168,22.54556692593761,194,18.402276266452574,4.3053183505175845,1,1
793,8.722908470869296,4,61,0,0,1,1,5,5.045680166853007,20.737269587130676,131,9.405924453831496,4.600554396416022,0,1
794,7.536220367641681,6,61,0,0,1,0,5,5.106341023265462,23.05827837823007,119,0.5799348867189602,4.192823270385666,1,1
795,9.244247817888303,6,60,1,1,1,0,1,3.806825764778176,22.82873653275573,150,13.796421426575238,1.0757747341389419,1,1
796,9.364236564967225,2,56,1,0,1,1,2,4.233102374758452,23.573511581911287,180,9.636745071525164,4.990618104855295,0,1
797,8.630266367178418,8,53,0,1,0,0,5,4.246706322063663,24.68852307689684,135,2.4869063488482146,1.6636289969874822,0,1
798,8.893301647753784,7,68,1,1,1,1,5,3.80282088787217,24.56127280550578,166,4.2854361862051915,3.758922107637665,0,1
799,9.344998762354592,1,50,1,0,0,0,3,5.096907010102381,24.730378090344157,100,1.2898136091169254,4.586156943510747,0,1
800,8.914477268626797,5,52,0,1,0,0,5,4.914456656670847,21.223577985118503,126,11.485870794171472,1.5605920144881924,0,1
801,7.805078085828523,6,62,0,1,0,0,2,3.8807635725940695,20.657826533196772,139,12.440589585040184,4.587163496046797,0,1
802,8.652576720333627,4,64,1,1,0,1,4,4.233443817187598,21.511383502482243,196,10.114845967108888,1.8926671063769014,0,1
803,8.713430092765712,2,51,1,0,1,1,4,3.7116100497130287,24.475425863831575,183,16.3420426600523,4.893859500728253,1,1
804,8.348261342604772,4,60,1,1,1,0,4,4.756413194186088,24.86026737311744,113,17.220176426160272,1.7656700917121357,1,1
805,8.972888471249446,1,53,0,1,1,1,4,3.7427438490972396,24.29662475535238,199,12.312487933662533,4.790461211410259,1,1
806,9.368734029538029,7,68,0,1,0,0,3,5.471868337249836,20.55008860563772,168,0.2551295941486109,0.7409509290170371,0,1
807,9.351137025813554,2,66,1,1,0,1,5,5.061364149375724,24.737139990298964,186,13.904593114954713,3.6917240525141586,1,1
808,8.401678742808265,2,52,0,1,0,1,4,4.280477099167991,22.11679013675393,178,8.359984338407031,2.894500102266517,0,1
809,7.72647609168151,9,67,0,1,1,0,1,4.657127864558709,20.04655145381177,105,11.31114966452774,2.650446847052288,1,1
810,9.46968239792467,5,57,1,1,0,0,4,5.322683632432818,22.21196870374097,132,12.981612040377687,1.50572441415128,1,1
811,9.177796172891869,2,68,1,0,1,0,5,4.608198560791652,20.23034584837734,154,7.004732286541535,3.675181053994214,1,1
812,7.749325362406534,9,54,0,0,1,0,4,3.84899697279591,22.71938960580559,118,18.341970103435884,1.358642711508382,1,1
813,9.341683765234745,9,56,0,1,1,0,3,4.257406711162319,21.692770137185256,176,2.679497334995624,2.9877880819314573,0,1
814,9.239792724124257,1,57,1,0,1,1,2,5.186289730059491,22.367174667970243,128,13.430236145620748,1.6396041336811287,0,1
815,8.537676114252145,3,54,0,0,0,1,2,4.7884260319792356,23.065851803715585,160,0.08719159913160857,4.8002962090161025,1,1
816,8.682550871489859,4,66,0,1,1,0,5,4.8014487686676,24.344005479089102,169,18.493022108103617,0.6288403722604377,0,1
817,8.298005407740261,7,54,1,0,0,0,2,5.2336429713769785,23.309507882359643,178,2.25008266476183,1.3987772605005646,0,1
818,7.609523277644063,10,53,1,1,1,0,2,5.28794611492501,22.1702443423909,179,1.8976846029514927,1.5903977287435147,1,1
819,8.170394483291801,4,68,0,1,0,1,1,5.339585143558873,24.097139268351825,123,6.660152661044885,2.363305215955174,0,1
820,9.105706897196022,2,51,0,1,0,0,5,3.689698386506312,24.52791068786566,122,7.471325720781612,1.5472860884152408,0,1
821,7.509264046009205,7,60,0,1,1,0,5,4.588252003926202,20.598799832160985,109,4.286001446457572,2.7110709062095335,0,1
822,8.16699834338229,6,62,1,1,1,1,2,4.981019042436637,22.659664887763956,153,11.702433218542494,4.426094854663425,0,1
823,8.296337387181886,3,64,0,0,1,1,2,5.013853690254027,21.42255979871222,140,8.858281960839271,3.7042853963412687,1,1
824,8.574791205875846,6,61,0,1,0,1,2,4.713432403940008,20.235305989384738,148,0.6835117808217483,3.1098289124079996,1,1
825,9.339711232825522,6,60,1,0,1,1,3,3.8335746703673483,23.342733475569926,116,6.393041245106012,0.9005143009220584,0,1
826,8.192691988731923,5,56,1,1,1,0,4,5.094841107883329,24.313853887296126,155,16.20865827146341,3.6229644877517404,1,1
827,8.193906403792456,4,54,0,1,0,1,3,4.940222667029891,20.81451327238697,144,13.794030697237371,1.2488642793992293,1,1
828,8.975002496219497,10,66,1,1,1,1,5,3.6722715430980726,24.0620682881195,129,14.49741707159761,4.038653236827641,1,1
829,8.404435881779614,1,69,1,0,0,0,1,4.4276196493487525,24.266978667684707,143,13.962338481670471,1.6252554132956893,0,1
830,7.949209645879964,10,58,0,1,1,0,4,3.847954799043607,24.57170221333242,173,6.219460427660666,2.376719277444054,0,1
831,8.404879032265386,6,63,1,1,0,0,1,4.174954091425944,21.32642544543026,154,1.9932784415355176,2.077115910430676,1,1
832,7.781714040759599,2,61,1,1,0,1,5,3.5361621844113706,24.519765325949447,118,5.44934368066192,4.364662616036855,1,1
833,7.852773973012447,3,55,0,1,1,0,5,4.300659736821516,21.60331377368216,128,16.635706003703184,1.0694500642103366,0,1
834,8.496735545478959,8,66,1,0,0,1,1,4.5997538423124205,22.761690067277513,101,19.609415955661422,3.0454019707315485,1,1
835,8.337850899009096,10,68,0,1,1,1,1,4.739165185654174,20.25253735416141,135,9.876940294831227,1.13927724249378,0,1
836,9.3296918021362,6,68,0,0,1,1,1,4.82698069025742,20.21940544184372,118,0.1940070984608444,3.67158126259484,1,1
837,8.224787798233265,3,65,1,1,0,0,5,5.17258262620492,23.601866063661014,106,2.8008962426845807,4.572851575075165,0,1
838,8.661176700556087,7,61,1,0,1,1,2,3.9309258145514603,22.222399889888955,125,6.441611506325316,2.4557344424026404,0,1
839,8.76452857583906,4,61,1,0,0,0,1,3.7409636448769357,21.281461876846087,178,11.571706971858994,2.6964151711923914,0,1
840,7.526188913176667,9,69,0,1,0,0,4,5.203074343795851,20.95206748012455,137,1.5018729161062794,4.6734027641724305,0,1
841,8.827074744033421,5,55,1,1,0,0,5,3.8132256297852996,23.349767454296092,102,18.867145974197634,2.844461248922107,1,1
842,7.856071933739503,3,53,0,0,0,1,3,5.449520162672391,20.0020077201267,179,7.3016734656880145,2.6941929712230244,0,1
843,9.422140634938911,2,55,1,1,0,1,3,5.185076458797274,24.029455845984273,165,18.251684358496462,3.1024809621693685,1,1
844,7.7973254555062255,2,60,1,1,0,1,4,4.5017532117791985,20.396248030649645,194,15.610436055140436,3.6015338136332837,0,1
845,8.329248247454048,3,50,1,1,0,0,2,5.46284284984405,20.957448074540597,191,15.108745450311623,0.9809751878916413,0,1
846,7.670699336157288,2,64,0,0,0,1,1,3.6947534582160086,21.93118197649545,170,12.13439159564464,4.194997374836822,1,1
847,9.493748503691895,4,60,1,1,1,1,5,4.1061315223502035,22.424293698580517,193,12.535676341036892,2.4597726235396666,1,1
848,8.504390020662486,2,68,1,1,1,1,1,4.776448830081223,21.77497557906971,142,12.760064704324963,0.8255682945386849,1,1
849,8.690770034640087,10,67,0,1,0,1,5,4.2000137369463575,21.60356082492147,161,12.574427740511641,4.03782201139196,0,1
850,7.634152954776855,9,66,0,0,1,1,3,5.356745103961583,24.819580060365944,170,11.074564627967225,2.1962748725882246,0,1
851,8.999920940798356,2,68,1,1,1,0,1,3.631252176355635,23.20789840621697,199,19.728280369657778,0.9516537279277427,1,1
852,7.919811186191172,9,63,1,0,1,0,4,4.598823664121929,20.11716477683694,192,14.645811348513922,3.3520056779446277,0,1
853,9.296108578881427,6,67,1,1,1,0,2,4.681732534790229,22.150879542221567,123,15.538927767850424,4.460591090451388,1,1
854,7.910279280964014,1,68,0,0,1,0,4,4.8054562475544484,24.37504349871985,138,17.449256301673483,4.494890792362939,0,1
855,7.881375441327333,4,64,0,1,1,1,2,4.011332446663629,21.50728093205334,167,4.312795254516983,4.809485636640379,0,1
856,7.57309933569619,1,64,0,1,0,0,1,4.229132855039729,20.47278172387194,192,1.6760831819012156,4.404674568950096,0,1
857,8.444133890219998,6,53,0,0,1,1,1,5.187361059329955,23.791923857949588,143,9.657888731971973,0.5096341370546384,1,1
858,8.629682266525233,4,56,1,0,1,0,2,3.8898855379403194,23.030069159680405,104,10.281613912385463,2.211085248860256,0,1
859,7.631417278856705,3,62,0,0,1,0,3,5.153735694346724,22.85156253913252,154,16.583635598998356,4.183441609574764,1,1
860,9.051055233390022,3,52,0,1,1,0,5,4.625310845805485,20.26788279803704,192,8.875671585646714,2.148138526993134,1,1
861,8.406577669496055,9,65,0,1,0,1,4,5.024375022388164,20.702495048977585,129,11.417060510886255,3.2069682787086777,0,1
862,8.54878053865516,6,58,1,1,0,1,4,4.927214732526943,23.11274698106557,128,10.541418770269166,3.228426263185394,1,1
863,8.381525493876456,9,57,1,1,0,0,4,3.9150229907697582,21.039119207294178,125,0.7640556751478211,2.1426138681747036,1,1
864,8.301526121750651,5,69,0,0,0,1,1,4.637625472867746,22.52035039874212,182,12.30429793193828,4.570132672765794,0,1
865,8.619280662616436,2,62,0,1,1,0,4,5.235446305610185,22.724408430146966,125,16.560865715485043,2.7645275542375294,1,1
866,7.810480491861425,8,66,1,1,0,0,5,4.364232473603859,21.417535951354697,136,3.1500109615160765,2.5915289267187536,1,1
867,7.863856260990542,5,66,1,1,0,0,5,5.4331815404466335,24.742125777707464,190,11.886634678531916,4.988811855478532,0,1
868,9.223571242027035,2,66,1,1,0,1,2,4.404430200203436,24.212320534177877,193,11.872210888928286,2.720751638326775,0,1
869,9.392230924267265,4,50,1,1,0,0,1,3.785571273335769,23.61186753816399,152,3.283699281127175,1.3027921336786148,0,1
870,8.246618632559507,9,57,1,1,1,0,5,4.278869360155347,20.389969332047045,129,2.4692714746147204,2.8088124028854713,1,1
871,8.041489346287108,4,68,1,1,0,0,3,5.4034048127810745,20.5306500965451,102,19.601038859529694,4.1630753098396855,1,1
872,8.787999086478031,4,55,1,0,1,1,1,4.1394416986797085,22.46390672932478,142,7.874383393060751,3.9958714710422667,0,1
873,8.317468342196193,2,52,1,1,0,0,1,5.236196319734126,20.803566745954928,106,4.548434574470585,4.04861794298812,1,1
874,7.55077271132069,6,54,0,1,1,1,5,5.262501363363779,24.89132731764737,148,3.426490889087499,3.686107027990603,0,1
875,7.812305194732381,2,62,0,1,1,0,3,4.200373048663922,20.792601170137047,172,13.352034271664701,1.643980230800097,0,1
876,8.931944457694796,7,64,0,1,0,1,2,3.6665153161012642,22.43733917731987,140,12.188905946545576,4.379378386281042,0,1
877,8.817847883820303,3,63,0,0,0,0,5,4.949115818317637,21.820605284207527,176,12.871042459748349,0.0,1,1
878,7.554191985006967,3,65,0,0,0,0,3,4.123024598027972,23.19693210727049,178,1.7601205502290451,0.0,1,1
879,7.943944323865899,5,67,0,0,0,1,1,5.065847228515144,20.645182044447125,153,17.87069166996874,4.520495594193193,0,1
880,7.962149593176143,3,60,1,0,1,1,3,4.385309696520866,22.151582140211953,168,7.785327936180966,1.3736871347834707,0,1
881,8.843785487197456,2,52,1,0,1,0,1,4.470533484685243,21.37352516403572,192,6.267388128607159,1.0870503644812726,1,1
882,7.539421075508728,10,59,0,0,0,1,5,5.055818813497074,24.43875762335844,198,9.247228944954784,4.8902223586510045,0,1
883,7.708217163969148,9,59,0,1,0,0,5,4.264726662123255,20.202928560673474,190,7.801321314952565,4.407457836426655,1,1
884,9.099832170746378,2,65,1,0,1,0,4,4.3862546906458295,24.568637470032296,126,17.27154006278292,4.51956266244476,0,1
885,7.857089324108667,2,61,1,0,0,0,4,4.252380937539244,24.164970692765003,107,18.58521950395784,4.4886937308097785,0,1
886,8.80549221570375,8,51,1,1,1,1,4,4.23468103055456,21.487853582204078,131,6.069064328992124,2.937590708151778,1,1
887,7.976365562093453,9,58,0,0,0,0,5,4.551893153802919,23.946453273385522,183,17.278716149199095,0.0,1,1
888,7.69888278551869,7,52,1,1,1,1,2,5.117598889002301,20.156067801693737,163,15.630462590661342,3.4088078149960985,1,1
889,7.986344381998908,3,64,0,1,1,0,5,4.223536623845131,24.83432775146697,109,18.616153446895236,2.9541328346013875,1,1
890,8.944533863711317,9,52,0,0,1,1,3,4.548509441075473,22.632974712948947,112,4.915006243717757,0.7304285713564809,1,1
891,9.211392936212572,3,68,1,1,1,1,5,4.841454650885201,21.516405130327225,162,11.539183002419582,3.854763884087477,0,1
892,9.160439729133984,5,67,1,0,1,0,5,4.03887889260731,21.812916062973386,192,5.490891694808893,2.773994150011461,0,1
893,8.29436705923691,9,57,0,0,0,1,1,4.055045609804785,20.332026767302487,134,16.481889809687484,3.414690836556034,1,1
894,8.836170273141292,3,66,1,1,1,0,1,5.366826254046909,24.946747570210196,160,0.10648381142128516,2.761879122389909,1,1
895,7.909968590831642,7,57,1,1,0,0,1,4.9470691466621775,20.196459725753463,153,11.296383257727921,2.713150950451052,0,1
896,8.086295460522027,1,56,0,0,1,0,5,4.654373352446617,23.274535615739296,107,6.78406862543836,1.2730509926499507,0,1
897,9.29267163704224,4,56,1,1,1,0,2,4.795440108841224,22.21367963853229,128,6.453674141556405,1.7542117181351702,1,1
898,7.526003847021472,4,52,0,1,0,0,3,3.5585988862068367,24.744581090943576,194,12.898126477298339,1.2148371137478011,1,1
899,7.671017061708936,7,50,0,0,0,1,3,4.7362059311233935,21.229998701533976,140,17.02968898627988,1.380498330314041,0,1
900,7.915772510292054,8,53,1,0,0,0,2,4.519017746448403,22.660434119690056,129,12.183907827866525,4.878398211891372,1,1
901,7.553064407747639,1,54,0,1,0,1,2,4.591499359558871,22.411781042913766,185,17.06345957293445,1.189010505974893,0,1
902,7.862870870179595,5,50,0,0,1,1,3,4.218847653661634,23.514332220250505,120,5.291942237620599,1.7117169093734343,0,1
903,8.666083121939383,7,64,1,0,0,0,4,3.662947795425884,20.3400511597621,175,10.390037095299622,3.1576534598236323,1,1
904,8.342849101184996,4,54,1,0,1,1,1,3.8866784672241046,20.968945650116773,110,9.01073078134152,3.2458035930648883,0,1
905,9.28534342215395,4,62,1,0,0,0,1,5.401489426425344,21.07282410046425,101,0.23289799006192435,1.1928835838472307,0,1
906,9.134887123476881,4,57,0,0,0,1,3,4.317399124541868,23.69075377420845,149,11.136242862814802,4.071728416033455,0,1
907,8.183634703395752,6,57,0,0,1,1,2,4.433366311661729,20.9456934816337,140,13.230486482923498,4.033412905607713,1,1
908,8.018846866862585,7,54,1,0,1,1,4,3.605419579706878,22.867458819454882,165,11.8382880883814,1.56792966891751,0,1
909,8.259384816334533,2,58,0,1,0,0,3,3.5751324590879614,21.07621910250477,197,14.72559797566843,1.798998362039572,1,1
910,8.680589885029615,5,50,1,0,1,1,1,4.934362894093516,24.308124750419893,102,11.426790569061541,4.720945394567736,0,1
911,8.036127281645753,4,53,1,1,1,0,5,4.576189328242222,24.710927272448192,179,1.3350050970151384,4.215521506907651,0,1
912,8.748297815698269,3,52,0,1,1,1,2,4.517411968432533,22.5924648747112,150,2.3289104816942285,3.6400866487813572,0,1
913,8.31882330438248,7,51,1,1,1,1,5,3.9862490608453376,21.76154442104589,167,11.929491550879048,0.8700494967977024,0,1
914,8.604094361703961,6,57,0,0,1,1,3,4.9895014632598444,21.170288875087497,186,5.499583839472804,2.382188364061591,0,1
915,8.372253058270633,7,58,0,0,1,1,1,3.8364731582169838,20.248905007615217,183,1.5929025806953168,3.0168584243457217,1,1
916,8.088931519083836,5,51,1,1,1,0,4,3.87986948732204,21.342500380987477,124,8.592054868970935,1.3433507959269961,1,1
917,9.396906613924314,6,63,0,0,1,0,5,4.421424342696551,23.27117889972659,129,11.086451961673108,2.5170196194870105,0,1
918,9.027211588319522,5,63,1,1,0,1,4,4.072559724223882,22.668084656546053,181,6.5749197669921315,3.2046164486991047,1,1
919,7.780226351532905,7,53,0,0,1,1,1,3.9949259624662927,24.720206391404638,110,14.408674044515559,1.9731950605192965,1,1
920,9.236935951795825,2,55,0,0,0,0,5,4.790475289106663,21.981386312458504,192,12.875412162024894,0.0,0,0
921,8.474862396499027,5,60,0,1,1,0,4,4.801943490437089,23.469316711641973,116,6.656367221833439,4.014251685277192,1,1
922,9.289104453788182,6,52,1,1,1,0,4,5.149034139599858,22.446613737375607,125,15.097450578171212,4.282023117374624,1,1
923,9.09971051189463,6,57,0,1,1,0,5,4.335417133945952,22.562881079621057,122,12.973900850660709,1.9562426124533183,1,1
924,8.350427008938468,5,52,1,0,1,1,1,3.6461701820523005,21.338871573020587,155,12.748907574358041,4.273957195216058,1,1
925,7.544938616640235,10,63,0,1,0,1,4,4.047332769842916,22.27475388421,151,11.06855401574136,0.9660945474635676,0,1
926,8.037354718769892,7,62,0,0,0,0,3,5.460010926393634,22.353924985063536,147,0.2277933617710559,0.0,1,1
927,8.583268429321734,10,62,1,0,1,0,5,4.692517150465404,23.53321260874467,119,13.930143669537783,4.269780943801953,0,1
928,8.766956439652294,8,51,1,0,0,0,2,4.91947416960204,24.703199995930568,101,7.5208358221831295,1.1873769425042746,0,1
929,8.015775370866404,7,62,1,1,1,0,2,3.514715659250829,21.646606387412522,187,18.852194203173113,0.8731721862937671,1,1
930,7.778712148145648,5,68,1,1,1,0,1,4.536411464365042,20.211002342906493,130,16.359695421544107,3.3879893199845506,0,1
931,9.169860473598598,1,55,1,1,0,0,3,3.5750573150636065,22.481475627503198,126,11.753889390626245,2.6237181458988243,1,1
932,9.468804361407104,5,65,0,0,0,1,4,4.638460424182896,22.722306660745843,101,5.043639636385389,4.585507701857748,0,1
933,8.551380364605372,10,51,0,0,1,1,2,5.341541699272151,20.842202755659578,177,4.074347865553332,2.1343513824088216,1,1
934,7.843358571696607,2,57,1,1,1,1,1,5.4368382610008155,23.802323031380332,103,6.8076967535509825,1.7921851854693291,1,1
935,8.044614653038739,5,66,0,0,0,0,3,4.5811053507778485,24.924645542207458,112,9.531358871600371,0.0,0,1
936,7.536781353094933,5,51,0,0,1,0,3,4.416409610504432,24.728873585042304,199,5.921310200778942,2.7533070776488926,1,1
937,9.328597613120998,2,59,0,1,0,0,1,5.390034188496988,20.98553019411826,134,10.298589907849657,2.551757835958976,1,1
938,7.735502165780282,5,65,1,1,1,1,1,4.84721966399339,24.376816199503804,171,3.3074085102637185,2.049926207977347,1,1
939,8.653032951028507,4,55,0,1,1,0,4,3.6297985590768187,23.522468182058425,165,19.554256256509998,3.6218358441424785,1,1
940,8.048110441374412,1,51,0,0,0,0,1,4.431451155334996,22.269232819034556,105,2.1584910992998774,0.0,0,1
941,8.608356005031586,3,51,0,0,0,1,4,3.980490036928608,22.703054971623644,130,18.63888279308744,3.9180282526125874,0,1
942,8.802840776703729,1,62,1,0,0,0,4,4.439608642897364,24.24800087491229,109,18.271560228053897,4.338427860635615,0,1
943,9.159483607414403,5,64,0,0,1,1,5,4.410931144012723,22.400674698191864,120,10.50720963638996,4.877854721196543,1,1
944,7.912842543521206,4,51,0,0,1,1,3,4.6642896056294845,21.866036845525635,173,14.498205436721687,1.69995286459627,0,1
945,7.521991657316961,7,56,1,1,1,0,3,4.213540980698502,22.46623746512993,122,8.720965959451757,3.722420671204827,1,1
946,7.7737712601376145,5,52,1,0,1,1,3,3.8285408989118563,22.895649020175245,102,12.600691550848763,2.2741620597308536,1,1
947,9.30003728369621,10,57,0,0,0,0,5,4.5074388691799125,20.945388268891744,131,6.811518748422374,0.0,1,1
948,9.24778015512503,4,63,0,0,1,1,4,5.160405768691524,24.504538651334954,119,6.023180395708907,3.5468688737799865,0,1
949,8.694826204340616,2,56,1,1,1,0,4,4.828024456135204,23.37093474414807,173,11.564595723390275,2.6419176065714916,0,1
950,8.701033720867306,4,56,1,1,1,1,1,4.176735731850432,23.166344586687444,128,9.962593483679607,4.971978962455692,0,1
951,8.830073349092512,2,50,1,1,0,0,5,5.371046045517715,20.49748113090319,151,11.59072738299962,3.7800596110583746,0,1
952,7.8507425572469,8,66,1,0,1,1,1,5.324415142498364,23.02086969086296,145,5.733211625740459,4.78621085195446,1,1
953,9.32882389184992,3,58,1,1,1,1,5,3.9186967987681975,20.604803311192462,133,7.339156636339905,4.2573629726653355,0,1
954,8.337541049784146,9,62,1,1,0,1,1,3.578835170240726,20.393488375976997,183,1.6779592125781861,4.56305455023517,0,1
955,8.266277056498994,4,68,1,1,1,0,2,4.982617416701524,22.636554478211966,160,1.0455274454441144,4.164886387466037,0,1
956,8.537835410565675,6,68,0,0,1,0,3,5.155220522698307,22.013927670232476,171,5.069142593460326,2.5662160866916013,0,1
957,7.59393193355011,10,66,1,1,0,1,3,5.43572913190271,22.944051350781116,170,1.4849371866109151,1.6330480400609797,1,1
958,7.832566737512159,5,59,1,0,1,0,4,5.2796727881766214,20.44611084028619,169,2.075494172694814,2.16644078952735,0,1
959,8.97606723285274,10,59,0,0,1,1,2,4.701069536412829,22.15491531423629,110,16.25856810787874,0.5910630468797771,0,1
960,7.6655973358502525,1,53,1,1,1,0,3,4.560104678424762,20.87393357522579,181,0.777473940333786,2.857969253591002,0,1
961,8.706304218932777,9,57,1,0,0,1,4,3.5556821025251724,24.935500429620582,192,13.178855878694854,2.7727601012168392,1,1
962,7.990698219362642,1,69,0,1,1,0,2,3.9933128936895557,22.805751062175872,188,5.45115497630801,2.863627091737197,0,1
963,8.278591228083954,8,69,1,0,1,1,3,4.419229503465853,23.43718430470434,162,17.430913614162527,4.883140512374287,0,1
964,8.0773874735414,9,67,0,1,0,1,1,4.757007800167136,21.62709140341304,120,9.69984569154999,4.601543015546777,0,1
965,8.211345432929898,9,63,0,1,0,1,5,4.614503666636821,20.473694573896722,102,6.111529186556515,1.227707502485486,1,1
966,8.93809181036849,1,67,0,1,1,1,2,4.985271979363381,24.879354313917684,181,10.352778713788691,2.1599713470015014,1,1
967,8.09424343124635,2,63,0,0,1,0,4,4.0595338617740815,21.431295176915917,187,7.639160380905377,2.4078028075846785,0,1
968,8.632809280593793,1,69,1,1,1,1,2,4.629905215304946,22.11904092586787,109,11.286021293396605,2.1223981303324146,0,1
969,8.4521008043982,10,64,0,0,1,0,4,3.6762844867815843,23.249319608512874,126,2.2906573665269647,4.093231836217608,1,1
970,8.827342330725296,2,53,0,1,0,0,2,4.327331047166414,20.123486488430558,111,19.939810056251023,2.8581695144041412,1,1
971,9.373659478649516,10,62,1,0,1,1,4,5.000321665909202,24.051295652586433,106,8.511117553934351,3.0744491763723127,1,1
972,8.9651441944205,8,57,0,0,0,0,3,4.886801706858088,22.6828909501431,116,6.964612794147373,0.0,1,1
973,7.929880757181514,5,67,0,1,0,0,1,5.481285474344358,21.391085935344112,164,14.204196966325298,4.338561015445665,1,1
974,7.56236627012257,7,61,0,1,1,0,3,4.055782251975512,20.308039926462346,163,7.27798812990665,4.126676690369114,0,1
975,8.02452808859965,2,63,0,1,1,1,1,4.496378598347958,20.81249207737221,125,16.66548610057515,1.0949518526913486,0,1
976,8.690155861400509,8,51,1,1,0,0,3,4.159060827547993,24.475169294267182,114,9.085414487208505,3.712615628376354,0,1
977,7.6028516269685005,6,67,0,1,0,0,3,4.38120622811835,23.430121119679455,132,14.391168265308698,2.45946258005916,0,1
978,8.492732494402473,8,51,1,0,1,1,2,5.213900259738776,21.24950860818445,161,2.149064328837731,1.825920063781252,1,1
979,8.693685697833779,1,60,1,1,0,1,5,4.868418150376973,20.328003824725148,146,16.922383711102235,0.7250846940598386,1,1
980,8.168487781633921,1,58,0,1,1,0,4,5.264882382695164,23.45307656193318,194,14.714359735562198,2.6926230215545295,1,1
981,9.041824407491644,7,61,0,0,1,1,4,3.9070222166637727,22.862038629838825,134,4.234335569239313,2.099465063260391,1,1
982,7.713196506267543,8,66,0,1,0,0,4,5.246722235682876,22.022597622291176,164,2.905720194915733,1.6318086785438037,1,1
983,7.6502755634716175,3,64,0,1,0,0,1,3.619524548356769,21.81805724595032,171,6.325846974512488,3.626022783186309,0,1
984,8.956377512407206,5,66,1,0,1,0,4,5.277198560874305,21.084071379645543,175,19.521411720638085,3.9626842429201417,0,1
985,8.490982632412397,1,67,1,1,0,1,4,4.158147558921456,23.348056282687587,182,5.136631491341173,1.6015528356324116,0,1
986,8.876804792855472,7,55,1,1,1,0,2,4.129175266828133,24.85334013896935,124,9.122544178932666,0.7225134650570626,0,1
987,8.369654677207492,5,66,0,1,1,1,3,4.524177153397328,20.87857622918413,156,0.6004045143467263,4.319387152543557,0,1
988,7.992804066478214,8,67,1,0,1,1,4,5.381380375446463,22.985583100077516,131,7.944550591324651,0.5448188354193649,1,1
989,9.1382046353484,8,57,0,1,0,0,5,3.5955627293628107,22.12092527872988,162,11.426400308662055,4.717006222646624,1,1
990,9.098831757937958,9,58,0,0,1,1,4,4.204461950141491,22.233443608723324,111,19.062492250159302,3.3242894329221766,1,1
991,8.889392941708854,7,55,0,1,1,1,1,5.213143977366672,21.270736400639073,162,10.334720898801288,1.9483098584059413,1,1
992,8.044290274459925,1,54,0,0,1,1,1,4.292108954870933,24.125674378307096,176,16.382146523553757,1.609150593095313,1,1
993,8.680461333738174,3,61,0,1,1,1,1,3.898313795194134,22.426278020736206,191,10.94255285137801,0.5405254891901385,0,1
994,8.221947793880053,8,60,1,0,1,1,4,4.349588362662823,22.71702926099132,100,0.815700268710362,1.559621376548947,0,1
995,7.683164146653269,3,50,1,0,1,0,2,4.271105002983338,21.52380456398663,150,6.300165503795481,1.119777356827135,0,1
996,9.334627150924486,8,60,0,0,1,1,5,5.330832402933407,20.90904232833475,169,11.510990156622064,3.2547479932541554,1,1
997,7.773637261837923,1,68,1,0,1,0,4,5.023868751486194,20.429551941014104,107,19.011879318622487,1.249455148672106,1,1
998,9.400474707641605,5,58,0,0,1,0,2,4.510231111488013,23.57059570462458,167,17.182607195024666,2.8788342689147868,1,1
999,8.392011545915912,4,51,0,0,1,0,2,5.476741133443142,20.981171408439277,104,4.567112283576953,3.1555239005501186,1,1
