,Age,Gender,Race,Family Income,Parental Education Level,School Type,Dependents,Attendance,GPA,label
0,15,Male,Black,132158.81254585047,Bachelor's Degree,Public,1,90.81303174390588,2.7535391820956123,1
1,18,Male,Asian,58268.06406059698,Associate Degree,Private,2,94.93438854194764,2.979407996770701,1
2,16,Female,White,120982.01638726535,PhD,Public,1,87.89733283086406,3.866946055571667,1
3,15,Other,Black,106059.01357862684,No Diploma,Private,3,97.43902574560188,2.1118946270044283,1
4,18,Male,Asian,144615.12413670766,Bachelor's Degree,Private,4,82.56078383247002,3.0151360338900295,1
5,18,Other,Hispanic,61229.5892750113,PhD,Public,1,98.40253634372095,3.1639931212706234,1
6,18,Other,Hispanic,48513.333318960424,High School Diploma,Public,3,80.31106864899478,3.322584467696169,1
7,18,Male,Black,67454.52183380398,High School Diploma,Private,1,79.02281511417638,3.491534287246412,1
8,16,Male,Asian,60955.053383750244,Bachelor's Degree,Public,4,82.07959274416083,2.2951944227216554,1
9,18,Female,Black,120819.93125682155,Associate Degree,Public,3,82.28075636136482,3.8460048871830113,1
10,16,Male,White,117973.11646161579,PhD,Charter,3,86.8143589880782,2.827816185254955,1
11,17,Male,White,110362.18810264007,Associate Degree,Private,4,77.75997002444971,2.977936689866138,1
12,15,Other,Black,55965.493735018536,PhD,Public,2,97.33538407848225,3.3238812682943912,1
13,18,Female,Hispanic,133416.81689269075,No Diploma,Private,2,98.93405593761315,3.061078007020038,1
14,17,Female,Hispanic,144788.5867030713,High School Diploma,Public,4,78.21382873309518,2.8446871491885,1
15,15,Other,Black,93792.69817303734,Bachelor's Degree,Private,1,90.91367117804657,3.345352641688112,1
16,15,Male,Hispanic,107924.7276755263,Associate Degree,Public,0,90.84717033871596,3.341082094763575,0
17,15,Male,Hispanic,90083.05188246745,Master's Degree,Charter,1,82.2225609201886,2.445308615207081,1
18,17,Female,White,64026.92581231246,Associate Degree,Private,3,97.4782762233115,2.8515941191742775,1
19,16,Other,Asian,64337.712479592505,Bachelor's Degree,Public,0,91.36843377940323,2.0386000516319744,0
20,17,Female,Hispanic,67610.46272818958,Associate Degree,Private,3,81.34736170316552,2.9148964372730797,1
21,18,Male,Asian,52902.00049969848,High School Diploma,Charter,3,89.79227333655177,3.781624486533211,1
22,18,Male,Black,138230.8359155181,Bachelor's Degree,Private,4,82.40089445792628,3.283190786196643,1
23,17,Other,Hispanic,133007.7760856023,Bachelor's Degree,Public,2,78.94792739437722,3.786257288316133,1
24,15,Male,Hispanic,85396.72335826041,High School Diploma,Private,2,83.68950186298365,2.014541486418042,1
25,16,Male,Asian,74070.16950722045,Associate Degree,Private,2,88.45562724330962,3.5481798594755736,1
26,16,Female,White,142689.40278565185,High School Diploma,Private,2,91.21666743561995,3.5724286383896082,1
27,16,Other,Black,56684.81630793721,Associate Degree,Private,0,95.85159891843391,2.7860438273257433,0
28,16,Male,Black,96425.0351360162,Associate Degree,Public,2,91.80160828627379,2.7291127870193344,1
29,15,Female,Asian,36539.778665059515,High School Diploma,Public,4,82.47276854355431,3.8372040330410533,1
30,16,Male,White,52944.26364209388,High School Diploma,Public,1,83.30490384696247,3.078562801904165,1
31,15,Male,Asian,102483.23200314117,No Diploma,Public,3,88.88411498574715,2.9106918323378914,1
32,18,Female,Asian,109462.03834130036,High School Diploma,Public,1,96.08273901452766,2.6677980290902363,1
33,15,Male,White,99719.49824078876,Master's Degree,Public,0,88.07966486634503,3.2912737669086827,0
34,18,Male,Black,134352.16991991477,No Diploma,Public,4,94.02102458350345,3.569965329507104,1
35,16,Male,Hispanic,149208.62649872963,Associate Degree,Public,3,89.2606812821293,3.813601649142292,1
36,17,Female,Hispanic,121663.42105834934,Master's Degree,Private,0,91.11912390646611,2.1260668771812448,0
37,18,Female,Asian,85811.01409725106,High School Diploma,Public,4,96.40910343209984,3.541321905337805,1
38,18,Female,Hispanic,130072.16033449232,High School Diploma,Public,3,85.97536238026856,3.5259944273216917,1
39,15,Other,White,44446.4872999202,Bachelor's Degree,Charter,2,92.4385692606711,3.1644957608346016,1
40,17,Male,Black,111992.48357351156,Bachelor's Degree,Private,3,95.84866532141676,2.4684974934101716,1
41,18,Female,Hispanic,92200.53449441207,Associate Degree,Private,0,91.21222276518671,3.372031880758618,0
42,15,Female,White,51367.90635068621,High School Diploma,Charter,0,76.55874094681919,2.7447271299963214,0
43,16,Female,White,146752.0340736257,Bachelor's Degree,Public,3,87.14861529717842,2.595255074278014,1
44,18,Other,Black,70612.4903734497,High School Diploma,Charter,4,89.8877881668511,2.7333225855548067,1
45,16,Male,White,103850.808715606,High School Diploma,Private,4,82.24063613758364,2.774168064359478,1
46,18,Female,Asian,135431.30850299424,Bachelor's Degree,Public,2,90.20213142761307,3.4255116473523346,1
47,18,Other,Black,90802.66126977847,High School Diploma,Public,0,97.59994268055533,3.7074988089496097,0
48,17,Female,White,43816.54202117182,High School Diploma,Charter,2,90.1087628240222,2.6670782030847393,1
49,18,Male,Asian,128248.6901216748,High School Diploma,Private,2,75.47328593880728,2.271837038201205,1
50,15,Other,Asian,72385.65204705606,High School Diploma,Public,4,87.9193497555325,3.1744796143611675,1
51,16,Male,Asian,147968.02426702064,High School Diploma,Private,2,82.16079121660925,2.9754036192125435,1
52,16,Female,Asian,136059.053573347,Bachelor's Degree,Public,1,88.42357783275597,3.138581617551094,1
53,16,Female,Black,132413.92000187485,High School Diploma,Public,2,93.18090797674655,2.354886022430616,1
54,18,Female,White,72750.38130454793,High School Diploma,Public,2,78.01612122345547,2.869880124364459,1
55,15,Male,Asian,120855.57333708787,Bachelor's Degree,Private,0,75.86327628866687,3.59780880734118,1
56,18,Male,White,148359.48756019067,PhD,Private,3,99.91302830522193,2.6636276888990666,1
57,17,Female,White,93158.59343415976,Bachelor's Degree,Public,2,79.39487531591277,2.915463289503858,1
58,15,Female,Asian,86487.85859462779,High School Diploma,Public,2,96.67900491009385,2.3502063091874987,1
59,18,Other,Asian,31759.898516648496,Associate Degree,Private,3,81.791197739353,3.722392435231003,1
60,18,Female,Hispanic,114024.45224819235,Bachelor's Degree,Public,0,89.3627278860152,3.094238675604845,0
61,17,Male,Hispanic,133017.3082322225,High School Diploma,Public,0,83.46536140177322,2.646637183245555,0
62,18,Other,White,59694.862329819596,Master's Degree,Public,1,79.7415680154067,2.3945344631672922,1
63,17,Other,Black,67802.94925375882,Bachelor's Degree,Private,4,86.7393170815189,3.0028044521193245,1
64,18,Female,Black,90081.24255913877,Associate Degree,Charter,0,94.73483848835306,2.0536893180816636,0
65,15,Other,White,38649.61888338202,High School Diploma,Public,0,94.2571143749717,3.0666681106584432,0
66,17,Female,White,40757.09713184844,Bachelor's Degree,Charter,1,93.0576848796014,3.3323780195904855,1
67,15,Other,White,80533.2910665697,Master's Degree,Private,3,97.18256138501468,2.192125081456825,1
68,15,Other,White,61346.274324410595,High School Diploma,Private,0,81.10425206324621,2.6021208923490393,0
69,15,Other,Black,78724.47630393223,PhD,Charter,0,84.56011557279326,3.5196783536710026,0
70,16,Other,Black,84526.35577199256,Bachelor's Degree,Public,2,79.85564763883191,2.8709094148443226,1
71,16,Male,Hispanic,147152.8076086942,High School Diploma,Public,4,83.14159925026901,3.226055852114577,1
72,17,Male,White,143311.17841234047,Bachelor's Degree,Public,3,80.6591950532107,3.79968571434736,1
73,15,Male,White,46767.61818477193,High School Diploma,Public,2,75.99085780585173,2.4442658548277043,1
74,15,Other,White,135910.31684786957,No Diploma,Private,4,98.20964717899037,2.944466682284832,1
75,16,Male,White,39624.79947960943,Master's Degree,Private,3,94.34386849857916,2.507509258564478,1
76,18,Male,White,90916.25636613049,Bachelor's Degree,Public,4,82.69668645658055,2.1418953465030097,1
77,15,Other,Hispanic,49669.18801317184,Bachelor's Degree,Public,3,91.160858370281,3.9938923913706406,1
78,16,Female,Hispanic,73907.05744283208,High School Diploma,Charter,0,75.0629519882759,3.048537837093759,0
79,17,Other,Hispanic,119200.82707783976,High School Diploma,Public,3,94.06235697287325,3.799174436811026,1
80,17,Male,Hispanic,80940.65752282199,Master's Degree,Charter,1,88.25966792314226,3.026560035054855,1
81,18,Female,Asian,126834.15450856005,High School Diploma,Public,2,78.23154081869774,3.5897882563721315,1
82,15,Female,Hispanic,116257.88532450501,No Diploma,Public,1,84.6692028291634,2.4711585934701428,1
83,16,Male,Asian,143140.73354532194,High School Diploma,Private,4,77.72094351418592,2.92010708336813,1
84,16,Female,Asian,94098.72247030528,High School Diploma,Private,4,88.5626671094357,2.8386855333564283,1
85,18,Male,Black,126257.75447853543,Bachelor's Degree,Public,1,82.02910875942375,2.070604116449899,1
86,16,Male,Black,68748.85276044623,Bachelor's Degree,Private,3,92.10560704224861,3.6477504616341587,1
87,16,Male,White,71489.50141078376,No Diploma,Private,2,98.182879309352,2.081913484449232,1
88,18,Male,Asian,78061.25562978064,No Diploma,Charter,0,76.04794344474877,2.442227552641378,0
89,17,Other,White,79309.88811577068,Associate Degree,Public,2,83.34724456270905,3.287113895844059,1
90,18,Other,Hispanic,42390.386479916946,Bachelor's Degree,Private,2,86.7163625264054,2.169162120817957,1
91,18,Other,Asian,92291.87271982363,High School Diploma,Public,3,93.11704054297176,2.8076485841961643,1
92,17,Female,White,41616.386312283066,Bachelor's Degree,Charter,4,79.5438897510796,3.8692387193608586,1
93,17,Female,White,136771.4562983717,High School Diploma,Public,3,80.25978570978707,3.1500610534557074,1
94,18,Male,White,37421.37398679517,High School Diploma,Public,3,78.73281731207521,3.039638911579126,1
95,15,Other,Hispanic,83963.33163711705,Associate Degree,Charter,0,79.70190964624992,2.2541252187947403,0
96,17,Male,Black,64163.28796685166,High School Diploma,Public,4,81.86435498292623,2.6440496182000763,1
97,18,Female,Hispanic,48584.329878537494,PhD,Public,4,99.8202364423982,3.399603369859165,1
98,16,Male,Asian,124060.40290106548,PhD,Charter,0,76.03646155967427,2.3552564354181014,0
99,15,Other,White,115791.88787034308,Associate Degree,Public,2,81.70033617542256,3.000901635995331,1
100,16,Male,Asian,47513.74682178158,High School Diploma,Public,4,85.53406510893342,2.9786409856560896,1
101,17,Male,Black,105931.87693275722,PhD,Private,1,98.35404448892311,2.3828510307869335,1
102,15,Female,White,125106.62007965353,Master's Degree,Public,1,81.80417129183925,2.9217484011629526,1
103,18,Male,Asian,122799.86644438643,Bachelor's Degree,Public,1,83.68315668291186,2.0012457651328805,1
104,15,Female,Asian,41073.55171960339,Associate Degree,Public,2,87.74095864111322,2.154225563669466,1
105,17,Female,White,112261.52628549315,Associate Degree,Public,1,76.66581039397097,2.9524633023092823,1
106,15,Male,Hispanic,115922.87050602924,Bachelor's Degree,Charter,0,77.25228125754126,3.7404904897148454,0
107,18,Male,White,133459.9520450433,Associate Degree,Charter,4,79.64399692053111,2.0400222442427984,1
108,18,Female,Hispanic,90965.3206637984,Bachelor's Degree,Public,0,81.54669796776479,3.5808992491643097,0
109,15,Male,Asian,85331.28003640288,Associate Degree,Private,4,87.9648318640856,2.5799698337110666,1
110,18,Female,Hispanic,145813.9589903364,Bachelor's Degree,Private,0,88.37917837916207,3.8526362307385718,0
111,15,Male,Black,125581.47068865041,No Diploma,Private,0,94.07531570631254,3.8580690919393086,0
112,15,Other,White,97047.71889677868,High School Diploma,Public,3,86.26013707135968,2.45334292649573,1
113,15,Male,White,69674.04855735354,High School Diploma,Public,2,92.61294443748632,2.1567248127095247,1
114,15,Male,Black,131428.5595204213,High School Diploma,Private,0,92.68957323560424,2.8927690351403177,0
115,17,Male,Asian,84652.36673572856,High School Diploma,Public,2,99.05094730212384,2.4293697262838414,1
116,18,Female,Asian,41122.223058979274,Associate Degree,Public,2,83.25067501751634,2.092828848409373,1
117,15,Female,White,84588.51272561277,No Diploma,Private,3,83.99157852033858,3.225796972770179,1
118,18,Male,White,134636.20753801754,PhD,Charter,0,92.39309626566872,2.6673220121969727,0
119,17,Other,White,83793.85762733346,Associate Degree,Charter,0,84.33159558634989,3.004356789187371,0
120,18,Male,White,31721.897728842014,No Diploma,Charter,1,95.71441319662597,2.7424516686439437,1
121,18,Other,White,103378.23886997635,Bachelor's Degree,Private,2,77.24394282773659,3.731769201239196,1
122,16,Female,Black,149499.60040936785,High School Diploma,Public,3,92.35833629934179,3.4997698328487337,1
123,16,Other,Hispanic,128069.83008486142,High School Diploma,Public,2,78.886854789485,3.5064516791213842,1
124,16,Other,Hispanic,104068.55359417775,Master's Degree,Charter,0,88.764394025781,2.4922230646631585,0
125,15,Other,Asian,139727.8664157462,High School Diploma,Private,1,87.65457872700097,2.2040089393822253,1
126,16,Other,Asian,127629.80179812743,High School Diploma,Charter,0,91.94677401849515,2.2414728363746255,0
127,16,Female,Hispanic,89836.72232880486,No Diploma,Public,4,89.03622825218045,3.078183703986584,1
128,16,Male,Asian,100946.43424888582,Bachelor's Degree,Public,1,88.55506547759778,3.6223750428657673,1
129,18,Male,Hispanic,117755.13710436238,Bachelor's Degree,Private,3,87.78836253305948,3.7781221852469793,1
130,15,Male,White,131571.13967746377,No Diploma,Charter,3,94.4669461086339,2.6520959869372414,1
131,18,Male,Asian,36981.16828520537,High School Diploma,Charter,2,81.71550934868309,2.909433940468195,1
132,16,Female,White,122976.46285933813,Bachelor's Degree,Private,2,79.02355306441024,2.0860484453982293,1
133,17,Female,White,83700.41279738423,High School Diploma,Private,1,75.3152202370752,2.191819879977764,1
134,15,Other,White,109295.82723618488,Associate Degree,Public,0,78.2969124254777,3.1388290390014726,0
135,16,Other,Black,121755.96131506201,High School Diploma,Public,1,91.12685600677143,3.6215875268876476,1
136,17,Male,Hispanic,94740.2310032938,Associate Degree,Private,4,93.02631804494477,3.0275504137091795,1
137,15,Male,White,49021.78206964789,Master's Degree,Charter,1,90.73967149596902,3.2941355111307,1
138,17,Female,Hispanic,79143.21978219194,High School Diploma,Public,1,76.7155220580148,3.4865258109474375,1
139,15,Other,Asian,39224.75925028557,Bachelor's Degree,Private,4,94.31505426721759,3.6605772093837823,1
140,16,Other,White,112716.08293863166,Associate Degree,Public,0,87.90582414304625,2.996205932178185,0
141,18,Other,Black,144444.74183557002,No Diploma,Charter,4,81.00199424897093,2.56632494301517,1
142,17,Other,Black,125430.33746690243,High School Diploma,Public,1,89.66448796252885,2.265627196864793,1
143,17,Male,Black,76774.37073445425,Master's Degree,Public,2,85.39809802327619,3.4083849641266983,1
144,16,Male,Hispanic,100114.97952065933,PhD,Public,3,92.43387704337624,3.5342621354437584,1
145,15,Male,Asian,66504.0811016243,Master's Degree,Private,0,87.39223194500975,2.649926691141788,1
146,18,Female,Hispanic,94925.4719465958,High School Diploma,Public,0,75.89950903376953,2.8050010468419355,0
147,16,Female,White,66087.22869415683,High School Diploma,Public,4,91.11566627766886,3.377526691566123,1
148,16,Other,Asian,118598.97081583319,Master's Degree,Charter,2,92.7846687476146,3.794861595176014,1
149,18,Male,White,61120.98095844306,Associate Degree,Charter,1,91.17664854913777,3.2577955083514505,1
150,15,Female,White,145682.4468520673,Bachelor's Degree,Public,2,97.86682217799168,3.789229919616202,1
151,17,Female,White,109433.84786082378,Bachelor's Degree,Public,4,83.32780221452867,3.7660204476071373,1
152,17,Male,White,38253.341722061254,No Diploma,Private,0,80.7009109170186,3.471698859666504,0
153,18,Male,Black,31293.331620683177,High School Diploma,Public,1,87.75701756118394,3.172088786186036,1
154,17,Other,Hispanic,149645.56130461206,Associate Degree,Public,4,95.1712386258726,2.4890234730808034,1
155,18,Male,Black,56460.66938589522,PhD,Private,3,92.16986768559607,2.1460397277472523,1
156,18,Female,Asian,67507.52981486131,Master's Degree,Public,3,85.6188644135927,2.6292279594512324,1
157,18,Male,White,55009.681704253,Associate Degree,Public,3,79.18927008006476,3.71692528412066,1
158,17,Female,Hispanic,141372.21269654186,No Diploma,Public,0,79.22698752845386,3.2858858636990265,0
159,16,Other,Asian,108241.54316023369,Associate Degree,Public,0,85.918813203177,2.8802046436676303,0
160,17,Female,Black,90526.3588267333,Associate Degree,Public,2,97.43380017242326,3.491176657180744,1
161,17,Other,Black,96918.09773910845,PhD,Public,2,85.62725603910934,3.3406397389220635,1
162,18,Male,Black,68144.74167590248,High School Diploma,Charter,3,98.37119087136904,3.5930159940140647,1
163,17,Male,Black,103701.00028366096,High School Diploma,Private,4,86.71205992155218,3.8540235661315743,1
164,18,Female,Black,80352.04361459182,Bachelor's Degree,Charter,3,75.9178842107054,2.8607108833243524,1
165,18,Male,Black,53907.3775709015,Associate Degree,Private,1,81.53107056540173,3.736546314587842,1
166,17,Female,Black,108792.61196518577,High School Diploma,Public,1,75.29803834976977,2.007182878137094,1
167,17,Male,Hispanic,74860.86831110544,High School Diploma,Public,3,79.97190082567502,3.4183032960809703,1
168,18,Other,White,124207.96549405939,Associate Degree,Public,4,86.51955907483959,2.7681571779484377,1
169,15,Female,White,79847.39490114324,Bachelor's Degree,Public,2,86.86917043273789,3.16375134920316,1
170,16,Male,Asian,90992.56500554355,Bachelor's Degree,Private,3,99.76783040819356,2.981978475739574,1
171,17,Female,Hispanic,124495.97750170756,PhD,Private,4,78.48331225757153,3.1848051027585944,1
172,18,Female,White,83745.37115036773,High School Diploma,Public,4,89.66986221610136,3.2184433084547446,1
173,17,Male,White,145946.53621489974,High School Diploma,Charter,1,77.80370960034209,2.5592428611323164,1
174,16,Other,Asian,125163.4400634134,No Diploma,Public,2,83.81914403151626,2.5553315630807756,1
175,17,Female,Asian,129171.64863779744,Master's Degree,Private,4,91.43702569289117,2.255066791684616,1
176,16,Other,Hispanic,144470.4560044473,Bachelor's Degree,Public,3,89.24624210504095,3.1463007177842903,1
177,15,Female,White,76662.0754611849,Bachelor's Degree,Public,4,83.26519515269338,2.118539051628118,1
178,17,Male,White,99609.6317018605,Associate Degree,Private,3,91.7795425793833,3.917928207073167,1
179,17,Female,Black,113231.00889547242,PhD,Public,4,92.10551622406233,2.6232084822199244,1
180,18,Female,Hispanic,110815.0180248757,No Diploma,Private,1,80.38916629350864,2.3590493018329757,1
181,15,Male,Asian,144352.41534732236,High School Diploma,Private,2,84.85711894875654,2.848867626174888,1
182,18,Male,Asian,64601.836065400144,High School Diploma,Charter,4,85.11997634421807,3.3916303946733075,1
183,17,Other,White,64963.38343511904,No Diploma,Public,4,97.02629812871274,2.125660124704048,1
184,18,Male,White,140160.5282446976,No Diploma,Public,1,91.26196083016875,2.3992619174424945,1
185,15,Female,White,125916.67700718716,Associate Degree,Public,4,92.49854701703566,3.3603296989284717,1
186,15,Other,White,54402.79488835173,High School Diploma,Public,0,79.35381195832417,3.719641937212403,0
187,17,Female,Asian,98405.62537113212,Bachelor's Degree,Private,0,99.6831022383485,2.724318596833034,0
188,15,Other,Hispanic,119491.64809155939,PhD,Public,3,82.73097945904975,2.355014141250665,1
189,17,Male,Black,72364.3668537011,Master's Degree,Private,4,87.6939130570732,2.819871103064358,1
190,18,Other,Asian,82125.8701465668,High School Diploma,Public,3,77.73446323579874,2.3604130802793364,1
191,17,Male,White,99047.59339930715,No Diploma,Public,4,81.1801784416262,3.9428624735521085,1
192,17,Female,Asian,86053.02690578527,PhD,Private,1,79.18755704156258,2.764625238346662,1
193,18,Female,White,120365.08680828394,PhD,Public,2,94.51575946261481,3.102247168998786,1
194,15,Female,White,30712.650441968366,High School Diploma,Private,2,98.16769078940614,2.4192073038293325,1
195,15,Male,Hispanic,82155.90292692606,Associate Degree,Public,3,91.93415135252766,3.81598165900452,1
196,15,Male,White,70509.76503946459,High School Diploma,Public,0,94.8318658992692,3.0252892272943845,0
197,16,Male,Black,103099.68633957923,Bachelor's Degree,Charter,4,79.10557336826119,3.1785957337510338,1
198,17,Female,Black,123115.01302576315,Associate Degree,Private,2,85.99970704759943,3.7753861434754534,1
199,15,Other,Hispanic,39137.41946418363,Master's Degree,Public,3,77.57525616404153,2.3326051557777885,1
200,16,Male,Asian,48967.16803214309,Associate Degree,Private,4,98.10680109727852,2.3185657887237445,1
201,17,Male,Hispanic,109809.79489704399,No Diploma,Public,1,92.15462637034616,2.143768921281046,1
202,18,Male,Asian,118608.29292185004,High School Diploma,Charter,3,77.52511825885783,3.8687141003207506,1
203,17,Male,White,100584.21324946024,Master's Degree,Public,0,93.44926192957685,2.781181833087911,0
204,17,Male,White,147936.40187615115,Bachelor's Degree,Private,4,82.58558010320348,2.591670762852103,1
205,18,Male,Black,89935.37869278895,Bachelor's Degree,Public,4,98.00898929815351,2.5130680361798357,1
206,16,Male,Black,46355.08021171723,Bachelor's Degree,Charter,2,76.59122985434965,3.7330225284328735,1
207,15,Male,White,112354.9272445296,Bachelor's Degree,Public,2,82.78373705733453,3.961166854498984,1
208,15,Male,White,102249.06266337578,Bachelor's Degree,Private,3,96.31365617884077,3.331274856919814,1
209,15,Other,Asian,100850.57700363161,Bachelor's Degree,Public,0,77.58273203286086,3.6016715720545993,0
210,18,Male,White,95502.43622956779,Associate Degree,Public,2,81.84557643346908,3.2664311829635553,1
211,18,Female,White,142691.48514594467,Bachelor's Degree,Private,4,79.36809050532223,2.860585862254495,1
212,15,Other,White,45498.76761918696,High School Diploma,Private,3,97.31316510470792,3.4635105214155573,1
213,17,Female,Asian,38783.67582299741,Associate Degree,Private,3,86.99659297202516,3.737252326978093,1
214,17,Male,White,48494.06032527838,Associate Degree,Private,0,96.40119967886885,3.165884854178665,0
215,15,Male,White,59398.825188594055,High School Diploma,Charter,2,83.16108686811435,3.45898070824376,1
216,15,Female,White,101153.5583323763,High School Diploma,Public,2,91.72624426292269,3.45995160199727,1
217,18,Female,Asian,103491.02989160812,No Diploma,Public,0,77.51575519444744,2.1281043149516066,0
218,15,Male,White,57912.22529485011,High School Diploma,Public,4,85.75947473031385,3.330675246545044,1
219,16,Other,Hispanic,88707.0599173125,High School Diploma,Private,3,81.44577492882671,3.359682882913244,1
220,17,Other,Asian,87847.42233212819,No Diploma,Charter,0,81.7930052513662,3.082778297018475,0
221,15,Other,Asian,84373.291954227,High School Diploma,Private,1,77.97933825275256,2.6046687602648553,1
222,15,Male,White,126425.43538951897,High School Diploma,Charter,0,84.70783095304294,2.580785042915867,0
223,18,Other,White,86603.16838507583,High School Diploma,Public,3,79.31444121891175,3.2034079570399965,1
224,16,Male,Hispanic,121003.85951473992,High School Diploma,Private,4,92.08025490576658,3.6846118394322502,1
225,18,Other,White,49977.73581657577,High School Diploma,Public,1,87.93458647796788,2.5310990062377527,1
226,15,Female,White,93836.08128878017,Bachelor's Degree,Public,1,86.45839955650192,3.5276699057107113,1
227,17,Other,White,128892.57312758347,High School Diploma,Private,1,96.85015051506863,2.9990986694201514,1
228,16,Other,White,51325.990069950916,High School Diploma,Public,3,79.63255441297066,2.7152511187274815,1
229,16,Male,Black,85790.66024371948,Associate Degree,Public,0,92.48014233039383,3.520746543990102,0
230,16,Female,White,103089.517924286,High School Diploma,Public,2,79.62902683005326,3.007324762244801,1
231,18,Male,White,52172.94898047448,No Diploma,Private,3,90.71349829870707,3.902456269577101,1
232,15,Male,Black,120811.87270936837,High School Diploma,Public,3,75.97682815610476,3.0757142900142567,1
233,15,Male,White,39479.54973555809,Associate Degree,Public,3,75.85981608039805,2.443806522643219,1
234,15,Female,White,143569.86106892626,Bachelor's Degree,Charter,2,85.35102066424285,2.2864953794927003,1
235,16,Female,White,86186.57930617628,Bachelor's Degree,Public,3,99.82991200690282,2.1524542275039766,1
236,16,Male,Black,70334.77036385718,No Diploma,Private,2,78.68722384971805,2.8896538083017047,1
237,17,Female,Asian,44016.840859516844,Bachelor's Degree,Charter,1,93.83075693420002,3.273991200078588,1
238,16,Male,Asian,81911.59716814377,High School Diploma,Charter,0,89.34658257159852,2.5929035055480747,0
239,15,Male,White,109176.48352689261,Bachelor's Degree,Public,3,82.01941154127447,2.549619376776619,1
240,15,Male,Hispanic,41338.47349708609,No Diploma,Public,2,94.20375105026756,3.5662236144100974,1
241,16,Other,Asian,66752.29142012983,High School Diploma,Public,1,82.38441790558517,3.9610639817076354,1
242,17,Male,White,130322.10993272533,No Diploma,Public,4,79.2184005915381,3.0114307063047585,1
243,16,Male,Hispanic,107541.72307179926,Master's Degree,Public,0,79.85285923489819,3.912504955426149,0
244,16,Female,Asian,54764.76142291487,High School Diploma,Public,4,79.70896179631907,2.1291621482867082,1
245,18,Male,Asian,49309.1754951707,Bachelor's Degree,Private,0,93.96404163674339,3.1230803892475985,1
246,16,Other,White,138538.203144108,High School Diploma,Private,3,88.2113243516305,3.809198357397213,1
247,15,Other,White,64442.426560918124,High School Diploma,Public,2,91.33912097922189,3.0172417906293587,1
248,15,Other,White,51540.020267835636,PhD,Public,0,97.35803444000219,3.000335580281268,0
249,15,Female,White,149995.68222511228,Associate Degree,Private,3,79.205851250713,3.1594663354094763,1
250,18,Male,Hispanic,67103.0193333487,Master's Degree,Private,1,85.55882175739865,2.757041599775155,1
251,18,Female,White,44968.82253712364,High School Diploma,Private,3,92.00227545817488,3.0383779395806805,1
252,16,Other,Hispanic,85410.91557035365,Master's Degree,Charter,4,83.7446098330308,2.28037262226666,1
253,17,Female,White,82121.41322381786,PhD,Public,0,91.54015674722822,3.4555594162855447,0
254,16,Male,White,141216.29709963972,High School Diploma,Private,2,83.9933005928958,2.0328277442816534,1
255,18,Other,White,46104.59369715657,PhD,Public,4,79.46780175871163,2.4329338640810088,1
256,16,Male,Asian,40936.36873551682,High School Diploma,Public,1,88.3509705269552,3.895447005265284,1
257,18,Male,Asian,41157.440508801614,High School Diploma,Private,3,75.38457402895513,2.9078204408303048,1
258,15,Male,White,138514.49589866836,PhD,Public,0,84.62698828533658,3.1441406191730374,0
259,15,Male,Hispanic,83924.30135532925,PhD,Charter,1,92.13412538004656,3.4890641697437186,1
260,18,Other,White,48072.78337862708,High School Diploma,Public,2,81.60979687103021,2.2908033759084208,1
261,16,Female,Asian,101259.61180551487,Master's Degree,Public,4,93.15412986308272,3.986010201995474,1
262,17,Female,White,94514.80267809985,High School Diploma,Private,0,87.3265508246079,2.844418382911581,0
263,15,Male,Hispanic,53808.80972986792,PhD,Public,1,82.194432987822,2.0000400550602304,1
264,17,Other,White,102364.57673116452,Master's Degree,Private,2,85.78394505274235,3.590142196597869,1
265,18,Other,Asian,70827.74811803347,PhD,Public,3,76.64052977234448,2.1584791956007097,1
266,18,Other,Hispanic,58604.49212770439,Associate Degree,Charter,2,87.03741573471865,2.9420140762468057,1
267,17,Male,Asian,91248.07330788337,High School Diploma,Public,4,85.24026126345701,2.4685206309675705,1
268,18,Other,Black,64997.911381966514,High School Diploma,Public,1,86.52808495190328,2.3313881970258548,1
269,16,Other,Black,56656.79061134558,Associate Degree,Public,2,77.5526270971893,2.436204176757717,1
270,16,Female,Hispanic,135566.6889959609,Bachelor's Degree,Public,0,75.68963736275857,3.3402628998183275,0
271,16,Male,Black,48691.50918881007,Bachelor's Degree,Public,4,78.28666857854385,3.185727985365737,1
272,18,Male,Black,63670.797274179895,High School Diploma,Charter,0,82.75717875773002,2.129885741043785,0
273,17,Male,Hispanic,76336.60558197909,Associate Degree,Private,2,77.70072674383134,3.4660172939106113,1
274,15,Other,White,62836.59723600274,Associate Degree,Private,2,94.18312687519364,3.0840121802450318,1
275,15,Male,White,55285.27710933235,High School Diploma,Private,4,96.58536514617903,2.1754290422592364,1
276,16,Female,Black,122537.53164655056,Associate Degree,Public,4,89.56647939395393,2.821093813791883,1
277,15,Female,White,69481.93904682978,High School Diploma,Public,3,90.69827191682582,3.3329947478805373,1
278,18,Other,White,43501.554923920616,Associate Degree,Public,2,99.00092356578145,2.382138804765428,1
279,17,Other,Asian,94907.4194948035,High School Diploma,Public,2,88.78543911404142,3.358281334789043,1
280,18,Male,Hispanic,45058.61966836924,Master's Degree,Public,0,96.71719282080585,2.5320744339031656,0
281,18,Female,Black,72902.35289291135,High School Diploma,Public,3,93.18235588786797,3.5285170833282997,1
282,17,Other,Asian,135819.21147267404,Bachelor's Degree,Public,0,88.85558740167433,2.060364621361452,0
283,15,Other,White,74299.34341274636,High School Diploma,Public,2,87.78617931080261,3.2209236661709135,1
284,17,Male,Hispanic,105901.07691459,Bachelor's Degree,Public,0,75.74614457863349,3.942876482368712,0
285,18,Male,White,91755.06432103575,High School Diploma,Private,1,82.43793577244712,2.3517000075382506,1
286,17,Male,White,46526.981493357074,PhD,Public,4,80.92977758218514,3.7815196338703045,1
287,17,Male,White,107888.35173490022,High School Diploma,Charter,0,82.3121751824581,3.21409724952171,0
288,16,Female,Hispanic,132724.19963205676,Bachelor's Degree,Private,0,91.65122968188396,3.1881642745444596,0
289,16,Male,White,41185.49688544129,High School Diploma,Charter,2,87.90129838296942,3.2983733200488645,1
290,18,Female,Asian,120441.61069557499,Master's Degree,Private,3,85.11209978272232,3.9848347975556235,1
291,18,Male,Hispanic,112825.35378227738,Master's Degree,Private,0,91.32606726071901,2.1765538142380985,1
292,15,Female,White,133999.2689996575,High School Diploma,Public,1,79.48416015405239,2.327135422648933,1
293,18,Male,Asian,42491.03185601604,PhD,Public,2,80.91205771043423,3.225390615123654,1
294,15,Other,Hispanic,66683.44552760146,No Diploma,Private,3,87.0320425589534,3.620662319138166,1
295,15,Other,Asian,113314.9784671649,Bachelor's Degree,Private,0,92.64427022362318,2.083340792685351,0
296,17,Male,Hispanic,32642.15746639803,Associate Degree,Private,4,77.72876725053636,3.7762371313602507,1
297,17,Male,Black,118089.08132765864,Master's Degree,Public,4,96.1507177112104,2.3124805262374,1
298,18,Male,Asian,132957.4294801345,Associate Degree,Public,4,93.93303857819309,3.1187236704396257,1
299,16,Female,White,84396.4862852109,No Diploma,Private,2,91.05670701313417,3.533384490375778,1
300,16,Male,Black,82119.58841119826,High School Diploma,Public,4,86.07329078147772,3.3271353516891464,1
301,15,Female,White,63416.27544832392,PhD,Charter,3,95.35627709716255,3.5253620507718098,1
302,18,Female,Asian,30606.22440061048,High School Diploma,Private,2,84.51048227582515,2.5863514465451214,1
303,15,Male,White,52356.421999962724,High School Diploma,Public,1,79.96140880403782,3.7200717647170745,1
304,17,Other,White,147583.69421068454,Master's Degree,Charter,1,79.9405102320177,2.5150048736954274,1
305,18,Other,White,134074.3292545628,No Diploma,Public,4,97.81846875396437,3.4267474824076327,1
306,18,Other,Black,61980.55664987057,No Diploma,Public,2,89.83685181686404,2.213532642632569,1
307,16,Male,White,145649.86285452556,High School Diploma,Public,4,81.02550899401393,3.8667259609722944,1
308,18,Other,Black,74125.51391439431,No Diploma,Charter,4,80.80437115680616,2.5626697918404853,1
309,16,Other,Asian,65710.24497014162,PhD,Private,1,86.9937517640512,2.255961068250098,1
310,18,Male,Hispanic,48336.91625398622,Bachelor's Degree,Public,1,88.99925477067333,2.2512407645536214,1
311,17,Female,Hispanic,138193.32834128087,Associate Degree,Charter,2,97.41538117183694,3.580714982092807,1
312,15,Male,Asian,148439.09892802313,Master's Degree,Public,4,81.39153640571084,3.56542860568484,1
313,16,Other,Asian,69289.3684863219,Bachelor's Degree,Public,2,91.50335319017759,3.3457293085940862,1
314,16,Male,Asian,114411.65080301123,High School Diploma,Private,3,93.15313026671544,3.9558365055329077,1
315,18,Male,Hispanic,70236.40917714656,High School Diploma,Public,3,97.05017473370081,3.942952459194481,1
316,18,Male,Black,42598.88871665463,Master's Degree,Public,0,96.88261629145485,3.4510942639120663,0
317,18,Female,White,77123.07682587887,High School Diploma,Public,1,89.2864988178093,3.681755873863728,1
318,16,Other,Hispanic,96188.39529134112,Associate Degree,Public,2,83.16204324879429,3.552746292087507,1
319,16,Female,Asian,44762.011101179305,High School Diploma,Public,4,82.23202905797379,2.154483543466416,1
320,16,Female,Asian,128192.73297477134,No Diploma,Public,0,92.2009052011694,3.2627632688278667,0
321,18,Male,White,89683.57402719473,Bachelor's Degree,Public,3,94.9446968718779,2.827879600773815,1
322,18,Female,White,58125.95430054876,Associate Degree,Public,4,85.28269738086955,2.9783277782948625,1
323,17,Male,Hispanic,101131.1494251532,Bachelor's Degree,Charter,0,93.10406840457003,2.4429320263556793,0
324,17,Male,Hispanic,125191.11672652826,High School Diploma,Public,0,77.37466867349454,2.0589247644197193,0
325,17,Other,Asian,69314.9218862371,Associate Degree,Public,3,78.04260487685215,3.7980034579889432,1
326,15,Male,Asian,114177.15892807132,High School Diploma,Private,4,85.40209246138097,3.845585229258613,1
327,18,Other,Black,81343.10159768249,Associate Degree,Charter,4,93.10118339225924,3.48238400476714,1
328,18,Other,White,145686.14026147212,Bachelor's Degree,Public,0,97.87219543539763,3.487219706668001,0
329,16,Male,Black,122512.8103923278,PhD,Private,1,91.80786814637938,3.6677121444147085,1
330,17,Female,White,72762.1083026425,Bachelor's Degree,Public,1,79.48657892336081,2.623677199940979,1
331,18,Male,Black,32129.75508741145,Associate Degree,Public,1,85.50198098645798,3.640165748540273,1
332,16,Other,White,108902.38744565136,Associate Degree,Public,0,81.83048483768661,3.3533300231076364,0
333,18,Female,Asian,53744.65903018227,High School Diploma,Public,1,76.6859649350074,3.575181699949047,1
334,18,Other,Asian,44625.50107789593,Associate Degree,Charter,3,95.64463385916099,3.707208530126235,1
335,16,Female,White,141813.17416761525,High School Diploma,Private,0,83.588261977927,3.7805371385351982,0
336,16,Other,Black,149993.87642579002,Associate Degree,Public,1,87.94155813150593,2.0422040509238837,1
337,16,Male,Black,62386.658467726214,Bachelor's Degree,Public,2,89.4173371757134,2.923633212051432,1
338,15,Male,Asian,66212.22625991257,PhD,Public,4,98.01872808074158,3.8977894727467195,1
339,17,Other,White,49798.67270858024,High School Diploma,Public,0,77.50766438239292,3.1538073234022117,0
340,17,Female,Hispanic,84922.17311155485,High School Diploma,Public,4,99.31048541816965,3.431952341438392,1
341,15,Male,Asian,133901.25118028972,High School Diploma,Charter,4,86.15049404738527,2.6696021107208283,1
342,16,Male,White,114180.71425498533,Master's Degree,Public,1,87.98820979566847,2.185525990913583,1
343,16,Other,White,131559.78696919052,Master's Degree,Private,2,99.78665355178997,3.1533649406583284,1
344,15,Female,Hispanic,57417.798680829655,Bachelor's Degree,Public,1,79.3939372528921,2.855174949157873,1
345,18,Other,Hispanic,117654.72808901762,No Diploma,Private,2,93.38193805122953,2.0501834560579777,1
346,15,Other,Black,140223.19540752724,Associate Degree,Public,2,92.07648978920831,2.1915765544294667,1
347,15,Female,Hispanic,63769.93370572685,High School Diploma,Private,4,80.6040472953993,2.925915137175214,1
348,18,Male,White,112878.42523094222,High School Diploma,Private,4,99.15646282773966,2.9984580713591464,1
349,17,Female,Black,78078.88940278254,Bachelor's Degree,Charter,2,75.9145704612193,2.9933625591553765,1
350,16,Other,White,64827.19741907071,High School Diploma,Public,2,91.5150569755957,2.590213823400226,1
351,17,Other,White,146354.81625052192,Associate Degree,Public,2,96.83872191063128,3.1284996034162282,1
352,16,Male,White,71835.98759619513,Associate Degree,Public,4,85.00877624737481,2.977398471875781,1
353,17,Female,Black,42941.96175128248,High School Diploma,Private,3,86.08110226842678,2.4968037865636763,1
354,15,Other,Asian,76630.70515444028,Associate Degree,Charter,3,76.64365440661969,3.2614351030798785,1
355,17,Other,White,83721.39491519789,No Diploma,Public,0,81.58225492944538,3.5273451489350487,0
356,15,Male,Black,120265.29905990855,No Diploma,Charter,3,92.91502641670164,2.1204161709763403,1
357,16,Female,Hispanic,143989.71203364033,Master's Degree,Private,1,99.5574893454505,2.3649983052918535,1
358,16,Male,Asian,128046.83805530552,Associate Degree,Public,4,83.62553982705185,3.4216689742155,1
359,16,Male,White,141712.95735061273,PhD,Private,3,78.70325362278707,2.804154531559025,1
360,15,Other,Asian,87007.21559699174,Associate Degree,Private,2,77.32237814771801,3.171021969901892,1
361,18,Other,White,116317.98818837211,Associate Degree,Private,2,79.50924081971196,3.0525466921595434,1
362,15,Male,Black,67085.95020148829,High School Diploma,Private,1,77.77600718738464,2.3397782212789275,1
363,18,Male,Black,38350.453022282156,No Diploma,Public,0,95.74602894955436,3.214359623236498,0
364,15,Female,White,73856.82303911922,High School Diploma,Public,2,84.58553422425365,2.2298453152202127,1
365,15,Other,White,113749.82739939573,Bachelor's Degree,Public,3,84.94843763730137,3.6140132414553774,1
366,15,Male,Black,62954.653229765245,Bachelor's Degree,Private,2,96.0914334480646,3.002306258206714,1
367,15,Male,Asian,133368.7074769825,Associate Degree,Public,0,93.55094695942495,2.135102874005693,0
368,16,Other,Asian,124892.74199794822,Bachelor's Degree,Private,1,88.1735593390146,3.9735834126734417,1
369,18,Female,Black,53285.105902152354,High School Diploma,Private,0,87.4997386985166,2.9009090737966075,0
370,18,Other,Asian,69700.4114988968,Associate Degree,Private,0,92.41493265978602,3.3997719871694523,0
371,15,Male,Hispanic,129036.31410589101,Master's Degree,Public,4,89.68400672282677,2.2901766363486304,1
372,18,Female,White,59272.53474135593,High School Diploma,Public,2,79.71226035979912,2.2895754883730985,1
373,17,Male,White,69792.25748005568,High School Diploma,Private,2,78.1442323909174,2.3125741997057503,1
374,17,Male,Black,71168.0318907704,Bachelor's Degree,Public,3,85.14600034290564,2.305230534240734,1
375,16,Female,Black,126125.04333909201,Master's Degree,Private,0,87.35202973703052,2.2765048377134987,0
376,16,Female,White,34443.63187260201,High School Diploma,Charter,1,77.05512280744311,3.970953459141093,1
377,16,Male,White,38854.437974569715,High School Diploma,Charter,2,88.39158081034009,2.704252765460379,1
378,17,Other,Hispanic,99414.1857795525,Bachelor's Degree,Charter,2,99.19281597548877,2.3836084100235913,1
379,16,Other,White,77653.438919528,High School Diploma,Charter,1,92.45503986518648,2.8490928878228914,1
380,16,Other,Asian,105946.2383532849,Bachelor's Degree,Public,4,78.56425581821419,3.00536850738247,1
381,15,Male,White,61975.35314152594,Associate Degree,Charter,3,89.2394598959411,2.921235708778056,1
382,16,Female,White,139149.92129778728,Bachelor's Degree,Private,2,95.11053563473425,2.9123584648048357,1
383,17,Other,White,121313.02646093474,Master's Degree,Public,2,83.59151575663768,3.44206042898833,1
384,16,Other,Asian,38129.546466047526,Master's Degree,Charter,3,85.72333463985422,3.350903770670574,1
385,16,Male,White,124068.65727420409,Bachelor's Degree,Private,3,75.05642356839827,2.6547456243692915,1
386,15,Other,White,146349.88467747014,Bachelor's Degree,Charter,2,96.73874547638323,2.368421812151024,1
387,15,Other,Asian,143092.27447049675,Associate Degree,Private,3,86.75457900481899,3.3987834018091725,1
388,16,Male,White,118258.05576305372,No Diploma,Public,3,81.33866479696644,2.6538576703823153,1
389,16,Other,Hispanic,44831.250417745876,High School Diploma,Private,1,79.9401795720417,3.9548303719368385,1
390,17,Female,Asian,99129.21190085448,No Diploma,Private,3,85.67960604123914,3.459852781136071,1
391,18,Female,Hispanic,64107.92746085866,Associate Degree,Public,1,80.58619925593274,2.771985693622222,1
392,18,Female,Asian,146425.55323634966,Master's Degree,Charter,0,97.41946844201813,3.9996769493463766,0
393,16,Female,Hispanic,116098.28704339312,Associate Degree,Public,3,80.66850765266844,2.268228286919146,1
394,18,Female,White,103291.87077449031,Bachelor's Degree,Public,1,85.06086298791483,2.6463056960712117,1
395,18,Female,Black,113410.56511256714,High School Diploma,Private,0,78.51959118811145,3.056639141966609,0
396,18,Other,Hispanic,82557.49549316167,High School Diploma,Public,3,77.97154705784185,2.2481871078909537,1
397,17,Female,Asian,74728.4101725128,High School Diploma,Private,3,80.94328084896108,3.199444094185213,1
398,17,Female,White,142295.9495327957,Master's Degree,Charter,4,75.07430698304414,3.4460898544654457,1
399,16,Female,Hispanic,69831.2561751224,High School Diploma,Public,2,89.9658461164959,2.8444250239319544,1
400,17,Other,Asian,34972.33580792632,Associate Degree,Private,4,80.55704728349897,3.2768484577325863,1
401,18,Male,Hispanic,78100.81849853488,High School Diploma,Charter,3,85.78701898626409,3.748272641281833,1
402,17,Male,Black,124840.84231460067,High School Diploma,Public,4,95.21572281187895,3.918163211254689,1
403,15,Male,Black,107816.20296587034,High School Diploma,Public,4,85.39454934080749,2.833489560050836,1
404,18,Other,Black,145460.49305734495,High School Diploma,Public,3,94.12751658460188,3.443258068357755,1
405,18,Other,Hispanic,42744.224114296514,High School Diploma,Public,2,92.80271054070502,3.5395764076629854,1
406,16,Male,Asian,139385.556267526,Bachelor's Degree,Private,0,96.5407768204042,3.414718183147169,1
407,16,Male,Hispanic,74261.90326968746,High School Diploma,Public,3,84.91421226138098,3.069219472575117,1
408,16,Male,Asian,86880.31025062947,Bachelor's Degree,Public,3,93.56844984819378,2.343602712690895,1
409,17,Male,Hispanic,81417.85853870813,No Diploma,Charter,1,89.07845034277747,2.5382031601661073,1
410,16,Other,White,43974.27373109297,High School Diploma,Charter,0,88.02130515101138,3.189602442349237,0
411,16,Male,Black,59735.57468702264,Bachelor's Degree,Private,3,81.72729593687144,2.7408933193170735,1
412,16,Other,White,119072.58830757503,Bachelor's Degree,Public,2,87.71281743916818,3.843951714868319,1
413,17,Male,White,32760.905021483424,High School Diploma,Charter,0,76.36617337670901,2.332791387847031,0
414,15,Other,White,46066.53292635294,Associate Degree,Public,1,77.88638830913743,2.5856040219581753,1
415,18,Female,White,33025.22025496201,High School Diploma,Public,0,86.9379616246048,2.171776368219077,1
416,16,Male,Black,132886.5668788259,Bachelor's Degree,Public,1,82.4665143776276,3.1329892688663987,1
417,15,Male,Hispanic,104078.97933381356,High School Diploma,Charter,3,97.5833667908806,2.512708644332914,1
418,18,Other,White,50391.43945422706,Bachelor's Degree,Public,3,98.84544441738963,3.833127429355137,1
419,16,Male,White,122252.66676645043,Associate Degree,Private,0,96.96854633553696,2.707654581660921,0
420,16,Female,White,146016.07169418645,High School Diploma,Public,2,76.03222654934173,2.525892392280264,1
421,17,Female,Black,142147.24494360219,Bachelor's Degree,Charter,4,95.48351738589332,3.764868519463562,1
422,15,Female,White,140585.70573745982,High School Diploma,Public,0,86.50484187710973,2.7179004916479546,0
423,17,Other,White,30937.225848689188,High School Diploma,Private,4,76.17310540219863,2.3475497422543947,1
424,18,Female,Asian,100681.61867823343,No Diploma,Public,3,77.94974670623353,3.870041877477214,1
425,15,Other,Black,60795.91399668351,Master's Degree,Charter,2,94.86176748950824,2.0124942839048092,1
426,17,Other,White,97757.66571718304,Associate Degree,Private,0,87.09895642532868,3.563835369594611,0
427,15,Male,Asian,68163.63469926655,Associate Degree,Public,4,89.74922641076176,3.980026453923264,1
428,17,Other,Asian,48439.98513271351,High School Diploma,Charter,0,75.50858507019555,2.3291867914666766,0
429,15,Male,Black,83339.2468030016,High School Diploma,Private,0,75.92697736244219,2.6103244736633595,0
430,15,Other,White,89411.5592611648,High School Diploma,Public,2,85.70712689236981,3.139683621352755,1
431,18,Male,White,148771.86082171494,Associate Degree,Public,4,87.62116874474863,2.632123024748462,1
432,18,Male,White,35086.546096624814,Bachelor's Degree,Private,3,78.97280186929282,3.086354833314797,1
433,18,Male,Asian,66138.62386767319,Associate Degree,Private,3,84.28951202973819,3.8074027878549455,1
434,15,Female,White,132227.2614105987,Master's Degree,Public,3,75.09030308966655,2.5595676618634764,1
435,15,Other,Asian,109163.45977512513,High School Diploma,Public,1,78.33366825294553,3.554440805549397,1
436,18,Male,White,129201.96382150751,No Diploma,Public,1,75.6248558796734,3.1383280548406933,1
437,16,Male,Black,109234.91022717334,Associate Degree,Public,2,97.00708040607904,3.8880030703742277,1
438,18,Male,Hispanic,121144.35709753595,No Diploma,Public,4,76.53448251883674,2.7848479537444293,1
439,17,Other,White,89150.60999964687,High School Diploma,Public,4,89.01417813828145,3.9233079915237683,1
440,18,Male,Hispanic,54585.3231477117,PhD,Private,1,89.62998372394974,3.9261944459027833,1
441,15,Male,Asian,127200.46330046399,Master's Degree,Private,1,75.11024252062623,3.5989866995550255,1
442,18,Male,White,98138.4785596763,High School Diploma,Charter,1,90.30664245321319,2.193763430098227,1
443,15,Other,Hispanic,46740.62325441957,High School Diploma,Private,2,96.19857485594042,2.4744185202413727,1
444,18,Male,Hispanic,126587.28322450393,Associate Degree,Public,0,89.42789380307818,2.1205690972659483,0
445,18,Male,White,145030.30924350937,Bachelor's Degree,Private,0,79.64082182544195,2.3865976302944674,1
446,16,Other,White,71539.6647154159,No Diploma,Public,0,88.76600281929421,2.7610861721728117,0
447,17,Male,White,65221.47025037322,No Diploma,Public,4,92.44458010533168,3.2128623117459734,1
448,16,Other,Black,39813.02138490793,High School Diploma,Charter,0,92.102670470672,2.7710002912132583,0
449,15,Other,Asian,109738.94717392988,Bachelor's Degree,Private,2,90.30295347148109,2.8248219511980626,1
450,15,Male,Hispanic,145075.3942195796,Associate Degree,Public,1,84.56440740831529,2.8000478749345925,1
451,18,Other,Hispanic,46319.12279899292,Master's Degree,Private,4,78.03536102835818,2.1360378731134864,1
452,15,Male,Black,88219.15575831785,High School Diploma,Public,0,76.78486796538124,3.750286753664758,0
453,18,Male,Black,41788.58215838974,Associate Degree,Private,1,90.28765468360609,3.318917453446117,1
454,15,Male,White,34093.1884451779,Bachelor's Degree,Public,4,84.06314068695406,2.6717879247406797,1
455,15,Male,Asian,109740.12608011745,Associate Degree,Public,3,75.05141891328984,3.1998138808168965,1
456,16,Female,Hispanic,134122.46104121977,High School Diploma,Public,2,78.73546019673744,3.052948919121438,1
457,15,Female,Asian,70508.46433512357,High School Diploma,Public,2,92.44931958231871,2.758774018981976,1
458,17,Other,White,135091.8209292119,Associate Degree,Private,2,93.95297747696043,2.27694249161313,1
459,17,Other,White,44046.37189812383,High School Diploma,Private,2,89.57038963542486,3.5454189809975354,1
460,17,Male,White,58555.28183009714,PhD,Public,2,90.12586067653297,2.149674431198154,1
461,15,Female,Asian,138192.80722880622,Associate Degree,Public,0,81.84389927524867,2.388386666490918,0
462,15,Male,Hispanic,91021.18724288043,High School Diploma,Public,0,87.21386326856694,2.129357749796246,0
463,17,Female,White,102983.0860556429,Bachelor's Degree,Charter,3,98.44967692448164,2.5672513097810747,1
464,15,Male,Black,34562.187905100945,High School Diploma,Public,4,84.61968403262415,3.511882365324038,1
465,17,Male,Black,45406.78921774667,Bachelor's Degree,Public,0,90.24937672782428,3.895273644112379,0
466,18,Female,White,36694.89750010238,Associate Degree,Public,2,84.13221439445704,3.7902092602678463,1
467,17,Other,White,138600.0887939603,High School Diploma,Private,1,86.24617492894495,3.0722452312561748,1
468,18,Male,Asian,46175.39566451364,No Diploma,Public,1,94.57126585563577,3.0015990213358776,1
469,18,Other,White,131960.73919305054,PhD,Public,4,84.80077184165673,3.9739133696631903,1
470,15,Other,Asian,72124.16392469438,High School Diploma,Private,3,85.93722179711484,3.0086991472727496,1
471,16,Male,White,126071.6995638936,PhD,Public,3,82.17794999362499,3.504752672133419,1
472,16,Other,Black,73805.22569480969,Associate Degree,Charter,0,95.5563579762811,3.8987843060517235,0
473,16,Female,White,62122.084763145176,Associate Degree,Charter,3,82.57719183271853,2.0128954236831635,1
474,15,Other,White,41239.28414268687,No Diploma,Public,3,93.27359396822337,2.1436043109772562,1
475,15,Male,Black,63684.790868896045,PhD,Public,2,98.1895674498064,3.049036949519728,1
476,18,Female,White,86577.5660060736,Bachelor's Degree,Charter,1,94.21646724503233,2.008523399207011,1
477,18,Male,Hispanic,128101.05586761546,Associate Degree,Private,0,96.7415493305635,3.305271784324757,0
478,16,Male,Hispanic,84301.79457224374,High School Diploma,Public,3,78.54342991047321,3.7708643656646887,1
479,18,Female,White,146572.2689925141,High School Diploma,Charter,3,85.06420308494019,3.842350975081837,1
480,15,Other,Asian,94995.96130257875,Associate Degree,Charter,1,75.64087709596788,2.02610509523583,1
481,18,Other,Hispanic,32993.47557737321,High School Diploma,Private,4,88.06542950410068,3.762473683344871,1
482,15,Other,White,79844.0760229527,Associate Degree,Public,0,99.96813492622749,3.3614498742613668,0
483,16,Female,Hispanic,112667.89288638164,No Diploma,Charter,3,88.46233141381173,3.4845788917372964,1
484,17,Other,Hispanic,58114.99754997897,No Diploma,Public,0,96.54187269449343,3.105992607035853,0
485,17,Female,White,113835.59410177905,Associate Degree,Private,0,99.74544711929524,2.4082192797516617,0
486,15,Other,White,90443.67662178195,No Diploma,Public,4,83.28561442662183,3.3769109980359713,1
487,17,Other,White,33088.53306997383,No Diploma,Charter,3,85.70360055891055,2.673383221106481,1
488,16,Male,Hispanic,122922.35393762469,High School Diploma,Public,0,88.66917245770722,3.1760527157599254,0
489,18,Other,Asian,97244.84445768902,No Diploma,Public,3,93.25683898491646,2.6967301220944173,1
490,18,Male,White,39899.22036973121,High School Diploma,Public,3,87.74430083406831,3.086158506024108,1
491,18,Male,Asian,87025.68401547275,High School Diploma,Public,2,79.61894906861214,2.2453558177582424,1
492,16,Male,White,64475.1458129696,High School Diploma,Public,4,87.5568747893538,2.1274822347113913,1
493,17,Female,Hispanic,135561.78511055198,Associate Degree,Public,0,93.03029367344527,2.1082657038679793,0
494,16,Other,Black,64191.246336869845,High School Diploma,Private,0,93.82740960583286,3.9601495717607857,0
495,17,Male,Hispanic,143002.44851690385,High School Diploma,Public,3,85.4733038085489,3.464968737614071,1
496,18,Female,Hispanic,95535.9299216535,Associate Degree,Public,0,90.20508639026848,3.8318144279209365,0
497,17,Other,Black,68833.64514560656,Master's Degree,Public,2,99.83043424245412,2.628149638167893,1
498,16,Male,Hispanic,127625.40209010929,PhD,Public,2,83.46391942215307,3.1155941397730715,1
499,17,Female,Black,113688.0454038919,High School Diploma,Charter,1,77.77094405146417,3.059642187334807,1
500,18,Female,Asian,79675.49948350554,High School Diploma,Public,0,78.52782469418912,2.168161902782268,0
501,18,Male,Black,105554.19632479118,Associate Degree,Public,0,95.19361420821747,2.37989005131025,0
502,15,Female,Black,123430.11168339376,High School Diploma,Public,4,90.96505019461699,3.221984333749421,1
503,15,Other,White,132186.93531401872,High School Diploma,Public,3,84.16523623958987,3.2266887432279807,1
504,17,Male,Hispanic,127969.52564568764,No Diploma,Public,4,76.32213638750056,2.70580334879111,1
505,16,Other,White,49929.250631210154,High School Diploma,Private,2,77.44339131565792,3.979560337914836,1
506,18,Female,Black,129406.74630043027,High School Diploma,Public,0,89.48812174602435,3.147676415532409,0
507,16,Male,White,37035.48706605266,Associate Degree,Public,0,89.25570046000762,3.317717929876605,0
508,17,Male,White,54020.48178606824,Bachelor's Degree,Public,4,88.97407125983949,3.663805524038491,1
509,17,Other,Black,104751.2064079187,PhD,Public,4,92.0433296022935,2.84726082386885,1
510,16,Female,Black,43763.10305362852,High School Diploma,Charter,1,96.34003588907362,2.503453757606139,1
511,15,Male,White,102401.71140674401,High School Diploma,Private,1,88.54155781224983,2.890522150346377,1
512,17,Male,White,66955.88296362765,PhD,Private,1,86.74082393933267,2.8845325483341733,1
513,18,Female,White,81535.9902185578,Master's Degree,Public,4,97.21362129186838,3.0620776959143923,1
514,15,Male,White,67818.18041345736,Bachelor's Degree,Public,3,94.72636859731509,2.934639309280172,1
515,17,Female,White,38420.82814378854,Master's Degree,Private,4,87.72085958732842,3.435605296871108,1
516,15,Female,Black,90091.05035063531,High School Diploma,Private,2,76.96166002530236,3.2719867175108104,1
517,18,Male,Hispanic,145631.9333273865,Master's Degree,Public,0,82.31242042598967,2.27540610003434,0
518,17,Female,Black,103414.00177921525,Master's Degree,Private,3,96.47094693822052,2.4418137097335766,1
519,16,Other,Asian,66003.82459405504,High School Diploma,Charter,0,90.45443054266333,3.4604586321906723,0
520,17,Male,White,144737.9800948823,Associate Degree,Private,3,76.30412029794937,2.866774578685524,1
521,16,Female,White,76708.47023426728,PhD,Private,3,93.74625685920208,3.036075180593353,1
522,15,Female,White,113702.12806426123,Bachelor's Degree,Public,2,86.70631119473009,2.2872477002671934,1
523,16,Other,Black,106093.53659069331,Bachelor's Degree,Public,2,75.34251446486192,2.2822863263059414,1
524,16,Other,Asian,144349.3017646622,Associate Degree,Public,2,91.35748221900914,2.487820432821972,1
525,17,Other,White,139752.32333938044,High School Diploma,Private,0,79.64903193224468,3.967665457209633,0
526,17,Female,White,47760.48676200375,PhD,Public,2,77.22396376183653,3.4336701495486515,1
527,18,Male,White,40282.3049675307,Associate Degree,Public,3,81.58312538857085,2.5468080736019685,1
528,15,Other,Asian,127157.07933585955,High School Diploma,Public,0,80.75296052036597,3.289426064411585,0
529,16,Male,White,138593.18559561876,Bachelor's Degree,Private,3,93.241819404672,3.376312625601872,1
530,15,Female,Black,89156.83247074793,Bachelor's Degree,Private,1,96.20018953930446,3.788502168360037,1
531,18,Male,Asian,112891.35286005301,High School Diploma,Private,0,88.34840793868933,2.8831237554506712,0
532,15,Other,White,38374.59362141018,High School Diploma,Private,3,83.48916106517825,2.5234682157512047,1
533,15,Other,White,56376.52774277663,High School Diploma,Private,3,93.85243128730451,2.5880176153045715,1
534,17,Other,Hispanic,47925.14335880654,No Diploma,Public,0,94.05063351756303,2.3768381205993627,0
535,15,Male,Asian,102139.27002600407,Bachelor's Degree,Public,1,81.97781210652995,3.8257465749817934,1
536,18,Male,Hispanic,53704.78725193285,Associate Degree,Private,0,75.92090401263707,3.2996521492979545,0
537,16,Male,Black,37181.55786610208,High School Diploma,Private,2,96.3776434108505,3.7468227879234375,1
538,15,Male,Asian,66264.87392832129,No Diploma,Public,2,77.15246551715008,3.7898348432683386,1
539,18,Female,White,111265.49149367433,No Diploma,Private,2,86.05895614120928,3.342153366875899,1
540,17,Male,Hispanic,99343.64691142255,Bachelor's Degree,Public,4,85.77186836427956,3.6640487088219915,1
541,16,Male,White,69686.9958593563,High School Diploma,Private,1,84.49511753715737,2.306790987214944,1
542,18,Female,Black,130017.46510120518,High School Diploma,Public,0,84.30752533197165,3.0652617899749313,0
543,15,Other,Hispanic,63152.29296145075,No Diploma,Public,4,95.21877709314734,3.133570470366755,1
544,16,Male,White,61265.71660388191,High School Diploma,Public,1,76.39017144054851,2.142303685819318,1
545,17,Female,Asian,97193.68929475058,Master's Degree,Charter,3,96.06454615348873,2.6773314706341376,1
546,15,Female,Hispanic,87385.87678149308,High School Diploma,Private,0,96.8495505921085,3.8940634119878963,0
547,15,Other,White,83516.71927204328,PhD,Public,2,93.93181935407432,2.8118428968143103,1
548,15,Female,Hispanic,48694.27427448806,High School Diploma,Public,1,90.88697215497989,2.3353578436324853,1
549,17,Other,White,90557.54299595894,High School Diploma,Private,3,92.67263666128622,2.248835650180803,1
550,16,Male,Asian,61082.27007305331,Master's Degree,Public,1,91.77871148125202,2.273548526280341,1
551,18,Male,White,77061.58591428184,Associate Degree,Private,3,92.4363981924307,3.409639103670232,1
552,15,Female,Asian,118028.45372047275,High School Diploma,Public,1,89.14044503648226,2.2979944974564974,1
553,15,Male,White,142423.53906712268,Bachelor's Degree,Private,2,83.2581253471366,3.732117106654564,1
554,15,Other,Hispanic,122863.55582271892,No Diploma,Public,4,99.35733487368054,3.0627820178773097,1
555,15,Male,White,78676.06735479165,Master's Degree,Private,3,89.72486656859263,3.074174883204919,1
556,16,Male,White,101163.97671945166,Master's Degree,Private,0,82.00023900667881,2.6038970573268068,1
557,18,Other,Hispanic,119579.73790508448,No Diploma,Private,0,90.77458144776529,3.636846439611145,0
558,17,Other,Black,79706.52601150698,Bachelor's Degree,Charter,1,93.28266402540052,2.3222549729428708,1
559,17,Female,White,73229.77905747613,PhD,Private,4,97.85637642577197,3.5857310829891156,1
560,16,Other,White,46229.19551470359,Associate Degree,Private,3,95.28901334991153,3.9736116736546383,1
561,15,Female,White,118351.29617710508,Associate Degree,Public,4,90.4321304474331,2.9627516779853718,1
562,16,Male,Black,130621.03089691498,Bachelor's Degree,Charter,1,97.02586193323205,2.9448725656886614,1
563,16,Male,Hispanic,67990.12932359433,High School Diploma,Private,3,91.4641319624534,3.959392631958841,1
564,16,Female,Asian,124020.93187710425,Bachelor's Degree,Public,0,78.57251934781529,2.3487366512317873,0
565,18,Male,Black,103225.5670004385,Associate Degree,Private,0,82.52628767036936,3.160301437106317,0
566,18,Male,White,124089.96556838928,Associate Degree,Public,3,78.69537787769143,3.0832991330744095,1
567,16,Other,White,79360.48597795973,PhD,Public,3,77.62664121803132,2.8327012429307867,1
568,16,Other,Asian,119709.1636379528,Bachelor's Degree,Public,3,90.02704623365996,2.4500153865747603,1
569,18,Male,Hispanic,79021.09414771512,PhD,Private,0,79.77184158995625,2.445339423648197,1
570,16,Male,Black,40650.95825033435,Master's Degree,Private,3,98.15636642549072,3.336095720757502,1
571,18,Other,Black,96069.4701761933,No Diploma,Public,3,89.64307690135024,2.96183494583365,1
572,18,Male,Hispanic,84519.44716663747,Bachelor's Degree,Public,4,81.34822077771442,2.0853298696645983,1
573,17,Male,White,60345.586464189255,Bachelor's Degree,Private,1,88.93122691778325,2.813447490154155,1
574,17,Female,White,137053.6001960123,Bachelor's Degree,Charter,4,92.70301410575664,3.290640367349449,1
575,18,Male,White,75942.39666432014,High School Diploma,Public,1,86.71008321914648,3.4401322084302794,1
576,16,Male,Black,34695.133371873766,Associate Degree,Public,1,97.62884071821343,2.8110996080713786,1
577,16,Other,Black,75856.28882431085,No Diploma,Public,1,89.26957232953612,3.08755588546671,1
578,16,Female,Hispanic,80941.17694804436,No Diploma,Charter,0,89.09056096807423,2.8809172994014736,0
579,17,Female,Asian,133396.52678329917,Associate Degree,Public,0,80.25812278556799,2.0628185100471286,0
580,15,Male,Black,125901.98497260522,Associate Degree,Public,3,77.18433002657918,3.028476282555703,1
581,18,Other,White,53995.99030895092,High School Diploma,Charter,4,94.17778470366585,3.10782140047929,1
582,15,Male,Asian,130683.50711506451,Associate Degree,Private,4,88.15784897967283,3.047479176578733,1
583,15,Other,Black,59751.267390439825,Associate Degree,Private,3,85.6625474214231,3.735062205884369,1
584,16,Other,Hispanic,71032.09777971517,No Diploma,Private,4,94.53999368733716,3.5563656933591905,1
585,15,Female,Hispanic,39218.214477298956,High School Diploma,Charter,3,85.03620410771114,2.785217627909617,1
586,16,Male,Asian,36642.75757612366,Bachelor's Degree,Public,2,89.69340364083493,2.8797487522655487,1
587,15,Other,White,111703.21449733649,PhD,Private,4,77.8440382838393,2.834495355625135,1
588,18,Other,Hispanic,140800.93014260795,Bachelor's Degree,Public,0,99.66519002898231,2.765601038603979,0
589,17,Female,White,89162.02250853943,High School Diploma,Private,2,79.10909076055717,3.5550018251050517,1
590,17,Male,White,131291.24543502997,Master's Degree,Private,3,79.22646570966596,3.7849735727361544,1
591,16,Male,White,125250.1499631184,Associate Degree,Charter,0,86.01059501749882,3.87481633432637,0
592,15,Other,White,109761.44680575951,No Diploma,Public,4,81.46495967438982,2.95946073628605,1
593,15,Other,Asian,147387.47173413343,Associate Degree,Public,1,90.73955303162572,2.6688799017809757,1
594,15,Male,White,126262.55050516632,High School Diploma,Private,3,75.32397568513855,3.7816697974182487,1
595,15,Other,White,62981.32730571137,Associate Degree,Private,4,88.22926855732833,3.656784192284345,1
596,15,Male,Black,124681.70954653295,High School Diploma,Private,4,95.3741357580699,2.83991422777553,1
597,18,Other,White,113119.39755406843,Bachelor's Degree,Private,3,98.74229935387967,2.430037916074463,1
598,17,Female,Black,77942.4535963622,Associate Degree,Public,3,93.49737834091971,2.89022135752386,1
599,16,Female,Asian,39215.6964272538,High School Diploma,Public,3,79.68094680610574,3.7156548265514378,1
600,15,Male,White,55723.14355417196,High School Diploma,Private,4,91.72162538803695,3.8697100450182758,1
601,17,Other,Black,125668.5469972026,Associate Degree,Public,2,91.97161663259394,3.2383667744119107,1
602,18,Male,Hispanic,59818.23457632591,Bachelor's Degree,Private,1,87.28608451636828,3.882058760017668,1
603,18,Other,Black,149742.95796280177,No Diploma,Charter,4,94.08036660019688,3.04093298468407,1
604,18,Other,Asian,113278.57679862535,Bachelor's Degree,Public,3,94.33343760583782,3.901629084940361,1
605,18,Other,Hispanic,87266.69768611295,High School Diploma,Public,2,92.62800843637885,3.493270943309697,1
606,15,Female,Hispanic,98452.40282543126,Bachelor's Degree,Public,1,81.4302412283547,3.352375099728672,1
607,17,Male,Asian,103304.72682497234,Master's Degree,Private,2,98.16204774955297,2.9675973335598407,1
608,16,Female,Black,146273.3784039148,High School Diploma,Private,3,76.15285233345242,3.0221129358824155,1
609,15,Female,White,49408.943355782336,Associate Degree,Charter,1,99.27588429143974,2.185024872835502,1
610,18,Male,White,62687.49631929055,Bachelor's Degree,Private,2,88.29488715854764,3.003437020229776,1
611,18,Female,White,115150.92575654923,High School Diploma,Public,2,91.31783989726854,2.105981446296208,1
612,18,Male,White,58782.95797722787,High School Diploma,Private,2,95.79261573147654,2.772944211819283,1
613,18,Male,White,134555.659464246,PhD,Private,1,79.06370981353508,3.9309424066176426,1
614,15,Female,Hispanic,71584.10107897423,Bachelor's Degree,Charter,3,97.4135872837653,3.892726635770562,1
615,17,Male,Black,51700.727989898296,Bachelor's Degree,Private,1,75.23692058646236,3.8489308928803556,1
616,16,Female,Hispanic,35714.49130197822,Master's Degree,Public,2,98.2443416498764,2.30911902521688,1
617,17,Male,Asian,101471.40483815399,Associate Degree,Public,2,85.28518296192979,3.029148460493611,1
618,17,Other,White,129033.8627465462,Associate Degree,Public,3,99.88583991745283,2.5154522367963086,1
619,16,Other,White,62855.17333785495,Associate Degree,Public,0,80.76939422320795,3.103492908605215,0
620,18,Female,Hispanic,140104.73835105845,Bachelor's Degree,Public,3,91.64957085026768,2.2545437424894024,1
621,18,Other,White,120928.11241416057,High School Diploma,Public,1,96.22950525676232,3.190644290081133,1
622,15,Other,White,37356.081899854165,No Diploma,Public,2,75.55911415862876,2.787669787229034,1
623,15,Male,Black,98715.95960096999,High School Diploma,Private,4,75.60064355832432,2.913291051988401,1
624,17,Female,Asian,98092.91283903188,PhD,Public,2,75.82818323849062,3.4560526015889295,1
625,16,Other,Black,54284.67659231763,No Diploma,Public,0,75.14912238017635,3.6413493430571924,0
626,16,Other,White,70145.32543988658,Bachelor's Degree,Charter,0,80.33857698553788,3.1002380276409562,0
627,15,Female,Asian,84993.46723005146,PhD,Public,3,95.10738019787134,3.8773776228665637,1
628,18,Male,Hispanic,35769.33854849021,High School Diploma,Private,4,80.51034764544656,2.5076110205128312,1
629,15,Female,White,47973.16911430654,Bachelor's Degree,Charter,1,83.88199110112966,3.995249181488255,1
630,17,Male,White,49680.52669326705,High School Diploma,Public,3,76.16436839832424,3.385835913483094,1
631,15,Male,Hispanic,75508.29053476691,High School Diploma,Private,2,82.65407192419758,2.1862318052191023,1
632,18,Other,Hispanic,119682.89504118965,Master's Degree,Public,4,76.99530982747518,2.221675305143874,1
633,16,Male,Asian,129756.43909167107,PhD,Private,2,82.11681928022284,2.3423130076610414,1
634,17,Female,White,49541.885522044664,High School Diploma,Private,4,89.38187699355464,3.7150922098344985,1
635,18,Male,White,120228.72432081238,Bachelor's Degree,Public,4,81.56942244402013,3.5765743168552535,1
636,17,Other,Hispanic,110485.19500658032,High School Diploma,Public,4,90.63478931408963,3.1489156192938337,1
637,16,Other,White,136882.48702966538,Bachelor's Degree,Public,1,91.33309393832845,2.3869977374847395,1
638,15,Male,White,146254.9504734206,Master's Degree,Charter,4,89.43604240559254,3.388238401959897,1
639,15,Other,White,44935.27305719293,High School Diploma,Charter,3,86.18100335171702,3.6847275805341373,1
640,16,Male,Asian,39680.863370498,Bachelor's Degree,Public,0,81.55668629301543,3.0153160760935966,0
641,15,Male,Black,125967.61547424112,Master's Degree,Charter,4,78.67713248839163,3.3901883410627986,1
642,15,Male,White,49460.504770303014,No Diploma,Public,1,86.52334400006201,2.2258649897771727,1
643,17,Female,Black,53348.942910864826,Master's Degree,Public,2,90.37997195063187,3.471073110633952,1
644,15,Male,Hispanic,135844.31070309924,Associate Degree,Charter,4,77.86713788740215,3.9727180573728127,1
645,15,Male,Black,142675.787652303,Associate Degree,Public,0,80.37520719307737,2.4997222573293927,0
646,16,Male,Black,68216.54927075688,Associate Degree,Public,1,79.4775365187615,3.470742403704055,1
647,18,Female,White,131060.17205255927,Master's Degree,Public,1,80.75766917888885,3.871506810997859,1
648,16,Male,Asian,133062.8291476381,Bachelor's Degree,Public,2,77.9148690516038,2.497693408472588,1
649,16,Other,Black,102646.85766024435,Associate Degree,Public,4,85.52275086234978,3.16767907179723,1
650,16,Male,Hispanic,97930.6137675774,Associate Degree,Private,3,83.0178155033381,3.592833682289048,1
651,16,Female,Asian,99100.60910947317,Master's Degree,Public,4,90.22470819823029,2.2767058469606205,1
652,18,Male,Black,66154.70251712675,High School Diploma,Private,1,97.59480600348226,2.3028893522769662,1
653,16,Male,Asian,104264.0446726789,No Diploma,Public,4,89.955974972775,2.6137589464163824,1
654,17,Other,White,59229.6325330284,Bachelor's Degree,Public,3,79.52540290173918,3.2160156864228218,1
655,15,Other,White,51315.87480907305,Bachelor's Degree,Charter,3,77.78462489054374,3.202453091852169,1
656,17,Male,Black,79554.05453088076,Associate Degree,Public,1,91.36336572237552,2.6203711366738753,1
657,15,Other,White,114693.65075813222,High School Diploma,Public,0,95.49558555926477,3.6099954950018622,0
658,18,Male,White,104571.32248217572,High School Diploma,Public,1,83.05345957032573,2.508337458644486,1
659,18,Female,White,145785.8495207643,Bachelor's Degree,Public,3,87.76105135382008,2.2671500268621045,1
660,16,Other,White,107574.7093638867,High School Diploma,Public,3,94.66455433867048,2.7917940279689426,1
661,18,Male,Hispanic,46957.68597551045,Associate Degree,Public,4,75.4222747687199,3.587955587893524,1
662,15,Female,Black,49346.18559510217,High School Diploma,Charter,2,92.41492030359889,3.1738168760310908,1
663,18,Other,Hispanic,41168.056809339854,Associate Degree,Public,3,87.72326677921721,2.9872202423512846,1
664,17,Male,Asian,52940.85179964156,High School Diploma,Public,0,93.16031564232551,3.224614434252275,0
665,15,Male,Asian,101754.10808149453,High School Diploma,Public,1,96.80927139262815,3.7681535670187962,1
666,18,Female,Black,130594.37700177784,Bachelor's Degree,Charter,3,87.36440403213648,2.9814171731790102,1
667,18,Female,Black,137264.11824809486,High School Diploma,Public,4,96.3969422786603,2.266085769337115,1
668,18,Other,Asian,78005.26640220583,High School Diploma,Public,4,75.31742347068834,3.167395986132391,1
669,15,Other,Hispanic,97029.9634304678,Master's Degree,Public,2,90.75202794056867,3.1959315187011805,1
670,16,Male,White,127103.9510580976,Associate Degree,Private,1,99.67273012140922,2.571112276733519,1
671,18,Male,Black,67448.46254342029,High School Diploma,Public,3,82.34120868850658,2.3885315935919516,1
672,18,Female,White,101480.2805326434,Bachelor's Degree,Private,2,93.0789736468976,2.778515661965685,1
673,17,Female,Asian,50889.90132643988,High School Diploma,Public,0,80.61102505855804,3.052769121125146,0
674,16,Other,White,87184.84086217136,Associate Degree,Charter,3,99.32664341808638,3.1897613274117567,1
675,18,Female,Hispanic,50768.671243616205,Bachelor's Degree,Public,2,86.10254963592406,2.7682996022597353,1
676,18,Male,Hispanic,85491.16683589746,PhD,Public,0,91.92228955427083,2.4049658282487805,0
677,16,Male,White,77618.36301210955,High School Diploma,Public,4,87.68123283243432,3.737735413346929,1
678,16,Other,Asian,81991.7788200592,High School Diploma,Public,1,77.0193235186796,2.86973938493742,1
679,15,Male,Asian,59245.467132782156,PhD,Private,1,94.92468074420911,3.693979338715362,1
680,15,Other,Asian,46325.20108542073,Bachelor's Degree,Public,0,81.06198673359452,3.6907941790821583,0
681,18,Other,White,63079.839350386275,Associate Degree,Public,3,81.97876486460169,3.12174960668223,1
682,17,Female,Black,58749.6047092691,Bachelor's Degree,Private,1,75.76081662217044,3.5550646781419073,1
683,15,Female,White,118115.54431013396,Associate Degree,Charter,1,88.87786777819878,3.055987247351072,1
684,15,Male,Asian,116037.00875778553,Associate Degree,Private,0,88.43975785229584,3.693494919381996,0
685,18,Male,Hispanic,100137.95925171269,High School Diploma,Private,0,79.60176866525036,3.0374870509665692,0
686,17,Other,Black,40960.055780253024,Associate Degree,Public,4,93.09876108840007,2.1284714357054177,1
687,16,Female,White,97951.42251360396,High School Diploma,Public,0,76.16255101399902,3.0195363523642818,0
688,17,Other,Black,39508.44311287173,Bachelor's Degree,Charter,0,94.60788415199588,3.751691830756773,0
689,18,Other,Hispanic,32180.762313148538,High School Diploma,Public,2,99.84294396285826,2.908832019421454,1
690,17,Other,Asian,72311.5338165187,Master's Degree,Public,3,79.00232377327407,3.5926434107383125,1
691,18,Other,Black,58865.39028766793,Bachelor's Degree,Private,2,82.86829402575789,2.012900518863073,1
692,18,Male,Asian,101357.72177196511,High School Diploma,Public,0,82.31000498817225,3.896993036116327,0
693,15,Male,Asian,141437.09856835363,Associate Degree,Public,4,88.64481495317823,3.532752121854209,1
694,18,Male,Hispanic,116382.24333254305,Bachelor's Degree,Public,3,77.50188105477176,2.235965910524752,1
695,17,Female,Black,122083.30343651844,Associate Degree,Public,2,87.52611997385203,3.3563207806667914,1
696,17,Female,Black,144107.17324447475,High School Diploma,Charter,2,97.43207056508402,2.2989623290427867,1
697,15,Male,Asian,106090.92970758812,Associate Degree,Charter,3,86.16539951165022,3.6158391469078546,1
698,18,Male,White,99327.71296917908,Associate Degree,Private,0,91.88833574390125,2.140468408282185,0
699,17,Male,White,102224.15711432502,High School Diploma,Public,3,95.74681804766593,2.385988469319299,1
700,16,Male,White,133896.6307880959,Associate Degree,Private,2,91.67495258111755,3.0939051266860234,1
701,15,Other,Hispanic,76571.8842248382,High School Diploma,Public,1,82.7747775425882,2.7621207052738503,1
702,18,Other,White,125440.34704656048,High School Diploma,Public,3,83.16965392426621,2.710979468873532,1
703,16,Other,Hispanic,108270.83219725937,Bachelor's Degree,Public,4,91.56246199708073,2.697367886308882,1
704,17,Female,Hispanic,66548.5860938356,High School Diploma,Private,2,79.19379898022788,2.1421763736911585,1
705,16,Male,White,31642.609318091003,Master's Degree,Public,2,76.08917671394063,2.314862213065397,1
706,16,Female,Black,55190.3988104304,PhD,Public,1,75.62469858586172,2.8052085422075534,1
707,15,Other,Hispanic,113998.65175522333,Associate Degree,Charter,1,84.11061327015165,2.9929336039590506,1
708,16,Male,Asian,99562.83716942818,Master's Degree,Public,1,93.97150543346756,2.0752546443556588,1
709,16,Other,Black,62951.363978434325,High School Diploma,Private,1,93.22298178819872,3.7665249438987294,1
710,18,Male,Hispanic,82116.29656812287,Bachelor's Degree,Public,0,86.15708513856534,2.9923959626251193,0
711,16,Other,White,109337.85186976957,PhD,Public,3,82.12509294537226,2.047634853768102,1
712,18,Other,Asian,45250.33685878763,Associate Degree,Charter,4,76.27302431917008,3.095823451001955,1
713,17,Male,Black,81873.54970214597,High School Diploma,Private,4,75.35747379476075,3.4418669164453175,1
714,15,Female,Asian,79994.90579783753,High School Diploma,Private,2,75.30298136716986,2.5905355295411434,1
715,16,Female,White,95112.12241442887,PhD,Public,0,89.24276690010873,3.6363428061786074,0
716,16,Male,Black,92629.64162621941,High School Diploma,Public,2,97.51887835591286,3.558115086820121,1
717,18,Male,White,74127.20220814194,Associate Degree,Public,4,96.37660729019608,3.771251147641505,1
718,18,Other,White,121528.03545750555,Associate Degree,Public,3,79.41300026739711,3.1390218690385687,1
719,15,Female,Hispanic,38067.484798945654,Associate Degree,Charter,0,83.53061040622707,2.7402750135559453,0
720,16,Other,Hispanic,34264.61670412152,Bachelor's Degree,Public,0,80.95665816255135,2.6735069464784793,0
721,17,Other,Black,80431.12075180505,PhD,Public,4,84.8653314586034,2.0509046072665846,1
722,15,Other,White,137603.3100204977,Bachelor's Degree,Private,2,84.01738914551599,2.0219739130234027,1
723,16,Male,Asian,63308.3220635603,PhD,Public,3,86.85475613905626,2.0901585686284916,1
724,17,Other,Asian,50677.11896371838,High School Diploma,Private,0,99.54803443843186,2.5687780507588727,0
725,16,Male,White,141385.00731952515,Associate Degree,Charter,2,94.67628073773596,3.5659306893966765,1
726,17,Female,White,50186.79054990843,Bachelor's Degree,Public,0,97.91990848943453,2.1762182567386503,0
727,16,Other,Black,74980.86440562307,Bachelor's Degree,Public,2,75.14296624416689,2.732092910113328,1
728,18,Male,Asian,117481.86124037906,Bachelor's Degree,Public,1,87.96308569760873,3.0249863289863343,1
729,17,Female,Asian,61310.88101731222,High School Diploma,Charter,2,96.63180261901147,2.6232226269128938,1
730,18,Male,Black,57581.943335241755,Master's Degree,Private,4,92.87800040154035,2.5239727910049643,1
731,16,Male,White,77720.06807178649,High School Diploma,Private,3,82.57231102069476,2.4664448114194513,1
732,17,Male,White,124483.77775161903,High School Diploma,Private,0,92.22323598023814,3.780873516155256,0
733,18,Male,Asian,139318.00237950077,Associate Degree,Public,2,88.93157032519001,2.5647887221938213,1
734,17,Male,Black,33755.10334917285,Associate Degree,Charter,4,92.74351284263574,3.0981572207451737,1
735,17,Female,White,49812.97528463043,High School Diploma,Private,3,86.87827448342138,2.3524158966260718,1
736,17,Female,White,145032.15469762892,PhD,Private,2,98.95119334779771,3.02378174911487,1
737,15,Female,White,101134.9549858762,Associate Degree,Public,2,99.84010342324308,3.653352741027091,1
738,18,Male,White,96169.23229845837,High School Diploma,Charter,0,99.54716581515474,2.6128179862208567,0
739,17,Male,Black,127625.24151407936,Master's Degree,Public,1,87.7834633192964,2.0456229260296594,1
740,17,Male,Asian,34773.995763413375,PhD,Charter,0,95.69722317930545,3.0565582958290847,0
741,18,Male,Hispanic,31660.35014075698,High School Diploma,Public,1,98.54586394313529,3.5597462364156556,1
742,17,Other,White,146099.28596419102,Associate Degree,Private,3,96.95022572789543,3.6999775218452826,1
743,17,Male,White,129428.48226872174,Associate Degree,Charter,0,88.36909411871947,3.2337900245083526,0
744,15,Other,White,119685.81378699224,Master's Degree,Public,4,99.89156471228654,2.6427501654532373,1
745,16,Female,White,48684.092417384,High School Diploma,Public,4,82.2323815694848,3.462470078532956,1
746,15,Female,Hispanic,87192.4707651912,Master's Degree,Public,4,99.07677962265755,3.9842313761970614,1
747,18,Female,Asian,142475.22462790168,Bachelor's Degree,Public,4,82.70878042233961,3.0507236740095824,1
748,17,Other,White,142031.95147487457,No Diploma,Private,1,89.39262668272592,2.1029358764157338,1
749,15,Male,Hispanic,31109.652837543457,Associate Degree,Charter,2,76.72359019303755,3.758989364777693,1
750,15,Other,Asian,120298.96908073888,No Diploma,Public,3,96.97325221064665,2.9626936843687726,1
751,17,Female,Hispanic,30748.531973605244,Associate Degree,Public,4,90.05071412427766,2.088708587775197,1
752,18,Male,Hispanic,148116.20732046678,Associate Degree,Public,3,84.9493291597385,3.609423953322298,1
753,16,Other,White,80036.06423948382,Bachelor's Degree,Public,0,76.60339088092388,2.8266767375234396,0
754,18,Female,White,146822.25095761195,PhD,Private,1,93.2346047354483,3.1749692841794612,1
755,17,Male,Asian,74129.61708367651,High School Diploma,Charter,1,85.80188433518464,2.3267650005082485,1
756,17,Female,White,65182.47486881057,Master's Degree,Private,1,94.5022836564398,2.916230068010344,1
757,16,Other,Asian,67955.03566015259,Associate Degree,Public,2,94.46788496299459,2.481164772953464,1
758,16,Female,Hispanic,117681.4879966308,Bachelor's Degree,Private,2,96.27816419063205,2.595417274904606,1
759,17,Other,White,53960.74007162364,Master's Degree,Private,1,86.115413914296,2.0768048770801038,1
760,18,Male,Black,133686.92301511808,Bachelor's Degree,Charter,2,77.02189572890421,3.9666141163114483,1
761,16,Other,Black,100868.72323520908,Bachelor's Degree,Charter,3,90.09371780397491,2.883199118575283,1
762,17,Female,Hispanic,146389.32311391237,Bachelor's Degree,Public,3,92.32016250962815,3.807776819768505,1
763,16,Female,Black,148450.18841833784,Master's Degree,Public,3,85.47503271404513,2.637909982026464,1
764,18,Other,White,52221.84015625744,PhD,Public,3,96.38653367570262,3.246077840035322,1
765,17,Other,Hispanic,144693.84642912215,PhD,Private,0,97.45214548515462,3.012703972973502,0
766,18,Other,Black,35584.61836550204,High School Diploma,Charter,0,98.15183563089059,3.9595820820787857,0
767,15,Male,Asian,33343.64689477268,PhD,Public,1,96.5782453438561,2.5900200233511037,1
768,16,Other,White,143263.74927942624,No Diploma,Public,4,96.3461265372743,3.823987989116117,1
769,16,Female,White,145487.60849399923,Bachelor's Degree,Private,2,93.26721362343999,3.9275400157385225,1
770,17,Female,White,47669.72072063876,Associate Degree,Charter,2,84.9300980600585,3.576834331681505,1
771,17,Male,Black,83089.89784667977,High School Diploma,Public,1,79.98878569324353,2.8562175120811126,1
772,15,Other,Asian,89291.1033585819,Associate Degree,Charter,2,82.7231788357725,3.668364604243341,1
773,17,Female,White,133233.74838219653,No Diploma,Private,3,77.98069904058013,2.509064034671738,1
774,16,Other,White,105350.06918354028,Associate Degree,Private,2,91.51785404632899,3.4267487415493667,1
775,18,Other,Black,122947.97090419386,Master's Degree,Private,1,76.69464961819739,3.4663709878129847,1
776,17,Other,Black,88211.62145175491,High School Diploma,Public,2,84.2099534104334,3.153539854703803,1
777,15,Male,Black,107809.6442690194,High School Diploma,Charter,1,79.1972859124459,3.950379971068723,1
778,18,Other,Asian,118249.12320310304,Bachelor's Degree,Charter,2,81.64717004957285,2.638813204028408,1
779,16,Female,Asian,118545.75407007616,High School Diploma,Charter,3,95.69806417349048,2.790072431873007,1
780,17,Female,Black,30208.539214160686,Associate Degree,Charter,4,89.93546994960424,2.329642822400432,1
781,15,Female,Hispanic,41988.96884760728,High School Diploma,Public,0,80.33717123165472,3.4239074868148203,1
782,17,Male,Asian,73639.25293252993,Associate Degree,Charter,0,82.24444992596153,3.346824470203182,0
783,16,Male,Black,37343.69365242502,High School Diploma,Charter,3,77.33929129299013,2.3297454292126547,1
784,17,Male,White,75958.76428412604,High School Diploma,Public,2,76.2863231627483,2.1213991653323605,1
785,16,Other,Hispanic,76748.02181666307,High School Diploma,Public,1,86.97596256230281,3.679097591710987,1
786,15,Male,Black,140428.02447332878,No Diploma,Private,2,88.76345524008715,3.5714063375345813,1
787,15,Male,Asian,98048.62258736292,Associate Degree,Private,3,89.92115807246245,2.8815094913880226,1
788,16,Male,White,114762.153664039,Master's Degree,Public,1,93.71843798235179,3.5219142343657883,1
789,15,Male,Asian,136463.8418503474,No Diploma,Public,4,79.896273764451,3.2489762686982715,1
790,17,Male,Black,83055.51847791809,Bachelor's Degree,Public,1,88.04724522709911,3.8049717194224346,1
791,15,Other,White,30235.457351685865,Associate Degree,Private,0,88.31202286277376,2.144655463696674,0
792,18,Other,White,64240.32295504965,Master's Degree,Public,2,79.93983209098668,2.5632738546619267,1
793,16,Male,Hispanic,127699.04400449843,High School Diploma,Private,4,88.07976616156441,3.563372363556038,1
794,17,Male,Black,138220.94037600898,Bachelor's Degree,Private,4,93.33447118790284,3.6238395002645243,1
795,15,Other,Asian,72181.14973418653,High School Diploma,Private,1,77.55332565191284,3.8926947952332647,1
796,17,Female,Black,65278.9503574858,Associate Degree,Private,0,93.49415692871932,3.858491705834931,0
797,18,Male,White,140940.62532824802,Bachelor's Degree,Charter,0,87.34839392223614,2.180178401705729,0
798,15,Other,Asian,72128.8483179336,PhD,Public,0,82.32084981866433,3.177491426881991,0
799,15,Male,Black,108269.422569199,High School Diploma,Private,4,80.59849558735681,3.877902937610445,1
800,16,Other,Hispanic,63637.108206067605,Associate Degree,Private,1,85.09384746590021,2.632198217797974,1
801,15,Male,Asian,41750.25585488898,High School Diploma,Public,4,85.01623612429108,2.9173722190835747,1
802,16,Female,Hispanic,90148.35741432162,No Diploma,Public,0,82.01344489401104,2.8269718547242983,0
803,15,Other,Black,140787.82045418012,Bachelor's Degree,Private,0,91.58616589713117,3.993085813286406,0
804,17,Female,White,104236.8904712766,PhD,Private,1,84.46456254844874,2.9789358288314904,1
805,18,Other,Black,55059.19497404812,Associate Degree,Charter,0,78.27086174415605,2.950350262216549,0
806,18,Female,Asian,111891.54880411355,No Diploma,Public,4,89.68717506313068,3.947484553300927,1
807,15,Male,Black,122203.33729171591,No Diploma,Private,1,79.36789395452087,3.9698031297926017,1
808,17,Other,Asian,68491.26742979506,High School Diploma,Public,4,77.94676027390817,2.080710653388185,1
809,16,Other,Black,97105.12817172463,High School Diploma,Public,3,98.12804056397567,3.303658059091405,1
810,18,Other,Hispanic,111834.3757760787,No Diploma,Private,3,85.12311777723401,3.7803050175442303,1
811,18,Male,Asian,49242.37744565858,Master's Degree,Public,4,90.32945528003594,3.0691269212922423,1
812,15,Male,Black,145692.1127726955,Associate Degree,Charter,2,77.1011660669746,3.0341652623076785,1
813,17,Male,White,84150.23537398104,PhD,Public,0,82.95779025663263,3.4481477056336227,0
814,15,Other,Asian,147559.72685664796,Master's Degree,Private,3,92.67001172655111,3.650379801359813,1
815,17,Other,White,52748.86390133941,Associate Degree,Public,4,83.9390668164644,3.8453848947102003,1
816,15,Other,Hispanic,88052.82555715734,Bachelor's Degree,Private,1,94.01112378334071,2.198150419778732,1
817,18,Other,Black,49902.43844110053,High School Diploma,Public,4,89.27512170600345,3.5373819489329925,1
818,17,Other,Black,31221.698686072643,High School Diploma,Private,3,81.26296347741638,2.7817950515237655,1
819,17,Other,White,58545.02070902433,High School Diploma,Charter,0,99.28052072086237,2.12116011641419,0
820,15,Female,Hispanic,78382.48044817001,Associate Degree,Private,4,83.31098708555264,3.4071476072759888,1
821,15,Male,White,81735.68852690828,No Diploma,Public,3,85.86141024205415,2.192705445578599,1
822,17,Male,Asian,136380.61861250456,Associate Degree,Charter,4,78.8889558409719,3.610244056953281,1
823,16,Male,Asian,106281.27166570103,High School Diploma,Private,4,79.85682544581864,2.4114515069759554,1
824,18,Other,Black,82132.99862622362,Bachelor's Degree,Public,3,94.54342586685092,2.230018373771335,1
825,16,Other,Black,148559.7239531775,High School Diploma,Public,2,96.7185375104525,3.332959528929517,1
826,16,Other,White,103706.91979520228,PhD,Private,1,90.03506771157565,3.747121015892265,1
827,16,Male,Black,68719.55579819658,High School Diploma,Charter,1,98.84157050071828,3.4034373083061054,1
828,15,Male,Asian,112957.30574529535,PhD,Charter,1,94.6493010044599,2.85388833976993,1
829,17,Other,White,89483.99072196061,Associate Degree,Public,3,86.11887140091216,3.333647061861215,1
830,16,Male,Black,135740.12328818068,High School Diploma,Charter,2,83.58414919218144,2.5430631677169293,1
831,16,Female,White,137581.35144759854,Associate Degree,Private,0,75.06905762745471,3.635302839412859,0
832,18,Other,White,74082.04801454034,High School Diploma,Public,0,98.28557979547534,2.036873725941393,0
833,18,Female,White,97480.68610321729,Bachelor's Degree,Public,0,96.5866474892521,3.268293470372928,0
834,16,Female,Asian,61892.81328555665,Bachelor's Degree,Private,2,95.93725401335237,3.3095148461998454,1
835,18,Female,Black,105196.41020910599,No Diploma,Charter,0,80.78156863865966,3.8611609537887888,0
836,16,Other,Hispanic,149081.635478361,Associate Degree,Private,3,96.92269583129406,3.0353102075956366,1
837,18,Female,White,129910.62213866207,Master's Degree,Public,4,81.18132416404156,3.4277243799287103,1
838,17,Male,White,73969.18803633904,Associate Degree,Charter,0,98.9692785510086,3.723801662555384,0
839,15,Male,Asian,41445.6422392191,Bachelor's Degree,Public,4,94.37918686231416,2.574666943361403,1
840,17,Male,White,146001.8384848217,High School Diploma,Public,2,88.87598282265884,3.311553598554423,1
841,16,Female,White,76750.17344132642,Master's Degree,Public,1,85.19744023487397,3.509367148697958,1
842,16,Other,Hispanic,65205.70719201782,Associate Degree,Private,4,81.43673594108698,2.397740165511948,1
843,16,Other,Hispanic,67960.2471486681,PhD,Public,4,85.2936885545457,3.687190701127375,1
844,16,Female,Asian,88790.8039966616,Associate Degree,Public,0,87.80568658526133,3.148242514025708,0
845,17,Other,Asian,144810.16784988006,Bachelor's Degree,Private,4,83.44194837181581,3.121322406871985,1
846,15,Male,White,148394.67856001895,PhD,Public,0,75.5324642481513,2.715491038619596,0
847,16,Male,White,65535.20728228746,Bachelor's Degree,Charter,1,78.64600232245935,2.1907260346091144,1
848,17,Female,Black,72176.24492969821,Associate Degree,Public,4,78.79104495553544,3.3843245078987705,1
849,18,Female,White,91416.78720792444,High School Diploma,Public,1,98.00918359856908,2.7425425483634953,1
850,16,Male,White,30982.474635568313,No Diploma,Charter,1,85.71191033054677,3.046465210463376,1
851,18,Male,White,50980.387589293096,Associate Degree,Public,0,91.68072416394604,3.962836554763876,0
852,16,Male,Black,142327.08246057678,Associate Degree,Public,1,88.46875250473784,2.5566324226223403,1
853,16,Other,White,33532.22844736334,Master's Degree,Private,4,79.97950776903429,2.2647225441567245,1
854,17,Female,Asian,42117.153566465255,High School Diploma,Public,4,79.40392373300827,2.279157464745509,1
855,15,Male,White,80477.64204404625,Bachelor's Degree,Public,0,96.28287778226499,2.747372310392641,0
856,17,Male,Asian,117774.02989908145,No Diploma,Public,1,81.92537669339445,3.8375379676144474,1
857,17,Male,Asian,62265.387646841824,Master's Degree,Private,1,93.87563176921074,2.69449084642945,1
858,18,Other,Black,66715.87086646691,Bachelor's Degree,Private,1,89.87792705371498,2.095795583158204,1
859,17,Female,White,66656.7576149264,Associate Degree,Charter,1,80.74140397147696,3.4049963914391306,1
860,17,Other,White,134712.23121043277,High School Diploma,Public,3,90.32002818447037,3.466125728848407,1
861,17,Other,Hispanic,57131.71274729015,High School Diploma,Public,0,84.46501026709454,3.5979908205598807,0
862,15,Male,White,97488.21912158284,Associate Degree,Public,2,85.25285700052241,3.0309831422594176,1
863,18,Female,White,149991.73764225794,Associate Degree,Public,2,93.581262393597,3.1477706143571575,1
864,16,Female,Black,117415.85938716219,Bachelor's Degree,Public,3,83.57112829436916,3.1007874881484176,1
865,16,Other,Black,70362.07863563111,PhD,Charter,1,96.37259514381327,2.893091666992235,1
866,18,Other,Asian,121855.07643988915,High School Diploma,Public,4,96.97350092306621,3.097894519760315,1
867,18,Male,White,144469.88488627307,Bachelor's Degree,Public,1,87.35395655150975,3.227848882130338,1
868,17,Other,White,74824.53685831012,Associate Degree,Private,1,89.77080477258033,2.0232947196380096,1
869,18,Female,White,114961.34880831967,No Diploma,Public,2,99.18826020745436,3.9696634868041674,1
870,17,Female,White,39096.511574326694,Bachelor's Degree,Private,3,83.98781232498247,2.8596072932149608,1
871,17,Other,White,137435.620410497,High School Diploma,Private,0,85.11652335378923,3.200597139425257,0
872,16,Other,White,41550.80695491744,No Diploma,Charter,1,81.77414288758317,2.372633017898341,1
873,18,Male,Asian,74751.01155139136,Associate Degree,Charter,0,79.79139191323375,3.4810756946697725,0
874,16,Male,White,95100.70114346828,No Diploma,Private,0,80.2965967046647,2.8046072281113354,0
875,18,Other,White,61629.317094026264,Bachelor's Degree,Public,3,87.40196099155834,2.780835975920465,1
876,16,Male,Asian,107912.31911846131,Associate Degree,Private,4,81.42121898558518,3.2629053197871203,1
877,17,Female,Hispanic,96531.44728708938,Associate Degree,Private,1,85.4042777315793,2.0563631578302037,1
878,17,Male,Black,116062.22883577272,PhD,Public,2,98.16624197103266,2.5116908208539273,1
879,16,Male,Hispanic,72496.7238146593,Master's Degree,Public,2,94.89842619923219,3.7770354300734095,1
880,17,Other,White,95521.6667583208,Bachelor's Degree,Private,2,97.28448391079085,3.4762043434168586,1
881,15,Male,Black,127462.24802174748,Associate Degree,Public,0,89.89859330889767,3.3440081170611546,0
882,16,Other,White,127283.56152017468,High School Diploma,Public,4,85.68874826883871,2.8599522043384757,1
883,16,Female,White,115708.79698222579,No Diploma,Public,4,96.03644464426499,2.566247323061262,1
884,18,Female,White,95032.30675379753,High School Diploma,Private,3,82.5780747779294,3.6394717416028235,1
885,17,Female,White,110791.33209293944,High School Diploma,Public,0,91.96188669815592,3.3841909255210427,0
886,15,Female,White,40425.63481344609,High School Diploma,Private,4,79.49944466736781,3.2208737173760236,1
887,18,Male,Asian,86558.06408528792,Associate Degree,Public,2,89.76478067064672,2.0194137286253038,1
888,16,Male,White,133217.22003655788,Associate Degree,Public,2,84.89936346661993,2.412049508599604,1
889,15,Male,Black,102883.77860719708,High School Diploma,Private,2,84.37436630796623,2.481024841274891,1
890,15,Male,Asian,143001.9726990108,Master's Degree,Charter,4,86.54515066751487,2.046797701974656,1
891,17,Female,Asian,61461.42255528971,Bachelor's Degree,Public,2,98.36564473081881,2.7884512887340134,1
892,16,Male,Hispanic,41556.21625329305,Bachelor's Degree,Charter,4,76.97968766632695,3.540067077111477,1
893,18,Other,White,105193.61227246639,Associate Degree,Public,4,82.74904955543619,2.745495680630901,1
894,15,Other,Black,40911.11157844565,No Diploma,Private,1,79.6324740949472,3.0207395919089173,1
895,16,Female,White,123856.24361092992,Associate Degree,Private,2,90.39158434873968,2.817131056033305,1
896,17,Female,White,60809.08897788687,Associate Degree,Public,4,83.80037620162646,2.3837042541855995,1
897,16,Other,Black,94650.22301323879,Associate Degree,Public,4,84.09859430492652,3.703990949355184,1
898,17,Other,Hispanic,127365.2448361935,No Diploma,Public,2,86.56661571533598,3.8981793909374987,1
899,16,Other,Black,124564.244244036,Bachelor's Degree,Public,2,80.82724658948366,3.5812213486905016,1
900,18,Male,Asian,89517.00324950504,High School Diploma,Private,2,98.57170913604185,2.7672631342497738,1
901,16,Male,Asian,147101.56959785672,No Diploma,Charter,3,98.0758594530432,3.6703931386782704,1
902,18,Male,White,89715.97885090088,Associate Degree,Public,2,76.57156560113118,3.704796857807766,1
903,17,Female,Black,63454.97000292665,PhD,Public,1,87.6673121299132,2.430324634302358,1
904,15,Other,Hispanic,66291.74934620241,No Diploma,Public,0,79.39171475761972,2.5438228980858355,0
905,15,Other,Asian,119237.12686527242,No Diploma,Public,4,99.88842822841961,2.669298646030789,1
906,18,Male,White,82452.84466687124,Associate Degree,Public,2,93.26613621377433,3.448784240912489,1
907,16,Male,Black,80254.61817425882,Associate Degree,Private,3,98.6510121211214,2.5002759183356797,1
908,16,Other,White,32458.391432392134,No Diploma,Private,4,96.40474796565488,2.8816872611247097,1
909,16,Female,White,66633.3792505259,High School Diploma,Public,4,91.0843528693733,2.0601818724918015,1
910,15,Male,Black,133245.96958099282,Master's Degree,Private,1,98.84410946094845,2.9014611942693174,1
911,17,Female,Hispanic,126420.53978725763,Associate Degree,Private,3,85.80537095804837,2.317557042472564,1
912,17,Female,Hispanic,119581.30319791922,High School Diploma,Private,4,84.95244411802153,2.285860434428189,1
913,17,Male,White,32775.40640108639,High School Diploma,Charter,1,78.80428724929526,2.523631926269169,1
914,15,Male,Black,33238.83497180318,Bachelor's Degree,Public,3,94.83141450676425,3.4890744705394954,1
915,17,Male,White,67375.79512690591,High School Diploma,Charter,3,98.15446100960307,2.8573825925278165,1
916,18,Male,White,86934.39266617599,No Diploma,Public,2,93.50513946881338,3.342897344523155,1
917,18,Male,White,139168.95215835236,Bachelor's Degree,Public,3,82.54663776039185,3.8237535593868435,1
918,15,Male,White,76155.57792066471,No Diploma,Public,1,88.2877912005756,3.236317449357571,1
919,16,Female,White,64623.00034354713,High School Diploma,Charter,3,83.04870148655117,3.0996032681594814,1
920,17,Male,White,98538.35619656551,High School Diploma,Private,3,79.68163691464213,3.0589901423310835,1
921,17,Male,Asian,139763.31594596335,High School Diploma,Public,3,91.4656115067439,3.227334183738197,1
922,18,Male,White,118636.64537547,Bachelor's Degree,Public,2,93.10886951270288,3.783479913651641,1
923,15,Male,Asian,132799.95383751724,No Diploma,Public,4,91.31029443029263,3.5191930535162252,1
924,16,Male,White,51863.71739076395,High School Diploma,Private,3,75.76698558467226,3.3781746051707,1
925,17,Male,Hispanic,45079.733437655086,Associate Degree,Charter,0,97.89832138220096,2.491346353552335,0
926,15,Other,White,95288.53604266715,High School Diploma,Private,4,84.05577344517927,2.867073163427608,1
927,15,Other,Black,113684.49908606999,Bachelor's Degree,Public,0,90.36273947476742,2.8369765990673006,0
928,17,Female,White,144598.5657795038,Associate Degree,Public,3,95.3848725639952,3.97289953504522,1
929,16,Other,Asian,74584.12901477747,Master's Degree,Public,2,88.88658961847844,2.0233514856228907,1
930,17,Male,Asian,71586.82226444359,No Diploma,Public,1,96.23250407868035,3.632273280981792,1
931,15,Male,White,91902.51574819017,Master's Degree,Public,4,85.1695686663805,3.0793875247093108,1
932,18,Female,Asian,112192.55240480507,High School Diploma,Private,3,83.88081743997219,3.8502532258989275,1
933,18,Male,Hispanic,97922.85325383638,PhD,Private,0,90.22121221621549,3.2827002441171516,1
934,15,Female,White,116763.68319991152,High School Diploma,Private,3,83.53789369954032,2.5423292884814357,1
935,15,Female,Asian,75637.79245349884,Associate Degree,Public,1,80.05438898626447,2.183213671064235,1
936,16,Female,White,133463.71562222898,No Diploma,Charter,3,82.4986185107957,3.270778637872048,1
937,15,Other,Black,51957.07123007518,Bachelor's Degree,Public,0,84.10498993293022,3.6388792347203642,0
938,16,Other,White,67908.55713939936,High School Diploma,Public,0,85.81585657159872,2.06428012715981,0
939,15,Other,Hispanic,122841.31965243809,PhD,Private,3,83.16767911491542,2.5265993766648953,1
940,16,Female,White,70280.67047752748,Bachelor's Degree,Private,3,79.31728475477489,3.2819711661970903,1
941,17,Male,Black,110178.55228440183,High School Diploma,Private,4,90.61454923586469,3.80314019093849,1
942,18,Male,Hispanic,64535.713112755286,High School Diploma,Public,2,89.96783637819448,2.8065816000787214,1
943,16,Other,Asian,52452.521091995135,High School Diploma,Charter,1,79.50116939504788,2.2410775750522802,1
944,18,Male,White,66087.90767437845,Master's Degree,Public,2,83.94851651148949,3.2969341784377573,1
945,17,Male,Hispanic,136439.1956445456,Associate Degree,Private,3,92.64565043117848,2.327452168777122,1
946,16,Other,Hispanic,85305.97544300545,High School Diploma,Charter,2,95.56118351898868,3.8032035104605724,1
947,17,Other,Black,57049.81844858742,PhD,Private,1,84.79205599619078,3.766531997732315,1
948,16,Female,Black,68572.63069980528,Master's Degree,Public,2,87.71314518818082,2.147122122602659,1
949,18,Other,White,30332.514795081832,Associate Degree,Private,1,84.91852542244834,3.5079089468348537,1
950,17,Other,Hispanic,120696.99453084344,Master's Degree,Charter,0,98.36278122476502,2.6780468034291625,0
951,15,Female,White,57081.294291936225,High School Diploma,Charter,0,97.17969770907035,2.0058811644599817,0
952,17,Other,Asian,101750.52483246029,Bachelor's Degree,Public,3,98.91170484208374,3.0507834764487605,1
953,16,Other,White,33013.14458125718,High School Diploma,Charter,2,82.41550078535882,3.583878620538358,1
954,18,Male,Black,130139.8118368221,Bachelor's Degree,Public,0,80.47792419674319,2.454851561294352,0
955,15,Female,Black,52493.37043636262,PhD,Public,2,99.38117293948646,3.0326839488958344,1
956,15,Female,Asian,30572.205331712397,Bachelor's Degree,Charter,0,91.33272731450145,2.0595672688707287,0
957,17,Female,White,66142.53700385106,Associate Degree,Public,3,81.55273340510858,2.4061885244654766,1
958,17,Other,White,140458.45426047262,Bachelor's Degree,Public,0,75.42419403759004,2.5204025422157263,0
959,15,Male,Hispanic,61513.7061653563,Associate Degree,Charter,0,86.21729827492108,2.211111194941466,0
960,17,Other,Black,90417.46057414936,High School Diploma,Public,1,99.2231670998158,3.6866113373938156,1
961,18,Other,Black,78867.58132292453,No Diploma,Public,3,80.5852714527729,3.1445044929327906,1
962,15,Female,White,65309.91099985041,Bachelor's Degree,Public,4,85.43053278922216,3.587888522226841,1
963,15,Other,Asian,141282.4294321885,High School Diploma,Private,2,84.70083024928915,2.43726898790772,1
964,17,Other,Asian,124679.3889664472,Associate Degree,Public,4,88.79397533960869,2.5641350634818547,1
965,17,Female,Hispanic,121429.59784486286,Bachelor's Degree,Charter,4,90.21845887193162,3.4339960500208857,1
966,16,Male,White,93132.85493774878,Master's Degree,Charter,1,93.90552073310775,2.526876508187815,1
967,17,Male,White,128983.40084758046,Bachelor's Degree,Public,4,97.63587528386819,3.4278346033047873,1
968,15,Female,Asian,85011.43898535044,High School Diploma,Public,0,86.48698522033499,3.4735197457247935,0
969,15,Other,Hispanic,85822.74605658668,Associate Degree,Public,1,99.3047157270247,2.1869301610327647,1
970,16,Male,White,89252.88760961566,Bachelor's Degree,Public,1,90.73551103721077,3.483322193644426,1
971,16,Female,Black,58429.227026948516,High School Diploma,Public,1,75.22341672698911,2.059157806719182,1
972,15,Female,Asian,140838.2231264388,Bachelor's Degree,Public,3,90.66073911556813,3.555337670851281,1
973,16,Other,Black,61050.0809854259,Bachelor's Degree,Charter,4,82.93379309797373,2.1798778817681113,1
974,15,Male,White,53779.1399927358,Associate Degree,Private,1,90.5982251739401,2.0930952106861462,1
975,17,Female,Hispanic,59250.215199790226,Master's Degree,Private,0,86.7573021252202,3.067985317951108,0
976,15,Female,White,128082.25398791267,High School Diploma,Private,0,97.35020635596658,2.9610580671889872,0
977,16,Male,White,122225.4765211634,Associate Degree,Public,1,85.67794402901824,3.536021446757556,1
978,17,Other,Black,81252.81701472818,Master's Degree,Public,3,82.48017084312238,2.463388254093644,1
979,15,Other,Black,31653.8285549499,Bachelor's Degree,Private,2,75.90466220520608,3.857746304215516,1
980,15,Male,White,147088.2039901063,Master's Degree,Private,1,75.65871774916646,3.639432666052752,1
981,16,Male,Black,45903.71729884361,High School Diploma,Charter,2,97.03692852028075,2.8149342943929216,1
982,16,Male,Black,132170.7211910687,Associate Degree,Private,3,89.0140312171526,3.912823296123178,1
983,18,Other,Hispanic,123806.77039569028,High School Diploma,Private,1,85.99369421180549,2.5295436784854957,1
984,15,Female,Black,142569.0938053638,Bachelor's Degree,Public,1,93.92388148812957,2.5030482312844606,1
985,17,Other,Black,122807.82469023466,Associate Degree,Charter,0,92.77302398073012,2.579486279723585,0
986,16,Female,Hispanic,69764.59089924343,Bachelor's Degree,Charter,1,96.75865972607981,3.2397790476796287,1
987,17,Other,Asian,57829.68520970033,Bachelor's Degree,Public,1,96.91649311002209,2.389895321595712,1
988,18,Male,White,75322.89844876979,Bachelor's Degree,Public,1,85.00982439003897,3.7666980396983316,1
989,16,Male,Hispanic,54370.46046200095,Bachelor's Degree,Public,0,89.96722550356586,3.2125798964519916,0
990,17,Male,Hispanic,116348.9697293941,No Diploma,Private,2,98.11567120987417,3.89454433372772,1
991,15,Female,White,129182.23589929326,PhD,Private,0,76.04562338078162,3.78890982791349,0
992,17,Male,Asian,107572.66708766976,Associate Degree,Public,0,76.9755448015945,2.991549238210035,0
993,15,Other,White,52331.127757092254,High School Diploma,Private,1,91.79954072033749,2.6356684008188447,1
994,17,Other,Hispanic,34486.16532343748,PhD,Charter,1,92.28830852720175,3.79699992722277,1
995,15,Male,Black,99648.15202283574,Bachelor's Degree,Charter,4,82.29058374940959,3.928272070797381,1
996,15,Male,Hispanic,85520.77260955362,Associate Degree,Public,4,88.13844793908119,3.729986357231743,1
997,17,Male,Hispanic,53964.47138388388,Associate Degree,Charter,3,75.02126606134426,3.4668583616091455,1
998,16,Male,White,74170.06826643493,High School Diploma,Private,4,82.04245316187162,2.774922088006358,1
999,15,Male,Hispanic,94975.95067307439,Associate Degree,Public,1,90.03377333181557,3.165905602032622,1
