,Average student grade,Number of office hours,Number of student complaints,Average student satisfaction,Years of experience,Teaching method,Conciseness of lectures,Clarity of explanations,Ability to engage students,label
0,1.3727317865791098,7.047793648684294,0,1,6.623302453291883,Flipped classroom,107.3486030073699,5,5,1
1,4.945399184348354,3.834473389540376,0,3,7.980273711605662,Flipped classroom,51.53446484372408,4,5,1
2,1.196201437855081,3.7402282033314838,1,5,3.590282781884092,Online learning,135.28940059047906,3,1,0
3,3.857501263692431,5.896950601076847,1,1,1.6920846851712867,Flipped classroom,189.45406517564743,1,4,0
4,4.99366381193645,4.410540686439903,3,2,7.114613896470486,Traditional lecture,194.2824900972417,5,1,0
5,4.25535215746172,0.13284386790801794,4,1,2.228857345814088,Traditional lecture,30.205524651191908,1,1,0
6,4.3892447837443616,5.596588592340441,1,4,4.020674875192025,Traditional lecture,3.6102647997514836,1,2,0
7,4.033391961278085,8.435887655139062,3,1,7.110418149383392,Online learning,15.257032107337153,4,3,1
8,2.011869987247281,8.040117944238528,2,5,9.428386411136891,Flipped classroom,47.677131624574585,4,2,1
9,4.946870930027605,3.6707116195665854,2,4,0.8656325376258822,Online learning,183.76872329917356,3,2,0
10,3.6247216969565867,9.265584938848587,2,1,3.5132652850831034,Traditional lecture,77.5568043320511,1,1,0
11,1.429206618610777,9.708445371023334,4,1,5.266924735539216,Flipped classroom,110.05732910606163,2,2,1
12,3.5018187493638457,2.557153556995736,3,3,1.7032397028996726,Traditional lecture,155.25171565872742,1,4,0
13,3.1872614651182802,7.813018352377528,0,5,9.567834296195462,Online learning,1.2305664287022955,4,4,1
14,4.649008863715476,6.222485106842996,2,5,2.647844680522453,Traditional lecture,6.435510328671601,3,4,0
15,2.235789243270595,7.088333112396363,0,2,3.3040565677542832,Online learning,84.43707052190197,4,4,0
16,4.5832996676616915,8.736764635669497,3,3,0.8963281570990755,Flipped classroom,1.3252609268692428,5,5,0
17,2.154605736205877,3.793506144103614,2,2,6.114988017628352,Flipped classroom,122.26215646542565,3,4,1
18,2.7063051099300095,7.007374879409123,2,4,9.878551664834902,Flipped classroom,101.84637968810017,2,3,1
19,3.1441839938062954,2.950978449003754,2,1,9.486559971265295,Online learning,150.76213631560654,1,2,1
20,4.462972820789036,8.436358043892959,2,4,8.897792424586846,Online learning,102.40695571465197,3,3,1
21,2.0627183365614927,7.958425813384206,4,5,9.546609001006034,Flipped classroom,192.83396555822983,1,3,1
22,2.4933990461298663,7.555701519216726,3,3,3.2828398866159123,Online learning,66.88584744357702,2,3,0
23,2.9932152494892676,2.341672221588186,1,5,3.0081109551813823,Flipped classroom,93.59809064258296,2,4,0
24,4.692994744171788,2.6691840373617093,0,2,0.8459860280121501,Traditional lecture,181.84073889035128,4,1,0
25,2.15425295733545,3.0398646952862562,2,5,1.900647376379354,Flipped classroom,159.42323910141312,3,1,0
26,4.673038980090155,9.634716696648454,1,1,8.33126313576059,Traditional lecture,20.288189139222503,2,4,0
27,1.1831525526496973,0.9324142837892369,4,2,3.851293174474643,Flipped classroom,3.567835799843855,2,5,0
28,4.713157144987206,7.229486158956213,4,4,1.1824229125412067,Online learning,2.8703263475422514,4,1,0
29,3.0631332532564395,5.268009706647864,1,3,1.339803255677986,Online learning,5.777067298988547,3,1,0
30,4.045548917054822,8.925871189004502,3,1,5.323853858047886,Online learning,60.515276357540884,5,4,1
31,2.8338106066612205,7.754646360229319,4,2,1.1251648175896878,Traditional lecture,27.11004826952046,1,5,0
32,3.312756070151087,5.711680790756683,3,3,2.9013819314207865,Traditional lecture,71.01377340178333,4,3,0
33,4.184074787478588,5.172076621440526,2,5,6.428737040502131,Online learning,97.97965350787288,2,2,1
34,2.0542170141503338,0.16662641377738208,0,1,7.468660950090907,Traditional lecture,13.936515716799992,4,4,0
35,2.8708608413990024,3.189268236414493,2,5,6.730528239769172,Flipped classroom,26.134432813873822,4,5,1
36,3.361057434456731,4.482247539021678,4,3,8.28992364775439,Traditional lecture,162.04673374481783,2,1,0
37,1.6519879495135164,0.3723671262107775,0,4,6.261396953939383,Traditional lecture,176.76523483162768,2,2,0
38,2.584893022034725,8.163348865434429,4,3,8.24035398632302,Online learning,193.76368004721488,1,2,1
39,2.35698954658578,0.8642405247497109,3,2,1.4020092253310046,Flipped classroom,149.64096379108543,3,5,0
40,1.2390794742387707,1.1796547789648737,0,4,1.8299741958411753,Online learning,90.52738182712068,1,1,0
41,4.170854778262333,2.132278550241782,3,5,3.049831713853509,Online learning,124.66174512007086,3,1,0
42,1.1835112296165358,2.9293753314619853,1,5,1.1431316889356158,Flipped classroom,190.60657798972534,5,5,0
43,4.9243279075820166,5.951076143406925,1,2,8.75798536680368,Traditional lecture,150.41659908324257,4,4,0
44,2.9099174759632507,2.6925580367562594,3,4,0.26291329048587553,Flipped classroom,24.79441068956756,2,5,0
45,4.572628096297405,8.708181613380734,3,5,3.4324945385789354,Online learning,78.84789435674782,2,2,0
46,4.951491179412276,8.783896161807148,2,2,6.470211455225688,Online learning,108.6981940698737,1,4,1
47,1.9398036708950794,8.580949460263588,4,1,1.870114864649507,Online learning,64.90665316548574,4,5,0
48,2.119885299552652,9.589270594144395,0,3,9.081814375596803,Online learning,187.7855792626344,4,1,1
49,4.111710037765877,4.213998704494579,2,3,2.4685031815229364,Flipped classroom,99.91874253406907,1,3,0
50,3.0650923662382934,6.812593903694323,1,5,7.151614728053755,Flipped classroom,34.105549030930725,1,3,1
51,4.2381509809498485,2.9728579153011694,0,5,0.9681145986971929,Flipped classroom,21.33340318095851,4,2,0
52,1.221784586420788,6.597281607926072,1,5,7.828757127002862,Traditional lecture,72.558794650546,1,4,0
53,4.967886845781688,4.1642012128821175,2,4,6.581013900112654,Online learning,45.10223143317802,2,4,1
54,1.2690840446682259,8.995638402564506,4,4,6.7229929094308085,Online learning,16.735469034646332,4,2,1
55,2.278033012502322,9.558539408842071,3,2,6.7296031006537795,Traditional lecture,0.9087083976498267,2,2,0
56,1.3679348132501183,4.483728891502864,2,3,0.9141157826760871,Traditional lecture,124.45013704537888,5,4,0
57,4.581677297666247,7.424375724193592,1,1,1.650447889988692,Online learning,126.23406524473286,5,1,0
58,4.514356250026406,0.6653463069333343,0,4,3.1892894570994845,Traditional lecture,191.52942356396855,5,2,0
59,1.6638716123610817,4.384448383009659,0,1,6.923387331753482,Online learning,141.11443961104698,4,4,1
60,2.3764326247870295,6.446342039074025,4,1,4.617718768620627,Online learning,125.58355778117338,5,4,0
61,3.2398603062889935,8.841639421836447,0,4,5.702264877697444,Online learning,6.714168386880259,1,1,1
62,3.8542480593563737,1.8124997353517036,3,5,7.751596047589163,Traditional lecture,120.93904569079936,4,1,0
63,1.805639640220143,8.876132910927005,0,2,5.52429344788706,Online learning,89.59339944188866,5,2,1
64,3.7912964944050076,7.889735031135116,0,5,8.201384049460465,Online learning,4.610405871519907,1,3,1
65,1.2774751842461058,3.49076568553077,2,3,8.878572479759997,Flipped classroom,71.8854072568591,2,3,1
66,1.7351072471643594,1.262103580636188,1,3,5.987000581898048,Online learning,56.98919030698166,1,2,1
67,3.1276032198878303,1.4023294646831974,1,5,6.503042041866104,Online learning,21.75393048590861,3,3,1
68,4.085822869433666,4.482881038802807,3,5,2.12034769974664,Flipped classroom,177.54152833412883,1,4,0
69,4.828920113045818,4.703384245213142,3,2,0.2659631012050012,Flipped classroom,47.36925126884457,1,2,0
70,4.816007587480408,3.609202524760533,3,4,4.779271912079562,Online learning,69.2553597950162,2,4,0
71,4.317090086321013,0.3773240698815561,0,4,1.2912040608230757,Flipped classroom,81.30100154045527,2,3,0
72,4.296052504319418,4.9271056645172155,0,2,9.44664871804114,Online learning,118.27686247729103,3,4,1
73,4.435988899862652,3.5889121388883236,3,1,2.064167060948127,Online learning,185.7770619311645,3,5,0
74,2.864573615235899,9.786330335579711,3,4,3.7478403925044934,Online learning,102.15025482317152,5,1,0
75,4.509102484253253,4.713974686057515,0,4,5.623535400291647,Online learning,82.13264373808695,1,1,1
76,3.4451109283025163,4.935138322738297,3,4,2.4551075822933868,Online learning,161.76259629519626,2,4,0
77,3.306779295467853,1.7631084429335764,3,5,2.409657646946407,Online learning,137.20783176727784,2,5,0
78,4.608925341452954,1.916435534669344,1,3,0.8894972120309697,Flipped classroom,199.82537758362224,2,1,0
79,2.765874950178631,3.9579693505164526,2,1,5.0212286856837665,Online learning,2.4978200495666902,3,5,1
80,2.33289181305489,9.217956026379785,3,3,5.050869819724866,Flipped classroom,111.01163722240632,1,4,1
81,3.893045487803343,7.1049787843600996,2,4,0.13169539510794914,Traditional lecture,145.79356829780207,5,1,0
82,4.038447439109399,0.9897615938028814,1,5,5.838504995190146,Flipped classroom,162.96312259891178,4,1,1
83,4.033386686536049,0.02069487798247116,4,4,1.8261297858215553,Online learning,137.97761655954704,1,2,0
84,1.7287551744202383,2.706553849055642,4,4,3.931582817977912,Online learning,31.3782729938884,1,2,0
85,1.8353363535251455,2.433712124568964,3,3,1.2025055846202848,Traditional lecture,84.73002157825047,3,4,0
86,4.375101035407564,5.006739475817318,1,3,9.13070481025982,Online learning,73.15513779561418,5,1,1
87,1.9075987275233435,5.655482755225487,1,4,4.804813795245261,Flipped classroom,26.67903728538881,1,5,0
88,2.0589673287123182,3.6943577183399032,3,4,2.165803003329314,Traditional lecture,122.3732669646329,1,2,0
89,2.4417081263824993,8.505884883113563,0,3,6.841874998113678,Online learning,78.18867173514596,2,2,1
90,1.161450481308079,6.518207685601819,2,3,9.357345807769676,Traditional lecture,175.70309440927224,5,3,0
91,2.1692298129467718,1.9650049592888308,0,1,3.6727565982342725,Flipped classroom,176.99314163618342,5,2,0
92,3.94207536053139,0.3798457739847316,2,2,3.9033238491653055,Flipped classroom,25.13027718004457,5,2,0
93,3.0000050646895926,8.520729904513447,0,1,7.99977853965773,Traditional lecture,171.24421197225027,3,4,0
94,4.834117791174691,8.611021637025813,1,5,8.103149326614435,Online learning,128.38150911616552,4,5,1
95,3.4152913834639755,7.0362444046228205,2,4,0.8365125298526588,Flipped classroom,6.412863519530898,5,1,0
96,4.820385800705401,0.12648996599719742,1,3,1.6671896866288594,Flipped classroom,23.33273752444518,2,2,0
97,4.279548918443901,9.897781696466318,3,3,6.766473749060764,Traditional lecture,66.36021575305737,1,1,0
98,2.6430406315380655,0.3374605098058947,3,3,1.7554477911376187,Online learning,77.62956475762068,3,2,0
99,2.6902265379350268,9.565886656331543,3,2,1.1930302078788968,Online learning,70.78588138896396,3,2,0
100,2.3102768979790285,3.692666750908745,4,4,1.7956054961201295,Flipped classroom,111.85196717723656,5,3,0
101,4.118161795408517,0.9365643500560805,2,5,3.1789718289608193,Traditional lecture,117.99060965412652,3,5,0
102,1.331246581947032,7.046912282132032,4,2,7.462563846217716,Traditional lecture,196.71030278923496,5,1,0
103,2.9105822069554446,5.947354583459806,2,1,8.121357998238928,Traditional lecture,125.86699588881352,5,4,0
104,2.726689513070732,6.801721739938531,1,1,1.4361723056943954,Traditional lecture,106.5954267595493,3,5,0
105,2.908312803254644,1.4576100705867412,2,1,7.8470307160690105,Traditional lecture,157.8051779995542,5,2,0
106,1.032041019417922,4.653226556502781,4,1,9.605714050327478,Online learning,180.4893464422066,5,4,1
107,2.972115883089673,3.8815486479216244,2,3,0.3505810461326908,Traditional lecture,0.001393107900460322,5,5,0
108,1.164190226877865,4.719600381301689,3,4,1.8855035972903422,Traditional lecture,50.21586840107051,4,4,0
109,2.9636999077656734,7.328383730435336,2,5,9.005437872302275,Online learning,56.17710819268302,2,3,1
110,2.6773556688076443,2.424927514933252,0,5,4.504607591410476,Flipped classroom,70.53814977142407,4,5,0
111,4.234915961827912,1.6470887919224608,3,5,6.21738879462868,Traditional lecture,199.6433691151631,4,3,0
112,1.5919107637729075,7.530765257320802,2,4,1.3478100900196421,Traditional lecture,156.97648145571011,5,5,0
113,4.18763292370395,7.983658881924988,2,2,3.759591214237641,Flipped classroom,149.1354317367856,4,3,0
114,1.588765747928401,6.373769350702384,1,2,9.900230034881378,Flipped classroom,101.05979385542405,2,4,1
115,4.820942545190235,6.5133091455565335,4,5,2.373462556261199,Flipped classroom,41.38048224657665,3,3,0
116,3.621157166449113,3.428611004359794,1,2,6.446698414723069,Online learning,115.02890058555795,5,2,1
117,2.836902792238027,5.381004981181723,1,3,2.389161742235256,Traditional lecture,184.5077986822964,1,2,0
118,4.0582921882600855,0.09198974313832653,0,1,7.500663116520561,Online learning,133.57496915239972,1,4,1
119,4.5214170461067,8.05981555375033,3,3,0.555164110019869,Online learning,88.34940952909183,1,2,0
120,3.897730085553701,1.4854885288452258,3,1,8.327788018272388,Traditional lecture,50.88613631610295,1,4,0
121,2.686043606996989,3.8041892895475895,0,2,6.190190954725866,Flipped classroom,100.96915361475564,5,1,1
122,4.079251412264947,5.7377258502316675,4,1,7.942990465822693,Flipped classroom,74.8665790236494,5,5,1
123,1.146826691070995,1.3539733777595697,2,5,0.6558214654045491,Flipped classroom,70.42668969223588,1,1,0
124,3.450232933294927,3.7799335366860665,3,4,5.147803936843127,Online learning,181.13718973592344,2,5,1
125,4.136569509118159,4.1358427528755835,2,4,6.13298339575705,Traditional lecture,162.69944322678978,1,5,0
126,3.7949568701591763,2.6671234652027787,4,5,6.462963970983169,Traditional lecture,147.14931174888105,5,2,0
127,4.150276403068874,1.3369385962105584,4,2,1.1949545145712526,Flipped classroom,91.45465281926816,2,2,0
128,2.200169948898249,1.5918008010458973,0,3,0.7110374814244347,Flipped classroom,66.60359371089335,2,2,0
129,4.503510442901038,4.981182278016025,2,4,7.7507036424041695,Flipped classroom,192.76839652256456,4,1,1
130,2.903165602817321,8.992542075517795,4,3,7.267274208759793,Traditional lecture,118.5526584784788,4,5,0
131,2.4311226665399657,7.956442535032179,0,4,4.716277345971637,Flipped classroom,149.22911604122186,4,3,0
132,2.855579276466829,3.70829705160585,4,4,3.5868315888370104,Online learning,198.99313997262368,5,2,0
133,3.3714440566453416,3.6935286453909946,1,5,7.572765968554993,Traditional lecture,55.46616271414342,1,5,0
134,1.9386917508949524,2.1104895276519473,4,3,0.570953227824007,Online learning,15.90053928912778,4,4,0
135,3.671466177408181,8.075824551808877,1,2,8.007507280265942,Traditional lecture,110.78602089907315,2,5,0
136,4.237870959568809,1.823209488729327,1,1,4.497519099940245,Flipped classroom,117.25201407186911,3,3,0
137,2.578436657099213,9.541747837784603,1,4,3.639320743747203,Online learning,57.289863020530674,1,1,0
138,3.721123443500027,0.27964439081197057,1,4,9.506603912152753,Online learning,11.914423053547107,1,2,1
139,4.115965028861744,5.235111198021011,1,2,4.9446588036863535,Online learning,136.0418727808878,4,3,0
140,4.442882973172861,1.9849262192787664,0,3,8.809005373257824,Traditional lecture,43.38461103703266,5,2,0
141,3.8221399912062295,4.30068385845512,1,1,6.945122549911798,Online learning,17.32356781044697,2,4,1
142,2.804029012606281,2.464507914396564,0,5,6.217393119223436,Traditional lecture,113.13874972654772,5,2,0
143,2.062325302421585,1.7214142820684408,3,3,8.166980493821589,Flipped classroom,34.75813896775759,1,2,1
144,1.5682764549333221,1.439497946739674,4,3,0.9075095943498379,Flipped classroom,27.71670226401335,1,1,0
145,4.653773978644848,1.2087088513036204,3,3,3.402189643972231,Flipped classroom,196.89993820902583,4,1,0
146,4.657685012453284,0.5187671252238646,2,5,6.395461158298261,Online learning,23.757865088073604,4,1,1
147,4.0866200193827815,8.997946479157957,1,4,2.7005821402911456,Flipped classroom,60.33049204105987,4,5,0
148,3.8727632227852573,7.6030338914191855,3,4,5.099105994817526,Flipped classroom,171.50035943800793,5,2,1
149,1.3768309346486696,1.0265010091729065,4,4,7.004020097095864,Traditional lecture,18.982715335598854,5,4,0
150,1.281577887855522,8.489812244037005,1,5,7.806082206222351,Online learning,143.90353608217936,1,4,1
151,4.6783874096805285,0.7416284383096605,2,5,5.126361562786328,Traditional lecture,181.14105522084495,2,4,0
152,2.460619420515414,8.847647395907348,3,2,6.763215524878911,Online learning,170.26834041826453,1,4,1
153,3.095189114343118,1.6443149291561,3,2,2.130270835712645,Traditional lecture,117.40464696275498,5,5,0
154,1.8988770147782503,9.778895372264708,4,1,9.123176513826506,Traditional lecture,198.86454480547528,3,1,0
155,2.4340098218727877,2.1461423071644914,1,4,4.1488209903570406,Traditional lecture,172.01626221236808,4,1,0
156,2.863858058892016,3.617167334783483,0,5,3.176441151094976,Flipped classroom,40.27965455958689,2,1,0
157,3.782105399715519,6.789966614545997,0,1,7.672004078051512,Online learning,100.98849383807556,3,3,1
158,3.449018344631008,6.519706526814959,4,5,7.243317049690953,Traditional lecture,89.1361941201076,3,4,0
159,4.278095787281713,8.705995921990503,0,3,5.420525082404381,Traditional lecture,172.59376920781406,5,5,0
160,3.0888880744269587,2.2173872707970874,3,2,2.305887012956662,Flipped classroom,198.4794038133825,2,3,0
161,3.3171610336873307,9.738057149959706,2,5,0.5413683187613494,Online learning,192.63149183450417,1,3,0
162,3.6006411370062557,5.9441441665379156,4,3,4.44935396230823,Flipped classroom,147.61797105678852,1,1,0
163,3.9890876800804156,8.34700360269418,2,5,7.136951165049589,Traditional lecture,196.38588275878365,2,5,0
164,3.0671907760530988,3.98369950079399,2,5,4.772496739447957,Flipped classroom,125.5166128927591,4,2,0
165,2.24508123963239,2.9258071271750117,3,1,9.610420640625506,Flipped classroom,113.29081177725794,5,5,1
166,2.5859784306544347,7.441302760529527,4,4,5.869281502298876,Online learning,166.57423777408448,5,1,1
167,1.181630087546056,7.881088147297325,2,1,0.5741532747071998,Flipped classroom,87.55095586071005,4,4,0
168,1.3048459749160433,3.1677151641978396,3,5,7.453196756301438,Flipped classroom,143.70394589177923,4,1,1
169,1.3713290382785788,3.999244994938045,0,3,5.899470581080342,Online learning,26.469528755380267,3,2,1
170,2.0655351361073566,2.7420820179851004,3,4,9.004170037576056,Traditional lecture,178.4263684153461,1,3,0
171,2.0629473371288527,4.64958328529574,1,3,1.5603171587050824,Traditional lecture,70.03063467903108,3,1,0
172,3.756951393842357,1.1215802421927712,2,1,3.7625280343704093,Online learning,26.119786091550836,3,3,0
173,4.452875214234042,8.394502004473413,2,5,6.068313356699896,Flipped classroom,21.259801019762946,5,1,1
174,3.3974625393577096,2.4952621104419004,1,5,1.2724922507067882,Online learning,170.70767642322593,5,4,0
175,2.879853391442505,1.4743340546864692,4,3,3.4013299618200232,Online learning,83.64526765375126,2,4,0
176,3.7577589991436735,7.156205889860142,0,2,7.220951100756655,Flipped classroom,193.8720553129323,2,1,1
177,2.573253112934174,3.8581164844288773,4,4,3.7907074062797443,Traditional lecture,2.46908917472346,1,2,0
178,3.8260535781688962,8.21273350028987,2,1,6.879145093580343,Online learning,179.3254272249111,4,4,1
179,3.846363616694006,2.1215259500403603,1,1,2.5576887702708317,Flipped classroom,102.35149309217881,4,3,0
180,1.9244291128499094,7.356648206904964,1,1,3.4354621021435583,Online learning,128.70664215568777,3,5,0
181,4.848161230958136,2.800326922017966,3,2,5.112353015404787,Traditional lecture,22.268362520328246,2,4,0
182,2.354614802731342,4.5385766771336575,2,5,3.307798751788856,Flipped classroom,158.62742470720974,5,4,0
183,2.0258701420752465,1.3033775632754763,2,2,5.236746672423072,Online learning,0.3034195702334763,1,5,1
184,4.919276820126601,1.1818808332415542,0,3,5.343752936730883,Traditional lecture,167.06887471473465,4,4,0
185,2.3081664963936963,4.011063052618713,3,5,8.364159505814104,Online learning,113.95484695696263,1,2,1
186,2.6640788248204297,5.227599977116901,3,4,9.174692257928434,Online learning,195.43349281014463,1,2,1
187,3.074390171576021,4.732001662933917,1,3,1.94733455102716,Flipped classroom,5.017422949106876,5,4,0
188,3.521117276488507,9.813392076688844,2,1,9.842913594374798,Online learning,188.8954865487366,5,3,1
189,2.631701882111104,7.432725010607555,3,2,9.233478756289365,Traditional lecture,176.8456952247027,3,2,0
190,4.879804844805523,1.6486029147271652,1,2,2.6299403712369953,Flipped classroom,157.62440801710957,1,4,0
191,3.9969229312226426,9.559008902273806,0,4,1.680300411027419,Online learning,51.236595345887245,5,3,0
192,4.6670067029569875,2.3568024385160378,3,5,7.086263487459455,Flipped classroom,51.813923926012166,5,1,1
193,4.207232216346654,6.2565215075660845,2,5,4.446366432120431,Flipped classroom,73.80975462967602,2,4,0
194,4.187516027570654,6.448868402105239,1,1,1.3745575342837557,Flipped classroom,130.8833869963577,5,1,0
195,1.6082291255393621,6.318394121778146,0,5,2.8977802882306856,Traditional lecture,141.8416480278476,5,2,0
196,4.320866781640564,3.0615054542810793,0,2,8.689327963562633,Traditional lecture,69.92830345390813,2,3,0
197,4.695801875764128,2.5068062554753534,3,3,7.022172186169159,Flipped classroom,136.95091264053764,2,1,1
198,1.8548730468231711,7.619353605859351,4,1,8.180286007753942,Flipped classroom,27.575843690240266,4,5,1
199,1.7333502383659298,5.153104486479458,0,3,0.502428882020628,Flipped classroom,49.286285742969405,2,5,0
200,4.3562510282911475,5.256195921144422,4,4,2.314500149932809,Flipped classroom,130.37919354390755,4,5,0
201,3.830282004848665,6.9149672652718515,0,1,8.565642333963963,Traditional lecture,139.83724647427692,5,2,0
202,3.0262345880176658,6.864332863192458,4,4,8.893710058346283,Flipped classroom,157.90262515208443,4,3,1
203,2.974114609537321,9.819236976908691,2,4,0.8139379530324764,Flipped classroom,140.04714048316737,1,5,0
204,3.4824192918747188,5.911898811251749,3,4,7.9476977424136,Flipped classroom,190.3942230668844,3,3,1
205,3.364820804630596,4.65588773824917,0,4,1.4220373231073125,Online learning,61.13295362593054,5,4,0
206,1.5612371000730283,0.24028979468844747,0,2,8.661143322888464,Flipped classroom,19.919541599712474,4,1,1
207,3.766291392337551,5.093339352994214,1,3,2.1389204697455586,Traditional lecture,133.09181635635207,1,3,0
208,1.1528022491604601,1.9610199825504204,4,5,4.299542132795603,Traditional lecture,72.58600564748411,4,4,0
209,3.685355819029893,3.600679536869232,3,3,3.7621595716635756,Flipped classroom,9.696713954035419,1,2,0
210,4.055091835288529,1.4078467630818081,1,1,8.452182350704213,Traditional lecture,77.80639262447744,5,2,0
211,4.3382954711403565,2.5364371909262964,1,2,1.5865470221602218,Flipped classroom,134.01241273864147,4,4,0
212,3.5625342042682613,6.206093760242326,4,5,2.253221703536311,Traditional lecture,21.17740258218337,1,3,0
213,3.198691276173128,9.4535032235957,1,5,4.169490039367798,Flipped classroom,38.220198853020435,3,2,0
214,1.2623733629086833,3.620399091487,1,3,5.6921354593836835,Online learning,144.09499393190097,2,1,1
215,4.519909586243797,0.45527780796656536,3,1,9.055406580448452,Traditional lecture,171.11980024245184,4,2,0
216,3.8259175458829766,2.91007208059495,0,5,8.992674540029608,Traditional lecture,185.9411163123714,3,1,0
217,4.700317184180619,2.346870024760277,0,3,6.600900082238626,Traditional lecture,107.34964386104437,4,2,0
218,2.509037824511924,1.0329762614838223,0,5,5.940300327668941,Online learning,3.63879960609208,3,2,1
219,1.5583809717182118,3.8441631777584293,0,3,5.960589813697651,Flipped classroom,35.93464595816318,5,4,1
220,1.0627688719322541,4.294914913460753,1,2,5.199653559715511,Traditional lecture,124.89164295347668,4,4,0
221,1.9473889381003975,9.009689118598963,2,3,3.7828377494354157,Online learning,109.14854283187229,5,2,0
222,4.799260751731536,8.113314420880805,1,3,2.1255373786011686,Online learning,137.5339372858993,3,2,0
223,1.589307620684945,1.2018377459061802,1,1,6.281459941943325,Flipped classroom,19.277462978590233,3,4,1
224,3.5141936813043833,6.393947112393943,1,5,0.21537748176699623,Flipped classroom,26.372790527184954,4,2,0
225,3.9710071579671053,2.8342908131552824,1,3,0.19606585960275758,Traditional lecture,61.33333110806427,1,4,0
226,3.971854660623365,1.229404472797364,1,4,0.3129308566744571,Traditional lecture,140.2561533222016,5,5,0
227,3.428301638760516,5.017705708435704,3,2,3.1514591209498235,Online learning,85.77096564080068,5,5,0
228,1.2519133511742555,3.1827856053391224,1,2,7.05451183755374,Flipped classroom,154.92163213322772,4,3,1
229,1.5668008723396651,0.438735259289319,3,2,5.478346374618949,Online learning,135.30076125833014,1,4,1
230,4.973330444842263,7.193148655441986,1,3,6.194883213031525,Traditional lecture,114.80081802566163,5,3,0
231,2.961650493809095,9.88955484571194,3,2,2.8407818976639385,Traditional lecture,96.06295396229991,2,4,0
232,2.7256795205116635,1.2962495552271946,1,2,5.272435260356958,Flipped classroom,166.2248286070877,1,1,1
233,1.2478164738549102,6.194688219025815,3,2,8.53856659828219,Traditional lecture,47.16443115829782,3,1,0
234,4.909022090820567,0.963343937420128,2,5,6.183227358461708,Flipped classroom,129.5245780366004,3,4,1
235,4.178501398910357,4.059377961080659,1,3,5.218073206814889,Online learning,68.06456651228643,5,2,1
236,1.6658646083061583,6.466914891163534,1,1,6.938032798718288,Online learning,17.28102510815659,1,1,1
237,2.071800379589281,9.821225851156711,0,1,4.8338092992810475,Traditional lecture,38.81342096515705,4,4,0
238,4.613732613770666,4.768078219143995,0,4,9.484610755368198,Online learning,166.0446745729079,5,5,1
239,3.0058548830347407,9.382933474933319,2,2,6.363516172664596,Traditional lecture,26.642308295046014,1,1,0
240,1.645861039266094,3.5470065303831486,3,3,8.854925341231418,Online learning,2.4588114339035405,1,1,1
241,2.505253084036491,7.075944113996558,1,2,2.064960454284214,Online learning,123.95636386239121,1,2,0
242,2.914021605438778,7.945281413990955,4,3,9.219709152270633,Traditional lecture,192.299462577735,3,4,0
243,4.018755244419731,6.451786023831642,3,4,6.258729308195288,Online learning,3.8759825127455905,1,2,1
244,3.450469606188097,5.87052600279713,1,1,1.0609233178027488,Traditional lecture,34.68842589190872,4,5,0
245,3.9704508965571024,3.434428240226477,1,2,6.2037598285689,Flipped classroom,122.19075107543425,1,3,1
246,1.241556305911856,6.6704579116120915,3,2,5.166395748700174,Flipped classroom,198.0748788530063,2,4,1
247,1.935392733327577,7.15688905648874,1,4,3.706102909697292,Traditional lecture,62.45749325723404,5,2,0
248,4.947332455350983,6.194568411314453,2,3,2.3997620531206723,Traditional lecture,183.78796335014042,4,4,0
249,2.3392648784753174,3.310635033570095,0,5,1.6169334726232776,Flipped classroom,34.2080161115281,4,1,0
250,3.8698026105776906,1.2564401477605414,2,3,5.617863456012339,Online learning,37.39351516359297,3,2,1
251,2.8950508583884638,6.590071851735742,1,4,0.5449128511521839,Flipped classroom,159.36405367844736,3,5,0
252,1.1411402785348885,7.313711340539935,3,3,5.674138450073352,Traditional lecture,64.32551516271094,5,3,0
253,3.459327944675083,8.282053706073533,4,2,5.1328601435426,Traditional lecture,150.94624186912333,4,2,0
254,2.1533071753727526,5.256799756720076,4,4,7.922343866400411,Online learning,139.45796489660998,4,3,1
255,2.8967212499231323,3.981034732621569,0,3,0.48990406877632453,Flipped classroom,50.38145739072824,1,5,0
256,3.4429192316863833,3.6194562485036155,1,2,0.5412397924651591,Flipped classroom,9.166286183332971,4,5,0
257,3.9540192805215026,3.1507782439308682,3,1,4.218372091758079,Traditional lecture,109.84169047098291,3,5,0
258,3.7721529985773925,8.984313941989381,1,3,1.237566073940931,Traditional lecture,81.91306034406844,5,4,0
259,1.105790188248477,4.484722651728056,2,4,4.888966278109935,Flipped classroom,87.08029194307734,3,2,0
260,1.5531453875858685,8.550369356165433,4,4,3.503151456683533,Traditional lecture,164.7055026997923,4,1,0
261,1.009742311428909,9.454624651135735,2,3,1.8434951046409154,Online learning,75.46502710175854,5,3,0
262,3.166383621794829,1.2461151322882336,4,1,0.43114226679627277,Online learning,10.347361504417375,4,1,0
263,4.966627088891036,7.261416962967145,0,2,2.7030623970617675,Online learning,168.66484232778808,3,3,0
264,1.7444528439309472,6.139323817714435,0,3,0.8211625998443872,Online learning,45.6453938986094,1,5,0
265,2.783309086988459,8.743354199438784,2,1,6.554711547280202,Flipped classroom,83.72913757291059,1,3,1
266,4.527908373813641,6.123612064816664,2,5,3.5417762252839635,Online learning,125.72657056767022,2,3,0
267,4.406912368192337,8.194116024705343,4,3,8.281215696017712,Traditional lecture,78.73857571117695,4,4,0
268,1.8267290832703815,8.364790793832043,1,5,4.369193921134498,Traditional lecture,164.06796268963703,1,4,0
269,4.9325607559555475,9.400625554080484,2,2,1.3237525035853415,Flipped classroom,14.140337679897907,4,4,0
270,4.311127546665023,3.7278295152458627,0,3,3.3349843798433207,Traditional lecture,89.09976926310894,3,2,0
271,2.63542294225974,1.5909960160882308,2,2,6.177186140054161,Online learning,44.16174509139286,1,5,1
272,4.650758803478391,4.312366613689852,3,5,9.295915028534145,Online learning,122.27184518550165,4,1,1
273,1.9567324525119472,2.9472821437627585,2,5,2.3633836182117296,Online learning,130.52046734232667,1,5,0
274,3.2314728892399533,3.361156124493776,4,2,3.5613475897759006,Online learning,21.42273655129849,5,3,0
275,1.971794457835875,1.153608616306191,0,1,6.614553592332527,Flipped classroom,129.9851025268307,4,1,1
276,2.71093060063262,4.09468941645608,3,2,3.7220506060535588,Online learning,128.87373600599517,2,4,0
277,2.5060775357354026,0.58275596288898,1,5,5.941431075592699,Traditional lecture,69.8709864273104,4,3,0
278,3.711081825981887,1.414612085955883,1,5,4.574765882071059,Traditional lecture,81.79966408371232,2,4,0
279,2.1252774522295192,3.906546030200131,2,5,1.5488156633956718,Online learning,181.26946612839726,3,5,0
280,4.632888099772503,4.415310378705929,0,1,1.5829748010954603,Flipped classroom,21.905286349064745,5,1,0
281,1.379376549200464,4.824861785840071,2,2,2.09072862909594,Flipped classroom,141.04636226480554,2,4,0
282,2.4501908682701505,1.639007153098373,4,1,6.528196234919106,Online learning,131.60967508735183,4,3,1
283,3.1959346872593377,1.7858367840163758,0,4,0.3146132371177368,Flipped classroom,65.49182418300505,2,5,0
284,2.0235548065066586,1.2737760077291338,1,3,1.116376622165346,Traditional lecture,13.928516648312561,5,5,0
285,2.233529178799418,3.4251680480167868,0,5,1.9270842434539204,Flipped classroom,112.54280828544307,1,1,0
286,1.1006385109761396,1.1263333795274155,0,5,1.395152152689071,Traditional lecture,30.059327598339223,1,1,0
287,2.3659754737357637,2.477428592739418,0,3,2.5251078647237413,Flipped classroom,54.684495488280824,3,3,0
288,1.8461573730484369,1.1048006478056405,4,4,5.509564704593927,Flipped classroom,140.19251542403228,1,3,1
289,2.6915412849052465,7.930051645496121,1,2,2.49839525797364,Traditional lecture,59.227009778373855,3,4,0
290,3.755096152793558,5.948921995390267,3,5,0.8976770479660567,Traditional lecture,17.35159465292735,1,3,0
291,2.924862613921203,5.406826221479566,4,2,8.61686924215951,Online learning,169.95413499487677,4,2,1
292,4.294104927271453,4.607266895262155,3,4,4.721360119450974,Flipped classroom,28.177764112227855,3,4,0
293,1.6645363981880648,6.190375609121571,4,4,5.887549047766839,Flipped classroom,176.48322106924178,1,2,1
294,2.4973945242616584,5.300941195198958,2,1,3.3001976538387625,Online learning,77.32342206486456,5,4,0
295,2.237091205225687,2.48173557972898,0,1,8.713108290340038,Traditional lecture,60.0832656175307,1,1,0
296,2.2113488685584146,4.277760865960555,0,1,3.1789992242575895,Online learning,155.46140578197415,1,1,0
297,4.141241253598114,7.42470527413459,1,3,8.420733867080962,Online learning,32.72314503199523,3,3,1
298,3.0335554271588436,5.130861522120024,0,4,5.4270088074780904,Online learning,49.8084084557257,5,2,1
299,1.9577358357096966,6.89703559402273,4,4,2.744101961169909,Traditional lecture,68.54308169938905,4,3,0
300,2.3838494654445834,3.134027713066442,1,2,2.6942441955345906,Traditional lecture,90.14206372449624,2,5,0
301,1.2758511585048495,9.491801410074352,1,5,1.3747436481319442,Online learning,68.84833722129062,5,2,0
302,4.102891332311916,4.167252116062715,1,4,6.58009045373489,Flipped classroom,71.02833034518159,3,3,1
303,3.9242990600515553,7.65504337881177,4,4,6.873061163720898,Traditional lecture,127.54245677455451,2,2,0
304,3.26389088941031,2.6756032074508584,1,2,7.800609136431651,Flipped classroom,196.3366803746882,1,1,1
305,2.483643632155709,2.1050530141228494,4,3,8.068709926344678,Traditional lecture,38.084128276190896,2,3,0
306,2.7168892434466234,6.238557448073259,1,1,6.178856520158612,Traditional lecture,2.1529395639027227,5,1,0
307,2.363678354598908,8.913128598089022,0,1,2.179631049312052,Flipped classroom,25.608257605500473,2,3,0
308,1.152378713167022,6.2969523313452935,3,5,4.457739581239207,Flipped classroom,121.95097513159787,5,3,0
309,3.6596907832493266,0.9296890644264211,0,5,5.342059439788081,Online learning,33.188304056773866,1,4,1
310,2.8472051495225483,7.553212927181589,1,1,4.29714445612799,Flipped classroom,21.731323046871466,5,1,0
311,3.872907840829631,5.192258970008583,0,2,0.2566976589426073,Online learning,114.59290533999645,3,4,0
312,4.0382791589147224,4.570306724521669,0,2,3.9348159655952086,Online learning,151.6018345007912,1,5,0
313,4.059499330633098,3.4978647343461144,4,5,7.483184716531676,Flipped classroom,5.682560849699447,1,3,1
314,3.245430433549035,0.7994431582106309,1,2,9.082184317105696,Flipped classroom,129.92269002083398,4,5,1
315,2.41129688136628,1.8743080504440945,0,5,5.4227978532739805,Traditional lecture,163.69646111676403,1,2,0
316,3.151639392039105,8.367201039558745,1,5,4.819553940640608,Traditional lecture,44.90859247233243,5,3,0
317,3.353797880759178,4.7827825941316515,0,4,2.493560881580519,Traditional lecture,181.0539547899589,1,3,0
318,1.4908066639311133,5.32039770677006,2,1,3.16635846550259,Online learning,58.70596889873525,4,1,0
319,2.770002230137617,3.720300985033772,4,4,9.37224941949586,Flipped classroom,35.15942736702278,1,4,1
320,4.887914383759185,7.8850090291507815,4,4,6.7134853261662535,Flipped classroom,51.96357988044076,3,4,1
321,2.7390295398565265,7.088877333136578,2,5,3.9863866576439824,Traditional lecture,48.235738654964535,2,2,0
322,1.8009952396417912,5.262834286783235,3,5,5.441589768906794,Flipped classroom,57.24767339912851,4,3,1
323,4.860028774210264,5.305857182230116,3,5,9.459090157356467,Traditional lecture,46.66791614863792,5,3,0
324,1.416004632282227,9.089588353764256,4,4,7.773733625822272,Traditional lecture,2.274075184390645,3,4,0
325,1.0301345528355963,7.221791964959092,0,5,0.8955133002357651,Flipped classroom,145.60471325563324,4,4,0
326,2.11811436359488,4.933593938559785,0,1,1.9850453827343262,Online learning,49.66088581132351,5,1,0
327,2.8615171843018974,9.723633082806312,3,1,2.462692739699328,Traditional lecture,26.561046047456436,5,4,0
328,4.941880753465705,7.816580118281457,0,1,8.906141754430369,Flipped classroom,0.24562983469804678,4,3,1
329,2.7199882686002756,6.025882964999648,1,2,1.5288252319186868,Online learning,121.87254640703114,2,3,0
330,3.1031010986383567,4.707486726769666,4,4,7.985731292878016,Online learning,100.26242968636723,2,1,1
331,2.1706194611766274,9.874151746867618,0,1,2.0846078709521954,Online learning,165.53244717322758,3,2,0
332,1.3006098689487366,0.43406858229556367,3,5,0.33349694200260127,Online learning,63.58738652504894,5,5,0
333,1.4553335296730063,0.522175547921685,1,1,6.523063740121762,Online learning,8.359660419042259,5,1,1
334,3.3485869618338215,8.692224280865632,1,1,3.1589409802274493,Flipped classroom,192.53120278332554,2,2,0
335,3.5194847751912097,4.116866216376036,4,2,7.090233796095805,Flipped classroom,182.93088973380196,3,4,1
336,1.4056519033315262,1.0483609197569888,0,5,3.2695744283450523,Flipped classroom,174.78589650364526,4,2,0
337,3.466870382524179,2.103803965011201,1,1,4.8251544156004,Flipped classroom,44.633563385836304,4,1,0
338,2.128433372578343,4.503707824338137,2,5,5.986585150862652,Online learning,3.9305207420091914,5,3,1
339,2.727897838441061,7.147579961745345,2,1,8.083070396419492,Traditional lecture,162.48433053293533,2,1,0
340,3.2312886620298524,7.56072199068084,0,5,3.174281894226756,Traditional lecture,140.1110648244639,2,1,0
341,3.934196742630653,5.387124052323896,4,2,4.767154259620158,Flipped classroom,198.48895261549364,4,2,0
342,3.1163479894372057,1.6570885336362307,2,4,3.5532175208756076,Traditional lecture,12.23900277064718,1,3,0
343,2.353307241806893,8.126133766814078,0,1,8.074552899790294,Traditional lecture,120.13531669255137,2,3,0
344,3.7992702740042845,2.926523694429277,0,2,7.5801868004899875,Online learning,191.68742524564286,5,1,1
345,2.630364975930874,1.2492304866421888,3,4,3.200457778952941,Flipped classroom,159.55840903758892,2,1,0
346,3.107261274753546,0.6137874940188448,4,4,8.11299610209485,Online learning,19.548723304536274,4,1,1
347,2.9971750770950054,4.736027488775925,3,1,2.1178309591073985,Traditional lecture,159.81939422208308,1,4,0
348,4.412639143741703,8.015938163701225,0,3,1.6877177634822638,Traditional lecture,53.17037716271218,3,4,0
349,2.369957248752133,6.538211065294215,4,2,6.961719508055156,Flipped classroom,75.9899045509455,2,4,1
350,4.108867511068016,3.8311069255316568,4,2,1.9946604255193845,Online learning,146.18328854086792,2,3,0
351,4.010283560748147,2.171582276074341,4,3,0.5259535290382933,Traditional lecture,191.3462993070392,1,4,0
352,2.134072590849557,7.887256340244461,0,3,8.77376753893368,Flipped classroom,73.90998781731,1,4,1
353,3.1572511870380167,5.517585513875355,2,4,3.375471461871724,Traditional lecture,135.92656212657423,5,1,0
354,2.8051763402695666,4.819261700783244,4,1,5.095248185760324,Traditional lecture,16.604580080765775,1,3,0
355,4.920276306452118,0.3185908786319869,2,2,2.969291188049702,Online learning,83.92919705872754,2,3,0
356,3.975684264474216,0.46044598896720634,0,1,5.307835297256674,Online learning,36.497262142761585,1,5,1
357,3.2221128935615737,6.325237491809004,1,4,9.976613043718764,Traditional lecture,109.19531901898043,2,3,0
358,4.255814924446247,6.19270714712921,1,1,6.8925103172561055,Online learning,180.60203452982964,2,3,1
359,3.714165864719466,4.6201298851950785,3,3,2.9552964257368908,Flipped classroom,121.85120566434865,2,1,0
360,4.236916616335578,2.3565563596390646,2,3,3.359640527394884,Traditional lecture,145.4280759849264,5,4,0
361,3.822160164471268,8.992782972604655,0,5,2.6324941707716887,Traditional lecture,176.25793359082627,3,3,0
362,4.883447464673479,6.334335938601068,1,3,0.07764176249471344,Flipped classroom,145.88867335307,5,3,0
363,4.524881234928262,5.005864783467754,4,1,9.00412871056414,Traditional lecture,22.52851303547676,4,3,0
364,2.2246945405434038,1.231630125809271,2,5,8.4943401033137,Online learning,140.98444871437263,3,4,1
365,1.326433411616497,9.50113215874086,0,5,9.533363781215122,Flipped classroom,35.15011686912799,2,2,1
366,2.8231529484319355,3.1621929508189317,3,5,1.4051816919565396,Traditional lecture,119.8916292036206,3,3,0
367,1.8357246144712613,1.6020689052292147,0,4,6.880988451976497,Traditional lecture,198.16333063573063,3,3,0
368,1.0498581586776576,2.7097517187635645,1,1,4.834067935476801,Traditional lecture,31.18681992395549,3,3,0
369,2.46957130885934,0.2911634720772427,1,2,7.628199158342797,Traditional lecture,180.09346189567336,1,4,0
370,1.5239990898665607,5.723196849833663,4,5,1.5684985008338737,Traditional lecture,178.56362054914962,1,1,0
371,3.346609827977578,7.087952417165113,0,2,3.5987716132857637,Flipped classroom,32.12602131686619,1,5,0
372,4.424967030701621,0.6158834594404883,2,3,2.3811865087697837,Online learning,67.17889157552834,1,5,0
373,1.8403558948544236,9.425179813482215,1,1,2.5403051818462696,Traditional lecture,145.15459430709117,5,2,0
374,4.352124752413143,3.8781086229428254,1,2,5.047317960734553,Online learning,36.547905508130654,3,3,1
375,3.8420393333036915,4.828674567686142,2,1,1.3780702968657221,Traditional lecture,44.484039912737686,5,2,0
376,4.757420508936656,2.5460680632976795,3,2,1.5472397715888153,Online learning,103.91782504992852,3,3,0
377,1.6816809269944493,7.3287476590769,1,2,9.395909241562405,Online learning,12.233170453268261,4,3,1
378,1.2425459135784136,6.435253645917475,2,2,5.933863486946512,Flipped classroom,180.7687732988359,2,3,1
379,4.922549928420386,6.359003924887057,1,2,4.954693551934862,Traditional lecture,93.52157429183035,2,3,0
380,3.4124099205022307,1.825405502208326,3,5,2.905778396857388,Traditional lecture,84.30892169050574,5,3,0
381,1.5939218184046884,6.3752024060077,3,5,1.674535050329985,Flipped classroom,63.23607276299099,5,3,0
382,3.503882941218749,4.5336486766333035,2,2,7.765834898239678,Online learning,115.59025742707927,1,1,1
383,1.9360160292134232,2.3651379557705776,0,3,1.1446443626084701,Flipped classroom,146.8870156153117,2,5,0
384,4.788913069594006,3.467682074176097,0,1,1.5109571112589826,Online learning,140.1089402971041,4,4,0
385,2.4872582747038665,6.688906420917848,3,5,5.431712057091048,Flipped classroom,19.613848065848003,4,3,1
386,4.798000005017678,3.374856101399677,2,1,5.5333354056906705,Online learning,130.04926272630797,2,5,1
387,1.6694944458366638,0.5043157502021534,4,4,3.5524075536699087,Traditional lecture,190.02961568211546,3,3,0
388,3.481168627473047,4.398798119342381,3,3,9.54585381525096,Flipped classroom,182.7108092116689,5,1,1
389,4.872041046870731,5.297621716945783,0,3,1.5474717697223817,Online learning,27.057155761034444,2,5,0
390,1.3411553919024275,5.177133936399394,4,1,5.930912556183073,Flipped classroom,135.49694059375938,2,4,1
391,3.9786901344356664,4.103197660779317,4,2,9.453481784285177,Traditional lecture,162.403090501155,3,1,0
392,1.243550320354419,9.133560392579943,2,1,7.027787516556208,Flipped classroom,152.37899198099734,2,5,1
393,4.643601339037998,6.605319423716264,0,2,1.1906788592974449,Online learning,73.9292631047082,3,3,0
394,2.454690676686644,0.11203879924790217,0,5,6.032491042594756,Online learning,81.23966462422018,1,5,1
395,3.0822061808041226,2.5729997816431016,0,1,0.9675444954539547,Traditional lecture,118.18321280550694,5,5,0
396,2.992963558508271,6.681940107903635,3,5,2.817654468243008,Traditional lecture,64.10067442769547,3,1,0
397,2.997415723834545,6.217182746096347,4,4,6.338526933931377,Flipped classroom,117.06047501435542,3,4,1
398,1.3613301693062687,1.2787781007564991,4,2,9.268545678121093,Traditional lecture,4.308396057428965,4,5,0
399,2.7377667115460502,6.877697102614873,2,5,4.345012273783917,Traditional lecture,12.191569641170808,1,5,0
400,4.418127064666729,1.7742221930915236,4,3,1.1451799353883918,Online learning,192.23082938714802,1,4,0
401,2.8890048843135903,2.9903534004737664,0,4,6.028406658005721,Traditional lecture,83.64644907238122,5,2,0
402,1.430157015408343,7.196046789662464,3,5,4.8869032736962055,Flipped classroom,51.4020308823127,2,2,0
403,1.0942674717000656,0.7179613659898576,0,1,7.457019337667326,Traditional lecture,163.6760998422089,3,3,0
404,3.021565834554022,1.3622626823537731,2,3,6.170130371803174,Online learning,131.14404271656073,2,1,1
405,3.48830184635762,7.445258680881825,3,1,3.427691014909653,Online learning,101.40319948710574,4,3,0
406,3.528275080011484,0.46144550455496813,4,1,3.4970738896668796,Flipped classroom,74.07176377219176,2,4,0
407,2.3876171057659894,8.433711130515677,0,5,9.60231746963231,Online learning,181.95884877274003,3,5,1
408,1.529164675774639,8.606361061155134,1,5,7.774323085247092,Flipped classroom,102.5657818122256,3,2,1
409,3.795317770857764,1.9980524340243255,0,3,4.068999130568284,Flipped classroom,194.5392060368886,5,4,0
410,4.912725696558281,2.0468595769258178,2,4,1.6346362081025712,Online learning,63.12818838671599,1,4,0
411,2.9706531814257033,2.9385777319965465,4,5,8.563625378193358,Online learning,78.26000321988221,5,1,1
412,3.7215063937552135,8.283985460790465,2,5,0.9974130011288007,Flipped classroom,124.91957794653159,5,2,0
413,4.55233425378001,9.054641527770587,4,3,3.0698466345643807,Traditional lecture,53.62496866850712,3,4,0
414,3.7165000693540255,2.0769643244197997,1,3,6.026063293423189,Traditional lecture,70.39055613284113,4,3,0
415,4.957354737387726,1.5763710450546953,1,5,2.5473581353529973,Traditional lecture,62.21247873186056,1,2,0
416,2.2367320655215406,7.146183480829668,1,1,8.594109851538262,Flipped classroom,43.86095766514511,2,1,1
417,3.8041376503035367,8.886602599361602,1,5,1.1319181362782793,Flipped classroom,196.92185005073426,1,2,0
418,2.93297471611937,7.605178986327106,4,1,4.182815926920279,Online learning,6.32063751274301,5,1,0
419,4.8452438952121515,4.017412518860994,4,5,1.2183659353442267,Flipped classroom,147.37804537159684,3,3,0
420,4.64269935675585,4.8106999923594005,3,5,7.844172439082983,Flipped classroom,53.1782072028026,2,3,1
421,1.9738568314406804,0.4139403138986075,4,1,5.040304367220363,Flipped classroom,149.9094276707234,2,5,1
422,4.273546395920828,9.680415314182033,4,5,2.4623196162875836,Flipped classroom,165.82135838067066,2,5,0
423,3.687441728983891,8.843636862568253,4,1,5.4362055161443426,Flipped classroom,183.34973988995873,4,3,1
424,2.5981436964250144,1.6142446019596768,1,4,0.8230365218952962,Flipped classroom,98.81092092516974,5,5,0
425,4.816791795956555,1.194675701903637,4,5,1.3917870533350951,Flipped classroom,117.92227592531582,4,4,0
426,3.5902461233646696,6.753521066745307,3,3,3.443164363200472,Flipped classroom,18.087043380690982,5,2,0
427,4.327513211092313,0.5064639414757122,4,3,4.7010288007362675,Online learning,193.54432043558583,2,1,0
428,4.443590463762674,8.516379589417513,0,2,9.179369325762114,Online learning,55.82324261365326,4,5,1
429,2.772791389965849,6.468155857295096,4,3,6.298202188636789,Flipped classroom,35.16329399504827,1,3,1
430,2.6377180635547224,2.770252566169298,3,1,9.759227503485233,Online learning,164.65742222547894,1,3,1
431,4.944757138781176,0.8213408303106262,1,1,2.2976276629393135,Traditional lecture,179.66001015345205,4,3,0
432,3.1181881853667286,0.35729371642128416,2,5,5.4477545560029474,Online learning,146.52111248281358,4,5,1
433,1.709060260726453,2.2486169107404432,4,3,0.36817505351681823,Online learning,194.78613909087625,3,1,0
434,2.125445074340938,6.39337656075195,0,3,4.7243045362115135,Flipped classroom,141.3791712324994,1,3,0
435,1.8984449429175974,9.44975307684599,1,3,5.55210769324502,Traditional lecture,113.53628115171384,5,3,0
436,3.02890023972419,3.6564008171897044,0,5,3.5370023960671517,Flipped classroom,8.382337862809663,5,3,0
437,4.989711025821407,9.046213645984377,2,5,3.883399359556683,Traditional lecture,110.58315693441163,2,2,0
438,4.6486243819265844,9.905565899925344,2,5,5.4599009530266995,Online learning,93.49966950791723,1,5,1
439,3.955111023034575,7.449063609675744,0,1,9.052635703459103,Flipped classroom,178.11718347001943,2,3,1
440,1.4738472346136477,4.694273185641916,1,2,2.8606896413549023,Traditional lecture,75.3168643864623,5,5,0
441,4.9930635356518795,8.383811154656165,1,5,7.642386215460423,Flipped classroom,9.1328484086028,2,2,1
442,4.959976648618435,8.915118347730676,2,3,7.117432591875171,Online learning,116.01689997898201,3,5,1
443,1.904568084207861,7.073596567390923,3,5,0.5360312019716562,Flipped classroom,133.03870179502877,3,5,0
444,2.538210726434167,4.142041142229724,3,3,0.8674641711209907,Traditional lecture,2.7947306214113343,2,3,0
445,4.783284499737212,4.558932796137453,0,3,9.814494421411782,Online learning,147.38193716035101,1,1,1
446,2.4252418733354717,2.8807527712704517,1,4,2.9898974560879377,Flipped classroom,121.09377948534868,2,3,0
447,4.5372447008710175,4.434768389737439,3,4,5.659714151093135,Online learning,193.53546992028498,4,5,1
448,1.4200231248389157,2.993433012426964,1,2,9.721300687371114,Traditional lecture,196.9784805241844,5,2,0
449,2.255777804183744,4.51185615888889,0,2,2.631684365865522,Online learning,197.08617696448258,5,2,0
450,1.693323438101907,5.707374608103784,1,1,1.2707445385637417,Flipped classroom,149.3471053255571,1,2,0
451,4.743562189673126,1.7113185469235082,1,1,5.956318306730291,Traditional lecture,12.127243077026439,5,3,0
452,2.781596484849974,8.910308641194828,4,3,0.8992183041776491,Traditional lecture,4.068442120616367,3,4,0
453,4.053791454185958,1.219705509403206,2,3,6.542294031491242,Traditional lecture,85.97230679815935,5,2,0
454,4.397882574649419,4.181239932960645,4,5,5.4269576920989575,Online learning,110.25413330258607,1,2,1
455,2.7349726055094337,6.540859934420437,4,4,5.839478300796705,Online learning,100.05831186781916,1,4,1
456,2.119040528122187,4.421770105030518,1,5,0.6982326890952373,Flipped classroom,147.87780009451174,1,4,0
457,2.110817097692581,5.477123445261796,1,2,9.89337270901658,Flipped classroom,196.55421302436565,4,4,1
458,3.817836543562028,9.689823351738507,4,4,4.976410846106127,Online learning,129.05705580460045,4,5,0
459,4.171365198079721,7.6071258636725725,0,1,2.557802005088962,Flipped classroom,195.3161620133816,2,5,0
460,1.9254908635611363,6.116947718058245,4,4,3.8574294490286567,Flipped classroom,144.63015654667097,4,4,0
461,1.5562240475908284,1.3046522601468846,2,2,0.7531450060050837,Flipped classroom,169.4722960988559,5,4,0
462,2.6472880079329717,2.3364680262466617,4,1,4.249793340335151,Online learning,40.60037064344662,3,2,0
463,2.6044060580410413,6.841029032941761,4,4,0.19306983928114363,Traditional lecture,18.891945920636633,3,4,0
464,4.572279751519613,5.891984389550623,2,3,6.393464678677365,Traditional lecture,102.3306326289506,3,4,0
465,2.369561657459877,7.965966434922817,1,3,5.709534934040636,Online learning,79.71120536711263,4,3,1
466,2.561168755693134,4.971610343682923,1,2,1.8440869147278705,Online learning,172.27055278798497,5,3,0
467,4.04924199222053,7.941662692877719,1,1,0.5398414871739399,Online learning,171.29998945052736,2,3,0
468,2.9267514129680996,8.639564360437781,0,3,5.708097312404714,Online learning,175.09978860230524,5,2,1
469,2.688656695623675,8.442485052049992,2,2,6.857197615666788,Traditional lecture,163.20213680980805,1,1,0
470,1.6985172506078712,5.094471643835957,1,2,5.887685199633911,Flipped classroom,167.57127374108885,5,2,1
471,2.555298956661921,2.76773861242001,1,3,8.178163138413591,Online learning,44.733995140440406,1,4,1
472,1.3736897642293777,2.5490574290859658,1,4,0.10123882332190415,Traditional lecture,23.19570505301405,1,1,0
473,4.022201019475615,4.768115423866686,1,5,6.713593175871214,Traditional lecture,25.498159782321352,2,4,0
474,2.758777133140691,0.8741535581227167,2,5,9.967834599431303,Traditional lecture,157.76800786862674,1,4,0
475,1.9129359342899654,5.308494715821097,4,2,2.899719809627576,Flipped classroom,149.37186220382915,2,1,0
476,3.311243273892171,4.130341550971643,1,4,5.738080998801757,Online learning,128.47863338901448,4,4,1
477,4.322335915921447,5.038234575705153,2,3,9.59324351774255,Traditional lecture,91.02527757537473,2,2,0
478,1.2463309423875062,6.467487691525468,1,5,6.896557771255273,Flipped classroom,101.67678753956797,5,2,1
479,2.4573804274645985,6.226050150662062,3,5,3.3612809779590167,Flipped classroom,187.5960427213425,2,3,0
480,3.2620551770555983,1.643391245651351,0,1,7.050920649631132,Flipped classroom,148.2624975465707,4,4,1
481,2.3402159137866074,0.2652659585162065,0,2,2.084295297645583,Traditional lecture,99.7548987303983,2,3,0
482,3.591858930314819,2.8643281222782346,4,4,2.6835017309621323,Traditional lecture,175.60451498560857,2,4,0
483,4.760612553894941,1.6571681245904313,1,4,3.911081318717977,Flipped classroom,129.46467172927817,1,1,0
484,1.1580483367882604,7.809918349505925,3,1,3.6939222399760974,Online learning,48.999118522133415,2,1,0
485,4.974051187365891,8.974791524636998,4,2,6.424585806401546,Flipped classroom,164.45703170878065,4,3,1
486,4.573509433703612,4.590135680209056,2,5,3.851375328227099,Traditional lecture,57.08002817206046,3,4,0
487,4.359478901898963,9.905612081788831,3,4,5.308028274849905,Online learning,101.05589094337195,5,5,1
488,4.796307181743566,6.2525723047726265,0,3,5.613299889609537,Traditional lecture,70.60827296245726,3,4,0
489,1.5701266847520157,4.321968807705309,4,3,6.410703655014197,Traditional lecture,191.4517989546389,2,1,0
490,2.707862054549121,4.755032747739593,2,3,1.8124999117738927,Online learning,28.29213488187916,4,4,0
491,2.9824534440891686,2.3443872523394083,1,2,7.8210369889451234,Flipped classroom,115.93148982596593,1,1,1
492,4.288138039973852,1.06556506340445,2,5,2.680419625908872,Traditional lecture,158.1404991995123,3,3,0
493,3.3711114242749325,6.004846277861043,0,4,5.483537573344983,Traditional lecture,15.068871483960788,1,4,0
494,4.115812010882227,2.733529613912279,4,2,7.797523174453824,Online learning,101.06498259086192,2,2,1
495,2.1471018191345563,4.3741935847303175,3,3,7.020058037423881,Flipped classroom,28.679375582912204,5,5,1
496,4.0068103948276725,3.8818914277695438,0,5,1.548699104572273,Traditional lecture,54.27040758986119,1,4,0
497,4.221089230544544,6.802297438845086,1,1,1.2871559079210715,Flipped classroom,162.51992408182656,2,5,0
498,1.2392754976863554,6.831312907047735,2,1,3.4629025187175797,Traditional lecture,51.28373357833909,1,1,0
499,2.646761064398819,1.7607864165566633,3,1,2.192912765235736,Online learning,16.419041675902378,1,1,0
500,3.453926602772113,6.643574617118856,2,2,0.6326711770124605,Online learning,197.45922669426938,3,2,0
501,4.4000707093442575,1.754581242306591,3,2,3.760094409168382,Traditional lecture,0.8522704259577685,3,5,0
502,2.724873466655227,8.233471700840928,2,2,0.6204330663291735,Traditional lecture,24.92380642605061,1,4,0
503,4.9923213221207074,8.488067006202906,4,2,7.442368349398418,Flipped classroom,102.7696736713249,1,3,1
504,3.101202976537524,7.745714548203216,3,2,3.0704624755899,Traditional lecture,189.72342277935635,5,1,0
505,2.0977736130901476,5.28373175931756,3,1,3.9177913075804027,Traditional lecture,19.732503926752653,1,5,0
506,2.3100764503553104,9.331525762355275,1,3,3.695236788578955,Flipped classroom,111.48610996992187,2,3,0
507,3.32102396254533,6.968116582668663,3,1,1.2329199055880424,Flipped classroom,7.30551195531739,1,1,0
508,3.914506735073041,2.760872861456737,1,4,2.2849471844685763,Flipped classroom,34.22163310489425,1,5,0
509,2.779899636133116,1.9358034851505435,2,2,3.8572839063873046,Online learning,84.29404958942672,4,1,0
510,1.8863630136643987,3.180450652749153,4,2,4.791019995961547,Online learning,174.55891395469584,4,2,0
511,1.087187673402505,5.013540962061397,3,5,9.595205668572897,Online learning,92.81273842633414,4,1,1
512,2.783280509947356,3.997670036635438,0,1,6.855464059787211,Flipped classroom,69.55880004479708,5,2,1
513,1.5608544930583572,3.956920692765432,2,5,8.712075074882412,Online learning,43.234368501722685,3,3,1
514,3.54197484641773,0.14398803159624607,1,1,9.46433022485983,Flipped classroom,47.541635163959526,4,3,1
515,1.0495959814450946,9.547293123680006,2,3,1.526606689586939,Traditional lecture,175.4649101565724,5,3,0
516,2.739190890370133,2.546333982604075,1,5,1.4157472486536449,Online learning,36.9866768648166,5,3,0
517,1.7045437193820847,2.5593524377813406,0,2,0.16715664360428595,Online learning,144.58548173093,2,2,0
518,4.008062265632094,5.079519873237897,1,2,0.7818925745455008,Traditional lecture,162.7527050849732,2,1,0
519,4.620333071171396,3.722737339538178,0,3,0.3483969766506667,Online learning,17.86822966400021,2,4,0
520,4.992309646599917,1.3002916618523364,4,2,3.7669240375014734,Online learning,156.07250025211454,3,5,0
521,3.8336905561350743,9.243105860731548,2,4,4.8982911457598535,Flipped classroom,110.79203258560764,3,2,0
522,3.3925845936313155,6.377377772047957,1,4,7.313448264400767,Online learning,154.01116231254366,2,2,1
523,3.135315971886359,8.201348840622831,3,3,7.693315696399477,Traditional lecture,25.763396990940414,1,5,0
524,4.172577769863583,3.325553062217468,4,2,7.699993216494153,Online learning,20.56694831331056,4,3,1
525,3.392098547602975,3.800274630939046,1,2,6.27771885165606,Traditional lecture,95.94931877684418,3,5,0
526,4.785576967036619,0.2323251847962149,4,2,6.5662982148917015,Flipped classroom,181.8099639084512,5,2,1
527,2.1585589332161446,8.752643646542944,1,4,9.881447742141278,Flipped classroom,1.0723571420430345,4,1,1
528,1.0962964461671505,6.991478008344129,4,1,8.166921182091247,Flipped classroom,151.13940004362536,5,2,1
529,2.2806766159701928,0.8992581522013954,0,5,0.5313362223438223,Traditional lecture,4.791496095054426,4,4,0
530,4.777074454742038,0.04987285409819742,0,5,7.714363838497713,Online learning,197.79627809399793,2,5,1
531,2.331647559046761,3.092669376031653,4,4,9.987015521983558,Flipped classroom,45.1535749569828,4,3,1
532,2.3093472245216073,4.249194688319664,0,1,3.8004645776479196,Flipped classroom,172.55468318325512,3,1,0
533,3.6906207778568643,1.843779769693259,1,3,5.505192826624904,Online learning,80.76633033753684,3,3,1
534,1.0601513354464114,5.443173399260374,0,2,8.655376666343527,Online learning,89.20414413693827,1,5,1
535,2.670758986604008,8.217384946755674,4,4,3.9623555096506258,Flipped classroom,47.398373782116934,1,3,0
536,1.4974870769304474,3.410250485807408,0,2,3.0893271430691236,Online learning,112.29817287720232,2,3,0
537,2.6089695272282043,1.768654361109373,1,4,9.556118778934481,Online learning,118.58784838804806,3,4,1
538,3.5945085144506934,8.473484711980886,0,1,8.421220279825727,Online learning,71.50380910207221,2,5,1
539,3.2413702862155813,7.884056852967173,2,1,2.9012257367179375,Flipped classroom,172.11560367025447,5,1,0
540,1.1511706844353684,6.104470431069968,1,4,9.306065574840696,Flipped classroom,19.645418420024473,1,3,1
541,3.0027110567131827,9.682388392665867,4,2,5.134287488027216,Online learning,143.3322679905106,3,2,1
542,3.6237301903252455,4.251206382446551,3,2,3.913084340571469,Flipped classroom,155.4606681358685,1,3,0
543,1.2590168092359986,0.761433681284639,1,1,7.461532717932254,Online learning,76.43404740244357,2,3,1
544,1.077812855929948,4.549626065491125,0,5,9.373411559967122,Flipped classroom,10.536860713283547,5,3,1
545,4.565451253625202,1.9765709000401,3,5,1.3797653504991003,Traditional lecture,86.5945905421876,4,2,0
546,4.510976290160249,7.093413761967947,3,5,7.286714751462493,Flipped classroom,42.30033567616296,3,1,1
547,2.649251955968149,2.6742037782913766,3,3,9.29568242665135,Flipped classroom,97.8208865008226,3,3,1
548,3.5127680292286403,9.139430317679933,4,4,9.542995564665826,Traditional lecture,74.9172302786968,1,2,0
549,1.3912624963594853,7.609463096466421,3,5,6.608741473625993,Flipped classroom,190.97615680052928,1,5,1
550,2.6361244134919,5.799938920234205,3,3,3.4576403199435135,Flipped classroom,102.50570194968745,2,1,0
551,3.591734557841588,4.630446641371502,4,1,7.484317188545569,Traditional lecture,161.37025411002887,3,1,0
552,3.4091622012561054,5.725576537550747,2,2,6.921285861049555,Traditional lecture,85.94214690395634,5,2,0
553,1.8144499134042218,2.3091323922236917,4,5,8.781429987477601,Flipped classroom,111.94830065733596,1,1,1
554,3.7931532832847643,1.0342398942262954,2,1,4.128164293342566,Online learning,118.55778489404997,3,5,0
555,4.763111356297038,8.754618108109982,0,2,4.434671565545749,Flipped classroom,199.63568599684197,2,2,0
556,1.6703432117329196,6.239079986974012,2,4,4.771235215591477,Flipped classroom,74.33263899416566,5,4,0
557,1.1742652902478938,6.169451374777342,3,4,6.183669102000597,Online learning,166.7684438645512,2,5,1
558,3.728937799767443,6.095937831562598,2,1,0.9211563302916048,Traditional lecture,80.80624714444313,5,2,0
559,2.2851748844126987,1.9752150717033334,4,2,3.8330097691786094,Online learning,33.49406464341447,1,3,0
560,2.1579924703832134,0.8405795573343178,2,3,0.8774973012295717,Traditional lecture,142.86857611434866,5,1,0
561,2.8741691914040723,5.395997393733286,0,4,8.39700704177248,Traditional lecture,107.95483874822523,1,5,0
562,1.070141788319475,4.65425372844124,2,3,3.796997894164673,Traditional lecture,93.56590430628435,1,2,0
563,1.3115419861923923,3.606539648312533,3,5,4.958519892762654,Traditional lecture,16.905559303306283,1,3,0
564,4.952579117534817,1.6278263775511659,0,2,5.284521289313597,Traditional lecture,47.72792460546855,3,1,0
565,2.0059389103518797,6.397817529159001,4,1,9.416016972531127,Online learning,54.529532072805594,3,1,1
566,4.417545021520619,7.135424421050298,4,1,6.910173586581314,Flipped classroom,113.75149469475083,2,4,1
567,2.084894888720337,4.440853109373376,0,2,3.156025335405878,Online learning,99.66046262298826,2,4,0
568,2.5048522425163413,1.83155777033151,1,4,5.480144613297827,Flipped classroom,186.30051290299184,2,5,1
569,1.4817952023132546,4.623241295944811,0,3,5.734101139622004,Flipped classroom,160.0133758378793,2,4,1
570,2.7218328174337767,1.6179150685574384,3,3,8.13076126996103,Traditional lecture,138.4089994406285,2,4,0
571,4.9005394549870935,2.792087347302531,2,2,3.6772351650206225,Flipped classroom,135.02557216954904,1,3,0
572,4.827612905708842,0.07222441675642788,2,3,1.266879877680227,Online learning,157.95391428286155,5,2,0
573,3.5140433700023053,4.009626119858368,3,2,6.251971987872183,Online learning,172.63755739950125,1,1,1
574,3.7366611476296687,8.483380708439807,3,2,4.426841770386105,Flipped classroom,117.96855351829424,4,3,0
575,2.8686781761009006,3.2224469154452873,1,4,3.5103506261360353,Online learning,7.8366915763119716,3,4,0
576,3.4514665664709048,7.363367377732965,4,4,3.22612177313189,Traditional lecture,30.468693013467796,1,2,0
577,2.726521866666443,3.49777973702318,3,5,4.679699946067737,Online learning,36.29161962314558,3,1,0
578,4.940857769329506,2.7118940293847094,4,3,3.2436119475769063,Online learning,17.84200085077878,2,3,0
579,1.7727645965438898,1.7196206703955563,1,5,1.568117677525659,Online learning,118.97243823208868,4,1,0
580,4.009884641072031,9.18600810243296,3,2,9.471241806862338,Online learning,27.145752201864283,5,1,1
581,4.684551862042277,6.15405834027012,4,1,9.788928471535538,Flipped classroom,102.10102751051322,4,3,1
582,1.6486127247065148,1.9911947159105203,1,3,5.45148172371843,Flipped classroom,165.9267826003051,2,3,1
583,1.2163316188287934,9.196571615597973,2,3,5.2641253142545805,Flipped classroom,158.87246383499613,1,5,1
584,4.645337128398241,6.837075714561072,3,2,9.213219000920343,Online learning,53.64916259141626,5,1,1
585,1.1947874305236041,5.735154176238898,1,3,9.21751754581572,Online learning,124.79204736349703,4,5,1
586,1.7990246079232026,9.849667013288748,4,5,3.2986382047135265,Flipped classroom,63.63955968837558,3,1,0
587,1.5323976865097246,8.136600141187536,0,1,0.9566229957758488,Flipped classroom,48.13658876618534,5,3,0
588,3.938498117638071,5.573046236577364,0,1,1.5858445456321468,Traditional lecture,184.92778393870518,3,2,0
589,3.238853317593374,1.1718192045600506,2,4,4.307690486466856,Online learning,150.17514261065824,2,5,0
590,3.8984947051189227,1.6892936712157436,4,5,0.5562464220980745,Flipped classroom,134.85961771734304,5,4,0
591,1.367716293811446,4.8325329024932095,4,5,1.2607213440899656,Traditional lecture,13.920368483623058,2,4,0
592,3.6002946540528145,9.907340941343959,3,4,2.170830731075819,Flipped classroom,111.26542546292461,5,5,0
593,2.2693043727879973,5.0804829371373526,4,2,8.988716516192316,Traditional lecture,8.49915729174473,1,4,0
594,3.6883641258346263,1.2541102558655681,1,1,4.1535246532177705,Online learning,22.099321377566184,2,3,0
595,1.3291404377437246,6.286110393663344,1,4,2.6568326615229285,Online learning,93.86390389131303,3,3,0
596,4.714865477014557,2.2321771290529213,3,2,4.275889513743076,Online learning,183.9432724066831,4,5,0
597,3.7577191245020996,4.466360674706494,0,4,7.752156638467716,Online learning,161.1038379129,2,3,1
598,4.103701398018196,6.038920806494152,0,1,3.1082971573353033,Traditional lecture,28.539348706725853,4,3,0
599,1.7795237828732176,6.893233651312465,1,4,5.5107789622603045,Flipped classroom,108.73047100440387,5,2,1
600,2.9749730052922825,3.071274883412408,3,3,8.549210123768292,Online learning,60.57227938450191,2,4,1
601,1.8447385344708191,1.4425511668064173,2,1,5.291412649373192,Traditional lecture,180.0752108764552,5,2,0
602,2.12598257422063,5.728258811130004,1,5,4.863069313388673,Flipped classroom,114.23871238176685,4,3,0
603,3.296860661433915,1.5849911097342617,0,4,8.871561708251505,Online learning,193.09274927034085,2,4,1
604,1.5305483013811862,2.974583938042541,4,3,2.126715875534897,Flipped classroom,45.10861409187099,5,1,0
605,1.5120083467639538,0.7531531467356978,4,2,0.23870008322107394,Online learning,11.422120113502498,5,2,0
606,1.4105214664003527,7.045026067723135,4,2,3.613460279358207,Flipped classroom,59.965311443420944,2,1,0
607,4.161696543022165,6.420654715386684,4,2,3.6163560385937297,Online learning,187.60227010856988,2,1,0
608,3.592865949969653,9.296494482108056,3,3,3.160561232518333,Traditional lecture,16.7019481476244,5,4,0
609,2.25942093824236,7.916900029308835,3,5,4.987256635959273,Traditional lecture,9.19835162006386,3,4,0
610,2.664759850473451,0.4670142625034779,0,4,2.725392105918083,Online learning,167.04188655846926,5,5,0
611,3.4510177427113136,2.234863231656937,3,3,5.948287519131783,Online learning,83.84263948545137,4,4,1
612,4.206562328286989,3.4589844734116317,0,1,2.5949756924538283,Traditional lecture,194.18676059165728,4,2,0
613,3.3807423744256186,5.158558959868829,1,1,7.256632618149644,Flipped classroom,41.36660630536093,4,4,1
614,1.8051218391704853,9.547245241857848,1,5,0.6048045418944115,Online learning,54.40661089894003,3,2,0
615,3.5573581927507836,2.072476911799339,0,3,0.01572205956169026,Online learning,147.82793609379328,5,4,0
616,1.173103287848623,6.282685648075157,0,2,1.2297992775922972,Online learning,146.56124602772917,3,3,0
617,1.462645415119836,8.868513633896502,4,2,2.591091062519509,Flipped classroom,26.47746780811282,4,1,0
618,4.659992733923627,4.393069700906105,0,3,2.87131423583205,Online learning,179.33261093254575,4,4,0
619,1.0073738956034215,7.350135787321641,4,5,3.9038726866701214,Online learning,188.99624327758937,3,2,0
620,1.760912724539649,7.238799252908508,1,5,8.274869555014924,Traditional lecture,156.46535719803177,4,5,0
621,2.5303827467137228,2.2438010433361413,2,5,1.8823573621101453,Traditional lecture,61.58763584286775,2,3,0
622,2.3644158428589828,3.809203862195231,0,3,2.7358702681795357,Traditional lecture,13.951574036532332,4,2,0
623,3.1916959383968995,6.141825034989248,4,4,1.8549780981412556,Flipped classroom,104.99969863937233,2,3,0
624,1.0503340662911858,4.085411411109728,1,3,7.499325282433052,Flipped classroom,34.20303114639505,1,2,1
625,4.092215509294034,6.841711124980358,4,4,9.874583076745374,Traditional lecture,145.72165976729633,3,4,0
626,3.3253104693837896,5.310702462026519,1,1,4.225484177353156,Online learning,51.72313502719532,2,4,0
627,1.2256748764802832,5.3751033375634645,3,1,4.885182480056129,Traditional lecture,33.13295142081583,4,4,0
628,1.9126658306071573,4.667269000347677,4,1,0.842855095650541,Flipped classroom,16.276198766311456,4,5,0
629,1.4025356735919097,2.2313009129863115,3,1,5.224431604662135,Traditional lecture,33.78891618600031,1,2,0
630,3.082282552707187,5.734727357981071,2,2,3.8041442158991154,Online learning,29.535725852116435,5,5,0
631,1.366021909358576,0.7323929475015012,3,4,2.75213117129634,Online learning,137.91871420656267,1,5,0
632,3.0157593854254516,1.3549604393949521,2,2,4.6031097054275785,Flipped classroom,192.86458025562678,2,1,0
633,3.1246105548067384,0.3974990338557527,0,2,9.42241267952092,Online learning,56.91202845899457,4,2,1
634,4.370988188922649,0.6583213759921702,1,2,2.3590640091885353,Traditional lecture,117.74028493008517,3,3,0
635,3.576437858587603,8.051280551085298,3,4,3.227104830159675,Flipped classroom,58.68999829528008,3,4,0
636,3.928936375914713,8.617760713092427,2,1,4.128675909890006,Flipped classroom,75.93965336800372,4,4,0
637,1.741463566410785,1.8159022006315906,1,2,0.09485383705441608,Traditional lecture,197.44035751694304,2,5,0
638,2.2716670623967867,2.6850584358425156,1,3,1.1019480498387002,Online learning,71.43075213106249,5,2,0
639,3.954151521915966,4.061525410590648,3,3,5.410549231759717,Traditional lecture,199.9263845377181,5,3,0
640,1.0465149261544235,9.510836476492845,2,2,0.14885493330489052,Traditional lecture,105.66585733684406,4,5,0
641,4.483164753331993,0.8728607231911134,1,4,7.913089516976038,Online learning,171.48347418804823,3,4,1
642,2.569394091386331,2.825095778929291,4,3,5.240654782730805,Online learning,105.33092305906844,3,5,1
643,1.2366853446039818,5.445717075636544,1,4,3.2191133036477826,Online learning,105.65436512245508,2,3,0
644,4.498892944915225,0.29075979119521533,0,2,4.685908378647088,Traditional lecture,2.838207935477466,3,3,0
645,3.7299414733883767,8.890047270655785,3,5,8.81018340263373,Flipped classroom,47.31811849244802,1,2,1
646,4.006151375787393,0.1917773656272459,1,4,6.1995901163105,Traditional lecture,14.183450921824603,1,1,0
647,3.9921210277194215,6.361909510182702,1,4,2.6498316958985213,Traditional lecture,199.49008902491872,1,4,0
648,3.279633114728017,3.5790058973962346,3,5,8.417280890993156,Flipped classroom,146.03491242101612,1,2,1
649,3.0813044679775627,9.755033645454146,1,5,8.879399133183455,Online learning,121.73549238173234,2,1,1
650,2.8621400414962737,0.4783453662127912,4,1,5.171068364087011,Online learning,92.12011725498093,1,4,1
651,4.569719166639383,4.548616618185228,2,1,0.27615802901817754,Traditional lecture,90.4746844988699,3,1,0
652,1.0298607848290597,8.756296342292364,2,5,6.78733350013426,Online learning,78.76261576086598,1,2,1
653,3.528187707687429,2.172962039310413,2,4,1.089762629663239,Online learning,54.61564809207773,5,1,0
654,1.10774808773165,7.22418102983946,0,2,2.8648806722760667,Flipped classroom,81.16352642141757,5,4,0
655,2.860516087558757,0.6976774981025136,4,2,7.153917269432992,Flipped classroom,154.34798063215163,1,4,1
656,1.912572604372273,2.6703524064735715,0,2,5.9570287858534945,Traditional lecture,136.69842073472412,4,2,0
657,4.128031813793228,5.919926602013409,1,5,6.413641501488461,Traditional lecture,124.66154431988355,1,3,0
658,3.989043207936773,9.429257248322996,0,5,6.211319863536255,Flipped classroom,23.126632470803933,4,2,1
659,2.993126207788278,7.8039674673326065,2,2,7.341883493480109,Flipped classroom,135.18606690573066,1,4,1
660,4.130726940568399,0.7822575698706391,0,5,2.09571303073714,Online learning,89.44774068430903,3,4,0
661,3.6300845956062044,5.039773123010022,1,5,9.664340159397154,Flipped classroom,159.73400526445084,3,3,1
662,4.347473826009552,5.909250609480764,4,5,8.670734689402012,Flipped classroom,112.93642448533151,1,5,1
663,2.7191558973665537,6.7016764685666965,1,4,9.482661308470922,Traditional lecture,157.33976488926584,2,3,0
664,3.672863534088025,2.63880168666506,0,3,4.7503918948818775,Flipped classroom,191.67170598072147,3,4,0
665,4.457773977668438,0.9006944709013165,2,4,5.766101140617225,Flipped classroom,103.50633465616501,5,5,1
666,4.275620750799106,0.8497978362151515,2,5,5.923433609748589,Traditional lecture,149.34867844387213,2,3,0
667,4.459731856208065,4.704552093395581,2,1,7.135571638511971,Online learning,123.9145865658467,5,4,1
668,2.6555242488517354,4.541319770520719,4,3,5.684467570808394,Flipped classroom,195.06361867552917,3,1,1
669,2.986443102670258,1.1314649684453482,2,4,9.745488727606714,Online learning,113.30913194728443,5,4,1
670,2.1419867188610984,0.023449429238671105,4,3,9.140891667160044,Traditional lecture,92.45337670500228,4,4,0
671,4.7272574373306515,2.0072585419025413,4,3,1.6291715450028244,Flipped classroom,0.41494342385830496,3,5,0
672,4.89216782841666,1.5252371861176728,4,2,0.43767745998361307,Traditional lecture,25.691945161201147,5,3,0
673,1.4116797739812283,8.181943049791512,1,2,7.386260960667951,Online learning,36.58627198434965,1,1,1
674,4.550891269878316,4.7653706533938625,2,4,0.47618993669984677,Flipped classroom,172.7729911621474,3,3,0
675,3.239128298379767,1.7896628152726246,1,2,9.940139845153857,Online learning,166.00252587050466,4,3,1
676,1.369464289218679,4.017962951885805,3,3,9.271679895547805,Online learning,66.32266283616923,4,3,1
677,2.4837510784721553,7.5980697606251,0,1,4.228531714421376,Flipped classroom,125.54060143941838,4,3,0
678,3.165102251798143,4.954216676242783,0,4,7.059334128344571,Online learning,2.023833558498289,4,3,1
679,1.090036893638394,8.146352005745065,0,3,5.456781090782471,Traditional lecture,2.9109414683302193,3,2,0
680,2.8922210597642426,7.1860583545473355,2,2,0.33110039623196585,Traditional lecture,104.78930118878293,3,1,0
681,1.0325819816345496,4.491302084090486,1,5,4.10655712465692,Traditional lecture,134.74839740134826,3,4,0
682,1.0494322658789446,4.1595394164954635,3,5,3.942816268281425,Online learning,147.43962908377998,4,1,0
683,4.513573110611549,9.6154136433466,1,3,4.330689770321481,Flipped classroom,80.07937717458032,3,5,0
684,4.139413863779345,8.427357208454447,3,4,3.1074711233830046,Traditional lecture,46.066464044603464,4,4,0
685,3.667674135716595,2.569442013575248,2,3,1.9609090553847552,Traditional lecture,110.68705309444489,2,4,0
686,2.197947962599012,1.4019110061638917,2,4,6.48417500053853,Flipped classroom,126.07431807445559,1,1,1
687,1.501923104995031,2.7795987962101187,0,3,3.2478181682164706,Online learning,81.46488889461313,4,5,0
688,1.2727442707716685,6.925630506943459,2,3,0.3623517358577222,Traditional lecture,13.344837211294713,1,3,0
689,2.080357108339641,3.9383746307454848,3,2,8.997308152796823,Traditional lecture,106.23027736301044,1,4,0
690,2.9038342717685524,4.240785338996693,3,1,3.7428697273024603,Online learning,140.90545090625503,4,5,0
691,3.5255255165390413,2.7253827263128585,2,1,5.0669163442994725,Traditional lecture,155.40807302544556,2,5,0
692,2.3489808340182954,2.17436939897567,1,4,4.075647966783077,Online learning,136.25142740580972,4,3,0
693,3.1838261441290108,7.6638843887589445,4,5,4.186117718598895,Flipped classroom,6.01754060992179,4,5,0
694,2.7376057116830026,1.196887886773187,4,4,5.3488333044379335,Online learning,85.83153794828984,4,1,1
695,3.217404416955244,5.146773979185059,3,1,3.2467301724364015,Online learning,174.475439126831,2,5,0
696,4.155414216365029,5.592714615897338,1,5,7.5002117516413005,Online learning,193.26123121715793,1,1,1
697,4.736525824480366,2.8671520656533342,0,3,2.563111733135297,Flipped classroom,59.8048886350836,5,3,0
698,4.983301821960394,6.757619172930777,2,4,4.021812649089506,Flipped classroom,196.64020256204606,3,1,0
699,2.652343061363162,2.2470436775335987,3,2,3.184324596136072,Traditional lecture,15.434636262996303,4,3,0
700,1.0630221539441633,9.957095492683703,4,5,9.741647044140919,Traditional lecture,134.59114942296208,2,4,0
701,2.6249502159690166,8.736693553235146,3,2,9.490043283575208,Flipped classroom,154.16565891014523,4,3,1
702,4.114147021485671,4.851015081163185,0,3,9.706833638486177,Online learning,84.14103555719556,3,2,1
703,4.841988610219493,3.412841220443261,0,5,0.5799823157642503,Online learning,64.23893112248213,2,2,0
704,2.2650708624679914,5.015878290021617,0,4,4.680821098006877,Flipped classroom,172.49948530905988,1,4,0
705,4.705775597642239,6.011679594972792,4,3,9.634334733800232,Online learning,32.19680148051835,3,2,1
706,2.9629605337744995,7.3351211801422265,2,5,5.323516099843831,Flipped classroom,83.27775485764344,5,5,1
707,4.229381158055057,6.848673211969608,0,4,7.5822817428194265,Flipped classroom,109.73250693496345,4,3,1
708,3.7253374707084417,6.532312200964459,0,1,4.986894790699113,Online learning,63.20156443275182,4,2,0
709,1.5146234046328888,2.535507203492595,1,4,1.858771939515168,Flipped classroom,87.90206409470969,3,3,0
710,1.9595996729992673,2.6699241969927856,3,5,3.529327926068394,Flipped classroom,101.95975906597911,5,3,0
711,1.1117375163927892,2.3623550556645556,1,5,0.5588625075292519,Traditional lecture,25.340602959121995,5,2,0
712,3.570705373935576,2.7458981794437176,2,4,0.5318814621403811,Flipped classroom,31.020431362629598,4,4,0
713,1.0209708642985618,6.607392636750832,1,5,7.3386722054151345,Flipped classroom,163.2928256662143,1,1,1
714,3.632357674324501,4.312165898587552,3,2,7.839402383453572,Online learning,32.471819823728175,5,3,1
715,1.7379607638882408,8.516826015754651,3,1,9.967291960076325,Flipped classroom,180.69440800320774,5,5,1
716,1.7349198875307046,1.094432032687177,2,4,5.686596198507582,Online learning,167.01653237009265,4,2,1
717,1.7715503718682921,5.289571373422514,3,1,9.675821196352128,Traditional lecture,40.92978447406552,1,2,0
718,4.559852873729419,8.57211885867223,4,5,7.4553549907608225,Online learning,10.443167173576295,3,5,1
719,3.0277255466196253,0.8869510260886959,1,5,2.178482702112048,Traditional lecture,113.93523109669613,3,5,0
720,3.249256280300301,1.307786427232931,0,4,4.158017999385289,Online learning,104.7074598814653,5,5,0
721,4.331501049975839,5.401836093484626,2,3,1.4426890222869426,Traditional lecture,60.515325436086265,2,2,0
722,3.720066473130244,2.7440336495085207,3,4,9.835788781486581,Flipped classroom,82.33179048978087,4,1,1
723,1.3418922029331175,0.4618632585645821,3,3,3.430592148917172,Online learning,153.95667027106362,5,5,0
724,4.098763392328062,5.28289399847802,1,5,4.38909879263349,Traditional lecture,58.2669898108434,2,4,0
725,4.265775651214419,7.205558002834583,1,3,9.644648306528202,Online learning,159.19658245475745,5,5,1
726,3.1652418632096966,4.039270329726655,4,1,8.232057596242528,Online learning,17.266842865739342,5,1,1
727,2.623933004916115,6.282827703588366,1,3,3.568919091067868,Online learning,183.54869924809546,4,1,0
728,3.9809240588484616,5.534864268063265,3,1,3.465902470242198,Flipped classroom,73.93321694199619,3,3,0
729,4.245108908326243,7.6409051998577056,4,1,6.510532751711891,Online learning,89.20348365343045,1,3,1
730,4.9487100690622015,1.4897167277470125,1,2,4.893048190421232,Traditional lecture,66.32678942669243,5,1,0
731,4.970905809356877,1.2915321528332235,1,3,6.1721554762302775,Flipped classroom,51.35682123075394,2,2,1
732,3.463168345089786,5.446270511614161,1,1,5.377667202513755,Flipped classroom,152.610891857334,5,4,1
733,3.4626370335130434,8.136571524619088,1,4,9.167350088414617,Traditional lecture,49.2951289039709,4,5,0
734,4.968573801317254,2.9111251867904864,4,5,0.8174242082534822,Traditional lecture,80.05784601152499,4,2,0
735,1.3015196418837585,5.95519598266601,0,2,8.148167509681025,Traditional lecture,47.85372915300623,5,4,0
736,4.735434264578711,8.635515487931592,4,3,4.6953524609328925,Flipped classroom,156.05768763976434,3,1,0
737,3.618550861380218,6.159104474244614,0,1,6.140484564525055,Traditional lecture,7.662237300468955,5,3,0
738,4.667226361026136,1.147214416522041,4,3,5.50527437312875,Traditional lecture,96.72564159618054,4,3,0
739,3.463570385486525,5.6278566018647425,2,1,3.6150161390331537,Flipped classroom,178.4991850946868,4,3,0
740,3.9027732670724413,1.648325403444001,4,1,2.046997121751717,Traditional lecture,33.95069633169749,4,5,0
741,4.596230532950143,0.19093484306775266,1,5,9.396114919099483,Flipped classroom,105.53118532304151,5,3,1
742,3.5538497618263096,0.7086823672288078,4,1,5.779036555230091,Traditional lecture,19.036003857387705,5,3,0
743,1.5375515088636198,9.327822156240838,4,3,9.312934311163207,Online learning,109.82407768933274,5,2,1
744,1.3683468097315883,7.2570523886182015,3,4,8.568698980953117,Online learning,111.99566734231685,1,1,1
745,2.6690806244903054,5.795906377472128,1,1,5.500535325128606,Flipped classroom,30.837856116044616,1,4,1
746,3.918790793072238,1.8553231204122622,3,2,9.913025032741794,Flipped classroom,21.50303513705023,4,1,1
747,4.022855327831463,8.730760476046983,0,2,1.0101777744694007,Traditional lecture,116.59484975523664,2,3,0
748,3.0227709641046485,7.969163872252127,2,1,4.870593251107476,Traditional lecture,148.3065966080542,3,1,0
749,2.594275517981866,2.642249093828494,4,5,3.4432906980603306,Online learning,106.95421122721423,5,5,0
750,3.579576658711918,1.6845035658924024,1,4,1.149529229888534,Online learning,144.39597000016798,1,1,0
751,1.621053611634526,8.142884963893133,0,3,8.042267094770581,Traditional lecture,176.8583711485996,1,4,0
752,3.1785638879374645,9.496979777688576,0,2,9.274782577621105,Flipped classroom,30.451076782439014,2,1,1
753,1.5660732645751114,0.739400256359587,4,3,3.3626764249511343,Flipped classroom,149.96783605972524,3,4,0
754,2.2387665001327153,0.34347396890290316,4,4,1.040055651590801,Flipped classroom,66.7089844014557,1,1,0
755,2.3606416425871064,0.42168633826201507,1,3,8.029640553818796,Online learning,138.7072479843022,4,3,1
756,3.7312961349766582,6.94972311726477,2,2,5.250610157298253,Traditional lecture,127.44440981483838,1,1,0
757,2.2455019555217497,5.352850025344001,2,5,3.339781724932762,Online learning,129.4721609666555,4,2,0
758,3.553641883080238,6.774456106958068,4,1,8.091981161027814,Traditional lecture,5.648795129426243,5,4,0
759,4.719754191371603,3.6064730185218474,4,1,4.496166369049507,Online learning,178.93664246762583,4,5,0
760,3.6818496079723286,6.0903827500375645,4,4,4.5652446079177045,Traditional lecture,187.10112375750168,3,4,0
761,2.857436783119222,2.8356445529026075,3,3,3.0880864839841973,Flipped classroom,145.77420792087733,4,5,0
762,1.3612527704729396,0.828164794352374,3,4,8.488244127081567,Flipped classroom,150.00773990320627,5,1,1
763,4.332363203943284,5.848976914230947,1,5,0.18009675359991206,Flipped classroom,69.14585397218073,5,3,0
764,3.3047706438271494,8.465392315870448,4,5,6.913835626372018,Flipped classroom,153.72964342241679,3,3,1
765,3.050138923035176,9.477550951248,1,4,8.575644950711048,Online learning,26.439217291974735,4,4,1
766,3.108023951062768,2.9982872519832138,0,3,1.4105465807658446,Flipped classroom,97.9183074483751,5,2,0
767,1.230282919339594,8.664649898438029,3,2,4.182326047702329,Flipped classroom,158.85338645508733,5,1,0
768,1.187608009232092,6.474549180043763,4,1,8.392358651551959,Online learning,23.884558342115312,4,5,1
769,4.759162593081236,6.875824276562178,4,2,7.228080550737931,Flipped classroom,179.15780122035474,4,5,1
770,3.296755331999099,1.530462467395326,3,1,7.796785847852331,Flipped classroom,98.66934818667362,2,2,1
771,2.2662654131972615,4.9126386247766405,1,4,6.495927980926775,Online learning,33.29133356742731,1,5,1
772,1.0249804733049004,5.296490385417771,0,3,8.882588753157657,Traditional lecture,52.18057444406992,1,2,0
773,3.959172823270205,9.278079472554042,4,2,5.78881229574178,Online learning,54.957545529290556,2,3,1
774,1.134730465997861,4.49137311848827,0,5,3.756225185584613,Traditional lecture,92.27042558203715,4,4,0
775,2.9728487858538784,5.338911370780485,2,2,5.306008415484243,Traditional lecture,23.770213304794474,2,4,0
776,3.7962607628928193,4.442756036663287,1,3,4.630251443008419,Traditional lecture,130.42844205487143,1,2,0
777,2.561650601975003,6.195391661668764,3,5,7.235248107382644,Traditional lecture,113.21985027982993,4,4,0
778,1.0485770326217536,3.652718230679599,3,3,2.863638120969232,Flipped classroom,115.98012220420483,3,3,0
779,4.95070714158177,6.2928216789836995,2,1,4.506895879156334,Traditional lecture,187.73222515979054,4,1,0
780,1.7956496735771914,5.528930917697777,3,1,3.9320396569105007,Online learning,74.95116167449297,3,5,0
781,1.781348017739834,3.506786389419844,3,2,6.901749674913015,Flipped classroom,102.79927440928019,2,3,1
782,2.9501463023157886,9.588273146333494,2,5,8.006289136730096,Flipped classroom,95.16002069512058,1,1,1
783,2.1571936115700443,6.705094656394589,3,1,0.4767165852629618,Traditional lecture,77.08342467733355,5,4,0
784,4.3373142980258095,7.203064408908001,4,3,5.770479475828438,Online learning,111.32718743300241,4,3,1
785,2.8940231478536553,1.4159956526807693,3,4,2.604542905993379,Online learning,65.6977780506989,4,3,0
786,2.6314459251380242,6.956683202533336,1,5,8.929599477331463,Online learning,48.57302638439718,5,4,1
787,1.7662586963182165,7.477508251253781,3,1,2.00227720516604,Flipped classroom,155.00545732970977,3,5,0
788,1.9553330647140714,9.795878052167417,3,3,1.5439442145912374,Flipped classroom,190.6888768971367,2,1,0
789,3.841975174250363,2.9203176121365395,0,5,7.573219009997086,Traditional lecture,157.67620907168455,5,3,0
790,4.963184023549458,9.537732876984224,1,3,0.7178250583913082,Traditional lecture,25.347668872848182,5,3,0
791,2.532141357693661,4.331271903430281,3,5,0.27100858167108277,Flipped classroom,188.73110497803182,3,5,0
792,4.058963513234888,2.1803056547737496,3,1,7.972179259951102,Online learning,33.69620017415495,1,2,1
793,4.130598629548706,0.33083381864773886,4,1,8.643909016232202,Online learning,9.436309569206514,5,4,1
794,4.523698884635371,4.99574662325034,4,4,6.73066409381864,Online learning,44.108607624338504,2,2,1
795,2.2096445236495588,8.764640053578985,1,4,8.360974062680654,Online learning,4.086762909516484,1,5,1
796,2.7163307734687505,9.672416630909165,0,4,7.869584245118841,Flipped classroom,117.12303691507189,1,2,1
797,3.814859566409063,6.145810046263839,1,3,9.506579026292833,Flipped classroom,70.10642579959176,1,5,1
798,4.689438961575415,1.9841613500096122,3,5,1.9851052151289927,Online learning,61.049650714976345,1,5,0
799,3.812838642986362,1.57980120921414,3,5,5.338044554260495,Traditional lecture,160.31261353502515,5,3,0
800,4.397310695027678,7.907210619776885,3,3,8.352754255482015,Flipped classroom,33.66452166589286,3,2,1
801,3.1634656507281296,5.3181643303539525,1,4,3.7088832004565075,Traditional lecture,150.68956385898372,2,2,0
802,2.196949461745844,2.7539521296731593,1,4,2.7257382520044935,Online learning,33.233915173741345,3,5,0
803,4.946849052016195,0.055092445950972735,2,1,6.389762928570915,Online learning,95.8970551611281,4,1,1
804,3.061670761755337,9.584195348099335,2,1,4.65460074758771,Flipped classroom,54.412687928632494,4,2,0
805,2.9683347771840802,9.209674524314535,4,1,9.691439515990986,Traditional lecture,76.03072038901027,3,5,0
806,3.7673748360905517,1.9984480038869101,3,4,9.602401998978161,Flipped classroom,169.38076697430236,3,5,1
807,1.2149082512892249,5.1415666242970985,3,1,4.805858033530679,Online learning,158.5447105058198,1,1,0
808,4.633044158494131,2.8698659514614144,2,5,4.974450992028484,Traditional lecture,169.08347691619448,4,4,0
809,4.330528794109898,6.342655894498639,4,4,5.718087312801136,Flipped classroom,162.11577091412428,5,3,1
810,2.0471419445250474,5.822075864336261,3,5,7.665701333632281,Flipped classroom,44.22371427808296,4,5,1
811,4.425616662502122,7.420302599419771,0,2,0.038416126247632354,Online learning,122.79418746286477,5,1,0
812,4.8691378781567085,7.224414781705057,3,4,3.0571360675234738,Traditional lecture,13.750050175860839,1,2,0
813,2.5424715337729507,8.30227163351784,1,1,6.806670533263556,Online learning,180.9113457440834,5,4,1
814,2.989448829441225,5.301321395828774,1,5,8.787724227963443,Online learning,36.77273510735289,5,5,1
815,2.172708662817836,4.424070189866063,2,3,7.198173798665101,Traditional lecture,131.6382793904912,2,3,0
816,3.699312400167711,2.9209927690502924,1,2,9.226367314292794,Traditional lecture,122.7936866314601,1,1,0
817,3.721049986868396,0.9117437457383015,2,5,3.546125294306216,Flipped classroom,147.76445678807653,3,2,0
818,4.611197463625171,2.102203161055555,1,3,0.08345522402910421,Flipped classroom,116.41606462375769,2,5,0
819,4.072396315345964,9.383178901704287,4,1,4.908948076839331,Online learning,47.07186618497119,2,3,0
820,2.6121235180334277,1.97757490278623,0,2,2.836670537291881,Online learning,50.41588168326652,5,4,0
821,1.935171208584674,6.093750758056332,0,5,5.009878501563826,Traditional lecture,129.3425282243448,4,5,0
822,2.954781000042017,4.852714923267433,2,3,0.030436122467377702,Traditional lecture,80.88096593054661,4,4,0
823,3.110914034184809,9.82958152617041,2,5,8.19253169318099,Flipped classroom,94.43668016501236,1,5,1
824,3.1078123704847718,6.589732011814451,3,4,8.323351137690558,Online learning,174.3238305415569,4,2,1
825,3.9974469454919745,5.082011956246543,3,1,8.072366992818889,Flipped classroom,10.53200771736571,3,4,1
826,1.4786891656321104,4.405297606856136,2,5,0.38365379894593765,Online learning,9.055501356800534,5,1,0
827,1.4968719847689194,0.09822063176820772,1,3,2.047483196732264,Online learning,154.010531579743,4,5,0
828,1.660948925924596,4.887747059776057,2,4,8.519456433079217,Online learning,94.64697058809651,4,1,1
829,3.0175705788044436,0.6697772047188089,1,5,5.517544171327929,Traditional lecture,24.350879708651973,1,1,0
830,1.0279389815073547,1.9588920885899819,4,1,5.846454850035718,Traditional lecture,194.53234722606595,5,2,0
831,4.079364004590887,4.886105789186429,4,1,4.832638539559863,Traditional lecture,80.88415093356424,1,3,0
832,4.490824277119332,1.6158436052102454,1,5,0.14334690227634117,Traditional lecture,145.4968994814537,1,4,0
833,2.5185700389535612,2.4850809253487185,0,4,1.8928864576678506,Traditional lecture,7.891927239689078,1,3,0
834,3.76797745853083,7.019516667825555,4,5,8.158245803942224,Flipped classroom,120.42923039562845,4,4,1
835,3.4469895485313518,5.904138856613005,1,1,9.127465585212553,Traditional lecture,81.33843553523639,1,2,0
836,4.847405255336352,5.876000233943982,3,1,1.3381797567896414,Flipped classroom,197.25287547421323,3,2,0
837,1.492438547665064,4.542034594443206,4,1,8.356208223616623,Online learning,34.364824428281636,2,5,1
838,2.9169805200664896,3.510708754464902,2,4,8.504486697285063,Flipped classroom,115.66015077570526,1,1,1
839,1.166404668152266,3.8032921639013106,1,2,3.566271478858931,Flipped classroom,166.74580580768296,3,5,0
840,1.8608617643459717,1.6960151446428406,3,3,2.9137202756157543,Online learning,110.38283277239115,3,2,0
841,3.1350808682207574,7.860895496132871,3,4,7.928128784212807,Flipped classroom,160.7200882257772,2,2,1
842,4.556457465278353,9.44279150024858,2,5,9.543219190268424,Traditional lecture,113.76281886557318,3,1,0
843,1.0438549969583724,7.003199935802695,3,1,7.59970881560759,Traditional lecture,125.4156795322235,1,5,0
844,3.4514649326032663,2.7535148011206356,3,5,9.477779170764297,Online learning,20.269183100893983,1,3,1
845,4.689839736698756,7.728205274400148,0,3,6.343902932311128,Flipped classroom,96.42576978701595,5,3,1
846,2.0179662701183045,8.052488187172829,3,1,2.3960410620156223,Traditional lecture,79.24447484225348,3,3,0
847,1.3878270296940776,4.751184132753058,4,4,2.5916419450906636,Flipped classroom,10.732428060198828,4,5,0
848,4.8048861325748735,5.99520437234634,2,4,2.8481012757006,Traditional lecture,68.36674618168625,1,3,0
849,4.342164380609699,5.640236347184736,1,2,9.88671569782561,Traditional lecture,14.69405878237895,1,2,0
850,4.922178865629304,3.5098640411604487,2,2,5.1920226050874945,Online learning,132.8515676959282,1,2,1
851,1.7726115151858153,3.89775162397508,0,2,7.203943201703056,Flipped classroom,49.25873915851318,5,4,1
852,3.0758395097353777,4.94753986982185,4,3,7.20431489702953,Traditional lecture,53.661093707765836,3,4,0
853,3.4686415567262117,8.951675238590145,4,1,3.7827828872844305,Online learning,132.53680994354963,1,4,0
854,3.713266708139691,5.066384935060978,4,2,4.282474486878881,Traditional lecture,198.81297070217857,4,1,0
855,4.834281822206657,6.514855009649729,4,4,2.4819944323172227,Online learning,156.57492454902751,3,4,0
856,1.9712962760680104,5.045973032453589,2,5,2.0943802171360213,Traditional lecture,196.10569975447893,3,3,0
857,3.4207341603470476,5.76268902340157,1,3,6.6188395598976335,Traditional lecture,50.771906470394335,5,3,0
858,3.9815492339314833,2.666230453889921,2,2,8.589356477091737,Traditional lecture,105.87078670740924,4,4,0
859,2.136757124891994,3.2157800752528045,0,5,6.481455703875978,Traditional lecture,164.92510679129663,3,1,0
860,4.4012048876342345,1.348474062591859,1,2,2.4499059657134667,Online learning,181.2610230441218,1,1,0
861,1.1868438578282445,5.143803990732607,1,2,8.34528217548678,Flipped classroom,149.63155894968318,1,4,1
862,3.8328786479402717,8.702072799150924,2,4,7.860369706222443,Flipped classroom,175.65434765363943,2,4,1
863,2.345512850196079,7.28824011172096,4,1,1.2641944401732619,Flipped classroom,56.21966046989155,5,3,0
864,2.8552992666931307,5.105430467528082,2,4,7.369302835441848,Traditional lecture,72.34714619630427,4,1,0
865,1.6880762462991021,8.27093746821729,1,5,1.3746126511123546,Flipped classroom,162.60110036674615,5,2,0
866,3.412095127852136,0.5413445665326544,2,5,5.452119247220095,Flipped classroom,73.37206950289921,2,5,1
867,2.8314836890963018,7.3550253530209275,4,2,1.4263420233267077,Flipped classroom,101.4461783862459,5,4,0
868,1.0204272031975221,6.603498965651746,4,1,4.705118788354624,Flipped classroom,109.34213359935801,2,1,0
869,1.870977787375653,4.269429234432325,3,5,7.410227698451434,Online learning,15.259214999164804,3,4,1
870,1.5981328200048428,4.6649450217603095,1,2,3.37543505356517,Flipped classroom,82.33487775156252,1,4,0
871,4.931139517516673,9.403926276532781,0,2,9.125010461891263,Traditional lecture,121.4173125307079,1,5,0
872,2.3483602095896994,5.711772784821354,4,4,5.366297959905167,Traditional lecture,147.11255697823734,5,1,0
873,2.443439950576158,6.415473846086071,4,3,8.423680614969637,Online learning,116.57050450255973,1,3,1
874,4.3530281221352665,8.000755415735597,3,4,0.5778769848835119,Flipped classroom,1.6037356309274164,3,1,0
875,2.8861950303507453,8.081228409038307,3,5,9.49035439868331,Traditional lecture,5.266822513353109,1,2,0
876,3.5051219617319296,5.107666058952898,4,4,8.43077612629911,Traditional lecture,76.2799026227384,1,5,0
877,2.0254495893914495,0.3504568173521294,3,2,7.225592720905772,Flipped classroom,131.54575069449442,5,2,1
878,3.5104362557884574,3.5983043242713633,0,5,1.3374667031294751,Flipped classroom,13.524969441432354,2,5,0
879,3.745879039998773,6.806194677372562,4,5,0.9682952836000858,Online learning,61.341279688790436,4,2,0
880,1.59550680644678,5.570170928933672,4,5,6.06407193686726,Online learning,47.737165504556714,3,2,1
881,4.870121092158561,4.733072295513932,0,4,7.627192429305845,Traditional lecture,123.94438144957314,2,2,0
882,2.6978268155411835,3.8982434675172484,2,1,2.600643203645767,Traditional lecture,35.908877059705176,1,1,0
883,4.999759843568562,3.9892356735075474,3,4,6.767032448549223,Online learning,92.0112948692355,3,4,1
884,3.262363743005782,2.954178160043112,3,5,3.6617591286529505,Traditional lecture,121.23274234584068,5,5,0
885,1.7628830268861932,0.99994806506154,0,1,7.182181173991337,Flipped classroom,153.24682137881416,3,3,1
886,2.3111238304806307,9.166808979581912,1,2,2.0169639489966764,Online learning,55.64187109765133,2,1,0
887,4.374774751691924,4.643651977172199,3,3,8.103444097412922,Online learning,139.26856663105903,3,1,1
888,4.282620506114981,7.922897303389298,4,2,8.698175252592144,Online learning,63.17979264436375,5,4,1
889,1.8734988446905594,4.256824552043794,4,1,5.511895591512026,Online learning,133.80841143578448,5,5,1
890,3.408229073801897,7.590056847044875,0,1,7.730022695222322,Online learning,43.901734514866384,2,4,1
891,2.9284570119273643,4.572477090241561,3,5,0.18445409187786033,Traditional lecture,120.16450609754057,1,4,0
892,4.815306979097672,8.899692024028163,1,1,0.29999764389090133,Traditional lecture,62.03503894076097,1,3,0
893,1.5316015226974349,6.381985825305464,4,5,2.046872132880644,Online learning,8.067107917820039,4,4,0
894,1.685315169924166,0.4144263249639357,3,2,8.14602749952584,Flipped classroom,160.49389251316165,3,2,1
895,2.8793955574111867,7.8075730239562695,4,4,3.5552575998452607,Flipped classroom,181.22527237309887,2,5,0
896,1.2492046783873278,7.303672549117626,1,4,1.424958252255022,Online learning,60.49714421279611,2,1,0
897,3.3152725878945044,1.1041681727049235,1,1,9.864057338939109,Online learning,8.509054029800733,2,5,1
898,1.5101160297691658,7.938116926141557,0,5,7.242369173433376,Flipped classroom,125.65755426907552,4,5,1
899,2.899094573920251,7.5372114432818424,1,2,3.0565558839667464,Online learning,136.9468937818445,3,4,0
900,2.3352681524833097,7.814057429760518,4,5,5.147701645101662,Flipped classroom,46.240382732855224,5,2,1
901,3.399083270980057,9.888621653325492,0,4,6.316324054229608,Flipped classroom,173.98327062264875,1,1,1
902,3.7746777071232196,5.948322969140506,0,3,4.362426324268734,Online learning,54.93124481946769,5,3,0
903,2.36694739001312,1.0047691952720672,2,5,1.5220265340873274,Online learning,71.66563406433346,3,3,0
904,2.358162913948711,7.867240370314565,1,1,1.3589809022053534,Flipped classroom,59.94284276066859,1,1,0
905,1.3270139173307722,9.08283682409439,3,3,1.46025013038097,Flipped classroom,36.117612576338146,5,3,0
906,3.592762187032868,5.183154041701642,3,5,6.62413133179172,Online learning,29.579948228945806,5,1,1
907,3.795830989740469,2.494400404364059,0,4,5.960437561871416,Traditional lecture,36.48750888894989,1,4,0
908,2.351459647716606,1.656027765000031,0,4,2.391503767535863,Flipped classroom,6.056782176376374,1,4,0
909,1.8574567462146638,3.311209443471752,4,1,4.985458180857137,Traditional lecture,169.54648710121376,1,5,0
910,1.4267041252588406,4.9031347523228614,2,4,7.298860666458788,Flipped classroom,1.370864734076438,2,3,1
911,1.3500097306372796,0.6919382308886513,1,2,7.675654097205836,Flipped classroom,105.35952602773249,3,4,1
912,1.1901293793320171,8.045065274844095,3,5,4.8974234098599005,Online learning,72.67659210682085,3,4,0
913,1.4548784313884622,0.6747025518739103,0,3,8.608725066242588,Traditional lecture,73.51234636857116,4,5,0
914,2.143751558140444,1.6628540297947303,1,3,9.415805758215008,Traditional lecture,4.350552730044854,4,5,0
915,3.8037661801687777,7.8295572824997155,1,1,8.814268247794658,Online learning,141.2169804325753,1,4,1
916,3.932420308863889,1.556403579698652,3,3,7.3786443632633265,Flipped classroom,178.1259611501697,3,3,1
917,2.2218470249367166,5.03137296378525,4,4,8.632724230984069,Flipped classroom,85.33800514995214,4,2,1
918,2.13575169225645,6.7438787046414115,4,5,2.185311193666556,Flipped classroom,170.86819700914802,4,5,0
919,4.093291742380135,1.1984046528437153,4,4,7.637926883489032,Flipped classroom,135.96412007153765,4,5,1
920,3.219303638418245,7.715473625907051,4,3,3.7324844591430537,Flipped classroom,123.51930706666434,5,4,0
921,3.679346034082438,0.9676901987163788,0,1,9.708305190628275,Flipped classroom,144.9674744747814,1,5,1
922,1.5254787370189757,3.546002310978219,0,4,2.3732261527023146,Traditional lecture,3.8451463024372856,4,1,0
923,2.6533978822733957,0.05369135703744754,4,2,5.747382649604007,Flipped classroom,25.70957734900947,1,4,1
924,2.6370030458210927,8.441782622355811,0,2,4.705882957157247,Online learning,12.412315644114646,1,2,0
925,2.85342295308869,6.788831977848244,4,3,6.269568623182382,Traditional lecture,6.308180199779967,4,1,0
926,3.6767392228697306,0.9633198952449373,0,1,1.7402722205472143,Online learning,6.548340695996946,2,2,0
927,3.0299894854022913,9.589329338373235,4,2,2.7579720426450094,Traditional lecture,27.18277745096005,2,2,0
928,4.361258559427043,2.372220920569945,3,2,5.072425411269612,Flipped classroom,173.70640121602813,4,1,1
929,4.162294293053511,2.5863007279592587,2,2,5.117236476879453,Traditional lecture,95.18769003461227,3,1,0
930,3.601797428266716,7.516864704616855,3,5,2.2381172179160727,Online learning,73.31709117129188,4,4,0
931,4.859161287628851,9.47047068042428,0,1,1.505761236450518,Online learning,189.7035222549006,5,4,0
932,1.7794110463577888,7.218875532236818,4,5,6.706917837150015,Traditional lecture,15.50729286421062,3,5,0
933,2.807267219171429,5.435915300824464,1,3,9.83390999099263,Traditional lecture,192.97383243650995,4,1,0
934,1.5313354258908074,3.4759429366955166,0,5,9.003782976236058,Flipped classroom,130.67782110901805,3,1,1
935,2.0955515024931404,2.4502524621661426,1,2,4.75449899276792,Traditional lecture,199.3803481841245,3,2,0
936,2.760002716586536,8.897320395805478,0,1,2.8857921624460503,Flipped classroom,96.95278644182785,2,4,0
937,3.153298086390554,4.161417224717219,0,5,2.786265663036681,Traditional lecture,134.21001545938458,1,1,0
938,3.1039273247649675,1.4398842899167263,0,1,8.560809464762077,Online learning,125.42710633954273,5,3,1
939,1.6928770841649627,4.415749645143334,0,5,6.832096512854337,Traditional lecture,142.1062048283994,1,3,0
940,2.4829852994437815,7.870625471240004,2,1,2.915452381181484,Online learning,45.91625723326811,2,4,0
941,2.0203789203231857,2.291793898476171,1,2,1.2157358059454493,Flipped classroom,75.02276418594363,5,5,0
942,3.4814232991673735,5.096259896514518,1,4,4.808040939924649,Online learning,15.89752478462092,2,2,0
943,4.850428319609646,4.485120519276405,2,3,2.2203878403062784,Flipped classroom,40.37410758186222,4,3,0
944,2.368841460297891,6.735128780892127,3,3,8.606017296860903,Online learning,68.86516859348089,1,5,1
945,4.397690145678349,4.678144819058813,1,1,5.6194267729656175,Traditional lecture,87.26570774991636,3,1,0
946,1.273286250814384,1.2414898077446812,0,4,2.679084545397971,Traditional lecture,9.633611834608091,1,2,0
947,1.927156565128346,1.8353355630056956,3,2,9.994077908296326,Online learning,102.87327618254882,5,5,1
948,4.21136315451371,5.321329336911262,2,4,3.079251324754997,Online learning,48.05620708431544,2,2,0
949,1.6712429477127073,6.760765413774562,4,1,3.4756039439920814,Flipped classroom,90.26432519530363,1,2,0
950,3.383725420227366,1.6372587502100733,3,1,0.9498658854567743,Traditional lecture,29.828703745171524,1,3,0
951,4.67507056299498,6.594203760950327,3,4,6.475998346176915,Online learning,193.00549603688745,2,5,1
952,2.6253691158300705,7.662666291752981,0,5,7.848240320016586,Traditional lecture,125.56486314873769,5,4,0
953,4.66168831099313,7.600520633245999,1,4,6.293163091187636,Flipped classroom,81.64233125939873,1,1,1
954,1.0978444268955805,4.533577816008329,3,2,3.727490459466395,Traditional lecture,125.14224348187521,4,4,0
955,1.9343907588992852,8.103123109603375,4,3,4.348533103934125,Flipped classroom,16.695815409934454,5,4,0
956,3.129432274072527,4.179924854332753,4,4,4.336987823685819,Flipped classroom,54.50205017604264,2,4,0
957,2.2504744051864356,7.579186762345539,2,2,4.377612728418137,Online learning,165.3019900836798,2,4,0
958,1.9854832985273871,9.03824483235925,3,4,1.5340900932549406,Online learning,92.30251341001451,3,2,0
959,2.1610400326192196,7.015090909299252,0,3,3.7074473622396056,Traditional lecture,190.3198157018402,4,2,0
960,1.1404527739092236,5.948151170421186,4,3,8.114350233434875,Flipped classroom,17.648720410339603,5,3,1
961,1.9131276172615777,1.8811525647058758,3,4,5.186782820337602,Online learning,121.72193638522404,3,5,1
962,1.4160703451838694,6.3756167690400956,3,5,1.4736013787658064,Traditional lecture,3.47977914115023,4,3,0
963,3.9920680238547144,3.730189369941904,3,1,7.454515398287005,Flipped classroom,45.32618881672465,1,3,1
964,3.4052989735228,6.385199568777848,2,5,1.7930798898330447,Online learning,147.3176748670684,2,1,0
965,1.2762126715482078,5.328780675883791,3,1,4.370823451922348,Online learning,190.1920811375499,1,4,0
966,1.238702217805057,6.045780184356621,4,3,2.188731181366963,Traditional lecture,72.88752275705659,5,5,0
967,1.2622064628485208,9.487610400508432,4,2,0.5369305345264874,Flipped classroom,196.2098431210049,1,3,0
968,1.8870682536548604,5.949983328745446,3,5,2.805175221348344,Traditional lecture,159.4206969754985,2,5,0
969,3.011400383405832,6.5484089048066965,3,4,6.384573179771871,Traditional lecture,118.56833320729167,4,2,0
970,2.565647777378158,9.187863297112074,4,3,7.070909026142421,Traditional lecture,18.567365021339242,5,2,0
971,4.1683942008178185,8.299760175708185,2,3,0.9581561891376,Flipped classroom,157.70589451893466,2,4,0
972,3.9489025145207832,3.5893374569919723,0,1,2.658909934297613,Flipped classroom,130.10406911341076,3,3,0
973,2.3510524826658425,7.718747609679931,4,1,9.114551188567402,Online learning,163.41624321738797,4,2,1
974,2.507756845952933,6.576655872644469,1,5,1.9878306936604773,Online learning,68.20957728023164,4,3,0
975,1.998627521620211,0.5086754818776384,1,1,0.3258687696403795,Online learning,78.75371617891784,4,5,0
976,3.016432326369794,8.611761651319645,1,1,8.437313603209795,Traditional lecture,18.6886119919355,2,1,0
977,1.419444901702068,5.911956633808807,4,4,1.3573264161139031,Traditional lecture,20.880733527082107,5,4,0
978,2.1810140729901626,6.908380220504098,3,5,6.095568024840233,Flipped classroom,78.10584467791955,3,1,1
979,4.116129817186683,5.617298365998138,3,4,5.4302901553092395,Traditional lecture,122.82428587629242,3,5,0
980,1.3276394786236505,9.975598273579791,2,3,6.5589058718734,Traditional lecture,127.77987592243576,3,1,0
981,4.709144206750322,0.21938559972340177,2,4,9.044729188158268,Traditional lecture,114.24239725832525,2,5,0
982,2.614180863019649,2.7269455628700587,3,3,9.786635752103653,Online learning,47.622438984860516,4,2,1
983,4.825591569041091,7.85309855817334,1,4,4.5368183796932104,Flipped classroom,173.56052017280584,1,1,0
984,4.889199243998743,5.783221038410613,3,4,6.438617976186873,Online learning,45.76281301656333,4,3,1
985,2.961801362006509,8.596450633583533,3,4,0.8485944772240617,Flipped classroom,108.1977639023425,2,4,0
986,2.998773381973057,8.046620600583724,4,3,2.003871975060101,Online learning,79.34530103803053,4,2,0
987,2.5328119096590753,3.7972910505959554,3,3,3.6931059427256328,Online learning,148.96606824257773,3,4,0
988,2.8517279708488092,7.65579135930118,3,3,7.164846318385839,Online learning,17.670803580386995,5,2,1
989,1.5985840446556248,3.5211701472744616,1,1,8.108057252182736,Flipped classroom,49.878475921826215,1,3,1
990,3.060349816226302,9.741074863476515,1,2,7.3287468666537725,Traditional lecture,139.37848329068117,4,2,0
991,3.641703141760003,8.064418159254547,2,5,2.9331749774803297,Flipped classroom,106.64512521098698,5,5,0
992,1.5091591035022232,5.42477244940779,3,2,1.9214495726384284,Online learning,19.61975407654961,2,4,0
993,1.2404429952705476,9.64279366787425,1,4,7.003764442598829,Flipped classroom,161.94492859503313,2,3,1
994,2.342624932720202,1.768169878087782,1,5,8.185005920186763,Traditional lecture,49.24448966098327,4,4,0
995,3.3020673359364614,0.45488563587644415,2,3,9.14061015040039,Flipped classroom,80.4907890790562,4,4,1
996,4.828782207100506,0.32824580308719264,0,2,2.3258651377106085,Traditional lecture,162.79435963718234,1,5,0
997,2.2712970711473144,0.28738166084542494,3,1,9.985547791262112,Online learning,181.0677675038655,3,1,1
998,3.8096917455441877,2.3267564342936486,2,3,1.8937402937315717,Online learning,182.03166163604592,4,5,0
999,2.5046013290615647,7.999524302510852,3,2,0.4796511527688052,Flipped classroom,158.850458532383,1,1,0
