feature_1,feature_2,feature_3,feature_4,feature_5,feature_6,feature_7,feature_8,feature_9,feature_10,feature_11,feature_12,feature_13,feature_14,feature_15,feature_16,feature_17,feature_18,feature_19,feature_20,target
1.927,1.487,0.901,-2.106,0.678,-1.235,-0.043,-1.605,-0.752,1.649,-0.392,-1.404,-0.728,-0.559,-0.769,0.762,1.642,-0.16,-0.497,0.44,0
-0.758,1.078,0.801,1.681,1.279,1.296,0.61,1.335,-0.232,0.042,-0.252,0.86,-1.385,-0.871,-0.223,1.717,0.319,-0.425,0.306,-0.775,1
-1.558,0.996,-0.88,-0.601,-1.274,2.123,-1.235,-0.488,-0.914,-0.658,0.078,0.526,-0.488,1.191,-0.814,-0.736,-1.403,0.036,-0.063,0.676,0
-0.098,1.845,-1.185,1.384,1.445,0.856,2.218,0.523,0.347,-0.197,-1.055,1.278,-0.172,0.524,0.057,0.426,0.575,-0.642,-2.206,-0.751,0
0.011,-0.339,-1.341,-0.585,0.536,0.525,1.141,0.052,0.744,-0.482,-1.049,0.604,-1.722,-0.828,1.335,0.484,-2.51,0.488,0.785,0.029,0
0.641,0.583,1.067,-0.45,-0.185,0.753,0.405,0.178,0.265,1.273,-0.001,-0.304,-1.457,-0.102,-0.599,0.477,0.726,0.091,-0.389,0.528,0
-0.013,0.241,0.133,0.764,1.095,0.34,0.72,0.411,1.931,1.012,-1.436,-1.13,-0.136,1.635,0.655,0.576,1.142,0.019,-1.806,0.925,0
-0.375,1.033,-0.687,0.637,-0.973,0.958,1.619,1.451,0.269,-0.21,-0.733,0.104,0.349,0.968,-0.466,1.605,-2.48,-0.418,-1.195,0.812,0
-1.901,0.229,0.025,-0.346,0.287,-0.731,0.175,-1.094,-1.602,1.353,1.289,0.052,-1.547,0.757,0.776,2.027,0.036,0.121,-0.806,-0.208,0
-0.932,-1.591,-1.136,-0.523,-0.519,-1.501,-1.927,0.128,1.023,-0.556,0.704,0.71,1.774,-0.922,0.962,-0.337,-1.175,0.358,0.479,1.354,1
0.526,2.112,-0.521,-0.932,0.185,1.069,1.307,0.46,-0.815,-1.021,-0.495,-0.592,0.154,0.441,-0.148,-2.318,-0.398,1.08,-1.781,1.508,0
0.309,-0.5,1.035,1.69,-0.005,1.667,0.154,-1.06,-0.573,0.084,0.4,1.989,-0.072,-0.906,-2.049,-1.081,0.018,0.078,0.193,0.41,1
-0.929,0.276,-0.539,0.463,-0.872,-0.027,-0.353,1.464,1.255,-0.715,0.854,0.513,0.54,0.566,0.506,0.222,-0.685,0.564,-1.507,-1.611,0
-1.479,0.432,-0.125,0.782,-1.599,-0.109,0.715,0.039,1.306,0.247,-1.978,0.018,-1.379,0.626,-2.585,-0.024,-0.122,-0.747,1.709,0.058,0
1.193,1.937,0.729,0.981,0.415,1.157,0.269,-0.037,0.973,-1.015,-0.542,-0.441,-0.314,-0.129,-0.715,-0.048,2.021,0.254,0.936,0.712,0
-0.032,0.102,1.343,0.713,0.404,-0.714,0.834,-0.959,0.454,1.246,-2.307,-1.287,0.18,-2.127,-0.134,-1.041,-0.765,-0.055,1.205,-0.982,1
0.433,-0.717,1.055,-1.453,0.465,0.371,-0.005,0.08,0.378,0.705,-1.724,-0.843,0.435,0.266,-0.587,0.083,0.885,0.182,0.786,-0.058,0
0.567,-0.71,-0.488,0.05,0.608,1.631,-0.085,1.084,0.948,-0.677,-0.573,-0.33,-0.794,0.375,0.088,-1.241,-0.32,-0.844,-0.551,1.989,0
1.9,1.695,0.028,-0.175,-1.773,-0.705,-0.395,1.887,-0.218,0.166,2.144,1.705,0.346,0.642,-0.204,0.685,-0.14,-1.181,-1.283,0.448,0
-0.591,0.854,-0.49,-0.359,0.666,-0.074,-0.21,0.166,1.47,-0.939,-0.601,-0.1,-0.985,-2.488,-0.331,0.844,0.987,-0.332,-0.808,0.824,1
0.025,-1.064,-0.76,-0.408,0.962,-0.143,0.153,-0.039,0.945,-1.582,0.987,1.146,-0.142,-0.276,-0.193,0.777,0.684,-1.325,-0.516,0.6,0
-0.47,-0.609,-0.046,-1.646,-0.483,-0.74,0.314,0.142,1.035,-0.626,-0.515,0.69,-0.494,1.137,-0.462,1.42,0.849,-0.048,0.669,1.043,0
0.69,-1.313,0.038,-1.17,-0.103,1.189,0.761,-0.746,-1.384,0.487,-1.002,0.033,-0.429,-0.982,-0.642,0.827,1.591,-0.121,-0.483,0.113,0
0.077,-0.923,-1.262,1.086,1.097,-0.684,0.066,-0.001,0.162,1.196,-1.306,-1.404,-1.06,0.306,0.415,-0.717,2.834,1.953,2.049,-1.088,1
1.622,0.851,-0.4,-0.609,-0.508,-0.618,-1.647,-1.036,-0.45,-0.073,-0.548,-1.143,-0.449,-0.03,0.383,-0.045,1.18,-0.331,0.65,0.095,1
-0.753,-0.647,-1.282,1.965,-0.964,-2.567,0.71,0.82,0.621,0.423,-0.339,0.518,-1.364,0.193,-0.61,0.163,1.51,0.212,-0.725,-0.953,1
0.522,-0.464,0.182,-0.387,-1.791,0.093,-1.915,-0.642,1.344,-1.292,0.766,0.645,0.353,-2.647,-1.458,-0.971,0.254,-0.179,1.199,-0.429,1
1.01,0.611,1.221,-0.608,-1.738,-0.125,-1.366,1.112,-0.623,-0.789,-0.168,1.643,2.007,-1.253,1.119,1.773,-2.072,-0.413,-0.977,-0.034,0
1.859,2.622,0.369,0.38,0.199,-0.236,0.303,-0.45,0.474,0.65,1.166,0.017,0.533,-0.604,-0.174,0.609,-0.803,-1.121,0.196,-0.782,0
-1.79,-0.262,-0.44,2.185,-0.48,-1.287,0.739,0.034,-0.312,-0.254,-1.206,-0.954,0.061,0.085,0.748,-0.164,-0.909,0.313,0.805,-1.113,0
0.498,-1.2,0.127,0.44,0.638,0.16,1.77,0.627,-1.874,2.326,-0.92,0.666,-0.44,-2.318,1.295,0.223,-0.848,1.649,1.601,-0.079,1
0.431,0.368,0.764,1.179,-0.414,0.518,-0.702,-0.432,0.141,0.071,0.563,-0.579,-1.084,-0.389,0.813,1.498,0.044,1.444,0.232,0.506,0
-1.279,-0.038,1.914,0.338,0.125,-0.762,-1.191,0.776,0.456,0.25,-1.361,1.802,-0.074,-0.157,-0.871,-0.641,-0.415,-0.69,-0.23,-2.172,0
0.088,1.094,-0.118,-0.299,-0.954,-0.092,-1.017,-0.008,-0.518,0.84,0.059,-1.668,2.13,-1.518,0.139,-1.18,-0.53,0.963,0.279,-0.572,0
-2.794,-0.711,0.524,-1.711,0.838,-0.27,0.123,0.876,0.151,0.739,0.273,2.731,0.432,-0.309,-0.097,1.542,-0.109,-0.419,1.438,-0.707,0
-1.252,3.025,1.346,0.856,0.322,0.446,1.523,1.28,-0.116,1.371,-0.481,-0.99,-1.364,0.008,-0.406,-0.711,-0.35,0.38,0.999,1.275,0
0.959,0.104,0.829,2.092,0.795,0.279,0.186,0.355,0.091,1.742,-1.266,0.389,0.343,-1.459,-1.494,-0.221,0.225,-0.077,0.986,1.278,0
0.288,0.869,-0.81,-1.43,0.459,0.531,-1.361,1.956,1.768,-0.986,-1.237,-2.302,-0.001,-0.849,-1.659,0.306,1.182,0.326,-0.389,2.854,0
0.824,0.798,1.889,0.593,0.07,-1.603,-0.43,0.576,0.344,-3.102,-1.459,-1.432,-0.607,-0.26,-0.719,-0.386,0.523,-0.821,-0.471,0.602,0
-0.283,0.769,-0.767,-0.949,0.017,0.08,0.745,1.345,0.127,-2.452,0.416,1.903,-0.735,0.045,-1.521,0.348,0.74,1.416,0.683,-0.138,0
0.921,0.528,-0.008,-1.449,-0.605,-0.179,0.2,-1.246,-0.415,1.456,0.332,-1.0,-0.692,-0.472,-1.289,1.076,-1.067,-1.989,0.297,0.434,1
0.003,-1.024,0.224,-0.755,1.368,-0.32,-0.913,1.919,-1.651,2.148,-0.66,0.114,-0.221,0.712,0.342,1.589,-0.349,-0.458,-1.232,-0.598,0
-0.282,0.053,0.425,0.483,0.488,1.008,-0.595,0.393,0.823,-0.886,1.48,0.839,-0.2,0.995,0.72,-0.134,-1.407,-2.361,-0.29,-0.133,0
-0.157,1.138,-0.251,1.67,-0.545,-2.158,-1.661,-0.664,0.366,-0.399,0.497,-2.369,-0.561,-0.595,1.269,1.29,-1.176,-0.078,-0.971,1.472,1
1.411,-1.314,-1.316,-1.252,-1.584,-2.545,1.372,-0.538,0.738,-0.851,0.036,1.341,0.92,-0.379,-1.56,-0.801,-0.711,-0.387,0.958,-0.823,1
-2.391,0.322,1.875,1.104,-0.522,-0.74,0.162,-0.237,0.51,1.671,1.592,-0.416,1.862,-1.078,0.885,-0.834,1.03,-0.868,-0.57,0.323,0
1.128,-1.212,2.602,-0.096,-0.081,1.259,0.869,-0.961,0.052,-0.328,-2.247,-0.448,0.423,-0.387,-0.23,-0.407,0.87,-1.055,-1.328,0.706,0
0.357,0.589,0.919,0.666,0.247,0.133,0.122,0.478,0.276,-0.59,0.569,-0.791,-0.199,-1.362,-0.519,0.076,0.34,1.456,-0.346,-0.263,0
-0.448,-0.729,-0.161,-0.321,-0.631,-0.789,1.306,-0.928,-0.263,0.931,-0.459,-0.942,-0.709,2.186,-0.649,0.452,0.852,-1.695,1.181,-2.893,1
-0.388,-0.712,-1.617,-0.359,0.051,0.695,1.835,-1.918,-1.392,0.54,0.435,-2.272,-0.134,-0.059,0.126,-0.553,0.074,-0.149,-0.552,-0.093,0
-1.028,0.404,2.143,-0.515,1.083,1.25,0.982,0.227,0.493,-0.513,0.301,0.077,0.648,-0.432,1.174,0.701,0.667,-0.804,-1.378,-0.441,1
0.142,1.108,0.554,1.582,-1.225,0.963,-1.579,0.672,-0.06,0.07,-1.663,-0.765,1.231,0.425,-0.016,-0.107,-1.309,0.66,-0.07,0.274,0
-0.345,-0.12,1.186,-1.22,0.291,-0.08,1.32,-1.52,-0.293,2.107,-0.109,0.608,0.789,0.782,-0.065,-0.0,0.683,0.106,0.35,0.121,0
0.298,1.345,1.461,1.057,0.816,-0.824,0.893,-0.387,-0.357,-1.157,-1.766,-2.538,0.097,-0.791,0.371,1.512,-0.891,0.525,0.352,0.249,0
1.19,1.411,0.798,0.494,-0.185,-1.038,-0.101,-0.927,0.235,0.089,-0.348,0.849,0.201,0.384,1.231,1.229,0.704,-0.056,-1.49,-1.519,1
0.326,-1.458,1.899,-0.041,-0.293,1.398,-0.917,-0.779,-0.418,1.106,0.253,-0.108,0.771,-1.13,0.996,-1.181,0.963,-1.105,-0.791,-0.216,0
0.002,-0.21,1.201,0.676,-1.89,0.194,1.602,-1.037,-0.749,-0.384,0.144,-0.081,1.126,0.041,-0.065,3.446,-1.113,-0.434,-0.015,0.543,0
0.125,-0.876,1.222,0.327,-0.105,2.477,0.577,0.147,-1.314,-0.606,0.645,-0.248,-1.408,-0.08,0.519,1.171,2.178,1.779,0.258,-2.434,0
-0.35,-1.338,-0.439,-0.585,1.807,-0.733,0.409,-0.584,0.106,-0.307,0.864,-1.066,-1.013,-0.994,2.908,1.448,-0.561,-0.946,-0.742,0.156,1
-0.258,-0.75,1.235,1.014,1.013,0.635,0.877,0.814,0.197,-0.637,-0.877,-1.551,-0.788,0.568,0.762,0.557,1.298,1.756,0.211,1.486,0
0.559,0.349,0.848,2.035,0.377,0.484,-0.03,1.093,-0.506,-0.844,-0.221,2.275,-0.783,-0.268,1.568,-0.284,-0.096,1.064,1.489,0.883,0
-0.238,0.547,-0.061,-0.53,-2.036,0.525,-0.697,-0.088,-0.274,1.292,-1.446,-0.315,0.113,-1.468,-1.717,-0.55,0.535,-1.339,1.236,-2.037,1
1.417,0.169,-1.142,0.607,-0.833,-0.479,0.3,0.721,-0.618,0.546,-0.769,0.079,-0.758,0.942,0.434,1.123,0.506,-1.137,-0.758,0.042,0
-0.69,-0.562,0.825,2.268,-1.773,-0.991,0.635,1.024,0.957,0.019,-1.07,-0.752,2.44,-1.913,0.311,-1.476,-0.478,-0.117,-0.631,-1.265,1
-0.295,-0.28,1.084,0.173,0.512,-0.982,1.126,0.255,-0.459,-0.928,-0.172,-0.687,-0.133,1.63,-1.546,-0.17,0.028,0.091,0.672,0.985,0
-0.761,-1.273,-0.627,1.371,0.236,-0.447,-1.178,1.413,-0.023,-0.011,-0.995,-0.299,0.767,-0.937,-2.33,-0.781,0.825,1.221,-0.063,1.146,1
1.222,-0.314,-0.723,-0.363,0.442,0.194,-0.5,-0.55,0.024,-1.52,0.529,-0.391,-1.929,0.035,-0.483,-1.226,-0.34,0.007,-0.052,1.167,1
1.73,2.056,-0.235,-1.346,-0.517,-0.688,0.476,-1.432,0.143,0.633,-1.049,-0.522,-1.134,-0.141,-0.646,0.41,0.327,-0.834,-0.492,0.658,0
0.536,1.235,-0.212,1.387,-0.825,0.354,-0.281,-0.243,-0.294,-0.629,-0.042,-0.27,1.439,0.033,-0.548,-0.494,2.882,-1.167,1.941,-1.164,1
-1.597,0.083,-0.922,-0.371,-0.971,0.153,0.725,-1.39,1.187,0.028,2.001,-0.125,-1.157,0.901,-0.188,-1.273,0.576,-0.356,-0.519,-0.393,0
1.751,0.196,1.776,-0.185,1.06,1.298,0.329,0.149,0.27,-1.182,-1.034,-0.495,-0.895,0.534,-0.887,0.796,0.659,-0.297,0.233,-1.347,0
-0.823,-0.539,0.092,0.854,-1.033,0.584,1.017,-0.794,0.367,0.429,2.029,-0.768,-1.226,-0.113,0.308,-0.441,-0.78,-0.757,1.515,-1.58,1
0.639,-0.436,-1.002,0.378,0.043,0.586,-1.369,1.117,0.277,1.058,-0.051,0.171,-0.212,-0.179,-0.85,1.167,-0.348,0.074,1.758,-0.625,1
0.209,1.505,-1.135,-0.711,1.34,1.511,-1.198,0.377,-0.251,-0.528,-0.477,-0.563,-1.056,0.241,0.183,0.625,-0.794,-0.675,-0.388,0.45,0
0.373,-1.91,0.261,1.418,0.674,1.467,-1.108,-0.744,1.019,-1.832,0.281,0.691,0.718,-0.572,-0.467,0.102,0.38,-1.963,-0.781,-0.134,0
-0.361,0.105,-0.326,0.319,-0.11,0.096,-1.493,0.524,0.753,-0.222,0.582,-1.937,-1.533,-0.18,-0.658,-1.232,-1.246,-1.5,-0.54,1.241,1
-1.621,-0.904,1.397,0.918,0.512,-0.841,-1.045,0.555,-0.949,1.046,-1.13,-2.801,1.28,0.22,0.325,1.319,-0.85,-0.699,-0.205,-0.781,0
0.687,0.784,-1.111,-3.106,-0.99,-0.602,-0.715,-0.467,0.551,2.655,1.058,-0.147,-0.891,0.194,1.968,-0.74,-0.867,-0.306,-0.536,-0.358,1
-1.24,-1.524,-0.816,1.137,0.219,0.413,0.006,-0.567,-0.17,-0.303,-1.287,-1.366,-0.046,-0.615,1.237,-0.814,1.146,-1.179,-0.037,0.672,0
0.924,0.27,0.629,-0.707,-0.856,0.904,-0.566,0.384,-0.782,-0.151,0.42,1.406,-0.827,1.561,-1.095,1.186,1.188,2.056,0.66,-1.108,1
-0.292,0.456,-0.315,-0.413,0.395,1.13,0.826,0.946,-0.154,-1.601,-0.059,-0.993,1.163,1.609,-0.294,1.082,0.887,-0.861,-0.273,0.98,0
-0.175,-0.123,0.741,0.354,-0.535,0.645,-2.989,0.184,-0.473,-0.959,-1.512,1.507,-0.938,-0.639,0.219,-0.439,-0.139,-0.019,1.656,1.066,1
-0.182,-1.238,0.514,-0.151,0.138,1.225,-0.764,0.918,0.406,0.251,0.128,-0.198,-1.478,-0.591,0.836,-0.229,-1.24,0.249,-1.142,0.782,0
0.011,0.382,-1.653,-0.381,0.107,-0.101,0.083,0.712,-0.901,0.891,0.477,-0.84,0.333,-1.253,-0.575,-1.906,-0.967,0.368,-0.579,1.237,1
0.871,-0.523,1.24,-0.906,0.768,1.622,0.082,0.203,0.33,-0.953,1.573,1.87,-1.064,-0.227,0.25,1.162,-0.114,-0.056,0.85,-0.86,1
-0.611,1.063,1.222,0.772,-1.28,-1.543,-0.602,0.321,-0.061,-1.17,-2.774,-0.03,-0.917,0.47,1.878,0.522,0.052,0.426,0.948,0.436,1
-0.205,-1.474,0.507,0.278,1.352,-0.895,-1.596,0.674,-0.997,-0.348,0.218,1.128,-1.501,-0.24,-0.485,-0.066,-0.903,0.644,0.759,-2.02,1
-0.674,-0.919,1.212,-1.346,-0.483,1.719,-0.568,-2.915,1.083,0.077,1.232,2.919,1.938,-0.554,-1.303,1.07,-0.456,1.363,-2.422,-0.083,1
0.103,0.117,-0.025,0.379,0.245,-0.892,1.434,-1.929,-0.571,-0.667,-0.092,0.955,0.185,-0.117,-0.229,-0.345,-1.077,-0.548,-0.329,0.058,1
2.11,0.773,-0.343,1.237,-0.25,0.224,-0.688,-0.49,0.4,0.698,0.052,0.288,0.06,1.729,0.292,-0.693,-0.844,-0.329,-0.114,-0.845,0
0.3,1.64,-1.074,0.321,0.289,0.352,2.099,-0.529,-1.772,0.097,0.367,0.473,0.588,0.184,-0.843,-1.697,1.087,0.68,1.162,-0.177,0
0.521,-2.357,-0.835,-2.262,-1.297,0.327,0.606,-0.461,-0.88,-1.477,0.983,0.034,1.169,0.903,-1.717,0.046,0.094,-1.356,-1.06,1.065,1
0.545,1.522,0.024,0.286,0.02,0.929,-0.924,1.147,-0.705,1.154,-1.746,0.71,-0.102,-0.966,-1.423,-0.785,0.611,0.214,-0.175,-1.756,1
1.426,0.513,-0.403,1.977,0.027,-0.25,-0.091,-0.528,-0.464,-0.157,-1.596,-1.532,0.856,0.432,0.241,-0.055,0.048,-0.864,-1.142,-0.829,0
1.315,1.247,-0.258,-1.34,-0.556,1.173,0.686,0.863,-0.41,-0.759,1.698,0.744,-0.033,1.06,0.004,-0.695,-1.883,0.305,-0.7,1.781,0
-0.294,0.524,1.019,-0.151,1.171,1.641,0.428,-1.07,-0.616,-1.019,0.385,0.294,-1.772,0.435,0.063,-0.689,-0.283,0.66,-0.162,0.886,0
0.548,0.458,0.968,-0.667,1.618,-0.264,1.354,-0.071,-0.37,-0.246,0.329,0.697,0.834,-1.099,0.567,0.828,-3.833,0.116,1.992,1.024,0
2.133,0.233,1.2,-1.267,-0.944,-0.179,0.312,0.717,-0.23,0.715,1.444,0.196,-0.833,-0.953,-0.364,-1.248,-0.093,0.653,0.164,1.346,1
-0.37,-0.471,0.478,0.851,0.369,1.062,1.764,-0.048,0.913,-1.391,-0.71,0.931,-0.424,-0.482,0.477,-0.179,0.494,0.561,-1.799,-0.608,0
-0.588,-0.345,-0.729,-1.496,0.735,-0.269,0.451,0.041,-0.069,0.259,0.478,-1.489,-1.293,0.88,0.073,0.997,1.024,-1.213,0.974,0.453,0
-0.993,-0.256,-0.959,-0.57,0.193,0.385,-0.86,1.281,0.128,0.61,-1.294,0.604,1.117,0.416,0.675,0.225,-0.956,-0.778,0.694,-0.436,1
-0.982,-0.906,1.26,0.346,-2.004,0.006,0.46,1.179,-1.011,-0.62,-1.455,-0.59,-0.696,0.516,0.724,-0.188,-0.582,-0.435,-1.288,1.929,0
-0.177,0.64,0.691,0.52,-0.755,-0.033,-0.828,-0.352,-0.6,-0.058,0.297,1.633,-1.495,-0.3,-0.414,-0.783,-1.508,-1.366,0.964,0.04,1
0.247,0.113,-0.535,0.917,2.066,1.018,-1.938,-0.548,-0.183,-1.237,-0.169,0.689,0.104,-0.699,-0.501,-0.171,-1.541,-0.33,-0.739,-1.51,1
0.178,-0.179,-0.558,-0.88,-0.879,1.549,0.015,-0.028,-0.448,1.876,-0.892,0.439,-1.031,-1.426,0.72,0.596,-1.346,-0.054,-1.082,0.318,1
-2.231,-1.031,0.206,-0.833,0.961,-1.223,0.078,-0.156,0.409,0.499,-1.003,0.068,-0.535,-1.405,1.891,1.36,-0.849,-1.841,1.357,1.148,1
-0.858,-0.475,-0.958,-0.335,-1.746,0.291,-0.457,0.96,0.417,1.666,-1.815,-0.489,0.319,0.821,0.269,0.535,-1.966,0.348,-0.384,1.0,0
-0.412,1.792,-0.767,-1.308,-1.316,-0.129,1.307,0.191,1.377,0.689,0.439,-0.048,1.122,2.794,-0.085,-0.243,-1.412,-1.05,1.111,0.214,0
0.507,0.283,-1.181,-0.9,2.102,0.133,0.022,-0.28,-0.685,-0.795,-1.733,1.186,0.447,1.13,-0.333,0.894,-1.434,-0.876,0.009,0.63,0
0.863,1.142,0.311,-0.106,-0.795,-1.121,0.858,-1.693,0.289,0.13,0.803,0.202,0.385,0.171,1.361,-0.257,0.007,-0.544,-1.414,2.788,0
-1.014,1.002,0.867,0.245,1.306,-1.061,-0.041,-1.968,0.646,0.947,-0.964,-0.055,0.649,-1.524,-0.463,-1.625,1.402,0.389,0.725,-1.39,0
-0.855,-1.534,0.129,0.289,-0.738,0.881,-0.766,1.459,1.772,0.33,0.659,0.643,0.402,0.662,-0.816,1.751,-0.071,-0.319,0.98,0.12,0
-0.061,-0.942,1.432,0.132,-0.182,0.366,-0.675,-0.321,-1.209,0.078,0.176,0.579,1.551,0.084,-0.287,-0.662,-0.014,-0.278,-0.786,0.461,0
0.566,1.154,-2.397,0.38,-1.024,0.799,0.87,0.07,-0.339,-0.095,0.158,-0.84,1.612,-0.08,1.633,-0.22,-0.223,0.131,0.683,-0.138,0
1.482,1.659,0.41,-0.001,-0.108,0.479,-1.292,0.347,-0.006,-0.376,2.268,0.999,-0.298,-0.756,-0.205,1.405,-0.943,2.028,0.393,0.413,0
0.464,-0.03,1.272,1.085,-1.012,-0.147,-0.497,0.364,0.34,1.273,-1.537,1.04,-0.764,-0.443,-0.009,0.253,0.89,2.015,0.123,0.283,0
0.579,-0.2,-2.469,-1.61,1.744,-0.388,0.772,0.227,0.847,0.85,1.804,1.465,0.291,-1.162,-0.478,1.387,-0.051,-0.601,-1.144,-1.123,1
-0.795,-0.569,0.055,-0.765,-1.418,-0.897,-0.07,0.494,2.187,1.162,0.635,-0.433,-1.411,1.868,-0.982,-0.958,1.775,1.516,-1.047,1.376,0
-0.232,0.895,-0.12,0.785,-0.562,-0.479,-0.752,-0.477,0.713,-1.951,-0.603,-0.794,0.024,-0.717,0.931,0.113,0.215,-1.284,2.229,0.825,1
0.455,0.56,0.212,1.186,0.288,1.7,2.432,0.259,1.333,0.126,-0.158,0.578,1.223,0.792,0.507,0.439,-0.836,-0.69,0.465,0.983,0
0.414,-0.524,0.134,-1.125,1.309,-0.073,1.123,-0.245,0.272,-0.429,0.824,-1.399,-0.682,0.854,1.568,-0.6,0.24,2.104,-0.77,-1.513,0
-0.404,-0.442,-1.265,1.484,-0.204,-1.189,0.141,0.647,-0.231,0.396,-0.136,0.249,-0.381,-1.633,-0.326,2.11,-0.558,0.388,-2.277,0.373,0
0.206,-1.016,-0.6,0.178,-1.143,1.339,-0.997,-0.602,0.878,0.732,0.274,1.719,1.345,-1.265,0.451,0.66,-0.652,-0.888,-1.08,1.425,0
-1.121,0.392,-0.49,-0.289,-0.205,-0.195,1.668,0.674,1.171,0.022,-0.916,0.218,1.256,-0.808,2.062,0.305,-1.461,-0.203,0.031,0.291,0
0.419,-0.815,-0.695,0.899,-0.763,-0.197,-0.363,-1.553,-0.861,-0.4,1.681,-0.112,-0.545,0.525,0.695,0.731,1.604,0.715,1.904,-1.12,1
-2.212,-0.575,0.432,0.834,0.315,1.336,0.586,0.21,-0.066,0.611,0.665,-0.25,0.585,1.277,0.88,0.52,-1.026,1.763,-2.816,-0.284,0
-0.687,1.024,1.731,-0.325,0.314,-0.067,-0.655,1.034,-2.142,0.772,-0.636,0.252,0.983,0.273,0.72,0.877,-1.667,-2.223,-1.085,0.612,0
-0.579,-0.726,1.865,-0.844,1.396,-0.402,-0.476,0.602,-0.139,-0.52,-0.43,-0.933,-0.326,0.93,-0.284,0.846,0.019,-1.676,-1.944,0.099,0
-0.674,-1.889,-1.842,0.132,-0.793,1.23,0.078,1.804,-0.339,-0.467,-0.402,-1.311,0.031,-0.592,-1.177,1.741,-0.296,-0.347,-0.497,-1.301,1
1.31,-0.267,0.197,-0.699,1.14,0.191,-0.009,0.355,-0.424,1.071,2.712,-0.194,1.75,-0.112,-0.822,0.798,-0.769,1.538,-1.777,-1.065,0
1.051,1.384,-1.503,-1.087,2.15,-0.926,-0.862,-0.013,0.976,-0.077,-2.169,1.214,-1.809,0.194,0.668,-1.159,-0.716,-1.027,-1.479,0.046,1
-0.107,0.353,0.33,-0.531,0.036,2.467,-0.165,-0.307,1.419,-0.457,-1.598,0.774,-0.636,-0.251,0.701,1.439,-1.068,-0.166,0.518,-0.733,0
0.336,-0.76,0.057,-1.504,-0.449,0.526,0.262,0.717,-0.697,0.844,1.925,-0.341,-0.433,1.308,0.429,0.071,-1.402,0.561,1.151,0.699,1
-0.59,-0.165,-0.493,0.504,0.138,0.275,0.468,-0.703,-0.18,0.897,0.052,-0.532,0.407,0.408,-0.496,-0.929,-0.199,0.468,1.086,-0.489,0
-0.086,0.607,0.228,-0.619,1.131,-0.121,1.605,0.086,0.281,0.087,-0.257,2.218,1.24,-0.657,1.848,-1.197,-0.454,1.424,2.269,1.31,0
-0.318,-0.377,2.26,-0.331,-0.719,1.22,1.436,-0.314,0.898,0.636,-0.848,-0.093,-0.394,-0.025,-0.363,-0.694,-0.982,-0.056,-1.047,-0.162,0
-0.572,-1.556,-0.963,-0.437,-0.009,0.045,-0.354,0.158,-1.157,1.816,-2.092,-0.652,1.143,-0.754,-1.466,0.08,-0.632,-0.741,1.806,0.938,1
-0.385,0.659,0.762,-0.645,-3.631,-2.186,0.264,-0.56,1.454,-0.296,-0.47,-1.499,2.297,1.649,1.318,0.756,1.247,0.788,1.549,-0.609,1
-2.703,-0.611,1.19,-0.48,2.254,1.172,0.879,-0.78,-0.078,-0.372,0.364,1.256,-0.122,0.101,0.471,0.684,0.51,-0.78,0.663,0.656,0
0.058,0.788,-1.086,1.052,-0.389,1.475,-0.171,-2.088,0.796,0.496,0.603,-0.523,1.036,0.532,-0.315,0.021,-0.055,-0.812,-0.261,-0.693,0
1.552,-2.309,-2.196,0.32,0.773,-0.167,-0.012,-0.113,-0.684,-1.251,-0.076,0.379,0.62,-0.09,1.21,0.877,1.831,-0.616,-0.607,-2.06,0
1.529,0.338,0.192,0.164,0.671,-0.41,-0.53,0.253,-0.199,0.61,-1.439,1.662,0.356,-1.812,0.465,-0.548,-1.06,0.174,0.382,-0.196,1
-0.151,0.626,-0.622,-1.087,-1.325,0.377,-0.058,-1.477,-0.986,1.487,0.147,-1.366,-0.671,0.952,1.475,-1.476,-0.866,1.278,0.353,-0.075,1
0.406,0.535,-0.069,-0.615,0.27,-0.032,-1.276,-0.637,-0.762,-0.467,-1.203,-2.459,-0.49,-1.594,0.948,-0.426,-1.483,-0.45,0.889,-1.153,0
0.029,-0.52,-0.165,-0.277,-0.245,-1.988,-1.266,-0.307,0.84,-0.469,0.227,0.342,0.593,1.917,-0.479,-0.058,-1.724,-0.991,1.955,-0.065,1
0.146,1.136,-0.269,-0.913,0.687,1.564,1.013,-1.149,-0.792,-0.321,0.546,-1.267,0.578,-0.021,-0.138,0.099,-0.163,0.19,-1.257,0.257,0
-1.063,-0.633,-0.629,-1.677,0.672,1.989,0.816,-1.468,1.663,-1.454,-0.231,0.555,0.325,1.494,0.585,0.76,-1.014,-1.392,0.886,0.916,0
0.485,-1.036,0.162,-0.346,0.772,0.017,0.68,-0.13,0.097,0.796,-2.161,-0.569,-2.002,-1.23,0.877,-2.092,1.594,2.564,-0.127,0.231,0
0.792,-0.308,0.676,2.681,-0.871,0.036,1.099,-0.28,0.531,0.532,-1.585,2.422,0.477,0.596,0.279,0.239,0.474,0.031,-0.149,-0.365,1
-1.816,1.113,1.172,-1.718,1.024,-1.037,-1.998,1.509,0.197,1.069,0.485,0.006,1.001,0.705,-0.698,0.473,-0.657,-0.868,-0.104,0.976,1
-0.883,-0.706,-1.28,0.136,-0.281,1.725,0.127,-0.881,-0.638,0.534,0.168,-1.081,0.865,0.982,0.724,0.133,-0.628,-0.146,-0.424,-1.488,0
0.858,3.035,-1.149,0.227,0.031,0.015,1.177,-0.965,-0.247,-0.68,-1.01,-0.388,-1.38,1.07,-0.904,0.768,0.439,-0.503,2.117,1.219,0
-0.785,1.09,-0.066,1.257,0.158,-1.743,-1.294,1.307,0.709,0.295,-0.694,-0.801,-0.078,-0.501,-2.227,-0.173,-0.663,-0.55,0.059,1.538,1
1.044,-0.263,0.219,0.051,1.127,0.545,-0.219,0.412,-1.132,-2.389,0.718,-1.583,-0.963,-1.054,-0.611,0.11,0.124,-1.439,-0.459,0.719,1
-0.096,-0.681,0.734,0.094,1.083,0.809,-0.977,-0.261,0.902,0.318,1.505,-0.0,-0.84,-0.996,1.97,-0.624,0.781,-1.474,0.913,-0.814,0
-0.328,-1.603,0.157,1.24,-1.339,-0.104,0.157,-1.513,0.991,0.557,-0.678,0.968,0.836,-2.077,0.926,1.882,0.028,-0.363,0.455,0.759,0
-0.963,0.954,-1.412,0.813,1.435,0.058,-0.895,-0.086,-0.605,-0.688,0.206,-0.719,-1.145,0.889,0.248,0.976,-1.003,-0.869,1.035,1.141,0
-0.611,0.567,-0.153,-0.292,-1.207,-0.168,-1.021,0.455,0.056,0.191,-0.003,-0.642,-0.235,0.183,0.827,0.682,0.406,1.706,1.166,-0.24,0
0.225,-2.376,0.402,-2.295,0.954,-0.388,2.196,0.841,-1.489,0.585,-0.641,-1.906,-0.215,0.167,0.086,-0.38,-1.383,0.567,-2.206,0.286,1
2.499,0.055,-1.184,0.82,0.799,0.343,-0.711,0.407,0.956,0.307,0.318,-1.83,1.851,-1.289,1.267,-0.969,-0.461,0.841,-0.194,-0.14,0
0.071,-0.068,1.269,2.291,-0.08,-2.143,1.594,2.538,-0.496,1.559,-1.202,-0.635,0.206,1.208,-1.298,-1.784,-1.739,1.733,0.734,0.994,0
0.008,-0.283,-1.071,-0.395,0.724,1.135,0.137,-0.283,0.845,-1.665,0.901,0.292,0.983,-1.65,-0.845,-1.778,1.68,-0.308,0.178,0.306,1
0.647,1.3,0.643,-1.319,-0.569,-1.9,0.252,0.725,-0.011,0.326,-0.399,-0.546,-0.949,-0.583,0.608,1.859,-2.049,1.22,1.375,0.497,1
-0.505,1.31,-0.083,0.216,0.11,-0.499,1.411,0.91,0.836,-0.455,-0.143,0.109,0.691,0.434,0.165,0.93,0.431,-2.241,0.348,-1.498,0
0.29,-0.283,-0.749,-1.425,-0.325,0.249,-1.405,0.007,-0.66,-0.929,1.041,1.73,-0.896,-1.749,0.238,-1.806,-0.415,-1.711,0.365,-0.58,1
-0.71,-0.273,0.872,0.216,0.522,0.341,1.011,-0.047,0.299,-0.421,-1.038,0.639,0.023,-1.036,0.692,-0.679,-0.925,-0.311,0.197,0.631,0
-1.723,-0.521,0.061,0.421,1.058,1.325,1.133,0.425,0.774,0.141,-0.278,0.016,-0.906,-0.603,0.052,-0.599,-3.029,0.262,2.572,-0.475,1
0.362,-0.579,-0.725,1.381,-0.153,-1.385,0.454,0.388,-0.666,-0.542,2.93,0.04,-0.693,-0.622,0.746,-0.464,0.354,0.573,-1.925,1.346,0
1.214,-0.087,-0.756,-0.609,0.065,0.207,-0.484,-0.493,-0.606,-0.384,-1.5,1.424,0.426,1.725,-1.177,-0.557,0.626,-0.022,-1.742,-0.767,0
1.43,0.392,-1.397,-2.002,0.238,2.49,0.313,-0.388,0.893,0.725,0.434,0.974,-0.004,0.073,-0.259,0.796,0.579,-0.135,-1.356,-0.394,0
1.368,1.286,-1.334,0.943,-1.138,-1.121,-0.662,1.878,-0.905,-0.011,-0.306,-2.031,0.283,0.386,-0.236,-1.225,-0.793,0.47,0.096,1.716,1
-0.16,-0.17,-0.821,0.024,0.53,-0.378,1.417,0.491,0.916,0.174,0.19,-0.158,-1.969,-0.245,-0.678,0.478,-1.891,0.299,1.51,-0.401,1
0.362,0.444,0.372,0.173,-1.214,1.944,1.137,-0.977,0.972,0.158,-0.129,0.946,0.749,1.349,1.659,-0.682,0.859,1.069,1.035,-1.089,0
-0.983,0.186,1.563,-1.385,-0.454,0.698,0.547,0.552,0.24,-1.13,-0.291,-1.446,0.328,-0.224,0.634,1.271,0.526,-0.089,0.084,-0.551,0
-0.453,1.059,-1.751,0.831,-0.2,-1.224,-0.167,-0.637,-0.824,-0.367,0.576,-0.54,2.144,-0.847,1.005,0.099,-0.925,0.672,0.419,-0.221,0
0.542,0.271,0.653,-0.226,-0.27,1.133,1.283,0.402,1.557,2.038,-0.113,-1.007,-0.38,-0.678,-1.053,0.223,1.023,0.776,0.646,0.74,0
-0.75,-1.135,0.431,-0.223,0.04,0.355,1.938,-1.255,0.46,1.5,0.39,0.404,-0.479,-0.576,-2.324,-0.285,-0.504,0.582,-2.675,0.185,1
-1.313,-0.776,-0.095,-1.172,0.512,0.345,-1.171,0.256,0.452,-0.777,-2.579,1.333,0.31,0.081,0.137,1.276,0.426,0.122,0.557,0.305,0
-0.508,-0.384,-0.186,-0.164,0.504,1.202,0.548,-0.51,1.642,-1.37,-0.133,0.612,-2.773,0.436,0.125,1.518,0.685,1.685,-0.555,-0.391,1
1.033,0.165,-0.592,-0.015,-0.38,-0.262,-0.523,-0.423,0.077,1.605,1.269,0.191,0.362,-1.11,0.157,0.618,1.484,-0.264,0.919,0.15,0
-1.976,-0.659,-0.676,0.077,-0.397,-0.399,-1.867,1.031,-0.301,-0.05,1.668,0.709,0.987,-0.662,1.184,-1.639,0.778,-0.865,-0.419,0.913,0
0.269,0.02,0.209,0.982,-1.045,-0.812,0.494,1.259,0.062,-1.385,-1.494,0.906,-0.79,-0.422,2.009,-0.672,-2.076,-0.091,-0.599,-0.251,0
-1.177,-0.763,1.022,0.586,0.772,-1.958,1.624,-1.904,-1.881,1.475,1.636,-0.965,1.141,0.416,2.026,-1.013,0.349,0.582,-0.393,0.454,0
-1.179,0.79,1.142,0.557,0.121,0.446,-0.977,-0.585,-1.55,0.302,-0.347,-0.203,-0.443,1.271,-0.677,0.648,-0.976,1.839,-0.003,0.41,0
-0.72,0.645,-1.018,-1.102,0.917,1.109,-2.089,2.154,0.353,0.413,-0.925,-1.502,0.705,0.371,-0.714,-0.159,-0.329,0.641,-0.234,0.189,1
0.02,-0.242,-1.851,0.268,-0.022,0.422,-0.86,0.291,0.653,2.098,-0.924,-0.46,0.107,0.149,2.116,0.264,-1.117,1.14,-1.15,0.723,0
-0.822,1.331,-0.302,-1.095,0.598,-0.491,-0.196,-1.643,-0.068,-2.245,1.578,-0.516,-0.198,0.838,-0.354,1.394,-0.39,0.95,-2.148,-0.062,0
0.262,0.415,-0.55,0.256,0.809,-0.529,0.448,-0.801,0.632,1.397,-1.116,0.143,0.851,1.193,0.544,-1.208,1.191,1.283,-1.451,-0.424,0
0.927,0.026,0.706,1.062,-1.612,0.453,1.141,0.238,-0.127,0.053,1.092,-1.302,1.352,-1.175,1.566,-0.228,1.123,-0.742,0.229,-0.454,0
0.797,1.405,-0.877,-0.35,-2.46,1.248,2.15,-0.32,0.593,0.371,-1.511,-0.639,1.132,0.426,-0.284,0.368,1.078,0.364,1.405,1.093,0
-1.037,0.979,0.456,0.268,-2.552,0.071,0.358,1.88,-0.746,-1.482,1.421,-1.994,0.076,-0.576,-0.579,-1.461,-2.052,-1.131,1.258,-0.571,1
0.784,0.41,0.306,-0.23,0.238,-1.802,0.347,-0.298,0.235,-0.11,-1.323,-1.734,-0.266,-1.408,-0.746,1.431,1.914,-1.551,-1.43,0.205,0
-0.159,0.052,0.638,1.08,-1.211,0.601,0.077,-0.885,0.371,1.475,-1.751,-0.029,-0.664,-1.484,0.081,-0.547,-1.051,-0.648,-1.357,-1.331,0
0.511,-1.462,1.452,1.465,-0.194,-0.073,0.061,-0.616,1.015,0.595,0.765,1.998,0.391,1.995,-0.635,1.069,1.161,-1.779,0.809,-0.106,0
-0.027,0.334,-0.275,-0.297,-0.514,1.586,1.394,-0.547,2.069,-0.179,0.81,-0.48,-0.638,1.18,-1.642,0.89,0.226,0.707,0.661,0.453,0
-1.394,0.688,0.243,0.061,-0.561,-0.483,0.477,0.17,0.845,1.798,1.431,-0.984,0.012,0.303,-0.757,0.733,-1.003,0.211,1.464,-1.084,0
-0.673,-0.252,-2.298,1.541,0.454,0.159,-0.086,0.263,0.493,1.318,0.454,-0.482,2.981,-0.809,-0.773,-1.038,1.18,-0.692,-1.085,0.779,0
-0.646,-1.416,0.866,-0.376,-0.79,-0.528,-1.129,-0.089,0.108,2.201,-2.041,0.396,-0.614,0.642,-3.08,-1.362,-0.296,1.128,-0.789,-0.039,1
-0.761,0.544,0.454,0.911,0.999,-0.271,-0.954,-0.674,0.308,-0.128,0.037,0.516,0.917,-0.523,-0.188,-0.993,-0.529,-1.31,-1.417,-1.607,0
-0.167,-0.868,-0.403,-1.507,0.549,-1.272,-0.828,-0.344,-0.732,-0.564,0.04,-0.478,-0.435,0.588,-1.19,0.311,-0.576,0.327,0.63,1.879,1
-2.474,1.303,-0.595,0.356,0.032,-0.12,1.089,-0.792,-2.298,0.24,0.399,-1.225,0.036,1.179,-1.766,-1.002,1.553,0.18,-1.115,-0.936,0
-0.419,-0.816,0.017,-1.184,0.483,-0.191,-1.472,-0.341,1.297,-2.006,0.282,-0.811,-1.549,0.049,-0.771,0.642,0.615,-0.203,-1.662,0.881,1
-1.628,-0.514,0.538,-1.227,-1.179,-1.172,1.6,-0.386,-0.325,1.117,-1.328,-1.249,-0.1,1.251,-0.11,-1.405,-0.607,0.937,0.265,-1.508,0
-0.423,-0.452,-0.682,-0.96,0.44,-0.148,-0.364,-0.472,-0.733,1.435,0.018,-0.085,1.649,-0.181,-1.858,0.97,-1.587,0.049,1.133,-1.953,0
0.563,-0.252,1.447,0.978,-1.319,-0.071,0.269,-0.699,1.587,0.142,0.376,-0.792,2.668,-0.14,0.942,-0.012,-0.52,1.852,1.837,2.074,0
-0.737,-0.769,-0.051,1.599,0.212,1.106,1.312,0.424,-0.492,1.656,0.411,-0.243,0.863,-1.449,0.314,-1.005,-1.344,1.268,-1.294,-0.741,0
-0.33,0.33,0.981,-1.491,0.539,1.336,-0.564,0.663,0.431,-0.773,-0.803,0.464,-0.171,2.707,0.662,-0.654,0.728,0.093,-0.18,0.7,0
-1.251,0.909,-0.158,-0.439,0.739,-0.468,-1.596,-1.667,0.339,0.375,-1.329,0.564,0.805,0.745,-0.174,1.108,0.515,0.893,-1.511,-0.851,0
2.082,1.068,-1.428,-0.332,1.705,0.606,1.112,-0.564,-1.365,0.179,0.565,0.327,0.014,2.692,1.273,-0.634,0.568,0.511,0.975,1.977,0
-1.274,-0.787,2.138,0.343,0.95,-1.535,-0.171,0.98,-0.059,2.073,-0.398,-0.202,-0.164,-1.239,-1.056,1.246,-0.725,-1.045,0.563,0.173,1
1.99,-1.182,0.304,2.226,0.306,-0.63,0.776,-0.511,0.3,0.173,0.086,0.108,1.063,1.841,-0.569,-1.446,-0.256,1.173,-0.428,-0.299,0
0.149,1.661,-2.622,-0.432,-0.101,-0.439,-1.978,-0.036,-0.787,-0.117,1.899,0.452,-0.585,0.174,-0.203,-1.271,0.873,0.141,-1.406,0.408,0
1.458,-0.532,0.897,-1.139,-1.31,-0.096,-2.411,-0.01,-0.661,0.803,-0.07,-1.517,0.2,-0.247,0.236,0.762,-0.506,0.749,1.068,-2.637,0
0.695,-0.323,0.597,-0.625,1.647,-1.708,0.096,-0.286,1.017,-0.658,-0.4,-1.797,-0.378,0.232,-0.732,-0.404,1.206,-0.694,-1.516,2.024,0
-0.808,0.094,0.273,0.544,-2.476,0.211,0.254,-0.732,-1.38,-0.21,0.892,0.183,0.504,-1.007,-1.339,-0.45,-0.16,-1.609,0.181,1.864,1
-1.201,-0.072,0.144,-0.149,-0.451,0.307,0.981,-0.54,-0.421,0.407,-0.319,0.883,0.665,-2.191,0.484,0.688,1.644,-0.097,-0.973,0.905,0
-0.908,1.159,-1.467,1.719,-0.367,2.358,-0.46,-0.059,-1.242,-0.024,-2.043,0.191,0.576,-0.518,0.92,0.986,0.057,0.159,0.651,0.02,0
0.848,2.075,-0.381,-0.946,-0.459,-0.694,0.3,-1.39,1.299,-1.804,1.838,-0.722,0.629,-0.069,-1.212,-0.529,-1.557,-1.2,0.274,-0.613,1
0.985,1.621,0.507,-0.126,0.035,1.315,-0.688,-0.103,0.377,0.664,0.059,0.699,-0.16,-1.092,0.025,0.494,-0.573,0.69,0.677,0.542,0
-0.178,-0.76,0.488,-1.456,0.935,0.303,-0.534,-0.289,0.965,1.729,-0.804,-0.287,-1.258,0.084,0.997,-0.766,-0.368,-0.16,0.731,-0.499,0
-0.306,0.978,0.905,-0.902,-0.228,-0.948,-0.154,1.032,0.18,-0.272,0.159,1.114,-0.571,-0.987,-1.678,1.828,-1.402,-0.135,-0.58,1.03,1
0.167,0.13,0.338,1.026,-1.155,0.211,0.075,0.44,0.029,0.182,0.035,-1.896,0.55,0.198,-0.331,-1.322,-0.244,-0.496,1.651,0.799,1
0.696,-0.932,0.185,0.039,-1.023,0.32,-0.843,-2.109,0.518,0.622,0.018,1.376,-0.024,-0.114,-0.284,-0.106,0.342,-0.22,-0.094,-0.515,0
0.514,0.395,0.561,-0.007,-0.498,0.471,-0.591,-0.415,0.532,1.318,-0.79,-0.509,0.237,1.217,0.215,1.248,2.461,0.142,1.838,-0.228,0
0.962,0.045,-2.038,-1.092,-0.174,-1.065,0.927,-0.162,0.369,-0.26,0.127,-1.703,0.642,-0.682,-1.646,0.157,-0.362,-0.128,-0.308,-1.714,1
0.234,-0.403,-1.402,-0.866,0.834,0.179,1.002,-0.677,0.028,-1.037,1.425,0.366,0.849,0.474,0.542,0.002,-0.544,0.181,-0.77,-1.035,0
0.731,1.673,0.355,0.303,0.048,0.503,-0.026,-1.853,0.213,0.806,0.702,-0.649,-0.473,2.219,-1.868,-1.373,-1.013,1.366,1.189,-2.78,1
-1.031,-0.702,0.81,0.895,-1.227,0.786,-2.096,0.454,-0.439,0.484,0.926,0.069,1.482,-0.913,-1.607,-0.597,0.791,1.114,1.433,0.35,0
0.293,0.998,0.935,0.086,-0.591,-0.603,0.69,0.723,-0.424,1.326,-1.067,0.624,-2.451,1.301,-1.357,0.401,1.013,-0.072,0.031,-0.756,0
-0.796,-0.687,1.909,-0.494,-0.063,0.95,0.669,0.125,0.509,-1.065,-0.465,-0.915,-0.401,-0.089,-0.951,0.28,0.065,-2.057,1.113,-0.758,0
0.098,0.889,0.346,-0.114,1.457,-1.131,1.233,0.879,0.766,0.432,-1.018,0.012,0.67,1.203,0.83,-0.919,0.958,0.272,0.992,0.383,0
-0.503,1.523,-2.502,-0.625,-0.452,-0.572,1.731,0.405,0.591,0.521,0.263,1.463,0.807,2.106,0.125,-1.074,-0.045,-0.774,1.448,-1.809,1
0.714,1.473,-1.772,0.048,0.203,-0.689,-0.541,2.047,-0.588,-0.835,0.05,0.438,1.383,-1.389,0.39,-1.538,-2.017,0.857,0.047,-0.35,0
-0.877,-0.383,-0.059,0.761,-0.975,0.901,-0.433,-1.508,2.263,0.889,0.736,-0.622,-0.568,-1.425,0.498,-1.395,-2.804,0.481,0.33,1.494,1
1.692,0.16,1.025,0.129,-0.464,1.384,-0.684,-0.366,0.409,-0.138,-0.482,-0.96,0.884,-1.103,0.461,-0.627,-0.059,1.432,-0.321,-0.321,0
-1.382,-0.367,-1.377,-0.658,1.82,-0.52,1.48,0.425,-0.304,0.07,-1.513,1.358,0.324,-1.068,0.09,3.131,-0.854,-0.836,1.299,-0.711,1
0.281,0.153,0.094,0.875,-1.227,1.321,1.034,-0.495,-3.387,2.095,0.273,-0.03,0.086,-1.73,0.081,1.269,-0.343,0.988,1.373,-0.33,1
-0.541,0.518,-1.135,0.471,1.92,0.475,0.567,0.246,2.888,-0.556,0.017,-0.396,-1.005,0.158,-2.73,-0.128,-0.443,-1.8,-0.487,-0.36,0
-0.259,1.356,-0.627,0.473,-0.685,1.417,0.858,0.883,-0.965,-1.34,0.034,-0.446,0.152,1.623,-0.43,-0.162,-1.028,-0.992,0.294,-0.36,0
-0.133,-0.098,-1.994,0.116,-0.673,0.855,-1.179,-0.954,-0.97,0.314,1.2,-0.183,-0.18,-0.103,-0.109,0.578,1.75,0.002,0.365,-0.895,0
-0.363,1.18,0.827,1.458,-1.029,-1.296,0.284,-2.202,0.549,-1.293,0.451,-0.395,1.716,0.154,-1.465,-0.517,-0.879,-0.81,0.679,0.337,1
-0.529,0.932,0.676,0.144,2.182,0.038,0.218,2.395,0.402,1.687,-2.744,-1.904,0.919,0.123,2.827,0.474,-1.915,-1.538,-0.653,0.164,1
-0.197,1.039,-0.391,1.021,-1.227,-2.058,0.599,-0.136,-0.219,-0.47,-0.95,-0.681,-0.981,-0.752,-1.032,-1.808,0.218,0.686,0.437,-1.956,1
1.292,-1.698,-1.203,-1.647,-0.79,-1.314,1.212,0.933,-0.261,1.515,-1.521,-1.167,-2.033,-0.083,1.448,0.154,-0.19,-0.99,0.379,1.921,1
0.031,0.313,-1.2,-0.227,-0.238,-0.683,0.462,-0.917,-1.665,0.706,0.903,-0.382,0.198,-0.032,-0.926,1.17,0.247,-2.151,1.215,-0.33,1
-0.516,0.023,-0.675,1.309,-1.666,0.329,-0.849,0.975,-0.373,0.609,-0.759,-0.649,-1.337,1.17,-0.558,0.387,-0.491,-0.325,0.131,0.624,0
0.679,0.396,0.669,-0.196,-0.32,0.204,-1.962,-0.547,-0.135,0.526,1.234,0.191,-0.193,1.577,0.119,0.29,-2.093,-0.045,0.111,0.389,0
0.548,-1.35,-0.447,-0.71,-1.751,0.902,-1.384,-0.808,1.207,0.189,-0.653,-0.236,0.606,-0.356,1.464,-0.824,-0.358,-0.938,1.437,1.586,1
-1.267,-0.383,0.832,1.844,0.022,0.288,0.399,2.459,0.457,1.107,0.917,-0.231,-1.499,0.643,0.182,-1.076,1.572,1.009,0.403,1.615,0
0.448,0.55,0.22,-0.02,0.202,-0.305,-0.119,0.802,-0.387,1.561,0.05,-0.333,0.982,1.098,-0.257,-2.262,0.169,-1.614,-0.011,1.21,0
-1.448,1.361,-1.306,1.641,-0.339,0.133,-0.914,-0.155,0.395,-0.099,-1.814,-0.693,1.377,1.037,0.522,-2.009,-0.787,0.072,-1.958,-0.168,0
-0.094,-1.502,0.908,-0.627,1.346,0.328,1.341,1.216,0.959,0.514,0.576,0.078,-1.061,2.042,0.651,-1.007,0.358,-1.08,0.047,2.201,0
0.759,-1.586,-0.673,-1.226,1.34,-1.162,1.478,1.56,-0.323,2.119,0.788,-1.963,-0.526,2.64,1.172,1.272,-0.7,-1.097,-0.552,-0.326,0
0.621,-1.41,-0.415,3.069,0.37,-0.728,-0.929,0.898,-0.484,0.033,-0.109,0.467,-1.1,0.87,0.914,-0.933,-1.924,0.544,1.674,-0.146,1
-0.663,1.212,0.922,0.571,-0.705,2.054,0.957,-1.022,0.291,-0.083,1.52,-0.358,-0.61,-1.506,-0.773,1.085,1.487,0.604,-1.126,0.376,0
1.959,-0.796,0.454,-2.507,0.404,-1.522,-0.513,-1.381,-0.533,1.082,0.641,-1.73,-2.148,0.497,-1.269,-0.242,-1.075,-0.682,1.007,-0.828,1
0.661,-0.033,-0.14,1.026,-1.972,0.6,1.361,-0.173,0.756,-0.146,-0.094,0.297,0.119,0.117,-0.567,-1.753,-0.5,-0.811,2.027,-2.569,0
1.023,-0.531,2.509,0.95,1.45,1.91,-0.415,-2.154,-1.184,-0.133,-0.613,1.065,-1.361,1.184,-1.167,-0.251,0.333,1.123,1.876,0.274,0
0.28,0.728,0.024,2.394,-1.313,-0.486,0.401,1.077,2.587,-0.739,0.33,2.811,-0.879,-0.331,0.646,0.178,-1.129,-0.36,-2.383,1.351,0
-0.407,-0.302,-1.535,1.602,-1.069,0.085,0.339,-1.223,0.198,0.385,-0.073,0.878,0.13,-0.666,0.492,-0.983,-1.295,-1.5,1.156,-0.753,0
0.59,-1.331,1.276,-1.151,1.454,0.22,-0.265,0.775,0.13,1.044,-1.779,0.356,-0.054,0.071,-0.806,-0.351,1.128,0.026,-0.149,0.395,0
1.974,-0.44,2.382,-0.346,2.695,-0.854,-0.278,0.777,-0.439,1.173,1.397,-0.413,0.689,0.034,-0.298,-1.17,1.524,1.298,0.659,-0.822,0
-0.146,0.779,0.64,0.808,0.573,1.39,-0.235,-0.539,-1.161,-1.486,0.135,1.355,1.95,1.081,0.784,1.862,0.673,-0.432,1.801,1.334,0
-0.318,1.118,1.891,0.2,-0.178,-0.263,0.751,0.183,-0.998,0.458,0.792,-0.964,0.466,1.354,-1.459,0.375,0.746,0.266,-1.085,-1.508,0
-0.434,0.957,1.254,-1.038,0.525,-0.838,1.723,-1.173,0.727,-1.719,2.384,-1.165,-0.205,-0.538,1.297,-1.614,-0.816,-0.151,-0.502,0.804,1
-1.133,-0.744,-0.701,-0.422,-1.533,-1.934,0.351,-0.64,0.019,-0.715,-0.703,0.77,0.94,1.083,-0.652,0.286,0.101,0.098,-0.808,1.442,1
-0.646,0.048,1.383,-0.667,0.788,-0.16,-0.103,0.274,1.158,-0.22,0.422,-0.327,2.341,-0.535,1.055,-0.403,0.645,-0.631,-1.281,0.009,0
1.233,0.624,1.521,-0.498,0.754,-0.389,2.592,0.085,-2.031,0.646,1.217,0.031,1.082,-1.9,-2.707,-0.787,-0.62,1.828,0.488,0.137,0
-0.757,-1.064,1.961,-0.439,0.892,1.872,0.245,0.702,0.91,-0.732,-0.666,-0.328,-1.439,-1.28,-0.196,0.199,-0.597,-1.035,0.421,-0.549,0
-1.254,-1.27,0.649,0.234,-0.155,-0.434,-1.096,-1.123,-1.865,-2.121,-0.672,-0.756,-1.045,-0.28,1.21,-0.989,0.35,-0.264,-1.063,-0.747,1
0.327,-0.499,-1.472,0.502,0.428,1.004,1.708,-0.267,-0.591,2.362,1.208,-0.549,1.531,0.444,-2.458,0.65,0.024,0.26,0.735,-0.006,0
-0.788,1.137,-1.737,0.961,-0.488,-0.657,-0.472,0.36,0.531,1.008,1.61,1.602,0.02,0.573,0.372,0.226,-0.754,-0.338,0.417,0.229,0
0.194,1.042,-1.126,-0.041,0.716,0.342,-0.678,0.178,-0.162,-0.027,-0.338,0.616,-1.576,-1.186,0.328,-0.035,0.189,1.038,0.779,-0.65,1
-0.481,0.131,0.835,1.612,-0.494,0.305,2.131,0.027,0.786,0.813,0.045,-1.744,-1.31,-1.422,-0.32,0.012,0.753,-0.885,0.898,-1.674,1
-1.145,0.223,-0.937,-0.175,0.835,-1.252,0.264,1.295,-0.544,2.05,0.065,1.448,-0.207,1.521,-1.234,-0.787,-0.727,-0.26,-0.182,0.409,0
0.219,-0.457,-0.652,-0.321,-0.506,0.815,0.684,-1.224,0.909,-0.602,0.853,-0.687,1.131,-0.346,-0.674,-0.162,1.832,-0.727,-0.441,-1.156,0
-1.107,-0.604,0.014,-0.219,-1.005,1.27,1.212,-0.362,1.116,0.414,0.121,0.837,-0.664,-2.04,-0.621,-0.958,-0.502,0.459,-1.307,0.93,0
1.071,1.338,0.278,-1.329,-0.289,-2.518,-2.533,-0.023,-0.556,2.075,-0.84,0.952,0.204,-0.886,1.05,0.557,0.138,-0.153,1.217,1.779,1
-0.709,-0.984,-0.171,0.27,0.319,-0.691,0.35,-0.321,-1.187,-0.831,-1.114,1.262,0.681,2.017,0.481,0.314,-0.523,-0.261,-2.145,1.025,0
2.145,-0.344,0.913,-2.461,-0.46,0.064,-0.46,-0.598,0.844,-0.639,-1.219,-0.184,-1.74,-0.44,0.979,1.004,1.839,-0.703,-2.138,0.366,0
-2.165,0.979,0.38,-1.928,0.92,-1.607,-1.356,-0.259,0.086,-0.377,0.976,-0.841,-0.962,-0.581,1.152,-0.559,-0.251,2.171,-1.23,0.309,1
-0.461,-1.003,-3.369,0.783,-0.344,0.348,-1.718,-0.893,-0.746,0.151,-0.786,-0.351,1.252,-0.36,-0.44,1.988,-0.693,0.46,0.601,0.806,0
0.98,0.917,-0.117,0.211,0.523,-1.769,-0.812,-0.877,-0.013,1.115,-0.447,1.315,1.038,2.203,-0.908,2.094,-0.924,-0.553,0.093,1.056,0
0.836,0.4,-0.522,1.808,-0.132,-1.093,-2.486,-0.039,0.802,-0.185,0.534,-0.498,0.896,-1.269,0.042,0.968,-1.761,1.098,0.858,-0.956,0
-0.047,-0.691,-0.389,0.046,-0.379,1.577,-0.043,1.354,-1.125,-0.179,0.204,0.927,-0.324,0.685,1.072,-1.0,0.97,-1.724,1.617,-0.93,1
0.419,2.068,-1.234,2.679,0.3,-1.304,0.751,0.373,0.171,0.6,-0.197,-0.119,0.974,1.073,-1.026,-1.13,-0.291,-1.687,1.56,1.841,0
-0.773,-0.241,2.39,-0.548,0.644,0.75,-1.205,1.426,-0.724,0.279,-0.866,0.846,0.612,-0.809,-0.2,-2.404,1.563,-0.629,0.804,0.668,1
-0.518,0.954,0.726,-0.577,-0.801,-1.123,-0.782,-0.512,-0.824,-1.023,-1.393,-0.41,0.851,0.888,0.583,0.785,1.514,1.251,-1.937,-1.205,0
-1.039,-0.143,1.13,0.588,0.021,0.125,0.255,-0.402,-1.781,-0.081,-1.76,0.821,-0.15,-1.869,-0.65,0.693,-1.108,-0.147,-2.246,0.403,0
0.104,0.313,0.194,-0.403,0.728,1.436,-1.437,0.524,-0.27,0.017,1.278,-0.305,-0.013,1.343,0.86,0.244,1.977,0.533,-0.879,-0.261,0
-0.128,-0.387,-0.109,0.714,0.037,0.737,-1.074,-0.816,1.198,-1.377,1.067,0.507,0.476,0.91,-1.501,-0.113,-1.2,-0.793,-2.731,-0.015,0
-0.04,-0.115,1.458,0.484,1.408,-2.269,0.393,-0.427,0.365,0.807,-1.56,-0.056,-0.713,0.263,1.133,0.883,0.976,0.353,-0.51,0.048,0
0.779,-0.084,0.846,1.186,-0.447,0.805,0.831,-0.412,-0.195,1.032,-0.642,-1.069,-0.038,-0.832,0.818,0.148,0.369,0.523,-1.136,2.015,0
-0.578,-0.219,0.356,0.751,0.217,0.402,0.925,-0.249,-0.347,0.812,-0.608,-0.81,1.702,-0.968,1.086,1.866,1.496,1.022,1.549,-0.089,0
-0.888,-0.684,-0.015,-0.03,-0.831,-1.784,-1.239,0.937,-0.832,0.913,0.355,1.598,0.685,-0.238,-0.8,0.23,-0.191,-0.365,-0.658,-1.219,0
-1.055,-0.937,0.073,0.245,-1.473,-0.104,-0.556,0.304,0.904,0.598,-1.418,-0.056,-1.369,-0.557,-0.367,1.523,1.471,-0.437,-1.175,0.249,1
-0.416,-0.913,-1.023,0.16,1.56,0.201,0.914,-0.752,2.796,0.417,0.003,-1.399,1.59,-0.781,-0.75,0.281,-0.129,0.939,0.292,1.748,0
-0.815,0.925,-1.553,0.139,1.095,1.035,0.033,0.997,0.633,0.783,0.51,1.563,1.69,1.871,1.294,0.499,-0.533,-0.266,0.393,0.454,0
0.449,-0.435,1.858,0.358,0.185,1.472,0.906,-2.005,1.853,-1.681,0.66,-0.533,0.552,1.646,0.226,0.274,-0.956,0.435,-1.101,0.913,0
-0.46,2.19,-0.682,-0.229,-0.087,-1.119,-0.414,0.293,-0.017,0.473,1.048,0.321,1.162,1.52,1.135,0.014,1.593,0.111,0.593,0.002,0
-0.463,0.15,0.69,-0.382,0.488,0.045,1.997,-0.696,0.512,-0.98,2.352,0.418,-0.131,-0.439,1.698,0.814,-1.232,1.51,-0.496,-1.452,0
1.13,-0.236,-1.41,0.034,-0.274,0.052,0.619,1.299,0.374,0.291,-0.149,0.168,0.737,-1.69,0.305,-0.091,-1.159,-0.748,1.112,-0.442,1
1.072,0.177,-1.243,0.101,0.194,0.241,0.906,0.112,0.928,0.187,1.055,-0.046,1.623,0.935,0.68,2.237,-0.686,-1.309,-1.208,-1.446,0
-0.619,-0.405,0.453,0.409,-0.609,0.983,2.428,1.144,-0.101,0.099,0.381,1.672,-0.424,1.82,-0.394,-0.461,0.519,0.778,-1.591,1.988,0
1.795,-0.843,-0.776,0.707,0.021,-0.715,-0.218,0.655,-1.329,-0.555,0.87,0.176,0.105,1.178,-0.854,0.187,-0.059,-2.408,-1.23,-0.027,0
0.886,-0.729,1.38,0.668,-1.762,0.629,-0.783,-0.08,0.938,-0.421,-0.491,-0.931,0.966,0.463,-1.421,0.251,-0.57,-0.054,-0.731,-1.035,1
0.763,0.921,-0.659,0.248,0.731,2.329,-1.062,-0.539,0.025,-0.43,1.017,-0.549,1.608,0.586,0.158,-0.983,0.185,1.415,0.423,0.543,0
-1.212,0.176,0.255,0.807,-0.308,1.316,0.772,2.005,-0.052,-0.09,0.959,-1.228,0.354,-0.26,0.654,-0.439,-0.059,-1.203,-1.277,-0.397,0
-1.267,-0.69,0.239,1.404,-2.028,-1.028,0.976,-0.067,0.066,-0.735,0.195,-0.713,0.168,-1.189,-0.379,-0.321,0.413,0.339,1.773,1.656,1
-0.081,-0.303,0.324,1.04,0.592,-1.48,-0.12,0.164,0.781,1.228,0.445,-0.302,-0.116,0.451,-0.36,-1.025,0.374,-0.379,2.65,-1.603,1
-0.478,-0.585,-0.217,-0.573,0.372,-0.461,2.175,0.022,0.586,-0.344,0.681,0.772,0.008,-0.252,0.844,-0.262,-0.424,-0.608,0.011,0.001,0
0.673,-0.671,-0.23,0.14,1.354,-0.423,-0.997,-0.99,-0.141,0.817,1.079,1.725,1.166,0.587,-0.119,-0.343,-0.082,0.854,-0.915,0.539,0
-0.78,1.152,-0.431,0.48,-0.004,-0.237,0.175,-0.342,-0.427,1.199,0.869,-0.607,0.116,1.914,-1.145,1.609,0.197,-0.76,-0.694,-1.081,0
-0.065,-0.01,1.208,-0.901,-1.305,-0.125,1.281,0.658,0.462,-0.507,-0.918,0.088,0.625,-1.837,-0.459,0.496,-0.852,-0.192,0.471,-0.708,0
0.019,0.742,-2.13,-1.852,-0.79,-1.383,-1.127,0.492,-1.688,-1.057,-0.338,-0.279,-0.378,-0.23,-1.183,-1.035,-0.808,-0.478,0.816,0.808,1
0.57,-0.437,-0.712,2.339,-0.514,-0.314,-0.843,-1.287,0.552,2.585,0.422,2.559,-1.248,-0.983,0.737,1.483,0.62,0.335,-0.58,-0.242,1
-1.053,0.271,-0.253,0.017,-0.201,0.05,1.485,0.881,0.976,0.808,-1.348,1.146,0.316,-0.455,-0.181,-0.313,0.744,-0.761,1.799,0.671,0
1.539,-0.846,-1.374,-0.299,-1.354,-0.937,0.966,2.291,0.457,1.169,-0.223,1.229,-0.037,-0.177,1.548,1.085,-0.385,-0.504,0.999,-0.716,0
0.284,0.594,0.315,0.27,0.963,-1.219,-0.069,0.061,1.477,-1.168,0.432,0.758,0.269,-0.161,1.175,0.535,1.226,0.909,0.168,-0.01,0
-0.91,0.397,-0.554,1.282,2.018,-0.444,-0.755,-1.785,-0.075,-0.521,-1.048,0.842,-0.998,0.734,1.228,-0.758,1.623,1.292,-0.263,-0.832,1
-0.428,-0.528,-1.799,-0.077,0.782,0.139,-1.734,0.739,1.412,0.381,-0.051,0.868,-1.171,1.22,-0.94,0.661,0.822,0.39,-0.492,-1.69,1
0.056,-0.241,0.916,0.735,-0.69,-0.919,-0.687,-0.103,-0.327,1.245,0.607,-0.094,0.383,1.341,-0.432,-1.897,-2.652,-0.433,0.932,0.435,1
-0.777,-0.192,1.114,-1.215,2.197,0.412,-0.704,0.098,1.042,1.155,0.31,-0.614,1.668,0.015,-1.325,-0.835,-0.209,0.211,-0.159,1.438,0
-0.897,0.466,-0.78,-0.751,0.5,0.906,-0.273,-0.844,0.067,-1.177,-2.319,1.088,1.753,-1.353,-1.717,0.539,-0.465,0.155,-0.933,2.051,0
-0.004,2.646,1.745,0.289,1.111,1.117,-0.797,1.023,-1.074,-1.45,-0.523,0.344,0.204,-1.471,0.198,-0.322,1.893,0.69,1.435,1.086,0
-0.399,-2.049,-1.137,0.905,0.528,-0.501,0.038,-1.013,0.784,1.328,-0.514,-0.048,-0.207,0.419,1.796,-0.699,-0.437,0.344,-0.532,-1.788,0
0.576,-0.371,-0.021,-0.325,0.754,-1.73,-0.64,-0.024,1.732,0.392,-0.37,0.881,0.537,-0.484,-1.163,0.328,-1.685,-1.058,1.454,-0.298,1
-0.874,-1.033,-0.415,1.559,0.521,1.036,0.21,-1.15,-0.258,0.281,-0.516,1.522,-0.423,0.568,0.48,-0.963,0.167,0.179,-0.615,0.885,0
-0.872,-1.377,-1.849,0.306,-0.424,0.627,-0.644,3.06,0.869,0.733,1.755,-0.243,1.988,-1.137,-2.25,-0.581,-0.749,-2.154,-0.157,0.097,1
0.254,1.505,1.313,-0.74,-1.814,-0.288,-0.402,0.729,-0.499,0.703,0.342,-1.341,2.591,-0.144,-0.477,-0.229,0.37,1.024,0.351,-0.116,0
-0.513,0.861,2.618,0.852,0.344,-0.219,1.695,0.731,-0.71,1.511,0.914,-1.295,0.951,-1.342,0.958,-1.834,-0.595,-1.671,-1.344,-0.792,1
0.125,-0.997,0.932,-1.099,0.882,-2.033,-0.352,0.101,1.526,-1.622,0.53,-1.372,-0.63,-0.657,0.424,-0.401,-0.489,0.957,-0.844,-0.368,0
0.417,-0.871,-0.162,-0.948,-0.653,-0.359,-0.818,0.374,0.912,0.678,0.056,-1.339,-0.3,0.16,-0.677,0.75,-2.26,-1.362,1.577,0.147,1
1.805,1.303,0.184,-1.956,0.149,-0.937,-0.951,-0.299,-0.652,0.277,-0.007,-1.879,-0.883,-0.035,0.331,-1.535,1.579,1.563,1.034,-0.645,1
-0.796,0.475,0.645,-2.469,-1.27,1.403,0.395,-0.291,-0.472,-0.699,0.452,-1.091,0.941,-1.932,0.129,-1.013,0.748,0.201,-0.9,-0.291,1
0.105,-0.594,-1.728,1.056,0.217,0.235,1.814,-1.533,-0.365,-1.513,0.793,-1.063,0.998,1.038,-0.04,-1.591,0.307,1.118,-1.346,1.057,0
-1.554,-0.9,1.18,-1.085,0.666,-0.725,1.353,-0.136,1.106,-0.278,-0.73,-0.906,0.34,0.954,-0.042,0.059,-0.044,0.657,-1.829,0.516,0
-2.181,-0.744,0.46,1.223,-2.048,1.094,0.42,-0.637,-2.17,1.143,0.896,1.68,-0.504,-1.512,-0.145,-0.771,1.385,0.068,-2.206,-0.936,0
1.66,-0.552,-0.31,-0.647,-0.227,-0.338,0.693,-0.554,1.381,-0.367,-0.089,-0.663,-0.292,0.101,1.012,-0.816,-0.186,-0.764,-0.375,-0.863,0
-0.81,-0.214,-1.115,0.141,-0.327,0.851,-0.185,-1.132,-0.034,1.51,-0.119,1.464,0.883,1.138,0.779,0.077,-1.441,0.54,-0.137,-0.471,0
-0.683,0.851,-0.842,-1.075,-0.901,-0.636,-1.087,-0.028,-0.153,1.099,-0.033,-0.892,-1.307,0.147,0.867,3.209,-0.105,-0.123,-0.108,-1.453,1
-0.512,0.991,0.791,-0.342,-1.858,0.69,0.888,1.205,-0.595,-0.399,-0.3,-0.015,-0.176,-0.727,-0.522,0.376,0.594,0.207,1.483,0.959,0
-0.342,-1.006,-1.077,-2.229,0.811,0.136,-0.301,-0.265,-0.236,2.775,-0.049,0.958,-0.12,-0.009,-1.624,-0.553,0.815,-0.039,1.35,-0.048,1
-0.711,-0.73,-1.411,0.349,-1.341,0.342,0.196,-0.166,-0.333,1.008,0.913,0.514,-0.876,-1.406,-0.691,0.396,-0.292,0.375,-1.108,0.375,0
0.616,-0.916,-0.064,-0.334,0.568,0.506,1.892,-0.753,1.059,-0.01,0.418,0.163,-0.267,0.196,0.828,-0.73,-1.84,0.188,-1.452,1.467,0
0.935,0.258,0.916,-0.532,0.622,0.123,-0.178,2.933,0.463,-0.626,-1.377,-1.664,-0.433,2.27,2.001,-2.117,0.351,-0.915,-0.286,1.874,0
0.072,0.001,-0.14,0.911,-1.065,0.458,0.154,-0.744,-1.479,0.569,-1.146,-1.905,0.991,-0.997,-2.304,-1.87,1.657,-0.544,0.369,-0.178,1
-0.709,0.248,0.745,1.521,0.415,2.08,0.149,-0.416,1.219,0.861,0.899,-0.432,-0.012,0.191,0.454,-0.272,0.438,0.667,-0.811,-1.168,0
-0.267,-1.219,0.143,-0.316,1.424,1.013,-0.715,0.345,0.88,-0.716,-1.323,1.048,-1.705,0.6,1.83,-0.341,-0.511,0.239,0.954,0.163,0
-0.31,0.16,0.83,-1.422,-0.094,0.076,0.159,-0.384,-1.413,-1.018,0.425,0.988,-1.334,-2.072,-1.892,2.42,-0.244,-0.266,-0.676,-1.125,1
1.86,0.626,0.288,0.896,0.884,0.411,-1.607,1.467,1.461,-1.639,0.985,0.011,0.314,1.081,0.164,-1.85,-0.673,-1.821,-0.17,-0.975,1
-0.559,-0.265,0.245,0.465,0.347,-0.182,-0.129,0.778,0.303,-0.839,0.49,0.9,-1.486,0.937,-0.545,0.485,0.699,-0.283,-0.116,0.221,0
1.144,0.042,-0.129,-0.32,1.302,0.058,-1.412,-0.579,-1.105,1.33,-0.419,-0.438,1.045,0.757,1.344,-0.006,-1.643,-0.753,-0.819,0.023,0
-0.773,-0.039,0.306,-0.269,-0.218,0.362,-1.017,0.72,-0.105,1.871,0.899,-0.235,1.122,-1.276,1.969,1.193,-0.953,0.689,-0.037,-1.357,0
-0.931,-0.41,1.63,-0.396,-0.809,-0.816,-0.179,-0.733,-0.816,1.142,0.161,1.125,0.095,0.668,0.225,-0.852,0.452,-0.736,1.462,0.057,1
-0.624,-0.309,0.186,0.027,1.389,-1.459,0.773,1.282,1.922,1.515,-0.94,1.76,0.47,-1.151,-0.677,0.979,0.785,0.923,-1.356,-0.405,0
-0.694,0.388,-0.986,0.247,1.321,0.512,0.207,0.424,0.855,-0.752,-0.732,-0.35,0.147,0.338,-0.56,-0.333,2.071,0.268,-0.491,0.087,0
-0.192,-0.02,1.342,0.877,0.938,0.024,1.528,-0.08,-0.912,-1.194,0.92,0.289,-0.879,1.381,-0.699,-1.226,-1.969,2.351,0.354,-0.106,0
-2.409,-1.264,-0.425,0.241,-0.241,-0.683,0.283,-0.755,-0.023,0.045,-0.049,0.689,-0.64,-0.852,0.574,-1.026,0.553,1.259,0.232,-1.732,0
-0.301,0.893,-0.289,-0.726,0.466,-0.832,-0.846,-0.386,-0.151,0.819,-0.254,-0.475,-0.78,0.779,0.099,-0.754,0.905,-1.123,0.219,-0.092,0
0.576,-1.025,0.194,1.59,-0.781,0.181,0.568,-1.315,-0.037,-1.175,-0.524,0.855,0.715,0.855,0.697,-0.787,0.686,-0.289,0.161,-0.187,1
0.706,0.126,-0.226,-0.408,-0.61,-1.348,0.831,0.235,0.239,-0.152,1.35,0.316,0.173,-1.598,-0.883,-0.729,1.082,0.69,0.147,-0.26,1
1.229,0.402,0.292,-1.484,-1.289,0.823,-1.882,-0.244,1.832,-0.53,-0.82,-0.823,0.551,-1.142,1.874,1.369,-1.257,-1.622,-0.566,0.666,0
0.251,0.763,-0.963,-0.595,-0.226,0.895,-0.071,0.198,-0.088,0.466,0.745,-0.675,-0.867,-2.006,2.204,-0.337,-0.077,0.601,0.799,-1.382,0
-0.687,0.315,-1.217,-0.232,-0.118,-0.707,0.857,-0.607,-2.503,-0.518,-0.396,-0.007,-1.865,-1.259,0.445,1.588,1.103,0.122,-0.628,-0.617,0
0.837,-0.213,-1.038,-0.532,-1.448,-0.74,-1.99,-0.809,-2.649,0.645,1.663,-0.61,-0.555,1.207,-0.727,-0.258,0.734,-0.647,0.457,-0.506,1
-0.079,0.226,1.392,-0.165,-0.862,1.041,-0.19,2.051,-0.353,0.914,0.592,0.728,0.52,0.4,-0.162,0.381,0.282,-0.26,-0.176,1.29,0
-1.81,0.045,-0.511,1.692,-1.009,2.552,0.272,-0.453,0.778,0.562,-1.734,0.115,0.597,1.401,1.267,0.567,1.418,0.879,1.713,0.506,0
-0.565,-0.095,0.277,0.296,1.208,-2.08,0.823,-0.548,0.346,1.22,-0.435,-1.736,-1.441,1.454,1.204,-0.951,-2.295,-0.834,2.157,1.08,1
-0.816,0.711,-0.242,0.991,0.551,0.63,0.176,1.634,1.26,-0.634,-0.866,0.285,-0.54,-0.069,-0.9,0.164,-0.57,-0.172,1.949,-1.573,1
-0.12,0.677,-2.55,1.389,2.071,-0.416,1.74,-1.508,0.942,1.177,-0.886,-0.897,-0.45,-1.282,-0.091,1.569,0.629,-0.14,-0.834,-1.064,0
-0.497,-0.897,0.234,0.133,1.753,-1.564,0.264,0.589,-0.696,-0.982,0.907,0.131,0.367,0.894,0.99,1.069,0.882,0.119,-1.69,-0.657,0
-1.413,1.786,-0.187,0.457,0.509,0.124,-0.776,-0.908,1.659,-0.977,-1.438,-1.079,-1.032,0.491,-0.992,0.377,-0.947,0.416,-0.741,-2.031,0
0.746,-0.233,-1.717,-1.565,1.161,-1.728,0.624,0.196,0.957,0.992,-0.754,1.385,-1.088,-0.688,-0.034,-1.296,1.018,2.094,0.223,0.04,1
-0.11,1.21,0.846,1.1,-2.867,0.433,2.362,-0.946,1.683,0.465,-0.948,-0.527,-0.176,1.684,-0.006,-1.284,0.17,0.845,0.28,0.921,0
1.983,-1.056,-0.787,-0.317,-0.093,-0.392,-1.927,-0.919,1.127,1.419,-0.301,-1.69,0.928,-1.124,-1.052,-0.447,0.523,-0.339,-1.758,-0.652,1
0.808,0.444,0.121,0.794,-0.269,1.632,1.456,0.851,1.305,0.863,-0.538,0.539,-0.188,-1.651,0.62,-1.127,0.405,0.219,-1.155,1.52,0
-1.838,1.219,-0.187,1.079,0.141,-0.992,-1.549,-1.335,-1.668,-1.848,0.026,0.768,-0.103,-1.164,-0.174,-0.978,0.074,0.216,-2.414,0.628,0
0.604,-0.062,-0.272,2.053,-0.664,0.459,-1.687,0.032,-0.249,-1.243,1.621,0.151,1.458,0.859,0.412,-0.383,0.207,-0.845,0.262,-0.791,0
-0.353,-0.428,1.689,1.213,-0.085,1.041,-0.524,-0.513,0.43,1.815,-1.151,-0.306,0.808,0.796,0.224,-0.051,0.738,1.502,0.821,-0.057,0
-1.987,0.998,0.003,0.078,-1.071,-1.021,1.732,0.542,0.305,1.136,0.684,0.269,0.821,0.275,-0.389,-0.202,2.094,-0.384,0.531,2.565,0
-0.067,-0.084,0.507,-0.905,-0.138,1.336,1.066,0.938,-0.576,0.266,-0.515,1.826,0.92,0.048,0.75,-1.682,-0.037,-0.059,0.669,-0.437,0
-2.338,1.858,-1.724,-0.275,0.453,1.295,0.059,-0.812,-0.171,0.973,-0.984,0.129,-1.107,-0.13,1.006,-1.375,1.198,-2.204,-1.146,-1.454,0
-0.238,-1.622,-0.314,-0.722,-0.194,-0.072,-0.775,0.26,1.2,-1.079,1.296,-0.18,-1.93,0.285,0.796,-0.26,0.307,-0.799,0.608,-0.803,1
-0.057,-0.243,0.915,-2.119,-1.256,1.841,0.863,-1.98,0.411,0.054,0.24,-0.338,-1.102,0.234,-0.472,-1.328,1.949,0.8,-0.011,-0.139,1
-1.949,-0.705,-0.929,0.538,-1.931,0.176,1.217,0.9,1.151,0.027,-1.496,-0.181,-1.671,0.377,-1.827,0.489,-0.558,0.373,-0.688,-1.458,0
-0.611,-0.676,-1.914,0.934,-0.434,1.478,0.769,2.331,-0.467,0.535,1.856,-0.117,0.669,-0.061,-0.143,-1.309,0.033,1.442,-0.633,-0.031,0
1.584,-0.468,-0.032,0.72,0.518,-0.484,1.37,0.188,-1.295,-0.132,0.09,-0.441,0.206,-1.006,1.112,-0.745,-0.971,-0.005,0.858,0.803,1
0.905,1.721,0.323,0.55,-0.642,0.229,-0.537,0.534,-1.06,-2.221,0.707,-0.214,-0.49,0.501,-0.922,0.159,-0.649,0.49,-0.28,0.941,0
-0.113,-0.862,0.138,0.013,0.335,-0.243,-0.651,-0.33,1.375,-1.033,0.06,-0.208,-0.989,-1.061,0.706,-0.229,-0.03,0.79,-0.223,1.508,0
0.6,-0.339,0.155,-0.279,0.871,0.763,0.696,0.441,-0.159,1.698,-0.056,-0.455,1.294,0.195,-1.775,1.509,-0.476,1.113,2.19,0.353,0
0.447,0.719,-1.93,0.998,-1.378,1.154,-1.093,-0.871,0.223,0.253,0.217,0.47,0.327,-0.095,-0.183,0.338,-0.69,0.047,0.549,-1.995,1
-0.949,-0.287,-0.902,-1.53,-1.219,1.146,0.202,-0.426,-0.151,-2.106,-0.63,1.242,-0.026,-0.541,-0.348,-0.782,-0.489,0.718,1.849,-2.432,0
-0.47,0.438,0.77,-0.149,0.249,0.539,0.059,0.288,-0.625,1.517,-0.61,-1.838,1.185,1.388,0.137,-0.842,-1.644,-0.064,-0.201,0.3,0
-1.353,0.833,-0.13,0.584,-0.386,-1.658,-0.227,0.631,-0.158,-0.2,0.466,0.56,0.917,-1.984,-0.016,0.034,-1.466,-0.327,-0.593,0.865,1
0.426,-0.234,-0.718,-2.245,0.552,0.886,-1.339,-0.4,0.747,-0.39,0.748,-0.446,1.08,2.621,0.686,1.535,-0.195,-1.401,0.438,-0.059,1
1.814,0.951,-1.203,-0.514,-0.853,-0.599,-0.299,-0.719,-1.436,0.634,-0.541,1.326,0.296,0.172,0.813,-0.637,-1.347,0.652,-1.351,2.109,0
-0.833,-0.941,-0.866,0.397,0.335,0.231,-1.211,-1.259,-0.01,0.978,0.075,-1.882,1.978,0.38,0.042,0.284,-2.161,-0.539,0.304,-0.35,0
1.171,-0.892,1.705,-1.713,1.092,1.902,-0.299,0.243,-0.552,-0.733,0.504,-0.182,-0.762,-0.848,0.664,2.391,0.467,0.751,-0.385,-0.066,0
0.695,-0.747,0.208,-0.127,-1.108,1.501,0.529,-1.558,-0.22,-0.888,-0.232,-0.481,-0.878,0.039,0.035,-1.36,-0.371,-0.04,0.585,0.581,0
0.278,0.734,-0.374,-0.395,-1.245,-0.426,-0.926,0.335,1.025,-0.691,-0.533,-2.006,0.537,0.425,-0.398,0.431,-0.07,-1.919,-1.186,1.396,0
0.318,1.049,-0.889,-0.149,0.012,-0.365,-0.146,1.142,2.019,-1.199,-0.09,1.014,-0.519,0.801,-0.745,1.911,0.323,-0.543,-2.022,0.782,0
1.836,-0.474,-0.386,0.367,0.345,0.555,0.352,0.767,0.745,1.487,-0.051,0.253,0.795,1.264,-0.04,-0.191,-0.438,-0.009,0.257,-0.003,0
-1.165,-0.46,0.182,0.185,0.721,-0.283,0.094,1.657,1.13,0.633,0.235,0.085,1.627,1.494,0.452,0.681,-2.739,-0.044,-0.132,-0.202,0
-0.148,-0.207,-0.415,-0.561,-1.522,-0.687,-1.207,0.274,1.593,0.824,0.175,0.378,-0.525,1.187,0.449,0.602,0.083,0.382,-1.002,-0.221,0
-0.653,-2.485,0.614,0.989,-1.656,0.176,0.886,0.022,-0.241,1.424,0.816,0.266,-0.232,2.055,0.437,1.109,1.684,-0.114,0.37,0.251,0
1.164,-0.877,-0.674,-0.653,-0.754,-0.1,-2.361,2.246,-1.324,-0.197,0.292,-1.213,0.737,0.928,0.629,-0.236,-0.023,-2.781,-0.842,-0.672,1
0.133,-1.204,1.334,-2.036,0.278,0.391,-0.67,-0.083,0.069,-0.263,0.742,0.29,-0.438,-1.386,-0.771,-0.317,-1.613,-0.948,-0.374,-0.872,1
0.744,-0.174,-0.918,-2.133,-0.413,-0.476,0.503,0.27,-0.043,1.036,1.342,-0.119,-0.077,0.595,0.572,2.664,-1.107,1.027,0.287,-0.11,0
2.381,-0.419,0.683,1.787,-0.023,0.749,-1.176,0.267,-0.229,0.541,0.694,1.856,-0.798,1.026,1.147,0.009,-0.303,-1.072,-0.132,1.031,0
-0.872,0.186,1.757,1.229,0.594,0.688,-0.511,0.804,1.561,-0.541,-0.986,-0.683,-0.327,-0.832,1.963,0.592,-0.637,-0.2,-2.15,0.127,0
0.378,1.793,0.943,-0.672,0.731,2.25,0.111,-2.841,-0.806,1.42,0.803,0.745,-1.537,-1.053,0.068,-1.47,-1.714,0.073,-0.164,-1.81,1
0.143,0.161,0.722,-1.801,1.434,-0.466,0.621,0.018,-0.432,-0.348,0.974,1.176,-0.126,1.213,0.935,-0.078,-1.465,-1.957,0.102,-0.344,1
1.244,0.057,0.948,0.964,0.693,1.228,0.812,-1.351,-0.623,2.178,1.46,-0.997,-0.088,-0.358,-1.778,0.03,0.364,-0.705,0.781,1.241,1
-1.291,0.697,0.559,0.44,0.674,-0.576,-0.845,-0.57,-0.375,0.43,-0.613,-1.132,-0.1,1.395,2.239,-0.446,-0.304,-1.576,-0.688,0.083,0
1.138,1.851,0.111,0.027,-0.348,-0.339,0.651,2.176,0.321,1.326,0.412,1.109,0.783,-1.345,-0.508,-0.45,0.464,-1.999,-0.741,0.701,0
-1.394,0.847,-1.719,0.533,-1.19,0.342,-0.3,1.004,0.692,1.048,-0.151,-2.298,-0.124,-0.8,0.743,-0.809,-0.507,-0.693,0.888,-1.533,1
-0.497,0.591,1.119,0.154,-1.294,-0.571,1.383,0.625,-0.652,-0.838,-1.259,0.314,0.519,0.571,1.664,2.191,-0.977,-1.861,-0.239,0.564,0
0.339,1.53,2.691,0.658,-1.197,-1.96,-0.757,-1.006,-0.461,-0.77,-1.313,-0.051,1.496,0.845,-0.424,1.325,-0.047,-0.535,1.659,-0.34,0
-1.255,-1.187,0.132,0.341,-2.676,-1.416,1.319,-0.212,-1.032,1.673,1.725,0.933,-1.397,0.182,-2.005,-1.495,0.596,-0.364,-0.228,-0.624,1
-0.719,-0.071,-0.738,-0.705,0.454,0.262,-1.216,-0.256,-1.124,1.228,0.029,1.871,-0.312,0.273,-0.792,-0.011,-0.133,1.867,0.707,-0.172,1
-0.011,-0.586,2.028,-0.115,0.177,0.931,-1.152,0.422,0.086,-1.487,-0.843,-0.981,0.352,1.342,1.019,-1.078,0.771,0.468,-0.722,-0.72,0
-1.394,1.978,0.659,0.749,-0.807,0.44,1.127,0.177,-0.446,1.184,-1.676,-0.637,-0.614,0.046,-0.41,-0.573,0.679,1.124,-1.647,1.593,0
-0.792,0.475,0.119,0.793,-1.68,-0.182,0.101,-0.425,-0.062,-1.044,0.879,-1.199,-0.685,-0.237,0.843,1.299,-0.941,-0.511,-1.693,0.508,0
-2.546,-0.266,-0.24,0.658,0.212,0.016,0.403,-1.196,-0.716,-1.77,0.914,-0.358,1.339,0.416,-0.686,0.829,0.93,-0.651,-0.559,-1.142,0
-1.539,-1.188,-2.038,0.499,-1.094,-0.797,-0.065,-0.068,0.476,-1.489,0.334,-1.034,-1.04,-0.07,1.062,-0.47,0.614,2.089,0.825,0.437,0
0.148,-0.706,0.973,0.525,1.718,0.646,1.027,0.911,-0.797,0.228,0.071,0.472,2.1,-0.809,-1.1,-1.084,1.902,1.795,-0.587,0.018,0
1.223,-1.128,1.188,-0.743,0.259,-0.006,-0.668,0.464,-0.352,-0.865,-0.511,1.089,-1.686,0.691,-0.215,0.461,0.074,-0.713,2.216,-0.286,1
-1.188,-0.075,-2.515,1.315,0.278,0.102,-0.832,0.081,0.799,-1.664,2.398,0.872,1.076,1.635,-3.025,-0.176,0.678,-0.002,-1.244,1.418,1
-0.831,1.409,0.531,1.45,-0.843,-0.437,0.381,-0.177,0.236,0.497,-0.647,-0.325,-1.048,2.205,-1.685,-0.523,-0.693,-0.148,0.525,-0.533,0
-1.228,0.839,-0.317,-1.47,1.624,0.474,1.042,-0.625,0.27,0.786,-1.114,-1.235,0.346,1.332,0.564,-0.374,0.307,0.628,-0.509,-0.73,0
-0.164,-0.25,-0.637,-1.013,1.101,-1.514,-0.102,0.236,0.305,0.318,0.456,0.662,-1.537,0.455,0.243,1.983,-1.246,0.916,0.811,2.036,0
-0.241,0.679,-0.699,0.556,-0.267,-0.54,-0.673,-0.149,1.419,1.958,1.159,1.418,-0.362,-0.044,-0.108,-0.612,-0.255,-0.036,0.692,0.121,0
-1.685,0.2,1.871,-3.159,-0.193,0.851,-0.917,0.228,-0.252,-0.475,-0.372,-0.74,-0.343,0.679,-0.128,-1.095,0.448,1.15,-0.944,1.758,0
1.059,-0.871,0.119,0.761,0.13,-0.502,-0.263,0.563,-1.136,-1.505,-0.571,-1.001,0.587,1.063,0.476,-0.255,0.461,0.419,-0.823,1.942,0
-1.544,0.127,4.221,-1.94,-0.19,-0.441,0.365,-1.645,-0.598,-0.411,-0.903,0.339,0.068,-0.787,0.632,0.49,1.064,0.379,1.962,-0.721,1
0.723,0.595,-1.089,-0.5,-1.185,1.077,2.365,0.485,0.254,0.028,-1.154,-1.385,-0.053,0.632,1.942,0.757,1.54,-1.157,0.361,0.113,0
1.759,0.494,-0.568,0.154,1.039,-0.696,-0.609,-0.205,-0.032,-1.079,-3.361,0.407,2.322,-0.632,0.395,-0.979,0.569,0.103,0.899,-1.554,0
-2.11,-0.504,1.814,-1.22,-0.363,1.097,-0.647,-1.336,1.462,1.09,-0.354,-0.391,-1.42,0.289,-1.027,-1.483,0.927,1.019,1.805,-0.046,1
0.659,0.232,-0.446,1.494,0.718,-0.957,0.094,0.798,-0.607,1.627,-1.343,0.677,-0.323,-0.702,-1.486,-1.048,0.034,-1.003,0.019,-0.492,0
-0.497,0.743,0.668,-0.644,2.181,1.188,-1.517,-0.463,1.182,-1.438,1.53,-0.299,-0.878,0.189,0.053,-0.259,-1.274,0.349,-0.052,0.096,0
0.762,0.451,-0.225,0.943,-1.377,0.828,0.142,-0.643,1.233,0.281,0.314,-0.669,0.308,-0.467,0.492,0.046,-1.809,0.146,-0.877,-0.336,0
0.882,-0.365,-0.269,-0.981,0.768,-1.519,-0.202,-0.155,0.802,0.83,0.744,0.443,-1.388,-0.951,1.855,0.031,-1.414,0.508,1.233,1.173,1
0.434,0.306,0.161,-0.317,-1.206,-0.014,-0.175,0.454,1.203,0.883,-1.447,1.474,-0.704,-2.989,0.528,0.004,0.699,1.884,-1.223,-0.503,0
1.326,-0.39,-1.271,-0.111,-0.429,-0.122,-0.622,0.722,-1.305,0.479,0.653,-2.386,1.119,1.015,-0.365,-0.851,0.755,-0.915,0.311,-1.456,1
0.407,-0.636,-0.027,0.753,1.021,-0.686,-0.347,1.042,-1.146,0.502,0.351,0.206,0.483,-1.342,1.888,-2.707,0.839,0.879,-0.803,3.248,1
0.357,1.537,0.246,-0.868,0.7,1.199,-0.714,-0.052,2.221,-1.388,0.425,0.853,0.094,-1.04,0.704,-0.344,0.195,1.335,0.874,0.774,0
0.308,-1.593,-1.236,-2.246,0.696,0.389,-2.533,-0.364,0.877,-0.435,-1.171,-0.844,0.559,-1.549,-1.833,1.164,0.043,-0.181,1.572,0.512,1
0.21,-0.636,1.687,1.137,-1.456,0.751,1.648,0.971,-0.876,-2.107,0.229,-1.8,0.463,1.223,-2.71,0.66,-0.021,-0.384,0.495,0.19,0
0.99,-0.975,0.834,-1.224,1.628,-0.196,-0.798,0.164,1.708,1.002,2.019,0.786,-2.366,-0.851,-0.445,0.155,0.34,-0.502,-0.465,-0.934,1
1.289,-1.512,-0.026,-0.707,-2.125,-0.993,-0.683,0.974,-0.059,0.319,0.503,0.403,-0.208,0.805,-0.026,-1.115,-0.269,-1.049,0.055,-0.219,1
-0.282,-0.541,-0.528,-0.716,-1.002,1.993,-0.613,-1.478,-0.02,-1.284,0.136,-0.368,0.175,-1.018,-0.09,1.494,2.345,-0.307,-0.809,-0.258,0
-1.081,0.549,1.646,-1.105,0.128,-0.535,-0.132,-1.164,0.772,-0.182,-0.037,-0.621,-0.029,-2.16,-1.841,0.219,0.375,-1.849,-0.76,-0.417,1
1.378,0.867,-1.932,0.99,1.051,0.098,0.288,-0.367,1.203,0.453,-0.317,-0.313,0.636,0.251,-0.875,2.029,0.422,0.199,-1.124,-0.03,0
-0.047,-0.713,-0.907,0.183,-2.029,0.984,-0.148,-0.473,0.126,0.726,-1.834,1.172,0.273,0.532,0.416,0.115,1.137,0.253,0.522,1.509,0
-1.232,0.364,0.615,0.302,-0.09,0.421,1.073,2.868,-0.966,0.815,0.239,-1.366,-0.955,-1.484,-1.667,-1.666,-0.156,-1.121,1.215,1.06,1
0.523,-0.669,-0.148,0.026,-0.601,0.083,-1.35,0.304,0.787,-0.644,-1.218,0.244,-0.356,1.096,0.113,1.939,0.286,-0.692,2.168,-0.545,1
-0.161,0.899,1.7,0.238,0.9,0.491,0.833,1.281,-0.065,0.921,0.27,0.779,0.023,0.375,-0.755,-0.225,2.04,1.303,0.745,0.007,0
0.538,-1.142,-1.309,-1.823,3.405,-1.081,0.294,-1.066,0.35,1.723,-0.195,-0.363,0.358,0.696,1.051,1.176,-0.096,1.15,-0.646,-0.321,0
1.627,-2.293,-0.376,-1.043,0.086,1.196,-2.138,1.482,0.089,-0.071,0.515,0.66,-0.544,-2.066,0.702,-0.382,-1.059,-2.078,-0.349,-0.032,0
-0.91,1.544,-0.857,1.622,-1.333,-0.453,0.54,-0.877,1.721,-1.542,-0.922,-1.348,-1.072,-0.618,-1.653,0.873,-1.769,-0.718,0.885,1.237,0
-1.357,1.315,1.849,-0.608,0.449,0.193,-0.581,-0.22,-1.377,0.905,2.16,-0.396,-0.334,0.882,0.002,1.535,-1.002,-0.428,-0.32,0.332,0
0.106,-0.103,-0.517,0.685,-0.353,0.216,-1.845,-0.081,-0.782,0.288,-0.442,-0.082,-0.553,-0.985,0.433,-0.308,2.145,1.059,-1.558,0.107,0
-2.045,1.39,-0.366,0.885,0.448,0.052,-1.152,-0.368,-0.556,-0.211,1.148,1.256,0.931,-0.918,-0.393,0.789,0.116,-0.076,-1.419,0.326,0
-0.486,0.432,0.45,1.176,-1.734,-1.19,-1.318,1.281,0.029,0.131,-0.158,-0.124,0.031,-0.759,-0.867,-0.042,-0.207,-0.102,-0.489,-1.286,1
0.955,0.127,1.31,1.298,-1.157,-1.035,0.527,-0.575,1.308,-0.382,0.713,0.527,0.296,0.284,-0.345,0.973,1.065,1.957,0.615,0.731,0
-0.435,-0.647,-1.163,1.605,-0.067,0.299,0.84,2.149,0.176,-0.992,-1.259,0.332,2.528,-1.558,1.367,0.108,-0.942,-1.241,0.515,0.185,0
-1.316,2.13,0.936,-0.094,1.34,0.815,1.336,-1.431,0.662,0.313,-1.491,-0.575,0.762,1.191,1.297,-0.443,-0.745,-0.984,-1.634,-0.996,0
-0.768,-0.215,-0.983,0.366,-0.358,0.178,-0.041,-1.155,-0.143,2.615,-1.175,0.524,-0.487,-0.275,-0.94,1.638,0.763,1.415,-0.104,0.665,0
0.434,-0.962,-0.055,-0.339,0.467,-0.68,1.789,-0.711,-1.092,0.498,1.078,-0.035,1.032,-0.381,0.569,-1.098,0.102,-0.592,-1.131,-0.432,1
-0.045,0.556,-2.866,-0.169,-1.044,-0.033,0.68,-1.224,0.802,-1.631,0.362,-0.497,-0.108,0.442,-0.016,0.389,-0.077,0.767,0.197,0.242,0
2.735,0.743,0.465,-0.371,-1.319,0.138,1.046,-0.827,-0.751,-0.579,-0.179,-0.332,-0.824,-1.767,-0.682,0.066,0.37,0.155,-0.517,0.18,1
0.13,0.944,0.143,0.089,0.05,-0.556,0.628,1.493,0.876,-0.097,0.054,-0.486,0.819,1.132,0.133,0.35,-0.139,1.136,0.395,-0.961,0
0.375,-0.979,-0.856,0.117,0.187,0.238,-2.512,1.3,1.793,-0.967,-0.0,-0.845,0.615,3.314,-0.334,0.827,1.909,1.105,-0.337,-0.101,0
-0.032,0.673,0.778,-1.285,1.602,-0.231,-0.106,-0.15,-0.434,0.223,-1.498,0.032,-0.863,0.211,-0.654,-0.034,1.241,-1.253,0.888,-0.37,0
1.062,0.771,-2.61,-2.215,-2.383,1.062,0.344,1.341,1.163,-1.367,0.972,1.515,-0.566,1.01,0.728,-0.422,-0.396,-1.897,1.224,-1.71,1
0.748,0.444,1.435,2.68,-0.601,1.041,1.282,-0.606,-1.378,-0.161,-0.12,0.917,-0.106,-0.678,-0.644,0.636,1.546,0.614,-0.767,-0.837,0
-1.093,-1.018,0.471,-0.654,1.081,1.937,-0.822,-1.733,1.379,0.271,-0.683,-0.328,-0.554,-1.21,1.48,-0.996,0.3,-0.063,-1.508,-0.631,0
0.158,1.918,-1.022,-0.8,1.61,-0.396,-0.937,1.244,0.64,0.59,-1.131,-0.829,-0.393,0.717,1.516,1.226,1.851,-3.453,-0.142,0.091,0
0.611,0.181,0.727,-1.362,0.974,0.701,-0.664,-0.968,-0.541,0.318,-0.209,-1.003,0.367,0.899,0.045,0.337,0.659,-1.214,-0.048,-0.764,0
0.098,-0.727,-0.306,-0.622,1.666,1.758,-1.238,2.378,1.559,0.987,0.155,0.606,-0.768,0.004,-0.838,-0.138,-0.536,-1.201,0.377,-1.15,0
0.689,1.044,-0.486,-0.932,0.463,1.764,0.038,-0.66,-0.099,1.028,1.282,-1.007,0.012,1.437,1.843,0.907,-0.96,0.233,-0.008,0.264,0
-1.679,-0.473,-0.281,-0.913,-0.157,-0.346,-0.02,0.424,-0.947,-0.269,1.426,-1.255,1.936,-0.83,-0.711,-0.186,0.382,0.028,-1.806,0.55,1
-1.627,-0.684,2.01,1.617,-0.609,-1.764,1.31,-0.616,0.107,-1.474,0.625,-0.029,-0.472,0.57,-1.578,-0.485,0.279,0.941,0.765,-0.288,1
0.835,-1.039,-0.441,-0.414,-0.447,-0.067,0.158,0.424,-1.175,1.446,0.289,-0.575,-0.486,-0.417,0.209,-0.155,-1.075,-0.656,-0.538,-0.339,1
-0.274,1.491,0.856,0.635,0.276,0.424,-1.781,-0.247,-0.613,-0.907,1.279,0.562,0.751,-0.338,0.484,-2.381,-1.034,2.163,-0.178,0.561,0
0.629,0.722,-0.279,-0.99,-1.981,0.04,-0.628,-0.921,-0.288,-1.054,-1.597,-0.153,0.231,1.007,0.121,0.537,-0.808,1.769,0.179,0.516,0
-0.463,-0.634,-0.145,0.195,0.509,0.993,0.588,-0.438,0.538,-0.858,1.194,-1.781,-0.78,1.314,1.682,-0.889,-1.638,0.77,-0.443,0.674,0
0.532,-0.979,0.066,0.05,0.071,2.525,0.458,-1.711,0.532,0.483,0.388,-1.458,-0.278,0.522,0.218,-0.751,0.884,-0.081,-0.885,-0.253,0
2.236,0.002,-0.547,-0.913,0.75,1.18,-1.152,0.981,0.32,-1.238,-0.573,-1.185,-1.429,-0.035,0.551,0.495,-2.627,0.794,0.061,0.093,0
-0.445,-0.11,-0.6,-0.591,-0.878,-0.228,-0.61,-0.881,0.208,-1.247,0.95,-0.177,-0.684,-0.465,0.665,-0.414,-0.323,0.03,-0.313,-0.138,1
0.34,2.008,-1.363,-2.525,1.736,-1.021,-0.005,1.084,-1.267,-0.535,-0.098,1.069,-0.863,-0.152,0.275,-0.782,-0.119,0.312,-1.39,-0.119,1
-0.507,-0.95,0.782,0.226,2.272,-0.654,0.936,-1.941,-1.532,0.735,-2.048,-0.78,0.727,0.239,0.74,1.561,0.594,0.289,0.645,-0.756,0
0.381,-0.011,1.315,0.046,0.898,-0.793,-0.589,1.54,1.088,-0.07,0.186,-0.12,-1.922,-1.09,1.435,0.82,0.128,0.095,1.858,-1.4,1
-0.162,-1.138,0.234,-1.085,0.482,0.839,-0.077,1.766,0.596,-1.292,-1.022,-1.125,0.834,0.979,1.407,0.73,0.462,-0.109,1.856,-2.215,0
0.93,1.647,1.38,0.738,-1.567,-0.059,-1.146,0.626,-0.137,-0.745,0.86,1.565,1.338,-0.006,0.04,-0.181,-0.816,0.569,-1.383,1.082,0
-1.484,-1.718,-0.247,0.75,-1.168,0.404,1.292,-0.863,-0.44,1.194,0.699,1.327,-1.117,0.07,0.628,1.861,-0.198,1.876,0.839,-0.148,1
-1.315,-0.021,-1.323,-0.343,0.121,1.816,0.353,0.715,-0.485,1.585,1.56,-0.769,0.543,-1.176,1.563,-1.474,0.263,0.0,0.119,-1.287,0
1.247,-1.387,0.428,0.844,-0.695,1.71,-0.304,0.684,0.812,-2.346,0.637,0.974,-0.281,0.75,0.73,0.076,2.508,1.259,0.23,0.13,0
-0.967,0.428,-1.285,0.293,-1.028,-0.686,0.106,-0.143,0.59,0.167,1.384,-1.271,-0.419,-1.662,-0.052,-0.078,-1.06,0.823,-0.855,0.794,1
-1.172,0.407,-0.617,-0.614,1.087,0.617,0.285,1.325,-1.253,-0.105,-0.255,-0.297,-1.307,0.97,-0.05,2.744,1.196,-0.619,-0.379,2.063,0
-0.3,-0.532,0.562,-2.105,0.381,0.034,-0.475,-0.26,0.91,0.871,2.027,-2.179,-0.145,0.857,-1.06,-0.474,0.835,0.552,0.988,0.247,1
-1.39,0.788,0.262,0.324,-0.007,-0.661,1.01,1.578,0.367,0.928,0.339,-0.263,-0.808,0.059,-0.466,-0.886,-0.355,-0.281,0.119,-1.608,0
-0.053,-0.755,1.125,0.215,1.161,1.479,-0.246,0.762,-0.189,0.062,0.268,0.605,0.013,-0.197,1.645,1.339,1.27,-0.458,0.637,0.344,0
-0.447,-0.734,0.128,-0.102,-0.44,-0.325,-0.768,-1.376,-0.265,1.159,1.136,-0.3,0.387,0.18,1.279,-0.836,-1.292,-0.019,0.021,-0.288,1
-0.564,-0.144,-0.509,1.454,-0.501,2.199,-2.401,-0.919,-1.179,-0.585,-0.086,1.676,0.133,-0.711,0.634,-0.107,-1.649,-0.084,1.75,-1.923,1
-0.311,-2.892,1.838,0.471,-1.315,-0.243,-0.715,-0.27,-0.862,-0.507,0.905,-0.408,-1.237,-1.54,-0.352,0.338,-1.306,0.067,0.445,-1.74,1
-0.161,-1.463,-0.29,0.499,0.069,0.453,-1.793,0.458,0.391,-0.289,0.891,-2.61,0.596,0.074,-0.873,0.549,-2.417,-0.865,-1.046,0.883,1
0.52,-0.194,-0.029,2.343,0.304,0.12,0.63,0.308,-0.333,0.206,0.624,-0.571,-0.952,-1.156,-0.778,0.683,-1.413,0.94,0.366,1.412,0
-0.841,1.562,0.945,-1.377,-0.42,0.107,1.151,0.816,-0.325,2.626,0.709,-1.099,0.35,-0.474,0.424,-1.157,1.454,-1.022,0.567,-1.198,1
-0.08,0.541,-0.457,-1.178,2.061,1.097,0.419,-1.667,0.016,-0.021,-0.558,-0.707,-1.14,-0.686,-1.089,-0.048,1.731,0.127,0.624,0.965,0
1.82,-0.213,0.293,1.152,-1.093,-0.016,-0.833,-0.91,0.16,0.421,0.542,-0.984,-1.433,1.975,0.634,-0.462,-0.009,-0.334,1.002,0.263,0
-0.461,0.862,-0.029,0.548,0.73,-0.059,0.809,-0.001,-0.933,0.761,1.569,0.64,-0.684,0.077,-0.353,0.139,-2.051,1.013,0.411,-0.945,1
-0.17,-0.559,-1.722,-0.535,0.098,-0.027,0.311,2.028,-0.565,0.386,-0.092,0.96,-0.719,-2.075,-0.226,1.547,1.799,2.069,0.65,-0.84,1
0.763,-0.531,0.997,0.147,-0.979,0.288,1.5,1.734,-0.219,-0.485,-0.57,1.22,-0.07,-0.211,-0.367,0.477,-0.198,-0.052,-0.47,-0.387,0
0.353,0.509,-0.575,-0.194,1.098,-0.685,-0.855,-0.122,-0.439,-0.824,0.1,0.365,0.974,-0.867,-1.2,0.009,0.389,-0.07,-0.295,0.358,1
1.41,-1.046,0.799,1.585,-1.157,-0.063,-1.683,-0.123,-1.37,1.197,0.386,-1.137,-0.213,-0.792,1.784,-1.439,-0.34,-0.899,0.81,0.018,0
1.562,0.698,1.526,-0.265,0.326,0.807,-1.892,0.954,1.692,-1.348,0.646,3.191,-0.601,1.291,-0.45,0.82,0.278,0.496,-1.706,0.664,0
1.257,0.194,0.486,-0.512,1.834,0.376,0.427,-0.862,0.435,-0.325,-2.714,2.005,0.676,0.489,-0.211,-0.687,0.847,-3.022,-0.79,-1.524,0
0.156,0.268,0.139,-0.748,2.052,-1.026,-1.121,0.426,0.729,0.852,-0.628,0.72,0.931,0.416,1.997,0.852,0.768,0.096,0.533,0.475,0
2.434,-0.19,-1.307,0.211,-0.167,0.247,0.102,1.508,0.216,-0.935,-0.552,0.511,1.254,-0.013,1.604,-0.625,-1.351,1.021,-0.65,0.647,0
0.433,0.105,-0.031,0.574,-0.106,1.253,-0.385,-1.324,-1.297,2.138,-0.101,0.661,0.364,0.419,-0.274,-1.409,1.094,1.216,1.222,-0.332,0
-1.788,0.126,0.144,-0.504,0.091,-0.687,-2.286,2.759,0.57,-0.065,1.49,0.165,0.413,-0.638,-0.585,0.651,-0.826,0.683,0.371,-1.318,1
0.788,-1.584,0.808,-1.091,1.002,-0.757,-0.187,1.276,0.312,1.399,-0.285,0.392,0.554,-0.251,0.533,1.41,-0.563,0.311,2.049,0.231,1
-1.037,1.064,1.567,-0.057,0.088,-0.569,-0.414,-1.148,-0.962,0.659,0.098,1.571,1.171,-0.733,2.351,-0.391,-2.539,-0.803,-0.477,0.994,0
1.634,0.649,1.126,-0.277,0.409,0.475,1.322,0.65,-0.93,1.454,0.166,1.701,0.232,-1.101,-1.437,-1.623,0.204,0.364,1.548,-1.265,1
1.336,-0.017,-0.732,-0.674,-1.766,-0.187,-0.193,-1.073,-1.355,-1.198,0.679,-1.826,-0.508,1.537,0.586,-1.533,-1.144,-1.033,0.245,0.511,1
0.995,-0.273,0.159,1.502,-0.734,-0.092,0.665,0.115,-1.186,1.193,0.29,0.512,-0.205,0.536,1.384,0.568,-1.123,0.467,-0.673,-0.953,0
1.503,0.485,-0.316,0.709,0.968,-0.694,0.299,-0.772,-2.042,2.212,-0.628,0.404,-1.756,-0.813,-0.44,-0.083,1.484,-0.392,-0.895,0.488,0
-0.065,1.759,-0.544,-0.175,0.775,2.158,-0.59,0.148,0.561,-0.237,0.322,0.313,-1.449,0.265,-0.173,-0.73,1.41,0.118,-0.927,-0.848,0
-0.754,-0.34,-0.449,-1.078,0.398,0.025,-2.178,-0.099,0.765,-0.807,0.261,1.337,0.468,0.116,-1.375,1.125,1.645,-1.457,-0.374,0.072,0
-0.092,-0.702,0.373,0.107,-0.467,1.391,-0.809,-0.037,-0.774,1.827,-2.087,0.475,0.68,-0.424,0.148,0.904,-0.309,-1.406,0.882,0.085,0
0.811,1.497,0.826,-1.719,0.963,-1.061,-1.434,0.778,0.39,0.722,0.655,0.94,1.141,-0.526,-0.54,-0.727,-0.104,-0.856,-1.069,0.726,1
-0.705,-0.245,0.091,-1.063,1.221,-1.014,-1.059,-0.601,0.284,0.003,-0.134,-0.627,-1.577,0.705,0.111,2.063,-1.431,0.844,-0.642,0.084,0
-0.352,0.161,-0.535,0.057,1.354,-0.18,1.157,0.327,0.967,0.166,-1.028,-0.868,-0.53,-0.533,1.166,1.641,2.258,0.735,0.91,-1.507,0
-1.316,-0.228,-2.189,-0.027,-0.464,-0.106,0.232,1.18,-1.168,0.484,-1.731,-0.83,1.277,1.539,1.736,0.661,0.386,-2.396,-0.858,1.678,0
0.786,0.203,-0.626,1.255,-0.686,0.869,2.166,1.263,-0.713,0.455,-0.051,0.07,-0.015,0.945,-0.423,0.619,-1.438,-0.391,0.939,-0.303,0
1.014,0.845,-0.206,-0.977,-0.394,0.544,1.074,1.133,-0.342,-0.129,1.845,-0.316,-1.233,1.36,0.745,-1.048,0.16,-0.022,-0.03,-0.047,0
0.47,1.953,1.064,0.619,-0.922,-1.364,0.058,0.011,0.372,1.359,1.859,-0.83,-0.103,-0.523,-0.259,-0.976,2.553,-0.165,0.458,-0.066,1
-0.312,0.592,-1.226,-0.011,-0.335,-0.453,0.138,0.051,1.821,0.645,0.731,0.723,-0.584,-0.559,0.79,0.145,-0.152,-2.437,-0.152,-0.982,0
0.896,-0.925,-0.089,-0.889,-0.784,-0.83,-0.992,-1.113,0.663,-1.722,1.147,0.764,0.226,-1.93,-0.128,-0.679,-0.604,0.496,0.243,0.045,1
-0.276,-0.566,0.106,-1.202,-0.144,-0.122,1.49,0.833,-0.258,0.613,-0.088,-0.623,0.231,-0.054,0.29,-0.752,-1.382,-1.466,0.015,-0.34,1
1.136,-0.857,1.776,-0.23,-0.71,-1.137,0.477,-0.038,-1.623,-0.589,-0.352,-0.398,-1.61,-0.845,-0.873,1.563,1.056,-1.581,1.299,-0.24,1
0.255,-0.042,-1.741,-0.129,0.808,0.428,-0.984,2.393,0.178,-1.065,0.895,0.44,0.042,2.951,0.284,-1.303,-1.366,-0.65,0.091,-0.588,1
-1.543,-0.49,1.526,0.101,0.727,-0.512,0.058,1.117,-1.157,-0.636,-0.312,-0.405,0.199,0.773,-0.304,0.142,-0.561,-0.944,-0.011,2.123,0
0.069,0.417,-0.25,-0.545,-0.976,-1.202,0.6,-0.882,0.607,-0.335,-0.441,0.875,1.03,0.142,0.26,-1.064,-2.334,-0.495,0.697,0.185,1
-1.737,-1.474,-0.296,-1.294,1.33,0.157,0.719,-0.411,-0.185,0.202,1.068,1.447,0.414,0.405,1.391,-0.528,0.823,1.256,0.561,-0.108,0
-0.189,-0.963,0.829,0.015,-0.578,1.478,-1.354,0.023,0.653,-0.109,0.965,1.578,1.207,0.611,-0.04,-0.655,1.012,-0.435,-1.359,0.94,0
-1.317,1.503,0.076,-2.172,-0.49,-0.254,-0.471,-1.14,1.124,0.577,-0.742,0.571,-0.601,-2.044,-0.164,-1.788,-0.4,-0.021,-0.309,-0.724,1
-0.232,-0.071,-1.049,-0.425,0.059,-0.347,0.722,-0.146,0.067,-1.312,0.364,-0.898,0.26,0.945,1.08,1.208,-1.257,0.056,1.527,1.659,0
-0.811,-1.864,0.768,-0.543,-1.064,0.004,-0.47,-1.374,0.929,0.577,0.233,0.9,0.251,-0.043,-1.428,-1.171,0.477,2.99,-1.209,-1.953,0
0.238,0.259,-0.026,0.005,0.277,-1.019,-0.546,1.367,0.294,-0.022,0.753,0.685,-0.454,1.743,-0.169,-1.416,0.58,0.077,-1.18,-0.367,0
-0.776,-2.02,0.562,1.267,-1.021,1.352,0.539,-0.054,1.081,0.485,-1.711,-1.204,-0.516,-2.508,-0.737,-1.235,0.883,0.074,-2.223,-1.821,0
0.59,-1.788,-0.165,0.16,0.354,-1.77,-0.323,1.258,-1.28,0.933,-0.556,-1.334,-0.317,0.254,-0.284,-0.644,0.183,1.563,1.382,0.977,1
0.693,0.272,1.222,-0.131,0.674,0.465,0.136,0.177,0.682,1.028,-0.103,0.005,-1.549,0.191,-1.245,0.818,-0.405,-0.979,-0.789,1.884,0
-0.756,0.44,-0.633,-0.029,0.319,-0.683,-0.61,-0.272,-1.492,-0.206,-1.488,-0.815,-0.965,0.104,0.469,-0.589,0.757,-0.646,-1.257,-1.573,0
-0.011,-1.809,-0.368,-1.698,-0.675,0.049,-0.448,0.769,0.821,0.223,0.948,-0.427,0.901,0.122,-1.011,0.491,-0.379,-0.469,-1.061,0.2,1
-0.318,-0.783,0.986,1.144,0.31,0.935,0.306,0.16,-1.644,-0.972,-1.229,0.24,0.159,-0.795,-0.022,0.679,-0.989,-1.044,-0.899,-0.173,0
1.078,0.303,-1.204,-1.121,-0.362,0.375,-0.522,-1.383,-0.331,-0.557,0.349,-1.523,0.169,1.097,-0.379,-1.665,-1.297,0.398,0.32,0.564,1
-0.801,-1.059,0.044,0.443,2.099,0.947,-0.465,1.837,-0.609,0.494,0.647,-0.937,-0.643,0.934,-2.715,-1.647,-0.122,0.275,0.628,-0.473,1
0.546,1.313,1.824,0.131,-0.229,0.221,1.724,0.736,1.331,0.436,0.077,-1.851,-0.284,1.616,0.597,0.165,0.118,-0.151,-0.894,-0.775,0
0.941,0.869,-0.071,1.358,2.476,1.47,-0.972,-0.792,-1.245,0.927,-1.585,0.361,1.093,0.375,0.015,-0.662,2.299,-1.912,-0.733,-1.141,0
0.609,0.239,0.766,-0.209,0.746,1.465,-0.339,-0.04,0.922,0.922,-2.442,0.37,-0.164,0.507,1.159,0.316,-0.688,0.966,2.114,0.12,0
-0.522,-1.615,0.88,2.253,-1.688,-1.374,0.444,1.148,-0.601,-1.533,-1.286,1.397,0.252,-0.237,0.467,-0.243,0.078,-0.135,-0.375,0.264,0
-0.719,-1.208,0.563,-1.205,0.545,0.636,0.232,-0.827,-1.211,-1.968,1.677,0.485,-1.333,-1.172,1.157,-1.362,-0.165,-1.408,0.139,-0.384,1
-0.432,-1.359,0.082,-0.339,-0.58,0.082,1.49,-0.544,1.978,-1.429,1.978,1.383,0.324,0.715,1.722,1.101,0.937,0.81,1.039,-0.817,0
0.345,-0.63,0.518,0.959,0.594,1.657,1.676,-0.078,-0.628,0.066,-0.221,-0.129,0.117,-0.063,-0.005,0.123,0.515,2.078,0.25,0.495,0
-0.256,0.344,1.394,-0.565,-2.229,-0.15,-0.745,1.302,-0.351,-0.275,1.256,-0.049,1.101,-2.174,-0.744,-0.288,0.654,1.06,0.222,-0.681,1
0.689,0.101,-0.381,0.618,0.361,1.469,-0.577,-0.262,-0.349,-0.243,1.222,-0.595,0.557,-1.006,0.332,1.644,1.192,0.749,0.935,0.969,0
0.123,-0.209,0.091,-1.643,-0.323,-2.351,-0.099,1.752,1.38,0.507,0.521,1.582,-1.49,1.281,0.162,0.319,-2.229,-0.057,-1.524,0.669,1
0.253,-0.234,-1.789,0.867,-0.514,1.343,-1.03,1.975,0.761,-0.536,0.067,2.018,0.277,0.711,0.902,-0.431,0.419,-0.64,0.164,1.523,0
0.849,0.589,-0.73,-1.112,0.652,0.179,0.018,-1.543,0.301,0.846,0.328,0.339,2.267,0.417,-0.466,0.128,-0.727,-0.368,-0.595,0.224,0
-1.149,0.603,-0.161,0.384,-1.472,1.049,0.655,-1.025,1.353,-1.646,-0.783,-0.926,0.197,0.303,-0.049,-0.1,1.219,-0.336,-1.095,-0.224,0
-0.466,0.535,0.124,2.153,-1.007,-0.613,-0.3,-1.399,0.697,-0.468,-1.425,0.02,2.115,-0.425,0.131,0.858,2.439,-0.014,0.864,-0.895,1
1.33,-1.141,-0.493,-0.046,1.593,-0.415,-1.102,0.069,-0.813,2.245,0.11,-0.078,-0.921,1.106,-1.825,-1.018,1.918,-1.108,-0.433,-1.666,0
1.04,0.635,0.854,0.679,-0.945,0.023,1.472,-0.041,0.13,0.604,-0.099,0.52,0.356,0.749,1.323,-1.038,0.059,0.176,0.029,-1.652,0
0.432,-0.074,0.298,0.024,-0.279,-1.117,0.26,1.03,-0.189,0.618,-1.441,-0.168,-1.869,1.291,1.63,2.034,0.666,0.521,0.632,-2.061,1
0.139,0.229,1.161,-0.443,-1.194,-1.03,1.044,-1.288,0.421,1.364,0.66,-1.05,1.086,0.305,-0.124,-0.653,-1.305,-2.227,-0.606,0.519,1
-0.11,-0.557,-1.004,0.904,-0.796,-0.483,-0.028,-0.998,0.449,0.26,1.362,-0.755,0.169,0.852,-0.678,0.505,-0.774,0.937,1.386,-1.184,1
-0.151,-0.55,-1.781,-1.73,0.003,1.313,0.176,0.728,1.15,0.194,1.084,0.886,-0.58,0.459,1.077,0.913,-1.158,-0.48,-0.644,-0.036,0
0.845,-0.166,-0.981,-0.506,-0.988,-0.015,0.207,0.015,-1.182,-1.277,-1.039,-1.217,-0.815,0.511,2.068,0.593,0.433,1.379,1.159,-0.044,0
1.31,0.274,-1.112,-0.712,0.506,-0.838,0.444,-1.168,-0.542,-2.541,0.027,0.308,0.503,-0.301,0.906,0.419,-1.357,-0.949,-0.383,0.443,0
-1.772,-0.666,1.199,0.82,1.02,0.294,0.466,-0.737,-1.166,0.903,0.948,0.18,0.556,0.046,-0.452,-1.54,-0.414,0.311,-0.613,-1.606,0
0.119,-0.124,0.055,-0.416,2.154,-0.441,0.413,0.766,-0.608,-0.792,-0.229,0.461,-0.433,2.04,1.307,0.136,-1.951,-2.078,1.029,0.045,1
-1.379,1.167,-2.334,0.814,1.497,-0.736,-0.704,0.269,-1.375,-0.388,-0.561,0.739,1.949,0.627,0.358,1.752,2.27,-0.431,0.861,1.584,0
0.905,1.009,0.789,0.57,0.069,-0.574,0.919,0.756,1.014,-0.688,1.324,-0.475,-1.65,-1.234,-0.519,0.244,0.415,1.192,0.16,0.925,0
-0.922,0.494,-0.44,0.189,-0.261,1.428,0.589,0.535,0.958,0.755,-0.577,-1.647,1.048,2.137,-1.174,-0.432,1.604,0.111,-0.683,-0.404,0
-0.302,0.554,-0.858,-1.018,1.661,-1.614,-0.555,-0.206,-0.252,-3.071,0.423,-0.602,-0.483,0.334,0.97,-0.077,-0.98,-0.878,-0.297,0.027,1
0.742,0.777,-0.842,-0.969,1.198,-1.625,-0.772,-2.02,-0.366,0.123,0.727,0.3,-1.485,0.042,-1.932,0.607,0.132,-1.005,0.125,0.55,1
0.327,-0.036,0.36,0.471,0.039,0.737,1.153,-0.349,-2.929,-0.455,-0.171,0.287,-0.302,1.874,1.996,1.226,1.257,0.938,0.275,-0.032,0
-0.595,1.256,-0.091,0.476,1.202,-1.047,1.079,0.899,-0.912,0.362,0.784,0.793,1.002,-0.953,0.164,1.032,0.358,0.012,0.824,-0.7,0
0.133,0.685,0.576,-0.022,1.908,1.463,-0.605,0.189,0.964,-1.657,1.251,0.714,0.639,-0.776,-0.441,-0.292,0.406,-0.729,-0.264,0.063,0
0.122,0.236,-0.256,0.232,1.103,0.849,-1.684,0.051,-0.202,0.162,-0.722,-1.067,-1.231,0.265,1.299,2.189,-0.801,0.725,1.027,-1.589,1
-0.212,-0.906,-1.509,0.859,-0.326,1.244,-0.471,0.01,-0.48,-0.155,-0.478,-0.14,0.007,2.189,0.83,0.467,0.625,-0.22,0.095,-1.401,0
0.827,-0.863,-0.067,-1.052,0.122,-1.389,0.094,-0.276,0.408,-0.746,-0.414,-1.339,-1.435,1.771,1.297,-1.035,0.52,-1.681,0.998,0.609,1
-0.29,-0.614,-1.303,0.495,0.675,1.477,-1.347,-0.162,1.092,-0.196,-0.783,-0.252,0.387,2.036,1.063,-0.336,0.364,0.492,-0.564,-0.285,0
0.81,-0.282,0.129,1.065,-0.254,-0.57,-0.966,-1.019,-0.835,-0.396,-1.121,1.015,0.218,0.266,0.922,0.593,1.265,0.426,-0.604,0.507,0
1.296,0.865,0.19,0.724,1.054,-0.505,-0.676,-0.696,0.184,-0.99,-1.049,-1.523,0.925,-0.3,-0.542,-0.915,0.846,-0.108,-0.873,-0.108,0
1.426,0.726,0.807,-0.778,-1.106,0.179,0.519,-0.206,-1.39,-2.833,-1.075,-1.238,-0.401,1.438,0.055,0.31,0.154,1.209,-0.785,0.247,0
0.292,0.457,-1.469,1.467,0.652,1.557,1.176,0.394,0.113,0.604,0.036,-0.093,-1.29,-0.206,-1.131,-1.012,1.149,-1.806,0.696,-0.561,0
0.09,-0.885,-0.334,-0.399,-0.27,0.318,-1.321,-0.065,2.478,0.284,0.411,-0.392,-0.859,1.2,-2.141,-1.336,-0.865,0.139,-1.832,0.153,0
-1.623,0.657,0.73,0.324,-0.72,0.564,0.248,-0.157,0.321,1.139,-0.606,-0.797,2.207,0.921,-0.135,0.478,0.865,-1.361,-1.794,1.262,0
0.054,0.031,0.052,0.76,1.706,-0.462,1.222,-1.024,-0.3,1.438,0.609,-0.034,-2.348,1.263,2.133,0.279,0.647,0.739,-0.452,-0.746,1
-0.346,-0.222,3.065,0.313,-0.835,-0.641,-0.984,-1.166,-1.379,-0.548,0.524,2.313,-2.417,0.714,-1.586,1.155,0.342,-0.334,-0.735,-0.317,1
-0.606,0.975,-0.158,-0.167,0.946,0.51,-0.567,0.662,2.418,0.227,1.237,0.102,0.551,-1.116,-0.275,2.337,0.821,-0.374,1.25,-0.907,0
0.708,1.247,0.229,-0.442,0.947,0.018,-0.763,-0.706,0.856,-0.027,0.762,1.843,-0.573,-0.667,-0.548,0.073,1.584,0.451,-1.884,1.928,0
1.721,-0.013,1.08,1.517,-0.702,-0.47,-2.0,-0.629,-0.097,-1.186,0.47,1.558,1.239,0.135,0.949,-0.27,0.14,0.363,0.601,-0.722,0
0.125,0.456,0.741,1.539,-0.112,-1.23,-0.603,-0.603,0.101,2.049,-0.007,-1.06,-0.711,-0.795,2.241,1.054,1.377,-0.068,0.039,0.634,0
-0.559,-0.339,0.235,-0.371,-1.252,0.426,-0.051,-0.522,1.055,0.389,0.569,-0.466,0.522,0.506,-0.471,-0.462,-0.282,3.075,-0.421,1.838,0
-0.743,0.104,1.328,-0.461,-1.286,0.562,0.945,-0.016,0.119,-0.761,-0.424,0.578,0.016,0.593,0.759,0.317,-0.29,-1.691,1.655,1.99,0
0.983,0.876,0.033,-1.107,-1.611,1.582,-1.001,2.409,0.497,-0.589,-1.233,-0.933,0.692,2.979,-1.201,-0.541,0.916,-0.994,-0.946,2.026,0
-0.081,2.118,2.457,1.308,-0.409,1.52,0.24,-0.077,0.2,-0.583,1.754,0.364,-0.854,1.334,1.11,-1.296,-0.267,-0.115,0.536,0.849,0
-0.646,-1.617,-0.36,-0.298,-0.079,0.002,0.815,-0.86,0.591,-0.157,0.258,0.553,0.005,0.565,-1.815,0.109,0.915,1.12,1.051,-0.002,0
-0.566,0.638,0.452,-0.763,1.317,-0.623,-1.756,1.649,-0.502,-0.746,1.307,0.434,-0.333,-0.16,-1.826,0.795,0.002,-1.085,0.055,0.258,1
0.269,-0.247,-1.104,1.271,-0.62,-0.256,0.787,0.992,1.146,-0.925,0.046,0.125,-0.481,0.084,-0.483,-0.685,0.17,1.177,0.275,-0.976,0
0.259,0.243,1.64,0.571,-0.619,0.92,0.219,0.695,1.232,-0.324,0.843,-1.139,1.975,-0.855,0.415,-0.665,-2.227,0.215,0.195,2.046,0
0.483,0.216,0.219,0.072,-0.471,-1.663,-0.798,1.19,1.315,-0.873,0.406,0.338,1.568,1.082,-0.327,0.217,0.838,-0.75,0.697,0.618,1
1.142,-0.486,0.597,-1.104,-0.247,-0.32,0.729,-0.945,0.422,-1.606,-0.358,-0.459,1.57,2.121,0.403,0.127,0.264,0.716,-0.814,-0.098,0
-0.678,-0.207,-1.563,-0.919,-1.344,2.045,1.122,-0.455,-0.26,-0.015,-0.224,-0.077,-1.576,0.347,-0.398,3.046,-1.381,-1.579,1.14,-0.175,0
-0.431,-0.539,-0.153,-1.056,-0.426,-1.075,-2.623,1.257,-0.465,-1.177,-1.957,-0.469,0.886,-2.314,-1.946,-0.24,-0.265,0.028,-0.857,0.354,1
0.171,-0.786,-0.18,0.296,0.448,0.579,-0.517,0.148,0.227,0.41,-0.252,1.982,1.145,-1.139,0.993,-0.732,-1.653,-1.464,0.097,-1.241,1
0.274,0.637,-0.992,-0.68,-2.228,2.206,-0.481,-0.037,-0.392,-1.032,-0.838,-0.452,-0.659,-0.55,1.81,1.814,-0.101,0.712,1.239,1.538,0
0.453,-0.265,0.594,0.504,-1.31,2.129,-1.152,1.067,0.259,0.281,1.508,0.237,0.292,-0.294,-0.333,0.219,-0.336,-0.33,-1.08,-0.559,0
0.249,1.548,0.953,0.019,1.696,-0.435,-1.282,-0.57,2.023,1.944,1.204,-1.58,-0.953,-0.719,-0.763,0.489,-1.351,0.215,-1.51,0.484,0
0.163,-0.114,-0.343,-0.541,-0.271,1.504,0.831,-0.119,-1.11,0.602,0.737,1.229,-0.793,0.066,1.0,-0.375,-0.728,0.837,-0.223,-1.046,0
-1.623,-0.876,0.144,-1.182,0.571,-0.582,-0.234,-0.711,0.159,0.058,-1.235,-0.216,0.763,1.867,1.958,0.846,0.364,0.33,-0.57,-0.015,0
-1.148,1.113,-0.08,0.214,0.24,-1.374,-0.141,0.072,-1.318,-0.098,-0.536,0.128,-0.6,-0.021,-1.189,0.681,-0.777,0.613,0.47,-0.145,0
-0.446,-0.382,-1.965,0.447,-1.709,0.463,-0.69,-1.134,0.774,-0.601,0.377,-0.998,0.549,2.12,1.273,1.813,-0.087,0.137,-0.255,-0.312,0
1.078,0.296,-0.212,-0.02,0.329,0.2,-1.094,0.728,1.051,-1.737,-0.19,0.801,0.384,2.909,-1.05,0.395,-0.716,0.278,0.991,0.968,0
0.134,0.213,-1.246,0.51,-0.82,-1.763,-1.39,0.823,1.262,-1.369,-0.908,2.059,-1.301,0.303,-0.368,-1.571,0.157,-0.514,1.018,0.932,1
0.628,0.037,0.786,-0.568,1.144,-0.3,1.309,-0.813,-1.302,1.292,1.019,0.002,-0.648,-1.108,0.072,1.406,-1.622,-1.223,0.35,0.059,1
-0.555,0.053,0.273,-1.583,0.246,0.718,0.168,-0.155,0.124,-1.1,-2.479,-1.127,1.546,-0.882,-2.734,-0.028,-0.28,-0.788,-0.01,1.335,1
0.456,0.049,-1.067,0.251,-1.22,-0.031,-0.111,-0.015,-0.571,0.637,0.035,0.53,1.001,-1.431,-0.114,-0.532,0.016,-0.402,0.155,1.487,1
0.088,0.687,-0.751,0.926,-1.128,0.227,1.156,-0.986,1.383,1.174,-1.123,1.991,-0.223,0.412,0.588,0.624,-1.419,-0.554,0.731,-0.105,0
0.304,-0.174,1.267,0.148,-1.922,-1.0,0.38,0.647,-1.459,-0.368,-0.554,0.374,0.259,0.142,-1.099,-1.232,-1.814,-0.691,-1.472,-0.68,1
-0.232,-0.124,-1.748,-0.774,-1.005,-0.445,-0.499,-1.251,1.414,-0.49,-2.086,-1.272,0.927,0.04,1.522,0.622,-0.727,-0.839,0.764,-0.152,1
-1.121,0.087,0.703,2.377,-0.59,0.643,0.749,0.43,-0.806,-0.684,0.13,0.082,1.024,-1.296,0.26,-0.315,-2.464,0.094,-1.217,-1.036,0
-2.459,-1.043,1.174,0.45,0.095,0.986,-0.194,0.482,-1.631,-0.73,0.754,-0.771,-0.142,-1.894,-0.701,-0.569,1.2,-0.234,1.105,-0.447,1
-1.721,0.487,-1.887,-1.288,1.236,1.64,1.407,0.494,-1.071,-0.404,-1.48,-0.029,-1.344,1.943,0.397,0.217,-1.01,1.325,-1.535,0.546,0
-0.576,1.008,-0.294,0.466,-0.282,-0.456,-0.761,-2.371,0.375,0.314,-0.399,-0.144,-0.066,0.586,0.922,-1.176,-1.309,0.953,0.378,-1.608,0
-0.178,1.109,-2.155,0.757,0.02,0.761,-1.287,1.587,0.558,0.329,0.253,-1.792,0.456,0.193,-0.283,-0.93,-0.09,-1.36,-1.419,0.66,0
0.723,-0.647,-0.01,0.354,0.437,-0.145,1.175,1.006,-0.072,-0.591,-0.613,-1.188,1.539,0.389,0.707,0.42,0.283,0.397,0.539,0.702,0
0.223,0.9,0.593,0.576,-0.183,0.306,0.671,2.566,-0.591,0.383,0.015,-0.734,-0.475,0.438,0.849,-1.731,-1.289,0.834,0.604,2.086,0
-1.222,0.314,-0.176,-0.549,-1.547,1.345,-1.473,-0.447,-0.221,0.143,-2.033,0.119,0.076,-0.527,1.493,0.788,0.834,-0.601,-0.814,1.103,1
-1.454,1.018,0.965,0.906,0.308,-0.264,0.843,-0.818,1.189,-1.157,0.207,-1.043,0.032,0.493,-0.225,1.425,0.402,-1.455,0.727,0.317,0
0.701,0.051,0.633,0.738,0.708,0.907,-0.016,-1.323,0.531,-1.542,-0.171,-0.024,1.015,1.255,-1.277,2.306,0.931,-0.072,-1.584,-0.742,0
-0.752,-0.658,-1.531,1.619,-0.767,-1.027,-1.489,-0.6,1.24,-0.85,0.241,0.429,-1.549,0.059,0.308,2.182,1.058,1.565,0.565,-0.19,1
0.668,0.829,-0.176,-0.483,-1.282,0.207,0.313,-0.02,0.392,0.806,-1.566,-0.1,1.119,2.098,-0.063,0.313,1.678,-0.576,0.203,2.584,0
1.093,0.098,0.231,-0.038,-0.465,1.969,0.372,0.311,-1.037,-0.747,-1.186,-0.472,0.859,0.707,1.249,1.018,0.696,2.136,-0.302,-2.148,0
-0.414,-1.644,-1.141,0.725,1.247,-0.248,-2.542,-0.01,1.233,-1.009,0.432,1.453,-0.65,-0.771,-1.381,-0.011,-1.674,-0.318,-1.7,0.32,1
-0.004,-0.348,0.033,-0.625,0.43,0.639,-0.578,1.164,0.058,-0.471,1.307,-0.503,-0.936,0.632,-0.676,0.165,-1.551,1.173,-1.041,0.9,0
0.706,-0.455,0.433,-1.187,-0.903,-0.471,0.734,-0.601,0.545,-1.784,0.872,-0.144,0.618,1.723,1.061,-0.503,0.277,0.074,-1.091,-1.038,1
1.574,-1.001,-0.478,0.726,-1.269,-0.28,0.854,-0.448,0.68,0.891,-0.519,-1.512,1.675,1.537,-1.744,0.043,0.974,-0.214,-0.524,-1.5,0
-0.975,0.883,1.546,0.405,0.76,0.023,0.966,0.682,2.68,-0.896,1.006,1.233,-0.034,-2.178,0.907,1.307,-1.086,1.703,0.07,0.916,0
0.919,0.53,0.437,0.853,-1.247,1.536,-0.984,-0.981,1.483,-0.994,0.149,0.717,-0.537,0.034,-1.34,0.671,-0.228,1.168,0.267,0.335,0
-0.105,0.226,-0.835,-1.207,0.277,0.421,-0.588,-0.608,-0.147,-1.409,-1.217,-0.107,-2.274,-0.952,-0.198,0.386,1.839,-0.036,-0.191,-0.131,1
-0.731,-1.937,0.731,-1.119,-0.312,0.541,-1.187,0.575,-0.877,-1.884,1.709,-0.804,0.134,-0.559,0.985,-0.243,1.901,-0.626,-1.061,0.937,1
1.982,-1.586,1.102,-1.099,1.355,0.649,-0.792,0.156,-0.828,-0.419,-0.422,1.427,-0.249,-0.948,0.581,-0.613,-0.912,-0.878,0.655,-1.699,0
-1.203,-0.004,0.602,-0.616,1.705,-2.278,1.279,0.368,0.723,0.272,-0.192,0.789,0.268,-0.254,0.202,1.071,-0.447,-0.05,0.2,2.425,0
1.146,0.28,1.305,-0.343,0.752,-1.619,-1.606,1.076,-0.374,1.736,1.196,-0.168,0.416,0.463,-0.117,-0.872,-1.607,-1.457,-1.031,1.587,1
1.263,-2.699,1.143,1.04,1.508,-0.853,-1.279,-0.171,-0.313,-0.49,-0.976,1.404,0.394,-0.337,0.544,0.554,-1.575,-0.462,-0.774,0.006,0
1.218,0.164,-1.369,-1.48,0.624,-0.414,2.228,0.155,0.601,-0.662,0.048,-2.823,0.494,-0.058,0.299,0.498,0.463,-1.005,-1.522,-0.615,0
-0.04,0.414,0.057,-0.478,0.963,-0.31,0.476,0.473,-0.385,-0.027,2.149,0.344,-1.788,-0.411,-0.88,-0.805,1.113,0.126,1.166,0.517,1
0.266,0.537,0.415,-0.831,0.586,0.204,-0.583,-1.455,0.984,0.393,0.721,-1.914,0.896,0.113,0.648,-0.031,-1.145,1.598,0.99,0.163,0
-1.39,-0.202,0.638,-0.276,1.34,-1.178,-0.315,-0.596,-0.203,0.222,0.55,0.388,0.351,0.442,0.121,-0.099,1.101,-0.666,-1.227,0.289,0
-0.288,1.257,1.075,-0.47,0.593,-0.789,-1.755,-0.831,1.583,-0.869,-0.0,0.257,-0.853,0.755,0.276,1.637,0.08,-0.893,1.556,0.088,1
-0.025,-0.519,0.242,-0.653,-1.269,1.351,1.011,-0.819,1.366,0.722,-1.054,-1.402,-3.092,-1.648,0.179,-0.092,-0.904,-0.344,1.252,0.352,1
0.38,0.32,-1.3,-0.042,0.003,1.324,0.277,0.953,0.888,0.571,1.774,0.533,0.367,-0.639,-0.593,-1.073,1.319,0.529,0.707,-1.074,0
-0.572,-0.595,1.071,-0.953,-0.666,0.811,0.646,-0.926,-1.676,-0.283,1.111,-0.963,0.483,0.894,0.156,-0.126,-0.232,-0.559,-1.001,-0.574,0
0.431,-1.284,-0.84,0.201,0.479,-0.346,-0.967,-1.088,-0.674,0.274,-1.443,0.832,0.131,-1.328,0.077,0.613,0.373,1.131,-1.081,2.438,0
1.063,1.524,-0.16,0.008,0.03,1.917,-0.058,0.626,-0.685,0.774,0.076,0.578,0.048,-0.972,-1.063,-0.411,1.152,2.127,1.006,-0.853,1
0.348,-0.242,0.655,1.294,0.786,-1.849,1.847,-0.694,0.919,0.685,-0.756,-0.723,-0.827,-0.888,0.898,0.725,0.419,-0.166,-0.226,0.74,1
-1.299,0.05,0.861,-0.834,-1.303,-1.95,1.119,-0.004,-0.851,0.247,-0.274,0.942,1.498,0.982,-0.262,-0.019,0.566,-0.721,0.304,-0.397,1
0.35,0.263,0.359,-1.769,-0.128,-1.119,1.435,-0.876,1.439,0.19,0.653,0.543,0.406,-0.74,2.802,0.116,2.486,-0.282,-0.503,-1.292,0
-1.304,-0.997,-0.171,1.112,-0.508,-0.442,-0.55,0.104,0.28,1.574,-1.204,-1.677,-1.793,0.047,1.051,-0.365,0.473,-0.665,0.653,-0.955,1
-0.914,0.393,-2.345,-0.916,0.176,-0.909,-0.533,-0.276,0.278,0.984,-0.404,1.089,2.152,0.265,-0.043,1.321,-0.913,0.647,0.182,2.178,0
1.746,-0.073,1.492,-0.133,-0.017,0.707,-0.122,-1.492,-0.367,0.536,-1.516,0.35,-0.016,0.967,0.026,2.127,0.76,0.141,0.124,-1.216,0
2.033,-2.107,-1.564,0.571,-1.148,-1.464,0.229,0.22,0.479,-0.474,-0.38,1.052,1.036,1.65,-0.263,-0.264,0.247,-0.505,0.125,0.004,0
-0.926,1.008,0.293,0.207,-0.728,1.187,-0.118,1.012,-0.014,-0.985,2.173,0.749,-0.777,0.202,-0.153,1.429,-1.521,0.276,-0.867,0.167,0
0.381,2.447,-0.443,-0.1,0.068,-0.783,0.448,0.545,1.177,0.977,0.317,-0.055,0.129,-0.19,0.277,0.446,0.849,-0.679,-0.359,0.653,0
1.181,0.513,-0.152,-1.49,-0.204,0.18,1.321,0.368,-0.726,-0.928,-0.829,0.649,0.562,1.161,1.547,0.029,-0.213,-0.922,-0.097,-0.404,0
0.328,0.21,-0.895,2.489,1.036,-0.99,-0.151,-3.089,0.448,1.228,-0.031,0.107,-0.811,0.217,0.467,-0.896,-0.135,1.303,0.125,-0.588,0
0.265,-0.347,1.528,-0.896,-0.22,2.705,1.557,0.366,0.421,-1.011,-0.609,0.167,-1.153,-0.72,0.336,0.223,0.231,2.075,-1.299,0.898,0
0.18,0.944,-1.441,1.953,1.554,0.881,-0.552,-0.672,0.373,0.137,0.15,1.903,-1.897,1.379,0.017,-0.756,-1.033,-0.051,-0.355,-1.131,0
0.256,-0.1,-1.494,-0.376,-0.162,-0.798,1.661,1.37,-0.567,-0.983,-0.677,0.321,-0.075,1.552,-1.114,-0.727,-0.872,-1.322,0.95,0.337,0
0.314,-1.25,-0.251,1.612,-0.302,-0.897,0.062,2.12,-0.067,0.362,-1.084,1.041,-1.41,0.643,-0.302,-2.503,0.742,-0.351,0.633,1.33,1
0.919,-0.5,-1.049,0.909,1.817,-0.064,-0.495,-1.184,0.815,0.944,0.067,-0.349,0.295,-1.313,0.457,-0.842,-0.069,-0.081,1.47,-0.185,0
-1.259,0.502,3.025,-0.667,-1.07,0.02,0.4,-0.222,0.165,-0.28,0.805,-0.756,1.184,0.446,-0.21,0.461,-0.47,2.34,-0.048,-0.769,1
-0.995,-0.003,-1.551,0.16,0.901,0.139,-0.171,-1.569,0.268,1.183,-0.228,-0.708,-0.236,0.507,-0.575,-0.486,0.656,-0.136,0.445,-1.78,0
1.642,0.01,-1.238,-0.453,0.368,-1.367,1.194,-0.077,-1.449,-1.629,0.522,-0.245,0.426,0.195,1.977,0.43,-1.09,1.217,-0.793,-0.2,0
-1.129,1.236,1.261,-0.497,-2.07,-0.065,-2.586,0.798,0.668,-2.048,-0.515,-0.017,-0.527,0.325,-0.401,0.374,-0.079,-0.778,-0.871,0.673,1
-0.047,-0.506,0.724,-0.258,0.679,0.648,0.246,0.094,-1.565,-0.236,-0.691,0.728,0.619,0.576,0.472,-0.007,-0.289,0.579,0.185,-0.412,0
-0.597,-0.885,0.715,0.393,0.825,0.975,0.817,1.04,-0.336,-1.28,0.73,-0.045,1.695,-1.294,1.837,1.236,-0.845,-0.748,0.923,-0.564,0
-0.305,0.888,-1.474,-1.747,1.317,-1.72,-0.23,-1.313,-0.198,0.621,-1.869,-1.944,0.46,0.55,0.617,-1.673,-0.283,0.519,0.949,-0.737,1
-0.53,-1.571,-0.035,-2.213,1.099,1.844,0.137,-0.149,2.42,0.375,0.591,-1.469,-0.77,0.49,-0.279,-2.9,-1.355,0.821,0.827,1.29,0
-2.28,1.334,1.214,-0.774,-0.89,1.486,-1.412,1.868,1.191,0.679,-0.059,-0.146,0.379,-1.183,1.183,-0.479,-1.219,0.11,-0.491,0.581,0
-0.1,1.496,-0.63,0.334,-0.195,1.429,-0.192,-0.525,0.191,-0.109,0.631,-0.057,-0.531,1.416,-0.959,-2.043,-0.399,-0.373,0.492,-1.597,0
2.085,0.706,-0.176,1.123,-0.089,-0.03,-1.124,-0.629,-0.927,-0.631,-0.183,-1.16,-0.481,0.035,-1.686,-0.94,-0.423,-0.534,-0.016,-0.342,1
-1.388,0.224,1.761,-0.752,0.987,2.139,-2.345,0.322,-0.353,-2.703,1.334,0.28,-1.972,-0.568,-0.847,-0.056,1.487,0.679,-0.402,-1.355,1
1.302,0.652,-0.82,0.27,0.076,-0.901,-0.603,-0.918,-1.534,0.72,0.812,-1.263,-1.052,-1.091,0.695,-1.782,0.206,0.818,0.637,-0.03,1
0.212,0.627,-1.785,-0.74,-1.513,0.988,0.77,1.292,-2.313,0.58,0.417,-0.565,-0.959,-0.078,0.315,-0.641,-1.385,-0.082,0.842,-1.457,1
0.431,-2.026,-0.683,-0.696,-0.961,0.226,0.158,-0.341,0.279,1.659,-0.531,1.367,1.736,-0.303,0.383,-0.442,-0.414,1.184,0.889,-0.417,1
-0.255,0.11,0.275,1.647,-0.614,-1.852,-0.477,0.94,0.621,-0.058,0.822,-1.049,-0.34,1.235,0.51,-1.881,1.149,-1.998,-0.155,0.652,0
-0.693,0.41,-2.888,1.256,1.241,0.799,0.406,-0.447,-0.281,0.243,0.235,1.323,-2.205,1.777,-0.559,0.674,-0.383,-0.136,-0.199,0.98,0
0.077,0.717,0.353,0.459,0.047,1.324,0.338,-1.468,-1.543,0.242,0.148,1.043,-0.99,-0.324,1.229,-0.98,1.173,-0.061,0.919,0.67,0
-1.779,-0.438,-1.544,-0.262,0.355,-1.522,-1.232,-1.13,-0.64,-0.788,-2.278,1.123,-1.14,0.896,0.307,-0.558,-0.435,0.097,-0.189,-0.023,0
0.091,-0.794,0.641,-0.664,0.725,-1.036,0.582,1.767,-0.796,-0.332,0.912,-1.048,-1.663,-0.852,-0.278,0.232,-0.959,-0.608,-1.702,-0.463,1
0.515,0.382,-0.932,-0.032,1.139,0.166,0.15,0.907,-2.395,0.227,1.67,-0.741,-0.471,-0.368,0.297,-1.236,-0.265,0.697,0.038,2.113,1
1.91,-3.618,-0.624,0.505,-1.558,0.701,-1.54,-0.643,-1.143,1.575,-1.91,0.248,0.824,1.582,1.915,0.217,-0.846,0.421,-2.497,1.312,0
-0.35,-0.049,-0.415,1.176,0.243,-1.543,-0.612,0.441,0.73,0.991,-0.822,-0.397,-1.239,-0.549,-0.583,-1.097,-1.311,1.187,1.697,1.564,1
1.789,1.275,-0.223,-0.341,-0.084,0.134,0.333,-0.509,-1.586,0.158,-0.562,-0.573,-0.579,-0.029,1.274,0.521,-2.512,0.32,0.093,0.887,0
0.392,0.137,0.71,-0.354,0.97,-0.289,1.568,0.116,-0.295,-1.392,-0.934,1.401,-0.534,-0.664,-2.089,-1.283,0.936,0.368,0.628,-0.026,1
0.843,1.575,-0.725,2.235,1.536,1.173,0.155,-1.101,-0.182,1.189,0.594,0.098,0.373,-1.27,0.532,-0.34,0.238,0.484,-2.441,-1.204,0
-0.933,-0.297,2.602,1.858,-0.311,-0.158,-0.292,-0.61,-0.174,0.91,1.145,-0.653,1.63,1.255,0.818,-0.062,-0.326,-0.593,0.238,0.496,0
1.507,-0.095,-0.33,-2.334,0.738,0.98,-0.86,-0.471,-3.648,-0.011,0.46,-0.613,2.072,0.306,-0.307,-0.002,2.059,-1.627,0.727,0.533,1
1.787,-0.475,-0.266,1.09,-0.346,-1.817,0.367,0.211,-0.685,-0.74,-0.194,-0.241,-0.889,-0.273,2.098,0.193,0.021,-1.102,-1.39,-0.589,0
1.868,-2.132,-0.219,0.236,0.337,0.661,-0.085,-0.637,0.571,1.137,0.629,-0.85,0.231,-1.99,0.204,-0.437,0.391,0.278,1.907,0.131,1
0.322,0.528,0.166,0.06,-0.491,-1.397,-0.9,1.484,-1.416,-0.803,-0.176,1.436,0.721,-0.001,0.418,-1.692,-0.637,-1.589,-0.877,-0.12,1
-1.894,0.37,-0.594,0.05,-2.027,-1.01,0.389,0.502,-1.0,0.177,0.347,1.094,-0.762,0.034,-0.771,0.378,0.028,0.941,-0.258,1.01,0
1.346,-0.013,-0.096,-0.272,-0.732,-2.314,0.389,0.41,-0.096,1.755,-1.528,0.902,-0.271,0.186,0.448,0.741,-0.337,-2.046,-0.102,-0.095,0
0.906,1.471,1.535,-2.507,-0.41,-0.136,1.525,-0.497,0.665,1.03,-0.035,-2.288,-1.52,0.617,1.093,-0.599,-0.361,0.067,-0.531,-0.464,0
-0.021,0.257,-1.373,-0.799,0.243,1.362,0.925,-1.175,-1.843,0.184,-0.799,0.003,0.635,0.439,-1.551,-0.702,-0.138,-1.969,-0.92,0.34,0
1.777,1.089,-2.057,2.018,-0.297,0.868,0.833,-1.04,-0.534,0.534,-1.406,0.167,-2.195,-0.326,-0.011,-0.014,-0.143,-0.711,1.326,-1.702,1
1.974,-2.017,0.6,-1.756,1.749,1.255,-0.622,0.485,-1.406,0.57,0.496,0.667,-0.315,1.633,0.378,0.53,0.488,-0.217,0.446,-1.1,0
0.878,-0.53,1.796,-0.858,0.877,1.087,0.422,0.212,-1.483,1.177,0.555,1.419,1.175,-0.713,-0.454,0.076,1.331,0.754,-2.35,0.897,0
0.952,1.215,-0.309,0.83,-0.81,-0.365,1.45,-0.883,0.601,0.954,0.229,0.169,-1.769,-0.852,-0.019,0.84,-1.035,-1.036,1.404,-0.301,0
-1.479,0.622,-0.729,1.189,-0.053,-1.445,1.058,-0.437,0.611,1.316,0.596,-0.217,0.166,-0.298,0.16,-1.394,0.602,0.762,-0.569,0.973,0
0.125,1.021,-2.039,-0.559,0.349,-1.653,0.994,-1.369,0.313,0.751,0.043,-0.528,0.662,0.15,3.539,0.152,0.411,0.582,0.051,-2.224,0
0.001,1.214,1.531,-0.454,-2.615,-1.235,-0.852,0.157,0.002,1.869,0.413,1.648,0.169,0.119,-0.454,0.234,0.867,-0.255,0.861,-0.804,0
1.431,-0.696,-2.397,-0.239,1.561,0.085,1.217,-0.266,1.79,0.239,1.02,0.485,1.291,-0.529,0.94,0.938,-0.314,-0.655,-0.137,-0.693,0
0.274,0.455,1.502,-0.066,0.621,-0.666,1.509,-0.054,0.928,1.052,2.213,0.228,-0.748,1.276,0.224,-0.607,0.357,0.084,-0.13,-1.557,0
-0.083,1.102,-0.585,1.988,1.333,-0.766,-1.031,-0.303,-2.202,0.424,0.707,2.327,0.516,1.088,-1.543,-0.933,3.45,0.34,-0.374,2.085,0
-2.311,0.139,-0.535,0.663,1.035,-0.281,2.279,-0.683,1.454,1.234,-0.443,1.118,-0.498,0.31,-0.486,-0.009,0.326,-0.262,-0.182,-0.619,0
0.168,0.972,1.143,-0.587,0.991,0.192,-1.825,-0.995,0.433,1.327,-0.64,-0.412,-0.753,-0.11,-1.542,-1.904,-0.793,-2.067,-0.142,0.046,1
-1.469,0.215,0.534,1.346,-0.834,-0.667,1.357,-1.21,0.571,1.838,0.42,-1.121,-0.388,-0.54,0.399,-2.274,-0.412,-0.033,-1.192,-0.075,1
1.053,1.261,-1.146,0.578,0.204,1.065,0.722,-0.541,-0.491,-0.114,1.257,1.646,0.253,0.561,0.664,0.068,0.129,-1.095,0.831,-0.479,0
0.798,-0.085,-0.618,-1.354,-0.134,1.912,-0.053,0.061,-0.475,0.215,-0.163,0.332,0.996,0.553,1.172,-1.805,-1.0,0.168,-0.693,-1.068,0
1.308,-1.102,0.302,0.633,0.184,0.307,-1.233,1.075,-0.284,1.873,0.397,-0.567,-1.518,-1.981,-0.014,0.434,-0.527,-1.876,-1.083,-0.34,1
2.693,0.364,-0.49,0.628,-1.543,1.697,-1.582,0.186,-0.579,0.053,-0.856,0.201,-0.506,-0.425,-0.819,0.514,2.813,1.088,0.027,-1.022,0
0.573,-0.008,1.671,-0.417,-0.854,1.707,0.657,-0.26,-0.512,-0.575,1.697,0.134,-0.617,-0.99,0.688,-0.906,-0.494,-0.177,-0.271,0.201,0
1.532,0.142,-1.787,-0.861,-1.088,0.313,-1.274,0.227,0.9,-0.748,-0.05,0.9,0.594,-0.237,0.072,0.483,2.645,0.484,0.193,2.167,0
0.206,0.246,0.711,0.195,1.08,0.518,1.98,0.536,1.322,0.191,0.603,0.368,0.017,-0.832,-0.675,0.687,2.904,0.479,-1.7,1.687,0
0.194,-0.855,-1.054,0.75,-1.227,1.575,0.693,0.124,0.416,-0.606,-0.498,2.392,-0.247,-1.209,0.178,0.456,-0.242,2.063,0.194,-0.521,0
1.668,2.257,-0.766,-0.143,1.133,-0.799,0.016,-0.658,-1.894,1.78,-0.963,-0.658,-0.441,0.877,1.966,0.52,-1.01,0.053,-0.865,0.328,0
1.389,-0.648,0.071,-0.59,-0.286,-0.492,-0.333,1.329,-0.421,-0.952,0.731,-0.781,-0.893,-2.218,-0.089,0.546,-1.223,-0.346,-1.203,-0.658,0
0.815,1.103,-0.416,-0.921,-0.63,0.941,-1.207,2.34,0.331,0.45,-2.154,0.47,-0.08,-1.843,1.348,-1.985,1.341,-0.041,-0.386,0.042,0
-1.328,0.46,0.197,1.337,-0.565,0.299,1.801,-0.324,0.194,-0.171,-0.619,-0.716,-0.461,1.292,0.587,0.743,1.343,-1.546,-0.161,-0.536,0
0.414,0.484,-1.224,-0.151,1.429,0.393,-0.088,-0.203,1.825,2.047,-0.531,-0.743,-1.764,-0.358,0.778,0.505,1.656,0.666,0.6,1.109,0
-0.898,1.689,-0.081,-0.547,-0.004,0.837,0.249,0.29,1.551,-1.165,-0.992,-1.505,-1.183,1.443,0.243,0.989,0.11,-0.639,0.369,-2.173,0
-3.07,-1.842,1.475,-1.18,1.03,-0.385,-1.539,-0.815,1.104,0.497,0.527,-0.134,1.302,-1.609,0.276,-0.696,1.148,-0.425,0.107,0.86,1
-0.191,-1.624,1.487,-2.589,0.165,-2.033,0.661,-1.152,-0.48,-0.108,0.271,-0.894,-0.016,-2.112,0.859,-0.654,1.16,-1.468,0.751,-0.641,1
0.74,0.859,-1.285,0.331,1.716,-0.464,0.158,-0.21,-0.214,-0.047,-0.342,0.893,0.245,-0.397,2.102,-0.116,0.047,-0.111,0.151,0.648,0
0.692,1.209,0.663,0.374,0.675,0.696,0.451,-0.861,-1.083,0.676,-0.947,0.928,-0.858,1.019,1.134,-0.386,-2.573,1.026,0.99,0.256,0
0.85,0.886,-1.211,-2.79,0.112,0.334,0.326,-1.517,1.223,0.249,-0.24,2.714,2.354,0.478,-0.922,-1.278,-0.205,1.495,0.115,-1.655,0
2.197,-0.08,-1.715,-0.666,1.322,-0.148,1.743,-1.08,-1.202,-0.432,0.644,1.109,1.071,-0.216,-0.582,0.28,1.01,-0.167,2.373,-0.377,1
0.703,-0.172,-1.353,0.379,-0.277,0.202,0.074,-1.065,-0.437,0.529,-0.451,-1.0,1.082,-0.148,0.01,-1.664,0.967,-0.741,-0.041,2.387,1
0.735,-0.868,1.775,-1.097,-0.234,1.102,0.83,-1.314,0.393,-0.013,-1.478,-0.417,0.019,0.383,0.781,1.851,0.359,1.336,1.36,-0.121,0
2.111,-1.277,0.993,-0.201,-0.216,-0.735,0.503,0.388,2.513,0.026,1.595,0.843,1.5,1.616,1.976,-1.412,-0.699,0.945,0.092,-1.602,0
-0.233,0.032,-0.624,2.049,1.294,0.334,-1.364,-2.169,-1.588,-0.058,1.888,0.007,1.116,-1.019,0.322,0.01,-1.105,-0.744,-0.129,-0.255,0
1.669,-1.673,0.082,0.469,-1.021,0.631,0.347,0.205,-0.24,0.248,1.126,1.111,-0.825,-1.291,0.034,0.958,0.376,0.238,-0.328,-0.203,0
0.158,0.11,-0.623,0.929,0.991,-0.149,1.008,-0.452,-0.034,0.353,-0.369,-0.024,0.752,-0.021,-0.344,-0.016,0.41,0.272,-0.162,0.699,0
0.16,1.619,0.461,-0.96,-0.337,0.748,-0.343,0.262,-0.599,0.042,-1.687,0.201,-0.306,1.38,0.836,-0.379,-0.021,0.025,0.166,0.99,0
0.157,2.05,-0.998,-0.36,1.414,-0.625,-0.516,-0.667,-0.323,0.518,0.604,-0.457,1.466,-0.781,-1.486,2.578,-1.026,-0.768,1.12,-1.005,1
0.84,0.081,0.759,-0.1,-0.694,0.126,-1.633,1.132,-1.691,-2.588,0.537,0.188,-0.613,-2.193,-0.75,-0.296,0.911,-1.729,0.47,-0.236,1
0.336,-1.05,-0.534,1.48,-0.084,-0.145,0.05,0.233,0.591,-0.182,0.29,-1.23,-0.671,-0.376,0.756,-1.156,0.01,-0.099,1.132,0.612,0
-0.863,0.264,0.96,-2.033,-1.837,-1.127,-0.342,-0.857,-0.778,-0.466,-1.355,-1.522,0.419,0.558,0.785,-1.447,0.315,-0.291,0.88,1.262,1
-0.882,-0.381,0.533,-0.066,0.365,-0.089,0.572,0.402,1.192,-0.376,-0.135,0.116,1.182,-0.876,-0.25,-2.542,-0.245,1.853,-0.158,-0.299,0
0.483,-2.72,-0.906,0.021,0.05,0.44,0.49,-0.712,0.593,-0.331,-1.01,0.59,-0.099,-0.95,-0.123,-0.937,-1.043,0.637,-2.12,-0.178,0
0.159,0.194,-0.984,-0.275,-0.254,-0.461,0.336,0.829,-0.024,-0.528,-1.059,-0.949,1.004,0.52,-1.129,-0.392,-0.278,0.304,0.385,1.489,1
-0.916,-0.187,-1.044,-0.013,-0.967,-0.187,-1.09,0.988,-0.802,0.033,-0.752,0.722,0.259,-0.648,0.358,-1.473,0.332,-1.619,2.651,0.298,1
0.361,-0.448,1.159,-0.906,0.104,0.393,-0.786,-0.295,-1.204,1.492,0.139,-0.427,-1.892,-1.004,0.313,1.453,-0.558,0.575,2.448,-0.133,1
-0.711,-1.101,-0.264,-0.847,0.873,1.249,0.906,-1.917,1.206,0.123,-0.212,0.158,1.257,-0.109,0.757,1.626,0.219,-0.597,0.742,-0.001,0
0.803,-0.47,0.096,1.025,-0.747,0.324,-0.46,0.407,1.734,-0.681,-0.827,0.166,-0.604,-0.184,-1.175,0.429,0.062,-0.875,-1.548,-1.041,0
-0.211,2.424,-0.051,-0.859,0.201,-0.65,1.187,0.399,0.118,-1.783,0.522,1.182,-0.513,-0.568,1.013,0.234,-0.71,-0.329,0.422,-0.948,0
-0.208,-0.384,-0.216,0.413,0.488,1.021,0.373,0.977,-1.39,1.022,-1.004,1.774,-1.918,1.528,1.081,-0.145,0.212,-0.92,-0.451,-0.866,0
-0.248,1.423,1.659,-1.195,1.607,1.117,-0.4,-0.543,-0.282,0.22,-0.321,-0.197,0.896,0.971,-2.068,2.541,0.769,1.429,1.285,-1.057,0
0.213,-1.552,0.978,1.184,-0.353,-0.371,0.21,1.27,-0.516,-0.401,-0.511,1.191,0.638,-1.458,-1.357,1.585,-0.12,-1.916,0.357,-1.581,0
-3.065,0.421,-0.915,1.0,-0.927,0.927,0.132,0.217,-1.194,-0.76,-0.581,-0.985,-0.667,0.896,1.117,0.707,1.393,-2.394,-0.716,-1.496,0
-0.541,-0.546,-0.911,-2.014,0.724,0.87,1.291,0.764,0.073,0.184,0.415,-0.467,-1.22,-0.705,0.823,-0.303,1.967,-0.582,-0.612,0.698,0
-0.207,0.076,1.075,0.258,0.901,1.016,2.052,-0.174,0.162,0.035,-0.605,1.311,-1.536,0.65,1.89,0.402,-0.537,-0.39,0.2,-0.371,0
-1.505,-2.191,-0.908,-0.467,0.494,-1.129,0.189,-0.673,-0.162,-1.486,0.753,-0.452,1.079,0.934,-1.53,-0.962,-1.707,0.243,-0.912,-0.5,1
0.307,0.271,0.977,0.466,0.336,0.554,0.197,-0.55,-0.376,-0.791,0.554,1.014,-0.232,1.881,-1.552,-0.744,-2.067,0.132,-0.03,-1.241,0
-2.108,0.343,-0.774,0.035,0.907,0.107,0.464,-0.184,-1.351,-1.743,-0.447,-0.252,-0.651,0.393,0.038,-0.422,-0.327,0.568,0.762,-2.68,1
1.381,0.441,-0.055,1.855,1.641,0.466,0.748,-0.35,1.112,-0.882,-1.444,-0.013,0.638,-0.349,0.678,-0.624,0.487,-0.62,0.097,0.488,0
0.901,-0.626,-0.529,-2.047,0.678,0.549,-2.488,-0.541,0.73,-1.121,1.079,0.145,0.145,-1.513,0.524,-0.106,-0.309,0.822,-0.27,0.502,0
1.063,-0.627,0.528,0.095,0.833,1.25,-1.132,0.681,-0.909,-0.602,-1.427,0.183,0.226,0.262,-0.127,-0.191,-1.353,0.926,-0.822,1.793,0
0.382,1.007,-0.703,-0.876,1.734,1.435,-0.439,-0.2,-2.43,0.343,0.267,-1.865,0.697,0.085,0.45,0.04,-1.943,2.169,0.443,-0.287,0
-1.142,-0.437,1.148,-0.182,-1.022,-0.576,0.829,-0.839,-0.166,-0.299,-0.574,-2.484,1.128,-0.179,0.489,0.503,-0.411,0.019,0.145,0.104,1
0.509,-0.565,-0.264,-0.122,0.216,-0.002,0.611,0.906,-1.833,-0.015,-0.187,0.149,-1.544,0.708,-0.536,-0.563,0.059,-0.01,1.054,0.255,0
-1.003,-0.527,-0.476,-1.11,0.316,0.914,0.22,0.678,-0.701,-0.735,2.163,-0.036,-0.341,1.109,-0.963,0.469,2.09,-0.304,-1.0,-1.051,0
-1.632,0.664,-0.836,0.397,-1.628,0.881,-0.747,-0.222,0.782,-0.932,2.722,-0.014,-0.908,-0.704,-0.493,-1.426,0.324,0.517,0.126,0.753,1
0.317,1.745,-1.707,-0.045,0.175,-1.007,1.34,0.135,0.97,0.076,0.407,-0.977,1.339,1.032,0.378,0.038,0.947,-2.2,1.43,-1.721,0
-0.102,-1.283,-0.101,0.924,-1.461,1.187,0.914,1.781,-1.933,0.79,-0.822,1.603,0.408,0.701,0.321,-1.174,0.119,0.166,-0.316,-0.793,0
0.29,0.979,0.659,2.698,-1.7,0.88,0.633,-0.328,0.936,-0.337,2.198,-0.642,1.092,0.86,1.532,0.689,-0.529,-0.793,1.495,0.581,0
0.43,2.319,1.077,-1.049,-3.015,-0.97,-0.348,0.768,-1.296,0.753,-0.278,-0.185,-0.074,1.637,0.451,0.121,-0.606,-0.952,0.227,-0.008,0
2.911,-1.577,1.259,0.616,-0.582,-0.086,1.04,1.919,-1.797,-1.293,1.026,-1.891,0.768,1.147,-0.941,-0.848,0.232,0.16,-0.97,1.255,1
1.594,0.433,1.258,-0.677,-0.136,0.223,-1.819,-1.093,2.748,-0.315,-0.607,-1.939,0.138,0.931,1.379,-1.663,-0.99,0.732,0.449,0.818,1
0.689,0.391,-0.267,0.703,0.939,-1.071,-0.337,2.012,1.078,1.302,0.323,0.629,-0.589,-0.554,2.191,1.527,0.254,-0.762,0.008,-0.036,0
2.489,-0.243,0.245,-0.313,0.835,0.064,1.264,0.136,0.264,1.092,-0.251,1.427,-1.101,0.908,-0.264,0.228,-0.802,-0.799,-0.604,0.644,0
-1.068,-1.474,0.038,-0.637,-0.368,-1.681,-1.244,0.529,-2.003,-0.287,-0.044,-0.188,-0.427,0.606,-0.531,-0.708,-0.793,-0.111,-2.299,1.366,1
-0.976,-1.306,1.816,1.02,-0.552,0.523,0.472,-0.291,-0.179,-0.819,1.576,-0.086,-1.065,1.485,-0.413,-0.354,1.243,1.024,-0.393,-0.569,0
-1.019,0.211,-0.564,1.644,-0.052,0.728,-0.457,-0.953,1.83,-0.73,-1.521,-0.836,-0.532,1.381,-0.545,0.942,1.124,0.175,1.77,-0.867,1
0.156,-0.331,-0.01,1.056,1.47,-0.349,1.111,1.528,-0.077,-0.921,-1.609,0.216,-1.195,-1.266,-0.664,0.772,2.152,1.408,1.925,1.48,0
0.073,1.016,0.447,-1.616,-2.038,0.528,2.282,1.082,-0.315,-1.782,0.733,-2.58,0.341,-0.513,-1.488,-1.62,-0.895,-0.845,0.53,-0.092,1
-1.748,-2.736,0.4,-0.134,0.817,-0.821,1.162,-0.072,0.537,0.061,-1.453,0.64,0.825,0.128,-0.141,-0.625,0.809,-0.117,-1.115,0.976,1
0.779,1.704,0.739,-0.09,-1.512,0.111,0.352,0.225,1.089,1.127,-2.571,-1.562,-0.044,-1.673,0.104,1.236,0.189,-2.026,-0.763,0.395,0
-0.447,1.335,-0.214,-0.262,-0.242,-0.836,0.205,0.488,0.673,-0.576,1.522,-0.619,-0.605,-0.063,0.278,1.775,-0.104,-0.347,0.967,-1.043,0
-0.041,2.445,0.872,2.498,1.272,1.565,0.487,-1.527,-0.501,-0.483,-2.737,-0.46,0.321,-0.132,-1.232,0.885,-0.716,0.733,1.273,-0.214,0
0.593,-0.572,0.525,0.134,-0.998,-0.495,0.045,-0.446,-0.666,-1.098,0.688,-0.403,1.283,0.202,-0.145,-1.276,0.878,-1.333,0.68,-0.862,1
-0.241,0.969,0.09,1.43,-0.106,-1.217,-0.671,0.409,1.915,-0.2,-1.157,-2.197,0.741,-0.717,2.19,-0.58,-1.814,0.19,0.998,-0.445,0
-0.219,-1.535,-0.067,1.118,-0.539,-0.242,1.182,0.864,0.45,-0.459,0.246,-0.297,1.531,0.953,0.994,-0.678,0.09,0.235,1.58,0.878,0
-1.079,0.82,1.126,1.073,0.422,1.276,1.854,-0.686,1.151,-0.586,-1.163,0.101,0.688,0.569,-0.012,-1.121,-0.313,1.534,-1.361,1.203,0
-0.727,-0.732,3.738,-1.537,-0.653,0.332,1.478,0.033,-0.11,-0.311,1.54,-1.279,0.018,0.457,0.051,-0.981,-0.28,-0.359,-1.124,-0.476,1
-0.749,0.246,-0.169,-1.457,-0.094,-0.717,-1.413,0.372,0.223,0.59,1.77,-0.071,0.263,-0.936,1.303,1.592,2.41,-0.133,-0.21,0.374,0
-1.043,1.044,0.988,1.329,1.388,1.105,-1.531,0.245,0.581,-0.473,-1.345,0.494,0.11,0.563,1.392,-0.041,0.909,-0.935,-0.704,-0.677,0
-1.67,0.325,-1.105,0.043,-0.153,-0.245,-0.983,-0.089,1.24,-1.978,-1.001,-1.959,1.008,-0.786,-0.316,0.244,-0.098,-0.523,-0.141,0.692,1
-0.581,-1.382,1.039,1.793,-1.108,-0.122,-0.508,-0.129,0.971,1.661,-0.155,-0.083,1.03,1.866,0.007,-0.333,-1.483,-1.333,-1.65,0.344,0
-1.293,1.075,0.117,-2.224,-0.152,-0.168,1.146,-1.222,1.74,-0.888,-1.096,0.112,-0.08,-1.458,0.088,-0.88,-0.467,-0.316,0.693,0.468,0
-1.037,0.504,0.126,0.203,-0.75,1.027,-0.351,0.67,1.241,-1.432,-0.542,0.221,-1.31,-0.8,1.069,1.554,1.984,-0.554,0.429,0.072,0
-0.811,-0.636,0.973,-0.293,-1.305,1.451,0.244,-0.28,0.131,0.99,0.26,2.8,1.082,0.981,0.271,0.25,-1.581,1.459,-0.283,-0.006,0
2.648,-1.215,-0.27,-0.752,-1.963,-0.78,1.305,-1.196,0.049,1.06,0.793,0.419,-0.255,0.631,-0.12,-3.912,0.604,2.527,0.289,-0.33,1
0.789,0.509,-0.744,0.325,0.215,-1.395,-0.902,1.26,0.98,-0.16,-1.502,0.575,0.402,0.68,-0.223,0.057,1.258,0.042,0.855,-1.666,1
0.122,-0.481,0.673,-1.237,-0.076,-0.141,-1.431,-0.185,0.887,-0.299,-0.5,1.234,0.29,0.503,-0.295,1.373,-0.957,0.257,0.212,1.771,0
-0.062,1.503,-0.611,-1.88,0.157,0.011,0.517,1.002,1.72,-0.801,0.729,-1.209,-0.113,-0.128,-0.235,0.32,0.608,-0.461,0.404,1.454,0
0.167,1.106,-0.689,0.226,-0.371,2.821,-0.085,-0.208,1.799,2.7,0.738,0.266,0.668,-0.755,1.019,0.167,-0.201,-0.056,-0.649,-0.238,0
-0.817,1.298,0.841,-0.88,-1.73,0.252,0.348,1.08,-1.951,-0.01,0.818,0.198,0.957,-0.635,0.543,0.529,0.279,0.454,-0.388,1.418,0
-0.578,0.414,-0.121,-0.629,0.392,-2.007,-0.405,-1.122,-0.489,0.777,0.524,1.547,-0.327,0.175,-0.721,-1.216,-0.134,-1.948,1.191,0.578,1
-0.629,-1.872,-0.853,-1.841,-1.878,-0.561,1.038,1.167,0.696,0.403,0.011,1.626,0.091,-0.491,1.357,1.153,-0.44,-0.539,-0.083,-1.184,0
-2.133,1.78,1.664,-0.588,1.379,0.012,-0.721,0.875,0.329,-0.077,-1.086,-0.894,-0.297,0.382,-0.504,0.665,0.222,1.276,-1.454,-0.629,0
-0.602,1.494,-0.934,-1.886,0.325,-1.135,0.217,0.941,0.16,1.306,0.605,-0.351,0.158,-0.21,-1.033,-1.682,-0.674,-0.647,0.468,0.577,1
-0.503,-1.702,2.471,-0.087,0.364,-0.029,0.008,-0.305,0.634,0.183,0.455,0.567,1.54,-0.599,-0.296,0.246,0.619,0.332,1.069,-1.332,1
0.49,0.458,1.076,-0.456,1.036,0.464,1.092,0.508,-0.734,0.158,-0.238,1.424,-0.434,0.543,1.881,-0.001,-0.453,0.254,-1.084,-0.165,0
-0.769,0.794,-0.132,0.444,0.097,-0.141,0.873,0.65,-0.932,-0.013,0.716,0.758,1.674,0.544,2.33,0.03,-0.637,-0.823,-2.245,1.019,0
0.637,0.915,-1.006,1.016,-0.389,0.335,-0.608,-0.182,1.108,-0.055,0.844,-1.284,-0.935,0.919,1.136,1.92,1.045,0.681,-0.068,0.426,0
1.868,-0.783,-0.375,-0.249,0.187,-1.252,-2.769,0.919,0.258,0.579,-1.66,-0.437,-1.46,-0.383,-0.766,-0.698,-1.854,0.437,-0.371,-1.172,1
0.107,0.53,-0.668,-0.177,0.328,-0.738,0.805,-0.654,0.139,0.675,-0.602,0.398,0.633,0.601,-0.585,0.253,1.19,0.624,-0.357,-0.202,0
-0.236,0.621,-2.409,-1.086,-1.654,0.206,0.1,0.742,0.214,1.988,0.239,-0.848,-0.178,-1.431,0.346,-0.405,-0.667,-1.924,-1.422,0.036,1
-0.1,2.012,-1.335,0.316,-0.509,-0.961,2.028,-0.437,-0.179,0.224,1.571,1.041,0.687,0.036,-0.133,-0.12,-0.254,0.445,0.001,-0.551,0
-1.427,-0.015,-0.358,0.328,-0.855,0.212,1.011,0.426,-0.126,-2.268,1.583,0.491,1.04,-0.516,0.812,0.375,0.224,1.339,1.006,-1.546,0
1.255,3.066,-0.288,1.339,1.267,-0.234,0.301,-2.464,-0.069,-0.738,0.723,1.965,-0.236,-0.171,0.616,-0.268,-1.71,-0.964,-0.235,-0.635,0
-0.963,0.42,-1.0,0.411,0.86,-1.429,0.856,0.719,1.368,0.393,-0.531,-1.284,-0.266,-0.237,-1.664,0.078,-0.56,-0.082,0.044,1.941,0
0.779,-0.403,-0.052,-0.037,-1.015,-1.017,-0.792,-1.679,1.655,-0.109,0.302,0.785,-0.905,0.744,0.407,-0.858,-1.224,-2.099,0.907,-0.433,1
0.766,0.815,-0.184,0.788,1.095,1.234,-0.291,1.858,0.955,0.966,-0.401,0.262,2.199,-1.475,-0.933,0.557,0.06,0.757,0.467,-1.519,0
-0.49,0.33,0.29,-0.852,0.161,-0.567,-0.877,-0.217,0.552,-0.57,0.591,-0.361,0.99,0.158,-1.513,0.788,0.076,1.039,-0.132,0.32,0
0.538,-0.822,-2.085,1.066,-0.576,1.78,0.54,-0.329,-0.024,0.275,1.288,-0.773,-0.89,2.425,-1.146,1.268,0.275,2.244,0.516,0.821,0
0.903,-1.088,-0.017,0.975,-0.278,0.81,0.119,0.055,-0.525,0.436,1.081,1.778,-0.547,-1.43,0.334,-0.346,0.479,-0.406,-0.304,-0.632,0
1.169,-0.13,-1.726,2.135,2.357,0.447,-1.091,-0.055,-2.038,0.095,1.266,-2.01,-1.108,0.052,0.271,-0.163,-0.03,-0.306,-0.828,0.422,0
1.465,-0.363,0.539,1.179,0.483,0.186,-1.597,0.432,-0.653,0.812,0.293,-0.473,-1.19,-1.02,0.831,0.916,1.088,-1.181,-1.066,0.778,0
-1.693,0.835,1.1,0.784,-1.052,-0.835,-1.328,-0.164,0.322,0.682,0.249,0.021,0.582,-0.556,-0.452,-0.15,0.809,0.551,-0.162,0.461,0
-0.962,-1.035,-0.867,-0.039,-0.129,-0.256,0.984,0.232,-0.475,-0.887,0.967,0.304,-0.597,0.411,0.284,0.732,0.702,-0.564,1.751,-0.152,0
-1.089,-0.516,0.68,-1.273,-1.065,1.45,-1.434,1.159,-0.773,1.272,-0.392,-0.141,-0.471,-0.779,0.673,-0.065,0.091,-1.514,-1.575,1.108,1
0.016,1.571,-1.224,-0.668,-0.228,-0.011,-0.356,-0.959,1.482,-0.01,-0.907,-1.304,-1.029,-1.079,0.406,0.26,0.733,0.203,-0.914,-2.395,0
-1.566,0.302,0.1,-0.583,-0.186,-0.491,0.582,-0.16,-0.845,-0.633,-1.433,-0.409,-0.497,-0.705,0.1,1.335,-0.348,0.577,-1.255,-0.766,0
-1.685,0.808,1.201,0.354,-0.267,0.372,-0.509,-2.555,-0.952,-0.225,-0.687,1.895,2.04,0.208,-0.582,-0.838,0.931,2.312,-0.069,-0.17,0
-0.282,0.255,-0.386,-1.313,-0.762,-0.157,-1.786,0.985,-1.365,-1.731,-1.16,1.097,0.879,-0.566,-0.496,-1.176,1.669,-0.849,0.024,1.647,1
0.98,-0.948,1.371,-0.091,1.069,-0.565,1.73,0.318,-1.216,0.149,2.567,0.525,2.13,1.935,-0.123,-1.675,-1.473,-0.581,0.365,0.077,0
0.166,0.887,0.108,-0.076,-0.401,0.269,-1.199,-1.662,1.451,-0.34,-1.636,0.555,2.663,-0.244,1.172,-0.348,-1.495,0.993,0.03,1.32,0
-1.322,0.667,0.591,-1.233,0.615,-1.287,-0.757,-1.562,0.601,-1.311,-0.523,-1.032,0.851,-0.473,-0.159,1.686,-0.604,0.576,-0.407,0.111,0
0.734,-0.397,-0.727,0.51,-0.256,0.504,-1.627,-0.743,-0.856,-0.789,-0.245,-0.151,1.257,1.003,-0.752,-0.441,1.214,-2.876,-0.986,0.833,0
-0.661,1.046,0.287,-0.425,-0.465,2.448,0.753,1.458,-0.025,0.584,0.46,-0.621,-0.291,-0.462,0.139,-1.027,1.212,0.392,-2.576,0.889,0
-0.38,0.474,-1.782,-1.492,1.134,-1.048,1.322,0.479,-0.262,-0.603,0.54,0.56,-0.064,1.315,-0.286,-0.197,0.001,-0.751,0.766,0.921,0
-0.154,0.846,-0.206,0.51,2.166,1.2,1.2,1.064,-0.248,-0.064,0.674,0.923,0.89,0.28,0.142,2.048,-1.103,-1.848,0.252,0.544,0
-0.117,0.817,0.078,1.185,-1.563,0.824,0.7,-0.274,-0.65,0.334,0.607,-1.238,-1.81,-1.043,-0.497,1.104,-0.286,1.187,-1.548,-1.075,0
-1.319,0.256,-1.609,0.119,1.713,-1.974,1.709,0.015,-0.028,0.773,-0.166,-0.308,-1.36,0.748,-0.02,1.146,0.259,0.556,-0.423,-0.713,0
-0.16,2.047,1.784,-0.15,-0.573,-1.55,-0.949,-0.672,1.663,1.094,-0.203,0.249,-1.057,1.761,1.697,-1.383,-0.962,0.733,-1.555,-0.506,0
0.865,0.696,1.304,-1.8,2.376,-0.65,0.32,-1.47,0.585,-1.16,-0.702,-1.616,1.177,-0.332,-0.471,0.308,1.508,0.266,-0.985,-0.44,0
0.25,1.371,0.012,0.22,1.358,0.185,0.112,0.487,-1.824,-0.206,-0.346,-0.195,-4.59,-2.052,0.323,0.38,-0.846,-0.027,-0.105,0.903,1
0.707,-1.417,-1.019,0.872,0.214,1.59,-0.084,1.714,-0.651,1.099,0.388,-2.242,-0.985,0.503,-1.878,-0.099,-0.727,0.835,-0.804,-0.381,1
-0.012,0.13,1.565,-0.966,0.167,1.554,-0.027,0.057,0.954,-1.586,-1.39,-1.289,-0.442,0.225,0.651,0.253,-0.386,0.618,0.469,0.395,0
0.753,-0.784,1.082,-0.369,-0.085,0.183,0.297,0.123,-1.065,-0.082,0.547,0.976,-1.127,-0.564,1.99,-1.246,-0.572,0.371,-0.143,1.26,1
-0.309,-0.23,0.858,-1.537,-1.268,-0.965,-1.763,-0.637,-0.451,1.18,0.045,-0.028,-0.538,-0.351,1.426,-0.995,0.575,-0.406,0.53,2.301,1
1.003,-0.132,1.201,-0.804,-0.18,0.599,0.673,0.243,0.897,-1.441,0.801,0.577,-0.012,0.406,0.108,0.485,1.05,-0.684,-0.555,-0.727,0
-0.459,1.678,-2.256,-0.852,-0.644,-0.21,1.103,-0.173,-0.465,0.441,0.7,-0.525,0.639,0.11,-0.178,-0.837,-0.514,-0.572,-0.171,0.29,0
0.076,0.452,-0.708,1.019,-0.098,-0.559,1.611,1.564,-0.398,0.374,0.438,0.342,-0.466,1.471,0.335,0.256,-3.107,-0.099,0.254,1.22,0
0.194,0.398,1.085,2.23,-1.053,-0.411,-0.683,-0.643,-0.487,-2.038,0.452,0.078,0.704,-1.585,-0.405,-0.316,-0.549,0.249,-0.525,0.374,0
0.418,0.318,1.259,0.187,0.954,-2.659,0.665,-0.097,-0.074,0.993,1.531,-1.208,0.04,-1.312,-0.835,0.153,-0.675,-0.582,-0.839,-0.693,1
0.175,0.252,1.208,0.866,-0.115,-0.207,-0.304,0.715,0.103,0.295,-1.62,-0.28,-2.294,-1.844,-0.117,-1.441,-0.2,-1.647,-0.554,0.917,1
-0.5,-1.37,-0.589,0.585,0.152,0.152,1.154,0.143,-0.467,0.669,0.803,-1.129,-0.542,0.715,-0.218,0.255,1.789,0.838,-0.862,-1.981,0
-0.568,-0.788,-0.204,-0.829,0.82,-0.891,-1.5,-1.044,-0.136,1.539,1.615,-0.466,-1.084,2.413,0.298,-0.586,0.026,0.825,0.573,0.217,1
2.034,-0.895,-1.057,0.7,0.111,1.253,-0.117,0.243,-1.903,-1.512,0.855,-1.136,0.047,0.745,-1.1,-0.69,1.465,1.032,0.08,-1.976,0
0.234,-0.093,-0.377,0.624,0.125,1.366,-2.246,-0.699,-1.129,-0.508,0.322,1.631,0.392,0.098,-1.098,-0.619,-0.96,-0.998,-0.691,0.396,1
-2.535,-1.395,-1.85,0.57,-0.065,1.388,-0.88,-1.4,-1.457,2.222,-1.085,0.607,-0.354,-0.861,0.602,0.421,-1.5,0.568,-1.379,1.342,0
0.064,-0.571,0.921,0.91,-0.58,-1.349,-0.185,-0.394,0.508,-0.042,0.639,-0.925,0.479,0.079,0.458,0.387,2.104,-0.009,0.47,1.177,1
-1.031,-1.482,0.549,-1.663,0.233,0.329,-2.292,-0.934,-1.146,-1.433,-1.378,0.118,-1.028,-0.372,-0.933,1.16,-0.543,-0.313,-0.81,0.295,1
1.302,-0.376,-1.226,-0.85,1.667,0.49,0.042,0.594,-1.3,1.171,-0.065,0.188,-1.626,0.256,0.895,0.052,-0.883,0.315,-0.962,-1.298,1
-0.744,0.648,0.497,-0.431,0.463,-0.209,-0.647,-0.821,1.02,-1.082,-0.872,-0.344,-1.926,0.884,0.521,1.176,-0.171,-0.751,-0.599,0.813,0
0.367,0.874,1.074,-0.803,0.097,-1.69,-0.434,-0.051,0.402,0.568,-1.479,0.283,0.021,-0.781,-0.514,-1.354,0.675,0.487,-2.349,0.534,0
-0.123,0.673,1.67,0.858,-0.547,0.487,0.0,0.272,-1.057,-0.853,1.153,-0.047,2.11,0.456,0.497,1.533,-1.168,0.554,-1.379,0.976,0
-1.74,0.799,-0.91,0.456,-1.518,-0.184,-0.377,0.424,0.323,2.021,-0.384,-0.539,-0.679,-0.122,-1.847,-2.031,1.371,-0.181,-1.07,-0.431,0
-1.66,0.082,1.4,-0.219,0.005,0.695,0.546,0.7,0.175,0.741,-1.89,-1.559,-1.066,-0.807,-0.362,-0.359,0.277,-0.016,-0.916,0.628,0
0.264,0.1,-0.346,-0.589,-0.656,2.646,0.739,0.3,0.024,0.156,-1.094,-0.538,-0.873,2.11,1.983,0.886,-0.878,-0.316,-0.152,-0.389,0
0.187,1.557,-1.473,0.938,-0.735,-0.416,-0.087,-2.931,-0.854,0.817,0.899,-0.444,-0.568,-0.046,0.669,-1.905,-0.694,1.212,1.064,2.056,1
-0.984,-0.467,1.032,-1.881,1.14,-0.307,2.727,1.216,2.087,-1.477,1.401,-0.209,-0.26,-0.519,0.544,-0.517,0.865,-0.937,1.757,-0.016,0
1.761,0.241,-0.003,0.543,-1.058,0.184,-1.178,-1.6,0.2,-1.635,-0.705,0.064,-0.809,0.34,1.029,-0.761,1.292,-1.82,0.549,-0.894,1
0.924,-0.311,-1.294,1.526,0.666,0.2,-0.45,0.72,1.292,-0.502,-0.182,0.162,-0.079,0.821,0.806,-1.451,-0.797,-0.204,-0.578,0.347,0
0.372,0.172,-0.163,-0.506,0.782,0.199,1.332,0.08,1.823,-0.025,-1.164,1.729,0.539,-0.22,-0.168,-0.111,-0.542,0.25,0.716,-0.578,0
-1.572,-0.552,-1.842,-0.126,-0.891,1.096,-2.809,0.304,-0.445,0.214,2.527,-1.029,-0.17,0.694,0.218,-0.691,-0.616,1.512,-0.329,1.304,0
1.806,1.369,1.288,-0.927,0.48,-1.867,0.275,-0.715,-0.248,0.614,-0.856,-0.92,0.01,-0.707,0.972,2.468,0.708,-0.62,-0.295,-0.374,0
0.588,0.05,0.427,0.867,1.665,-0.728,-0.602,-0.498,-1.833,0.251,-0.812,-1.34,-0.735,-2.201,0.497,0.632,1.261,1.37,0.265,0.776,1
-0.283,0.972,0.7,0.127,-0.277,-0.246,-0.015,-0.445,-1.225,1.411,-1.641,1.089,0.47,0.101,0.051,-2.869,-1.283,0.776,-0.871,0.961,0
-0.494,0.737,0.446,0.102,1.077,1.286,1.387,-0.388,1.983,1.036,1.076,0.669,0.749,-0.071,0.236,0.418,-1.202,0.349,-0.701,1.31,0
0.74,0.978,2.378,0.037,0.168,-0.766,0.636,0.966,-0.652,0.454,0.108,0.878,0.2,-2.127,0.36,0.591,1.345,-1.833,0.215,0.355,0
-1.277,0.43,0.32,-0.479,2.062,-1.03,1.514,-0.184,0.154,0.968,1.63,-1.774,0.67,1.748,0.343,-0.715,1.194,0.122,-0.618,-1.748,0
0.887,0.775,-0.809,-0.108,-0.586,-0.046,-0.686,0.541,-0.463,-0.368,0.212,0.757,-0.03,-1.093,-0.543,-1.172,0.693,0.695,0.647,0.35,1
0.076,0.915,-1.053,-0.127,-0.746,-1.635,-0.083,-0.695,-0.651,-0.414,-2.441,0.097,-1.894,0.39,1.66,-1.555,-3.998,2.023,-0.513,-0.177,1
-0.827,1.451,-0.219,-1.081,1.555,-0.259,-0.637,1.089,1.291,-0.948,0.293,-0.714,1.265,-0.059,-0.225,0.143,-0.634,1.276,-1.141,-0.79,0
1.985,-0.341,1.085,-0.284,0.674,-0.819,-0.294,-1.46,0.179,-0.753,-0.083,-0.466,1.976,0.85,-0.745,-0.12,-0.476,1.066,-2.014,-0.188,0
-0.417,1.264,0.35,-0.606,0.009,0.91,-0.809,-2.902,1.591,0.264,-0.862,-1.784,-0.766,-0.269,0.58,-0.936,-0.114,-0.066,1.139,-1.39,0
-0.478,0.837,-0.617,1.073,0.857,-0.726,0.493,-2.062,1.114,-2.229,0.527,0.046,1.25,-0.755,-0.61,0.975,1.487,1.299,0.04,-1.039,0
-1.433,-0.947,-0.036,-0.526,-1.132,-0.324,-1.579,-3.091,1.275,-1.863,0.633,0.07,-2.439,0.234,0.007,-1.094,1.672,0.243,-0.971,0.211,1
-0.963,-0.595,-0.408,0.197,0.257,-0.11,1.571,1.197,1.483,0.266,-0.729,0.696,-0.305,-0.626,1.157,-1.784,-0.017,1.883,-1.078,-0.017,0
0.03,1.462,0.953,-0.09,-0.316,0.556,-0.191,0.812,0.963,1.528,-0.413,0.047,0.685,-0.198,0.115,-1.338,0.436,-0.423,-1.658,0.063,0
-1.145,-1.436,0.414,1.041,-0.797,0.047,0.389,-2.941,-0.782,-1.163,1.662,0.857,0.308,-0.916,-0.379,0.936,-0.748,0.782,0.004,-3.471,1
0.524,0.887,-0.094,0.029,1.385,-0.671,-0.931,-2.006,-1.292,2.933,0.102,-1.245,-0.377,-0.547,0.307,-0.388,0.289,0.519,0.272,-0.748,1
-0.572,-1.279,-1.442,-0.161,0.615,0.094,-0.116,-0.468,0.057,-0.244,-0.265,0.578,1.533,-0.413,-0.098,-0.387,-2.073,-0.06,0.669,-1.0,0
1.597,0.133,0.724,0.327,0.054,0.835,2.2,-0.343,0.397,-1.074,0.525,-2.318,-1.185,-0.802,-2.427,0.058,-0.728,0.292,-0.641,-1.141,0
0.127,1.162,0.837,1.945,-1.674,0.897,0.811,0.067,-1.545,1.048,0.204,-1.21,-1.399,-0.385,0.458,0.334,0.499,-0.391,-0.503,0.146,0
0.671,0.703,1.431,0.405,0.815,1.777,0.058,0.349,0.648,-0.238,2.507,-1.628,0.781,0.501,-0.697,0.379,0.285,-0.494,0.953,0.731,0
-0.519,0.071,0.391,-0.699,0.518,0.432,0.624,0.081,0.468,1.373,-1.165,1.923,-1.012,-0.048,0.165,1.29,1.566,-0.301,0.483,-0.904,0
0.562,0.413,0.005,-0.189,0.261,-0.947,-0.061,0.229,-0.232,-1.489,1.902,0.078,0.269,-1.716,-0.852,0.478,-0.861,0.701,0.805,-0.406,0
0.148,-1.123,-0.988,-0.773,-0.238,-0.28,1.522,-0.041,-0.384,-0.123,0.139,0.18,1.015,0.179,-1.844,0.517,-1.577,0.44,0.763,-1.3,0
1.515,-0.08,-0.277,-1.76,0.345,-0.1,0.033,-1.431,0.052,-0.296,0.498,0.609,0.431,-0.907,0.359,-0.707,0.276,-0.57,0.504,-0.784,1
-0.984,0.916,-0.478,0.059,1.567,-0.385,1.338,-0.741,-0.197,-1.196,-0.721,0.338,0.204,0.138,-1.641,1.476,0.751,-0.462,-0.722,-0.901,0
-0.317,0.888,1.516,-0.931,0.634,0.691,-0.068,-0.269,0.236,-0.434,-2.288,0.842,-1.096,0.165,-0.753,-0.714,0.048,0.413,-2.464,0.671,0
1.318,-0.882,0.074,-0.357,0.192,-0.651,-0.077,0.1,0.786,-1.534,0.294,-0.779,1.941,0.89,0.678,-1.397,-0.206,-1.636,1.107,-0.395,0
-0.903,-1.279,0.075,0.992,-0.206,0.755,-1.275,0.405,1.679,-1.569,-0.635,-0.77,0.035,-0.31,0.122,-0.122,0.936,-0.285,0.492,-0.056,0
0.056,-0.92,-0.799,0.865,-0.168,-0.642,0.465,-0.72,-0.916,-2.164,1.085,0.145,-0.647,-0.261,-1.266,0.223,0.857,0.706,0.204,0.829,1
1.994,0.12,-0.95,0.317,-0.838,1.276,-1.235,0.917,0.575,0.695,-0.31,-1.29,2.019,0.295,-0.352,1.027,0.277,0.934,0.155,-2.583,0
-0.011,-0.175,-0.968,0.162,-1.281,1.935,1.281,-0.533,-0.017,1.038,0.191,-0.798,0.903,-0.223,-0.04,-0.674,0.414,0.601,-0.846,0.897,0
0.273,0.262,1.169,-0.085,-1.016,-0.772,-1.312,-0.953,-0.296,0.29,-0.186,1.399,0.44,-1.236,-0.059,0.276,-0.279,0.382,-0.306,-1.389,0
-0.46,-0.372,-0.593,1.211,-1.175,1.403,0.624,0.936,0.552,-0.85,1.234,0.755,0.476,0.914,-0.829,-1.075,1.034,-2.314,-0.426,-3.156,1
-1.303,-0.083,-0.356,0.208,0.773,0.237,-0.219,-1.028,0.558,0.477,-0.411,0.678,0.454,0.338,-0.568,-0.473,0.087,0.331,-1.256,-0.137,0
-0.655,1.642,0.149,0.426,-0.492,0.701,-0.045,-0.643,-1.344,0.301,1.128,1.518,1.599,-0.188,1.673,-0.703,1.041,-0.33,-0.7,-0.075,0
0.414,-1.236,0.25,0.169,-0.356,-1.273,0.397,0.684,-0.157,0.169,0.144,-0.213,-2.493,-0.894,-1.396,-0.285,1.043,1.966,0.128,0.229,1
-0.713,-0.995,-1.406,0.357,-0.595,-2.32,0.005,0.036,-0.611,-0.772,0.343,1.237,0.174,-0.678,0.584,-0.483,-2.187,0.327,1.302,0.853,1
-1.371,-0.308,0.077,0.084,0.711,1.151,-0.898,1.486,-0.057,0.657,0.646,-0.226,-0.631,-0.074,-1.072,-0.189,-0.24,1.127,-1.557,0.957,1
0.487,0.03,-0.548,-2.438,0.884,1.002,0.197,0.541,-0.259,-0.316,1.127,0.217,0.115,0.855,1.461,-1.738,0.539,-1.101,-1.104,0.566,0
-1.127,0.571,0.256,-1.846,-1.214,0.41,-1.524,0.944,1.729,2.588,0.363,1.068,0.056,-0.675,1.81,-0.64,0.903,1.128,0.05,-0.727,0
0.014,-0.766,-0.371,-0.125,-0.073,0.443,0.814,1.025,-0.816,0.121,-0.896,0.312,1.327,-0.368,-0.263,0.033,2.14,-0.267,-0.499,0.1,0
-0.229,0.023,-0.344,0.646,-0.531,0.326,0.393,0.732,1.723,0.209,0.069,-0.519,0.576,0.403,-0.267,0.156,0.149,-0.835,-0.391,1.345,0
0.444,0.098,0.067,-0.933,-0.874,1.745,0.225,1.701,-1.909,0.605,0.782,-0.496,0.213,0.649,-0.145,-1.346,2.144,0.668,-0.039,0.381,0
0.038,-1.413,1.066,0.374,0.108,1.493,0.573,0.629,-0.825,-0.199,1.341,1.074,-0.356,-0.557,-1.399,-0.14,0.006,1.143,0.5,0.405,1
-0.403,-0.153,-0.608,-0.723,0.386,0.478,-1.01,-0.122,-0.898,0.159,1.63,1.41,-0.196,-0.328,-0.296,-0.094,-2.421,1.699,1.94,-0.249,1
-0.306,-1.409,0.403,-0.224,-0.033,-0.233,0.521,1.245,0.067,0.856,1.615,0.451,-1.164,0.955,-0.875,1.596,0.583,0.34,1.183,-1.045,1
0.918,-0.962,-1.4,1.764,-1.766,1.738,-0.292,-2.031,-1.62,-1.413,0.89,-0.736,0.374,0.376,0.709,0.163,-1.61,1.042,-0.885,1.649,0
1.864,-0.627,-0.705,-0.59,0.291,0.963,0.991,-1.573,0.179,-0.305,-0.521,0.925,0.882,-0.66,0.296,-0.007,-0.769,-0.556,-0.511,0.572,0
0.152,0.371,0.074,-0.317,1.521,1.009,-1.02,0.869,0.463,0.374,0.327,0.486,0.058,-1.142,-1.301,0.824,0.411,-0.603,0.934,0.414,1
0.019,-1.126,-1.124,-0.126,-0.726,-0.631,-1.671,1.727,-0.177,-0.149,1.078,-0.343,-0.443,0.132,2.477,-0.855,-0.295,-0.206,1.075,0.678,0
0.424,0.214,-0.534,0.125,-0.677,-1.127,-0.71,-0.043,1.571,1.714,-1.151,0.07,0.26,-2.927,-2.056,-1.697,0.303,-1.107,0.102,0.743,1
-0.542,-1.388,0.292,-1.992,1.191,1.545,-0.109,-0.049,-0.745,1.103,-0.383,0.305,-0.181,-0.766,-1.017,-1.386,-1.556,2.632,1.28,-0.879,0
1.789,1.356,0.555,2.284,-0.529,-0.231,-2.351,-1.021,0.34,-0.575,1.507,0.447,-1.191,-0.906,-0.29,-0.219,-1.655,0.4,0.378,-2.315,0
0.865,0.772,2.144,0.371,0.474,-0.122,-1.35,-0.563,-1.484,-1.734,0.03,0.605,0.936,0.057,0.947,-1.16,-0.337,-2.999,0.991,0.282,0
0.8,1.35,0.714,0.759,0.978,-0.259,1.075,1.34,0.907,0.201,-0.307,-0.448,0.324,-0.204,2.376,1.463,0.558,0.305,0.071,0.283,0
0.22,-1.081,1.568,-1.115,-0.136,1.165,2.554,-1.601,0.173,1.33,-1.922,-1.609,0.316,0.981,-0.726,-0.301,1.27,-0.475,1.704,0.532,0
-0.901,-1.202,-0.304,0.69,0.698,0.611,0.929,-1.511,-0.927,-0.316,-0.608,1.681,-0.616,0.342,0.051,-1.06,0.83,-0.76,0.977,1.058,0
-0.529,1.303,1.281,-0.094,-1.136,-0.854,0.137,0.77,-0.626,-0.348,0.215,-0.21,1.187,0.384,0.653,-1.426,0.18,1.323,1.418,-1.138,0
0.598,-0.141,0.907,-0.023,1.689,-1.429,1.304,0.568,0.26,-1.559,0.754,-0.278,-0.755,0.588,0.884,-0.568,-0.006,0.53,0.331,1.545,0
-1.027,0.104,-0.344,-2.127,-0.206,-0.73,0.409,-0.322,2.24,0.622,0.6,-0.438,0.429,0.201,0.224,-0.623,0.194,-0.305,-0.331,-0.375,1
1.719,-0.944,0.552,1.162,-0.005,-0.349,1.327,2.379,1.331,-1.442,-2.043,1.045,-0.567,0.869,-0.053,-1.146,0.335,1.118,0.038,-0.668,0
-0.497,1.418,-0.409,-0.095,-0.566,-0.399,0.711,0.585,0.772,0.726,0.52,0.272,0.285,0.031,-1.159,0.369,-0.376,-0.178,0.054,-0.561,0
-1.25,-0.088,1.174,1.404,-0.91,0.204,-0.39,-1.04,1.793,-0.497,1.213,-0.725,1.429,-0.868,0.629,0.54,-0.183,0.318,-0.312,0.947,0
-0.473,-0.752,0.051,0.554,1.294,0.144,-1.588,-2.279,-0.216,-1.336,0.3,-1.001,0.165,-0.612,-0.296,-0.768,0.032,2.049,0.992,0.726,1
0.433,0.726,0.827,-0.281,-2.203,-0.405,-1.358,0.456,0.964,-0.221,-0.539,0.945,-1.027,0.835,0.816,0.289,2.092,-0.157,-1.153,-0.864,0
-0.062,-0.389,0.055,1.734,-0.1,1.03,-0.032,-1.288,0.704,-1.087,-2.204,-0.055,-0.354,0.518,-0.65,1.389,0.336,-0.619,-0.515,-0.107,1
-1.101,-1.068,0.641,-2.572,-0.248,0.095,1.315,-0.03,1.416,-0.22,0.462,-1.531,0.887,2.291,-1.362,-0.136,1.471,-1.001,-0.849,0.621,1
1.264,2.091,1.036,-0.766,-3.147,-0.11,-0.406,-0.114,-0.169,-0.29,0.325,-0.452,-1.92,-2.392,-0.071,0.874,0.183,0.714,0.669,-0.373,1
1.027,0.135,0.363,-1.816,0.77,-0.255,0.212,-0.628,0.185,-0.695,-0.877,0.828,-0.555,0.727,-0.146,-0.651,-0.63,-0.137,1.076,-0.598,1
-0.226,-0.862,-0.528,-0.172,-0.261,-0.622,-1.905,-0.565,1.786,1.778,0.326,-0.208,-0.831,0.521,-1.388,1.244,-1.423,-0.21,1.082,0.192,1
0.19,-1.062,-0.318,-0.32,0.446,-0.28,-0.63,-0.483,-0.487,1.258,0.442,0.372,0.3,-0.354,1.987,-0.661,-0.125,-0.536,-0.448,-0.739,0
-0.321,0.111,-0.341,-2.147,-0.372,-1.2,-2.129,0.552,1.328,-0.021,0.765,0.549,0.342,1.516,0.876,-0.591,0.19,1.384,0.191,-1.626,0
-0.376,1.414,0.232,-0.635,0.619,0.038,-0.45,1.641,0.231,1.269,0.604,0.691,0.965,0.073,0.949,0.364,1.34,-0.046,0.226,0.333,0
1.144,-0.34,0.479,-1.042,2.689,1.892,-2.138,0.685,-0.339,1.319,1.397,1.111,1.101,-1.84,-1.48,-1.128,0.123,0.457,-0.703,0.074,1
-0.446,-0.675,-0.511,0.261,0.728,1.079,-0.582,-0.216,0.33,-2.415,0.787,1.698,1.659,0.02,0.825,1.586,0.17,-0.187,-0.553,-0.141,0
1.017,-0.352,0.237,1.277,1.455,1.17,0.255,-0.526,0.27,-1.468,-1.205,0.048,-1.227,0.759,-1.448,0.546,1.591,-0.68,0.627,1.39,0
0.985,-1.066,0.551,0.453,0.919,-0.111,0.521,-0.481,0.357,-0.972,0.129,-0.807,-1.343,-0.031,-0.073,-0.994,2.308,1.512,-0.485,0.566,0
1.503,-1.357,1.243,0.5,1.469,-1.013,1.092,0.596,-1.605,0.416,-1.506,-0.902,1.667,0.818,-1.188,-0.479,-0.363,-0.589,2.615,0.289,0
-1.915,1.162,1.221,1.709,-0.516,-0.644,0.302,-0.87,0.616,-0.119,-0.608,0.521,1.132,0.232,-1.235,0.716,1.017,-0.822,0.45,-0.33,0
0.081,-1.281,1.625,-0.431,-0.258,0.499,-0.464,0.192,0.458,-0.408,0.016,-1.038,-1.365,1.484,-1.598,-2.14,0.531,-0.242,1.016,-0.572,1
-0.022,-0.662,-0.554,-0.849,0.31,-0.004,0.729,0.573,-1.848,-0.273,1.127,0.656,-0.228,-0.69,-0.327,-0.645,-0.546,1.075,1.099,1.337,1
-1.891,1.298,0.096,-0.906,1.881,1.276,0.414,1.119,0.627,0.117,0.776,-0.627,-0.089,1.101,1.55,-2.204,1.183,-0.801,1.41,-0.899,0
-1.112,1.082,0.373,1.52,0.779,-0.534,0.118,0.611,2.021,-1.112,0.559,0.311,0.873,-0.852,0.042,0.001,-1.186,-0.074,1.349,0.839,0
2.473,-0.173,-0.203,0.255,0.192,0.228,-0.09,0.689,0.303,-0.85,0.191,-0.634,1.124,-0.3,-0.909,0.84,-0.253,-0.237,0.256,-0.291,0
-0.699,-1.463,1.758,-0.67,-0.786,-0.846,-0.925,-0.158,-0.941,-0.42,-0.311,1.507,0.457,0.145,0.148,2.09,0.591,2.001,1.435,1.153,1
-1.68,-0.586,0.959,0.196,0.778,1.177,-0.509,0.238,0.345,-0.52,-1.366,1.4,-1.147,0.353,-1.888,-1.34,-0.996,1.734,-1.282,0.905,1
-2.073,0.128,1.207,-0.501,0.7,-0.632,1.351,-0.726,-0.565,1.233,1.52,-1.334,0.389,-1.613,1.276,0.087,-0.101,-1.265,2.381,-0.287,1
0.873,0.865,0.036,-0.321,0.873,1.035,-1.046,-0.429,-0.376,0.581,0.353,-0.114,-0.281,0.708,-1.154,-0.001,0.129,-0.868,-0.794,-1.094,0
0.372,-1.449,-0.216,0.13,-0.072,0.919,1.248,0.346,0.519,0.071,-0.286,-0.306,0.142,-1.665,-0.471,-0.807,0.869,-1.119,-0.77,-1.767,0
1.208,-0.537,1.185,1.711,0.81,0.834,-0.447,-1.251,-0.958,2.727,1.673,0.279,-0.662,0.638,1.544,3.03,0.06,0.13,0.325,0.18,1
0.723,0.488,-1.443,-0.082,0.625,-1.788,0.402,0.59,0.264,-1.076,1.221,-0.286,1.11,1.052,-1.399,1.238,0.255,0.018,1.629,-0.551,0
0.236,-0.153,-0.687,1.26,-0.422,1.078,0.42,-0.214,-1.267,0.813,-1.11,0.36,1.433,1.556,-0.26,0.1,1.341,-0.307,1.365,0.502,0
-0.832,0.65,0.017,0.977,0.849,1.579,-0.478,0.218,1.225,-2.2,0.168,-0.065,0.856,-0.084,-0.357,-0.489,1.477,0.962,-0.682,-1.451,0
0.031,-0.23,0.008,-0.91,-1.223,-0.253,-0.135,1.577,-1.221,-0.63,0.644,1.302,1.389,-0.331,0.73,-0.139,-0.508,0.701,0.394,-0.108,0
0.252,0.362,-1.537,0.195,1.781,-0.615,0.477,0.189,0.452,-0.041,-0.133,0.719,-0.911,-1.206,-0.487,-0.286,0.269,1.503,0.489,1.151,1
-0.525,0.551,0.322,-0.783,1.828,-0.767,-1.532,-1.05,-1.57,-0.749,-0.921,0.235,-0.047,1.361,0.273,-0.539,1.499,-0.409,-0.581,0.287,0
0.263,-0.717,-0.878,0.327,1.373,2.329,1.696,0.862,0.353,-0.772,-0.931,-0.304,0.652,-0.985,0.082,-0.035,-0.172,0.617,-1.915,-0.992,0
1.425,-0.671,0.366,-2.143,0.386,0.731,-0.189,0.093,-0.175,-0.413,0.949,-0.265,-0.272,0.964,-0.883,0.374,-1.247,-0.868,-0.592,1.197,1
1.015,0.2,0.019,0.215,1.296,-1.186,1.634,-0.301,-0.753,-0.968,-0.45,-0.413,2.341,-0.211,0.705,0.08,2.161,-0.336,-1.731,0.695,0
-0.337,0.267,-0.886,-1.174,-0.137,-1.645,0.31,0.104,0.058,-0.913,-1.843,1.738,-0.612,-1.031,-1.164,-0.186,0.653,-1.002,0.825,1.803,1
-0.444,1.41,0.367,1.221,-0.675,1.201,-0.489,0.122,-1.75,0.908,1.284,-0.67,-0.169,-0.958,0.048,-1.218,-0.63,-1.265,-1.763,0.567,0
0.541,1.165,0.475,-1.787,0.105,-0.162,-0.841,-2.556,0.094,1.572,-1.091,1.013,-1.358,0.606,1.054,0.336,-2.15,0.658,-0.672,-1.285,1
