feature_1,feature_2,feature_3,feature_4,feature_5,feature_6,feature_7,feature_8,feature_9,feature_10,feature_11,feature_12,feature_13,feature_14,feature_15,feature_16,feature_17,feature_18,feature_19,feature_20,feature_21,feature_22,feature_23,feature_24,feature_25,feature_26,feature_27,feature_28,feature_29,feature_30,target
1.927,1.487,0.901,-2.106,0.678,-1.235,-0.043,-1.605,-0.752,1.649,-0.392,-1.404,-0.728,-0.559,-0.769,0.762,1.642,-0.16,-0.497,0.44,-0.758,1.078,0.801,1.681,1.279,1.296,0.61,1.335,-0.232,0.042,0
-0.252,0.86,-1.385,-0.871,-0.223,1.717,0.319,-0.425,0.306,-0.775,-1.558,0.996,-0.88,-0.601,-1.274,2.123,-1.235,-0.488,-0.914,-0.658,0.078,0.526,-0.488,1.191,-0.814,-0.736,-1.403,0.036,-0.063,0.676,1
-0.098,1.845,-1.185,1.384,1.445,0.856,2.218,0.523,0.347,-0.197,-1.055,1.278,-0.172,0.524,0.057,0.426,0.575,-0.642,-2.206,-0.751,0.011,-0.339,-1.341,-0.585,0.536,0.525,1.141,0.052,0.744,-0.482,1
-1.049,0.604,-1.722,-0.828,1.335,0.484,-2.51,0.488,0.785,0.029,0.641,0.583,1.067,-0.45,-0.185,0.753,0.405,0.178,0.265,1.273,-0.001,-0.304,-1.457,-0.102,-0.599,0.477,0.726,0.091,-0.389,0.528,0
-0.013,0.241,0.133,0.764,1.095,0.34,0.72,0.411,1.931,1.012,-1.436,-1.13,-0.136,1.635,0.655,0.576,1.142,0.019,-1.806,0.925,-0.375,1.033,-0.687,0.637,-0.973,0.958,1.619,1.451,0.269,-0.21,1
-0.733,0.104,0.349,0.968,-0.466,1.605,-2.48,-0.418,-1.195,0.812,-1.901,0.229,0.025,-0.346,0.287,-0.731,0.175,-1.094,-1.602,1.353,1.289,0.052,-1.547,0.757,0.776,2.027,0.036,0.121,-0.806,-0.208,1
-0.932,-1.591,-1.136,-0.523,-0.519,-1.501,-1.927,0.128,1.023,-0.556,0.704,0.71,1.774,-0.922,0.962,-0.337,-1.175,0.358,0.479,1.354,0.526,2.112,-0.521,-0.932,0.185,1.069,1.307,0.46,-0.815,-1.021,0
-0.495,-0.592,0.154,0.441,-0.148,-2.318,-0.398,1.08,-1.781,1.508,0.309,-0.5,1.035,1.69,-0.005,1.667,0.154,-1.06,-0.573,0.084,0.4,1.989,-0.072,-0.906,-2.049,-1.081,0.018,0.078,0.193,0.41,0
-0.929,0.276,-0.539,0.463,-0.872,-0.027,-0.353,1.464,1.255,-0.715,0.854,0.513,0.54,0.566,0.506,0.222,-0.685,0.564,-1.507,-1.611,-1.479,0.432,-0.125,0.782,-1.599,-0.109,0.715,0.039,1.306,0.247,1
-1.978,0.018,-1.379,0.626,-2.585,-0.024,-0.122,-0.747,1.709,0.058,1.193,1.937,0.729,0.981,0.415,1.157,0.269,-0.037,0.973,-1.015,-0.542,-0.441,-0.314,-0.129,-0.715,-0.048,2.021,0.254,0.936,0.712,0
-0.032,0.102,1.343,0.713,0.404,-0.714,0.834,-0.959,0.454,1.246,-2.307,-1.287,0.18,-2.127,-0.134,-1.041,-0.765,-0.055,1.205,-0.982,0.433,-0.717,1.055,-1.453,0.465,0.371,-0.005,0.08,0.378,0.705,1
-1.724,-0.843,0.435,0.266,-0.587,0.083,0.885,0.182,0.786,-0.058,0.567,-0.71,-0.488,0.05,0.608,1.631,-0.085,1.084,0.948,-0.677,-0.573,-0.33,-0.794,0.375,0.088,-1.241,-0.32,-0.844,-0.551,1.989,1
1.9,1.695,0.028,-0.175,-1.773,-0.705,-0.395,1.887,-0.218,0.166,2.144,1.705,0.346,0.642,-0.204,0.685,-0.14,-1.181,-1.283,0.448,-0.591,0.854,-0.49,-0.359,0.666,-0.074,-0.21,0.166,1.47,-0.939,0
-0.601,-0.1,-0.985,-2.488,-0.331,0.844,0.987,-0.332,-0.808,0.824,0.025,-1.064,-0.76,-0.408,0.962,-0.143,0.153,-0.039,0.945,-1.582,0.987,1.146,-0.142,-0.276,-0.193,0.777,0.684,-1.325,-0.516,0.6,1
-0.47,-0.609,-0.046,-1.646,-0.483,-0.74,0.314,0.142,1.035,-0.626,-0.515,0.69,-0.494,1.137,-0.462,1.42,0.849,-0.048,0.669,1.043,0.69,-1.313,0.038,-1.17,-0.103,1.189,0.761,-0.746,-1.384,0.487,0
-1.002,0.033,-0.429,-0.982,-0.642,0.827,1.591,-0.121,-0.483,0.113,0.077,-0.923,-1.262,1.086,1.097,-0.684,0.066,-0.001,0.162,1.196,-1.306,-1.404,-1.06,0.306,0.415,-0.717,2.834,1.953,2.049,-1.088,0
1.622,0.851,-0.4,-0.609,-0.508,-0.618,-1.647,-1.036,-0.45,-0.073,-0.548,-1.143,-0.449,-0.03,0.383,-0.045,1.18,-0.331,0.65,0.095,-0.753,-0.647,-1.282,1.965,-0.964,-2.567,0.71,0.82,0.621,0.423,0
-0.339,0.518,-1.364,0.193,-0.61,0.163,1.51,0.212,-0.725,-0.953,0.522,-0.464,0.182,-0.387,-1.791,0.093,-1.915,-0.642,1.344,-1.292,0.766,0.645,0.353,-2.647,-1.458,-0.971,0.254,-0.179,1.199,-0.429,1
1.01,0.611,1.221,-0.608,-1.738,-0.125,-1.366,1.112,-0.623,-0.789,-0.168,1.643,2.007,-1.253,1.119,1.773,-2.072,-0.413,-0.977,-0.034,1.859,2.622,0.369,0.38,0.199,-0.236,0.303,-0.45,0.474,0.65,1
1.166,0.017,0.533,-0.604,-0.174,0.609,-0.803,-1.121,0.196,-0.782,-1.79,-0.262,-0.44,2.185,-0.48,-1.287,0.739,0.034,-0.312,-0.254,-1.206,-0.954,0.061,0.085,0.748,-0.164,-0.909,0.313,0.805,-1.113,0
0.498,-1.2,0.127,0.44,0.638,0.16,1.77,0.627,-1.874,2.326,-0.92,0.666,-0.44,-2.318,1.295,0.223,-0.848,1.649,1.601,-0.079,0.431,0.368,0.764,1.179,-0.414,0.518,-0.702,-0.432,0.141,0.071,1
0.563,-0.579,-1.084,-0.389,0.813,1.498,0.044,1.444,0.232,0.506,-1.279,-0.038,1.914,0.338,0.125,-0.762,-1.191,0.776,0.456,0.25,-1.361,1.802,-0.074,-0.157,-0.871,-0.641,-0.415,-0.69,-0.23,-2.172,0
0.088,1.094,-0.118,-0.299,-0.954,-0.092,-1.017,-0.008,-0.518,0.84,0.059,-1.668,2.13,-1.518,0.139,-1.18,-0.53,0.963,0.279,-0.572,-2.794,-0.711,0.524,-1.711,0.838,-0.27,0.123,0.876,0.151,0.739,1
0.273,2.731,0.432,-0.309,-0.097,1.542,-0.109,-0.419,1.438,-0.707,-1.252,3.025,1.346,0.856,0.322,0.446,1.523,1.28,-0.116,1.371,-0.481,-0.99,-1.364,0.008,-0.406,-0.711,-0.35,0.38,0.999,1.275,1
0.959,0.104,0.829,2.092,0.795,0.279,0.186,0.355,0.091,1.742,-1.266,0.389,0.343,-1.459,-1.494,-0.221,0.225,-0.077,0.986,1.278,0.288,0.869,-0.81,-1.43,0.459,0.531,-1.361,1.956,1.768,-0.986,0
-1.237,-2.302,-0.001,-0.849,-1.659,0.306,1.182,0.326,-0.389,2.854,0.824,0.798,1.889,0.593,0.07,-1.603,-0.43,0.576,0.344,-3.102,-1.459,-1.432,-0.607,-0.26,-0.719,-0.386,0.523,-0.821,-0.471,0.602,0
-0.283,0.769,-0.767,-0.949,0.017,0.08,0.745,1.345,0.127,-2.452,0.416,1.903,-0.735,0.045,-1.521,0.348,0.74,1.416,0.683,-0.138,0.921,0.528,-0.008,-1.449,-0.605,-0.179,0.2,-1.246,-0.415,1.456,1
0.332,-1.0,-0.692,-0.472,-1.289,1.076,-1.067,-1.989,0.297,0.434,0.003,-1.024,0.224,-0.755,1.368,-0.32,-0.913,1.919,-1.651,2.148,-0.66,0.114,-0.221,0.712,0.342,1.589,-0.349,-0.458,-1.232,-0.598,1
-0.282,0.053,0.425,0.483,0.488,1.008,-0.595,0.393,0.823,-0.886,1.48,0.839,-0.2,0.995,0.72,-0.134,-1.407,-2.361,-0.29,-0.133,-0.157,1.138,-0.251,1.67,-0.545,-2.158,-1.661,-0.664,0.366,-0.399,1
0.497,-2.369,-0.561,-0.595,1.269,1.29,-1.176,-0.078,-0.971,1.472,1.411,-1.314,-1.316,-1.252,-1.584,-2.545,1.372,-0.538,0.738,-0.851,0.036,1.341,0.92,-0.379,-1.56,-0.801,-0.711,-0.387,0.958,-0.823,0
-2.391,0.322,1.875,1.104,-0.522,-0.74,0.162,-0.237,0.51,1.671,1.592,-0.416,1.862,-1.078,0.885,-0.834,1.03,-0.868,-0.57,0.323,1.128,-1.212,2.602,-0.096,-0.081,1.259,0.869,-0.961,0.052,-0.328,0
-2.247,-0.448,0.423,-0.387,-0.23,-0.407,0.87,-1.055,-1.328,0.706,0.357,0.589,0.919,0.666,0.247,0.133,0.122,0.478,0.276,-0.59,0.569,-0.791,-0.199,-1.362,-0.519,0.076,0.34,1.456,-0.346,-0.263,0
-0.448,-0.729,-0.161,-0.321,-0.631,-0.789,1.306,-0.928,-0.263,0.931,-0.459,-0.942,-0.709,2.186,-0.649,0.452,0.852,-1.695,1.181,-2.893,-0.388,-0.712,-1.617,-0.359,0.051,0.695,1.835,-1.918,-1.392,0.54,0
0.435,-2.272,-0.134,-0.059,0.126,-0.553,0.074,-0.149,-0.552,-0.093,-1.028,0.404,2.143,-0.515,1.083,1.25,0.982,0.227,0.493,-0.513,0.301,0.077,0.648,-0.432,1.174,0.701,0.667,-0.804,-1.378,-0.441,1
0.142,1.108,0.554,1.582,-1.225,0.963,-1.579,0.672,-0.06,0.07,-1.663,-0.765,1.231,0.425,-0.016,-0.107,-1.309,0.66,-0.07,0.274,-0.345,-0.12,1.186,-1.22,0.291,-0.08,1.32,-1.52,-0.293,2.107,1
-0.109,0.608,0.789,0.782,-0.065,-0.0,0.683,0.106,0.35,0.121,0.298,1.345,1.461,1.057,0.816,-0.824,0.893,-0.387,-0.357,-1.157,-1.766,-2.538,0.097,-0.791,0.371,1.512,-0.891,0.525,0.352,0.249,0
1.19,1.411,0.798,0.494,-0.185,-1.038,-0.101,-0.927,0.235,0.089,-0.348,0.849,0.201,0.384,1.231,1.229,0.704,-0.056,-1.49,-1.519,0.326,-1.458,1.899,-0.041,-0.293,1.398,-0.917,-0.779,-0.418,1.106,0
0.253,-0.108,0.771,-1.13,0.996,-1.181,0.963,-1.105,-0.791,-0.216,0.002,-0.21,1.201,0.676,-1.89,0.194,1.602,-1.037,-0.749,-0.384,0.144,-0.081,1.126,0.041,-0.065,3.446,-1.113,-0.434,-0.015,0.543,0
0.125,-0.876,1.222,0.327,-0.105,2.477,0.577,0.147,-1.314,-0.606,0.645,-0.248,-1.408,-0.08,0.519,1.171,2.178,1.779,0.258,-2.434,-0.35,-1.338,-0.439,-0.585,1.807,-0.733,0.409,-0.584,0.106,-0.307,0
0.864,-1.066,-1.013,-0.994,2.908,1.448,-0.561,-0.946,-0.742,0.156,-0.258,-0.75,1.235,1.014,1.013,0.635,0.877,0.814,0.197,-0.637,-0.877,-1.551,-0.788,0.568,0.762,0.557,1.298,1.756,0.211,1.486,1
0.559,0.349,0.848,2.035,0.377,0.484,-0.03,1.093,-0.506,-0.844,-0.221,2.275,-0.783,-0.268,1.568,-0.284,-0.096,1.064,1.489,0.883,-0.238,0.547,-0.061,-0.53,-2.036,0.525,-0.697,-0.088,-0.274,1.292,1
-1.446,-0.315,0.113,-1.468,-1.717,-0.55,0.535,-1.339,1.236,-2.037,1.417,0.169,-1.142,0.607,-0.833,-0.479,0.3,0.721,-0.618,0.546,-0.769,0.079,-0.758,0.942,0.434,1.123,0.506,-1.137,-0.758,0.042,0
-0.69,-0.562,0.825,2.268,-1.773,-0.991,0.635,1.024,0.957,0.019,-1.07,-0.752,2.44,-1.913,0.311,-1.476,-0.478,-0.117,-0.631,-1.265,-0.295,-0.28,1.084,0.173,0.512,-0.982,1.126,0.255,-0.459,-0.928,1
-0.172,-0.687,-0.133,1.63,-1.546,-0.17,0.028,0.091,0.672,0.985,-0.761,-1.273,-0.627,1.371,0.236,-0.447,-1.178,1.413,-0.023,-0.011,-0.995,-0.299,0.767,-0.937,-2.33,-0.781,0.825,1.221,-0.063,1.146,0
1.222,-0.314,-0.723,-0.363,0.442,0.194,-0.5,-0.55,0.024,-1.52,0.529,-0.391,-1.929,0.035,-0.483,-1.226,-0.34,0.007,-0.052,1.167,1.73,2.056,-0.235,-1.346,-0.517,-0.688,0.476,-1.432,0.143,0.633,1
-1.049,-0.522,-1.134,-0.141,-0.646,0.41,0.327,-0.834,-0.492,0.658,0.536,1.235,-0.212,1.387,-0.825,0.354,-0.281,-0.243,-0.294,-0.629,-0.042,-0.27,1.439,0.033,-0.548,-0.494,2.882,-1.167,1.941,-1.164,0
-1.597,0.083,-0.922,-0.371,-0.971,0.153,0.725,-1.39,1.187,0.028,2.001,-0.125,-1.157,0.901,-0.188,-1.273,0.576,-0.356,-0.519,-0.393,1.751,0.196,1.776,-0.185,1.06,1.298,0.329,0.149,0.27,-1.182,0
-1.034,-0.495,-0.895,0.534,-0.887,0.796,0.659,-0.297,0.233,-1.347,-0.823,-0.539,0.092,0.854,-1.033,0.584,1.017,-0.794,0.367,0.429,2.029,-0.768,-1.226,-0.113,0.308,-0.441,-0.78,-0.757,1.515,-1.58,1
0.639,-0.436,-1.002,0.378,0.043,0.586,-1.369,1.117,0.277,1.058,-0.051,0.171,-0.212,-0.179,-0.85,1.167,-0.348,0.074,1.758,-0.625,0.209,1.505,-1.135,-0.711,1.34,1.511,-1.198,0.377,-0.251,-0.528,0
-0.477,-0.563,-1.056,0.241,0.183,0.625,-0.794,-0.675,-0.388,0.45,0.373,-1.91,0.261,1.418,0.674,1.467,-1.108,-0.744,1.019,-1.832,0.281,0.691,0.718,-0.572,-0.467,0.102,0.38,-1.963,-0.781,-0.134,1
-0.361,0.105,-0.326,0.319,-0.11,0.096,-1.493,0.524,0.753,-0.222,0.582,-1.937,-1.533,-0.18,-0.658,-1.232,-1.246,-1.5,-0.54,1.241,-1.621,-0.904,1.397,0.918,0.512,-0.841,-1.045,0.555,-0.949,1.046,1
-1.13,-2.801,1.28,0.22,0.325,1.319,-0.85,-0.699,-0.205,-0.781,0.687,0.784,-1.111,-3.106,-0.99,-0.602,-0.715,-0.467,0.551,2.655,1.058,-0.147,-0.891,0.194,1.968,-0.74,-0.867,-0.306,-0.536,-0.358,0
-1.24,-1.524,-0.816,1.137,0.219,0.413,0.006,-0.567,-0.17,-0.303,-1.287,-1.366,-0.046,-0.615,1.237,-0.814,1.146,-1.179,-0.037,0.672,0.924,0.27,0.629,-0.707,-0.856,0.904,-0.566,0.384,-0.782,-0.151,0
0.42,1.406,-0.827,1.561,-1.095,1.186,1.188,2.056,0.66,-1.108,-0.292,0.456,-0.315,-0.413,0.395,1.13,0.826,0.946,-0.154,-1.601,-0.059,-0.993,1.163,1.609,-0.294,1.082,0.887,-0.861,-0.273,0.98,0
-0.175,-0.123,0.741,0.354,-0.535,0.645,-2.989,0.184,-0.473,-0.959,-1.512,1.507,-0.938,-0.639,0.219,-0.439,-0.139,-0.019,1.656,1.066,-0.182,-1.238,0.514,-0.151,0.138,1.225,-0.764,0.918,0.406,0.251,1
0.128,-0.198,-1.478,-0.591,0.836,-0.229,-1.24,0.249,-1.142,0.782,0.011,0.382,-1.653,-0.381,0.107,-0.101,0.083,0.712,-0.901,0.891,0.477,-0.84,0.333,-1.253,-0.575,-1.906,-0.967,0.368,-0.579,1.237,0
0.871,-0.523,1.24,-0.906,0.768,1.622,0.082,0.203,0.33,-0.953,1.573,1.87,-1.064,-0.227,0.25,1.162,-0.114,-0.056,0.85,-0.86,-0.611,1.063,1.222,0.772,-1.28,-1.543,-0.602,0.321,-0.061,-1.17,0
-2.774,-0.03,-0.917,0.47,1.878,0.522,0.052,0.426,0.948,0.436,-0.205,-1.474,0.507,0.278,1.352,-0.895,-1.596,0.674,-0.997,-0.348,0.218,1.128,-1.501,-0.24,-0.485,-0.066,-0.903,0.644,0.759,-2.02,0
-0.674,-0.919,1.212,-1.346,-0.483,1.719,-0.568,-2.915,1.083,0.077,1.232,2.919,1.938,-0.554,-1.303,1.07,-0.456,1.363,-2.422,-0.083,0.103,0.117,-0.025,0.379,0.245,-0.892,1.434,-1.929,-0.571,-0.667,1
-0.092,0.955,0.185,-0.117,-0.229,-0.345,-1.077,-0.548,-0.329,0.058,2.11,0.773,-0.343,1.237,-0.25,0.224,-0.688,-0.49,0.4,0.698,0.052,0.288,0.06,1.729,0.292,-0.693,-0.844,-0.329,-0.114,-0.845,1
0.3,1.64,-1.074,0.321,0.289,0.352,2.099,-0.529,-1.772,0.097,0.367,0.473,0.588,0.184,-0.843,-1.697,1.087,0.68,1.162,-0.177,0.521,-2.357,-0.835,-2.262,-1.297,0.327,0.606,-0.461,-0.88,-1.477,0
0.983,0.034,1.169,0.903,-1.717,0.046,0.094,-1.356,-1.06,1.065,0.545,1.522,0.024,0.286,0.02,0.929,-0.924,1.147,-0.705,1.154,-1.746,0.71,-0.102,-0.966,-1.423,-0.785,0.611,0.214,-0.175,-1.756,1
1.426,0.513,-0.403,1.977,0.027,-0.25,-0.091,-0.528,-0.464,-0.157,-1.596,-1.532,0.856,0.432,0.241,-0.055,0.048,-0.864,-1.142,-0.829,1.315,1.247,-0.258,-1.34,-0.556,1.173,0.686,0.863,-0.41,-0.759,1
1.698,0.744,-0.033,1.06,0.004,-0.695,-1.883,0.305,-0.7,1.781,-0.294,0.524,1.019,-0.151,1.171,1.641,0.428,-1.07,-0.616,-1.019,0.385,0.294,-1.772,0.435,0.063,-0.689,-0.283,0.66,-0.162,0.886,0
0.548,0.458,0.968,-0.667,1.618,-0.264,1.354,-0.071,-0.37,-0.246,0.329,0.697,0.834,-1.099,0.567,0.828,-3.833,0.116,1.992,1.024,2.133,0.233,1.2,-1.267,-0.944,-0.179,0.312,0.717,-0.23,0.715,1
1.444,0.196,-0.833,-0.953,-0.364,-1.248,-0.093,0.653,0.164,1.346,-0.37,-0.471,0.478,0.851,0.369,1.062,1.764,-0.048,0.913,-1.391,-0.71,0.931,-0.424,-0.482,0.477,-0.179,0.494,0.561,-1.799,-0.608,0
-0.588,-0.345,-0.729,-1.496,0.735,-0.269,0.451,0.041,-0.069,0.259,0.478,-1.489,-1.293,0.88,0.073,0.997,1.024,-1.213,0.974,0.453,-0.993,-0.256,-0.959,-0.57,0.193,0.385,-0.86,1.281,0.128,0.61,0
-1.294,0.604,1.117,0.416,0.675,0.225,-0.956,-0.778,0.694,-0.436,-0.982,-0.906,1.26,0.346,-2.004,0.006,0.46,1.179,-1.011,-0.62,-1.455,-0.59,-0.696,0.516,0.724,-0.188,-0.582,-0.435,-1.288,1.929,0
-0.177,0.64,0.691,0.52,-0.755,-0.033,-0.828,-0.352,-0.6,-0.058,0.297,1.633,-1.495,-0.3,-0.414,-0.783,-1.508,-1.366,0.964,0.04,0.247,0.113,-0.535,0.917,2.066,1.018,-1.938,-0.548,-0.183,-1.237,1
-0.169,0.689,0.104,-0.699,-0.501,-0.171,-1.541,-0.33,-0.739,-1.51,0.178,-0.179,-0.558,-0.88,-0.879,1.549,0.015,-0.028,-0.448,1.876,-0.892,0.439,-1.031,-1.426,0.72,0.596,-1.346,-0.054,-1.082,0.318,0
-2.231,-1.031,0.206,-0.833,0.961,-1.223,0.078,-0.156,0.409,0.499,-1.003,0.068,-0.535,-1.405,1.891,1.36,-0.849,-1.841,1.357,1.148,-0.858,-0.475,-0.958,-0.335,-1.746,0.291,-0.457,0.96,0.417,1.666,0
-1.815,-0.489,0.319,0.821,0.269,0.535,-1.966,0.348,-0.384,1.0,-0.412,1.792,-0.767,-1.308,-1.316,-0.129,1.307,0.191,1.377,0.689,0.439,-0.048,1.122,2.794,-0.085,-0.243,-1.412,-1.05,1.111,0.214,0
0.507,0.283,-1.181,-0.9,2.102,0.133,0.022,-0.28,-0.685,-0.795,-1.733,1.186,0.447,1.13,-0.333,0.894,-1.434,-0.876,0.009,0.63,0.863,1.142,0.311,-0.106,-0.795,-1.121,0.858,-1.693,0.289,0.13,1
0.803,0.202,0.385,0.171,1.361,-0.257,0.007,-0.544,-1.414,2.788,-1.014,1.002,0.867,0.245,1.306,-1.061,-0.041,-1.968,0.646,0.947,-0.964,-0.055,0.649,-1.524,-0.463,-1.625,1.402,0.389,0.725,-1.39,1
-0.855,-1.534,0.129,0.289,-0.738,0.881,-0.766,1.459,1.772,0.33,0.659,0.643,0.402,0.662,-0.816,1.751,-0.071,-0.319,0.98,0.12,-0.061,-0.942,1.432,0.132,-0.182,0.366,-0.675,-0.321,-1.209,0.078,0
0.176,0.579,1.551,0.084,-0.287,-0.662,-0.014,-0.278,-0.786,0.461,0.566,1.154,-2.397,0.38,-1.024,0.799,0.87,0.07,-0.339,-0.095,0.158,-0.84,1.612,-0.08,1.633,-0.22,-0.223,0.131,0.683,-0.138,1
1.482,1.659,0.41,-0.001,-0.108,0.479,-1.292,0.347,-0.006,-0.376,2.268,0.999,-0.298,-0.756,-0.205,1.405,-0.943,2.028,0.393,0.413,0.464,-0.03,1.272,1.085,-1.012,-0.147,-0.497,0.364,0.34,1.273,1
-1.537,1.04,-0.764,-0.443,-0.009,0.253,0.89,2.015,0.123,0.283,0.579,-0.2,-2.469,-1.61,1.744,-0.388,0.772,0.227,0.847,0.85,1.804,1.465,0.291,-1.162,-0.478,1.387,-0.051,-0.601,-1.144,-1.123,0
-0.795,-0.569,0.055,-0.765,-1.418,-0.897,-0.07,0.494,2.187,1.162,0.635,-0.433,-1.411,1.868,-0.982,-0.958,1.775,1.516,-1.047,1.376,-0.232,0.895,-0.12,0.785,-0.562,-0.479,-0.752,-0.477,0.713,-1.951,0
-0.603,-0.794,0.024,-0.717,0.931,0.113,0.215,-1.284,2.229,0.825,0.455,0.56,0.212,1.186,0.288,1.7,2.432,0.259,1.333,0.126,-0.158,0.578,1.223,0.792,0.507,0.439,-0.836,-0.69,0.465,0.983,1
0.414,-0.524,0.134,-1.125,1.309,-0.073,1.123,-0.245,0.272,-0.429,0.824,-1.399,-0.682,0.854,1.568,-0.6,0.24,2.104,-0.77,-1.513,-0.404,-0.442,-1.265,1.484,-0.204,-1.189,0.141,0.647,-0.231,0.396,1
-0.136,0.249,-0.381,-1.633,-0.326,2.11,-0.558,0.388,-2.277,0.373,0.206,-1.016,-0.6,0.178,-1.143,1.339,-0.997,-0.602,0.878,0.732,0.274,1.719,1.345,-1.265,0.451,0.66,-0.652,-0.888,-1.08,1.425,1
-1.121,0.392,-0.49,-0.289,-0.205,-0.195,1.668,0.674,1.171,0.022,-0.916,0.218,1.256,-0.808,2.062,0.305,-1.461,-0.203,0.031,0.291,0.419,-0.815,-0.695,0.899,-0.763,-0.197,-0.363,-1.553,-0.861,-0.4,1
1.681,-0.112,-0.545,0.525,0.695,0.731,1.604,0.715,1.904,-1.12,-2.212,-0.575,0.432,0.834,0.315,1.336,0.586,0.21,-0.066,0.611,0.665,-0.25,0.585,1.277,0.88,0.52,-1.026,1.763,-2.816,-0.284,1
-0.687,1.024,1.731,-0.325,0.314,-0.067,-0.655,1.034,-2.142,0.772,-0.636,0.252,0.983,0.273,0.72,0.877,-1.667,-2.223,-1.085,0.612,-0.579,-0.726,1.865,-0.844,1.396,-0.402,-0.476,0.602,-0.139,-0.52,1
-0.43,-0.933,-0.326,0.93,-0.284,0.846,0.019,-1.676,-1.944,0.099,-0.674,-1.889,-1.842,0.132,-0.793,1.23,0.078,1.804,-0.339,-0.467,-0.402,-1.311,0.031,-0.592,-1.177,1.741,-0.296,-0.347,-0.497,-1.301,0
1.31,-0.267,0.197,-0.699,1.14,0.191,-0.009,0.355,-0.424,1.071,2.712,-0.194,1.75,-0.112,-0.822,0.798,-0.769,1.538,-1.777,-1.065,1.051,1.384,-1.503,-1.087,2.15,-0.926,-0.862,-0.013,0.976,-0.077,0
-2.169,1.214,-1.809,0.194,0.668,-1.159,-0.716,-1.027,-1.479,0.046,-0.107,0.353,0.33,-0.531,0.036,2.467,-0.165,-0.307,1.419,-0.457,-1.598,0.774,-0.636,-0.251,0.701,1.439,-1.068,-0.166,0.518,-0.733,1
0.336,-0.76,0.057,-1.504,-0.449,0.526,0.262,0.717,-0.697,0.844,1.925,-0.341,-0.433,1.308,0.429,0.071,-1.402,0.561,1.151,0.699,-0.59,-0.165,-0.493,0.504,0.138,0.275,0.468,-0.703,-0.18,0.897,0
0.052,-0.532,0.407,0.408,-0.496,-0.929,-0.199,0.468,1.086,-0.489,-0.086,0.607,0.228,-0.619,1.131,-0.121,1.605,0.086,0.281,0.087,-0.257,2.218,1.24,-0.657,1.848,-1.197,-0.454,1.424,2.269,1.31,1
-0.318,-0.377,2.26,-0.331,-0.719,1.22,1.436,-0.314,0.898,0.636,-0.848,-0.093,-0.394,-0.025,-0.363,-0.694,-0.982,-0.056,-1.047,-0.162,-0.572,-1.556,-0.963,-0.437,-0.009,0.045,-0.354,0.158,-1.157,1.816,1
-2.092,-0.652,1.143,-0.754,-1.466,0.08,-0.632,-0.741,1.806,0.938,-0.385,0.659,0.762,-0.645,-3.631,-2.186,0.264,-0.56,1.454,-0.296,-0.47,-1.499,2.297,1.649,1.318,0.756,1.247,0.788,1.549,-0.609,0
-2.703,-0.611,1.19,-0.48,2.254,1.172,0.879,-0.78,-0.078,-0.372,0.364,1.256,-0.122,0.101,0.471,0.684,0.51,-0.78,0.663,0.656,0.058,0.788,-1.086,1.052,-0.389,1.475,-0.171,-2.088,0.796,0.496,1
0.603,-0.523,1.036,0.532,-0.315,0.021,-0.055,-0.812,-0.261,-0.693,1.552,-2.309,-2.196,0.32,0.773,-0.167,-0.012,-0.113,-0.684,-1.251,-0.076,0.379,0.62,-0.09,1.21,0.877,1.831,-0.616,-0.607,-2.06,0
1.529,0.338,0.192,0.164,0.671,-0.41,-0.53,0.253,-0.199,0.61,-1.439,1.662,0.356,-1.812,0.465,-0.548,-1.06,0.174,0.382,-0.196,-0.151,0.626,-0.622,-1.087,-1.325,0.377,-0.058,-1.477,-0.986,1.487,1
0.147,-1.366,-0.671,0.952,1.475,-1.476,-0.866,1.278,0.353,-0.075,0.406,0.535,-0.069,-0.615,0.27,-0.032,-1.276,-0.637,-0.762,-0.467,-1.203,-2.459,-0.49,-1.594,0.948,-0.426,-1.483,-0.45,0.889,-1.153,0
0.029,-0.52,-0.165,-0.277,-0.245,-1.988,-1.266,-0.307,0.84,-0.469,0.227,0.342,0.593,1.917,-0.479,-0.058,-1.724,-0.991,1.955,-0.065,0.146,1.136,-0.269,-0.913,0.687,1.564,1.013,-1.149,-0.792,-0.321,0
0.546,-1.267,0.578,-0.021,-0.138,0.099,-0.163,0.19,-1.257,0.257,-1.063,-0.633,-0.629,-1.677,0.672,1.989,0.816,-1.468,1.663,-1.454,-0.231,0.555,0.325,1.494,0.585,0.76,-1.014,-1.392,0.886,0.916,1
0.485,-1.036,0.162,-0.346,0.772,0.017,0.68,-0.13,0.097,0.796,-2.161,-0.569,-2.002,-1.23,0.877,-2.092,1.594,2.564,-0.127,0.231,0.792,-0.308,0.676,2.681,-0.871,0.036,1.099,-0.28,0.531,0.532,0
-1.585,2.422,0.477,0.596,0.279,0.239,0.474,0.031,-0.149,-0.365,-1.816,1.113,1.172,-1.718,1.024,-1.037,-1.998,1.509,0.197,1.069,0.485,0.006,1.001,0.705,-0.698,0.473,-0.657,-0.868,-0.104,0.976,1
-0.883,-0.706,-1.28,0.136,-0.281,1.725,0.127,-0.881,-0.638,0.534,0.168,-1.081,0.865,0.982,0.724,0.133,-0.628,-0.146,-0.424,-1.488,0.858,3.035,-1.149,0.227,0.031,0.015,1.177,-0.965,-0.247,-0.68,1
-1.01,-0.388,-1.38,1.07,-0.904,0.768,0.439,-0.503,2.117,1.219,-0.785,1.09,-0.066,1.257,0.158,-1.743,-1.294,1.307,0.709,0.295,-0.694,-0.801,-0.078,-0.501,-2.227,-0.173,-0.663,-0.55,0.059,1.538,0
1.044,-0.263,0.219,0.051,1.127,0.545,-0.219,0.412,-1.132,-2.389,0.718,-1.583,-0.963,-1.054,-0.611,0.11,0.124,-1.439,-0.459,0.719,-0.096,-0.681,0.734,0.094,1.083,0.809,-0.977,-0.261,0.902,0.318,1
1.505,-0.0,-0.84,-0.996,1.97,-0.624,0.781,-1.474,0.913,-0.814,-0.328,-1.603,0.157,1.24,-1.339,-0.104,0.157,-1.513,0.991,0.557,-0.678,0.968,0.836,-2.077,0.926,1.882,0.028,-0.363,0.455,0.759,0
-0.963,0.954,-1.412,0.813,1.435,0.058,-0.895,-0.086,-0.605,-0.688,0.206,-0.719,-1.145,0.889,0.248,0.976,-1.003,-0.869,1.035,1.141,-0.611,0.567,-0.153,-0.292,-1.207,-0.168,-1.021,0.455,0.056,0.191,0
-0.003,-0.642,-0.235,0.183,0.827,0.682,0.406,1.706,1.166,-0.24,0.225,-2.376,0.402,-2.295,0.954,-0.388,2.196,0.841,-1.489,0.585,-0.641,-1.906,-0.215,0.167,0.086,-0.38,-1.383,0.567,-2.206,0.286,0
2.499,0.055,-1.184,0.82,0.799,0.343,-0.711,0.407,0.956,0.307,0.318,-1.83,1.851,-1.289,1.267,-0.969,-0.461,0.841,-0.194,-0.14,0.071,-0.068,1.269,2.291,-0.08,-2.143,1.594,2.538,-0.496,1.559,1
-1.202,-0.635,0.206,1.208,-1.298,-1.784,-1.739,1.733,0.734,0.994,0.008,-0.283,-1.071,-0.395,0.724,1.135,0.137,-0.283,0.845,-1.665,0.901,0.292,0.983,-1.65,-0.845,-1.778,1.68,-0.308,0.178,0.306,0
0.647,1.3,0.643,-1.319,-0.569,-1.9,0.252,0.725,-0.011,0.326,-0.399,-0.546,-0.949,-0.583,0.608,1.859,-2.049,1.22,1.375,0.497,-0.505,1.31,-0.083,0.216,0.11,-0.499,1.411,0.91,0.836,-0.455,1
-0.143,0.109,0.691,0.434,0.165,0.93,0.431,-2.241,0.348,-1.498,0.29,-0.283,-0.749,-1.425,-0.325,0.249,-1.405,0.007,-0.66,-0.929,1.041,1.73,-0.896,-1.749,0.238,-1.806,-0.415,-1.711,0.365,-0.58,1
-0.71,-0.273,0.872,0.216,0.522,0.341,1.011,-0.047,0.299,-0.421,-1.038,0.639,0.023,-1.036,0.692,-0.679,-0.925,-0.311,0.197,0.631,-1.723,-0.521,0.061,0.421,1.058,1.325,1.133,0.425,0.774,0.141,1
-0.278,0.016,-0.906,-0.603,0.052,-0.599,-3.029,0.262,2.572,-0.475,0.362,-0.579,-0.725,1.381,-0.153,-1.385,0.454,0.388,-0.666,-0.542,2.93,0.04,-0.693,-0.622,0.746,-0.464,0.354,0.573,-1.925,1.346,0
1.214,-0.087,-0.756,-0.609,0.065,0.207,-0.484,-0.493,-0.606,-0.384,-1.5,1.424,0.426,1.725,-1.177,-0.557,0.626,-0.022,-1.742,-0.767,1.43,0.392,-1.397,-2.002,0.238,2.49,0.313,-0.388,0.893,0.725,1
0.434,0.974,-0.004,0.073,-0.259,0.796,0.579,-0.135,-1.356,-0.394,1.368,1.286,-1.334,0.943,-1.138,-1.121,-0.662,1.878,-0.905,-0.011,-0.306,-2.031,0.283,0.386,-0.236,-1.225,-0.793,0.47,0.096,1.716,1
-0.16,-0.17,-0.821,0.024,0.53,-0.378,1.417,0.491,0.916,0.174,0.19,-0.158,-1.969,-0.245,-0.678,0.478,-1.891,0.299,1.51,-0.401,0.362,0.444,0.372,0.173,-1.214,1.944,1.137,-0.977,0.972,0.158,0
-0.129,0.946,0.749,1.349,1.659,-0.682,0.859,1.069,1.035,-1.089,-0.983,0.186,1.563,-1.385,-0.454,0.698,0.547,0.552,0.24,-1.13,-0.291,-1.446,0.328,-0.224,0.634,1.271,0.526,-0.089,0.084,-0.551,1
-0.453,1.059,-1.751,0.831,-0.2,-1.224,-0.167,-0.637,-0.824,-0.367,0.576,-0.54,2.144,-0.847,1.005,0.099,-0.925,0.672,0.419,-0.221,0.542,0.271,0.653,-0.226,-0.27,1.133,1.283,0.402,1.557,2.038,1
-0.113,-1.007,-0.38,-0.678,-1.053,0.223,1.023,0.776,0.646,0.74,-0.75,-1.135,0.431,-0.223,0.04,0.355,1.938,-1.255,0.46,1.5,0.39,0.404,-0.479,-0.576,-2.324,-0.285,-0.504,0.582,-2.675,0.185,0
-1.313,-0.776,-0.095,-1.172,0.512,0.345,-1.171,0.256,0.452,-0.777,-2.579,1.333,0.31,0.081,0.137,1.276,0.426,0.122,0.557,0.305,-0.508,-0.384,-0.186,-0.164,0.504,1.202,0.548,-0.51,1.642,-1.37,1
-0.133,0.612,-2.773,0.436,0.125,1.518,0.685,1.685,-0.555,-0.391,1.033,0.165,-0.592,-0.015,-0.38,-0.262,-0.523,-0.423,0.077,1.605,1.269,0.191,0.362,-1.11,0.157,0.618,1.484,-0.264,0.919,0.15,0
-1.976,-0.659,-0.676,0.077,-0.397,-0.399,-1.867,1.031,-0.301,-0.05,1.668,0.709,0.987,-0.662,1.184,-1.639,0.778,-0.865,-0.419,0.913,0.269,0.02,0.209,0.982,-1.045,-0.812,0.494,1.259,0.062,-1.385,1
-1.494,0.906,-0.79,-0.422,2.009,-0.672,-2.076,-0.091,-0.599,-0.251,-1.177,-0.763,1.022,0.586,0.772,-1.958,1.624,-1.904,-1.881,1.475,1.636,-0.965,1.141,0.416,2.026,-1.013,0.349,0.582,-0.393,0.454,0
-1.179,0.79,1.142,0.557,0.121,0.446,-0.977,-0.585,-1.55,0.302,-0.347,-0.203,-0.443,1.271,-0.677,0.648,-0.976,1.839,-0.003,0.41,-0.72,0.645,-1.018,-1.102,0.917,1.109,-2.089,2.154,0.353,0.413,0
-0.925,-1.502,0.705,0.371,-0.714,-0.159,-0.329,0.641,-0.234,0.189,0.02,-0.242,-1.851,0.268,-0.022,0.422,-0.86,0.291,0.653,2.098,-0.924,-0.46,0.107,0.149,2.116,0.264,-1.117,1.14,-1.15,0.723,1
-0.822,1.331,-0.302,-1.095,0.598,-0.491,-0.196,-1.643,-0.068,-2.245,1.578,-0.516,-0.198,0.838,-0.354,1.394,-0.39,0.95,-2.148,-0.062,0.262,0.415,-0.55,0.256,0.809,-0.529,0.448,-0.801,0.632,1.397,0
-1.116,0.143,0.851,1.193,0.544,-1.208,1.191,1.283,-1.451,-0.424,0.927,0.026,0.706,1.062,-1.612,0.453,1.141,0.238,-0.127,0.053,1.092,-1.302,1.352,-1.175,1.566,-0.228,1.123,-0.742,0.229,-0.454,0
0.797,1.405,-0.877,-0.35,-2.46,1.248,2.15,-0.32,0.593,0.371,-1.511,-0.639,1.132,0.426,-0.284,0.368,1.078,0.364,1.405,1.093,-1.037,0.979,0.456,0.268,-2.552,0.071,0.358,1.88,-0.746,-1.482,1
1.421,-1.994,0.076,-0.576,-0.579,-1.461,-2.052,-1.131,1.258,-0.571,0.784,0.41,0.306,-0.23,0.238,-1.802,0.347,-0.298,0.235,-0.11,-1.323,-1.734,-0.266,-1.408,-0.746,1.431,1.914,-1.551,-1.43,0.205,0
-0.159,0.052,0.638,1.08,-1.211,0.601,0.077,-0.885,0.371,1.475,-1.751,-0.029,-0.664,-1.484,0.081,-0.547,-1.051,-0.648,-1.357,-1.331,0.511,-1.462,1.452,1.465,-0.194,-0.073,0.061,-0.616,1.015,0.595,1
0.765,1.998,0.391,1.995,-0.635,1.069,1.161,-1.779,0.809,-0.106,-0.027,0.334,-0.275,-0.297,-0.514,1.586,1.394,-0.547,2.069,-0.179,0.81,-0.48,-0.638,1.18,-1.642,0.89,0.226,0.707,0.661,0.453,1
-1.394,0.688,0.243,0.061,-0.561,-0.483,0.477,0.17,0.845,1.798,1.431,-0.984,0.012,0.303,-0.757,0.733,-1.003,0.211,1.464,-1.084,-0.673,-0.252,-2.298,1.541,0.454,0.159,-0.086,0.263,0.493,1.318,0
0.454,-0.482,2.981,-0.809,-0.773,-1.038,1.18,-0.692,-1.085,0.779,-0.646,-1.416,0.866,-0.376,-0.79,-0.528,-1.129,-0.089,0.108,2.201,-2.041,0.396,-0.614,0.642,-3.08,-1.362,-0.296,1.128,-0.789,-0.039,1
-0.761,0.544,0.454,0.911,0.999,-0.271,-0.954,-0.674,0.308,-0.128,0.037,0.516,0.917,-0.523,-0.188,-0.993,-0.529,-1.31,-1.417,-1.607,-0.167,-0.868,-0.403,-1.507,0.549,-1.272,-0.828,-0.344,-0.732,-0.564,1
0.04,-0.478,-0.435,0.588,-1.19,0.311,-0.576,0.327,0.63,1.879,-2.474,1.303,-0.595,0.356,0.032,-0.12,1.089,-0.792,-2.298,0.24,0.399,-1.225,0.036,1.179,-1.766,-1.002,1.553,0.18,-1.115,-0.936,1
-0.419,-0.816,0.017,-1.184,0.483,-0.191,-1.472,-0.341,1.297,-2.006,0.282,-0.811,-1.549,0.049,-0.771,0.642,0.615,-0.203,-1.662,0.881,-1.628,-0.514,0.538,-1.227,-1.179,-1.172,1.6,-0.386,-0.325,1.117,1
-1.328,-1.249,-0.1,1.251,-0.11,-1.405,-0.607,0.937,0.265,-1.508,-0.423,-0.452,-0.682,-0.96,0.44,-0.148,-0.364,-0.472,-0.733,1.435,0.018,-0.085,1.649,-0.181,-1.858,0.97,-1.587,0.049,1.133,-1.953,0
0.563,-0.252,1.447,0.978,-1.319,-0.071,0.269,-0.699,1.587,0.142,0.376,-0.792,2.668,-0.14,0.942,-0.012,-0.52,1.852,1.837,2.074,-0.737,-0.769,-0.051,1.599,0.212,1.106,1.312,0.424,-0.492,1.656,1
0.411,-0.243,0.863,-1.449,0.314,-1.005,-1.344,1.268,-1.294,-0.741,-0.33,0.33,0.981,-1.491,0.539,1.336,-0.564,0.663,0.431,-0.773,-0.803,0.464,-0.171,2.707,0.662,-0.654,0.728,0.093,-0.18,0.7,1
-1.251,0.909,-0.158,-0.439,0.739,-0.468,-1.596,-1.667,0.339,0.375,-1.329,0.564,0.805,0.745,-0.174,1.108,0.515,0.893,-1.511,-0.851,2.082,1.068,-1.428,-0.332,1.705,0.606,1.112,-0.564,-1.365,0.179,1
0.565,0.327,0.014,2.692,1.273,-0.634,0.568,0.511,0.975,1.977,-1.274,-0.787,2.138,0.343,0.95,-1.535,-0.171,0.98,-0.059,2.073,-0.398,-0.202,-0.164,-1.239,-1.056,1.246,-0.725,-1.045,0.563,0.173,0
1.99,-1.182,0.304,2.226,0.306,-0.63,0.776,-0.511,0.3,0.173,0.086,0.108,1.063,1.841,-0.569,-1.446,-0.256,1.173,-0.428,-0.299,0.149,1.661,-2.622,-0.432,-0.101,-0.439,-1.978,-0.036,-0.787,-0.117,1
1.899,0.452,-0.585,0.174,-0.203,-1.271,0.873,0.141,-1.406,0.408,1.458,-0.532,0.897,-1.139,-1.31,-0.096,-2.411,-0.01,-0.661,0.803,-0.07,-1.517,0.2,-0.247,0.236,0.762,-0.506,0.749,1.068,-2.637,0
0.695,-0.323,0.597,-0.625,1.647,-1.708,0.096,-0.286,1.017,-0.658,-0.4,-1.797,-0.378,0.232,-0.732,-0.404,1.206,-0.694,-1.516,2.024,-0.808,0.094,0.273,0.544,-2.476,0.211,0.254,-0.732,-1.38,-0.21,1
0.892,0.183,0.504,-1.007,-1.339,-0.45,-0.16,-1.609,0.181,1.864,-1.201,-0.072,0.144,-0.149,-0.451,0.307,0.981,-0.54,-0.421,0.407,-0.319,0.883,0.665,-2.191,0.484,0.688,1.644,-0.097,-0.973,0.905,1
-0.908,1.159,-1.467,1.719,-0.367,2.358,-0.46,-0.059,-1.242,-0.024,-2.043,0.191,0.576,-0.518,0.92,0.986,0.057,0.159,0.651,0.02,0.848,2.075,-0.381,-0.946,-0.459,-0.694,0.3,-1.39,1.299,-1.804,1
1.838,-0.722,0.629,-0.069,-1.212,-0.529,-1.557,-1.2,0.274,-0.613,0.985,1.621,0.507,-0.126,0.035,1.315,-0.688,-0.103,0.377,0.664,0.059,0.699,-0.16,-1.092,0.025,0.494,-0.573,0.69,0.677,0.542,1
-0.178,-0.76,0.488,-1.456,0.935,0.303,-0.534,-0.289,0.965,1.729,-0.804,-0.287,-1.258,0.084,0.997,-0.766,-0.368,-0.16,0.731,-0.499,-0.306,0.978,0.905,-0.902,-0.228,-0.948,-0.154,1.032,0.18,-0.272,0
0.159,1.114,-0.571,-0.987,-1.678,1.828,-1.402,-0.135,-0.58,1.03,0.167,0.13,0.338,1.026,-1.155,0.211,0.075,0.44,0.029,0.182,0.035,-1.896,0.55,0.198,-0.331,-1.322,-0.244,-0.496,1.651,0.799,1
0.696,-0.932,0.185,0.039,-1.023,0.32,-0.843,-2.109,0.518,0.622,0.018,1.376,-0.024,-0.114,-0.284,-0.106,0.342,-0.22,-0.094,-0.515,0.514,0.395,0.561,-0.007,-0.498,0.471,-0.591,-0.415,0.532,1.318,1
-0.79,-0.509,0.237,1.217,0.215,1.248,2.461,0.142,1.838,-0.228,0.962,0.045,-2.038,-1.092,-0.174,-1.065,0.927,-0.162,0.369,-0.26,0.127,-1.703,0.642,-0.682,-1.646,0.157,-0.362,-0.128,-0.308,-1.714,0
0.234,-0.403,-1.402,-0.866,0.834,0.179,1.002,-0.677,0.028,-1.037,1.425,0.366,0.849,0.474,0.542,0.002,-0.544,0.181,-0.77,-1.035,0.731,1.673,0.355,0.303,0.048,0.503,-0.026,-1.853,0.213,0.806,1
0.702,-0.649,-0.473,2.219,-1.868,-1.373,-1.013,1.366,1.189,-2.78,-1.031,-0.702,0.81,0.895,-1.227,0.786,-2.096,0.454,-0.439,0.484,0.926,0.069,1.482,-0.913,-1.607,-0.597,0.791,1.114,1.433,0.35,1
0.293,0.998,0.935,0.086,-0.591,-0.603,0.69,0.723,-0.424,1.326,-1.067,0.624,-2.451,1.301,-1.357,0.401,1.013,-0.072,0.031,-0.756,-0.796,-0.687,1.909,-0.494,-0.063,0.95,0.669,0.125,0.509,-1.065,0
-0.465,-0.915,-0.401,-0.089,-0.951,0.28,0.065,-2.057,1.113,-0.758,0.098,0.889,0.346,-0.114,1.457,-1.131,1.233,0.879,0.766,0.432,-1.018,0.012,0.67,1.203,0.83,-0.919,0.958,0.272,0.992,0.383,1
-0.503,1.523,-2.502,-0.625,-0.452,-0.572,1.731,0.405,0.591,0.521,0.263,1.463,0.807,2.106,0.125,-1.074,-0.045,-0.774,1.448,-1.809,0.714,1.473,-1.772,0.048,0.203,-0.689,-0.541,2.047,-0.588,-0.835,0
0.05,0.438,1.383,-1.389,0.39,-1.538,-2.017,0.857,0.047,-0.35,-0.877,-0.383,-0.059,0.761,-0.975,0.901,-0.433,-1.508,2.263,0.889,0.736,-0.622,-0.568,-1.425,0.498,-1.395,-2.804,0.481,0.33,1.494,0
1.692,0.16,1.025,0.129,-0.464,1.384,-0.684,-0.366,0.409,-0.138,-0.482,-0.96,0.884,-1.103,0.461,-0.627,-0.059,1.432,-0.321,-0.321,-1.382,-0.367,-1.377,-0.658,1.82,-0.52,1.48,0.425,-0.304,0.07,1
-1.513,1.358,0.324,-1.068,0.09,3.131,-0.854,-0.836,1.299,-0.711,0.281,0.153,0.094,0.875,-1.227,1.321,1.034,-0.495,-3.387,2.095,0.273,-0.03,0.086,-1.73,0.081,1.269,-0.343,0.988,1.373,-0.33,0
-0.541,0.518,-1.135,0.471,1.92,0.475,0.567,0.246,2.888,-0.556,0.017,-0.396,-1.005,0.158,-2.73,-0.128,-0.443,-1.8,-0.487,-0.36,-0.259,1.356,-0.627,0.473,-0.685,1.417,0.858,0.883,-0.965,-1.34,0
0.034,-0.446,0.152,1.623,-0.43,-0.162,-1.028,-0.992,0.294,-0.36,-0.133,-0.098,-1.994,0.116,-0.673,0.855,-1.179,-0.954,-0.97,0.314,1.2,-0.183,-0.18,-0.103,-0.109,0.578,1.75,0.002,0.365,-0.895,0
-0.363,1.18,0.827,1.458,-1.029,-1.296,0.284,-2.202,0.549,-1.293,0.451,-0.395,1.716,0.154,-1.465,-0.517,-0.879,-0.81,0.679,0.337,-0.529,0.932,0.676,0.144,2.182,0.038,0.218,2.395,0.402,1.687,0
-2.744,-1.904,0.919,0.123,2.827,0.474,-1.915,-1.538,-0.653,0.164,-0.197,1.039,-0.391,1.021,-1.227,-2.058,0.599,-0.136,-0.219,-0.47,-0.95,-0.681,-0.981,-0.752,-1.032,-1.808,0.218,0.686,0.437,-1.956,0
1.292,-1.698,-1.203,-1.647,-0.79,-1.314,1.212,0.933,-0.261,1.515,-1.521,-1.167,-2.033,-0.083,1.448,0.154,-0.19,-0.99,0.379,1.921,0.031,0.313,-1.2,-0.227,-0.238,-0.683,0.462,-0.917,-1.665,0.706,0
0.903,-0.382,0.198,-0.032,-0.926,1.17,0.247,-2.151,1.215,-0.33,-0.516,0.023,-0.675,1.309,-1.666,0.329,-0.849,0.975,-0.373,0.609,-0.759,-0.649,-1.337,1.17,-0.558,0.387,-0.491,-0.325,0.131,0.624,1
0.679,0.396,0.669,-0.196,-0.32,0.204,-1.962,-0.547,-0.135,0.526,1.234,0.191,-0.193,1.577,0.119,0.29,-2.093,-0.045,0.111,0.389,0.548,-1.35,-0.447,-0.71,-1.751,0.902,-1.384,-0.808,1.207,0.189,0
-0.653,-0.236,0.606,-0.356,1.464,-0.824,-0.358,-0.938,1.437,1.586,-1.267,-0.383,0.832,1.844,0.022,0.288,0.399,2.459,0.457,1.107,0.917,-0.231,-1.499,0.643,0.182,-1.076,1.572,1.009,0.403,1.615,1
0.448,0.55,0.22,-0.02,0.202,-0.305,-0.119,0.802,-0.387,1.561,0.05,-0.333,0.982,1.098,-0.257,-2.262,0.169,-1.614,-0.011,1.21,-1.448,1.361,-1.306,1.641,-0.339,0.133,-0.914,-0.155,0.395,-0.099,1
-1.814,-0.693,1.377,1.037,0.522,-2.009,-0.787,0.072,-1.958,-0.168,-0.094,-1.502,0.908,-0.627,1.346,0.328,1.341,1.216,0.959,0.514,0.576,0.078,-1.061,2.042,0.651,-1.007,0.358,-1.08,0.047,2.201,1
0.759,-1.586,-0.673,-1.226,1.34,-1.162,1.478,1.56,-0.323,2.119,0.788,-1.963,-0.526,2.64,1.172,1.272,-0.7,-1.097,-0.552,-0.326,0.621,-1.41,-0.415,3.069,0.37,-0.728,-0.929,0.898,-0.484,0.033,0
-0.109,0.467,-1.1,0.87,0.914,-0.933,-1.924,0.544,1.674,-0.146,-0.663,1.212,0.922,0.571,-0.705,2.054,0.957,-1.022,0.291,-0.083,1.52,-0.358,-0.61,-1.506,-0.773,1.085,1.487,0.604,-1.126,0.376,1
1.959,-0.796,0.454,-2.507,0.404,-1.522,-0.513,-1.381,-0.533,1.082,0.641,-1.73,-2.148,0.497,-1.269,-0.242,-1.075,-0.682,1.007,-0.828,0.661,-0.033,-0.14,1.026,-1.972,0.6,1.361,-0.173,0.756,-0.146,0
-0.094,0.297,0.119,0.117,-0.567,-1.753,-0.5,-0.811,2.027,-2.569,1.023,-0.531,2.509,0.95,1.45,1.91,-0.415,-2.154,-1.184,-0.133,-0.613,1.065,-1.361,1.184,-1.167,-0.251,0.333,1.123,1.876,0.274,0
0.28,0.728,0.024,2.394,-1.313,-0.486,0.401,1.077,2.587,-0.739,0.33,2.811,-0.879,-0.331,0.646,0.178,-1.129,-0.36,-2.383,1.351,-0.407,-0.302,-1.535,1.602,-1.069,0.085,0.339,-1.223,0.198,0.385,1
-0.073,0.878,0.13,-0.666,0.492,-0.983,-1.295,-1.5,1.156,-0.753,0.59,-1.331,1.276,-1.151,1.454,0.22,-0.265,0.775,0.13,1.044,-1.779,0.356,-0.054,0.071,-0.806,-0.351,1.128,0.026,-0.149,0.395,1
1.974,-0.44,2.382,-0.346,2.695,-0.854,-0.278,0.777,-0.439,1.173,1.397,-0.413,0.689,0.034,-0.298,-1.17,1.524,1.298,0.659,-0.822,-0.146,0.779,0.64,0.808,0.573,1.39,-0.235,-0.539,-1.161,-1.486,0
0.135,1.355,1.95,1.081,0.784,1.862,0.673,-0.432,1.801,1.334,-0.318,1.118,1.891,0.2,-0.178,-0.263,0.751,0.183,-0.998,0.458,0.792,-0.964,0.466,1.354,-1.459,0.375,0.746,0.266,-1.085,-1.508,1
-0.434,0.957,1.254,-1.038,0.525,-0.838,1.723,-1.173,0.727,-1.719,2.384,-1.165,-0.205,-0.538,1.297,-1.614,-0.816,-0.151,-0.502,0.804,-1.133,-0.744,-0.701,-0.422,-1.533,-1.934,0.351,-0.64,0.019,-0.715,1
-0.703,0.77,0.94,1.083,-0.652,0.286,0.101,0.098,-0.808,1.442,-0.646,0.048,1.383,-0.667,0.788,-0.16,-0.103,0.274,1.158,-0.22,0.422,-0.327,2.341,-0.535,1.055,-0.403,0.645,-0.631,-1.281,0.009,1
1.233,0.624,1.521,-0.498,0.754,-0.389,2.592,0.085,-2.031,0.646,1.217,0.031,1.082,-1.9,-2.707,-0.787,-0.62,1.828,0.488,0.137,-0.757,-1.064,1.961,-0.439,0.892,1.872,0.245,0.702,0.91,-0.732,0
-0.666,-0.328,-1.439,-1.28,-0.196,0.199,-0.597,-1.035,0.421,-0.549,-1.254,-1.27,0.649,0.234,-0.155,-0.434,-1.096,-1.123,-1.865,-2.121,-0.672,-0.756,-1.045,-0.28,1.21,-0.989,0.35,-0.264,-1.063,-0.747,1
0.327,-0.499,-1.472,0.502,0.428,1.004,1.708,-0.267,-0.591,2.362,1.208,-0.549,1.531,0.444,-2.458,0.65,0.024,0.26,0.735,-0.006,-0.788,1.137,-1.737,0.961,-0.488,-0.657,-0.472,0.36,0.531,1.008,1
1.61,1.602,0.02,0.573,0.372,0.226,-0.754,-0.338,0.417,0.229,0.194,1.042,-1.126,-0.041,0.716,0.342,-0.678,0.178,-0.162,-0.027,-0.338,0.616,-1.576,-1.186,0.328,-0.035,0.189,1.038,0.779,-0.65,1
-0.481,0.131,0.835,1.612,-0.494,0.305,2.131,0.027,0.786,0.813,0.045,-1.744,-1.31,-1.422,-0.32,0.012,0.753,-0.885,0.898,-1.674,-1.145,0.223,-0.937,-0.175,0.835,-1.252,0.264,1.295,-0.544,2.05,1
0.065,1.448,-0.207,1.521,-1.234,-0.787,-0.727,-0.26,-0.182,0.409,0.219,-0.457,-0.652,-0.321,-0.506,0.815,0.684,-1.224,0.909,-0.602,0.853,-0.687,1.131,-0.346,-0.674,-0.162,1.832,-0.727,-0.441,-1.156,0
-1.107,-0.604,0.014,-0.219,-1.005,1.27,1.212,-0.362,1.116,0.414,0.121,0.837,-0.664,-2.04,-0.621,-0.958,-0.502,0.459,-1.307,0.93,1.071,1.338,0.278,-1.329,-0.289,-2.518,-2.533,-0.023,-0.556,2.075,1
-0.84,0.952,0.204,-0.886,1.05,0.557,0.138,-0.153,1.217,1.779,-0.709,-0.984,-0.171,0.27,0.319,-0.691,0.35,-0.321,-1.187,-0.831,-1.114,1.262,0.681,2.017,0.481,0.314,-0.523,-0.261,-2.145,1.025,1
2.145,-0.344,0.913,-2.461,-0.46,0.064,-0.46,-0.598,0.844,-0.639,-1.219,-0.184,-1.74,-0.44,0.979,1.004,1.839,-0.703,-2.138,0.366,-2.165,0.979,0.38,-1.928,0.92,-1.607,-1.356,-0.259,0.086,-0.377,0
0.976,-0.841,-0.962,-0.581,1.152,-0.559,-0.251,2.171,-1.23,0.309,-0.461,-1.003,-3.369,0.783,-0.344,0.348,-1.718,-0.893,-0.746,0.151,-0.786,-0.351,1.252,-0.36,-0.44,1.988,-0.693,0.46,0.601,0.806,0
0.98,0.917,-0.117,0.211,0.523,-1.769,-0.812,-0.877,-0.013,1.115,-0.447,1.315,1.038,2.203,-0.908,2.094,-0.924,-0.553,0.093,1.056,0.836,0.4,-0.522,1.808,-0.132,-1.093,-2.486,-0.039,0.802,-0.185,1
0.534,-0.498,0.896,-1.269,0.042,0.968,-1.761,1.098,0.858,-0.956,-0.047,-0.691,-0.389,0.046,-0.379,1.577,-0.043,1.354,-1.125,-0.179,0.204,0.927,-0.324,0.685,1.072,-1.0,0.97,-1.724,1.617,-0.93,1
0.419,2.068,-1.234,2.679,0.3,-1.304,0.751,0.373,0.171,0.6,-0.197,-0.119,0.974,1.073,-1.026,-1.13,-0.291,-1.687,1.56,1.841,-0.773,-0.241,2.39,-0.548,0.644,0.75,-1.205,1.426,-0.724,0.279,0
-0.866,0.846,0.612,-0.809,-0.2,-2.404,1.563,-0.629,0.804,0.668,-0.518,0.954,0.726,-0.577,-0.801,-1.123,-0.782,-0.512,-0.824,-1.023,-1.393,-0.41,0.851,0.888,0.583,0.785,1.514,1.251,-1.937,-1.205,1
-1.039,-0.143,1.13,0.588,0.021,0.125,0.255,-0.402,-1.781,-0.081,-1.76,0.821,-0.15,-1.869,-0.65,0.693,-1.108,-0.147,-2.246,0.403,0.104,0.313,0.194,-0.403,0.728,1.436,-1.437,0.524,-0.27,0.017,1
1.278,-0.305,-0.013,1.343,0.86,0.244,1.977,0.533,-0.879,-0.261,-0.128,-0.387,-0.109,0.714,0.037,0.737,-1.074,-0.816,1.198,-1.377,1.067,0.507,0.476,0.91,-1.501,-0.113,-1.2,-0.793,-2.731,-0.015,1
-0.04,-0.115,1.458,0.484,1.408,-2.269,0.393,-0.427,0.365,0.807,-1.56,-0.056,-0.713,0.263,1.133,0.883,0.976,0.353,-0.51,0.048,0.779,-0.084,0.846,1.186,-0.447,0.805,0.831,-0.412,-0.195,1.032,1
-0.642,-1.069,-0.038,-0.832,0.818,0.148,0.369,0.523,-1.136,2.015,-0.578,-0.219,0.356,0.751,0.217,0.402,0.925,-0.249,-0.347,0.812,-0.608,-0.81,1.702,-0.968,1.086,1.866,1.496,1.022,1.549,-0.089,0
-0.888,-0.684,-0.015,-0.03,-0.831,-1.784,-1.239,0.937,-0.832,0.913,0.355,1.598,0.685,-0.238,-0.8,0.23,-0.191,-0.365,-0.658,-1.219,-1.055,-0.937,0.073,0.245,-1.473,-0.104,-0.556,0.304,0.904,0.598,1
-1.418,-0.056,-1.369,-0.557,-0.367,1.523,1.471,-0.437,-1.175,0.249,-0.416,-0.913,-1.023,0.16,1.56,0.201,0.914,-0.752,2.796,0.417,0.003,-1.399,1.59,-0.781,-0.75,0.281,-0.129,0.939,0.292,1.748,0
-0.815,0.925,-1.553,0.139,1.095,1.035,0.033,0.997,0.633,0.783,0.51,1.563,1.69,1.871,1.294,0.499,-0.533,-0.266,0.393,0.454,0.449,-0.435,1.858,0.358,0.185,1.472,0.906,-2.005,1.853,-1.681,0
0.66,-0.533,0.552,1.646,0.226,0.274,-0.956,0.435,-1.101,0.913,-0.46,2.19,-0.682,-0.229,-0.087,-1.119,-0.414,0.293,-0.017,0.473,1.048,0.321,1.162,1.52,1.135,0.014,1.593,0.111,0.593,0.002,1
-0.463,0.15,0.69,-0.382,0.488,0.045,1.997,-0.696,0.512,-0.98,2.352,0.418,-0.131,-0.439,1.698,0.814,-1.232,1.51,-0.496,-1.452,1.13,-0.236,-1.41,0.034,-0.274,0.052,0.619,1.299,0.374,0.291,1
-0.149,0.168,0.737,-1.69,0.305,-0.091,-1.159,-0.748,1.112,-0.442,1.072,0.177,-1.243,0.101,0.194,0.241,0.906,0.112,0.928,0.187,1.055,-0.046,1.623,0.935,0.68,2.237,-0.686,-1.309,-1.208,-1.446,0
-0.619,-0.405,0.453,0.409,-0.609,0.983,2.428,1.144,-0.101,0.099,0.381,1.672,-0.424,1.82,-0.394,-0.461,0.519,0.778,-1.591,1.988,1.795,-0.843,-0.776,0.707,0.021,-0.715,-0.218,0.655,-1.329,-0.555,1
0.87,0.176,0.105,1.178,-0.854,0.187,-0.059,-2.408,-1.23,-0.027,0.886,-0.729,1.38,0.668,-1.762,0.629,-0.783,-0.08,0.938,-0.421,-0.491,-0.931,0.966,0.463,-1.421,0.251,-0.57,-0.054,-0.731,-1.035,0
0.763,0.921,-0.659,0.248,0.731,2.329,-1.062,-0.539,0.025,-0.43,1.017,-0.549,1.608,0.586,0.158,-0.983,0.185,1.415,0.423,0.543,-1.212,0.176,0.255,0.807,-0.308,1.316,0.772,2.005,-0.052,-0.09,1
0.959,-1.228,0.354,-0.26,0.654,-0.439,-0.059,-1.203,-1.277,-0.397,-1.267,-0.69,0.239,1.404,-2.028,-1.028,0.976,-0.067,0.066,-0.735,0.195,-0.713,0.168,-1.189,-0.379,-0.321,0.413,0.339,1.773,1.656,0
-0.081,-0.303,0.324,1.04,0.592,-1.48,-0.12,0.164,0.781,1.228,0.445,-0.302,-0.116,0.451,-0.36,-1.025,0.374,-0.379,2.65,-1.603,-0.478,-0.585,-0.217,-0.573,0.372,-0.461,2.175,0.022,0.586,-0.344,0
0.681,0.772,0.008,-0.252,0.844,-0.262,-0.424,-0.608,0.011,0.001,0.673,-0.671,-0.23,0.14,1.354,-0.423,-0.997,-0.99,-0.141,0.817,1.079,1.725,1.166,0.587,-0.119,-0.343,-0.082,0.854,-0.915,0.539,1
-0.78,1.152,-0.431,0.48,-0.004,-0.237,0.175,-0.342,-0.427,1.199,0.869,-0.607,0.116,1.914,-1.145,1.609,0.197,-0.76,-0.694,-1.081,-0.065,-0.01,1.208,-0.901,-1.305,-0.125,1.281,0.658,0.462,-0.507,0
-0.918,0.088,0.625,-1.837,-0.459,0.496,-0.852,-0.192,0.471,-0.708,0.019,0.742,-2.13,-1.852,-0.79,-1.383,-1.127,0.492,-1.688,-1.057,-0.338,-0.279,-0.378,-0.23,-1.183,-1.035,-0.808,-0.478,0.816,0.808,1
0.57,-0.437,-0.712,2.339,-0.514,-0.314,-0.843,-1.287,0.552,2.585,0.422,2.559,-1.248,-0.983,0.737,1.483,0.62,0.335,-0.58,-0.242,-1.053,0.271,-0.253,0.017,-0.201,0.05,1.485,0.881,0.976,0.808,1
-1.348,1.146,0.316,-0.455,-0.181,-0.313,0.744,-0.761,1.799,0.671,1.539,-0.846,-1.374,-0.299,-1.354,-0.937,0.966,2.291,0.457,1.169,-0.223,1.229,-0.037,-0.177,1.548,1.085,-0.385,-0.504,0.999,-0.716,1
0.284,0.594,0.315,0.27,0.963,-1.219,-0.069,0.061,1.477,-1.168,0.432,0.758,0.269,-0.161,1.175,0.535,1.226,0.909,0.168,-0.01,-0.91,0.397,-0.554,1.282,2.018,-0.444,-0.755,-1.785,-0.075,-0.521,1
-1.048,0.842,-0.998,0.734,1.228,-0.758,1.623,1.292,-0.263,-0.832,-0.428,-0.528,-1.799,-0.077,0.782,0.139,-1.734,0.739,1.412,0.381,-0.051,0.868,-1.171,1.22,-0.94,0.661,0.822,0.39,-0.492,-1.69,0
0.056,-0.241,0.916,0.735,-0.69,-0.919,-0.687,-0.103,-0.327,1.245,0.607,-0.094,0.383,1.341,-0.432,-1.897,-2.652,-0.433,0.932,0.435,-0.777,-0.192,1.114,-1.215,2.197,0.412,-0.704,0.098,1.042,1.155,0
0.31,-0.614,1.668,0.015,-1.325,-0.835,-0.209,0.211,-0.159,1.438,-0.897,0.466,-0.78,-0.751,0.5,0.906,-0.273,-0.844,0.067,-1.177,-2.319,1.088,1.753,-1.353,-1.717,0.539,-0.465,0.155,-0.933,2.051,1
-0.004,2.646,1.745,0.289,1.111,1.117,-0.797,1.023,-1.074,-1.45,-0.523,0.344,0.204,-1.471,0.198,-0.322,1.893,0.69,1.435,1.086,-0.399,-2.049,-1.137,0.905,0.528,-0.501,0.038,-1.013,0.784,1.328,1
-0.514,-0.048,-0.207,0.419,1.796,-0.699,-0.437,0.344,-0.532,-1.788,0.576,-0.371,-0.021,-0.325,0.754,-1.73,-0.64,-0.024,1.732,0.392,-0.37,0.881,0.537,-0.484,-1.163,0.328,-1.685,-1.058,1.454,-0.298,0
-0.874,-1.033,-0.415,1.559,0.521,1.036,0.21,-1.15,-0.258,0.281,-0.516,1.522,-0.423,0.568,0.48,-0.963,0.167,0.179,-0.615,0.885,-0.872,-1.377,-1.849,0.306,-0.424,0.627,-0.644,3.06,0.869,0.733,1
1.755,-0.243,1.988,-1.137,-2.25,-0.581,-0.749,-2.154,-0.157,0.097,0.254,1.505,1.313,-0.74,-1.814,-0.288,-0.402,0.729,-0.499,0.703,0.342,-1.341,2.591,-0.144,-0.477,-0.229,0.37,1.024,0.351,-0.116,1
-0.513,0.861,2.618,0.852,0.344,-0.219,1.695,0.731,-0.71,1.511,0.914,-1.295,0.951,-1.342,0.958,-1.834,-0.595,-1.671,-1.344,-0.792,0.125,-0.997,0.932,-1.099,0.882,-2.033,-0.352,0.101,1.526,-1.622,1
0.53,-1.372,-0.63,-0.657,0.424,-0.401,-0.489,0.957,-0.844,-0.368,0.417,-0.871,-0.162,-0.948,-0.653,-0.359,-0.818,0.374,0.912,0.678,0.056,-1.339,-0.3,0.16,-0.677,0.75,-2.26,-1.362,1.577,0.147,1
1.805,1.303,0.184,-1.956,0.149,-0.937,-0.951,-0.299,-0.652,0.277,-0.007,-1.879,-0.883,-0.035,0.331,-1.535,1.579,1.563,1.034,-0.645,-0.796,0.475,0.645,-2.469,-1.27,1.403,0.395,-0.291,-0.472,-0.699,0
0.452,-1.091,0.941,-1.932,0.129,-1.013,0.748,0.201,-0.9,-0.291,0.105,-0.594,-1.728,1.056,0.217,0.235,1.814,-1.533,-0.365,-1.513,0.793,-1.063,0.998,1.038,-0.04,-1.591,0.307,1.118,-1.346,1.057,1
-1.554,-0.9,1.18,-1.085,0.666,-0.725,1.353,-0.136,1.106,-0.278,-0.73,-0.906,0.34,0.954,-0.042,0.059,-0.044,0.657,-1.829,0.516,-2.181,-0.744,0.46,1.223,-2.048,1.094,0.42,-0.637,-2.17,1.143,1
0.896,1.68,-0.504,-1.512,-0.145,-0.771,1.385,0.068,-2.206,-0.936,1.66,-0.552,-0.31,-0.647,-0.227,-0.338,0.693,-0.554,1.381,-0.367,-0.089,-0.663,-0.292,0.101,1.012,-0.816,-0.186,-0.764,-0.375,-0.863,0
-0.81,-0.214,-1.115,0.141,-0.327,0.851,-0.185,-1.132,-0.034,1.51,-0.119,1.464,0.883,1.138,0.779,0.077,-1.441,0.54,-0.137,-0.471,-0.683,0.851,-0.842,-1.075,-0.901,-0.636,-1.087,-0.028,-0.153,1.099,1
-0.033,-0.892,-1.307,0.147,0.867,3.209,-0.105,-0.123,-0.108,-1.453,-0.512,0.991,0.791,-0.342,-1.858,0.69,0.888,1.205,-0.595,-0.399,-0.3,-0.015,-0.176,-0.727,-0.522,0.376,0.594,0.207,1.483,0.959,1
-0.342,-1.006,-1.077,-2.229,0.811,0.136,-0.301,-0.265,-0.236,2.775,-0.049,0.958,-0.12,-0.009,-1.624,-0.553,0.815,-0.039,1.35,-0.048,-0.711,-0.73,-1.411,0.349,-1.341,0.342,0.196,-0.166,-0.333,1.008,0
0.913,0.514,-0.876,-1.406,-0.691,0.396,-0.292,0.375,-1.108,0.375,0.616,-0.916,-0.064,-0.334,0.568,0.506,1.892,-0.753,1.059,-0.01,0.418,0.163,-0.267,0.196,0.828,-0.73,-1.84,0.188,-1.452,1.467,1
0.935,0.258,0.916,-0.532,0.622,0.123,-0.178,2.933,0.463,-0.626,-1.377,-1.664,-0.433,2.27,2.001,-2.117,0.351,-0.915,-0.286,1.874,0.072,0.001,-0.14,0.911,-1.065,0.458,0.154,-0.744,-1.479,0.569,1
-1.146,-1.905,0.991,-0.997,-2.304,-1.87,1.657,-0.544,0.369,-0.178,-0.709,0.248,0.745,1.521,0.415,2.08,0.149,-0.416,1.219,0.861,0.899,-0.432,-0.012,0.191,0.454,-0.272,0.438,0.667,-0.811,-1.168,0
-0.267,-1.219,0.143,-0.316,1.424,1.013,-0.715,0.345,0.88,-0.716,-1.323,1.048,-1.705,0.6,1.83,-0.341,-0.511,0.239,0.954,0.163,-0.31,0.16,0.83,-1.422,-0.094,0.076,0.159,-0.384,-1.413,-1.018,0
0.425,0.988,-1.334,-2.072,-1.892,2.42,-0.244,-0.266,-0.676,-1.125,1.86,0.626,0.288,0.896,0.884,0.411,-1.607,1.467,1.461,-1.639,0.985,0.011,0.314,1.081,0.164,-1.85,-0.673,-1.821,-0.17,-0.975,0
-0.559,-0.265,0.245,0.465,0.347,-0.182,-0.129,0.778,0.303,-0.839,0.49,0.9,-1.486,0.937,-0.545,0.485,0.699,-0.283,-0.116,0.221,1.144,0.042,-0.129,-0.32,1.302,0.058,-1.412,-0.579,-1.105,1.33,1
-0.419,-0.438,1.045,0.757,1.344,-0.006,-1.643,-0.753,-0.819,0.023,-0.773,-0.039,0.306,-0.269,-0.218,0.362,-1.017,0.72,-0.105,1.871,0.899,-0.235,1.122,-1.276,1.969,1.193,-0.953,0.689,-0.037,-1.357,0
-0.931,-0.41,1.63,-0.396,-0.809,-0.816,-0.179,-0.733,-0.816,1.142,0.161,1.125,0.095,0.668,0.225,-0.852,0.452,-0.736,1.462,0.057,-0.624,-0.309,0.186,0.027,1.389,-1.459,0.773,1.282,1.922,1.515,1
-0.94,1.76,0.47,-1.151,-0.677,0.979,0.785,0.923,-1.356,-0.405,-0.694,0.388,-0.986,0.247,1.321,0.512,0.207,0.424,0.855,-0.752,-0.732,-0.35,0.147,0.338,-0.56,-0.333,2.071,0.268,-0.491,0.087,1
-0.192,-0.02,1.342,0.877,0.938,0.024,1.528,-0.08,-0.912,-1.194,0.92,0.289,-0.879,1.381,-0.699,-1.226,-1.969,2.351,0.354,-0.106,-2.409,-1.264,-0.425,0.241,-0.241,-0.683,0.283,-0.755,-0.023,0.045,0
-0.049,0.689,-0.64,-0.852,0.574,-1.026,0.553,1.259,0.232,-1.732,-0.301,0.893,-0.289,-0.726,0.466,-0.832,-0.846,-0.386,-0.151,0.819,-0.254,-0.475,-0.78,0.779,0.099,-0.754,0.905,-1.123,0.219,-0.092,1
0.576,-1.025,0.194,1.59,-0.781,0.181,0.568,-1.315,-0.037,-1.175,-0.524,0.855,0.715,0.855,0.697,-0.787,0.686,-0.289,0.161,-0.187,0.706,0.126,-0.226,-0.408,-0.61,-1.348,0.831,0.235,0.239,-0.152,1
1.35,0.316,0.173,-1.598,-0.883,-0.729,1.082,0.69,0.147,-0.26,1.229,0.402,0.292,-1.484,-1.289,0.823,-1.882,-0.244,1.832,-0.53,-0.82,-0.823,0.551,-1.142,1.874,1.369,-1.257,-1.622,-0.566,0.666,1
0.251,0.763,-0.963,-0.595,-0.226,0.895,-0.071,0.198,-0.088,0.466,0.745,-0.675,-0.867,-2.006,2.204,-0.337,-0.077,0.601,0.799,-1.382,-0.687,0.315,-1.217,-0.232,-0.118,-0.707,0.857,-0.607,-2.503,-0.518,1
-0.396,-0.007,-1.865,-1.259,0.445,1.588,1.103,0.122,-0.628,-0.617,0.837,-0.213,-1.038,-0.532,-1.448,-0.74,-1.99,-0.809,-2.649,0.645,1.663,-0.61,-0.555,1.207,-0.727,-0.258,0.734,-0.647,0.457,-0.506,1
-0.079,0.226,1.392,-0.165,-0.862,1.041,-0.19,2.051,-0.353,0.914,0.592,0.728,0.52,0.4,-0.162,0.381,0.282,-0.26,-0.176,1.29,-1.81,0.045,-0.511,1.692,-1.009,2.552,0.272,-0.453,0.778,0.562,1
-1.734,0.115,0.597,1.401,1.267,0.567,1.418,0.879,1.713,0.506,-0.565,-0.095,0.277,0.296,1.208,-2.08,0.823,-0.548,0.346,1.22,-0.435,-1.736,-1.441,1.454,1.204,-0.951,-2.295,-0.834,2.157,1.08,0
-0.816,0.711,-0.242,0.991,0.551,0.63,0.176,1.634,1.26,-0.634,-0.866,0.285,-0.54,-0.069,-0.9,0.164,-0.57,-0.172,1.949,-1.573,-0.12,0.677,-2.55,1.389,2.071,-0.416,1.74,-1.508,0.942,1.177,1
-0.886,-0.897,-0.45,-1.282,-0.091,1.569,0.629,-0.14,-0.834,-1.064,-0.497,-0.897,0.234,0.133,1.753,-1.564,0.264,0.589,-0.696,-0.982,0.907,0.131,0.367,0.894,0.99,1.069,0.882,0.119,-1.69,-0.657,1
-1.413,1.786,-0.187,0.457,0.509,0.124,-0.776,-0.908,1.659,-0.977,-1.438,-1.079,-1.032,0.491,-0.992,0.377,-0.947,0.416,-0.741,-2.031,0.746,-0.233,-1.717,-1.565,1.161,-1.728,0.624,0.196,0.957,0.992,0
-0.754,1.385,-1.088,-0.688,-0.034,-1.296,1.018,2.094,0.223,0.04,-0.11,1.21,0.846,1.1,-2.867,0.433,2.362,-0.946,1.683,0.465,-0.948,-0.527,-0.176,1.684,-0.006,-1.284,0.17,0.845,0.28,0.921,0
1.983,-1.056,-0.787,-0.317,-0.093,-0.392,-1.927,-0.919,1.127,1.419,-0.301,-1.69,0.928,-1.124,-1.052,-0.447,0.523,-0.339,-1.758,-0.652,0.808,0.444,0.121,0.794,-0.269,1.632,1.456,0.851,1.305,0.863,0
-0.538,0.539,-0.188,-1.651,0.62,-1.127,0.405,0.219,-1.155,1.52,-1.838,1.219,-0.187,1.079,0.141,-0.992,-1.549,-1.335,-1.668,-1.848,0.026,0.768,-0.103,-1.164,-0.174,-0.978,0.074,0.216,-2.414,0.628,0
0.604,-0.062,-0.272,2.053,-0.664,0.459,-1.687,0.032,-0.249,-1.243,1.621,0.151,1.458,0.859,0.412,-0.383,0.207,-0.845,0.262,-0.791,-0.353,-0.428,1.689,1.213,-0.085,1.041,-0.524,-0.513,0.43,1.815,0
-1.151,-0.306,0.808,0.796,0.224,-0.051,0.738,1.502,0.821,-0.057,-1.987,0.998,0.003,0.078,-1.071,-1.021,1.732,0.542,0.305,1.136,0.684,0.269,0.821,0.275,-0.389,-0.202,2.094,-0.384,0.531,2.565,1
-0.067,-0.084,0.507,-0.905,-0.138,1.336,1.066,0.938,-0.576,0.266,-0.515,1.826,0.92,0.048,0.75,-1.682,-0.037,-0.059,0.669,-0.437,-2.338,1.858,-1.724,-0.275,0.453,1.295,0.059,-0.812,-0.171,0.973,1
-0.984,0.129,-1.107,-0.13,1.006,-1.375,1.198,-2.204,-1.146,-1.454,-0.238,-1.622,-0.314,-0.722,-0.194,-0.072,-0.775,0.26,1.2,-1.079,1.296,-0.18,-1.93,0.285,0.796,-0.26,0.307,-0.799,0.608,-0.803,1
-0.057,-0.243,0.915,-2.119,-1.256,1.841,0.863,-1.98,0.411,0.054,0.24,-0.338,-1.102,0.234,-0.472,-1.328,1.949,0.8,-0.011,-0.139,-1.949,-0.705,-0.929,0.538,-1.931,0.176,1.217,0.9,1.151,0.027,0
-1.496,-0.181,-1.671,0.377,-1.827,0.489,-0.558,0.373,-0.688,-1.458,-0.611,-0.676,-1.914,0.934,-0.434,1.478,0.769,2.331,-0.467,0.535,1.856,-0.117,0.669,-0.061,-0.143,-1.309,0.033,1.442,-0.633,-0.031,1
1.584,-0.468,-0.032,0.72,0.518,-0.484,1.37,0.188,-1.295,-0.132,0.09,-0.441,0.206,-1.006,1.112,-0.745,-0.971,-0.005,0.858,0.803,0.905,1.721,0.323,0.55,-0.642,0.229,-0.537,0.534,-1.06,-2.221,1
0.707,-0.214,-0.49,0.501,-0.922,0.159,-0.649,0.49,-0.28,0.941,-0.113,-0.862,0.138,0.013,0.335,-0.243,-0.651,-0.33,1.375,-1.033,0.06,-0.208,-0.989,-1.061,0.706,-0.229,-0.03,0.79,-0.223,1.508,0
0.6,-0.339,0.155,-0.279,0.871,0.763,0.696,0.441,-0.159,1.698,-0.056,-0.455,1.294,0.195,-1.775,1.509,-0.476,1.113,2.19,0.353,0.447,0.719,-1.93,0.998,-1.378,1.154,-1.093,-0.871,0.223,0.253,1
0.217,0.47,0.327,-0.095,-0.183,0.338,-0.69,0.047,0.549,-1.995,-0.949,-0.287,-0.902,-1.53,-1.219,1.146,0.202,-0.426,-0.151,-2.106,-0.63,1.242,-0.026,-0.541,-0.348,-0.782,-0.489,0.718,1.849,-2.432,1
-0.47,0.438,0.77,-0.149,0.249,0.539,0.059,0.288,-0.625,1.517,-0.61,-1.838,1.185,1.388,0.137,-0.842,-1.644,-0.064,-0.201,0.3,-1.353,0.833,-0.13,0.584,-0.386,-1.658,-0.227,0.631,-0.158,-0.2,1
0.466,0.56,0.917,-1.984,-0.016,0.034,-1.466,-0.327,-0.593,0.865,0.426,-0.234,-0.718,-2.245,0.552,0.886,-1.339,-0.4,0.747,-0.39,0.748,-0.446,1.08,2.621,0.686,1.535,-0.195,-1.401,0.438,-0.059,1
1.814,0.951,-1.203,-0.514,-0.853,-0.599,-0.299,-0.719,-1.436,0.634,-0.541,1.326,0.296,0.172,0.813,-0.637,-1.347,0.652,-1.351,2.109,-0.833,-0.941,-0.866,0.397,0.335,0.231,-1.211,-1.259,-0.01,0.978,1
0.075,-1.882,1.978,0.38,0.042,0.284,-2.161,-0.539,0.304,-0.35,1.171,-0.892,1.705,-1.713,1.092,1.902,-0.299,0.243,-0.552,-0.733,0.504,-0.182,-0.762,-0.848,0.664,2.391,0.467,0.751,-0.385,-0.066,0
0.695,-0.747,0.208,-0.127,-1.108,1.501,0.529,-1.558,-0.22,-0.888,-0.232,-0.481,-0.878,0.039,0.035,-1.36,-0.371,-0.04,0.585,0.581,0.278,0.734,-0.374,-0.395,-1.245,-0.426,-0.926,0.335,1.025,-0.691,1
-0.533,-2.006,0.537,0.425,-0.398,0.431,-0.07,-1.919,-1.186,1.396,0.318,1.049,-0.889,-0.149,0.012,-0.365,-0.146,1.142,2.019,-1.199,-0.09,1.014,-0.519,0.801,-0.745,1.911,0.323,-0.543,-2.022,0.782,0
1.836,-0.474,-0.386,0.367,0.345,0.555,0.352,0.767,0.745,1.487,-0.051,0.253,0.795,1.264,-0.04,-0.191,-0.438,-0.009,0.257,-0.003,-1.165,-0.46,0.182,0.185,0.721,-0.283,0.094,1.657,1.13,0.633,1
0.235,0.085,1.627,1.494,0.452,0.681,-2.739,-0.044,-0.132,-0.202,-0.148,-0.207,-0.415,-0.561,-1.522,-0.687,-1.207,0.274,1.593,0.824,0.175,0.378,-0.525,1.187,0.449,0.602,0.083,0.382,-1.002,-0.221,1
-0.653,-2.485,0.614,0.989,-1.656,0.176,0.886,0.022,-0.241,1.424,0.816,0.266,-0.232,2.055,0.437,1.109,1.684,-0.114,0.37,0.251,1.164,-0.877,-0.674,-0.653,-0.754,-0.1,-2.361,2.246,-1.324,-0.197,0
0.292,-1.213,0.737,0.928,0.629,-0.236,-0.023,-2.781,-0.842,-0.672,0.133,-1.204,1.334,-2.036,0.278,0.391,-0.67,-0.083,0.069,-0.263,0.742,0.29,-0.438,-1.386,-0.771,-0.317,-1.613,-0.948,-0.374,-0.872,1
0.744,-0.174,-0.918,-2.133,-0.413,-0.476,0.503,0.27,-0.043,1.036,1.342,-0.119,-0.077,0.595,0.572,2.664,-1.107,1.027,0.287,-0.11,2.381,-0.419,0.683,1.787,-0.023,0.749,-1.176,0.267,-0.229,0.541,0
0.694,1.856,-0.798,1.026,1.147,0.009,-0.303,-1.072,-0.132,1.031,-0.872,0.186,1.757,1.229,0.594,0.688,-0.511,0.804,1.561,-0.541,-0.986,-0.683,-0.327,-0.832,1.963,0.592,-0.637,-0.2,-2.15,0.127,1
0.378,1.793,0.943,-0.672,0.731,2.25,0.111,-2.841,-0.806,1.42,0.803,0.745,-1.537,-1.053,0.068,-1.47,-1.714,0.073,-0.164,-1.81,0.143,0.161,0.722,-1.801,1.434,-0.466,0.621,0.018,-0.432,-0.348,1
0.974,1.176,-0.126,1.213,0.935,-0.078,-1.465,-1.957,0.102,-0.344,1.244,0.057,0.948,0.964,0.693,1.228,0.812,-1.351,-0.623,2.178,1.46,-0.997,-0.088,-0.358,-1.778,0.03,0.364,-0.705,0.781,1.241,0
-1.291,0.697,0.559,0.44,0.674,-0.576,-0.845,-0.57,-0.375,0.43,-0.613,-1.132,-0.1,1.395,2.239,-0.446,-0.304,-1.576,-0.688,0.083,1.138,1.851,0.111,0.027,-0.348,-0.339,0.651,2.176,0.321,1.326,0
0.412,1.109,0.783,-1.345,-0.508,-0.45,0.464,-1.999,-0.741,0.701,-1.394,0.847,-1.719,0.533,-1.19,0.342,-0.3,1.004,0.692,1.048,-0.151,-2.298,-0.124,-0.8,0.743,-0.809,-0.507,-0.693,0.888,-1.533,0
-0.497,0.591,1.119,0.154,-1.294,-0.571,1.383,0.625,-0.652,-0.838,-1.259,0.314,0.519,0.571,1.664,2.191,-0.977,-1.861,-0.239,0.564,0.339,1.53,2.691,0.658,-1.197,-1.96,-0.757,-1.006,-0.461,-0.77,1
-1.313,-0.051,1.496,0.845,-0.424,1.325,-0.047,-0.535,1.659,-0.34,-1.255,-1.187,0.132,0.341,-2.676,-1.416,1.319,-0.212,-1.032,1.673,1.725,0.933,-1.397,0.182,-2.005,-1.495,0.596,-0.364,-0.228,-0.624,1
-0.719,-0.071,-0.738,-0.705,0.454,0.262,-1.216,-0.256,-1.124,1.228,0.029,1.871,-0.312,0.273,-0.792,-0.011,-0.133,1.867,0.707,-0.172,-0.011,-0.586,2.028,-0.115,0.177,0.931,-1.152,0.422,0.086,-1.487,0
-0.843,-0.981,0.352,1.342,1.019,-1.078,0.771,0.468,-0.722,-0.72,-1.394,1.978,0.659,0.749,-0.807,0.44,1.127,0.177,-0.446,1.184,-1.676,-0.637,-0.614,0.046,-0.41,-0.573,0.679,1.124,-1.647,1.593,1
-0.792,0.475,0.119,0.793,-1.68,-0.182,0.101,-0.425,-0.062,-1.044,0.879,-1.199,-0.685,-0.237,0.843,1.299,-0.941,-0.511,-1.693,0.508,-2.546,-0.266,-0.24,0.658,0.212,0.016,0.403,-1.196,-0.716,-1.77,0
0.914,-0.358,1.339,0.416,-0.686,0.829,0.93,-0.651,-0.559,-1.142,-1.539,-1.188,-2.038,0.499,-1.094,-0.797,-0.065,-0.068,0.476,-1.489,0.334,-1.034,-1.04,-0.07,1.062,-0.47,0.614,2.089,0.825,0.437,1
0.148,-0.706,0.973,0.525,1.718,0.646,1.027,0.911,-0.797,0.228,0.071,0.472,2.1,-0.809,-1.1,-1.084,1.902,1.795,-0.587,0.018,1.223,-1.128,1.188,-0.743,0.259,-0.006,-0.668,0.464,-0.352,-0.865,0
-0.511,1.089,-1.686,0.691,-0.215,0.461,0.074,-0.713,2.216,-0.286,-1.188,-0.075,-2.515,1.315,0.278,0.102,-0.832,0.081,0.799,-1.664,2.398,0.872,1.076,1.635,-3.025,-0.176,0.678,-0.002,-1.244,1.418,1
-0.831,1.409,0.531,1.45,-0.843,-0.437,0.381,-0.177,0.236,0.497,-0.647,-0.325,-1.048,2.205,-1.685,-0.523,-0.693,-0.148,0.525,-0.533,-1.228,0.839,-0.317,-1.47,1.624,0.474,1.042,-0.625,0.27,0.786,0
-1.114,-1.235,0.346,1.332,0.564,-0.374,0.307,0.628,-0.509,-0.73,-0.164,-0.25,-0.637,-1.013,1.101,-1.514,-0.102,0.236,0.305,0.318,0.456,0.662,-1.537,0.455,0.243,1.983,-1.246,0.916,0.811,2.036,1
-0.241,0.679,-0.699,0.556,-0.267,-0.54,-0.673,-0.149,1.419,1.958,1.159,1.418,-0.362,-0.044,-0.108,-0.612,-0.255,-0.036,0.692,0.121,-1.685,0.2,1.871,-3.159,-0.193,0.851,-0.917,0.228,-0.252,-0.475,0
-0.372,-0.74,-0.343,0.679,-0.128,-1.095,0.448,1.15,-0.944,1.758,1.059,-0.871,0.119,0.761,0.13,-0.502,-0.263,0.563,-1.136,-1.505,-0.571,-1.001,0.587,1.063,0.476,-0.255,0.461,0.419,-0.823,1.942,1
-1.544,0.127,4.221,-1.94,-0.19,-0.441,0.365,-1.645,-0.598,-0.411,-0.903,0.339,0.068,-0.787,0.632,0.49,1.064,0.379,1.962,-0.721,0.723,0.595,-1.089,-0.5,-1.185,1.077,2.365,0.485,0.254,0.028,1
-1.154,-1.385,-0.053,0.632,1.942,0.757,1.54,-1.157,0.361,0.113,1.759,0.494,-0.568,0.154,1.039,-0.696,-0.609,-0.205,-0.032,-1.079,-3.361,0.407,2.322,-0.632,0.395,-0.979,0.569,0.103,0.899,-1.554,0
-2.11,-0.504,1.814,-1.22,-0.363,1.097,-0.647,-1.336,1.462,1.09,-0.354,-0.391,-1.42,0.289,-1.027,-1.483,0.927,1.019,1.805,-0.046,0.659,0.232,-0.446,1.494,0.718,-0.957,0.094,0.798,-0.607,1.627,1
-1.343,0.677,-0.323,-0.702,-1.486,-1.048,0.034,-1.003,0.019,-0.492,-0.497,0.743,0.668,-0.644,2.181,1.188,-1.517,-0.463,1.182,-1.438,1.53,-0.299,-0.878,0.189,0.053,-0.259,-1.274,0.349,-0.052,0.096,1
0.762,0.451,-0.225,0.943,-1.377,0.828,0.142,-0.643,1.233,0.281,0.314,-0.669,0.308,-0.467,0.492,0.046,-1.809,0.146,-0.877,-0.336,0.882,-0.365,-0.269,-0.981,0.768,-1.519,-0.202,-0.155,0.802,0.83,1
0.744,0.443,-1.388,-0.951,1.855,0.031,-1.414,0.508,1.233,1.173,0.434,0.306,0.161,-0.317,-1.206,-0.014,-0.175,0.454,1.203,0.883,-1.447,1.474,-0.704,-2.989,0.528,0.004,0.699,1.884,-1.223,-0.503,0
1.326,-0.39,-1.271,-0.111,-0.429,-0.122,-0.622,0.722,-1.305,0.479,0.653,-2.386,1.119,1.015,-0.365,-0.851,0.755,-0.915,0.311,-1.456,0.407,-0.636,-0.027,0.753,1.021,-0.686,-0.347,1.042,-1.146,0.502,0
0.351,0.206,0.483,-1.342,1.888,-2.707,0.839,0.879,-0.803,3.248,0.357,1.537,0.246,-0.868,0.7,1.199,-0.714,-0.052,2.221,-1.388,0.425,0.853,0.094,-1.04,0.704,-0.344,0.195,1.335,0.874,0.774,0
0.308,-1.593,-1.236,-2.246,0.696,0.389,-2.533,-0.364,0.877,-0.435,-1.171,-0.844,0.559,-1.549,-1.833,1.164,0.043,-0.181,1.572,0.512,0.21,-0.636,1.687,1.137,-1.456,0.751,1.648,0.971,-0.876,-2.107,0
0.229,-1.8,0.463,1.223,-2.71,0.66,-0.021,-0.384,0.495,0.19,0.99,-0.975,0.834,-1.224,1.628,-0.196,-0.798,0.164,1.708,1.002,2.019,0.786,-2.366,-0.851,-0.445,0.155,0.34,-0.502,-0.465,-0.934,1
1.289,-1.512,-0.026,-0.707,-2.125,-0.993,-0.683,0.974,-0.059,0.319,0.503,0.403,-0.208,0.805,-0.026,-1.115,-0.269,-1.049,0.055,-0.219,-0.282,-0.541,-0.528,-0.716,-1.002,1.993,-0.613,-1.478,-0.02,-1.284,0
0.136,-0.368,0.175,-1.018,-0.09,1.494,2.345,-0.307,-0.809,-0.258,-1.081,0.549,1.646,-1.105,0.128,-0.535,-0.132,-1.164,0.772,-0.182,-0.037,-0.621,-0.029,-2.16,-1.841,0.219,0.375,-1.849,-0.76,-0.417,1
1.378,0.867,-1.932,0.99,1.051,0.098,0.288,-0.367,1.203,0.453,-0.317,-0.313,0.636,0.251,-0.875,2.029,0.422,0.199,-1.124,-0.03,-0.047,-0.713,-0.907,0.183,-2.029,0.984,-0.148,-0.473,0.126,0.726,0
-1.834,1.172,0.273,0.532,0.416,0.115,1.137,0.253,0.522,1.509,-1.232,0.364,0.615,0.302,-0.09,0.421,1.073,2.868,-0.966,0.815,0.239,-1.366,-0.955,-1.484,-1.667,-1.666,-0.156,-1.121,1.215,1.06,1
0.523,-0.669,-0.148,0.026,-0.601,0.083,-1.35,0.304,0.787,-0.644,-1.218,0.244,-0.356,1.096,0.113,1.939,0.286,-0.692,2.168,-0.545,-0.161,0.899,1.7,0.238,0.9,0.491,0.833,1.281,-0.065,0.921,1
0.27,0.779,0.023,0.375,-0.755,-0.225,2.04,1.303,0.745,0.007,0.538,-1.142,-1.309,-1.823,3.405,-1.081,0.294,-1.066,0.35,1.723,-0.195,-0.363,0.358,0.696,1.051,1.176,-0.096,1.15,-0.646,-0.321,1
1.627,-2.293,-0.376,-1.043,0.086,1.196,-2.138,1.482,0.089,-0.071,0.515,0.66,-0.544,-2.066,0.702,-0.382,-1.059,-2.078,-0.349,-0.032,-0.91,1.544,-0.857,1.622,-1.333,-0.453,0.54,-0.877,1.721,-1.542,1
-0.922,-1.348,-1.072,-0.618,-1.653,0.873,-1.769,-0.718,0.885,1.237,-1.357,1.315,1.849,-0.608,0.449,0.193,-0.581,-0.22,-1.377,0.905,2.16,-0.396,-0.334,0.882,0.002,1.535,-1.002,-0.428,-0.32,0.332,1
0.106,-0.103,-0.517,0.685,-0.353,0.216,-1.845,-0.081,-0.782,0.288,-0.442,-0.082,-0.553,-0.985,0.433,-0.308,2.145,1.059,-1.558,0.107,-2.045,1.39,-0.366,0.885,0.448,0.052,-1.152,-0.368,-0.556,-0.211,1
1.148,1.256,0.931,-0.918,-0.393,0.789,0.116,-0.076,-1.419,0.326,-0.486,0.432,0.45,1.176,-1.734,-1.19,-1.318,1.281,0.029,0.131,-0.158,-0.124,0.031,-0.759,-0.867,-0.042,-0.207,-0.102,-0.489,-1.286,1
0.955,0.127,1.31,1.298,-1.157,-1.035,0.527,-0.575,1.308,-0.382,0.713,0.527,0.296,0.284,-0.345,0.973,1.065,1.957,0.615,0.731,-0.435,-0.647,-1.163,1.605,-0.067,0.299,0.84,2.149,0.176,-0.992,1
-1.259,0.332,2.528,-1.558,1.367,0.108,-0.942,-1.241,0.515,0.185,-1.316,2.13,0.936,-0.094,1.34,0.815,1.336,-1.431,0.662,0.313,-1.491,-0.575,0.762,1.191,1.297,-0.443,-0.745,-0.984,-1.634,-0.996,1
-0.768,-0.215,-0.983,0.366,-0.358,0.178,-0.041,-1.155,-0.143,2.615,-1.175,0.524,-0.487,-0.275,-0.94,1.638,0.763,1.415,-0.104,0.665,0.434,-0.962,-0.055,-0.339,0.467,-0.68,1.789,-0.711,-1.092,0.498,0
1.078,-0.035,1.032,-0.381,0.569,-1.098,0.102,-0.592,-1.131,-0.432,-0.045,0.556,-2.866,-0.169,-1.044,-0.033,0.68,-1.224,0.802,-1.631,0.362,-0.497,-0.108,0.442,-0.016,0.389,-0.077,0.767,0.197,0.242,0
2.735,0.743,0.465,-0.371,-1.319,0.138,1.046,-0.827,-0.751,-0.579,-0.179,-0.332,-0.824,-1.767,-0.682,0.066,0.37,0.155,-0.517,0.18,0.13,0.944,0.143,0.089,0.05,-0.556,0.628,1.493,0.876,-0.097,1
0.054,-0.486,0.819,1.132,0.133,0.35,-0.139,1.136,0.395,-0.961,0.375,-0.979,-0.856,0.117,0.187,0.238,-2.512,1.3,1.793,-0.967,-0.0,-0.845,0.615,3.314,-0.334,0.827,1.909,1.105,-0.337,-0.101,1
-0.032,0.673,0.778,-1.285,1.602,-0.231,-0.106,-0.15,-0.434,0.223,-1.498,0.032,-0.863,0.211,-0.654,-0.034,1.241,-1.253,0.888,-0.37,1.062,0.771,-2.61,-2.215,-2.383,1.062,0.344,1.341,1.163,-1.367,0
0.972,1.515,-0.566,1.01,0.728,-0.422,-0.396,-1.897,1.224,-1.71,0.748,0.444,1.435,2.68,-0.601,1.041,1.282,-0.606,-1.378,-0.161,-0.12,0.917,-0.106,-0.678,-0.644,0.636,1.546,0.614,-0.767,-0.837,1
-1.093,-1.018,0.471,-0.654,1.081,1.937,-0.822,-1.733,1.379,0.271,-0.683,-0.328,-0.554,-1.21,1.48,-0.996,0.3,-0.063,-1.508,-0.631,0.158,1.918,-1.022,-0.8,1.61,-0.396,-0.937,1.244,0.64,0.59,1
-1.131,-0.829,-0.393,0.717,1.516,1.226,1.851,-3.453,-0.142,0.091,0.611,0.181,0.727,-1.362,0.974,0.701,-0.664,-0.968,-0.541,0.318,-0.209,-1.003,0.367,0.899,0.045,0.337,0.659,-1.214,-0.048,-0.764,1
0.098,-0.727,-0.306,-0.622,1.666,1.758,-1.238,2.378,1.559,0.987,0.155,0.606,-0.768,0.004,-0.838,-0.138,-0.536,-1.201,0.377,-1.15,0.689,1.044,-0.486,-0.932,0.463,1.764,0.038,-0.66,-0.099,1.028,1
1.282,-1.007,0.012,1.437,1.843,0.907,-0.96,0.233,-0.008,0.264,-1.679,-0.473,-0.281,-0.913,-0.157,-0.346,-0.02,0.424,-0.947,-0.269,1.426,-1.255,1.936,-0.83,-0.711,-0.186,0.382,0.028,-1.806,0.55,0
-1.627,-0.684,2.01,1.617,-0.609,-1.764,1.31,-0.616,0.107,-1.474,0.625,-0.029,-0.472,0.57,-1.578,-0.485,0.279,0.941,0.765,-0.288,0.835,-1.039,-0.441,-0.414,-0.447,-0.067,0.158,0.424,-1.175,1.446,1
0.289,-0.575,-0.486,-0.417,0.209,-0.155,-1.075,-0.656,-0.538,-0.339,-0.274,1.491,0.856,0.635,0.276,0.424,-1.781,-0.247,-0.613,-0.907,1.279,0.562,0.751,-0.338,0.484,-2.381,-1.034,2.163,-0.178,0.561,1
0.629,0.722,-0.279,-0.99,-1.981,0.04,-0.628,-0.921,-0.288,-1.054,-1.597,-0.153,0.231,1.007,0.121,0.537,-0.808,1.769,0.179,0.516,-0.463,-0.634,-0.145,0.195,0.509,0.993,0.588,-0.438,0.538,-0.858,1
1.194,-1.781,-0.78,1.314,1.682,-0.889,-1.638,0.77,-0.443,0.674,0.532,-0.979,0.066,0.05,0.071,2.525,0.458,-1.711,0.532,0.483,0.388,-1.458,-0.278,0.522,0.218,-0.751,0.884,-0.081,-0.885,-0.253,0
2.236,0.002,-0.547,-0.913,0.75,1.18,-1.152,0.981,0.32,-1.238,-0.573,-1.185,-1.429,-0.035,0.551,0.495,-2.627,0.794,0.061,0.093,-0.445,-0.11,-0.6,-0.591,-0.878,-0.228,-0.61,-0.881,0.208,-1.247,0
0.95,-0.177,-0.684,-0.465,0.665,-0.414,-0.323,0.03,-0.313,-0.138,0.34,2.008,-1.363,-2.525,1.736,-1.021,-0.005,1.084,-1.267,-0.535,-0.098,1.069,-0.863,-0.152,0.275,-0.782,-0.119,0.312,-1.39,-0.119,1
-0.507,-0.95,0.782,0.226,2.272,-0.654,0.936,-1.941,-1.532,0.735,-2.048,-0.78,0.727,0.239,0.74,1.561,0.594,0.289,0.645,-0.756,0.381,-0.011,1.315,0.046,0.898,-0.793,-0.589,1.54,1.088,-0.07,1
0.186,-0.12,-1.922,-1.09,1.435,0.82,0.128,0.095,1.858,-1.4,-0.162,-1.138,0.234,-1.085,0.482,0.839,-0.077,1.766,0.596,-1.292,-1.022,-1.125,0.834,0.979,1.407,0.73,0.462,-0.109,1.856,-2.215,0
0.93,1.647,1.38,0.738,-1.567,-0.059,-1.146,0.626,-0.137,-0.745,0.86,1.565,1.338,-0.006,0.04,-0.181,-0.816,0.569,-1.383,1.082,-1.484,-1.718,-0.247,0.75,-1.168,0.404,1.292,-0.863,-0.44,1.194,1
0.699,1.327,-1.117,0.07,0.628,1.861,-0.198,1.876,0.839,-0.148,-1.315,-0.021,-1.323,-0.343,0.121,1.816,0.353,0.715,-0.485,1.585,1.56,-0.769,0.543,-1.176,1.563,-1.474,0.263,0.0,0.119,-1.287,1
1.247,-1.387,0.428,0.844,-0.695,1.71,-0.304,0.684,0.812,-2.346,0.637,0.974,-0.281,0.75,0.73,0.076,2.508,1.259,0.23,0.13,-0.967,0.428,-1.285,0.293,-1.028,-0.686,0.106,-0.143,0.59,0.167,0
1.384,-1.271,-0.419,-1.662,-0.052,-0.078,-1.06,0.823,-0.855,0.794,-1.172,0.407,-0.617,-0.614,1.087,0.617,0.285,1.325,-1.253,-0.105,-0.255,-0.297,-1.307,0.97,-0.05,2.744,1.196,-0.619,-0.379,2.063,1
-0.3,-0.532,0.562,-2.105,0.381,0.034,-0.475,-0.26,0.91,0.871,2.027,-2.179,-0.145,0.857,-1.06,-0.474,0.835,0.552,0.988,0.247,-1.39,0.788,0.262,0.324,-0.007,-0.661,1.01,1.578,0.367,0.928,0
0.339,-0.263,-0.808,0.059,-0.466,-0.886,-0.355,-0.281,0.119,-1.608,-0.053,-0.755,1.125,0.215,1.161,1.479,-0.246,0.762,-0.189,0.062,0.268,0.605,0.013,-0.197,1.645,1.339,1.27,-0.458,0.637,0.344,0
-0.447,-0.734,0.128,-0.102,-0.44,-0.325,-0.768,-1.376,-0.265,1.159,1.136,-0.3,0.387,0.18,1.279,-0.836,-1.292,-0.019,0.021,-0.288,-0.564,-0.144,-0.509,1.454,-0.501,2.199,-2.401,-0.919,-1.179,-0.585,0
-0.086,1.676,0.133,-0.711,0.634,-0.107,-1.649,-0.084,1.75,-1.923,-0.311,-2.892,1.838,0.471,-1.315,-0.243,-0.715,-0.27,-0.862,-0.507,0.905,-0.408,-1.237,-1.54,-0.352,0.338,-1.306,0.067,0.445,-1.74,1
-0.161,-1.463,-0.29,0.499,0.069,0.453,-1.793,0.458,0.391,-0.289,0.891,-2.61,0.596,0.074,-0.873,0.549,-2.417,-0.865,-1.046,0.883,0.52,-0.194,-0.029,2.343,0.304,0.12,0.63,0.308,-0.333,0.206,1
0.624,-0.571,-0.952,-1.156,-0.778,0.683,-1.413,0.94,0.366,1.412,-0.841,1.562,0.945,-1.377,-0.42,0.107,1.151,0.816,-0.325,2.626,0.709,-1.099,0.35,-0.474,0.424,-1.157,1.454,-1.022,0.567,-1.198,0
-0.08,0.541,-0.457,-1.178,2.061,1.097,0.419,-1.667,0.016,-0.021,-0.558,-0.707,-1.14,-0.686,-1.089,-0.048,1.731,0.127,0.624,0.965,1.82,-0.213,0.293,1.152,-1.093,-0.016,-0.833,-0.91,0.16,0.421,0
0.542,-0.984,-1.433,1.975,0.634,-0.462,-0.009,-0.334,1.002,0.263,-0.461,0.862,-0.029,0.548,0.73,-0.059,0.809,-0.001,-0.933,0.761,1.569,0.64,-0.684,0.077,-0.353,0.139,-2.051,1.013,0.411,-0.945,1
-0.17,-0.559,-1.722,-0.535,0.098,-0.027,0.311,2.028,-0.565,0.386,-0.092,0.96,-0.719,-2.075,-0.226,1.547,1.799,2.069,0.65,-0.84,0.763,-0.531,0.997,0.147,-0.979,0.288,1.5,1.734,-0.219,-0.485,0
-0.57,1.22,-0.07,-0.211,-0.367,0.477,-0.198,-0.052,-0.47,-0.387,0.353,0.509,-0.575,-0.194,1.098,-0.685,-0.855,-0.122,-0.439,-0.824,0.1,0.365,0.974,-0.867,-1.2,0.009,0.389,-0.07,-0.295,0.358,1
1.41,-1.046,0.799,1.585,-1.157,-0.063,-1.683,-0.123,-1.37,1.197,0.386,-1.137,-0.213,-0.792,1.784,-1.439,-0.34,-0.899,0.81,0.018,1.562,0.698,1.526,-0.265,0.326,0.807,-1.892,0.954,1.692,-1.348,0
0.646,3.191,-0.601,1.291,-0.45,0.82,0.278,0.496,-1.706,0.664,1.257,0.194,0.486,-0.512,1.834,0.376,0.427,-0.862,0.435,-0.325,-2.714,2.005,0.676,0.489,-0.211,-0.687,0.847,-3.022,-0.79,-1.524,0
0.156,0.268,0.139,-0.748,2.052,-1.026,-1.121,0.426,0.729,0.852,-0.628,0.72,0.931,0.416,1.997,0.852,0.768,0.096,0.533,0.475,2.434,-0.19,-1.307,0.211,-0.167,0.247,0.102,1.508,0.216,-0.935,1
-0.552,0.511,1.254,-0.013,1.604,-0.625,-1.351,1.021,-0.65,0.647,0.433,0.105,-0.031,0.574,-0.106,1.253,-0.385,-1.324,-1.297,2.138,-0.101,0.661,0.364,0.419,-0.274,-1.409,1.094,1.216,1.222,-0.332,0
-1.788,0.126,0.144,-0.504,0.091,-0.687,-2.286,2.759,0.57,-0.065,1.49,0.165,0.413,-0.638,-0.585,0.651,-0.826,0.683,0.371,-1.318,0.788,-1.584,0.808,-1.091,1.002,-0.757,-0.187,1.276,0.312,1.399,1
-0.285,0.392,0.554,-0.251,0.533,1.41,-0.563,0.311,2.049,0.231,-1.037,1.064,1.567,-0.057,0.088,-0.569,-0.414,-1.148,-0.962,0.659,0.098,1.571,1.171,-0.733,2.351,-0.391,-2.539,-0.803,-0.477,0.994,1
1.634,0.649,1.126,-0.277,0.409,0.475,1.322,0.65,-0.93,1.454,0.166,1.701,0.232,-1.101,-1.437,-1.623,0.204,0.364,1.548,-1.265,1.336,-0.017,-0.732,-0.674,-1.766,-0.187,-0.193,-1.073,-1.355,-1.198,0
0.679,-1.826,-0.508,1.537,0.586,-1.533,-1.144,-1.033,0.245,0.511,0.995,-0.273,0.159,1.502,-0.734,-0.092,0.665,0.115,-1.186,1.193,0.29,0.512,-0.205,0.536,1.384,0.568,-1.123,0.467,-0.673,-0.953,0
1.503,0.485,-0.316,0.709,0.968,-0.694,0.299,-0.772,-2.042,2.212,-0.628,0.404,-1.756,-0.813,-0.44,-0.083,1.484,-0.392,-0.895,0.488,-0.065,1.759,-0.544,-0.175,0.775,2.158,-0.59,0.148,0.561,-0.237,0
0.322,0.313,-1.449,0.265,-0.173,-0.73,1.41,0.118,-0.927,-0.848,-0.754,-0.34,-0.449,-1.078,0.398,0.025,-2.178,-0.099,0.765,-0.807,0.261,1.337,0.468,0.116,-1.375,1.125,1.645,-1.457,-0.374,0.072,1
-0.092,-0.702,0.373,0.107,-0.467,1.391,-0.809,-0.037,-0.774,1.827,-2.087,0.475,0.68,-0.424,0.148,0.904,-0.309,-1.406,0.882,0.085,0.811,1.497,0.826,-1.719,0.963,-1.061,-1.434,0.778,0.39,0.722,1
0.655,0.94,1.141,-0.526,-0.54,-0.727,-0.104,-0.856,-1.069,0.726,-0.705,-0.245,0.091,-1.063,1.221,-1.014,-1.059,-0.601,0.284,0.003,-0.134,-0.627,-1.577,0.705,0.111,2.063,-1.431,0.844,-0.642,0.084,1
-0.352,0.161,-0.535,0.057,1.354,-0.18,1.157,0.327,0.967,0.166,-1.028,-0.868,-0.53,-0.533,1.166,1.641,2.258,0.735,0.91,-1.507,-1.316,-0.228,-2.189,-0.027,-0.464,-0.106,0.232,1.18,-1.168,0.484,1
-1.731,-0.83,1.277,1.539,1.736,0.661,0.386,-2.396,-0.858,1.678,0.786,0.203,-0.626,1.255,-0.686,0.869,2.166,1.263,-0.713,0.455,-0.051,0.07,-0.015,0.945,-0.423,0.619,-1.438,-0.391,0.939,-0.303,1
1.014,0.845,-0.206,-0.977,-0.394,0.544,1.074,1.133,-0.342,-0.129,1.845,-0.316,-1.233,1.36,0.745,-1.048,0.16,-0.022,-0.03,-0.047,0.47,1.953,1.064,0.619,-0.922,-1.364,0.058,0.011,0.372,1.359,1
1.859,-0.83,-0.103,-0.523,-0.259,-0.976,2.553,-0.165,0.458,-0.066,-0.312,0.592,-1.226,-0.011,-0.335,-0.453,0.138,0.051,1.821,0.645,0.731,0.723,-0.584,-0.559,0.79,0.145,-0.152,-2.437,-0.152,-0.982,1
0.896,-0.925,-0.089,-0.889,-0.784,-0.83,-0.992,-1.113,0.663,-1.722,1.147,0.764,0.226,-1.93,-0.128,-0.679,-0.604,0.496,0.243,0.045,-0.276,-0.566,0.106,-1.202,-0.144,-0.122,1.49,0.833,-0.258,0.613,1
-0.088,-0.623,0.231,-0.054,0.29,-0.752,-1.382,-1.466,0.015,-0.34,1.136,-0.857,1.776,-0.23,-0.71,-1.137,0.477,-0.038,-1.623,-0.589,-0.352,-0.398,-1.61,-0.845,-0.873,1.563,1.056,-1.581,1.299,-0.24,1
0.255,-0.042,-1.741,-0.129,0.808,0.428,-0.984,2.393,0.178,-1.065,0.895,0.44,0.042,2.951,0.284,-1.303,-1.366,-0.65,0.091,-0.588,-1.543,-0.49,1.526,0.101,0.727,-0.512,0.058,1.117,-1.157,-0.636,0
-0.312,-0.405,0.199,0.773,-0.304,0.142,-0.561,-0.944,-0.011,2.123,0.069,0.417,-0.25,-0.545,-0.976,-1.202,0.6,-0.882,0.607,-0.335,-0.441,0.875,1.03,0.142,0.26,-1.064,-2.334,-0.495,0.697,0.185,1
-1.737,-1.474,-0.296,-1.294,1.33,0.157,0.719,-0.411,-0.185,0.202,1.068,1.447,0.414,0.405,1.391,-0.528,0.823,1.256,0.561,-0.108,-0.189,-0.963,0.829,0.015,-0.578,1.478,-1.354,0.023,0.653,-0.109,0
0.965,1.578,1.207,0.611,-0.04,-0.655,1.012,-0.435,-1.359,0.94,-1.317,1.503,0.076,-2.172,-0.49,-0.254,-0.471,-1.14,1.124,0.577,-0.742,0.571,-0.601,-2.044,-0.164,-1.788,-0.4,-0.021,-0.309,-0.724,0
-0.232,-0.071,-1.049,-0.425,0.059,-0.347,0.722,-0.146,0.067,-1.312,0.364,-0.898,0.26,0.945,1.08,1.208,-1.257,0.056,1.527,1.659,-0.811,-1.864,0.768,-0.543,-1.064,0.004,-0.47,-1.374,0.929,0.577,0
0.233,0.9,0.251,-0.043,-1.428,-1.171,0.477,2.99,-1.209,-1.953,0.238,0.259,-0.026,0.005,0.277,-1.019,-0.546,1.367,0.294,-0.022,0.753,0.685,-0.454,1.743,-0.169,-1.416,0.58,0.077,-1.18,-0.367,1
-0.776,-2.02,0.562,1.267,-1.021,1.352,0.539,-0.054,1.081,0.485,-1.711,-1.204,-0.516,-2.508,-0.737,-1.235,0.883,0.074,-2.223,-1.821,0.59,-1.788,-0.165,0.16,0.354,-1.77,-0.323,1.258,-1.28,0.933,1
-0.556,-1.334,-0.317,0.254,-0.284,-0.644,0.183,1.563,1.382,0.977,0.693,0.272,1.222,-0.131,0.674,0.465,0.136,0.177,0.682,1.028,-0.103,0.005,-1.549,0.191,-1.245,0.818,-0.405,-0.979,-0.789,1.884,1
-0.756,0.44,-0.633,-0.029,0.319,-0.683,-0.61,-0.272,-1.492,-0.206,-1.488,-0.815,-0.965,0.104,0.469,-0.589,0.757,-0.646,-1.257,-1.573,-0.011,-1.809,-0.368,-1.698,-0.675,0.049,-0.448,0.769,0.821,0.223,0
0.948,-0.427,0.901,0.122,-1.011,0.491,-0.379,-0.469,-1.061,0.2,-0.318,-0.783,0.986,1.144,0.31,0.935,0.306,0.16,-1.644,-0.972,-1.229,0.24,0.159,-0.795,-0.022,0.679,-0.989,-1.044,-0.899,-0.173,1
1.078,0.303,-1.204,-1.121,-0.362,0.375,-0.522,-1.383,-0.331,-0.557,0.349,-1.523,0.169,1.097,-0.379,-1.665,-1.297,0.398,0.32,0.564,-0.801,-1.059,0.044,0.443,2.099,0.947,-0.465,1.837,-0.609,0.494,0
0.647,-0.937,-0.643,0.934,-2.715,-1.647,-0.122,0.275,0.628,-0.473,0.546,1.313,1.824,0.131,-0.229,0.221,1.724,0.736,1.331,0.436,0.077,-1.851,-0.284,1.616,0.597,0.165,0.118,-0.151,-0.894,-0.775,0
0.941,0.869,-0.071,1.358,2.476,1.47,-0.972,-0.792,-1.245,0.927,-1.585,0.361,1.093,0.375,0.015,-0.662,2.299,-1.912,-0.733,-1.141,0.609,0.239,0.766,-0.209,0.746,1.465,-0.339,-0.04,0.922,0.922,0
-2.442,0.37,-0.164,0.507,1.159,0.316,-0.688,0.966,2.114,0.12,-0.522,-1.615,0.88,2.253,-1.688,-1.374,0.444,1.148,-0.601,-1.533,-1.286,1.397,0.252,-0.237,0.467,-0.243,0.078,-0.135,-0.375,0.264,0
-0.719,-1.208,0.563,-1.205,0.545,0.636,0.232,-0.827,-1.211,-1.968,1.677,0.485,-1.333,-1.172,1.157,-1.362,-0.165,-1.408,0.139,-0.384,-0.432,-1.359,0.082,-0.339,-0.58,0.082,1.49,-0.544,1.978,-1.429,0
1.978,1.383,0.324,0.715,1.722,1.101,0.937,0.81,1.039,-0.817,0.345,-0.63,0.518,0.959,0.594,1.657,1.676,-0.078,-0.628,0.066,-0.221,-0.129,0.117,-0.063,-0.005,0.123,0.515,2.078,0.25,0.495,0
-0.256,0.344,1.394,-0.565,-2.229,-0.15,-0.745,1.302,-0.351,-0.275,1.256,-0.049,1.101,-2.174,-0.744,-0.288,0.654,1.06,0.222,-0.681,0.689,0.101,-0.381,0.618,0.361,1.469,-0.577,-0.262,-0.349,-0.243,1
1.222,-0.595,0.557,-1.006,0.332,1.644,1.192,0.749,0.935,0.969,0.123,-0.209,0.091,-1.643,-0.323,-2.351,-0.099,1.752,1.38,0.507,0.521,1.582,-1.49,1.281,0.162,0.319,-2.229,-0.057,-1.524,0.669,1
0.253,-0.234,-1.789,0.867,-0.514,1.343,-1.03,1.975,0.761,-0.536,0.067,2.018,0.277,0.711,0.902,-0.431,0.419,-0.64,0.164,1.523,0.849,0.589,-0.73,-1.112,0.652,0.179,0.018,-1.543,0.301,0.846,1
0.328,0.339,2.267,0.417,-0.466,0.128,-0.727,-0.368,-0.595,0.224,-1.149,0.603,-0.161,0.384,-1.472,1.049,0.655,-1.025,1.353,-1.646,-0.783,-0.926,0.197,0.303,-0.049,-0.1,1.219,-0.336,-1.095,-0.224,1
-0.466,0.535,0.124,2.153,-1.007,-0.613,-0.3,-1.399,0.697,-0.468,-1.425,0.02,2.115,-0.425,0.131,0.858,2.439,-0.014,0.864,-0.895,1.33,-1.141,-0.493,-0.046,1.593,-0.415,-1.102,0.069,-0.813,2.245,1
0.11,-0.078,-0.921,1.106,-1.825,-1.018,1.918,-1.108,-0.433,-1.666,1.04,0.635,0.854,0.679,-0.945,0.023,1.472,-0.041,0.13,0.604,-0.099,0.52,0.356,0.749,1.323,-1.038,0.059,0.176,0.029,-1.652,1
0.432,-0.074,0.298,0.024,-0.279,-1.117,0.26,1.03,-0.189,0.618,-1.441,-0.168,-1.869,1.291,1.63,2.034,0.666,0.521,0.632,-2.061,0.139,0.229,1.161,-0.443,-1.194,-1.03,1.044,-1.288,0.421,1.364,1
0.66,-1.05,1.086,0.305,-0.124,-0.653,-1.305,-2.227,-0.606,0.519,-0.11,-0.557,-1.004,0.904,-0.796,-0.483,-0.028,-0.998,0.449,0.26,1.362,-0.755,0.169,0.852,-0.678,0.505,-0.774,0.937,1.386,-1.184,0
-0.151,-0.55,-1.781,-1.73,0.003,1.313,0.176,0.728,1.15,0.194,1.084,0.886,-0.58,0.459,1.077,0.913,-1.158,-0.48,-0.644,-0.036,0.845,-0.166,-0.981,-0.506,-0.988,-0.015,0.207,0.015,-1.182,-1.277,0
-1.039,-1.217,-0.815,0.511,2.068,0.593,0.433,1.379,1.159,-0.044,1.31,0.274,-1.112,-0.712,0.506,-0.838,0.444,-1.168,-0.542,-2.541,0.027,0.308,0.503,-0.301,0.906,0.419,-1.357,-0.949,-0.383,0.443,1
-1.772,-0.666,1.199,0.82,1.02,0.294,0.466,-0.737,-1.166,0.903,0.948,0.18,0.556,0.046,-0.452,-1.54,-0.414,0.311,-0.613,-1.606,0.119,-0.124,0.055,-0.416,2.154,-0.441,0.413,0.766,-0.608,-0.792,1
-0.229,0.461,-0.433,2.04,1.307,0.136,-1.951,-2.078,1.029,0.045,-1.379,1.167,-2.334,0.814,1.497,-0.736,-0.704,0.269,-1.375,-0.388,-0.561,0.739,1.949,0.627,0.358,1.752,2.27,-0.431,0.861,1.584,1
0.905,1.009,0.789,0.57,0.069,-0.574,0.919,0.756,1.014,-0.688,1.324,-0.475,-1.65,-1.234,-0.519,0.244,0.415,1.192,0.16,0.925,-0.922,0.494,-0.44,0.189,-0.261,1.428,0.589,0.535,0.958,0.755,1
-0.577,-1.647,1.048,2.137,-1.174,-0.432,1.604,0.111,-0.683,-0.404,-0.302,0.554,-0.858,-1.018,1.661,-1.614,-0.555,-0.206,-0.252,-3.071,0.423,-0.602,-0.483,0.334,0.97,-0.077,-0.98,-0.878,-0.297,0.027,0
0.742,0.777,-0.842,-0.969,1.198,-1.625,-0.772,-2.02,-0.366,0.123,0.727,0.3,-1.485,0.042,-1.932,0.607,0.132,-1.005,0.125,0.55,0.327,-0.036,0.36,0.471,0.039,0.737,1.153,-0.349,-2.929,-0.455,0
-0.171,0.287,-0.302,1.874,1.996,1.226,1.257,0.938,0.275,-0.032,-0.595,1.256,-0.091,0.476,1.202,-1.047,1.079,0.899,-0.912,0.362,0.784,0.793,1.002,-0.953,0.164,1.032,0.358,0.012,0.824,-0.7,1
0.133,0.685,0.576,-0.022,1.908,1.463,-0.605,0.189,0.964,-1.657,1.251,0.714,0.639,-0.776,-0.441,-0.292,0.406,-0.729,-0.264,0.063,0.122,0.236,-0.256,0.232,1.103,0.849,-1.684,0.051,-0.202,0.162,1
-0.722,-1.067,-1.231,0.265,1.299,2.189,-0.801,0.725,1.027,-1.589,-0.212,-0.906,-1.509,0.859,-0.326,1.244,-0.471,0.01,-0.48,-0.155,-0.478,-0.14,0.007,2.189,0.83,0.467,0.625,-0.22,0.095,-1.401,1
0.827,-0.863,-0.067,-1.052,0.122,-1.389,0.094,-0.276,0.408,-0.746,-0.414,-1.339,-1.435,1.771,1.297,-1.035,0.52,-1.681,0.998,0.609,-0.29,-0.614,-1.303,0.495,0.675,1.477,-1.347,-0.162,1.092,-0.196,0
-0.783,-0.252,0.387,2.036,1.063,-0.336,0.364,0.492,-0.564,-0.285,0.81,-0.282,0.129,1.065,-0.254,-0.57,-0.966,-1.019,-0.835,-0.396,-1.121,1.015,0.218,0.266,0.922,0.593,1.265,0.426,-0.604,0.507,1
1.296,0.865,0.19,0.724,1.054,-0.505,-0.676,-0.696,0.184,-0.99,-1.049,-1.523,0.925,-0.3,-0.542,-0.915,0.846,-0.108,-0.873,-0.108,1.426,0.726,0.807,-0.778,-1.106,0.179,0.519,-0.206,-1.39,-2.833,0
-1.075,-1.238,-0.401,1.438,0.055,0.31,0.154,1.209,-0.785,0.247,0.292,0.457,-1.469,1.467,0.652,1.557,1.176,0.394,0.113,0.604,0.036,-0.093,-1.29,-0.206,-1.131,-1.012,1.149,-1.806,0.696,-0.561,0
0.09,-0.885,-0.334,-0.399,-0.27,0.318,-1.321,-0.065,2.478,0.284,0.411,-0.392,-0.859,1.2,-2.141,-1.336,-0.865,0.139,-1.832,0.153,-1.623,0.657,0.73,0.324,-0.72,0.564,0.248,-0.157,0.321,1.139,0
-0.606,-0.797,2.207,0.921,-0.135,0.478,0.865,-1.361,-1.794,1.262,0.054,0.031,0.052,0.76,1.706,-0.462,1.222,-1.024,-0.3,1.438,0.609,-0.034,-2.348,1.263,2.133,0.279,0.647,0.739,-0.452,-0.746,1
-0.346,-0.222,3.065,0.313,-0.835,-0.641,-0.984,-1.166,-1.379,-0.548,0.524,2.313,-2.417,0.714,-1.586,1.155,0.342,-0.334,-0.735,-0.317,-0.606,0.975,-0.158,-0.167,0.946,0.51,-0.567,0.662,2.418,0.227,1
1.237,0.102,0.551,-1.116,-0.275,2.337,0.821,-0.374,1.25,-0.907,0.708,1.247,0.229,-0.442,0.947,0.018,-0.763,-0.706,0.856,-0.027,0.762,1.843,-0.573,-0.667,-0.548,0.073,1.584,0.451,-1.884,1.928,1
1.721,-0.013,1.08,1.517,-0.702,-0.47,-2.0,-0.629,-0.097,-1.186,0.47,1.558,1.239,0.135,0.949,-0.27,0.14,0.363,0.601,-0.722,0.125,0.456,0.741,1.539,-0.112,-1.23,-0.603,-0.603,0.101,2.049,1
-0.007,-1.06,-0.711,-0.795,2.241,1.054,1.377,-0.068,0.039,0.634,-0.559,-0.339,0.235,-0.371,-1.252,0.426,-0.051,-0.522,1.055,0.389,0.569,-0.466,0.522,0.506,-0.471,-0.462,-0.282,3.075,-0.421,1.838,1
-0.743,0.104,1.328,-0.461,-1.286,0.562,0.945,-0.016,0.119,-0.761,-0.424,0.578,0.016,0.593,0.759,0.317,-0.29,-1.691,1.655,1.99,0.983,0.876,0.033,-1.107,-1.611,1.582,-1.001,2.409,0.497,-0.589,0
-1.233,-0.933,0.692,2.979,-1.201,-0.541,0.916,-0.994,-0.946,2.026,-0.081,2.118,2.457,1.308,-0.409,1.52,0.24,-0.077,0.2,-0.583,1.754,0.364,-0.854,1.334,1.11,-1.296,-0.267,-0.115,0.536,0.849,1
-0.646,-1.617,-0.36,-0.298,-0.079,0.002,0.815,-0.86,0.591,-0.157,0.258,0.553,0.005,0.565,-1.815,0.109,0.915,1.12,1.051,-0.002,-0.566,0.638,0.452,-0.763,1.317,-0.623,-1.756,1.649,-0.502,-0.746,1
1.307,0.434,-0.333,-0.16,-1.826,0.795,0.002,-1.085,0.055,0.258,0.269,-0.247,-1.104,1.271,-0.62,-0.256,0.787,0.992,1.146,-0.925,0.046,0.125,-0.481,0.084,-0.483,-0.685,0.17,1.177,0.275,-0.976,0
0.259,0.243,1.64,0.571,-0.619,0.92,0.219,0.695,1.232,-0.324,0.843,-1.139,1.975,-0.855,0.415,-0.665,-2.227,0.215,0.195,2.046,0.483,0.216,0.219,0.072,-0.471,-1.663,-0.798,1.19,1.315,-0.873,0
0.406,0.338,1.568,1.082,-0.327,0.217,0.838,-0.75,0.697,0.618,1.142,-0.486,0.597,-1.104,-0.247,-0.32,0.729,-0.945,0.422,-1.606,-0.358,-0.459,1.57,2.121,0.403,0.127,0.264,0.716,-0.814,-0.098,1
-0.678,-0.207,-1.563,-0.919,-1.344,2.045,1.122,-0.455,-0.26,-0.015,-0.224,-0.077,-1.576,0.347,-0.398,3.046,-1.381,-1.579,1.14,-0.175,-0.431,-0.539,-0.153,-1.056,-0.426,-1.075,-2.623,1.257,-0.465,-1.177,0
-1.957,-0.469,0.886,-2.314,-1.946,-0.24,-0.265,0.028,-0.857,0.354,0.171,-0.786,-0.18,0.296,0.448,0.579,-0.517,0.148,0.227,0.41,-0.252,1.982,1.145,-1.139,0.993,-0.732,-1.653,-1.464,0.097,-1.241,1
0.274,0.637,-0.992,-0.68,-2.228,2.206,-0.481,-0.037,-0.392,-1.032,-0.838,-0.452,-0.659,-0.55,1.81,1.814,-0.101,0.712,1.239,1.538,0.453,-0.265,0.594,0.504,-1.31,2.129,-1.152,1.067,0.259,0.281,1
1.508,0.237,0.292,-0.294,-0.333,0.219,-0.336,-0.33,-1.08,-0.559,0.249,1.548,0.953,0.019,1.696,-0.435,-1.282,-0.57,2.023,1.944,1.204,-1.58,-0.953,-0.719,-0.763,0.489,-1.351,0.215,-1.51,0.484,1
0.163,-0.114,-0.343,-0.541,-0.271,1.504,0.831,-0.119,-1.11,0.602,0.737,1.229,-0.793,0.066,1.0,-0.375,-0.728,0.837,-0.223,-1.046,-1.623,-0.876,0.144,-1.182,0.571,-0.582,-0.234,-0.711,0.159,0.058,1
-1.235,-0.216,0.763,1.867,1.958,0.846,0.364,0.33,-0.57,-0.015,-1.148,1.113,-0.08,0.214,0.24,-1.374,-0.141,0.072,-1.318,-0.098,-0.536,0.128,-0.6,-0.021,-1.189,0.681,-0.777,0.613,0.47,-0.145,1
-0.446,-0.382,-1.965,0.447,-1.709,0.463,-0.69,-1.134,0.774,-0.601,0.377,-0.998,0.549,2.12,1.273,1.813,-0.087,0.137,-0.255,-0.312,1.078,0.296,-0.212,-0.02,0.329,0.2,-1.094,0.728,1.051,-1.737,0
-0.19,0.801,0.384,2.909,-1.05,0.395,-0.716,0.278,0.991,0.968,0.134,0.213,-1.246,0.51,-0.82,-1.763,-1.39,0.823,1.262,-1.369,-0.908,2.059,-1.301,0.303,-0.368,-1.571,0.157,-0.514,1.018,0.932,1
0.628,0.037,0.786,-0.568,1.144,-0.3,1.309,-0.813,-1.302,1.292,1.019,0.002,-0.648,-1.108,0.072,1.406,-1.622,-1.223,0.35,0.059,-0.555,0.053,0.273,-1.583,0.246,0.718,0.168,-0.155,0.124,-1.1,1
-2.479,-1.127,1.546,-0.882,-2.734,-0.028,-0.28,-0.788,-0.01,1.335,0.456,0.049,-1.067,0.251,-1.22,-0.031,-0.111,-0.015,-0.571,0.637,0.035,0.53,1.001,-1.431,-0.114,-0.532,0.016,-0.402,0.155,1.487,0
0.088,0.687,-0.751,0.926,-1.128,0.227,1.156,-0.986,1.383,1.174,-1.123,1.991,-0.223,0.412,0.588,0.624,-1.419,-0.554,0.731,-0.105,0.304,-0.174,1.267,0.148,-1.922,-1.0,0.38,0.647,-1.459,-0.368,1
-0.554,0.374,0.259,0.142,-1.099,-1.232,-1.814,-0.691,-1.472,-0.68,-0.232,-0.124,-1.748,-0.774,-1.005,-0.445,-0.499,-1.251,1.414,-0.49,-2.086,-1.272,0.927,0.04,1.522,0.622,-0.727,-0.839,0.764,-0.152,1
-1.121,0.087,0.703,2.377,-0.59,0.643,0.749,0.43,-0.806,-0.684,0.13,0.082,1.024,-1.296,0.26,-0.315,-2.464,0.094,-1.217,-1.036,-2.459,-1.043,1.174,0.45,0.095,0.986,-0.194,0.482,-1.631,-0.73,1
0.754,-0.771,-0.142,-1.894,-0.701,-0.569,1.2,-0.234,1.105,-0.447,-1.721,0.487,-1.887,-1.288,1.236,1.64,1.407,0.494,-1.071,-0.404,-1.48,-0.029,-1.344,1.943,0.397,0.217,-1.01,1.325,-1.535,0.546,1
-0.576,1.008,-0.294,0.466,-0.282,-0.456,-0.761,-2.371,0.375,0.314,-0.399,-0.144,-0.066,0.586,0.922,-1.176,-1.309,0.953,0.378,-1.608,-0.178,1.109,-2.155,0.757,0.02,0.761,-1.287,1.587,0.558,0.329,1
0.253,-1.792,0.456,0.193,-0.283,-0.93,-0.09,-1.36,-1.419,0.66,0.723,-0.647,-0.01,0.354,0.437,-0.145,1.175,1.006,-0.072,-0.591,-0.613,-1.188,1.539,0.389,0.707,0.42,0.283,0.397,0.539,0.702,0
0.223,0.9,0.593,0.576,-0.183,0.306,0.671,2.566,-0.591,0.383,0.015,-0.734,-0.475,0.438,0.849,-1.731,-1.289,0.834,0.604,2.086,-1.222,0.314,-0.176,-0.549,-1.547,1.345,-1.473,-0.447,-0.221,0.143,1
-2.033,0.119,0.076,-0.527,1.493,0.788,0.834,-0.601,-0.814,1.103,-1.454,1.018,0.965,0.906,0.308,-0.264,0.843,-0.818,1.189,-1.157,0.207,-1.043,0.032,0.493,-0.225,1.425,0.402,-1.455,0.727,0.317,0
0.701,0.051,0.633,0.738,0.708,0.907,-0.016,-1.323,0.531,-1.542,-0.171,-0.024,1.015,1.255,-1.277,2.306,0.931,-0.072,-1.584,-0.742,-0.752,-0.658,-1.531,1.619,-0.767,-1.027,-1.489,-0.6,1.24,-0.85,1
0.241,0.429,-1.549,0.059,0.308,2.182,1.058,1.565,0.565,-0.19,0.668,0.829,-0.176,-0.483,-1.282,0.207,0.313,-0.02,0.392,0.806,-1.566,-0.1,1.119,2.098,-0.063,0.313,1.678,-0.576,0.203,2.584,1
1.093,0.098,0.231,-0.038,-0.465,1.969,0.372,0.311,-1.037,-0.747,-1.186,-0.472,0.859,0.707,1.249,1.018,0.696,2.136,-0.302,-2.148,-0.414,-1.644,-1.141,0.725,1.247,-0.248,-2.542,-0.01,1.233,-1.009,0
0.432,1.453,-0.65,-0.771,-1.381,-0.011,-1.674,-0.318,-1.7,0.32,-0.004,-0.348,0.033,-0.625,0.43,0.639,-0.578,1.164,0.058,-0.471,1.307,-0.503,-0.936,0.632,-0.676,0.165,-1.551,1.173,-1.041,0.9,1
0.706,-0.455,0.433,-1.187,-0.903,-0.471,0.734,-0.601,0.545,-1.784,0.872,-0.144,0.618,1.723,1.061,-0.503,0.277,0.074,-1.091,-1.038,1.574,-1.001,-0.478,0.726,-1.269,-0.28,0.854,-0.448,0.68,0.891,1
-0.519,-1.512,1.675,1.537,-1.744,0.043,0.974,-0.214,-0.524,-1.5,-0.975,0.883,1.546,0.405,0.76,0.023,0.966,0.682,2.68,-0.896,1.006,1.233,-0.034,-2.178,0.907,1.307,-1.086,1.703,0.07,0.916,0
0.919,0.53,0.437,0.853,-1.247,1.536,-0.984,-0.981,1.483,-0.994,0.149,0.717,-0.537,0.034,-1.34,0.671,-0.228,1.168,0.267,0.335,-0.105,0.226,-0.835,-1.207,0.277,0.421,-0.588,-0.608,-0.147,-1.409,1
-1.217,-0.107,-2.274,-0.952,-0.198,0.386,1.839,-0.036,-0.191,-0.131,-0.731,-1.937,0.731,-1.119,-0.312,0.541,-1.187,0.575,-0.877,-1.884,1.709,-0.804,0.134,-0.559,0.985,-0.243,1.901,-0.626,-1.061,0.937,1
1.982,-1.586,1.102,-1.099,1.355,0.649,-0.792,0.156,-0.828,-0.419,-0.422,1.427,-0.249,-0.948,0.581,-0.613,-0.912,-0.878,0.655,-1.699,-1.203,-0.004,0.602,-0.616,1.705,-2.278,1.279,0.368,0.723,0.272,1
-0.192,0.789,0.268,-0.254,0.202,1.071,-0.447,-0.05,0.2,2.425,1.146,0.28,1.305,-0.343,0.752,-1.619,-1.606,1.076,-0.374,1.736,1.196,-0.168,0.416,0.463,-0.117,-0.872,-1.607,-1.457,-1.031,1.587,1
1.263,-2.699,1.143,1.04,1.508,-0.853,-1.279,-0.171,-0.313,-0.49,-0.976,1.404,0.394,-0.337,0.544,0.554,-1.575,-0.462,-0.774,0.006,1.218,0.164,-1.369,-1.48,0.624,-0.414,2.228,0.155,0.601,-0.662,0
0.048,-2.823,0.494,-0.058,0.299,0.498,0.463,-1.005,-1.522,-0.615,-0.04,0.414,0.057,-0.478,0.963,-0.31,0.476,0.473,-0.385,-0.027,2.149,0.344,-1.788,-0.411,-0.88,-0.805,1.113,0.126,1.166,0.517,1
0.266,0.537,0.415,-0.831,0.586,0.204,-0.583,-1.455,0.984,0.393,0.721,-1.914,0.896,0.113,0.648,-0.031,-1.145,1.598,0.99,0.163,-1.39,-0.202,0.638,-0.276,1.34,-1.178,-0.315,-0.596,-0.203,0.222,0
0.55,0.388,0.351,0.442,0.121,-0.099,1.101,-0.666,-1.227,0.289,-0.288,1.257,1.075,-0.47,0.593,-0.789,-1.755,-0.831,1.583,-0.869,-0.0,0.257,-0.853,0.755,0.276,1.637,0.08,-0.893,1.556,0.088,1
-0.025,-0.519,0.242,-0.653,-1.269,1.351,1.011,-0.819,1.366,0.722,-1.054,-1.402,-3.092,-1.648,0.179,-0.092,-0.904,-0.344,1.252,0.352,0.38,0.32,-1.3,-0.042,0.003,1.324,0.277,0.953,0.888,0.571,0
1.774,0.533,0.367,-0.639,-0.593,-1.073,1.319,0.529,0.707,-1.074,-0.572,-0.595,1.071,-0.953,-0.666,0.811,0.646,-0.926,-1.676,-0.283,1.111,-0.963,0.483,0.894,0.156,-0.126,-0.232,-0.559,-1.001,-0.574,1
0.431,-1.284,-0.84,0.201,0.479,-0.346,-0.967,-1.088,-0.674,0.274,-1.443,0.832,0.131,-1.328,0.077,0.613,0.373,1.131,-1.081,2.438,1.063,1.524,-0.16,0.008,0.03,1.917,-0.058,0.626,-0.685,0.774,0
0.076,0.578,0.048,-0.972,-1.063,-0.411,1.152,2.127,1.006,-0.853,0.348,-0.242,0.655,1.294,0.786,-1.849,1.847,-0.694,0.919,0.685,-0.756,-0.723,-0.827,-0.888,0.898,0.725,0.419,-0.166,-0.226,0.74,1
-1.299,0.05,0.861,-0.834,-1.303,-1.95,1.119,-0.004,-0.851,0.247,-0.274,0.942,1.498,0.982,-0.262,-0.019,0.566,-0.721,0.304,-0.397,0.35,0.263,0.359,-1.769,-0.128,-1.119,1.435,-0.876,1.439,0.19,1
0.653,0.543,0.406,-0.74,2.802,0.116,2.486,-0.282,-0.503,-1.292,-1.304,-0.997,-0.171,1.112,-0.508,-0.442,-0.55,0.104,0.28,1.574,-1.204,-1.677,-1.793,0.047,1.051,-0.365,0.473,-0.665,0.653,-0.955,0
-0.914,0.393,-2.345,-0.916,0.176,-0.909,-0.533,-0.276,0.278,0.984,-0.404,1.089,2.152,0.265,-0.043,1.321,-0.913,0.647,0.182,2.178,1.746,-0.073,1.492,-0.133,-0.017,0.707,-0.122,-1.492,-0.367,0.536,1
-1.516,0.35,-0.016,0.967,0.026,2.127,0.76,0.141,0.124,-1.216,2.033,-2.107,-1.564,0.571,-1.148,-1.464,0.229,0.22,0.479,-0.474,-0.38,1.052,1.036,1.65,-0.263,-0.264,0.247,-0.505,0.125,0.004,1
-0.926,1.008,0.293,0.207,-0.728,1.187,-0.118,1.012,-0.014,-0.985,2.173,0.749,-0.777,0.202,-0.153,1.429,-1.521,0.276,-0.867,0.167,0.381,2.447,-0.443,-0.1,0.068,-0.783,0.448,0.545,1.177,0.977,1
0.317,-0.055,0.129,-0.19,0.277,0.446,0.849,-0.679,-0.359,0.653,1.181,0.513,-0.152,-1.49,-0.204,0.18,1.321,0.368,-0.726,-0.928,-0.829,0.649,0.562,1.161,1.547,0.029,-0.213,-0.922,-0.097,-0.404,1
0.328,0.21,-0.895,2.489,1.036,-0.99,-0.151,-3.089,0.448,1.228,-0.031,0.107,-0.811,0.217,0.467,-0.896,-0.135,1.303,0.125,-0.588,0.265,-0.347,1.528,-0.896,-0.22,2.705,1.557,0.366,0.421,-1.011,0
-0.609,0.167,-1.153,-0.72,0.336,0.223,0.231,2.075,-1.299,0.898,0.18,0.944,-1.441,1.953,1.554,0.881,-0.552,-0.672,0.373,0.137,0.15,1.903,-1.897,1.379,0.017,-0.756,-1.033,-0.051,-0.355,-1.131,0
0.256,-0.1,-1.494,-0.376,-0.162,-0.798,1.661,1.37,-0.567,-0.983,-0.677,0.321,-0.075,1.552,-1.114,-0.727,-0.872,-1.322,0.95,0.337,0.314,-1.25,-0.251,1.612,-0.302,-0.897,0.062,2.12,-0.067,0.362,1
-1.084,1.041,-1.41,0.643,-0.302,-2.503,0.742,-0.351,0.633,1.33,0.919,-0.5,-1.049,0.909,1.817,-0.064,-0.495,-1.184,0.815,0.944,0.067,-0.349,0.295,-1.313,0.457,-0.842,-0.069,-0.081,1.47,-0.185,0
-1.259,0.502,3.025,-0.667,-1.07,0.02,0.4,-0.222,0.165,-0.28,0.805,-0.756,1.184,0.446,-0.21,0.461,-0.47,2.34,-0.048,-0.769,-0.995,-0.003,-1.551,0.16,0.901,0.139,-0.171,-1.569,0.268,1.183,1
-0.228,-0.708,-0.236,0.507,-0.575,-0.486,0.656,-0.136,0.445,-1.78,1.642,0.01,-1.238,-0.453,0.368,-1.367,1.194,-0.077,-1.449,-1.629,0.522,-0.245,0.426,0.195,1.977,0.43,-1.09,1.217,-0.793,-0.2,0
-1.129,1.236,1.261,-0.497,-2.07,-0.065,-2.586,0.798,0.668,-2.048,-0.515,-0.017,-0.527,0.325,-0.401,0.374,-0.079,-0.778,-0.871,0.673,-0.047,-0.506,0.724,-0.258,0.679,0.648,0.246,0.094,-1.565,-0.236,1
-0.691,0.728,0.619,0.576,0.472,-0.007,-0.289,0.579,0.185,-0.412,-0.597,-0.885,0.715,0.393,0.825,0.975,0.817,1.04,-0.336,-1.28,0.73,-0.045,1.695,-1.294,1.837,1.236,-0.845,-0.748,0.923,-0.564,0
-0.305,0.888,-1.474,-1.747,1.317,-1.72,-0.23,-1.313,-0.198,0.621,-1.869,-1.944,0.46,0.55,0.617,-1.673,-0.283,0.519,0.949,-0.737,-0.53,-1.571,-0.035,-2.213,1.099,1.844,0.137,-0.149,2.42,0.375,0
0.591,-1.469,-0.77,0.49,-0.279,-2.9,-1.355,0.821,0.827,1.29,-2.28,1.334,1.214,-0.774,-0.89,1.486,-1.412,1.868,1.191,0.679,-0.059,-0.146,0.379,-1.183,1.183,-0.479,-1.219,0.11,-0.491,0.581,0
-0.1,1.496,-0.63,0.334,-0.195,1.429,-0.192,-0.525,0.191,-0.109,0.631,-0.057,-0.531,1.416,-0.959,-2.043,-0.399,-0.373,0.492,-1.597,2.085,0.706,-0.176,1.123,-0.089,-0.03,-1.124,-0.629,-0.927,-0.631,1
-0.183,-1.16,-0.481,0.035,-1.686,-0.94,-0.423,-0.534,-0.016,-0.342,-1.388,0.224,1.761,-0.752,0.987,2.139,-2.345,0.322,-0.353,-2.703,1.334,0.28,-1.972,-0.568,-0.847,-0.056,1.487,0.679,-0.402,-1.355,1
1.302,0.652,-0.82,0.27,0.076,-0.901,-0.603,-0.918,-1.534,0.72,0.812,-1.263,-1.052,-1.091,0.695,-1.782,0.206,0.818,0.637,-0.03,0.212,0.627,-1.785,-0.74,-1.513,0.988,0.77,1.292,-2.313,0.58,0
0.417,-0.565,-0.959,-0.078,0.315,-0.641,-1.385,-0.082,0.842,-1.457,0.431,-2.026,-0.683,-0.696,-0.961,0.226,0.158,-0.341,0.279,1.659,-0.531,1.367,1.736,-0.303,0.383,-0.442,-0.414,1.184,0.889,-0.417,0
-0.255,0.11,0.275,1.647,-0.614,-1.852,-0.477,0.94,0.621,-0.058,0.822,-1.049,-0.34,1.235,0.51,-1.881,1.149,-1.998,-0.155,0.652,-0.693,0.41,-2.888,1.256,1.241,0.799,0.406,-0.447,-0.281,0.243,0
0.235,1.323,-2.205,1.777,-0.559,0.674,-0.383,-0.136,-0.199,0.98,0.077,0.717,0.353,0.459,0.047,1.324,0.338,-1.468,-1.543,0.242,0.148,1.043,-0.99,-0.324,1.229,-0.98,1.173,-0.061,0.919,0.67,0
-1.779,-0.438,-1.544,-0.262,0.355,-1.522,-1.232,-1.13,-0.64,-0.788,-2.278,1.123,-1.14,0.896,0.307,-0.558,-0.435,0.097,-0.189,-0.023,0.091,-0.794,0.641,-0.664,0.725,-1.036,0.582,1.767,-0.796,-0.332,1
0.912,-1.048,-1.663,-0.852,-0.278,0.232,-0.959,-0.608,-1.702,-0.463,0.515,0.382,-0.932,-0.032,1.139,0.166,0.15,0.907,-2.395,0.227,1.67,-0.741,-0.471,-0.368,0.297,-1.236,-0.265,0.697,0.038,2.113,0
1.91,-3.618,-0.624,0.505,-1.558,0.701,-1.54,-0.643,-1.143,1.575,-1.91,0.248,0.824,1.582,1.915,0.217,-0.846,0.421,-2.497,1.312,-0.35,-0.049,-0.415,1.176,0.243,-1.543,-0.612,0.441,0.73,0.991,1
-0.822,-0.397,-1.239,-0.549,-0.583,-1.097,-1.311,1.187,1.697,1.564,1.789,1.275,-0.223,-0.341,-0.084,0.134,0.333,-0.509,-1.586,0.158,-0.562,-0.573,-0.579,-0.029,1.274,0.521,-2.512,0.32,0.093,0.887,0
0.392,0.137,0.71,-0.354,0.97,-0.289,1.568,0.116,-0.295,-1.392,-0.934,1.401,-0.534,-0.664,-2.089,-1.283,0.936,0.368,0.628,-0.026,0.843,1.575,-0.725,2.235,1.536,1.173,0.155,-1.101,-0.182,1.189,1
0.594,0.098,0.373,-1.27,0.532,-0.34,0.238,0.484,-2.441,-1.204,-0.933,-0.297,2.602,1.858,-0.311,-0.158,-0.292,-0.61,-0.174,0.91,1.145,-0.653,1.63,1.255,0.818,-0.062,-0.326,-0.593,0.238,0.496,0
1.507,-0.095,-0.33,-2.334,0.738,0.98,-0.86,-0.471,-3.648,-0.011,0.46,-0.613,2.072,0.306,-0.307,-0.002,2.059,-1.627,0.727,0.533,1.787,-0.475,-0.266,1.09,-0.346,-1.817,0.367,0.211,-0.685,-0.74,0
-0.194,-0.241,-0.889,-0.273,2.098,0.193,0.021,-1.102,-1.39,-0.589,1.868,-2.132,-0.219,0.236,0.337,0.661,-0.085,-0.637,0.571,1.137,0.629,-0.85,0.231,-1.99,0.204,-0.437,0.391,0.278,1.907,0.131,0
0.322,0.528,0.166,0.06,-0.491,-1.397,-0.9,1.484,-1.416,-0.803,-0.176,1.436,0.721,-0.001,0.418,-1.692,-0.637,-1.589,-0.877,-0.12,-1.894,0.37,-0.594,0.05,-2.027,-1.01,0.389,0.502,-1.0,0.177,1
0.347,1.094,-0.762,0.034,-0.771,0.378,0.028,0.941,-0.258,1.01,1.346,-0.013,-0.096,-0.272,-0.732,-2.314,0.389,0.41,-0.096,1.755,-1.528,0.902,-0.271,0.186,0.448,0.741,-0.337,-2.046,-0.102,-0.095,0
0.906,1.471,1.535,-2.507,-0.41,-0.136,1.525,-0.497,0.665,1.03,-0.035,-2.288,-1.52,0.617,1.093,-0.599,-0.361,0.067,-0.531,-0.464,-0.021,0.257,-1.373,-0.799,0.243,1.362,0.925,-1.175,-1.843,0.184,0
-0.799,0.003,0.635,0.439,-1.551,-0.702,-0.138,-1.969,-0.92,0.34,1.777,1.089,-2.057,2.018,-0.297,0.868,0.833,-1.04,-0.534,0.534,-1.406,0.167,-2.195,-0.326,-0.011,-0.014,-0.143,-0.711,1.326,-1.702,0
1.974,-2.017,0.6,-1.756,1.749,1.255,-0.622,0.485,-1.406,0.57,0.496,0.667,-0.315,1.633,0.378,0.53,0.488,-0.217,0.446,-1.1,0.878,-0.53,1.796,-0.858,0.877,1.087,0.422,0.212,-1.483,1.177,0
0.555,1.419,1.175,-0.713,-0.454,0.076,1.331,0.754,-2.35,0.897,0.952,1.215,-0.309,0.83,-0.81,-0.365,1.45,-0.883,0.601,0.954,0.229,0.169,-1.769,-0.852,-0.019,0.84,-1.035,-1.036,1.404,-0.301,0
-1.479,0.622,-0.729,1.189,-0.053,-1.445,1.058,-0.437,0.611,1.316,0.596,-0.217,0.166,-0.298,0.16,-1.394,0.602,0.762,-0.569,0.973,0.125,1.021,-2.039,-0.559,0.349,-1.653,0.994,-1.369,0.313,0.751,0
0.043,-0.528,0.662,0.15,3.539,0.152,0.411,0.582,0.051,-2.224,0.001,1.214,1.531,-0.454,-2.615,-1.235,-0.852,0.157,0.002,1.869,0.413,1.648,0.169,0.119,-0.454,0.234,0.867,-0.255,0.861,-0.804,0
1.431,-0.696,-2.397,-0.239,1.561,0.085,1.217,-0.266,1.79,0.239,1.02,0.485,1.291,-0.529,0.94,0.938,-0.314,-0.655,-0.137,-0.693,0.274,0.455,1.502,-0.066,0.621,-0.666,1.509,-0.054,0.928,1.052,1
2.213,0.228,-0.748,1.276,0.224,-0.607,0.357,0.084,-0.13,-1.557,-0.083,1.102,-0.585,1.988,1.333,-0.766,-1.031,-0.303,-2.202,0.424,0.707,2.327,0.516,1.088,-1.543,-0.933,3.45,0.34,-0.374,2.085,1
-2.311,0.139,-0.535,0.663,1.035,-0.281,2.279,-0.683,1.454,1.234,-0.443,1.118,-0.498,0.31,-0.486,-0.009,0.326,-0.262,-0.182,-0.619,0.168,0.972,1.143,-0.587,0.991,0.192,-1.825,-0.995,0.433,1.327,1
-0.64,-0.412,-0.753,-0.11,-1.542,-1.904,-0.793,-2.067,-0.142,0.046,-1.469,0.215,0.534,1.346,-0.834,-0.667,1.357,-1.21,0.571,1.838,0.42,-1.121,-0.388,-0.54,0.399,-2.274,-0.412,-0.033,-1.192,-0.075,0
1.053,1.261,-1.146,0.578,0.204,1.065,0.722,-0.541,-0.491,-0.114,1.257,1.646,0.253,0.561,0.664,0.068,0.129,-1.095,0.831,-0.479,0.798,-0.085,-0.618,-1.354,-0.134,1.912,-0.053,0.061,-0.475,0.215,1
-0.163,0.332,0.996,0.553,1.172,-1.805,-1.0,0.168,-0.693,-1.068,1.308,-1.102,0.302,0.633,0.184,0.307,-1.233,1.075,-0.284,1.873,0.397,-0.567,-1.518,-1.981,-0.014,0.434,-0.527,-1.876,-1.083,-0.34,0
2.693,0.364,-0.49,0.628,-1.543,1.697,-1.582,0.186,-0.579,0.053,-0.856,0.201,-0.506,-0.425,-0.819,0.514,2.813,1.088,0.027,-1.022,0.573,-0.008,1.671,-0.417,-0.854,1.707,0.657,-0.26,-0.512,-0.575,0
1.697,0.134,-0.617,-0.99,0.688,-0.906,-0.494,-0.177,-0.271,0.201,1.532,0.142,-1.787,-0.861,-1.088,0.313,-1.274,0.227,0.9,-0.748,-0.05,0.9,0.594,-0.237,0.072,0.483,2.645,0.484,0.193,2.167,1
0.206,0.246,0.711,0.195,1.08,0.518,1.98,0.536,1.322,0.191,0.603,0.368,0.017,-0.832,-0.675,0.687,2.904,0.479,-1.7,1.687,0.194,-0.855,-1.054,0.75,-1.227,1.575,0.693,0.124,0.416,-0.606,0
-0.498,2.392,-0.247,-1.209,0.178,0.456,-0.242,2.063,0.194,-0.521,1.668,2.257,-0.766,-0.143,1.133,-0.799,0.016,-0.658,-1.894,1.78,-0.963,-0.658,-0.441,0.877,1.966,0.52,-1.01,0.053,-0.865,0.328,0
1.389,-0.648,0.071,-0.59,-0.286,-0.492,-0.333,1.329,-0.421,-0.952,0.731,-0.781,-0.893,-2.218,-0.089,0.546,-1.223,-0.346,-1.203,-0.658,0.815,1.103,-0.416,-0.921,-0.63,0.941,-1.207,2.34,0.331,0.45,0
-2.154,0.47,-0.08,-1.843,1.348,-1.985,1.341,-0.041,-0.386,0.042,-1.328,0.46,0.197,1.337,-0.565,0.299,1.801,-0.324,0.194,-0.171,-0.619,-0.716,-0.461,1.292,0.587,0.743,1.343,-1.546,-0.161,-0.536,1
0.414,0.484,-1.224,-0.151,1.429,0.393,-0.088,-0.203,1.825,2.047,-0.531,-0.743,-1.764,-0.358,0.778,0.505,1.656,0.666,0.6,1.109,-0.898,1.689,-0.081,-0.547,-0.004,0.837,0.249,0.29,1.551,-1.165,0
-0.992,-1.505,-1.183,1.443,0.243,0.989,0.11,-0.639,0.369,-2.173,-3.07,-1.842,1.475,-1.18,1.03,-0.385,-1.539,-0.815,1.104,0.497,0.527,-0.134,1.302,-1.609,0.276,-0.696,1.148,-0.425,0.107,0.86,1
-0.191,-1.624,1.487,-2.589,0.165,-2.033,0.661,-1.152,-0.48,-0.108,0.271,-0.894,-0.016,-2.112,0.859,-0.654,1.16,-1.468,0.751,-0.641,0.74,0.859,-1.285,0.331,1.716,-0.464,0.158,-0.21,-0.214,-0.047,1
-0.342,0.893,0.245,-0.397,2.102,-0.116,0.047,-0.111,0.151,0.648,0.692,1.209,0.663,0.374,0.675,0.696,0.451,-0.861,-1.083,0.676,-0.947,0.928,-0.858,1.019,1.134,-0.386,-2.573,1.026,0.99,0.256,1
0.85,0.886,-1.211,-2.79,0.112,0.334,0.326,-1.517,1.223,0.249,-0.24,2.714,2.354,0.478,-0.922,-1.278,-0.205,1.495,0.115,-1.655,2.197,-0.08,-1.715,-0.666,1.322,-0.148,1.743,-1.08,-1.202,-0.432,0
0.644,1.109,1.071,-0.216,-0.582,0.28,1.01,-0.167,2.373,-0.377,0.703,-0.172,-1.353,0.379,-0.277,0.202,0.074,-1.065,-0.437,0.529,-0.451,-1.0,1.082,-0.148,0.01,-1.664,0.967,-0.741,-0.041,2.387,1
0.735,-0.868,1.775,-1.097,-0.234,1.102,0.83,-1.314,0.393,-0.013,-1.478,-0.417,0.019,0.383,0.781,1.851,0.359,1.336,1.36,-0.121,2.111,-1.277,0.993,-0.201,-0.216,-0.735,0.503,0.388,2.513,0.026,0
1.595,0.843,1.5,1.616,1.976,-1.412,-0.699,0.945,0.092,-1.602,-0.233,0.032,-0.624,2.049,1.294,0.334,-1.364,-2.169,-1.588,-0.058,1.888,0.007,1.116,-1.019,0.322,0.01,-1.105,-0.744,-0.129,-0.255,1
1.669,-1.673,0.082,0.469,-1.021,0.631,0.347,0.205,-0.24,0.248,1.126,1.111,-0.825,-1.291,0.034,0.958,0.376,0.238,-0.328,-0.203,0.158,0.11,-0.623,0.929,0.991,-0.149,1.008,-0.452,-0.034,0.353,1
-0.369,-0.024,0.752,-0.021,-0.344,-0.016,0.41,0.272,-0.162,0.699,0.16,1.619,0.461,-0.96,-0.337,0.748,-0.343,0.262,-0.599,0.042,-1.687,0.201,-0.306,1.38,0.836,-0.379,-0.021,0.025,0.166,0.99,1
0.157,2.05,-0.998,-0.36,1.414,-0.625,-0.516,-0.667,-0.323,0.518,0.604,-0.457,1.466,-0.781,-1.486,2.578,-1.026,-0.768,1.12,-1.005,0.84,0.081,0.759,-0.1,-0.694,0.126,-1.633,1.132,-1.691,-2.588,1
0.537,0.188,-0.613,-2.193,-0.75,-0.296,0.911,-1.729,0.47,-0.236,0.336,-1.05,-0.534,1.48,-0.084,-0.145,0.05,0.233,0.591,-0.182,0.29,-1.23,-0.671,-0.376,0.756,-1.156,0.01,-0.099,1.132,0.612,0
-0.863,0.264,0.96,-2.033,-1.837,-1.127,-0.342,-0.857,-0.778,-0.466,-1.355,-1.522,0.419,0.558,0.785,-1.447,0.315,-0.291,0.88,1.262,-0.882,-0.381,0.533,-0.066,0.365,-0.089,0.572,0.402,1.192,-0.376,0
-0.135,0.116,1.182,-0.876,-0.25,-2.542,-0.245,1.853,-0.158,-0.299,0.483,-2.72,-0.906,0.021,0.05,0.44,0.49,-0.712,0.593,-0.331,-1.01,0.59,-0.099,-0.95,-0.123,-0.937,-1.043,0.637,-2.12,-0.178,1
0.159,0.194,-0.984,-0.275,-0.254,-0.461,0.336,0.829,-0.024,-0.528,-1.059,-0.949,1.004,0.52,-1.129,-0.392,-0.278,0.304,0.385,1.489,-0.916,-0.187,-1.044,-0.013,-0.967,-0.187,-1.09,0.988,-0.802,0.033,1
-0.752,0.722,0.259,-0.648,0.358,-1.473,0.332,-1.619,2.651,0.298,0.361,-0.448,1.159,-0.906,0.104,0.393,-0.786,-0.295,-1.204,1.492,0.139,-0.427,-1.892,-1.004,0.313,1.453,-0.558,0.575,2.448,-0.133,0
-0.711,-1.101,-0.264,-0.847,0.873,1.249,0.906,-1.917,1.206,0.123,-0.212,0.158,1.257,-0.109,0.757,1.626,0.219,-0.597,0.742,-0.001,0.803,-0.47,0.096,1.025,-0.747,0.324,-0.46,0.407,1.734,-0.681,0
-0.827,0.166,-0.604,-0.184,-1.175,0.429,0.062,-0.875,-1.548,-1.041,-0.211,2.424,-0.051,-0.859,0.201,-0.65,1.187,0.399,0.118,-1.783,0.522,1.182,-0.513,-0.568,1.013,0.234,-0.71,-0.329,0.422,-0.948,0
-0.208,-0.384,-0.216,0.413,0.488,1.021,0.373,0.977,-1.39,1.022,-1.004,1.774,-1.918,1.528,1.081,-0.145,0.212,-0.92,-0.451,-0.866,-0.248,1.423,1.659,-1.195,1.607,1.117,-0.4,-0.543,-0.282,0.22,1
-0.321,-0.197,0.896,0.971,-2.068,2.541,0.769,1.429,1.285,-1.057,0.213,-1.552,0.978,1.184,-0.353,-0.371,0.21,1.27,-0.516,-0.401,-0.511,1.191,0.638,-1.458,-1.357,1.585,-0.12,-1.916,0.357,-1.581,0
-3.065,0.421,-0.915,1.0,-0.927,0.927,0.132,0.217,-1.194,-0.76,-0.581,-0.985,-0.667,0.896,1.117,0.707,1.393,-2.394,-0.716,-1.496,-0.541,-0.546,-0.911,-2.014,0.724,0.87,1.291,0.764,0.073,0.184,1
0.415,-0.467,-1.22,-0.705,0.823,-0.303,1.967,-0.582,-0.612,0.698,-0.207,0.076,1.075,0.258,0.901,1.016,2.052,-0.174,0.162,0.035,-0.605,1.311,-1.536,0.65,1.89,0.402,-0.537,-0.39,0.2,-0.371,1
-1.505,-2.191,-0.908,-0.467,0.494,-1.129,0.189,-0.673,-0.162,-1.486,0.753,-0.452,1.079,0.934,-1.53,-0.962,-1.707,0.243,-0.912,-0.5,0.307,0.271,0.977,0.466,0.336,0.554,0.197,-0.55,-0.376,-0.791,0
0.554,1.014,-0.232,1.881,-1.552,-0.744,-2.067,0.132,-0.03,-1.241,-2.108,0.343,-0.774,0.035,0.907,0.107,0.464,-0.184,-1.351,-1.743,-0.447,-0.252,-0.651,0.393,0.038,-0.422,-0.327,0.568,0.762,-2.68,1
1.381,0.441,-0.055,1.855,1.641,0.466,0.748,-0.35,1.112,-0.882,-1.444,-0.013,0.638,-0.349,0.678,-0.624,0.487,-0.62,0.097,0.488,0.901,-0.626,-0.529,-2.047,0.678,0.549,-2.488,-0.541,0.73,-1.121,0
1.079,0.145,0.145,-1.513,0.524,-0.106,-0.309,0.822,-0.27,0.502,1.063,-0.627,0.528,0.095,0.833,1.25,-1.132,0.681,-0.909,-0.602,-1.427,0.183,0.226,0.262,-0.127,-0.191,-1.353,0.926,-0.822,1.793,1
0.382,1.007,-0.703,-0.876,1.734,1.435,-0.439,-0.2,-2.43,0.343,0.267,-1.865,0.697,0.085,0.45,0.04,-1.943,2.169,0.443,-0.287,-1.142,-0.437,1.148,-0.182,-1.022,-0.576,0.829,-0.839,-0.166,-0.299,1
-0.574,-2.484,1.128,-0.179,0.489,0.503,-0.411,0.019,0.145,0.104,0.509,-0.565,-0.264,-0.122,0.216,-0.002,0.611,0.906,-1.833,-0.015,-0.187,0.149,-1.544,0.708,-0.536,-0.563,0.059,-0.01,1.054,0.255,1
-1.003,-0.527,-0.476,-1.11,0.316,0.914,0.22,0.678,-0.701,-0.735,2.163,-0.036,-0.341,1.109,-0.963,0.469,2.09,-0.304,-1.0,-1.051,-1.632,0.664,-0.836,0.397,-1.628,0.881,-0.747,-0.222,0.782,-0.932,0
2.722,-0.014,-0.908,-0.704,-0.493,-1.426,0.324,0.517,0.126,0.753,0.317,1.745,-1.707,-0.045,0.175,-1.007,1.34,0.135,0.97,0.076,0.407,-0.977,1.339,1.032,0.378,0.038,0.947,-2.2,1.43,-1.721,0
-0.102,-1.283,-0.101,0.924,-1.461,1.187,0.914,1.781,-1.933,0.79,-0.822,1.603,0.408,0.701,0.321,-1.174,0.119,0.166,-0.316,-0.793,0.29,0.979,0.659,2.698,-1.7,0.88,0.633,-0.328,0.936,-0.337,1
2.198,-0.642,1.092,0.86,1.532,0.689,-0.529,-0.793,1.495,0.581,0.43,2.319,1.077,-1.049,-3.015,-0.97,-0.348,0.768,-1.296,0.753,-0.278,-0.185,-0.074,1.637,0.451,0.121,-0.606,-0.952,0.227,-0.008,1
2.911,-1.577,1.259,0.616,-0.582,-0.086,1.04,1.919,-1.797,-1.293,1.026,-1.891,0.768,1.147,-0.941,-0.848,0.232,0.16,-0.97,1.255,1.594,0.433,1.258,-0.677,-0.136,0.223,-1.819,-1.093,2.748,-0.315,0
-0.607,-1.939,0.138,0.931,1.379,-1.663,-0.99,0.732,0.449,0.818,0.689,0.391,-0.267,0.703,0.939,-1.071,-0.337,2.012,1.078,1.302,0.323,0.629,-0.589,-0.554,2.191,1.527,0.254,-0.762,0.008,-0.036,0
2.489,-0.243,0.245,-0.313,0.835,0.064,1.264,0.136,0.264,1.092,-0.251,1.427,-1.101,0.908,-0.264,0.228,-0.802,-0.799,-0.604,0.644,-1.068,-1.474,0.038,-0.637,-0.368,-1.681,-1.244,0.529,-2.003,-0.287,0
-0.044,-0.188,-0.427,0.606,-0.531,-0.708,-0.793,-0.111,-2.299,1.366,-0.976,-1.306,1.816,1.02,-0.552,0.523,0.472,-0.291,-0.179,-0.819,1.576,-0.086,-1.065,1.485,-0.413,-0.354,1.243,1.024,-0.393,-0.569,1
-1.019,0.211,-0.564,1.644,-0.052,0.728,-0.457,-0.953,1.83,-0.73,-1.521,-0.836,-0.532,1.381,-0.545,0.942,1.124,0.175,1.77,-0.867,0.156,-0.331,-0.01,1.056,1.47,-0.349,1.111,1.528,-0.077,-0.921,1
-1.609,0.216,-1.195,-1.266,-0.664,0.772,2.152,1.408,1.925,1.48,0.073,1.016,0.447,-1.616,-2.038,0.528,2.282,1.082,-0.315,-1.782,0.733,-2.58,0.341,-0.513,-1.488,-1.62,-0.895,-0.845,0.53,-0.092,0
-1.748,-2.736,0.4,-0.134,0.817,-0.821,1.162,-0.072,0.537,0.061,-1.453,0.64,0.825,0.128,-0.141,-0.625,0.809,-0.117,-1.115,0.976,0.779,1.704,0.739,-0.09,-1.512,0.111,0.352,0.225,1.089,1.127,1
-2.571,-1.562,-0.044,-1.673,0.104,1.236,0.189,-2.026,-0.763,0.395,-0.447,1.335,-0.214,-0.262,-0.242,-0.836,0.205,0.488,0.673,-0.576,1.522,-0.619,-0.605,-0.063,0.278,1.775,-0.104,-0.347,0.967,-1.043,0
-0.041,2.445,0.872,2.498,1.272,1.565,0.487,-1.527,-0.501,-0.483,-2.737,-0.46,0.321,-0.132,-1.232,0.885,-0.716,0.733,1.273,-0.214,0.593,-0.572,0.525,0.134,-0.998,-0.495,0.045,-0.446,-0.666,-1.098,1
0.688,-0.403,1.283,0.202,-0.145,-1.276,0.878,-1.333,0.68,-0.862,-0.241,0.969,0.09,1.43,-0.106,-1.217,-0.671,0.409,1.915,-0.2,-1.157,-2.197,0.741,-0.717,2.19,-0.58,-1.814,0.19,0.998,-0.445,0
-0.219,-1.535,-0.067,1.118,-0.539,-0.242,1.182,0.864,0.45,-0.459,0.246,-0.297,1.531,0.953,0.994,-0.678,0.09,0.235,1.58,0.878,-1.079,0.82,1.126,1.073,0.422,1.276,1.854,-0.686,1.151,-0.586,0
-1.163,0.101,0.688,0.569,-0.012,-1.121,-0.313,1.534,-1.361,1.203,-0.727,-0.732,3.738,-1.537,-0.653,0.332,1.478,0.033,-0.11,-0.311,1.54,-1.279,0.018,0.457,0.051,-0.981,-0.28,-0.359,-1.124,-0.476,1
-0.749,0.246,-0.169,-1.457,-0.094,-0.717,-1.413,0.372,0.223,0.59,1.77,-0.071,0.263,-0.936,1.303,1.592,2.41,-0.133,-0.21,0.374,-1.043,1.044,0.988,1.329,1.388,1.105,-1.531,0.245,0.581,-0.473,0
-1.345,0.494,0.11,0.563,1.392,-0.041,0.909,-0.935,-0.704,-0.677,-1.67,0.325,-1.105,0.043,-0.153,-0.245,-0.983,-0.089,1.24,-1.978,-1.001,-1.959,1.008,-0.786,-0.316,0.244,-0.098,-0.523,-0.141,0.692,1
-0.581,-1.382,1.039,1.793,-1.108,-0.122,-0.508,-0.129,0.971,1.661,-0.155,-0.083,1.03,1.866,0.007,-0.333,-1.483,-1.333,-1.65,0.344,-1.293,1.075,0.117,-2.224,-0.152,-0.168,1.146,-1.222,1.74,-0.888,1
-1.096,0.112,-0.08,-1.458,0.088,-0.88,-0.467,-0.316,0.693,0.468,-1.037,0.504,0.126,0.203,-0.75,1.027,-0.351,0.67,1.241,-1.432,-0.542,0.221,-1.31,-0.8,1.069,1.554,1.984,-0.554,0.429,0.072,0
-0.811,-0.636,0.973,-0.293,-1.305,1.451,0.244,-0.28,0.131,0.99,0.26,2.8,1.082,0.981,0.271,0.25,-1.581,1.459,-0.283,-0.006,2.648,-1.215,-0.27,-0.752,-1.963,-0.78,1.305,-1.196,0.049,1.06,1
0.793,0.419,-0.255,0.631,-0.12,-3.912,0.604,2.527,0.289,-0.33,0.789,0.509,-0.744,0.325,0.215,-1.395,-0.902,1.26,0.98,-0.16,-1.502,0.575,0.402,0.68,-0.223,0.057,1.258,0.042,0.855,-1.666,1
0.122,-0.481,0.673,-1.237,-0.076,-0.141,-1.431,-0.185,0.887,-0.299,-0.5,1.234,0.29,0.503,-0.295,1.373,-0.957,0.257,0.212,1.771,-0.062,1.503,-0.611,-1.88,0.157,0.011,0.517,1.002,1.72,-0.801,0
0.729,-1.209,-0.113,-0.128,-0.235,0.32,0.608,-0.461,0.404,1.454,0.167,1.106,-0.689,0.226,-0.371,2.821,-0.085,-0.208,1.799,2.7,0.738,0.266,0.668,-0.755,1.019,0.167,-0.201,-0.056,-0.649,-0.238,0
-0.817,1.298,0.841,-0.88,-1.73,0.252,0.348,1.08,-1.951,-0.01,0.818,0.198,0.957,-0.635,0.543,0.529,0.279,0.454,-0.388,1.418,-0.578,0.414,-0.121,-0.629,0.392,-2.007,-0.405,-1.122,-0.489,0.777,1
0.524,1.547,-0.327,0.175,-0.721,-1.216,-0.134,-1.948,1.191,0.578,-0.629,-1.872,-0.853,-1.841,-1.878,-0.561,1.038,1.167,0.696,0.403,0.011,1.626,0.091,-0.491,1.357,1.153,-0.44,-0.539,-0.083,-1.184,0
-2.133,1.78,1.664,-0.588,1.379,0.012,-0.721,0.875,0.329,-0.077,-1.086,-0.894,-0.297,0.382,-0.504,0.665,0.222,1.276,-1.454,-0.629,-0.602,1.494,-0.934,-1.886,0.325,-1.135,0.217,0.941,0.16,1.306,0
0.605,-0.351,0.158,-0.21,-1.033,-1.682,-0.674,-0.647,0.468,0.577,-0.503,-1.702,2.471,-0.087,0.364,-0.029,0.008,-0.305,0.634,0.183,0.455,0.567,1.54,-0.599,-0.296,0.246,0.619,0.332,1.069,-1.332,0
0.49,0.458,1.076,-0.456,1.036,0.464,1.092,0.508,-0.734,0.158,-0.238,1.424,-0.434,0.543,1.881,-0.001,-0.453,0.254,-1.084,-0.165,-0.769,0.794,-0.132,0.444,0.097,-0.141,0.873,0.65,-0.932,-0.013,1
0.716,0.758,1.674,0.544,2.33,0.03,-0.637,-0.823,-2.245,1.019,0.637,0.915,-1.006,1.016,-0.389,0.335,-0.608,-0.182,1.108,-0.055,0.844,-1.284,-0.935,0.919,1.136,1.92,1.045,0.681,-0.068,0.426,0
1.868,-0.783,-0.375,-0.249,0.187,-1.252,-2.769,0.919,0.258,0.579,-1.66,-0.437,-1.46,-0.383,-0.766,-0.698,-1.854,0.437,-0.371,-1.172,0.107,0.53,-0.668,-0.177,0.328,-0.738,0.805,-0.654,0.139,0.675,1
-0.602,0.398,0.633,0.601,-0.585,0.253,1.19,0.624,-0.357,-0.202,-0.236,0.621,-2.409,-1.086,-1.654,0.206,0.1,0.742,0.214,1.988,0.239,-0.848,-0.178,-1.431,0.346,-0.405,-0.667,-1.924,-1.422,0.036,0
-0.1,2.012,-1.335,0.316,-0.509,-0.961,2.028,-0.437,-0.179,0.224,1.571,1.041,0.687,0.036,-0.133,-0.12,-0.254,0.445,0.001,-0.551,-1.427,-0.015,-0.358,0.328,-0.855,0.212,1.011,0.426,-0.126,-2.268,0
1.583,0.491,1.04,-0.516,0.812,0.375,0.224,1.339,1.006,-1.546,1.255,3.066,-0.288,1.339,1.267,-0.234,0.301,-2.464,-0.069,-0.738,0.723,1.965,-0.236,-0.171,0.616,-0.268,-1.71,-0.964,-0.235,-0.635,1
-0.963,0.42,-1.0,0.411,0.86,-1.429,0.856,0.719,1.368,0.393,-0.531,-1.284,-0.266,-0.237,-1.664,0.078,-0.56,-0.082,0.044,1.941,0.779,-0.403,-0.052,-0.037,-1.015,-1.017,-0.792,-1.679,1.655,-0.109,0
0.302,0.785,-0.905,0.744,0.407,-0.858,-1.224,-2.099,0.907,-0.433,0.766,0.815,-0.184,0.788,1.095,1.234,-0.291,1.858,0.955,0.966,-0.401,0.262,2.199,-1.475,-0.933,0.557,0.06,0.757,0.467,-1.519,0
-0.49,0.33,0.29,-0.852,0.161,-0.567,-0.877,-0.217,0.552,-0.57,0.591,-0.361,0.99,0.158,-1.513,0.788,0.076,1.039,-0.132,0.32,0.538,-0.822,-2.085,1.066,-0.576,1.78,0.54,-0.329,-0.024,0.275,0
1.288,-0.773,-0.89,2.425,-1.146,1.268,0.275,2.244,0.516,0.821,0.903,-1.088,-0.017,0.975,-0.278,0.81,0.119,0.055,-0.525,0.436,1.081,1.778,-0.547,-1.43,0.334,-0.346,0.479,-0.406,-0.304,-0.632,0
1.169,-0.13,-1.726,2.135,2.357,0.447,-1.091,-0.055,-2.038,0.095,1.266,-2.01,-1.108,0.052,0.271,-0.163,-0.03,-0.306,-0.828,0.422,1.465,-0.363,0.539,1.179,0.483,0.186,-1.597,0.432,-0.653,0.812,0
0.293,-0.473,-1.19,-1.02,0.831,0.916,1.088,-1.181,-1.066,0.778,-1.693,0.835,1.1,0.784,-1.052,-0.835,-1.328,-0.164,0.322,0.682,0.249,0.021,0.582,-0.556,-0.452,-0.15,0.809,0.551,-0.162,0.461,1
-0.962,-1.035,-0.867,-0.039,-0.129,-0.256,0.984,0.232,-0.475,-0.887,0.967,0.304,-0.597,0.411,0.284,0.732,0.702,-0.564,1.751,-0.152,-1.089,-0.516,0.68,-1.273,-1.065,1.45,-1.434,1.159,-0.773,1.272,0
-0.392,-0.141,-0.471,-0.779,0.673,-0.065,0.091,-1.514,-1.575,1.108,0.016,1.571,-1.224,-0.668,-0.228,-0.011,-0.356,-0.959,1.482,-0.01,-0.907,-1.304,-1.029,-1.079,0.406,0.26,0.733,0.203,-0.914,-2.395,0
-1.566,0.302,0.1,-0.583,-0.186,-0.491,0.582,-0.16,-0.845,-0.633,-1.433,-0.409,-0.497,-0.705,0.1,1.335,-0.348,0.577,-1.255,-0.766,-1.685,0.808,1.201,0.354,-0.267,0.372,-0.509,-2.555,-0.952,-0.225,1
-0.687,1.895,2.04,0.208,-0.582,-0.838,0.931,2.312,-0.069,-0.17,-0.282,0.255,-0.386,-1.313,-0.762,-0.157,-1.786,0.985,-1.365,-1.731,-1.16,1.097,0.879,-0.566,-0.496,-1.176,1.669,-0.849,0.024,1.647,1
0.98,-0.948,1.371,-0.091,1.069,-0.565,1.73,0.318,-1.216,0.149,2.567,0.525,2.13,1.935,-0.123,-1.675,-1.473,-0.581,0.365,0.077,0.166,0.887,0.108,-0.076,-0.401,0.269,-1.199,-1.662,1.451,-0.34,0
-1.636,0.555,2.663,-0.244,1.172,-0.348,-1.495,0.993,0.03,1.32,-1.322,0.667,0.591,-1.233,0.615,-1.287,-0.757,-1.562,0.601,-1.311,-0.523,-1.032,0.851,-0.473,-0.159,1.686,-0.604,0.576,-0.407,0.111,1
0.734,-0.397,-0.727,0.51,-0.256,0.504,-1.627,-0.743,-0.856,-0.789,-0.245,-0.151,1.257,1.003,-0.752,-0.441,1.214,-2.876,-0.986,0.833,-0.661,1.046,0.287,-0.425,-0.465,2.448,0.753,1.458,-0.025,0.584,0
0.46,-0.621,-0.291,-0.462,0.139,-1.027,1.212,0.392,-2.576,0.889,-0.38,0.474,-1.782,-1.492,1.134,-1.048,1.322,0.479,-0.262,-0.603,0.54,0.56,-0.064,1.315,-0.286,-0.197,0.001,-0.751,0.766,0.921,1
-0.154,0.846,-0.206,0.51,2.166,1.2,1.2,1.064,-0.248,-0.064,0.674,0.923,0.89,0.28,0.142,2.048,-1.103,-1.848,0.252,0.544,-0.117,0.817,0.078,1.185,-1.563,0.824,0.7,-0.274,-0.65,0.334,1
0.607,-1.238,-1.81,-1.043,-0.497,1.104,-0.286,1.187,-1.548,-1.075,-1.319,0.256,-1.609,0.119,1.713,-1.974,1.709,0.015,-0.028,0.773,-0.166,-0.308,-1.36,0.748,-0.02,1.146,0.259,0.556,-0.423,-0.713,0
-0.16,2.047,1.784,-0.15,-0.573,-1.55,-0.949,-0.672,1.663,1.094,-0.203,0.249,-1.057,1.761,1.697,-1.383,-0.962,0.733,-1.555,-0.506,0.865,0.696,1.304,-1.8,2.376,-0.65,0.32,-1.47,0.585,-1.16,0
-0.702,-1.616,1.177,-0.332,-0.471,0.308,1.508,0.266,-0.985,-0.44,0.25,1.371,0.012,0.22,1.358,0.185,0.112,0.487,-1.824,-0.206,-0.346,-0.195,-4.59,-2.052,0.323,0.38,-0.846,-0.027,-0.105,0.903,1
0.707,-1.417,-1.019,0.872,0.214,1.59,-0.084,1.714,-0.651,1.099,0.388,-2.242,-0.985,0.503,-1.878,-0.099,-0.727,0.835,-0.804,-0.381,-0.012,0.13,1.565,-0.966,0.167,1.554,-0.027,0.057,0.954,-1.586,0
-1.39,-1.289,-0.442,0.225,0.651,0.253,-0.386,0.618,0.469,0.395,0.753,-0.784,1.082,-0.369,-0.085,0.183,0.297,0.123,-1.065,-0.082,0.547,0.976,-1.127,-0.564,1.99,-1.246,-0.572,0.371,-0.143,1.26,0
-0.309,-0.23,0.858,-1.537,-1.268,-0.965,-1.763,-0.637,-0.451,1.18,0.045,-0.028,-0.538,-0.351,1.426,-0.995,0.575,-0.406,0.53,2.301,1.003,-0.132,1.201,-0.804,-0.18,0.599,0.673,0.243,0.897,-1.441,0
0.801,0.577,-0.012,0.406,0.108,0.485,1.05,-0.684,-0.555,-0.727,-0.459,1.678,-2.256,-0.852,-0.644,-0.21,1.103,-0.173,-0.465,0.441,0.7,-0.525,0.639,0.11,-0.178,-0.837,-0.514,-0.572,-0.171,0.29,1
0.076,0.452,-0.708,1.019,-0.098,-0.559,1.611,1.564,-0.398,0.374,0.438,0.342,-0.466,1.471,0.335,0.256,-3.107,-0.099,0.254,1.22,0.194,0.398,1.085,2.23,-1.053,-0.411,-0.683,-0.643,-0.487,-2.038,1
0.452,0.078,0.704,-1.585,-0.405,-0.316,-0.549,0.249,-0.525,0.374,0.418,0.318,1.259,0.187,0.954,-2.659,0.665,-0.097,-0.074,0.993,1.531,-1.208,0.04,-1.312,-0.835,0.153,-0.675,-0.582,-0.839,-0.693,0
0.175,0.252,1.208,0.866,-0.115,-0.207,-0.304,0.715,0.103,0.295,-1.62,-0.28,-2.294,-1.844,-0.117,-1.441,-0.2,-1.647,-0.554,0.917,-0.5,-1.37,-0.589,0.585,0.152,0.152,1.154,0.143,-0.467,0.669,1
0.803,-1.129,-0.542,0.715,-0.218,0.255,1.789,0.838,-0.862,-1.981,-0.568,-0.788,-0.204,-0.829,0.82,-0.891,-1.5,-1.044,-0.136,1.539,1.615,-0.466,-1.084,2.413,0.298,-0.586,0.026,0.825,0.573,0.217,1
2.034,-0.895,-1.057,0.7,0.111,1.253,-0.117,0.243,-1.903,-1.512,0.855,-1.136,0.047,0.745,-1.1,-0.69,1.465,1.032,0.08,-1.976,0.234,-0.093,-0.377,0.624,0.125,1.366,-2.246,-0.699,-1.129,-0.508,0
0.322,1.631,0.392,0.098,-1.098,-0.619,-0.96,-0.998,-0.691,0.396,-2.535,-1.395,-1.85,0.57,-0.065,1.388,-0.88,-1.4,-1.457,2.222,-1.085,0.607,-0.354,-0.861,0.602,0.421,-1.5,0.568,-1.379,1.342,0
0.064,-0.571,0.921,0.91,-0.58,-1.349,-0.185,-0.394,0.508,-0.042,0.639,-0.925,0.479,0.079,0.458,0.387,2.104,-0.009,0.47,1.177,-1.031,-1.482,0.549,-1.663,0.233,0.329,-2.292,-0.934,-1.146,-1.433,0
-1.378,0.118,-1.028,-0.372,-0.933,1.16,-0.543,-0.313,-0.81,0.295,1.302,-0.376,-1.226,-0.85,1.667,0.49,0.042,0.594,-1.3,1.171,-0.065,0.188,-1.626,0.256,0.895,0.052,-0.883,0.315,-0.962,-1.298,0
-0.744,0.648,0.497,-0.431,0.463,-0.209,-0.647,-0.821,1.02,-1.082,-0.872,-0.344,-1.926,0.884,0.521,1.176,-0.171,-0.751,-0.599,0.813,0.367,0.874,1.074,-0.803,0.097,-1.69,-0.434,-0.051,0.402,0.568,1
-1.479,0.283,0.021,-0.781,-0.514,-1.354,0.675,0.487,-2.349,0.534,-0.123,0.673,1.67,0.858,-0.547,0.487,0.0,0.272,-1.057,-0.853,1.153,-0.047,2.11,0.456,0.497,1.533,-1.168,0.554,-1.379,0.976,0
-1.74,0.799,-0.91,0.456,-1.518,-0.184,-0.377,0.424,0.323,2.021,-0.384,-0.539,-0.679,-0.122,-1.847,-2.031,1.371,-0.181,-1.07,-0.431,-1.66,0.082,1.4,-0.219,0.005,0.695,0.546,0.7,0.175,0.741,0
-1.89,-1.559,-1.066,-0.807,-0.362,-0.359,0.277,-0.016,-0.916,0.628,0.264,0.1,-0.346,-0.589,-0.656,2.646,0.739,0.3,0.024,0.156,-1.094,-0.538,-0.873,2.11,1.983,0.886,-0.878,-0.316,-0.152,-0.389,0
0.187,1.557,-1.473,0.938,-0.735,-0.416,-0.087,-2.931,-0.854,0.817,0.899,-0.444,-0.568,-0.046,0.669,-1.905,-0.694,1.212,1.064,2.056,-0.984,-0.467,1.032,-1.881,1.14,-0.307,2.727,1.216,2.087,-1.477,0
1.401,-0.209,-0.26,-0.519,0.544,-0.517,0.865,-0.937,1.757,-0.016,1.761,0.241,-0.003,0.543,-1.058,0.184,-1.178,-1.6,0.2,-1.635,-0.705,0.064,-0.809,0.34,1.029,-0.761,1.292,-1.82,0.549,-0.894,0
0.924,-0.311,-1.294,1.526,0.666,0.2,-0.45,0.72,1.292,-0.502,-0.182,0.162,-0.079,0.821,0.806,-1.451,-0.797,-0.204,-0.578,0.347,0.372,0.172,-0.163,-0.506,0.782,0.199,1.332,0.08,1.823,-0.025,0
-1.164,1.729,0.539,-0.22,-0.168,-0.111,-0.542,0.25,0.716,-0.578,-1.572,-0.552,-1.842,-0.126,-0.891,1.096,-2.809,0.304,-0.445,0.214,2.527,-1.029,-0.17,0.694,0.218,-0.691,-0.616,1.512,-0.329,1.304,1
1.806,1.369,1.288,-0.927,0.48,-1.867,0.275,-0.715,-0.248,0.614,-0.856,-0.92,0.01,-0.707,0.972,2.468,0.708,-0.62,-0.295,-0.374,0.588,0.05,0.427,0.867,1.665,-0.728,-0.602,-0.498,-1.833,0.251,0
-0.812,-1.34,-0.735,-2.201,0.497,0.632,1.261,1.37,0.265,0.776,-0.283,0.972,0.7,0.127,-0.277,-0.246,-0.015,-0.445,-1.225,1.411,-1.641,1.089,0.47,0.101,0.051,-2.869,-1.283,0.776,-0.871,0.961,1
-0.494,0.737,0.446,0.102,1.077,1.286,1.387,-0.388,1.983,1.036,1.076,0.669,0.749,-0.071,0.236,0.418,-1.202,0.349,-0.701,1.31,0.74,0.978,2.378,0.037,0.168,-0.766,0.636,0.966,-0.652,0.454,1
0.108,0.878,0.2,-2.127,0.36,0.591,1.345,-1.833,0.215,0.355,-1.277,0.43,0.32,-0.479,2.062,-1.03,1.514,-0.184,0.154,0.968,1.63,-1.774,0.67,1.748,0.343,-0.715,1.194,0.122,-0.618,-1.748,1
0.887,0.775,-0.809,-0.108,-0.586,-0.046,-0.686,0.541,-0.463,-0.368,0.212,0.757,-0.03,-1.093,-0.543,-1.172,0.693,0.695,0.647,0.35,0.076,0.915,-1.053,-0.127,-0.746,-1.635,-0.083,-0.695,-0.651,-0.414,1
-2.441,0.097,-1.894,0.39,1.66,-1.555,-3.998,2.023,-0.513,-0.177,-0.827,1.451,-0.219,-1.081,1.555,-0.259,-0.637,1.089,1.291,-0.948,0.293,-0.714,1.265,-0.059,-0.225,0.143,-0.634,1.276,-1.141,-0.79,1
1.985,-0.341,1.085,-0.284,0.674,-0.819,-0.294,-1.46,0.179,-0.753,-0.083,-0.466,1.976,0.85,-0.745,-0.12,-0.476,1.066,-2.014,-0.188,-0.417,1.264,0.35,-0.606,0.009,0.91,-0.809,-2.902,1.591,0.264,1
-0.862,-1.784,-0.766,-0.269,0.58,-0.936,-0.114,-0.066,1.139,-1.39,-0.478,0.837,-0.617,1.073,0.857,-0.726,0.493,-2.062,1.114,-2.229,0.527,0.046,1.25,-0.755,-0.61,0.975,1.487,1.299,0.04,-1.039,0
-1.433,-0.947,-0.036,-0.526,-1.132,-0.324,-1.579,-3.091,1.275,-1.863,0.633,0.07,-2.439,0.234,0.007,-1.094,1.672,0.243,-0.971,0.211,-0.963,-0.595,-0.408,0.197,0.257,-0.11,1.571,1.197,1.483,0.266,0
-0.729,0.696,-0.305,-0.626,1.157,-1.784,-0.017,1.883,-1.078,-0.017,0.03,1.462,0.953,-0.09,-0.316,0.556,-0.191,0.812,0.963,1.528,-0.413,0.047,0.685,-0.198,0.115,-1.338,0.436,-0.423,-1.658,0.063,0
-1.145,-1.436,0.414,1.041,-0.797,0.047,0.389,-2.941,-0.782,-1.163,1.662,0.857,0.308,-0.916,-0.379,0.936,-0.748,0.782,0.004,-3.471,0.524,0.887,-0.094,0.029,1.385,-0.671,-0.931,-2.006,-1.292,2.933,0
0.102,-1.245,-0.377,-0.547,0.307,-0.388,0.289,0.519,0.272,-0.748,-0.572,-1.279,-1.442,-0.161,0.615,0.094,-0.116,-0.468,0.057,-0.244,-0.265,0.578,1.533,-0.413,-0.098,-0.387,-2.073,-0.06,0.669,-1.0,0
1.597,0.133,0.724,0.327,0.054,0.835,2.2,-0.343,0.397,-1.074,0.525,-2.318,-1.185,-0.802,-2.427,0.058,-0.728,0.292,-0.641,-1.141,0.127,1.162,0.837,1.945,-1.674,0.897,0.811,0.067,-1.545,1.048,1
0.204,-1.21,-1.399,-0.385,0.458,0.334,0.499,-0.391,-0.503,0.146,0.671,0.703,1.431,0.405,0.815,1.777,0.058,0.349,0.648,-0.238,2.507,-1.628,0.781,0.501,-0.697,0.379,0.285,-0.494,0.953,0.731,0
-0.519,0.071,0.391,-0.699,0.518,0.432,0.624,0.081,0.468,1.373,-1.165,1.923,-1.012,-0.048,0.165,1.29,1.566,-0.301,0.483,-0.904,0.562,0.413,0.005,-0.189,0.261,-0.947,-0.061,0.229,-0.232,-1.489,1
1.902,0.078,0.269,-1.716,-0.852,0.478,-0.861,0.701,0.805,-0.406,0.148,-1.123,-0.988,-0.773,-0.238,-0.28,1.522,-0.041,-0.384,-0.123,0.139,0.18,1.015,0.179,-1.844,0.517,-1.577,0.44,0.763,-1.3,1
1.515,-0.08,-0.277,-1.76,0.345,-0.1,0.033,-1.431,0.052,-0.296,0.498,0.609,0.431,-0.907,0.359,-0.707,0.276,-0.57,0.504,-0.784,-0.984,0.916,-0.478,0.059,1.567,-0.385,1.338,-0.741,-0.197,-1.196,1
-0.721,0.338,0.204,0.138,-1.641,1.476,0.751,-0.462,-0.722,-0.901,-0.317,0.888,1.516,-0.931,0.634,0.691,-0.068,-0.269,0.236,-0.434,-2.288,0.842,-1.096,0.165,-0.753,-0.714,0.048,0.413,-2.464,0.671,1
1.318,-0.882,0.074,-0.357,0.192,-0.651,-0.077,0.1,0.786,-1.534,0.294,-0.779,1.941,0.89,0.678,-1.397,-0.206,-1.636,1.107,-0.395,-0.903,-1.279,0.075,0.992,-0.206,0.755,-1.275,0.405,1.679,-1.569,0
-0.635,-0.77,0.035,-0.31,0.122,-0.122,0.936,-0.285,0.492,-0.056,0.056,-0.92,-0.799,0.865,-0.168,-0.642,0.465,-0.72,-0.916,-2.164,1.085,0.145,-0.647,-0.261,-1.266,0.223,0.857,0.706,0.204,0.829,1
1.994,0.12,-0.95,0.317,-0.838,1.276,-1.235,0.917,0.575,0.695,-0.31,-1.29,2.019,0.295,-0.352,1.027,0.277,0.934,0.155,-2.583,-0.011,-0.175,-0.968,0.162,-1.281,1.935,1.281,-0.533,-0.017,1.038,0
0.191,-0.798,0.903,-0.223,-0.04,-0.674,0.414,0.601,-0.846,0.897,0.273,0.262,1.169,-0.085,-1.016,-0.772,-1.312,-0.953,-0.296,0.29,-0.186,1.399,0.44,-1.236,-0.059,0.276,-0.279,0.382,-0.306,-1.389,1
-0.46,-0.372,-0.593,1.211,-1.175,1.403,0.624,0.936,0.552,-0.85,1.234,0.755,0.476,0.914,-0.829,-1.075,1.034,-2.314,-0.426,-3.156,-1.303,-0.083,-0.356,0.208,0.773,0.237,-0.219,-1.028,0.558,0.477,0
-0.411,0.678,0.454,0.338,-0.568,-0.473,0.087,0.331,-1.256,-0.137,-0.655,1.642,0.149,0.426,-0.492,0.701,-0.045,-0.643,-1.344,0.301,1.128,1.518,1.599,-0.188,1.673,-0.703,1.041,-0.33,-0.7,-0.075,1
0.414,-1.236,0.25,0.169,-0.356,-1.273,0.397,0.684,-0.157,0.169,0.144,-0.213,-2.493,-0.894,-1.396,-0.285,1.043,1.966,0.128,0.229,-0.713,-0.995,-1.406,0.357,-0.595,-2.32,0.005,0.036,-0.611,-0.772,1
0.343,1.237,0.174,-0.678,0.584,-0.483,-2.187,0.327,1.302,0.853,-1.371,-0.308,0.077,0.084,0.711,1.151,-0.898,1.486,-0.057,0.657,0.646,-0.226,-0.631,-0.074,-1.072,-0.189,-0.24,1.127,-1.557,0.957,0
0.487,0.03,-0.548,-2.438,0.884,1.002,0.197,0.541,-0.259,-0.316,1.127,0.217,0.115,0.855,1.461,-1.738,0.539,-1.101,-1.104,0.566,-1.127,0.571,0.256,-1.846,-1.214,0.41,-1.524,0.944,1.729,2.588,1
0.363,1.068,0.056,-0.675,1.81,-0.64,0.903,1.128,0.05,-0.727,0.014,-0.766,-0.371,-0.125,-0.073,0.443,0.814,1.025,-0.816,0.121,-0.896,0.312,1.327,-0.368,-0.263,0.033,2.14,-0.267,-0.499,0.1,1
-0.229,0.023,-0.344,0.646,-0.531,0.326,0.393,0.732,1.723,0.209,0.069,-0.519,0.576,0.403,-0.267,0.156,0.149,-0.835,-0.391,1.345,0.444,0.098,0.067,-0.933,-0.874,1.745,0.225,1.701,-1.909,0.605,0
0.782,-0.496,0.213,0.649,-0.145,-1.346,2.144,0.668,-0.039,0.381,0.038,-1.413,1.066,0.374,0.108,1.493,0.573,0.629,-0.825,-0.199,1.341,1.074,-0.356,-0.557,-1.399,-0.14,0.006,1.143,0.5,0.405,1
-0.403,-0.153,-0.608,-0.723,0.386,0.478,-1.01,-0.122,-0.898,0.159,1.63,1.41,-0.196,-0.328,-0.296,-0.094,-2.421,1.699,1.94,-0.249,-0.306,-1.409,0.403,-0.224,-0.033,-0.233,0.521,1.245,0.067,0.856,1
1.615,0.451,-1.164,0.955,-0.875,1.596,0.583,0.34,1.183,-1.045,0.918,-0.962,-1.4,1.764,-1.766,1.738,-0.292,-2.031,-1.62,-1.413,0.89,-0.736,0.374,0.376,0.709,0.163,-1.61,1.042,-0.885,1.649,0
1.864,-0.627,-0.705,-0.59,0.291,0.963,0.991,-1.573,0.179,-0.305,-0.521,0.925,0.882,-0.66,0.296,-0.007,-0.769,-0.556,-0.511,0.572,0.152,0.371,0.074,-0.317,1.521,1.009,-1.02,0.869,0.463,0.374,1
0.327,0.486,0.058,-1.142,-1.301,0.824,0.411,-0.603,0.934,0.414,0.019,-1.126,-1.124,-0.126,-0.726,-0.631,-1.671,1.727,-0.177,-0.149,1.078,-0.343,-0.443,0.132,2.477,-0.855,-0.295,-0.206,1.075,0.678,1
0.424,0.214,-0.534,0.125,-0.677,-1.127,-0.71,-0.043,1.571,1.714,-1.151,0.07,0.26,-2.927,-2.056,-1.697,0.303,-1.107,0.102,0.743,-0.542,-1.388,0.292,-1.992,1.191,1.545,-0.109,-0.049,-0.745,1.103,0
-0.383,0.305,-0.181,-0.766,-1.017,-1.386,-1.556,2.632,1.28,-0.879,1.789,1.356,0.555,2.284,-0.529,-0.231,-2.351,-1.021,0.34,-0.575,1.507,0.447,-1.191,-0.906,-0.29,-0.219,-1.655,0.4,0.378,-2.315,0
0.865,0.772,2.144,0.371,0.474,-0.122,-1.35,-0.563,-1.484,-1.734,0.03,0.605,0.936,0.057,0.947,-1.16,-0.337,-2.999,0.991,0.282,0.8,1.35,0.714,0.759,0.978,-0.259,1.075,1.34,0.907,0.201,1
-0.307,-0.448,0.324,-0.204,2.376,1.463,0.558,0.305,0.071,0.283,0.22,-1.081,1.568,-1.115,-0.136,1.165,2.554,-1.601,0.173,1.33,-1.922,-1.609,0.316,0.981,-0.726,-0.301,1.27,-0.475,1.704,0.532,1
-0.901,-1.202,-0.304,0.69,0.698,0.611,0.929,-1.511,-0.927,-0.316,-0.608,1.681,-0.616,0.342,0.051,-1.06,0.83,-0.76,0.977,1.058,-0.529,1.303,1.281,-0.094,-1.136,-0.854,0.137,0.77,-0.626,-0.348,0
0.215,-0.21,1.187,0.384,0.653,-1.426,0.18,1.323,1.418,-1.138,0.598,-0.141,0.907,-0.023,1.689,-1.429,1.304,0.568,0.26,-1.559,0.754,-0.278,-0.755,0.588,0.884,-0.568,-0.006,0.53,0.331,1.545,1
-1.027,0.104,-0.344,-2.127,-0.206,-0.73,0.409,-0.322,2.24,0.622,0.6,-0.438,0.429,0.201,0.224,-0.623,0.194,-0.305,-0.331,-0.375,1.719,-0.944,0.552,1.162,-0.005,-0.349,1.327,2.379,1.331,-1.442,0
-2.043,1.045,-0.567,0.869,-0.053,-1.146,0.335,1.118,0.038,-0.668,-0.497,1.418,-0.409,-0.095,-0.566,-0.399,0.711,0.585,0.772,0.726,0.52,0.272,0.285,0.031,-1.159,0.369,-0.376,-0.178,0.054,-0.561,0
-1.25,-0.088,1.174,1.404,-0.91,0.204,-0.39,-1.04,1.793,-0.497,1.213,-0.725,1.429,-0.868,0.629,0.54,-0.183,0.318,-0.312,0.947,-0.473,-0.752,0.051,0.554,1.294,0.144,-1.588,-2.279,-0.216,-1.336,1
0.3,-1.001,0.165,-0.612,-0.296,-0.768,0.032,2.049,0.992,0.726,0.433,0.726,0.827,-0.281,-2.203,-0.405,-1.358,0.456,0.964,-0.221,-0.539,0.945,-1.027,0.835,0.816,0.289,2.092,-0.157,-1.153,-0.864,1
-0.062,-0.389,0.055,1.734,-0.1,1.03,-0.032,-1.288,0.704,-1.087,-2.204,-0.055,-0.354,0.518,-0.65,1.389,0.336,-0.619,-0.515,-0.107,-1.101,-1.068,0.641,-2.572,-0.248,0.095,1.315,-0.03,1.416,-0.22,1
0.462,-1.531,0.887,2.291,-1.362,-0.136,1.471,-1.001,-0.849,0.621,1.264,2.091,1.036,-0.766,-3.147,-0.11,-0.406,-0.114,-0.169,-0.29,0.325,-0.452,-1.92,-2.392,-0.071,0.874,0.183,0.714,0.669,-0.373,1
1.027,0.135,0.363,-1.816,0.77,-0.255,0.212,-0.628,0.185,-0.695,-0.877,0.828,-0.555,0.727,-0.146,-0.651,-0.63,-0.137,1.076,-0.598,-0.226,-0.862,-0.528,-0.172,-0.261,-0.622,-1.905,-0.565,1.786,1.778,0
0.326,-0.208,-0.831,0.521,-1.388,1.244,-1.423,-0.21,1.082,0.192,0.19,-1.062,-0.318,-0.32,0.446,-0.28,-0.63,-0.483,-0.487,1.258,0.442,0.372,0.3,-0.354,1.987,-0.661,-0.125,-0.536,-0.448,-0.739,1
-0.321,0.111,-0.341,-2.147,-0.372,-1.2,-2.129,0.552,1.328,-0.021,0.765,0.549,0.342,1.516,0.876,-0.591,0.19,1.384,0.191,-1.626,-0.376,1.414,0.232,-0.635,0.619,0.038,-0.45,1.641,0.231,1.269,0
0.604,0.691,0.965,0.073,0.949,0.364,1.34,-0.046,0.226,0.333,1.144,-0.34,0.479,-1.042,2.689,1.892,-2.138,0.685,-0.339,1.319,1.397,1.111,1.101,-1.84,-1.48,-1.128,0.123,0.457,-0.703,0.074,1
-0.446,-0.675,-0.511,0.261,0.728,1.079,-0.582,-0.216,0.33,-2.415,0.787,1.698,1.659,0.02,0.825,1.586,0.17,-0.187,-0.553,-0.141,1.017,-0.352,0.237,1.277,1.455,1.17,0.255,-0.526,0.27,-1.468,1
-1.205,0.048,-1.227,0.759,-1.448,0.546,1.591,-0.68,0.627,1.39,0.985,-1.066,0.551,0.453,0.919,-0.111,0.521,-0.481,0.357,-0.972,0.129,-0.807,-1.343,-0.031,-0.073,-0.994,2.308,1.512,-0.485,0.566,0
1.503,-1.357,1.243,0.5,1.469,-1.013,1.092,0.596,-1.605,0.416,-1.506,-0.902,1.667,0.818,-1.188,-0.479,-0.363,-0.589,2.615,0.289,-1.915,1.162,1.221,1.709,-0.516,-0.644,0.302,-0.87,0.616,-0.119,0
-0.608,0.521,1.132,0.232,-1.235,0.716,1.017,-0.822,0.45,-0.33,0.081,-1.281,1.625,-0.431,-0.258,0.499,-0.464,0.192,0.458,-0.408,0.016,-1.038,-1.365,1.484,-1.598,-2.14,0.531,-0.242,1.016,-0.572,1
-0.022,-0.662,-0.554,-0.849,0.31,-0.004,0.729,0.573,-1.848,-0.273,1.127,0.656,-0.228,-0.69,-0.327,-0.645,-0.546,1.075,1.099,1.337,-1.891,1.298,0.096,-0.906,1.881,1.276,0.414,1.119,0.627,0.117,1
0.776,-0.627,-0.089,1.101,1.55,-2.204,1.183,-0.801,1.41,-0.899,-1.112,1.082,0.373,1.52,0.779,-0.534,0.118,0.611,2.021,-1.112,0.559,0.311,0.873,-0.852,0.042,0.001,-1.186,-0.074,1.349,0.839,1
2.473,-0.173,-0.203,0.255,0.192,0.228,-0.09,0.689,0.303,-0.85,0.191,-0.634,1.124,-0.3,-0.909,0.84,-0.253,-0.237,0.256,-0.291,-0.699,-1.463,1.758,-0.67,-0.786,-0.846,-0.925,-0.158,-0.941,-0.42,1
-0.311,1.507,0.457,0.145,0.148,2.09,0.591,2.001,1.435,1.153,-1.68,-0.586,0.959,0.196,0.778,1.177,-0.509,0.238,0.345,-0.52,-1.366,1.4,-1.147,0.353,-1.888,-1.34,-0.996,1.734,-1.282,0.905,1
-2.073,0.128,1.207,-0.501,0.7,-0.632,1.351,-0.726,-0.565,1.233,1.52,-1.334,0.389,-1.613,1.276,0.087,-0.101,-1.265,2.381,-0.287,0.873,0.865,0.036,-0.321,0.873,1.035,-1.046,-0.429,-0.376,0.581,0
0.353,-0.114,-0.281,0.708,-1.154,-0.001,0.129,-0.868,-0.794,-1.094,0.372,-1.449,-0.216,0.13,-0.072,0.919,1.248,0.346,0.519,0.071,-0.286,-0.306,0.142,-1.665,-0.471,-0.807,0.869,-1.119,-0.77,-1.767,1
1.208,-0.537,1.185,1.711,0.81,0.834,-0.447,-1.251,-0.958,2.727,1.673,0.279,-0.662,0.638,1.544,3.03,0.06,0.13,0.325,0.18,0.723,0.488,-1.443,-0.082,0.625,-1.788,0.402,0.59,0.264,-1.076,1
1.221,-0.286,1.11,1.052,-1.399,1.238,0.255,0.018,1.629,-0.551,0.236,-0.153,-0.687,1.26,-0.422,1.078,0.42,-0.214,-1.267,0.813,-1.11,0.36,1.433,1.556,-0.26,0.1,1.341,-0.307,1.365,0.502,1
-0.832,0.65,0.017,0.977,0.849,1.579,-0.478,0.218,1.225,-2.2,0.168,-0.065,0.856,-0.084,-0.357,-0.489,1.477,0.962,-0.682,-1.451,0.031,-0.23,0.008,-0.91,-1.223,-0.253,-0.135,1.577,-1.221,-0.63,1
0.644,1.302,1.389,-0.331,0.73,-0.139,-0.508,0.701,0.394,-0.108,0.252,0.362,-1.537,0.195,1.781,-0.615,0.477,0.189,0.452,-0.041,-0.133,0.719,-0.911,-1.206,-0.487,-0.286,0.269,1.503,0.489,1.151,1
-0.525,0.551,0.322,-0.783,1.828,-0.767,-1.532,-1.05,-1.57,-0.749,-0.921,0.235,-0.047,1.361,0.273,-0.539,1.499,-0.409,-0.581,0.287,0.263,-0.717,-0.878,0.327,1.373,2.329,1.696,0.862,0.353,-0.772,0
-0.931,-0.304,0.652,-0.985,0.082,-0.035,-0.172,0.617,-1.915,-0.992,1.425,-0.671,0.366,-2.143,0.386,0.731,-0.189,0.093,-0.175,-0.413,0.949,-0.265,-0.272,0.964,-0.883,0.374,-1.247,-0.868,-0.592,1.197,1
1.015,0.2,0.019,0.215,1.296,-1.186,1.634,-0.301,-0.753,-0.968,-0.45,-0.413,2.341,-0.211,0.705,0.08,2.161,-0.336,-1.731,0.695,-0.337,0.267,-0.886,-1.174,-0.137,-1.645,0.31,0.104,0.058,-0.913,0
-1.843,1.738,-0.612,-1.031,-1.164,-0.186,0.653,-1.002,0.825,1.803,-0.444,1.41,0.367,1.221,-0.675,1.201,-0.489,0.122,-1.75,0.908,1.284,-0.67,-0.169,-0.958,0.048,-1.218,-0.63,-1.265,-1.763,0.567,0
0.541,1.165,0.475,-1.787,0.105,-0.162,-0.841,-2.556,0.094,1.572,-1.091,1.013,-1.358,0.606,1.054,0.336,-2.15,0.658,-0.672,-1.285,1.446,0.477,-0.523,0.158,0.084,-0.446,0.536,-0.449,0.144,-0.175,1
-0.488,0.291,0.44,0.086,-0.973,0.703,-0.863,-1.571,0.566,0.086,0.826,0.362,-1.122,-0.092,-0.106,0.959,0.894,0.874,-1.709,-0.274,-0.863,-0.356,-0.773,0.347,-0.357,-0.609,0.36,-0.819,1.09,1.236,1
1.563,-0.973,1.073,-2.089,-1.777,0.269,0.847,0.763,-0.862,0.357,2.05,0.724,-0.824,0.412,0.889,-0.023,0.637,-1.7,1.336,1.637,0.913,1.005,0.913,-0.88,0.242,-0.861,-0.391,1.074,1.608,1.053,0
-0.771,0.709,-1.589,-1.468,-0.407,0.984,0.569,-0.854,-0.153,-0.378,-0.159,0.508,-0.26,1.511,-1.168,0.879,0.111,-1.223,-0.128,0.6,-0.092,-2.07,0.583,1.268,2.066,-0.111,-1.241,0.101,0.609,1.095,0
-0.674,1.162,1.12,-0.13,1.418,1.247,-0.33,0.603,0.608,0.387,1.448,0.397,1.137,-0.123,-0.566,0.594,-0.581,0.136,0.279,0.943,0.706,0.324,-0.934,0.404,1.869,-0.609,-0.297,-0.562,1.951,-1.431,1
0.705,-0.805,-0.285,-1.334,-0.489,0.212,-1.142,1.655,-0.679,-0.056,-0.952,-0.306,-1.169,0.603,1.151,0.641,0.601,0.771,-1.345,-0.15,-0.627,-1.221,-1.079,0.233,1.559,0.208,-0.448,0.169,0.021,-1.896,1
0.37,-1.03,0.014,-0.208,-1.117,0.069,-0.281,0.519,1.379,-0.172,-1.317,0.385,1.748,0.351,-0.682,0.737,0.244,-0.986,0.249,-1.111,1.359,1.948,0.883,-0.414,1.996,-0.957,-0.42,-0.113,-0.485,2.798,1
0.017,-0.172,1.139,-1.621,1.016,0.777,0.079,-1.715,-0.293,0.65,-1.439,2.06,0.688,0.802,1.661,0.599,0.065,0.407,1.198,0.843,2.489,-0.705,-0.59,-0.846,0.18,1.721,-2.456,0.874,-1.555,0.53,0
1.921,1.173,0.253,-0.902,0.007,0.067,1.266,-0.099,0.383,-0.269,2.039,-0.26,0.899,0.675,-2.533,0.014,0.35,1.439,1.41,-0.717,-0.324,-1.225,0.496,0.052,0.03,-1.022,0.397,2.11,-0.687,0.188,0
1.85,1.956,0.143,1.291,-2.368,-0.213,-0.22,-0.446,0.692,-0.787,0.734,-0.986,-0.322,1.164,-1.751,-0.845,-1.056,-0.348,0.531,-0.19,-1.094,0.424,0.681,-0.313,0.381,0.017,-0.189,0.884,0.315,0.077,1
1.007,-1.796,0.47,1.628,-0.628,1.252,-1.472,-1.556,-1.842,-0.377,0.498,1.983,-1.519,-0.859,-2.343,0.151,-2.108,0.587,1.326,-0.714,-0.052,0.455,0.027,1.831,-0.926,0.067,-0.712,0.607,0.078,-2.081,0
-1.695,-2.275,-1.342,-1.384,1.149,0.855,-1.485,-0.932,0.185,-1.127,-1.01,-0.861,0.887,-1.611,0.759,-0.831,0.206,1.772,1.189,-0.754,1.338,-2.363,0.734,-0.451,0.76,0.482,-0.804,0.082,0.538,-0.441,0
0.713,-0.031,-1.513,0.171,0.921,-1.467,0.21,-0.572,1.762,1.052,-1.064,-0.717,0.612,0.419,-0.997,0.404,-0.336,0.958,0.021,0.583,-0.415,1.186,0.337,-0.392,0.99,0.829,0.783,0.483,-1.012,-0.006,1
1.054,1.678,-0.721,-1.534,1.713,0.757,-1.674,0.793,-1.044,0.303,0.655,-0.413,1.487,0.757,-0.869,-0.263,0.078,0.773,-0.38,-1.426,2.038,-0.887,-1.432,0.293,1.162,-2.342,-0.191,-2.979,-0.609,0.366,0
0.718,-0.039,-0.339,0.652,0.443,2.074,0.269,-1.001,-0.812,0.379,-0.058,0.271,-0.476,0.107,-0.791,0.268,-0.582,-0.343,0.49,0.861,1.926,2.175,-0.333,-0.027,0.576,-0.938,0.059,0.29,0.326,-0.255,1
-1.737,0.874,0.35,-1.223,-1.034,1.31,1.526,1.287,-0.496,0.454,-0.885,0.533,-1.028,0.014,0.476,0.256,-0.801,1.364,-1.316,-1.103,1.499,0.164,0.395,0.356,-0.613,0.455,-0.921,0.536,0.082,0.383,1
2.328,-0.01,-0.685,-0.996,0.703,1.005,0.418,-0.298,0.844,-1.426,-0.359,-1.008,-0.44,-1.498,0.7,1.41,-1.282,2.523,1.381,0.482,-0.293,-0.367,-1.676,0.242,1.615,0.506,-1.032,-1.767,1.774,-0.101,1
-0.523,1.232,-0.215,0.05,-0.375,1.24,-1.598,1.781,0.285,0.672,-2.12,-1.153,1.65,-0.2,1.815,0.113,0.343,0.85,1.24,-0.5,0.123,0.393,-1.155,2.669,0.732,-0.165,-0.286,-0.767,0.092,0.772,0
0.215,-2.292,0.591,-0.592,1.298,-0.99,1.181,0.633,-1.26,0.07,-1.595,0.447,-0.818,-1.822,-0.899,-1.765,0.944,1.428,-0.433,0.753,1.072,-0.77,-1.835,0.598,-0.67,-0.354,-1.509,-0.581,-0.078,1.049,1
0.902,0.065,-1.379,0.158,-0.257,-0.205,0.43,-0.711,2.198,-1.302,1.568,0.256,-0.991,-1.344,-2.286,1.549,-0.027,-1.378,-1.08,-0.691,-2.091,-0.784,-0.505,-0.079,0.679,-1.178,1.103,-0.419,-1.125,-0.448,1
1.383,0.52,-1.792,-0.179,0.348,-2.42,1.345,-0.471,-0.83,0.744,0.749,0.363,-0.279,-0.537,1.976,-1.204,0.047,0.217,-1.119,0.229,1.693,0.675,1.096,0.061,-1.438,0.732,0.241,-0.233,-0.661,0.43,1
0.143,1.32,1.073,1.045,0.905,-0.283,-0.059,1.376,0.995,-1.791,-0.263,1.957,0.015,-0.397,-0.211,0.941,0.346,-1.377,-0.879,-0.324,0.405,0.135,0.349,0.009,1.529,-0.609,-0.966,1.562,-0.578,0.9,1
0.836,-0.89,1.848,-0.237,1.428,0.578,-0.786,0.929,0.895,2.14,0.371,2.666,0.012,-0.041,-0.426,-0.139,0.381,-2.522,-0.489,-0.184,-0.661,-0.211,-0.415,0.18,-1.713,1.705,-0.791,-0.76,-0.493,-0.203,1
1.048,-1.293,-0.135,-0.493,0.577,1.701,-1.076,-0.847,-1.77,-0.144,0.105,1.181,-1.6,-0.68,1.179,-0.621,0.864,0.179,-1.089,1.367,0.353,1.349,2.33,-0.566,-0.977,0.243,1.106,-0.235,-0.69,0.243,1
0.794,-0.072,0.367,-0.238,-0.076,1.613,-0.676,1.001,-0.399,0.551,0.02,0.472,0.945,1.275,0.003,-0.222,-1.088,0.502,1.214,-0.879,-0.828,-0.972,-0.428,-0.435,-0.569,-0.167,0.036,-0.303,-0.258,-0.515,1
0.658,-1.579,-0.173,-0.158,-0.532,-0.224,1.551,0.953,0.697,-1.708,-0.712,-1.014,-0.647,0.343,-2.976,-1.772,-0.067,-1.102,0.822,0.505,1.076,0.106,1.066,1.071,-0.024,-0.682,0.87,0.334,-0.71,-0.603,0
-1.04,-0.75,0.921,0.045,0.476,1.386,-1.917,-1.439,-0.407,-0.825,-0.764,0.757,0.857,-0.14,-0.791,0.267,1.546,-2.139,-1.358,-0.124,-0.526,1.233,-1.479,0.696,-0.755,-0.854,0.535,-1.633,-0.216,-0.814,1
1.599,-0.676,0.856,0.704,-1.269,1.703,-0.429,2.405,-1.106,0.373,2.403,0.086,0.304,-1.147,1.353,-0.506,0.158,-0.018,1.365,0.516,0.878,1.466,-0.603,0.558,0.406,-0.511,0.014,-0.734,0.835,-0.919,1
0.462,-0.445,-0.107,0.17,-0.679,-0.189,-0.618,-0.557,0.461,-0.136,0.112,-0.806,1.407,-1.611,-0.008,0.338,0.258,1.055,0.227,-0.792,-0.202,2.826,-0.326,-0.702,-0.301,-0.679,-0.59,-0.255,-2.247,-1.767,1
-0.561,1.25,1.53,-0.189,0.2,0.955,-0.221,2.265,0.149,-0.541,1.173,-0.563,1.531,-1.56,-0.833,-1.373,0.697,0.571,-0.181,1.978,1.265,-1.212,-0.058,0.035,1.703,-0.903,-1.028,-1.461,2.428,-1.197,1
-0.118,0.678,-0.464,-1.016,0.861,2.488,-0.162,0.956,1.344,-0.637,0.986,0.895,-0.404,1.042,0.281,-0.453,0.027,-0.825,0.637,0.127,-1.35,0.672,-1.832,1.594,-1.952,0.451,0.797,-0.769,0.074,1.276,1
-0.529,-0.053,-0.307,0.414,-1.754,0.051,-0.377,-0.117,-0.274,0.715,1.063,0.023,0.402,2.026,0.506,0.34,0.482,1.391,-0.868,-0.324,0.607,-0.452,-1.19,-1.938,-0.58,0.444,0.513,0.551,0.877,-0.462,0
0.325,-0.316,0.606,0.97,-0.791,-1.025,0.653,-0.414,-0.15,-0.541,1.128,0.272,0.372,-1.334,-1.821,-0.813,-1.688,0.432,-0.058,0.161,-0.538,-0.135,-0.364,-1.27,-2.837,0.595,1.203,-0.402,-0.831,1.038,1
1.866,-0.456,-0.916,-0.027,-0.865,-0.066,-0.286,-0.893,-0.053,0.546,-0.101,0.194,-0.562,-2.257,1.463,-1.025,0.997,-0.007,-0.444,-1.246,-0.643,1.104,-0.87,0.661,-0.012,0.746,0.179,1.5,-2.319,0.504,1
-0.206,0.459,-0.38,-0.721,0.823,1.981,1.462,-0.346,-1.908,0.217,1.211,0.176,1.835,0.772,-0.497,0.361,-0.44,0.706,0.128,-0.47,1.867,-1.393,0.678,-1.573,0.402,0.537,-0.321,-1.653,-1.058,-0.507,1
-0.221,1.158,-1.513,-1.745,0.74,0.111,0.899,1.079,-1.15,-0.281,-0.83,-0.705,-1.081,-2.071,0.942,2.314,0.646,0.326,-1.451,-0.664,-1.429,2.007,1.052,0.555,1.323,-0.957,0.979,0.401,1.298,-0.244,1
0.375,-0.703,-0.75,1.128,-0.022,-0.196,-1.601,0.154,-1.281,-2.205,-0.129,-0.279,0.143,-0.311,0.149,1.45,0.245,-0.081,-1.257,-1.077,-1.426,1.803,-0.487,0.01,-0.143,-1.321,0.658,-1.423,1.426,0.395,1
0.309,0.34,-2.844,0.651,0.953,0.462,-0.977,0.229,-1.84,-1.407,0.736,1.026,-0.829,-1.302,0.499,0.146,-0.158,0.563,-1.038,1.341,-0.711,-1.2,-0.849,-1.322,-0.909,0.57,3.214,-0.786,-1.006,-1.402,1
0.547,-0.194,-0.864,-0.988,-0.376,0.03,0.403,-0.392,-0.281,0.753,-0.049,1.305,-0.755,2.068,0.389,0.957,1.544,0.566,-0.177,-0.913,0.722,-2.214,-0.638,1.596,-0.187,0.778,-0.465,-0.416,-0.375,-0.216,0
-0.841,0.106,2.433,0.504,-1.238,0.6,1.126,-1.173,0.407,-0.259,-1.365,-0.048,-1.599,-0.146,-0.776,-0.181,-1.992,-0.057,-1.389,-0.09,-0.185,-0.457,0.408,0.365,0.171,1.324,0.131,-0.569,-0.934,0.555,1
-0.542,0.517,0.804,-0.133,0.294,1.482,0.233,1.481,-0.168,-1.302,-0.336,-0.767,1.617,0.715,0.075,1.331,0.402,-0.135,0.676,1.322,-0.859,-1.707,0.372,1.174,0.733,-2.137,0.804,0.294,1.016,1.477,1
0.843,-1.822,0.398,0.097,0.122,0.712,0.806,0.31,0.552,1.038,-0.15,0.327,0.889,-0.567,-1.018,1.004,0.85,0.706,-0.929,0.125,-0.72,-1.312,-1.808,-0.456,-1.678,0.637,-0.789,-0.699,0.561,0.835,1
-0.664,-0.747,0.784,0.491,0.729,-1.949,0.468,0.507,-0.453,1.027,-0.377,-0.03,1.044,2.004,0.995,-0.133,0.804,0.908,0.798,1.474,0.77,0.337,0.461,-0.707,-0.487,-1.648,-0.274,-1.164,0.171,-0.132,0
1.373,1.285,-0.669,-1.513,0.776,-1.086,0.628,-2.754,-0.179,-0.136,0.821,-0.949,2.372,0.619,0.341,-1.08,2.446,-0.82,-0.586,0.357,-0.228,0.002,1.41,0.85,0.098,0.241,0.217,1.718,-0.7,0.592,0
1.332,-1.319,0.03,-0.316,0.413,0.628,-2.164,0.95,-1.169,-1.006,1.549,1.247,-1.325,1.144,-0.437,0.806,0.227,0.103,0.125,-0.168,0.437,-0.061,2.316,-0.304,-0.639,0.278,-1.336,0.494,-1.204,0.398,0
-1.111,0.378,-0.91,-0.552,1.705,-0.535,1.219,-0.554,0.875,1.702,-1.792,-0.67,0.504,1.901,0.97,-1.777,0.171,-0.036,0.566,-1.046,1.296,2.11,0.054,-0.61,1.107,0.215,1.188,0.953,0.257,0.482,1
-1.905,-1.264,0.006,-0.017,-0.195,1.027,0.112,0.106,0.015,-1.299,0.866,0.906,-0.86,-0.948,0.839,-1.562,-1.116,-3.148,-0.697,-1.415,1.554,1.689,0.182,-0.493,-0.037,-0.149,0.431,-1.781,-0.177,-1.22,1
1.158,1.846,0.549,-0.13,-0.819,0.007,-0.631,-0.545,-1.77,-0.197,1.63,-0.851,0.401,-1.366,0.288,-0.003,1.229,-0.242,-1.417,1.03,-0.093,0.201,0.835,1.06,-1.638,0.818,-0.175,0.271,-1.906,-0.618,0
0.492,0.648,-0.274,-0.344,1.519,0.048,0.428,1.659,1.586,-0.298,1.346,0.829,-0.056,2.061,0.077,1.074,-2.029,-0.349,0.304,0.588,-1.367,0.66,0.581,-0.594,-0.51,0.096,-0.399,-0.074,-1.02,-0.352,1
0.092,0.569,0.683,0.648,-0.708,1.294,-0.388,0.148,-0.219,-1.092,0.063,-0.2,-0.032,-1.158,-0.793,0.465,0.823,0.544,0.708,0.997,-0.678,0.676,-0.847,-1.185,1.161,-0.428,-0.9,-2.575,1.107,-0.087,1
1.287,0.02,-0.351,0.372,-0.852,-0.721,-2.337,1.945,-1.33,0.335,0.895,1.502,0.613,2.571,0.219,-0.16,0.207,-0.07,-0.396,-0.571,1.108,-0.037,0.511,1.595,0.097,-1.16,1.095,-1.343,0.376,-1.382,0
-0.126,-1.345,-1.758,-0.204,1.229,-1.853,-1.015,-0.311,-1.193,-1.34,-0.637,-0.263,-1.022,-0.167,-1.0,0.765,-0.405,0.139,-0.424,-0.695,0.132,0.341,0.585,0.598,-0.022,-1.28,1.174,-1.181,0.45,-2.163,1
0.262,1.587,-1.703,1.152,0.197,-0.46,-2.21,-0.26,-2.436,1.5,0.153,-0.059,-0.303,0.864,-1.201,-0.101,-0.018,-0.211,1.718,-0.623,-0.029,-0.606,-1.06,0.184,-0.854,0.787,-0.783,0.842,-1.135,0.65,0
0.768,-1.094,-0.649,0.945,0.085,-1.658,2.107,-0.66,1.536,2.136,0.586,-0.582,-0.765,0.261,-1.493,-0.254,-0.124,0.014,-0.983,0.709,0.332,1.93,-0.735,-0.246,1.101,-2.42,0.039,-0.011,-0.71,0.866,0
-2.202,-0.527,-0.417,-0.843,-0.421,-1.135,-0.375,0.927,0.04,0.297,-0.799,1.002,-0.184,0.039,0.639,0.262,0.493,-0.367,-0.407,0.773,-1.619,0.62,0.692,-0.323,1.606,-0.186,1.21,1.642,-1.924,-0.398,1
-2.153,-0.655,-1.699,-2.192,0.532,-2.004,-1.078,-0.914,0.149,1.303,0.269,0.16,0.608,0.71,0.924,1.672,-0.087,0.468,1.143,-0.006,0.334,1.358,-0.994,1.408,1.075,-0.285,0.54,1.605,1.303,1.369,0
-0.814,1.166,1.226,0.535,0.091,0.416,0.436,1.15,-1.117,-1.721,-0.525,0.351,0.222,0.491,-0.893,-0.441,-1.117,-1.676,-0.865,-0.577,1.719,1.33,1.444,0.919,-0.692,-0.692,-1.12,0.691,-0.26,-1.344,1
-0.366,-0.9,0.664,1.688,-0.899,-1.686,0.079,-0.045,0.871,0.77,0.368,-0.794,-2.968,0.264,0.411,-1.449,1.361,0.096,-0.659,0.0,-0.77,-1.106,0.931,0.628,0.905,-0.52,-0.4,-0.131,-0.307,-0.219,0
0.524,-0.908,-0.502,-1.615,-0.93,1.227,-0.514,-0.783,-2.342,-0.39,-0.446,0.561,1.331,0.944,-0.33,0.411,1.171,-0.205,0.494,-0.509,-1.703,0.687,2.106,-0.765,1.263,-0.899,0.631,-0.344,-0.099,-0.116,1
-1.308,0.562,1.34,0.781,2.082,-1.216,-0.155,0.894,-1.454,-0.821,-2.063,0.444,0.491,-0.833,0.161,1.405,0.797,2.17,0.064,-1.231,-1.426,-0.079,0.539,0.757,-1.215,0.259,-1.166,0.018,-0.71,-0.257,1
-0.014,1.903,0.784,-1.825,-1.099,-0.83,0.838,1.684,-0.093,0.442,0.936,-0.039,-0.979,1.395,-0.14,0.305,0.44,0.431,2.729,-1.155,-2.154,0.01,-0.799,-1.734,1.559,-1.474,-0.044,-1.767,-1.593,-0.82,1
0.757,0.292,-0.815,1.745,-0.038,-2.127,-1.075,1.575,-0.71,0.172,0.185,0.034,-0.498,-0.94,0.172,-0.647,0.176,0.038,2.159,-1.206,-1.024,0.45,1.876,0.375,-2.01,-0.045,-0.54,-1.015,1.004,0.217,0
1.144,1.058,0.833,-0.653,-0.41,-0.715,-0.97,0.478,0.282,0.755,-0.122,1.417,-0.411,1.104,-0.653,0.274,-1.603,-1.118,-1.048,-0.109,0.29,0.455,0.25,-1.572,0.248,-1.843,0.435,-1.226,-0.315,0.481,0
0.41,1.987,-0.474,0.562,-1.213,1.208,-0.956,-0.105,0.577,-1.445,1.139,0.852,1.019,-1.067,-0.976,0.365,-0.304,0.868,2.145,-1.113,0.439,-0.737,1.745,-0.062,-1.951,2.162,-0.474,2.748,-0.254,-0.677,0
-1.11,-0.201,-0.196,0.144,-0.257,-1.408,0.599,-0.685,-2.211,-0.016,-1.191,0.639,0.604,-1.689,-1.424,0.631,-1.803,-0.534,1.5,2.954,0.34,0.367,-0.344,-1.082,-0.116,-0.556,-0.507,-0.155,1.417,-0.034,1
0.077,0.497,0.759,-1.325,-1.255,-0.423,0.583,-1.048,1.502,0.707,-0.217,-0.619,-0.16,0.374,0.654,-1.301,1.096,2.518,0.03,-1.384,-0.864,-0.864,-0.042,0.019,-1.068,-0.336,0.68,0.526,-1.089,-1.544,0
0.108,0.776,-0.783,-0.442,-0.237,-0.654,1.259,0.395,-0.171,1.32,-0.806,1.48,1.229,1.112,-0.089,-0.552,-1.708,-0.386,-1.437,2.072,0.85,-0.135,0.124,0.568,0.082,0.037,1.506,-1.362,0.974,2.309,1
-0.158,-0.796,1.008,-1.756,-1.912,-0.624,-1.593,0.454,0.106,-0.286,-0.898,-2.029,0.524,2.189,0.168,-0.776,-1.324,2.225,0.641,0.448,-0.667,-0.142,0.927,-0.946,0.073,0.4,0.173,0.382,0.92,-0.919,0
0.755,-0.639,-2.831,-1.085,-0.341,0.883,-0.368,0.936,-0.028,1.219,-1.202,-0.658,1.196,1.122,0.022,-0.911,1.062,-1.446,2.643,0.178,-0.734,-0.501,-1.018,0.25,1.661,1.993,0.419,-0.685,0.224,1.456,0
0.172,-0.077,0.499,0.603,-0.328,2.265,-1.914,-0.516,-0.04,1.485,-0.553,-0.546,-0.343,0.173,0.178,-0.098,0.437,-1.242,-1.004,-0.254,-2.612,0.933,-1.032,0.074,1.0,-1.881,-0.567,-0.404,0.316,-0.525,1
-0.11,0.468,-0.408,-0.514,-0.525,-0.859,0.853,0.338,0.313,0.16,-0.092,-0.796,1.298,-0.173,-0.453,-0.689,-0.168,-0.265,-1.187,0.542,2.177,-1.85,-0.273,0.382,-0.097,-0.394,1.034,-1.005,-0.274,0.697,1
-0.49,0.077,-0.166,-0.4,0.38,-1.045,-1.683,-0.849,0.894,-1.374,1.066,0.256,-2.157,-1.02,0.214,0.048,1.314,0.658,-0.912,-1.526,-0.169,-0.646,-1.298,-2.498,-1.045,-0.031,0.878,0.34,0.858,1.367,1
-0.186,0.183,1.13,0.109,-0.802,0.096,1.169,-0.288,-1.451,-1.216,-0.702,-0.539,-0.024,1.483,0.892,1.306,-1.342,-0.292,-2.481,-0.849,0.143,-1.487,-0.603,-0.357,-0.81,1.396,-0.45,1.11,-0.078,-1.651,1
0.733,0.335,-1.311,-0.214,0.537,-0.424,0.035,-1.921,1.136,0.607,-2.163,-1.433,-1.014,0.009,0.844,0.348,0.546,0.559,0.564,1.398,-0.106,0.22,0.105,-1.284,1.22,0.439,-0.024,-0.578,-0.159,0.377,1
-0.748,0.724,-0.021,-1.825,0.712,0.583,-0.776,0.488,1.081,0.617,1.041,2.285,-0.011,-0.884,-0.557,-0.349,-2.08,-1.166,-0.99,-0.327,0.379,-0.02,-0.581,0.507,-1.245,0.285,-0.086,-1.006,1.756,0.257,1
-0.999,-1.476,-1.222,2.95,0.087,0.002,-0.293,0.497,0.246,1.127,-2.032,-1.932,1.007,0.005,2.499,-0.0,0.403,2.051,-2.74,-0.687,-0.327,0.806,-1.887,-1.078,0.859,-0.567,1.383,0.502,0.61,-0.209,0
0.561,1.146,-1.673,-0.316,-0.569,-0.207,-2.213,-0.387,1.167,-1.139,-0.328,0.152,-0.562,0.914,0.613,0.158,-0.344,-0.476,-1.026,-0.655,0.722,0.827,0.795,-0.494,0.511,0.744,-0.001,-0.353,0.099,0.352,0
-0.559,1.515,-0.137,-2.428,1.678,-0.596,-0.614,1.575,-1.481,-0.516,-0.524,0.342,0.357,1.304,-0.527,0.227,1.022,0.336,-0.038,-0.383,0.817,-1.242,0.288,-2.953,-0.088,0.841,-0.058,-0.092,0.317,0.901,1
0.012,-0.73,-0.19,-2.344,0.392,-0.064,-0.196,-1.048,1.285,-0.543,-0.507,-1.015,-1.52,-0.305,0.079,-0.914,-0.869,-0.149,-0.134,0.397,-0.096,0.487,1.75,-0.819,-0.411,-0.724,-0.023,-1.53,-2.112,-0.802,1
-0.506,1.974,-0.394,1.441,0.145,-0.016,-0.483,-0.672,-2.004,0.796,1.407,0.537,-0.447,0.373,-0.86,-1.455,0.497,-0.3,-1.865,-0.999,0.756,-1.7,-0.65,-0.323,-0.4,0.734,-0.604,-0.256,-0.878,-0.802,0
-0.219,-0.237,1.792,0.086,1.012,-0.178,-0.05,-0.742,1.756,-0.11,1.897,0.614,-2.053,0.413,-0.541,-0.625,-0.652,0.838,-0.865,1.368,0.253,2.366,-1.061,1.759,0.325,-2.125,-0.914,-0.795,-0.511,1.108,0
1.265,-0.03,-0.692,-0.652,0.28,-2.112,0.003,-0.793,-0.032,-0.181,0.362,0.065,-0.862,-1.745,0.93,0.476,0.751,-1.126,0.639,0.725,-1.783,-0.779,0.454,-0.644,0.376,0.863,0.73,-0.769,-0.579,-0.266,1
-1.376,0.859,-3.048,0.587,-2.196,0.997,2.58,0.604,-1.324,0.953,-0.476,1.275,0.244,-0.944,0.808,-0.811,1.453,-0.402,-0.962,-2.172,-2.015,0.828,0.455,1.209,-0.82,-1.467,-0.553,0.57,-1.458,0.247,1
-1.344,0.474,0.264,0.313,1.449,2.367,1.08,-2.527,-0.321,-0.169,0.452,-1.03,1.776,0.023,-1.613,-2.088,0.166,0.364,-0.262,0.622,-0.387,1.366,0.646,0.462,-0.133,0.286,-0.678,-1.218,0.342,-0.206,0
1.39,-1.182,0.807,1.476,-0.84,0.976,-0.498,1.149,0.987,-0.539,-1.524,-0.178,0.805,0.527,-1.108,-0.05,0.012,-0.863,0.196,0.214,-0.519,1.448,0.202,-0.799,-0.886,-0.372,0.834,1.571,0.031,-0.071,1
-0.112,-0.681,-0.938,-1.062,0.899,-1.365,-0.299,-0.139,-0.438,0.375,0.963,1.897,0.181,2.049,0.571,-0.163,-0.203,-1.694,1.046,2.12,1.505,-0.488,0.432,0.358,-0.471,-1.608,0.634,-0.263,-1.016,-1.443,0
0.17,1.338,1.223,-0.736,-0.745,-1.169,-0.327,0.488,0.638,-0.891,1.311,-1.421,-0.022,0.205,-0.351,0.547,0.31,-0.931,0.2,-1.375,0.567,1.31,0.67,-1.395,-1.588,1.738,0.08,0.932,-0.922,0.276,1
-0.74,0.093,0.288,0.392,-1.324,0.311,-0.329,-0.062,-0.448,0.039,-0.73,-1.248,-1.011,-0.086,0.204,0.007,-1.73,0.057,-1.526,0.257,-0.332,-1.344,-0.309,-1.893,-0.147,1.459,1.616,0.779,0.278,0.657,0
-0.768,-1.228,1.042,1.259,0.076,2.816,-1.338,-1.102,0.853,0.596,-1.263,-0.31,0.09,1.319,0.257,0.388,1.865,-1.222,0.372,-0.572,0.901,0.84,-0.301,-0.191,-0.311,0.708,-1.434,1.462,-0.182,-0.219,0
0.682,-0.971,0.904,-0.103,2.032,1.503,0.74,-1.143,0.171,1.278,0.66,-0.019,1.292,-0.861,-0.188,0.26,-0.352,-0.034,0.979,-0.332,-1.793,-0.33,0.282,0.316,-1.403,-0.464,2.252,0.622,0.565,1.595,1
0.049,-0.87,0.08,-0.201,0.972,0.285,0.632,0.006,-1.979,-0.055,0.769,-1.226,-0.734,-0.436,0.325,1.029,1.603,-0.898,-1.138,0.304,-0.222,0.21,0.304,-1.089,-0.146,0.33,2.96,0.278,-0.375,1.728,1
0.562,-1.333,0.463,1.033,1.081,-0.852,1.324,-0.758,-0.058,-0.154,-2.198,0.774,-1.224,-0.857,-0.552,0.332,0.069,1.414,0.163,-0.603,-1.262,0.737,0.234,-0.677,0.629,-0.058,-0.629,0.725,1.718,-0.257,1
1.443,0.743,0.253,0.747,0.931,1.141,-1.898,-0.236,-1.251,-2.051,2.203,-1.298,1.056,0.03,-1.043,-0.688,0.701,-0.009,-0.064,-0.596,-0.667,0.29,0.693,0.322,-0.521,-0.889,0.254,-0.092,-0.684,1.029,1
0.4,0.209,0.332,0.283,-0.807,0.308,0.42,0.708,0.639,0.656,-0.893,0.43,0.17,-1.478,-0.309,-0.759,1.093,2.117,-0.976,0.51,-1.971,0.938,0.02,-1.104,1.078,-1.203,-1.188,-0.75,-2.54,0.532,0
1.404,1.103,1.558,0.864,0.966,1.219,0.155,0.711,-0.671,-0.147,1.206,1.265,0.912,0.993,-1.861,-1.279,-0.859,-0.71,-0.071,0.165,-1.384,-1.392,0.66,0.763,-0.883,-0.734,0.32,-0.095,0.222,0.054,0
1.352,-0.828,0.061,0.351,-0.534,-0.024,0.107,0.048,-0.483,0.473,2.367,1.332,-0.337,-0.677,0.11,1.111,-1.577,-0.53,1.842,-0.294,-0.498,0.627,-0.91,-2.029,-0.877,0.461,-0.157,-0.936,-0.977,-0.254,1
1.138,0.359,-0.708,-0.377,1.488,0.802,0.788,1.111,0.396,-1.037,1.599,-0.118,-0.644,0.709,1.934,0.468,-0.707,-0.62,2.701,0.291,1.855,1.953,0.983,-1.276,-0.65,1.09,0.895,0.336,-0.494,-1.988,0
-0.715,-0.612,0.585,-1.111,1.121,0.15,-0.962,-0.185,-0.204,-0.196,-1.147,0.918,0.116,-0.017,0.771,-1.472,1.365,1.247,0.771,-0.522,-0.661,0.326,0.663,-0.204,0.3,-0.101,-1.489,-1.335,0.973,-1.186,1
-0.902,-0.026,-1.379,-0.789,-0.457,0.275,0.809,-0.041,-0.222,0.105,-0.685,0.957,0.571,-0.637,0.816,-0.514,0.246,1.074,-0.187,-2.127,-0.003,0.125,1.349,-0.099,0.99,1.265,1.493,-0.734,-2.528,0.072,0
0.547,-0.715,1.008,-0.632,-1.347,-0.468,-0.096,0.406,1.603,0.081,-0.813,-1.717,1.121,0.875,1.464,0.542,-0.986,0.945,0.792,-1.865,0.809,-0.263,-0.826,-0.306,-1.064,-1.539,-1.691,-1.12,-1.192,0.366,1
0.322,1.186,0.613,1.725,0.928,-0.082,0.298,-0.056,-1.565,-0.04,0.154,0.893,1.353,-0.662,-0.264,1.152,0.64,-0.798,-0.29,0.339,-0.547,0.685,0.122,-0.636,0.571,-0.629,1.859,1.005,0.507,-0.566,1
0.256,2.622,0.047,1.898,0.21,-0.197,-0.236,-2.368,-0.57,0.453,-0.552,-1.283,0.285,0.211,0.954,0.45,1.16,0.409,-0.933,-1.199,0.18,0.264,1.638,-1.146,0.976,-1.319,-0.567,-0.51,-1.523,1.794,1
1.306,0.434,-0.715,0.738,-0.336,-1.329,-1.323,-0.875,0.155,0.972,-1.1,1.813,0.875,-1.333,-1.159,-0.54,-0.157,-1.627,-0.285,-0.489,-1.233,-0.911,1.027,-0.609,-0.669,0.276,1.385,-0.5,-0.866,0.375,1
-0.207,1.141,0.018,-0.13,1.106,2.188,-0.314,-0.274,0.22,-0.94,0.043,-0.664,0.879,1.673,0.303,-0.902,0.79,1.538,-0.507,-0.683,1.204,2.023,0.533,-0.029,-1.683,-0.591,0.797,0.048,0.102,-0.31,0
0.776,0.128,1.604,-0.171,-1.867,-1.53,-1.073,-1.854,-0.332,0.598,0.097,0.173,1.389,0.606,1.655,-0.35,0.906,0.581,1.336,-0.134,0.052,-0.798,-2.197,1.086,1.469,1.458,0.706,1.092,-0.02,0.544,1
1.012,-0.075,0.055,0.289,-1.151,1.863,-0.28,0.168,-0.379,-2.08,1.389,-0.766,0.454,-0.219,1.439,-0.879,0.335,1.228,0.565,-0.044,-1.224,-0.983,1.191,-1.296,0.762,0.984,0.279,0.712,1.272,-1.628,0
-0.903,0.742,1.835,-0.243,0.003,-0.01,0.57,1.097,0.658,-1.27,0.008,-0.062,0.261,1.159,-0.539,1.455,-1.468,-0.332,-2.272,1.215,0.063,1.326,0.868,1.891,0.174,-0.729,-0.904,-1.308,0.999,0.788,1
0.242,0.084,-0.295,-1.531,0.184,1.223,0.383,-0.202,-0.009,0.29,-0.753,0.222,0.447,0.245,0.634,0.209,0.129,0.245,-1.06,0.366,-0.309,-1.132,-0.125,0.09,-0.735,-0.185,0.848,-1.083,-0.249,-0.174,1
-0.702,-0.071,0.337,0.247,-0.934,-0.242,1.631,-1.407,0.503,-0.13,0.533,-1.637,-0.027,-0.435,0.737,2.816,-0.934,-0.412,0.313,0.409,0.794,-1.266,1.128,-1.35,-2.333,-0.113,-1.632,0.205,0.251,0.404,1
0.635,-0.857,0.577,1.967,0.491,1.186,-1.298,1.468,0.476,0.333,-1.447,1.13,0.698,-1.354,0.533,0.055,-0.681,-2.063,-0.749,1.68,-1.171,-0.649,0.442,-0.553,-0.916,-2.201,1.727,0.127,-0.537,0.39,1
1.112,0.467,-0.424,0.644,0.162,0.078,0.341,-1.392,0.055,1.17,-0.535,0.055,0.922,-1.537,0.545,-2.199,0.669,-0.782,0.404,1.021,0.18,1.132,0.596,0.645,-0.291,0.032,-1.266,0.74,-2.471,-0.756,0
-1.189,-0.366,-0.054,0.339,-0.929,-0.51,0.25,0.828,-1.095,0.081,-0.796,-0.436,-1.19,1.504,0.612,-0.378,-0.402,1.104,0.287,-0.11,-2.272,-0.166,0.054,-0.282,0.777,-1.137,0.435,-0.581,1.288,0.618,1
0.154,0.434,-0.07,-0.182,0.002,-0.098,1.598,0.761,-0.136,-0.052,0.567,-0.452,1.431,-0.148,-0.848,1.073,-1.076,1.192,-0.553,-0.182,-0.262,0.3,-0.004,-0.636,1.368,-1.343,-0.372,0.559,-0.158,0.229,1
-1.392,1.618,0.462,-0.477,-0.978,0.514,-0.304,-0.751,-0.753,-1.828,0.76,-0.918,-0.081,0.518,-0.561,0.702,-0.356,-1.169,-1.067,-0.02,-0.477,0.103,0.294,0.202,0.554,0.053,-0.463,-0.837,-0.131,0.017,1
-1.933,-0.332,-0.759,0.008,1.612,-0.466,0.026,0.712,2.72,-0.647,-1.073,-1.383,0.108,0.552,0.541,-1.891,1.111,-0.024,1.533,1.238,0.368,0.254,0.256,0.658,-1.156,-1.389,1.46,0.08,-0.511,-1.242,0
-0.089,2.128,0.409,0.24,0.224,-0.821,-1.646,-1.273,-0.462,0.847,0.526,-0.887,0.799,-1.697,-0.207,-0.895,0.028,0.914,-3.35,1.676,0.481,-0.064,0.857,0.185,-1.126,-1.573,-1.195,1.344,-0.73,-0.781,0
1.746,0.353,-0.886,-0.05,-0.258,-0.797,-1.122,0.163,0.378,0.446,0.676,0.814,-1.343,0.004,1.806,-0.902,-0.441,-1.974,1.351,-0.928,-0.147,-0.118,1.862,0.205,-1.733,0.14,1.722,-0.468,-0.999,1.789,0
-0.031,1.026,-1.039,-0.9,-1.491,0.983,0.125,0.296,0.573,0.713,-0.229,0.734,-1.967,-0.66,-1.168,0.306,0.263,-0.409,0.538,-0.167,-0.138,-0.445,0.714,0.468,-0.606,-0.687,-0.457,-1.312,0.153,0.225,0
-1.616,-0.283,-0.569,-0.296,0.378,0.77,-0.938,-1.148,-0.199,-0.117,1.271,-0.03,-1.536,-0.481,1.143,-1.021,-0.505,-0.307,-1.005,-0.659,-0.397,-0.993,-0.397,2.213,1.296,-1.522,-1.107,-1.327,-0.372,0.29,1
0.648,-0.14,0.405,1.25,0.219,-1.307,1.424,-0.423,-1.044,-0.23,-1.33,1.609,-1.461,-2.577,0.028,0.795,0.813,0.48,1.366,-0.734,0.115,-0.304,-1.612,-0.481,-0.645,-1.911,0.38,0.094,2.288,0.994,1
0.389,-0.635,0.223,-0.923,-1.89,-1.022,1.726,-0.457,0.917,-0.095,0.473,-0.114,-1.571,0.856,0.678,0.842,-0.356,0.434,0.569,-0.866,-0.434,0.946,-0.324,0.507,0.789,1.696,0.015,0.502,-0.814,-0.274,0
0.284,0.048,-1.115,0.651,0.761,0.758,-0.986,1.279,-1.98,1.222,-0.53,1.939,1.971,0.704,-1.28,1.212,1.677,-0.241,-0.279,0.149,-0.249,-1.267,1.767,1.2,1.169,1.14,-0.422,0.142,0.152,-0.027,0
0.773,1.24,1.112,2.35,-1.483,-0.236,0.735,1.469,0.456,-0.587,0.239,1.021,0.194,-0.153,1.051,0.144,0.877,-0.663,-0.92,-0.342,2.604,0.037,0.866,0.825,-0.356,-0.646,-0.122,1.793,0.916,0.552,1
0.425,2.168,-1.207,1.58,1.003,-0.284,-0.738,-0.775,1.318,0.164,-0.46,-1.501,1.776,-0.108,0.044,0.278,-1.246,-0.508,0.324,-0.132,2.056,0.805,0.078,-0.541,0.888,1.871,-1.069,-0.075,0.688,1.059,0
0.015,-0.35,-0.27,-0.101,0.193,1.606,-0.175,0.004,1.578,1.02,-1.448,0.59,0.475,1.076,0.263,2.262,1.239,-0.039,0.01,-0.517,0.428,-0.341,-0.873,1.834,1.327,-2.105,0.411,-0.812,0.343,-0.402,1
0.297,-0.371,-1.068,-0.239,0.729,-0.111,-0.091,-0.226,0.844,0.305,-1.468,0.441,-0.537,0.098,-2.125,1.558,0.263,-0.935,-0.911,-1.473,0.427,-0.692,-1.539,-0.734,1.94,0.752,-0.222,0.569,1.784,-1.096,0
0.915,-0.661,-1.053,-0.834,-0.966,-1.358,-0.011,0.662,-0.988,-0.058,0.41,0.967,0.509,0.526,0.287,0.83,-0.149,-3.237,0.61,-0.384,-0.129,-0.836,-0.102,1.194,-1.095,0.684,-1.955,-1.157,1.583,-1.088,0
-0.74,-0.926,-0.341,-0.01,-0.776,0.715,-0.345,-0.893,0.364,0.437,-0.48,-0.282,-0.35,-1.026,0.323,-0.384,-0.394,-0.261,1.365,0.337,0.618,0.848,0.473,-0.025,-0.856,0.219,0.443,0.196,-1.248,1.794,1
1.413,0.12,0.297,-0.715,0.006,-0.193,-0.95,0.668,-0.453,0.411,-0.541,0.991,-0.122,0.781,0.427,1.261,-0.546,0.858,-0.483,0.014,0.311,0.026,0.481,-0.412,0.626,0.347,-1.199,-0.228,-1.51,-1.509,1
-0.162,0.988,0.232,-0.696,1.093,0.656,0.403,-1.716,-0.326,-0.862,-0.729,0.689,-1.745,-1.691,-0.669,-1.939,-0.359,-1.064,1.139,0.504,-0.161,-0.505,-0.052,1.095,1.2,0.715,-1.201,1.835,3.006,-0.667,0
1.819,0.746,0.06,0.518,1.89,-1.527,0.754,0.904,-1.343,0.965,0.335,0.971,-0.401,0.574,-0.685,1.681,-0.781,-1.313,-1.168,0.196,1.15,0.289,-1.508,0.563,-0.538,-0.441,0.231,-0.577,0.131,0.291,0
1.364,-0.528,-1.28,-0.044,1.662,0.101,-0.292,0.789,-0.574,-0.629,-0.707,1.003,1.997,0.437,-0.229,1.65,-0.564,-1.643,1.534,0.168,-0.358,-0.284,-0.81,0.799,-0.456,1.519,2.156,-1.328,-0.829,-0.048,1
-0.867,-1.269,-0.196,-0.064,1.824,0.388,0.74,0.021,0.099,1.594,0.455,-1.263,-0.465,-0.008,1.627,-2.889,0.191,-0.924,-0.936,0.48,1.215,-0.76,-0.432,1.079,1.716,-1.303,0.425,-1.964,-0.387,1.494,0
-1.417,-0.227,-0.304,-0.325,0.963,-1.009,0.717,-1.245,1.355,-1.666,-1.274,0.824,-1.723,0.252,-0.917,-0.614,-0.677,-1.418,-0.144,2.228,0.419,-1.455,-1.428,-0.008,-1.333,-1.657,0.787,1.449,0.493,0.101,0
-0.655,-0.114,-1.076,-0.32,0.018,-0.866,-0.168,-1.236,0.983,1.069,-0.427,-0.237,-0.272,-0.112,-0.315,-1.124,0.668,-1.391,1.521,0.304,1.456,-1.061,0.322,-0.631,-2.224,-0.354,-0.11,-1.163,-0.639,0.41,0
-0.704,-0.282,-1.314,-1.212,-0.236,2.432,0.958,-0.989,-0.436,0.591,0.372,-0.781,-0.621,-0.141,-1.177,0.125,0.292,-0.394,-0.639,0.808,0.529,-1.165,-1.3,0.751,-0.451,-0.195,-1.009,1.075,1.003,-1.952,0
-1.132,1.412,-1.45,-1.068,1.78,-0.189,0.534,-0.822,-0.676,-1.143,0.538,-1.467,-0.054,0.771,-0.505,-0.823,-0.908,0.27,-0.17,1.408,1.361,-0.114,-1.262,0.75,-0.448,-0.654,-0.076,0.071,-0.269,1.173,0
0.347,0.254,0.409,1.753,-0.293,-0.622,-2.597,0.391,0.608,1.538,0.345,-0.394,-1.049,-0.981,0.105,0.846,-2.329,0.113,-0.329,0.015,-0.185,2.122,0.316,-0.874,2.108,-1.145,0.95,0.875,-1.019,-0.608,0
-1.26,0.839,0.084,2.031,1.263,0.615,-0.579,-0.142,0.688,0.505,-0.459,1.308,-0.264,-1.665,-0.039,1.66,0.183,0.204,-1.387,-0.371,-1.886,0.252,0.617,-0.137,-0.6,-2.366,-0.021,0.27,0.788,0.483,1
-0.267,-0.216,0.094,0.622,0.671,-0.071,0.884,-1.347,-0.324,0.886,1.557,-0.04,0.556,0.411,-0.527,0.847,0.214,0.196,0.284,-0.399,-0.135,-1.656,-0.523,-1.406,-0.079,-1.316,1.343,1.076,-0.887,-1.705,0
0.889,-0.002,-0.027,-1.321,0.821,0.983,1.043,-0.84,-1.93,-0.933,-1.342,1.089,0.525,-0.12,1.074,-0.865,-0.036,1.306,1.509,-1.164,0.796,0.112,0.471,0.482,-0.546,-1.019,1.002,0.858,0.249,1.326,1
-2.175,-0.03,-0.742,1.166,0.324,-0.082,0.727,-1.478,-1.667,0.339,0.353,-0.309,0.056,-0.231,0.942,0.0,-1.101,-0.302,2.01,-0.766,-1.286,-0.476,0.658,-0.183,2.064,-0.732,-0.365,0.977,-0.503,-0.943,1
0.548,-1.316,-0.291,1.771,0.831,-0.307,0.26,0.773,-0.734,-0.944,0.573,-0.342,-0.239,1.122,0.854,1.009,0.501,-2.426,1.327,1.471,0.078,1.478,1.709,0.386,1.233,0.973,0.624,-0.377,0.225,-0.48,1
0.043,-0.838,0.789,-0.324,1.418,0.14,-0.71,-0.283,0.345,-1.845,-0.256,0.373,-0.188,-2.537,-0.32,1.268,-0.51,-0.301,0.575,-0.103,-0.157,-1.266,0.715,-0.366,0.399,-0.6,0.591,-0.076,0.079,-3.376,1
-0.162,0.371,-1.799,0.723,-0.903,1.463,0.714,-0.902,-0.205,-0.233,-0.853,-2.258,0.017,-0.241,-0.688,1.095,1.359,-0.394,0.487,0.969,1.112,-0.249,0.655,-0.849,-0.32,-0.284,0.279,-0.641,0.13,-0.573,1
1.716,0.08,0.304,0.389,-0.567,1.176,1.427,-1.379,1.47,-1.306,0.962,0.741,-0.366,-0.694,0.428,1.33,-0.766,0.888,0.53,-0.036,0.383,-2.625,0.964,-0.036,0.155,-0.005,0.136,-0.66,0.206,1.597,1
1.293,-0.912,-0.085,-1.058,-0.446,-0.39,-0.351,-0.303,-0.952,1.248,1.752,1.148,1.654,-0.92,-0.003,-0.246,-0.979,0.967,0.555,-0.26,-1.605,1.046,-0.659,-0.443,-0.085,1.105,-1.137,0.034,1.446,-0.453,1
0.48,0.686,2.559,-0.945,1.156,-0.553,-0.314,-0.196,-0.143,1.586,-1.702,-0.18,0.339,-1.797,0.945,1.279,0.333,0.942,0.021,1.452,2.033,-1.79,-0.339,0.483,-0.677,-1.266,0.218,-1.614,-0.363,-1.124,1
-2.07,1.257,-0.602,-0.107,-0.304,-0.011,-1.2,-1.715,-0.916,-1.205,0.603,-0.345,-0.2,-0.034,0.3,-1.228,0.052,-0.802,0.054,1.55,1.611,0.798,-1.555,0.162,0.059,-1.534,0.342,0.437,1.531,-0.229,0
-0.773,0.66,-1.831,0.168,0.222,1.774,-1.519,-0.332,0.28,0.08,0.96,-1.089,0.35,0.082,-1.015,-1.317,0.804,-0.744,-0.443,0.644,2.517,2.206,-0.586,-0.014,-0.28,-0.377,0.205,0.83,-0.615,0.314,0
0.327,-0.05,1.248,-0.042,-0.264,1.153,0.024,0.418,0.824,1.37,0.299,-0.905,0.012,0.517,-0.977,-0.386,-0.493,0.827,0.903,1.472,1.474,-1.095,-0.849,-0.848,-1.284,-0.35,-0.121,-0.014,2.235,-0.63,1
-0.144,-0.641,-0.534,0.881,0.208,2.232,-1.182,0.587,-1.75,-1.107,1.095,-0.12,1.422,-0.358,0.574,-1.354,-0.442,-0.406,-0.91,0.837,-0.409,0.88,-0.396,0.505,2.292,-1.273,1.799,-0.087,-0.073,-0.877,0
-0.136,-0.315,-2.043,0.277,-0.249,0.479,0.232,0.405,0.951,2.318,-0.179,-1.155,-0.33,-2.396,-0.034,1.046,-0.372,-1.449,-0.182,0.1,-0.553,0.038,0.692,1.151,-1.451,-0.144,1.774,0.172,-1.985,-0.831,1
-0.75,0.443,-0.886,-0.835,-1.986,-0.913,1.872,-0.407,-0.277,-0.182,-0.657,-0.726,0.174,-0.714,0.331,-0.525,2.27,-0.83,-0.827,0.871,0.255,-2.203,-0.284,0.03,0.849,0.243,0.411,0.87,0.111,1.395,0
-1.555,-0.116,-0.514,-0.836,1.087,-0.079,0.204,-0.495,0.246,-0.548,0.056,-0.95,-0.303,2.41,1.052,0.104,0.273,0.471,0.55,0.778,0.806,-0.63,-0.021,0.76,-2.005,0.033,0.436,0.114,0.412,0.314,0
-0.319,0.393,0.919,1.082,0.825,-0.123,0.417,0.732,0.541,-0.47,-1.144,-0.863,-0.033,0.283,-1.57,0.438,0.446,-0.433,0.377,0.171,0.576,-1.299,-1.63,0.132,-0.844,0.543,0.908,-1.084,1.364,-0.887,1
-0.627,-0.022,0.869,-0.767,-0.718,0.766,-1.275,-0.922,-2.171,1.216,0.151,-2.102,0.542,-1.186,0.267,-0.899,-0.214,0.673,-1.025,-0.395,-0.441,-0.854,-0.447,-0.243,0.304,0.058,0.326,0.438,-1.19,-0.025,1
-0.903,-1.115,2.192,-1.506,0.46,0.409,0.435,0.609,-1.853,-0.243,-0.357,-0.671,-0.55,-1.014,-0.848,-0.075,1.606,-0.324,0.403,0.238,-0.036,-1.667,-1.264,-0.304,0.533,1.109,1.112,0.533,-0.595,-0.201,0
0.422,-0.576,0.825,1.039,-0.272,0.05,1.963,-1.076,-0.838,1.055,0.448,-0.602,-0.287,-1.311,-0.061,-1.991,-0.073,-1.49,0.663,-0.405,-1.602,-1.088,0.095,-0.681,-0.396,1.205,-0.427,0.82,1.029,0.269,0
1.228,1.117,0.718,-0.827,2.527,-1.041,1.042,-2.771,-0.654,0.714,0.625,-0.01,-0.231,0.466,2.803,0.065,1.233,1.557,-1.238,-1.337,0.152,-0.278,0.225,2.252,0.557,-0.688,1.16,-0.524,-1.424,-0.023,0
-1.09,-0.749,-1.119,-2.599,-1.307,-0.742,0.306,1.892,1.573,-0.384,0.648,0.38,-1.423,-2.039,0.006,-0.597,1.064,-1.626,-0.049,-2.041,-0.502,-0.891,-0.399,0.387,0.464,-1.419,-1.349,-0.963,-0.871,-0.53,0
0.495,-0.616,0.652,-1.036,-1.234,0.116,0.204,-1.783,0.837,-0.895,-1.391,-0.4,0.654,-0.289,-1.328,0.528,-1.269,-0.581,-0.48,-1.539,-0.554,0.478,-0.874,-0.968,0.382,-0.28,-2.293,-1.479,-0.469,1.419,1
1.351,0.327,1.551,-0.065,-0.214,0.907,1.952,-1.643,-1.762,0.206,-0.195,0.47,-0.911,-0.474,-2.404,0.803,0.694,-0.297,0.253,-0.562,0.588,0.973,-0.912,0.88,-0.175,0.831,2.051,-0.759,-1.209,0.346,0
-0.962,0.556,-2.457,1.156,-1.253,-3.261,0.283,-1.097,-0.527,-0.414,0.684,-0.093,-0.771,-1.278,1.763,-0.901,-0.899,1.298,0.049,-0.501,-0.296,-1.333,0.141,-0.142,-0.4,-1.126,2.076,-0.268,1.817,-0.23,1
1.043,-0.358,-0.206,-0.279,-0.729,1.069,1.628,-0.072,-0.452,1.147,0.464,-1.735,2.024,0.685,1.701,1.27,-1.671,-0.02,1.873,0.855,1.247,2.638,1.836,1.515,0.339,-0.15,1.644,0.3,1.072,-0.317,1
1.482,0.209,-1.242,-0.305,2.119,-0.473,1.306,-1.342,-0.164,0.752,-1.01,0.727,2.392,-1.344,-1.732,-0.594,0.617,-0.343,-0.64,-1.697,-0.862,-0.936,0.795,2.359,-1.122,-1.138,-0.923,0.47,-0.696,-1.081,0
0.768,-0.883,0.584,0.661,-0.147,-0.018,-1.151,0.655,0.927,0.075,0.818,0.039,-0.755,-0.217,0.646,0.178,2.275,2.206,-1.888,1.786,2.273,-0.322,0.166,-0.457,-0.087,0.79,2.141,-0.056,-0.169,-0.483,1
-0.004,-0.241,-1.876,-0.762,0.173,-0.46,1.157,0.174,-0.196,-1.553,-0.225,-0.704,1.723,0.626,-2.35,-0.124,-0.291,-0.914,-0.594,-2.037,0.56,0.184,-0.093,0.184,-0.969,0.063,-0.281,-0.046,1.066,1.266,0
0.913,-1.988,1.801,0.527,0.459,-0.045,-0.635,-0.412,1.902,0.39,-1.051,1.071,-0.841,0.246,-0.028,0.669,-1.811,0.394,-1.311,-0.054,1.639,-0.771,-1.336,1.837,0.139,1.056,-0.378,1.733,1.966,0.839,1
0.279,1.264,2.308,0.153,0.989,0.108,-0.035,-0.32,0.113,-0.849,-0.015,-0.906,-0.727,-0.787,-1.598,-0.876,0.985,1.304,0.513,0.41,-0.116,-0.024,0.642,-0.748,1.137,0.817,0.597,0.182,-0.138,0.806,1
0.806,0.892,0.771,-0.721,0.687,1.474,-1.936,-1.185,-1.356,0.795,-1.781,0.353,-0.227,0.97,-0.274,-0.886,-0.865,0.13,0.587,-1.342,-0.036,-0.443,0.149,0.045,0.227,0.272,0.621,2.044,-1.853,0.184,1
2.331,-1.269,-0.363,-0.905,1.166,-0.211,-1.722,1.047,0.297,-0.139,-0.014,-0.451,-1.416,-0.525,-1.324,0.695,0.181,-1.619,-0.881,-2.204,0.454,0.565,-0.394,0.003,2.548,-0.616,1.698,-0.982,0.437,1.84,1
0.56,-0.562,-0.413,-1.345,1.067,-0.653,0.778,-0.527,1.302,0.337,1.542,-0.402,-0.606,0.567,-0.089,-0.747,-0.313,-1.165,-1.977,0.159,2.264,-0.536,1.467,-0.663,-0.763,-0.31,-0.509,0.271,-0.523,-0.012,0
-1.132,0.491,-0.55,-0.392,-1.968,1.324,-0.907,-1.017,-0.074,-0.967,-0.815,0.547,-0.086,0.565,0.717,-0.218,0.249,-0.548,-0.546,0.277,0.023,-0.194,0.193,2.583,3.244,0.082,0.604,1.705,-0.329,1.067,1
0.107,-0.321,-1.878,0.095,-1.177,-0.41,-0.021,-0.925,0.071,-1.618,0.024,-0.993,-0.248,1.221,1.072,-0.401,0.837,3.402,-1.418,0.238,0.146,-1.334,0.679,-1.042,-1.455,-0.549,1.976,-2.182,-0.487,-0.075,0
2.401,-1.228,-0.223,-1.133,1.328,-0.615,0.64,1.492,-0.649,-1.199,2.216,-0.607,0.613,-1.142,-1.851,0.826,-0.749,0.552,0.112,0.634,1.204,-0.695,-1.891,-1.312,-0.44,0.926,0.84,1.473,-0.174,0.239,1
0.354,0.517,0.376,0.477,0.386,-0.105,-1.541,0.258,-0.134,0.654,0.447,-0.823,-0.995,-0.824,-0.298,-1.125,0.047,-0.163,0.258,0.914,-0.936,-0.201,0.216,1.384,-1.064,0.576,0.107,-0.546,0.503,-0.469,1
1.448,1.335,0.786,-1.112,2.324,-0.692,1.188,-1.518,-1.697,0.535,-0.162,-1.631,0.082,-0.229,-0.109,-2.02,0.072,0.502,0.108,-0.731,-0.274,0.641,0.582,1.33,-0.121,-0.083,0.022,-0.653,-0.263,1.547,0
0.85,0.247,0.046,0.917,0.296,0.588,-0.623,0.585,0.03,0.84,-1.12,1.047,-2.495,-1.015,0.394,1.746,0.543,-0.912,1.149,-0.608,2.263,1.316,0.445,-0.057,-0.419,-0.739,-0.596,0.09,0.408,0.17,1
1.682,1.377,0.554,-0.341,0.395,0.058,-0.646,-2.199,-0.769,0.289,-1.238,-0.735,0.764,-1.353,-0.085,0.407,-0.229,-1.203,0.443,-1.584,-0.737,-0.895,-1.659,0.648,1.998,0.724,0.812,-0.852,-0.693,0.905,1
0.736,-0.295,-2.175,0.824,-1.556,1.53,0.652,0.525,-0.766,0.733,0.576,1.454,1.356,0.826,-0.012,-2.044,0.732,-0.502,-0.029,-0.293,-0.088,-1.513,0.076,-0.353,1.121,-1.56,-0.36,-1.376,0.37,1.107,0
1.176,0.413,-0.892,2.323,0.383,1.677,-0.03,1.221,0.284,0.395,-0.052,0.461,-0.246,-0.602,-1.081,-1.572,-1.811,-1.27,0.039,-0.644,1.884,-0.474,-0.078,0.706,1.24,0.737,0.764,0.952,-0.505,0.687,1
-0.016,1.743,1.192,0.564,-0.107,0.791,0.558,-0.25,-1.059,-1.525,0.917,-0.001,-0.937,-0.341,0.437,-0.338,1.525,-0.965,0.287,-0.277,0.399,-0.181,0.757,0.744,-1.186,1.443,0.885,-1.855,1.633,0.608,0
-1.519,-0.229,-1.161,-1.649,0.683,0.213,0.774,-0.211,0.078,1.063,-0.903,-1.729,1.376,1.027,-0.46,0.936,-1.193,-0.195,0.296,1.304,0.388,-0.35,0.055,0.399,0.075,-0.428,-0.081,-0.203,1.346,0.546,0
0.968,-0.668,0.047,0.78,-0.828,-0.833,1.787,0.206,-0.348,-0.355,-0.247,1.709,-0.382,0.119,-1.448,-0.305,-0.314,-0.241,0.761,0.182,1.33,0.92,-0.617,-1.09,-0.535,0.172,-0.029,1.02,-0.094,-2.115,1
-1.897,-0.142,-1.023,2.848,0.015,2.134,-0.362,0.88,-0.655,0.353,0.168,-0.547,-0.766,0.612,-1.23,0.372,2.325,-1.474,-1.614,-0.258,0.882,-2.278,1.176,1.004,-0.412,-0.145,0.37,1.826,0.592,-0.2,1
0.806,-0.769,-1.398,-0.678,-0.444,0.353,0.405,-0.504,-2.228,1.383,1.224,-2.362,0.751,1.912,-1.443,-0.408,0.631,-0.82,-0.288,1.702,-0.311,1.29,-1.644,-0.259,1.118,-1.686,0.787,-0.339,-2.008,1.685,0
-1.143,-3.449,-0.899,-0.322,1.07,-1.648,-0.662,-0.471,1.456,-0.355,0.12,-0.655,0.771,-0.001,-0.267,-1.086,0.762,1.154,0.231,-0.418,1.826,-0.623,-0.698,0.539,-0.949,-1.602,0.072,-0.362,0.455,0.263,0
-0.775,1.151,1.185,-0.275,0.693,-0.072,1.591,-0.347,-1.026,-0.486,-0.923,-1.642,-1.534,0.483,0.478,-0.468,0.833,-0.632,-0.741,0.014,-1.017,1.075,0.204,-0.692,0.168,-0.513,0.137,-0.154,1.544,-0.345,1
-0.272,-0.321,0.165,-0.334,-0.163,0.324,1.59,-1.62,0.366,-1.049,1.606,0.34,0.083,-0.039,0.193,0.243,-1.971,-0.464,0.157,-0.729,-0.152,0.949,1.278,0.364,-0.674,-1.134,2.454,0.915,0.421,-0.921,1
0.957,0.948,-0.248,0.814,-1.092,-1.048,-0.374,-0.83,1.021,-0.308,0.877,-0.322,0.357,0.917,0.77,0.033,-1.126,-1.25,0.752,-0.83,-1.287,0.345,0.112,0.447,0.192,0.641,0.212,-2.156,-0.501,-0.984,1
0.578,-1.324,-1.891,-1.377,-0.384,0.207,1.162,0.895,-1.32,0.174,-0.848,0.072,-2.009,-0.026,1.46,-0.195,-0.715,-1.995,-0.046,0.719,-0.274,0.898,-0.361,0.831,0.401,-0.092,-1.149,0.703,1.009,-0.426,1
0.103,-1.79,-1.613,-0.028,-0.192,-0.123,-0.741,0.483,0.758,-2.158,-0.911,0.489,-0.068,1.945,-0.373,-0.381,-0.498,0.017,-0.27,-1.498,0.429,-0.834,-1.688,-0.702,1.157,-1.071,-0.342,-0.183,0.76,0.583,1
0.089,-1.823,-0.557,-0.227,-0.179,1.098,0.307,0.303,-1.361,-0.584,2.371,1.326,-0.843,0.82,-0.445,0.133,0.129,-1.163,0.155,-1.159,0.865,-0.398,0.802,-0.321,-1.65,-0.323,0.557,-0.902,1.773,-1.172,0
-0.649,0.586,0.0,0.536,-0.081,-0.216,0.388,-0.902,-0.16,-0.968,0.952,-0.66,-0.336,1.093,-0.119,1.839,0.547,0.861,-1.053,0.385,-0.007,0.017,-0.576,-2.367,0.034,0.425,1.793,0.152,-0.536,0.684,0
-1.41,-1.345,0.162,2.799,-0.626,1.667,1.017,0.847,-2.048,0.959,-0.57,0.8,-0.071,-0.614,0.1,0.266,1.18,1.231,-2.364,-0.052,-1.44,-0.003,-0.573,0.059,-0.15,0.647,-1.189,-0.379,-1.604,1.211,1
-1.504,0.522,-0.066,0.876,-1.306,-0.546,-2.237,-0.76,0.646,1.368,-0.799,-0.85,-1.188,-0.496,-0.925,1.319,-0.378,-1.615,-0.261,1.308,1.59,-0.318,0.711,0.444,-1.097,-0.091,0.077,-1.127,-2.04,-0.787,0
0.582,-0.893,0.042,0.315,-0.769,-0.617,1.045,0.221,-0.756,0.251,-0.558,0.037,0.239,0.325,0.823,0.915,-1.18,0.78,-0.825,-1.294,-2.149,0.694,1.207,-1.696,-1.492,-1.1,-1.352,-1.524,-0.532,-1.399,1
-1.998,2.746,-0.097,1.223,1.883,-0.424,0.355,-1.498,-0.747,-1.752,-0.378,-1.126,1.06,0.609,0.056,-0.791,-1.182,0.539,-0.159,0.35,-1.845,-0.222,-0.404,0.326,-1.465,0.165,-1.879,0.068,0.477,0.35,0
0.268,0.677,2.868,2.477,0.045,-0.269,0.344,-0.347,-0.018,0.096,0.682,-0.584,-0.017,-1.025,-0.346,-0.195,-0.897,-1.839,0.139,-1.38,-0.435,-0.03,-1.477,0.847,-0.304,0.667,-0.302,-0.273,1.061,0.183,1
-1.483,0.348,-1.261,0.352,-0.48,-0.609,0.557,-1.188,0.241,-0.873,1.433,-1.611,0.425,-1.144,0.463,0.87,-0.578,0.245,0.596,0.509,-0.912,-1.312,-0.893,-0.57,1.343,0.581,0.302,1.105,-0.525,-0.711,0
0.46,0.111,0.155,-1.93,0.933,0.921,-0.17,0.679,-0.588,-0.022,-1.734,-0.162,-0.567,-1.613,0.646,1.264,0.821,0.681,-0.063,0.749,-0.062,0.317,1.907,0.467,0.674,1.177,0.324,-0.28,0.455,-0.54,1
0.278,-1.77,-0.373,0.981,0.089,0.388,-0.373,-0.618,-0.903,1.076,0.424,1.633,0.691,-0.651,0.462,-0.014,-0.829,-2.533,2.098,0.14,0.29,-0.715,0.932,-1.029,-1.369,-1.035,-0.261,1.577,-1.671,0.036,0
0.926,1.311,-0.519,-1.013,-0.82,-0.541,0.965,-1.47,-0.807,0.89,1.088,-0.36,0.497,0.103,-0.238,-1.998,-2.398,-0.581,0.401,0.202,0.153,-1.843,0.432,-1.701,0.095,0.169,-0.2,-0.388,-0.289,1.099,0
0.489,0.851,0.204,-1.427,-0.676,1.363,1.5,-0.581,-1.025,0.136,0.78,0.134,0.717,-1.188,0.183,-0.012,-0.008,1.418,-0.622,-2.549,-0.415,0.416,-0.851,0.007,-0.546,1.177,1.175,-0.257,0.692,-0.352,1
-1.362,0.695,-0.358,-0.949,0.139,1.44,1.123,-1.451,-2.057,-2.174,0.458,-0.462,-1.137,-0.475,0.576,0.248,-0.334,-0.821,0.661,1.0,0.112,0.187,0.732,1.712,0.821,1.428,-0.629,-0.892,-0.45,1.453,1
1.068,1.388,1.014,-0.173,0.554,-1.467,1.48,0.127,1.706,-2.218,0.329,-0.67,-2.081,2.047,0.263,0.057,-2.184,0.476,0.365,-0.267,0.593,0.241,-0.473,-0.794,0.291,-1.455,1.599,0.695,0.601,-1.692,1
0.35,1.49,-0.15,-0.229,1.284,0.689,-0.911,0.517,0.156,0.565,0.066,-2.249,2.164,-0.018,0.479,0.741,0.62,-0.007,0.32,-1.449,-1.202,0.569,0.439,-0.717,-1.466,0.315,0.993,0.98,0.377,2.132,1
0.284,-1.28,-0.597,0.886,-0.22,-0.256,1.08,-1.042,-2.26,-0.558,-0.087,-0.141,-0.919,1.096,-1.208,-1.134,0.687,1.134,-1.448,-0.5,0.937,-0.956,-0.088,-0.175,0.06,0.709,-0.635,0.907,-1.071,-0.906,0
-0.474,-0.716,-0.04,-0.533,-0.47,-0.447,0.324,1.651,-1.842,-0.172,-0.274,0.502,-0.164,-2.169,0.094,-0.462,0.452,0.153,0.282,-0.915,-1.574,-0.633,0.408,1.092,0.27,0.0,0.47,-0.763,-0.202,-0.251,1
-0.052,-0.224,0.359,0.086,-1.418,0.596,0.053,0.34,-0.079,0.034,0.281,-0.565,-0.316,1.732,-0.819,0.655,1.644,0.265,0.12,-1.427,1.632,0.162,-0.442,-0.477,1.105,-0.038,1.18,-0.603,0.469,-0.551,0
2.077,0.895,-0.289,-0.44,-1.23,-0.388,1.776,-0.188,-1.347,0.39,-1.085,1.037,1.341,-0.576,-0.138,-1.315,-0.184,0.882,-0.925,-0.794,1.344,0.094,0.517,0.535,0.924,-0.132,0.954,0.57,-0.93,-0.696,1
0.387,0.297,0.581,0.292,1.449,-1.245,0.159,1.683,0.595,-0.124,-0.15,0.885,1.446,0.989,0.044,-1.074,-0.434,0.093,0.932,1.609,-1.688,-0.486,-0.869,-1.079,-0.206,0.28,-0.599,-0.976,-0.365,-0.219,0
-0.968,-0.375,-0.765,-0.221,0.65,-2.4,0.102,-0.057,0.125,0.505,0.446,2.325,0.777,-0.562,1.348,-0.99,1.179,0.298,-0.148,1.291,-1.13,0.019,-0.225,0.959,0.73,0.816,0.153,1.013,-0.725,0.228,1
0.34,-0.939,-0.672,-0.225,0.169,-0.057,0.448,-0.632,0.635,2.156,-0.599,-1.129,-0.671,1.078,0.454,0.318,-2.276,-0.528,1.046,1.228,0.034,-1.099,-1.107,-0.197,-1.241,-1.081,2.382,1.679,1.904,-0.039,0
0.713,-0.583,-0.174,1.329,-0.534,-1.107,-0.99,2.271,-0.309,-0.732,0.738,2.272,0.562,1.431,-2.197,-1.014,-0.706,-0.024,0.88,-0.457,0.141,-0.291,0.994,-0.157,-0.369,-0.146,0.079,-0.813,2.263,-0.241,0
-0.402,0.091,-0.796,0.507,-1.066,-2.069,-0.784,-0.236,-1.454,1.819,-0.88,0.972,-1.537,-1.8,-0.372,0.42,-1.474,-0.69,1.328,0.756,0.152,0.546,-1.203,-0.505,2.476,1.403,-1.555,0.321,-0.532,-1.017,0
-0.928,-1.163,0.571,-0.336,0.369,0.018,-0.536,-1.676,1.268,-1.232,0.864,-1.757,2.923,1.581,-1.4,0.586,1.359,-2.195,0.998,-0.072,0.578,0.177,0.373,0.096,-0.759,0.645,0.861,1.425,-1.584,-0.754,0
0.713,0.052,1.612,-1.24,0.396,2.077,-0.224,-1.651,-1.662,-1.322,-0.056,-0.316,1.149,-0.777,-0.225,0.151,0.547,-0.211,-1.053,-0.797,-0.141,1.665,-0.386,0.235,0.427,0.634,1.66,-0.128,0.573,0.242,1
-0.425,-0.811,0.37,-0.367,-1.646,-0.583,-0.666,-1.427,-0.441,-1.249,-0.191,-0.528,1.238,0.061,0.123,-0.605,-0.701,-0.658,-1.191,0.737,-0.29,0.524,0.032,-1.023,-0.258,-0.48,-1.058,-0.635,-0.068,1.851,1
0.733,2.163,-0.247,-1.399,-0.925,0.696,0.106,-0.224,-0.495,0.009,0.713,1.6,-0.445,0.545,-0.386,-1.174,-0.55,0.555,1.029,2.231,1.342,-0.011,-0.483,-0.523,1.063,-0.25,-1.366,0.937,-1.309,0.417,1
-0.034,0.615,-0.181,0.205,-0.553,-1.153,-0.587,0.437,0.757,0.394,1.17,-0.925,-0.806,1.584,-1.378,-0.27,0.483,0.789,0.037,-0.761,1.085,2.345,-0.973,1.184,-2.111,-0.269,0.216,0.436,-0.027,-0.803,1
-0.091,-0.051,1.674,-0.274,-0.177,0.677,0.185,0.87,-1.128,1.788,-0.575,1.116,0.793,-0.951,-1.213,-2.454,-1.159,0.28,2.979,1.274,-0.849,-0.098,-1.362,-1.283,-0.24,-0.208,-1.291,-0.374,-1.489,-2.479,0
0.646,1.625,0.176,-1.299,-0.573,0.947,1.205,-0.451,0.728,0.981,0.705,1.207,0.76,1.662,-0.344,0.857,-0.35,-0.326,-0.141,0.759,-1.408,-0.014,-0.203,-1.268,0.197,1.005,1.668,2.34,0.599,-0.391,0
-0.688,0.432,-1.305,0.936,0.482,1.338,-1.093,-0.695,-0.539,-1.134,0.865,0.259,0.356,0.7,2.002,-0.016,0.418,0.966,0.813,-0.427,-2.114,-0.645,1.444,2.278,0.595,0.45,-0.79,-0.361,0.283,1.074,0
0.092,-1.017,0.2,-1.141,-0.379,-0.634,-2.716,-0.615,-2.775,-1.26,0.133,-1.151,0.272,-0.311,0.055,1.777,-0.302,0.725,0.832,-0.403,0.744,0.552,-0.696,-1.263,0.526,-0.575,-0.32,-0.946,-1.22,-2.345,0
0.202,-1.759,0.663,-0.118,-0.994,1.396,0.578,0.227,-0.604,0.571,-0.084,0.416,-0.612,-0.374,-0.914,-0.946,0.036,-0.644,0.004,-0.827,0.972,-0.992,-0.441,-0.354,-0.605,0.252,0.755,0.51,-0.028,0.918,0
0.43,0.222,0.107,1.642,1.084,-0.173,-0.374,-0.003,-0.543,0.246,0.199,0.153,-0.345,-0.182,0.702,-1.874,1.061,-0.134,2.403,-1.333,1.431,-0.393,1.038,-0.404,-0.001,1.309,-0.54,1.075,0.509,-0.921,0
0.241,-0.132,-0.207,1.312,-0.058,1.314,0.158,-0.937,-0.441,0.541,-0.186,-0.624,2.03,1.835,-0.924,1.697,0.162,0.238,-0.432,2.236,-0.4,-0.415,1.22,0.174,0.135,-0.304,-0.507,-0.615,0.55,-0.695,1
0.1,-0.811,-1.109,0.45,-0.547,0.809,1.359,-0.462,0.094,0.451,-1.094,1.199,0.516,0.796,0.166,0.924,-0.287,-1.541,0.63,1.338,-1.638,0.516,-1.16,-1.095,0.757,-0.888,-0.053,-1.136,-0.158,-0.741,1
1.126,0.404,-0.874,0.021,0.283,-0.79,-0.777,-0.236,1.44,1.627,0.58,0.144,1.529,0.921,-0.072,-0.272,-0.652,-1.498,0.713,-1.3,-0.646,0.583,0.363,-2.414,-1.827,0.635,0.11,1.161,-1.783,-2.2,0
1.338,-0.007,-0.156,0.544,-0.22,-1.247,-1.233,1.168,-0.169,-0.661,-2.261,0.133,-1.588,-0.524,0.487,-1.233,-1.734,0.454,0.602,1.457,-0.241,0.866,0.413,0.121,-2.088,0.743,0.794,-1.16,1.691,-0.319,1
-1.397,0.387,-0.843,-0.437,-0.534,-0.613,-0.912,-0.386,0.579,0.955,-1.48,1.152,-0.123,1.053,-0.644,-0.001,-1.307,2.016,1.284,1.096,1.66,-1.762,0.18,0.956,2.046,-1.113,0.82,-0.282,-0.928,0.092,1
-0.348,0.789,-0.169,-0.252,-3.069,-0.95,1.654,-0.163,0.221,1.286,-0.303,-0.855,0.294,-0.944,-0.239,0.939,0.044,1.281,0.508,-1.316,1.962,-0.05,0.707,0.125,0.61,-1.299,2.211,-0.191,-0.567,-1.679,1
-0.94,-2.107,0.164,0.418,0.561,0.988,1.017,-1.456,1.506,2.092,-0.073,1.124,-0.198,0.114,1.549,-0.015,2.358,0.47,-0.391,-1.102,-0.729,-0.483,1.264,-2.392,-0.929,0.526,-0.192,-1.356,1.459,-0.21,0
1.402,1.763,-0.301,0.809,-0.034,1.62,-1.378,0.753,0.741,0.177,0.744,-0.714,-0.848,-0.263,0.049,0.332,0.343,-0.188,-0.416,-0.067,-0.047,0.87,-0.381,-0.705,1.123,1.68,0.137,0.583,-0.85,1.514,0
0.771,0.368,-1.107,-1.008,-0.693,0.699,-0.029,-0.602,-0.363,-0.333,0.356,0.836,2.331,-1.873,-0.565,0.149,-1.292,-0.487,-1.465,-0.881,1.056,-1.555,-1.664,-1.403,0.127,-0.583,-1.395,0.636,0.485,-1.896,1
1.565,1.095,0.284,-1.297,0.336,-0.151,-0.012,1.953,0.024,0.877,-0.453,-0.444,-1.223,1.757,-0.99,0.643,-0.32,-1.332,-0.159,-0.908,0.163,-0.604,1.167,0.906,0.975,0.019,1.254,-0.696,-0.842,-0.53,1
-0.781,-1.007,0.385,0.708,1.93,2.264,-0.261,0.37,-0.508,0.75,-0.639,2.053,0.668,-0.573,-0.918,-2.023,0.258,1.031,0.916,-0.354,-0.245,0.967,0.917,-0.831,-0.029,0.858,-1.296,0.864,-0.58,-1.901,0
-1.056,-1.415,-0.809,0.038,0.754,-1.098,-0.716,0.841,-0.067,0.23,0.994,-1.199,0.592,1.297,2.664,0.84,0.375,-0.971,-1.308,-0.893,-0.312,-0.749,0.779,-0.877,1.064,2.001,0.453,1.889,-1.092,-1.484,0
1.364,1.657,0.226,-0.237,1.209,1.41,-0.173,2.817,-1.643,-0.778,-0.606,0.054,0.688,1.674,0.344,-0.181,2.002,-2.415,0.234,-2.486,-0.343,-1.294,1.261,-1.898,0.867,-0.854,1.911,0.806,-1.747,2.086,0
-1.239,-1.034,-2.288,1.247,0.428,2.168,-1.12,-0.602,0.301,1.596,-0.035,-0.844,0.608,-0.183,0.184,0.067,0.774,-0.485,1.51,-0.402,0.968,-0.13,-0.338,1.07,-0.841,-2.222,-0.729,-0.318,0.776,-0.362,1
-0.388,0.506,1.353,-0.146,1.038,-1.348,1.089,-0.654,-0.64,-0.149,-0.974,1.118,-0.811,-0.981,0.386,-0.706,-0.231,0.435,-0.426,-0.231,0.204,2.702,-0.848,-0.664,-1.644,-1.413,0.516,0.035,0.692,0.15,1
0.115,-1.685,0.34,0.139,0.488,-0.462,-0.565,-0.377,0.359,-0.546,0.454,-1.463,1.32,0.718,0.421,-0.484,-1.478,0.53,-0.631,0.704,-1.081,-0.18,0.368,0.288,-0.561,-1.291,-0.217,-0.004,-0.738,-1.563,0
0.098,2.12,1.126,-1.025,0.253,-1.592,1.004,1.269,0.36,-0.479,-1.667,-0.553,0.653,-0.352,1.862,0.983,1.07,1.529,0.309,0.743,-1.058,0.522,-1.049,1.235,-1.009,-0.043,0.145,-0.485,-1.037,-1.145,1
-0.856,1.909,1.374,-0.501,-1.428,-0.987,0.974,-1.189,-0.342,0.512,-0.05,0.176,-1.865,0.648,-0.256,-0.147,-0.936,-0.412,2.139,-0.848,-0.847,-1.241,-0.092,0.357,-0.067,0.813,0.039,-0.981,-2.668,1.796,0
2.029,1.212,0.977,0.012,-0.086,0.882,0.369,-0.501,1.402,-0.378,-0.582,-0.968,-2.78,1.463,-0.421,0.111,-0.574,-0.72,0.532,0.31,-0.708,1.855,0.588,0.37,1.0,-1.062,0.769,2.534,-1.073,-0.129,1
-0.276,-0.096,0.449,-0.231,0.025,-0.689,1.798,0.947,0.201,0.443,0.902,-0.522,1.512,0.073,-2.035,1.032,-0.285,-1.098,0.728,-2.164,0.535,0.297,-0.132,-0.545,-0.029,1.347,0.991,-0.473,-0.274,-0.378,1
-0.867,2.183,-0.687,-0.688,-0.279,-0.811,-0.748,1.348,-1.098,0.585,-0.257,0.293,-0.119,-1.148,0.064,-0.948,0.248,0.806,-0.507,0.503,-2.254,-0.152,-0.101,-0.749,-1.542,0.413,0.058,-0.898,0.14,-1.293,1
1.201,-1.303,-0.602,0.322,-0.844,-0.071,0.428,1.299,0.789,0.447,-0.258,0.696,-0.847,-0.698,-0.449,0.443,0.015,-1.114,0.373,-2.025,-0.67,-2.533,-0.643,1.534,-0.685,-0.478,1.278,0.35,-0.14,0.087,0
-1.798,0.213,-2.234,-0.981,1.68,0.236,0.142,0.548,0.684,-1.023,-1.401,-0.546,0.291,0.078,1.139,0.466,-0.502,0.233,-0.06,0.459,0.515,-0.364,-0.981,0.693,1.59,-1.035,0.297,-1.097,0.775,-0.253,1
0.511,-0.112,-0.055,-0.383,0.016,-0.182,0.496,-0.876,-0.186,-1.069,-0.91,0.108,-0.846,-0.24,0.419,0.754,-0.423,0.448,0.738,0.791,0.169,0.217,0.723,0.089,-0.726,-0.459,-0.354,-0.116,-1.705,-1.187,1
0.871,-1.933,1.028,-1.711,-0.658,-0.73,-0.75,-0.058,0.692,1.879,0.31,-0.624,1.106,0.246,-1.363,-1.087,0.88,0.432,1.052,-0.012,-1.461,1.121,-0.013,0.396,-0.527,0.103,-0.393,-0.442,0.344,-0.409,0
-2.604,-0.406,0.339,-1.26,-0.238,1.479,-0.462,-1.045,-0.28,1.614,1.191,1.879,-1.53,1.946,2.977,0.29,0.251,0.257,-0.73,-0.723,0.561,-0.073,0.188,0.941,-0.428,-0.275,-0.651,3.444,-0.073,0.348,0
-0.135,-1.46,-2.517,0.14,-0.511,-0.344,-0.711,-1.337,0.23,-0.799,-1.075,-0.788,0.61,0.911,0.027,-1.038,1.478,-0.483,-0.752,-2.08,0.219,0.874,0.811,-0.298,0.013,-0.281,-1.023,-0.489,-0.772,-0.973,0
0.505,2.231,0.772,-0.273,-0.029,-1.672,-0.079,-0.84,-0.159,0.131,-0.358,0.803,0.169,0.604,0.423,0.607,-0.293,1.476,0.719,0.048,1.898,1.059,1.197,0.933,2.618,-1.32,-0.565,0.473,-0.05,-0.819,1
0.446,0.732,0.696,2.098,-0.227,-0.275,0.444,1.993,-0.398,-0.941,0.612,0.464,-0.031,0.566,-0.456,1.795,-0.717,-0.557,-1.997,1.265,1.25,0.745,-0.441,-0.192,1.001,1.805,0.227,-0.544,1.297,1.576,0
-0.113,-2.795,-0.395,0.04,-0.738,-1.11,1.405,-0.678,-0.72,0.052,1.049,1.04,-0.815,0.854,2.292,0.94,-0.872,-0.118,1.393,0.233,-0.459,-0.511,-0.208,0.135,0.663,0.925,-0.155,0.289,-1.203,1.108,0
1.162,-1.033,0.272,-0.537,0.683,1.68,-0.073,-0.051,0.161,-1.094,0.184,-0.46,-0.388,-0.373,0.899,-0.92,0.815,1.465,-1.076,-0.134,1.076,-1.407,1.624,-0.415,1.128,-0.041,-1.757,-0.27,2.073,1.267,0
-0.329,-0.241,0.921,1.249,-0.813,-0.139,1.31,-0.594,0.075,-1.111,0.697,1.04,-0.05,0.553,-1.305,0.015,-1.092,0.503,-0.523,1.14,0.918,-1.911,-0.044,-0.755,0.419,-0.484,0.288,-1.057,-1.003,0.249,1
-1.434,-0.161,-0.035,-1.402,-0.941,0.712,1.509,1.475,-0.51,-1.676,0.083,1.917,0.002,0.538,-0.252,-1.47,-0.819,-1.692,-1.01,-1.039,1.702,0.041,1.015,1.526,0.98,0.964,-0.446,-2.585,0.117,-0.128,1
1.011,-0.162,-0.518,0.607,-0.539,-0.062,0.21,1.072,0.636,-1.551,3.083,0.17,-0.607,-0.286,1.239,-0.6,-0.904,1.642,0.535,0.555,-0.391,-0.564,-0.032,-1.13,-0.247,0.6,-0.476,0.683,0.325,-0.113,0
0.447,-1.202,-0.42,2.186,0.434,1.352,0.334,0.416,-0.756,0.444,0.61,-0.323,-0.091,2.103,1.427,-0.688,2.031,-0.342,1.001,-0.191,0.193,-1.146,2.212,0.001,-0.383,1.36,-0.241,0.546,-1.476,0.075,0
-0.468,2.074,-1.637,-0.317,-0.779,0.516,2.017,-1.657,1.307,1.678,-1.003,1.398,0.709,-0.416,-0.887,0.75,-0.126,-1.628,-0.135,-0.529,2.031,0.388,-2.814,1.094,0.7,0.169,0.475,-0.306,0.885,-1.956,1
1.78,-0.416,-0.771,0.601,-1.063,1.299,0.912,0.326,-1.295,0.476,0.075,-0.928,0.59,-2.22,-0.739,-0.284,-0.238,-0.292,-0.348,-1.525,2.594,0.403,1.823,1.272,0.379,-0.223,-0.189,-1.423,-1.359,0.941,1
0.209,0.244,-2.712,1.213,2.486,-0.069,0.481,-1.024,-0.183,-2.181,0.418,-0.599,1.314,1.092,-0.226,-0.041,0.689,-0.145,0.719,-0.162,-0.096,0.654,1.205,-1.506,-0.024,-0.818,0.413,-0.078,0.57,0.839,0
-0.118,-0.689,-0.271,-0.137,0.844,0.294,-0.518,-0.814,-1.597,1.604,-0.129,0.162,0.57,0.924,1.041,-2.167,-0.417,-1.32,0.279,1.636,-0.941,-0.589,-1.049,-0.926,-0.981,-0.881,-1.123,0.806,1.203,-1.791,0
1.144,2.252,0.564,-0.777,0.199,1.029,0.9,0.309,0.826,1.252,-0.924,1.534,-1.996,-1.203,-1.915,-0.571,-0.615,-1.406,1.336,0.449,-0.869,1.612,1.023,-0.369,-1.327,-0.003,0.48,-0.936,0.087,0.051,1
1.634,-0.811,-0.943,1.011,0.403,-1.488,-0.827,0.492,-0.407,-0.846,0.386,-1.037,0.265,0.429,-1.565,-0.007,0.102,-0.765,-0.687,-0.241,-1.601,1.135,-1.801,1.721,-0.539,-0.351,0.043,1.922,-2.091,1.03,1
-0.487,-0.324,-0.065,2.238,-0.091,0.811,0.265,0.315,-0.041,1.02,0.83,1.706,-0.056,-1.201,0.9,1.899,-0.407,-0.015,0.182,0.606,-1.531,0.313,-0.354,0.196,-1.436,-0.608,0.213,-0.709,-0.272,0.009,1
-1.342,-1.063,-0.501,0.656,1.04,-0.086,1.724,-0.968,-0.554,-0.892,0.03,0.495,-0.452,0.848,0.879,0.314,0.263,-0.525,-0.662,0.262,0.173,0.72,0.772,1.09,0.776,0.13,-2.282,0.177,0.789,2.19,0
-0.675,-0.702,0.07,-0.443,-0.269,0.207,-1.172,1.125,-0.038,0.001,2.349,0.199,1.27,0.469,-2.056,0.595,0.405,-0.805,-0.985,-1.14,0.835,1.203,-0.924,-1.231,0.408,-0.178,0.198,-0.435,-0.423,1.25,1
-1.609,0.267,0.108,0.455,0.668,1.119,0.889,0.328,-0.961,-0.384,1.516,0.612,-2.232,-0.19,-0.572,0.14,0.308,0.549,1.484,1.074,1.308,2.184,-2.467,-0.996,-1.823,0.256,2.341,1.661,-1.813,0.756,0
0.578,0.851,0.887,0.913,1.48,-0.512,-0.407,1.183,1.231,-0.73,0.889,0.518,0.47,-0.719,-0.145,0.726,0.306,1.085,-1.903,-0.303,0.379,0.152,0.315,-0.459,0.436,-0.301,-0.523,0.916,-0.191,2.394,1
0.083,-1.48,1.094,-0.796,0.767,0.099,-0.488,0.243,0.649,-1.065,-0.598,-0.19,-0.199,-0.37,-0.573,0.668,0.868,-0.813,2.434,0.007,0.322,0.181,1.807,0.163,1.941,-0.119,0.424,-0.449,-0.73,0.753,1
1.629,1.69,-0.108,0.543,1.638,-0.464,0.488,-0.51,0.803,1.608,-1.342,-0.112,-0.106,2.206,0.192,-2.512,0.306,-0.372,0.168,-0.714,-0.242,-0.166,-0.957,0.588,0.593,0.422,0.598,-0.917,-1.235,-0.289,1
-0.887,-0.121,0.609,-0.125,-0.049,-0.578,-0.857,1.213,0.384,1.007,0.259,-0.504,-1.509,-1.17,-1.161,-0.239,-1.724,-0.408,0.665,-0.123,0.461,1.286,-0.209,-0.168,-0.728,0.124,0.679,-0.112,2.103,0.518,0
1.769,0.198,-1.024,-0.978,-2.586,-0.255,0.405,0.736,1.257,0.52,-2.329,-0.067,0.741,0.255,-1.702,1.176,-0.585,0.202,-0.873,-2.292,0.471,0.035,0.813,0.753,0.818,-0.058,1.258,0.905,-0.166,0.602,1
0.995,0.739,1.545,0.245,-1.022,-1.786,0.818,-1.081,0.463,0.88,0.126,-0.199,-0.263,0.261,-1.638,1.224,-0.224,1.449,0.724,1.031,-0.344,-1.215,-0.867,0.446,1.394,1.14,-0.01,0.088,-0.546,1.138,1
1.533,0.129,1.229,0.384,-0.183,-0.565,1.68,-0.646,0.122,-0.051,1.168,0.753,-0.445,-0.462,0.522,0.162,-0.122,2.0,0.774,1.265,-1.995,-1.233,-1.119,1.251,-0.392,0.243,-1.772,0.504,-1.357,-1.958,0
-0.258,-0.756,-0.565,0.001,-0.38,0.024,-0.271,0.322,-0.447,1.567,-1.131,0.312,0.694,-0.093,-0.643,-0.867,0.678,-2.077,-1.45,-0.275,0.677,1.345,-1.004,-0.657,-0.009,0.165,-1.234,-1.438,1.887,-0.291,1
-0.228,-1.46,0.801,0.71,1.54,0.245,0.331,-1.208,-0.387,2.261,-0.651,-0.026,-1.072,1.749,-0.1,-0.887,-0.221,-0.569,-0.131,0.218,0.07,0.839,-1.161,0.947,-0.367,-1.843,2.648,0.947,-0.198,0.148,1
-0.672,1.169,-0.042,-1.385,0.432,0.932,-0.293,0.194,-1.238,-1.717,0.447,0.345,1.249,-0.905,-0.72,0.498,0.476,0.869,0.007,0.726,-0.012,0.972,0.216,0.356,-0.915,0.47,-0.247,-1.18,-1.603,0.477,1
1.626,-0.308,0.624,1.388,-0.187,0.51,-0.029,0.251,-0.941,0.543,0.183,-1.126,1.066,0.469,-0.749,1.089,1.13,1.037,0.977,0.2,-0.133,-1.245,2.181,1.661,-2.101,-0.758,1.495,-0.593,0.006,-2.056,0
0.852,-0.509,-0.288,2.619,-1.482,-0.782,-1.985,-0.715,1.955,-2.771,0.011,-0.303,-0.757,-1.535,0.539,-0.023,0.625,-2.381,-0.844,1.099,0.031,0.166,0.178,-0.319,1.765,0.808,2.749,0.114,1.736,-1.493,0
1.274,0.687,2.151,0.367,0.923,0.204,-0.45,0.109,-0.528,1.095,0.522,-1.62,0.889,1.804,2.287,0.287,0.574,1.559,-0.128,-0.242,-0.366,-0.155,-1.977,-0.695,1.409,1.353,0.988,0.619,-0.548,1.34,1
1.362,0.476,-2.452,-0.133,0.635,1.24,1.572,-0.065,0.555,-0.415,0.456,-0.41,-0.933,-0.945,1.513,0.077,-0.379,0.151,-0.787,-0.048,-0.103,-0.445,-0.734,-0.716,-0.335,-0.624,-1.549,-1.901,-1.38,-0.724,1
-0.017,-0.703,0.169,-1.263,-0.322,-0.109,-0.853,-0.432,-0.939,2.528,-0.812,-0.541,0.464,0.472,-0.175,0.37,0.521,1.784,-0.951,-0.641,0.676,-0.49,0.916,-0.328,0.567,-0.015,1.535,-1.073,0.541,-1.193,0
-0.013,-0.336,0.871,0.029,-0.744,0.092,-0.541,0.115,0.028,-0.251,-0.492,-0.116,0.609,1.099,-0.012,-0.953,-1.447,0.14,0.207,-1.629,-1.632,0.504,1.395,-0.942,0.881,-1.678,0.3,0.92,-2.168,0.574,1
0.499,-0.382,1.753,-0.232,0.303,0.046,0.731,1.338,-0.163,-2.262,-0.926,0.19,1.026,1.165,3.121,-1.507,-0.078,1.485,-0.042,1.635,1.716,0.529,0.362,0.028,0.786,-1.337,-0.546,0.022,0.535,-0.013,1
0.236,-0.863,-1.692,-0.376,-0.754,-0.187,-0.211,-0.063,-0.42,-0.733,0.669,-0.074,1.104,-1.084,0.702,0.09,-1.333,0.578,0.963,0.805,0.349,0.423,-0.777,-0.088,-0.285,1.293,0.179,-0.632,-0.371,-0.206,1
0.857,-0.385,-1.238,-0.128,0.389,-0.401,0.416,-0.255,-1.05,0.939,-1.066,-0.679,-0.786,1.249,0.005,-0.073,0.815,-1.623,1.208,1.505,0.076,0.325,1.972,-0.463,0.091,0.414,-0.313,1.087,1.215,1.082,0
-2.092,0.262,0.504,-0.578,-0.769,0.97,-0.539,-0.163,-1.62,-0.601,1.962,0.235,-0.261,0.946,0.793,0.714,-1.211,0.288,0.221,1.114,-0.046,2.352,0.24,0.652,2.391,-0.187,0.458,1.113,-0.291,-0.755,1
0.311,-1.671,0.442,1.291,-0.453,1.169,-0.895,1.631,-0.476,-0.35,1.117,0.499,0.314,1.033,0.071,1.483,0.943,0.587,0.296,0.697,-0.863,-1.05,0.98,0.38,0.627,-2.949,-0.022,0.443,1.682,1.981,1
-1.553,1.285,-0.238,-0.085,-0.382,0.102,0.113,0.275,-0.709,1.004,0.105,-0.382,0.416,2.372,-0.171,0.409,-0.234,0.316,-0.388,-0.728,2.503,1.275,0.896,-0.609,0.923,0.318,-0.096,0.062,-0.967,-1.81,1
-1.421,0.119,-2.295,0.327,0.952,-1.804,0.515,0.779,-1.154,0.962,0.301,0.578,-2.203,-1.13,0.068,1.559,0.28,0.91,0.95,0.476,-2.069,0.792,2.449,-0.445,-0.21,-1.382,-0.461,2.127,-1.487,-0.028,1
-0.983,-0.633,-0.775,-0.026,0.356,0.521,0.796,0.495,-0.064,-0.138,0.862,0.133,0.94,-2.385,1.653,2.032,-0.966,2.824,0.823,-1.664,-0.137,1.755,-1.351,-0.245,0.566,0.294,1.131,-1.076,1.301,1.243,1
0.552,1.447,-0.545,0.401,1.294,-0.197,0.556,0.088,-1.154,-0.236,-0.029,0.672,0.705,0.352,0.699,-0.331,-1.628,1.848,0.056,1.884,0.685,1.111,2.09,0.268,0.787,0.039,-0.361,0.84,-0.065,0.621,1
0.941,0.444,-0.024,-1.26,1.153,2.321,0.519,2.608,0.177,1.759,0.581,-0.081,-1.552,-0.221,-0.708,-0.171,-0.777,2.391,0.026,0.405,-1.262,-0.706,2.16,-0.464,0.228,0.448,0.648,-0.755,2.018,0.113,0
-0.594,-1.498,0.607,0.628,1.499,-1.816,1.755,0.232,0.038,-1.235,0.311,-1.099,-0.142,-0.544,0.196,-0.633,0.435,0.445,-1.341,-0.403,-1.847,0.299,1.131,-0.656,-0.996,-0.13,1.375,-0.744,-0.258,1.403,1
0.379,-3.024,0.298,-0.504,0.688,-0.388,0.172,-1.271,1.579,-1.863,0.037,0.661,-0.338,-0.787,3.22,0.523,-0.079,0.879,0.557,0.269,-0.365,-1.239,-0.648,-0.961,-1.309,0.576,1.054,0.982,-0.27,-1.183,0
-2.032,-0.452,0.876,0.318,0.656,0.774,-0.984,0.285,0.868,-0.176,1.111,-1.05,-1.115,1.149,-0.371,-0.396,-0.298,1.671,0.705,0.462,1.23,0.289,-1.081,0.241,-0.544,-1.062,-2.066,2.027,0.27,1.197,1
0.504,-0.038,0.521,0.292,-0.782,1.959,-0.697,0.154,-0.052,0.71,0.07,-0.507,0.901,1.152,0.775,0.407,-0.77,1.354,1.44,1.83,0.198,-1.003,-0.385,-1.089,0.997,0.03,-0.825,-1.787,0.311,1.276,1
-1.124,-0.294,0.079,-0.97,0.551,0.13,0.337,1.453,1.486,-0.161,1.265,1.294,0.647,0.566,-0.017,0.676,-0.683,-1.01,1.337,-2.043,-1.205,-0.517,0.203,-3.253,-0.788,0.477,0.597,-0.211,0.253,-1.082,0
-0.937,-0.477,0.893,-0.346,-1.139,0.728,-1.758,-1.325,0.851,0.255,-0.408,-0.511,-1.271,2.589,-0.355,-1.282,-1.559,-0.405,-0.565,0.687,-1.544,0.554,0.996,0.683,1.011,2.546,-1.144,-1.131,-0.108,-0.515,0
1.734,0.121,1.803,0.483,-1.731,1.84,-0.22,0.791,0.269,-0.155,-0.324,2.407,0.025,-0.245,1.082,0.198,0.883,0.05,-0.168,-1.908,-0.043,-0.717,-0.605,0.198,0.929,-0.234,-0.16,0.884,0.005,-2.588,0
0.585,-0.167,-0.958,-0.258,0.104,-0.586,0.735,-0.713,-0.316,-0.382,1.948,1.498,0.839,-0.099,-0.445,-2.442,1.152,0.056,-0.461,-0.027,-0.903,-0.844,-0.672,1.498,-1.199,0.602,0.064,-0.475,-0.442,0.092,0
-0.777,0.254,-0.984,-0.506,0.774,0.741,-0.039,-1.011,-1.522,1.274,-1.869,-0.939,-1.271,-0.224,-1.402,-0.989,-1.22,1.195,-1.22,-0.354,1.781,-0.789,1.066,0.101,-0.421,-1.873,-0.839,-0.612,-0.684,0.193,1
0.103,0.651,-0.712,-0.094,1.005,0.226,-0.806,1.457,0.315,-0.418,-0.657,0.912,-0.775,-0.38,-0.569,0.298,-0.381,2.277,-0.554,-0.413,-0.922,0.227,-1.175,-0.203,-0.12,0.776,-0.057,-0.31,1.818,0.088,1
-0.225,-0.955,0.536,0.333,-1.854,0.194,-0.957,0.873,-0.472,0.66,0.358,0.772,0.282,-1.272,1.755,0.324,-0.455,-0.818,0.8,0.05,-0.74,-0.268,-0.694,0.256,-1.416,1.333,0.031,-0.873,-0.061,0.052,1
-0.748,-0.457,-1.424,-1.197,-0.207,0.393,-0.533,1.958,0.145,1.092,-0.686,0.674,-0.15,0.243,0.306,-0.011,1.22,-1.28,-1.804,0.588,0.738,0.69,1.894,-1.185,0.035,-2.582,-0.711,1.019,-2.124,0.683,1
0.549,0.385,-1.304,-1.79,0.744,-0.63,-1.306,-1.817,1.893,-0.971,0.258,1.301,-0.069,-0.344,-0.293,-1.905,1.816,0.314,0.408,-0.276,1.502,1.272,-0.643,0.978,0.652,-0.401,0.201,-1.428,-1.24,-0.367,1
-0.664,1.769,1.14,-0.135,-1.771,0.92,0.9,-1.427,-0.371,0.817,-0.667,-0.61,-0.079,0.401,-1.221,-1.124,-1.536,-0.521,0.754,-0.185,0.774,0.302,1.508,-0.538,-1.045,-1.486,0.53,0.657,0.433,-1.612,1
0.33,1.668,0.458,0.497,-0.464,-0.166,-0.528,0.86,-0.178,-0.647,-0.487,0.952,-1.793,0.957,-0.622,0.624,0.388,-0.252,0.744,-0.325,0.697,-0.256,-1.354,-0.855,0.254,-1.373,-0.53,-2.367,1.259,0.026,1
-0.9,-1.329,0.128,-0.92,0.082,-2.195,-1.548,0.794,0.147,0.042,-0.688,-0.887,-0.48,0.283,-1.605,0.125,-0.234,-0.586,1.034,0.499,-0.43,-0.813,0.376,0.613,0.047,0.986,1.483,2.486,-0.871,2.422,0
0.862,0.717,-2.282,-0.245,-0.024,-0.097,-1.041,0.365,-0.462,-0.149,-0.232,0.125,0.053,0.558,-1.581,0.536,0.21,-0.247,0.24,1.159,1.169,-0.954,0.659,0.568,0.791,-0.361,0.628,0.164,0.053,-0.346,0
-0.443,-0.11,-0.064,1.198,0.473,-2.293,1.554,-0.585,-0.354,-0.844,-0.447,-1.449,1.552,-1.749,0.919,0.518,-0.402,0.584,-0.983,-0.705,1.267,1.681,-0.111,-0.307,0.983,-0.677,0.521,0.394,0.243,-2.079,1
0.08,1.299,-0.377,1.939,0.14,1.126,0.045,-1.14,-0.251,-0.588,0.002,-1.056,-0.256,-1.168,-0.169,-0.243,1.062,0.546,-0.244,-1.371,-1.133,-0.214,1.981,-0.962,0.602,-0.215,1.321,1.033,0.755,0.237,1
0.317,-0.555,-0.781,1.756,-1.005,-0.82,-0.248,-2.242,0.277,0.979,0.513,-0.754,0.438,0.764,1.591,2.548,0.14,0.27,-1.019,1.156,0.153,-0.895,0.802,-1.574,-0.187,-0.112,-1.186,-0.087,-0.033,0.875,0
0.385,0.403,-1.03,1.483,0.241,0.531,0.887,-1.635,-2.062,1.318,1.775,0.543,-0.853,0.889,1.57,0.142,0.115,0.804,-1.141,-1.531,0.839,0.87,-0.666,-1.071,1.695,0.275,1.455,0.254,0.44,0.504,1
-0.748,1.398,0.144,-0.203,0.099,-0.184,0.302,0.461,2.278,0.781,0.761,-0.078,0.601,0.105,-1.143,-0.228,0.56,-0.789,0.113,-1.521,0.105,0.503,0.087,-0.693,-0.653,-0.242,3.24,-0.421,0.576,-0.947,1
-0.616,-2.178,1.479,1.189,-0.366,-0.124,-0.1,0.446,0.154,0.042,0.66,0.373,-0.939,0.975,0.221,-1.907,1.178,-0.001,0.28,0.242,0.111,-0.876,0.421,0.471,-1.041,1.839,0.452,-0.211,-0.695,0.926,0
-0.847,0.349,1.69,-0.214,-0.78,0.353,1.286,-0.914,-0.75,0.542,0.118,-1.06,-0.584,-0.429,0.596,-2.57,1.416,0.015,-1.671,0.251,-2.547,0.297,-0.509,0.566,1.038,-0.134,-0.884,-0.078,0.071,-1.566,1
-0.338,0.779,-0.407,1.891,-0.756,-0.261,-1.369,0.127,-0.695,-0.062,-0.487,0.877,-1.619,-0.476,-1.041,0.072,0.639,0.214,0.863,-0.442,1.661,1.509,2.524,-0.377,0.621,0.358,0.092,2.02,0.179,-0.664,0
1.655,-2.112,-1.346,-0.033,-0.214,-2.117,0.731,-0.107,-1.352,-0.811,-1.398,0.076,0.151,1.448,-1.122,-1.717,-1.142,-0.698,-0.495,0.592,-0.214,-0.118,2.32,0.84,-0.356,-1.591,-1.348,1.042,0.116,-1.148,1
-2.604,-0.532,-0.012,0.398,-0.44,1.94,-0.977,0.681,0.06,-0.936,-0.07,-1.536,0.396,1.158,0.354,0.172,-0.13,-0.405,-0.3,-0.248,0.026,-0.607,-0.931,-0.768,0.201,-0.625,-0.595,-0.045,-1.009,-1.073,1
-1.381,-0.463,0.083,0.313,0.792,-1.476,-0.263,-0.073,0.186,0.119,-0.786,-0.245,-0.18,1.351,1.076,0.068,0.126,-0.245,-1.33,-0.832,-0.305,0.579,-1.612,0.54,-0.902,0.448,0.61,2.088,0.625,1.084,1
-0.66,-2.464,0.904,-0.297,2.633,0.345,-1.037,-0.47,-0.873,0.039,0.934,-0.979,1.716,0.177,-2.578,-0.76,-0.022,-0.051,-0.381,1.094,-0.013,-1.087,1.794,-0.811,0.113,-3.415,0.462,0.392,-0.422,1.212,0
-0.745,1.003,1.501,0.604,0.639,-0.8,1.419,0.714,-0.891,-0.321,-0.365,-0.22,-0.615,0.201,1.497,-0.747,0.421,0.474,0.745,0.005,0.427,-1.296,0.784,-0.457,-1.607,0.935,0.42,-0.805,-0.15,1.06,1
0.068,-1.137,-0.692,1.579,2.926,-1.496,-0.573,1.151,-1.68,0.141,-0.671,2.294,-1.407,-0.986,-1.36,-2.297,0.37,0.476,1.021,-1.66,-0.332,-1.208,-0.095,0.874,-1.657,0.008,1.343,-0.471,-0.858,-1.504,0
2.768,-0.396,0.237,-0.206,-1.791,0.366,1.492,-0.561,-0.061,0.23,1.239,0.522,-0.134,1.322,-1.828,0.264,-0.69,0.726,-0.303,0.582,1.333,-2.148,1.434,0.101,-1.252,1.01,0.461,0.013,-0.141,-0.89,0
-0.608,0.449,-0.849,-0.215,-0.114,-0.235,-0.974,-0.174,0.292,-0.302,-1.833,-0.858,-0.7,-1.937,-1.452,0.365,1.232,0.934,-0.269,-0.265,-1.64,-0.629,-0.026,-0.85,0.403,-0.651,-0.594,-1.19,-0.335,-0.103,1
1.332,0.062,0.636,-0.473,0.597,-0.887,-0.827,-0.453,-2.055,1.039,0.239,0.961,-0.49,-0.366,1.054,-0.97,-0.086,0.089,0.606,0.1,0.904,-0.113,0.665,-0.331,-0.035,-0.818,-1.484,-0.391,1.604,-1.126,1
0.949,-0.725,-0.418,-1.634,-1.996,-1.118,-0.571,0.162,-1.913,1.027,0.166,1.459,0.307,-0.269,-1.763,-1.053,0.235,2.673,0.273,-0.804,-0.23,-1.184,-0.182,1.164,0.213,-2.282,-0.442,0.012,1.384,1.837,0
