feature_1,feature_2,feature_3,feature_4,feature_5,feature_6,feature_7,feature_8,feature_9,feature_10,feature_11,feature_12,feature_13,feature_14,feature_15,feature_16,feature_17,feature_18,feature_19,feature_20,feature_21,feature_22,feature_23,feature_24,feature_25,feature_26,feature_27,feature_28,feature_29,feature_30,target
-0.017,-0.467,2.091,0.615,-0.562,-0.414,-1.3,-0.101,-1.1,-0.469,-0.84,0.687,-0.068,-0.089,-0.312,-0.355,0.714,0.42,-1.767,-0.5,0.308,-0.295,-0.766,-0.996,0.778,-0.686,-0.733,0.3,-0.363,1.582,1
-0.443,1.846,-0.711,1.043,-0.762,-0.483,-0.777,-0.448,-1.167,0.501,1.325,-1.163,-2.119,0.547,-1.167,-1.02,1.628,0.348,-0.119,-1.542,0.642,1.502,-0.195,0.744,1.361,0.793,0.478,0.925,0.884,0.781,0
0.466,-2.262,0.537,-0.8,1.672,-0.36,-2.151,-1.359,-0.72,-0.568,-0.544,1.849,-0.009,-0.417,0.474,-0.44,-0.756,1.136,1.276,0.164,2.716,0.809,-1.07,-0.199,-0.989,-2.154,0.391,1.522,-0.533,0.132,0
-0.297,-0.332,-0.445,-0.195,-0.09,-0.445,-1.204,-0.85,-0.183,-0.746,0.714,-0.614,0.802,1.899,-0.228,-1.346,0.918,0.406,0.583,-1.803,2.201,-0.187,0.056,0.254,1.018,-0.082,-0.079,-0.209,-0.344,1.814,0
-1.275,-1.656,-0.094,-1.391,-0.301,0.388,0.674,-2.253,-2.061,0.555,-0.572,-0.284,-2.762,0.892,0.367,0.502,0.986,-0.207,1.447,-0.958,-0.987,-0.607,-0.965,0.987,-0.951,-0.711,0.576,-1.86,-1.193,0.398,1
0.438,-1.994,-0.466,0.9,-0.743,0.721,2.689,0.146,-0.726,1.887,0.142,0.273,-0.443,-0.586,-0.567,1.288,0.288,-0.071,0.612,0.504,-0.34,-1.331,1.37,0.358,-0.576,-0.298,-0.291,0.701,-0.956,-0.65,1
-0.388,-1.219,-0.116,0.089,0.795,0.515,0.649,0.495,1.661,-0.538,0.662,-0.41,-1.707,-0.91,-0.814,0.26,-1.087,-0.389,0.39,-0.059,0.458,0.3,0.166,-0.063,0.397,-0.247,-2.311,-1.667,0.99,-0.559,0
-0.283,0.93,-0.202,-0.971,-0.566,0.428,0.705,2.023,-0.536,1.104,0.191,1.562,2.002,-0.961,0.076,0.943,-0.208,0.666,1.946,-0.092,0.274,-1.734,-0.58,1.16,-0.662,1.077,1.066,0.413,-0.466,-0.494,1
1.743,1.513,-0.701,-0.216,1.08,-1.072,-0.265,-0.024,-1.828,-0.423,-0.739,-2.277,1.141,1.018,0.086,0.573,0.609,0.338,1.764,-0.024,-1.064,-1.559,-2.173,0.669,-2.075,0.131,1.327,0.828,-0.274,1.374,1
-0.311,0.132,1.522,-0.297,1.164,0.3,-0.812,0.609,0.919,1.377,-0.964,0.336,-1.504,0.996,-1.088,0.43,-1.145,0.492,0.961,-1.573,0.278,0.856,-0.57,-0.784,2.085,0.686,-0.598,-1.598,2.473,-0.367,1
-0.037,-1.099,-1.346,1.57,-1.442,0.39,-0.674,0.548,0.027,0.167,-0.098,1.426,-0.246,0.355,-1.274,0.522,-1.305,-0.25,-1.448,1.583,1.418,0.128,0.267,1.179,0.752,0.309,0.084,1.392,-1.029,-1.651,1
1.171,1.066,0.987,-0.469,-0.749,-2.54,0.331,-0.548,-0.419,0.556,1.03,-1.093,-0.729,-1.051,1.026,1.68,-0.786,-0.816,-0.166,-0.356,0.212,0.164,0.409,-0.092,-1.763,1.293,-0.679,-0.098,1.498,-0.058,1
-1.01,2.038,0.398,-0.183,0.424,-0.382,-0.275,0.181,0.472,-0.236,1.148,0.01,1.039,0.388,1.372,0.394,0.371,-1.667,-0.482,0.939,-1.09,-0.219,-0.272,-0.855,1.188,0.992,0.357,1.121,-1.772,-1.377,1
-0.841,-0.26,0.665,1.778,-0.499,0.793,-1.743,0.555,-1.209,0.033,0.761,0.598,0.684,-0.353,-1.076,-1.426,0.874,0.366,-0.166,1.202,0.446,-0.706,1.191,-2.104,0.457,-1.041,-0.949,0.469,1.082,0.276,1
-0.46,1.094,1.583,1.269,0.631,-0.141,-2.337,-0.539,-0.707,0.051,0.915,-1.051,1.422,0.777,1.481,0.624,0.001,1.175,-2.031,1.262,0.739,-1.392,-0.452,0.923,-0.049,0.066,-0.54,-0.245,-0.608,-0.314,1
1.536,0.466,-2.715,0.117,-0.978,-0.832,-1.076,0.893,0.236,1.066,-0.453,-1.848,2.016,1.171,0.644,-0.652,1.673,0.439,0.039,0.452,-1.77,0.392,0.198,1.585,1.39,-0.037,-0.135,1.639,0.247,-0.307,0
-0.69,-0.654,-0.129,0.604,-1.479,-1.744,-0.318,0.234,-0.717,-1.502,1.176,1.377,-0.889,1.575,-1.143,-0.414,0.118,-1.16,0.558,0.435,1.33,0.221,0.369,0.524,0.269,1.116,-1.232,1.862,-2.301,-1.797,1
-2.729,-1.415,0.175,0.375,-1.533,0.551,1.044,-1.033,-0.463,-1.041,-0.428,0.997,-1.69,2.598,0.117,1.712,0.71,-0.625,0.366,-0.073,0.719,-1.038,-1.078,1.801,-1.407,-0.339,0.237,-0.234,-0.741,1.243,1
0.398,1.417,-1.038,0.509,2.355,0.777,1.363,0.83,-1.261,0.073,-0.029,-0.247,1.464,1.261,-0.322,-0.968,-1.714,1.941,-0.221,-0.982,-0.51,0.15,-1.049,2.142,-0.08,-0.375,-0.332,0.241,1.236,1.467,0
-0.404,0.93,0.789,-1.606,-0.173,0.154,-0.592,-0.542,-0.19,0.296,-0.038,-1.455,1.081,-0.226,0.3,-0.647,0.529,0.02,0.89,-0.529,-0.837,-0.351,-0.185,-0.69,0.619,-1.513,-0.366,0.221,0.789,0.556,0
-0.933,-0.053,-1.122,0.708,1.076,-0.099,0.375,-1.381,-1.34,-0.655,0.234,-1.777,-1.471,-0.57,0.152,0.212,-0.312,0.981,-0.215,-2.184,1.004,1.465,0.299,1.318,1.744,0.907,-0.096,-1.668,0.182,0.389,0
-0.254,0.278,-0.811,-0.549,-0.488,0.268,-1.817,-1.297,0.552,-1.532,0.853,0.162,-0.769,1.532,-1.094,0.905,0.078,0.48,-0.558,-0.429,-0.428,-1.235,0.963,0.29,-0.077,0.227,0.1,-1.219,0.194,0.636,0
0.285,-0.972,-0.196,0.833,-2.56,0.926,-0.479,0.175,-0.675,-0.107,0.01,1.309,-0.811,-1.311,-0.328,0.462,0.634,0.766,0.487,0.067,0.228,0.33,0.051,0.471,-1.432,-1.031,-0.133,2.436,-0.204,-1.319,1
-1.279,-1.611,-0.707,0.93,-0.042,-0.604,0.694,-2.021,-0.142,-0.742,-1.575,-1.192,-0.329,-0.914,-1.303,0.861,0.05,0.612,0.614,2.677,0.504,-0.08,-0.759,-0.778,1.546,-1.499,1.136,1.026,-1.298,-1.048,1
-0.565,0.738,1.515,-0.488,-0.401,0.581,-0.269,-2.269,-0.874,0.266,1.629,1.92,-0.226,-1.954,0.349,-0.282,-1.3,-0.29,0.641,0.353,-0.666,-0.126,0.943,0.466,-0.102,0.728,0.655,0.481,0.982,0.501,1
0.844,0.007,1.463,0.827,0.542,0.029,-0.207,0.027,-0.042,0.984,0.869,0.72,-0.023,1.131,-0.914,-2.015,0.394,-1.126,0.931,1.425,1.273,2.014,-0.816,-0.778,-0.409,0.503,0.564,-0.579,-0.339,-0.024,1
0.725,-0.525,0.393,0.197,1.368,-0.408,1.465,-0.107,-0.594,-0.61,-0.142,-1.017,-0.696,1.891,1.764,-0.934,-1.664,-0.864,0.992,0.098,-1.24,0.872,-1.48,-0.052,0.28,-1.218,0.317,1.537,-2.853,0.274,0
0.621,-0.106,0.595,-0.276,0.244,0.285,0.512,-0.233,-0.556,0.704,0.044,-0.148,1.187,-0.079,0.305,-0.932,-0.237,0.186,0.457,-1.43,-1.249,-0.699,-0.098,-2.216,-0.637,-1.316,-0.217,0.023,-0.112,-1.626,1
0.495,-0.777,-0.673,-1.153,-0.125,-1.073,-1.472,0.302,-1.774,0.127,-0.593,-0.538,-1.274,0.546,-1.741,1.509,-0.722,-0.448,0.619,0.702,0.435,1.112,-0.814,-0.73,1.488,1.117,-0.04,0.087,-0.326,-0.522,0
1.744,-0.032,-0.608,0.58,0.955,-1.214,-1.053,0.316,0.979,-1.022,0.232,0.294,-1.489,-1.355,-1.479,-0.528,0.54,-0.644,-1.246,-0.346,-0.047,0.065,-0.988,0.106,0.386,1.509,1.111,-1.382,-1.263,-0.167,0
-1.16,-1.662,-0.315,0.081,-1.028,0.283,0.418,-0.01,-0.791,-0.494,-0.716,0.62,1.4,0.948,0.725,-1.679,-0.726,0.013,0.476,0.534,-1.103,0.656,-0.847,-1.437,-1.241,-0.642,-0.957,0.668,0.655,-0.694,1
-2.413,0.75,-0.404,1.161,1.521,0.357,-1.922,-0.885,0.413,1.467,-0.47,1.42,-1.067,-0.829,0.502,1.322,-2.199,1.146,-0.074,0.408,-0.629,-0.117,0.077,-0.21,0.289,1.36,0.652,-0.54,-0.456,-0.926,1
-0.677,-1.873,-0.855,-1.222,0.455,1.3,0.184,-0.225,-0.496,-0.55,1.073,0.008,-0.106,-0.022,-1.841,-0.768,-1.463,0.874,-0.096,0.125,-0.294,0.583,2.177,0.11,1.815,0.687,-0.017,-0.117,0.89,1.282,0
0.717,-1.008,1.099,0.784,0.767,0.366,0.793,-1.035,0.79,-0.348,-1.461,-0.115,-1.454,1.758,0.442,-0.157,-0.149,-0.466,0.524,-0.402,0.019,-0.372,-3.255,1.671,0.13,1.392,-2.253,-0.84,-0.333,-0.244,1
1.27,1.553,-1.544,0.605,-0.638,0.208,0.114,0.076,0.644,-1.06,-0.166,-0.43,0.827,1.267,-0.949,-1.503,0.035,0.007,-0.6,-1.021,-0.684,-0.92,1.162,-1.107,1.316,0.045,0.933,1.358,1.458,0.422,0
-1.805,0.691,-0.08,-0.339,-1.017,-0.934,-0.722,0.945,1.154,1.581,0.282,-2.175,-0.246,0.008,0.178,-0.607,0.334,-0.362,0.453,-1.271,0.43,0.124,-0.755,-1.229,-0.398,0.845,0.595,0.364,-0.004,-0.723,1
0.436,1.773,1.142,0.681,1.62,-0.25,0.078,-0.325,-0.612,-0.677,-0.33,0.812,1.211,2.138,-0.497,-1.205,-1.033,0.485,1.04,-0.037,0.721,1.621,1.209,0.897,0.422,0.241,-1.016,-1.169,0.136,-0.664,0
-1.818,0.25,1.505,-0.428,0.353,-0.282,-0.402,1.9,0.009,-0.58,0.711,-0.926,0.982,0.607,-1.959,0.62,-0.531,0.111,-0.832,1.266,-0.287,0.303,1.41,-0.251,2.041,1.527,1.415,-0.594,-2.238,0.081,1
0.635,-0.055,-0.199,0.817,0.776,0.206,0.295,-0.409,-1.003,1.0,1.264,0.019,1.334,-1.053,0.333,-0.146,1.305,-0.71,1.555,-0.14,-0.586,0.442,0.686,-0.211,1.264,0.93,-0.942,1.177,0.31,-0.114,1
1.413,-0.6,-0.064,0.446,0.803,0.487,-1.088,0.965,-0.973,0.141,-0.169,-0.036,-1.41,-1.176,-0.942,0.951,1.78,-0.584,-1.273,1.037,-1.262,0.7,-1.465,0.026,-0.732,-1.678,-0.644,-0.95,-0.454,1.106,0
-1.162,-0.198,-0.125,1.284,-0.326,-0.194,-0.218,-0.385,0.759,0.863,-0.408,-0.703,0.486,0.297,0.418,-0.582,-2.127,1.755,1.148,-0.396,-0.687,0.548,-1.022,-0.962,1.074,0.017,0.375,-0.608,-0.32,0.448,0
-1.087,-0.907,-0.162,0.04,-0.537,0.059,1.574,1.508,-0.39,2.197,-0.581,1.732,1.35,0.112,-0.237,2.747,-0.457,-0.897,-0.173,0.275,-0.276,-2.645,-1.443,-0.14,0.576,0.518,-0.4,-0.852,-0.111,-0.197,1
-0.888,-0.672,-1.462,1.018,0.483,-0.343,1.39,-1.035,0.59,0.147,-1.237,0.519,-0.395,-0.954,-0.195,-1.06,0.015,-0.764,-1.111,-0.57,0.533,0.697,-0.01,-0.779,-0.777,0.57,0.266,1.079,-0.57,0.316,0
1.353,-1.358,0.883,0.544,-0.531,-2.418,-0.215,-0.078,-0.663,-0.718,0.638,0.118,2.043,0.338,-1.537,0.331,-0.8,-0.499,0.717,1.35,-0.438,0.853,-0.219,-0.198,-0.884,-0.632,-2.538,0.6,-1.258,-0.558,0
1.115,-1.022,-1.448,1.322,1.062,-1.059,1.163,1.279,0.906,0.315,-0.043,-0.636,-0.193,1.035,-0.167,-0.182,-1.5,-1.334,0.842,-0.591,-1.668,-1.056,-0.655,-0.533,-1.928,-0.139,0.397,0.485,-0.871,0.55,0
1.494,0.706,2.941,-2.227,-0.235,-0.826,2.48,1.342,0.582,0.008,-1.513,-0.909,0.042,1.632,0.585,-0.763,-0.038,-0.463,0.768,0.309,0.322,-1.041,1.06,-0.611,-0.964,-0.386,-0.896,1.069,0.644,1.18,1
0.167,-0.431,-1.145,-1.471,-0.44,-1.062,-1.29,0.473,0.848,0.104,-1.286,0.281,1.835,0.651,-1.326,0.415,0.456,-0.866,-0.103,-0.692,-0.473,0.403,1.339,-1.33,-0.059,0.152,0.23,-1.474,1.021,0.429,0
0.424,-0.107,0.611,-1.199,2.025,-0.056,-0.593,0.029,0.353,0.859,0.307,1.683,-1.043,0.414,1.511,-0.452,1.187,0.705,-0.3,-0.199,0.273,1.43,1.105,-0.477,-0.75,-0.665,0.659,0.497,-0.028,0.174,0
0.95,1.915,-1.436,-0.824,-1.287,0.103,1.278,-0.316,1.338,-1.175,-0.504,0.356,0.597,-0.347,-0.378,-0.664,0.362,2.096,-1.891,-0.597,-1.17,2.573,-0.881,0.078,-0.718,0.303,-0.22,-0.72,0.096,0.263,0
-0.421,-1.878,0.235,1.255,0.587,-1.917,-0.329,1.119,-2.273,0.024,0.813,-0.007,0.274,0.582,0.011,1.005,-0.644,-0.197,-0.005,0.117,0.149,0.614,-0.709,0.953,-0.475,2.581,-0.176,0.315,0.287,0.009,0
-0.207,-0.654,-0.162,0.126,-0.821,1.677,1.974,-0.675,-1.064,-1.24,0.591,0.296,-1.201,-0.896,1.685,1.032,-0.01,-1.139,-0.405,1.107,0.35,1.005,-1.559,-0.076,-0.83,0.59,-1.647,0.195,2.59,1.606,0
1.596,-2.575,1.639,0.998,0.018,-0.274,0.914,1.126,0.319,-0.263,-0.092,1.094,-1.126,-1.463,0.037,-0.742,-0.937,-0.746,-0.729,-0.866,0.552,-0.342,-0.004,-0.255,2.252,0.068,1.719,-2.067,-0.862,-0.325,1
0.37,-0.701,-1.914,0.209,-1.8,-0.298,-0.346,-0.088,-1.164,1.605,-1.127,0.152,1.349,0.97,-1.019,0.608,1.774,0.787,0.178,-0.285,-0.366,-1.578,0.643,-0.727,2.329,-0.509,1.366,1.902,-1.179,0.194,0
-0.48,-0.189,0.333,0.24,-1.858,0.004,-0.937,-1.338,-1.35,0.882,-1.331,0.244,0.765,0.327,-1.189,0.026,1.105,0.871,-0.985,0.154,0.845,0.428,0.911,0.936,-0.452,-0.234,-0.319,0.071,2.337,-0.833,0
1.42,-0.65,-0.158,-0.826,-0.584,0.985,0.728,-1.203,-1.247,0.73,0.461,1.167,-0.887,1.007,-0.11,-0.422,0.893,-0.617,-0.973,-1.359,-0.997,-1.167,0.018,-0.066,-0.008,0.542,1.019,-1.304,1.269,0.107,0
-0.886,1.559,0.23,0.522,0.495,0.803,-0.695,-0.185,-0.507,1.322,0.942,-2.384,-0.822,0.476,0.501,-0.351,-1.551,-0.974,0.797,1.587,1.437,-0.828,2.483,-0.252,1.591,0.781,0.288,0.885,0.672,0.599,1
0.957,0.687,1.092,-1.003,1.169,0.168,0.664,1.823,-0.493,-1.138,2.881,-0.261,1.313,0.667,-0.205,-0.762,0.622,0.556,-0.143,-0.649,-0.682,0.165,1.843,-0.914,-0.925,-1.078,1.469,0.18,0.435,-1.092,0
-0.67,1.399,-0.894,-0.522,-0.347,0.864,-0.67,-0.256,-0.181,-0.057,0.899,0.064,-0.488,0.415,0.845,0.446,-1.251,0.905,-1.56,1.603,-1.068,-0.011,-1.424,-0.207,-1.458,-1.577,1.119,0.528,-0.557,-0.669,1
-1.177,1.473,1.205,-1.665,0.423,0.559,-0.775,-0.99,-0.917,-1.77,0.023,0.014,-1.015,-0.579,-1.086,0.758,-1.016,-0.088,-0.227,0.285,0.708,1.025,-0.887,-0.183,-1.905,-1.104,1.635,-0.803,-0.304,-0.655,1
-1.4,-0.135,0.068,0.709,-0.046,-1.426,1.085,0.104,0.854,0.231,0.045,-1.409,-1.156,0.468,0.551,-0.167,0.704,-1.273,-0.288,-0.159,0.98,-1.616,0.556,0.354,0.478,-0.501,-0.384,0.599,-1.486,0.904,0
-1.729,-0.964,-0.576,-0.542,-0.311,0.761,0.952,-1.319,-1.071,-0.375,0.565,-1.159,0.215,1.044,-0.726,0.248,0.15,-1.325,0.059,0.375,-0.08,-1.181,1.513,0.072,-1.272,1.024,0.625,-0.184,0.91,-1.249,1
-0.387,-0.482,-1.099,-0.582,-1.805,-0.8,0.351,-0.56,1.818,0.248,-0.18,-2.116,-0.997,0.227,-2.143,0.103,-1.883,-0.244,-0.595,-0.856,0.569,0.626,-1.117,0.621,-0.09,-0.655,0.059,0.472,-0.23,0.693,1
0.136,-0.927,0.871,-0.236,0.539,0.109,-0.494,-0.8,1.001,-0.504,-0.486,0.645,-0.306,0.667,1.81,0.969,-0.723,0.209,-1.076,0.684,0.588,1.022,-0.197,0.362,-0.835,-0.963,0.032,0.717,-0.474,-0.081,1
1.212,0.887,-1.461,-0.483,-0.468,-1.284,1.041,1.009,0.913,-0.988,0.631,0.416,0.594,-1.041,0.429,-0.188,-2.737,-0.52,0.525,1.086,-0.295,-1.079,0.236,-1.834,0.731,-1.209,0.266,-0.299,-0.873,-0.536,1
1.307,1.421,-0.02,0.201,-1.348,-0.529,-0.623,0.064,-0.636,-1.184,1.066,0.399,-0.614,1.51,-0.096,-0.504,-1.529,-1.253,0.65,1.317,0.779,-1.863,-0.657,-0.783,2.023,-0.302,0.683,-1.561,0.325,-1.076,1
-0.149,1.272,0.418,1.008,1.5,0.075,0.657,-0.287,-0.447,-0.3,0.384,0.597,0.395,0.785,-1.522,1.997,-0.933,1.493,-0.583,0.778,-0.105,-0.693,-0.309,-1.376,1.0,1.496,0.796,-0.411,-1.419,0.388,0
-0.928,0.158,0.939,-1.065,-0.156,-2.054,0.081,0.447,-0.454,-0.139,-0.873,-0.143,-0.499,-0.175,1.167,0.251,0.597,-0.492,1.451,0.498,-0.417,-0.112,0.938,1.12,-0.252,-0.992,-0.01,0.634,0.254,0.236,0
0.975,-1.389,0.23,-0.424,3.212,1.439,0.64,-0.107,-0.982,0.088,1.898,0.725,-0.286,-0.064,-1.561,0.589,-0.45,0.364,-0.095,-0.533,0.828,-0.502,1.438,-0.193,1.641,1.438,0.64,0.602,1.23,0.463,1
-1.234,1.559,1.351,-0.139,-0.368,0.861,-1.054,-0.281,-2.195,-0.432,-0.855,-0.167,-1.169,0.661,-0.236,0.023,-0.167,-1.024,0.913,-0.32,0.211,-0.671,-1.413,-0.038,1.713,-0.735,0.049,0.063,0.264,0.006,1
-0.091,1.031,-1.167,-1.204,-1.731,-0.79,-1.423,0.455,0.463,-0.769,1.936,0.401,-0.654,0.008,0.813,-0.717,1.08,0.037,-0.735,-0.769,0.816,-0.255,-1.232,-0.579,0.585,-0.078,-1.442,-0.102,1.463,0.956,0
-0.217,-0.098,1.135,0.671,0.03,0.046,1.832,-1.983,1.19,-1.902,-0.19,0.597,0.641,-0.011,-2.792,-0.509,0.512,-1.486,-0.328,-1.753,1.998,-0.893,0.63,-0.609,1.081,0.244,-0.192,-0.549,-1.651,0.206,1
-0.639,0.337,1.02,0.149,0.438,0.914,-0.325,1.689,0.193,0.727,0.269,0.509,1.6,0.629,-1.311,0.093,-0.252,1.266,-1.339,0.002,0.18,0.524,-1.124,-1.455,-0.668,-0.119,-1.063,0.443,-0.494,-0.376,0
0.79,0.018,-0.364,-1.74,1.046,1.716,0.556,1.012,-1.069,-0.101,0.17,0.417,0.173,0.574,-0.578,0.483,0.63,-0.207,0.773,1.08,0.154,-0.004,1.911,-0.161,1.497,-1.584,-1.745,0.4,1.173,-0.333,0
0.063,1.462,-0.948,-0.164,-0.18,-1.406,0.318,-0.473,-1.139,0.317,-0.163,-0.049,0.517,-0.385,-0.711,0.479,-0.385,-0.65,-0.447,-0.567,0.233,0.802,0.119,-0.391,-0.446,-2.084,0.268,-0.694,-0.082,-0.59,0
0.879,0.154,1.583,0.616,-1.184,-0.129,-0.897,-0.862,-1.973,0.232,0.38,0.757,0.394,0.77,1.294,0.692,2.938,0.774,0.345,-0.348,0.793,1.938,0.611,-0.71,-0.044,-0.237,-0.353,-0.313,-1.534,-0.961,1
-2.319,0.48,1.699,1.364,0.879,1.673,-0.597,-0.591,-0.317,-0.631,0.444,0.374,0.841,0.795,0.234,-0.943,1.622,0.068,0.651,0.691,0.124,0.149,-1.053,-1.246,0.603,-0.447,1.786,-0.448,-0.117,-0.25,0
-0.153,-0.979,-0.534,-0.22,-1.266,0.913,-0.908,-0.71,-0.052,-1.075,0.411,-0.748,1.045,1.046,1.069,-0.164,0.625,0.143,-0.538,-1.17,0.174,-0.152,-0.601,-1.512,-2.282,-0.464,1.317,1.07,0.384,0.387,1
-0.555,-0.218,-1.059,-0.343,-0.554,0.042,0.431,-0.782,-1.637,-0.575,-0.578,0.425,-0.522,-0.225,0.163,-2.309,-0.64,-1.681,0.693,0.553,-0.035,1.447,-0.204,1.014,-0.633,-0.169,0.833,1.246,-0.872,0.525,1
0.024,-0.777,0.259,-0.898,-0.348,-0.155,0.747,-0.086,0.535,0.301,-1.066,1.559,-1.539,0.315,-0.739,-0.238,0.18,-0.685,-0.963,-1.333,0.785,-0.119,-0.583,-1.272,1.405,-1.228,1.258,-1.276,-0.45,-0.777,0
0.736,-1.185,-0.02,-0.896,0.557,1.49,-0.765,0.443,-0.308,-0.84,-1.641,-0.351,-1.345,0.31,0.146,-1.892,0.242,0.051,-1.205,1.35,-0.116,-2.193,0.442,0.12,0.69,0.726,-0.384,-0.402,0.058,-0.168,1
-0.015,0.173,-0.582,0.353,0.188,0.098,-0.135,0.263,0.366,-1.282,-0.341,0.442,1.316,1.642,0.694,-1.558,0.926,0.56,-0.373,-1.729,0.261,1.379,-1.287,1.331,0.698,0.634,0.153,-1.62,0.606,-0.612,0
-0.823,0.241,1.6,-0.853,-1.239,-0.037,0.56,0.258,0.715,-1.083,1.303,1.067,0.432,1.684,-0.366,-0.391,-0.378,-0.875,0.959,0.7,0.168,0.817,1.819,-0.385,-0.812,1.069,-0.267,0.901,-1.522,-0.701,1
-0.498,-0.448,-0.634,0.639,-0.53,0.004,0.942,0.401,-1.124,-0.751,1.044,-0.457,1.024,0.559,-2.244,-0.566,1.462,-0.063,0.232,1.469,0.316,0.337,-0.153,0.003,0.254,0.707,-0.594,-1.784,1.276,-0.728,0
-0.879,0.804,1.149,-0.269,-0.734,-1.16,0.002,-0.773,-0.502,1.143,0.145,1.397,1.179,-1.693,0.01,0.324,0.401,-1.099,0.195,0.355,0.966,-0.702,0.219,-0.993,-3.248,1.325,0.284,-1.229,-0.065,0.076,1
-0.962,1.446,-0.068,-0.907,-0.48,-0.292,-0.076,0.415,-0.113,-0.703,-2.312,-1.233,-0.798,0.417,1.59,1.708,0.091,0.626,2.265,0.786,-0.555,0.486,-0.832,0.334,0.231,-1.141,1.217,-0.288,0.984,1.214,0
-0.718,-0.159,0.077,-0.649,-0.133,1.962,-1.505,-1.969,1.023,0.956,0.662,1.132,0.59,0.485,0.196,0.781,1.975,-0.516,-0.034,-1.68,1.702,0.681,-1.151,-1.321,-0.489,1.748,0.246,-1.93,0.586,-1.701,1
-0.812,0.693,-0.131,-0.001,-0.897,-1.362,0.659,1.587,-1.866,-0.222,1.385,-0.124,-0.375,0.096,1.579,-0.967,1.561,-0.707,0.134,0.235,1.266,-0.92,0.825,-0.075,-0.214,-0.032,-0.092,0.872,0.697,-0.229,1
-1.698,1.807,-0.645,0.464,1.842,1.192,-0.098,-1.285,-0.347,-0.902,-1.024,1.774,-0.323,3.03,0.773,1.735,1.294,-0.766,0.325,0.408,0.911,-1.435,0.27,-0.312,0.092,0.051,-1.168,0.046,-2.267,-1.466,1
0.329,0.409,-0.181,-1.126,1.226,-0.454,-0.509,-0.96,0.177,2.443,-0.496,-0.137,-0.034,-0.34,0.106,1.062,1.145,-1.529,-0.332,-0.961,-1.217,-0.067,0.772,-1.881,-0.286,-1.869,1.569,1.452,1.447,1.13,0
0.043,0.918,-0.486,0.764,0.853,1.202,0.272,-0.358,-1.038,-0.846,-0.979,0.395,-0.341,0.844,1.379,0.25,-1.124,-0.118,-0.385,-0.557,-0.558,1.254,1.007,-0.539,1.191,-2.131,1.303,0.074,0.361,-1.672,0
-0.299,-0.584,0.94,0.579,0.199,-1.076,-0.036,0.636,1.126,0.622,1.043,0.792,-1.679,-0.895,0.678,-0.657,0.615,1.055,1.961,0.042,-1.73,-1.139,1.993,1.298,-1.538,1.104,0.266,0.95,-0.456,-2.142,1
-0.813,-0.782,0.971,0.473,0.803,0.603,0.432,0.98,-1.648,-1.188,0.726,0.074,-0.037,0.557,-0.909,-1.338,0.192,-0.724,0.08,-0.54,0.364,1.386,0.811,-0.194,0.481,0.78,-0.136,0.17,-0.865,0.399,1
0.665,-0.6,-0.305,-0.399,-0.383,1.689,-1.02,0.671,-1.11,-1.149,-0.487,0.74,-0.539,-0.542,0.564,0.811,-2.596,-0.176,-0.736,-0.822,-0.094,-1.166,-0.294,-0.316,0.043,-0.927,0.713,-0.096,0.005,-1.411,1
0.333,-0.341,0.237,-0.15,-0.42,1.186,2.449,-0.5,-1.43,1.821,1.199,1.175,-0.188,0.714,0.707,0.973,-1.61,-0.894,-1.744,-0.573,-0.404,1.204,-0.121,-0.683,-0.669,-0.03,-0.714,2.005,-1.232,0.333,0
-1.439,0.449,0.275,-0.553,-1.234,0.182,0.565,-0.257,1.622,-0.13,-1.807,0.936,-0.44,-1.543,-0.357,-0.428,0.794,-0.693,0.63,0.725,-0.082,1.246,-0.122,-0.447,-0.92,0.249,1.58,-0.535,-1.387,-0.302,1
0.132,-0.344,-1.51,0.197,-1.361,-1.125,-0.728,0.855,-0.712,0.278,0.076,0.579,0.254,-1.588,-1.562,0.911,0.359,-0.243,-0.115,0.109,-0.27,0.791,-0.346,-0.909,0.697,0.608,-0.958,-0.881,-1.833,0.303,1
-1.397,-0.948,0.611,0.215,0.695,-1.911,1.472,0.896,0.286,0.435,0.128,0.252,-2.491,0.887,-0.296,0.703,0.14,0.575,-1.819,0.687,1.938,-1.51,-1.637,1.746,1.046,0.963,-1.308,-1.446,1.83,-1.185,1
-0.367,0.011,0.633,-0.903,-1.412,-0.986,1.445,-0.359,1.164,-0.439,-0.074,0.855,0.658,-0.381,-0.235,1.834,0.438,-1.94,0.872,-0.331,1.066,1.083,-1.305,1.027,2.205,0.833,0.597,-0.572,2.574,0.934,1
0.325,-0.354,0.734,-1.206,-1.043,0.269,-0.121,-0.114,0.487,-0.62,-0.696,-1.379,1.034,-0.367,0.441,-0.287,-1.199,0.97,1.008,0.139,0.205,0.787,1.241,-0.308,0.368,-1.19,2.366,0.029,1.705,1.232,0
-1.303,-1.195,-0.004,0.908,1.859,0.877,-0.825,0.833,0.388,0.05,0.618,0.74,0.078,-0.557,2.355,1.296,-0.789,-0.674,-0.236,-0.294,-0.321,1.251,0.783,-0.336,-2.698,-0.326,0.972,0.684,0.665,1.661,1
-0.055,0.866,-0.382,-1.258,0.515,0.029,-2.304,-0.138,-1.01,0.357,1.15,0.603,-0.498,0.543,-0.062,-1.695,-0.066,-0.388,1.949,0.072,1.996,1.46,0.612,1.039,-0.856,-0.277,0.285,0.489,0.717,0.765,1
-1.468,0.147,1.649,-1.096,-0.884,0.953,0.505,0.725,0.205,-0.146,-2.188,-0.385,-0.503,-1.734,-0.755,-0.659,0.348,0.2,0.771,0.223,-0.524,-1.486,-0.464,1.152,-1.007,1.494,0.127,0.165,-2.239,1.008,0
0.415,1.307,-0.368,-0.492,-0.803,1.731,-0.732,1.759,2.989,-1.209,-0.162,0.465,0.834,0.015,-0.469,-0.29,-1.625,-0.18,1.257,-0.749,1.481,0.419,-0.276,-2.219,-0.242,1.994,0.276,-0.527,0.942,3.259,1
-1.463,-0.964,-1.888,-0.151,0.311,1.099,0.3,1.47,-0.095,-0.57,-0.195,-0.151,-0.523,1.294,0.543,-0.354,1.092,-1.824,2.215,-0.262,-0.405,-0.515,0.28,1.794,-0.156,-0.535,-0.252,1.866,-0.226,0.289,0
0.203,0.307,-0.931,0.692,-0.204,-0.144,1.034,-0.858,-1.657,-0.568,-1.103,2.381,-1.018,0.219,1.052,0.236,-0.741,-1.112,1.123,-0.306,-0.434,0.562,-1.016,0.04,-0.398,-1.031,-0.867,0.361,1.033,-0.517,1
0.118,0.465,1.949,-0.746,1.077,1.143,-1.326,-1.066,-1.539,1.973,-0.798,0.073,0.699,0.214,-0.389,0.096,-0.678,0.231,-0.333,-0.054,0.364,-0.661,-1.614,-3.323,0.865,-1.414,-0.315,2.081,0.149,0.643,0
-0.605,0.473,0.113,0.03,-0.214,1.304,0.417,0.807,1.465,-1.943,-0.161,-0.982,0.072,0.541,0.827,-0.216,-0.127,-1.697,-0.048,-1.955,0.94,-0.129,1.547,-0.878,-0.02,0.368,0.962,-0.834,-0.091,0.866,1
0.845,-0.19,0.165,0.271,-0.01,0.345,-0.379,0.806,1.345,0.036,0.294,0.185,0.519,0.315,-0.62,0.317,0.674,0.149,-0.926,1.028,-1.21,-0.427,-1.208,1.23,-0.903,0.071,-0.148,-1.595,-0.24,0.672,1
-0.297,-1.229,0.319,-2.603,0.089,-0.537,0.281,0.01,-0.441,0.046,-1.595,-1.138,-0.593,-1.159,-0.093,0.848,0.292,1.435,-0.864,-0.043,1.711,0.67,1.746,-1.332,-0.599,0.298,0.314,-2.458,-0.311,0.586,0
0.668,-1.127,0.255,0.362,0.019,-1.467,1.134,0.658,0.497,-0.441,0.385,1.038,0.076,0.092,0.136,-2.143,-0.982,-1.328,1.055,0.431,-1.35,-1.072,-0.911,0.613,1.44,-0.829,1.353,-1.914,-0.854,0.574,0
0.716,-1.163,0.709,1.173,-1.413,0.965,1.004,-1.416,-0.31,0.888,1.096,-0.674,1.206,0.431,0.386,-0.583,-0.019,-2.534,-1.93,-0.58,1.634,1.303,-0.364,-1.58,1.061,1.038,0.341,1.397,0.119,-0.513,1
1.124,-0.204,-0.068,-0.126,-0.216,-0.951,-0.617,0.47,-0.073,-1.349,-0.432,-0.353,0.287,2.088,1.357,0.856,-0.644,0.175,0.421,0.409,-0.748,-0.875,-0.953,-1.496,0.826,-0.516,-0.051,-1.852,0.025,-1.5,1
0.623,-0.779,-0.63,0.012,-1.427,0.77,0.262,0.761,-0.402,-0.231,-0.294,-0.797,-0.349,1.973,-0.567,0.782,1.841,-1.527,-0.847,-0.557,1.436,0.263,0.118,0.459,-0.386,-0.264,0.453,-0.357,0.672,-1.209,1
-0.676,-1.644,0.047,-0.631,-0.397,0.162,0.416,-1.702,2.13,-0.702,0.668,1.113,-0.652,-0.055,-0.612,-1.505,-0.181,2.033,1.198,0.742,-0.668,-0.477,-0.181,0.01,-0.022,-1.15,-1.88,0.492,0.545,-1.566,1
-1.6,-1.043,-0.591,0.145,-0.847,-0.926,-0.425,0.284,-0.094,0.903,-0.044,0.614,-0.048,-1.375,0.317,-1.719,0.523,1.064,-0.271,0.977,-0.017,-2.707,-0.068,-0.767,-0.352,-0.792,-0.865,-0.832,0.443,0.625,0
-2.24,0.635,-0.971,0.155,-0.384,-1.027,0.876,-0.828,-0.023,0.874,-1.981,1.653,-0.063,-1.145,0.54,0.258,1.028,0.993,1.95,0.069,-2.175,1.566,0.258,0.744,-1.373,0.099,-0.282,-0.318,-0.295,-0.021,1
-0.905,-0.07,0.847,-0.306,1.193,-0.702,-0.167,0.458,0.321,-1.344,-0.128,0.693,0.684,0.461,-0.349,0.649,0.557,0.326,1.553,-0.369,0.422,-0.754,-0.613,-0.79,-0.122,-0.552,-2.299,-1.201,-1.243,0.861,1
1.092,1.899,1.356,1.541,0.278,-0.878,1.527,-0.495,-1.754,-1.339,-0.393,0.256,0.54,0.03,0.048,1.682,-0.13,-0.521,0.413,0.015,0.622,0.396,-1.417,-0.381,0.859,0.008,-0.0,-0.392,-0.288,1.374,0
0.565,1.028,0.305,1.97,-0.036,-3.457,-0.538,0.245,-0.573,-0.388,0.315,-0.181,0.659,0.117,0.234,-2.014,0.376,-2.141,1.166,0.375,0.749,-1.663,-0.816,0.267,1.691,-1.154,-0.644,-0.157,-0.31,0.038,1
-1.339,-1.455,-0.926,-0.28,1.196,1.286,0.297,-0.758,-0.179,-2.06,-0.645,1.329,-0.471,-0.457,0.032,-0.235,0.239,0.57,2.691,-0.168,1.498,0.939,0.168,-0.159,0.277,-0.157,0.668,0.272,1.489,0.083,0
0.331,0.668,-0.458,-0.513,0.813,0.833,-0.79,1.555,-0.177,0.305,1.511,1.896,0.729,0.77,1.064,-1.316,1.699,-0.507,-0.559,-0.524,1.087,1.631,0.605,-0.901,0.019,-0.36,1.111,-0.095,1.152,-0.078,1
-1.282,-0.367,-0.448,0.209,-0.516,-2.081,-0.698,-1.651,-1.497,0.031,0.522,-0.215,-0.342,1.334,0.111,-0.778,0.019,-0.939,1.015,-0.377,-0.375,-1.606,0.567,0.22,-0.478,0.035,0.438,0.536,-0.059,0.629,0
-0.946,0.619,1.038,1.966,-0.763,0.153,-0.554,1.077,-1.746,0.561,0.901,-0.977,-0.242,-1.823,0.51,-1.576,0.202,-0.663,0.14,-0.409,1.303,1.134,0.908,0.669,-0.3,2.098,-0.289,-2.095,-0.536,0.337,1
-0.339,-0.089,0.592,0.482,1.015,1.116,-0.497,-1.142,0.311,0.625,-0.6,-0.253,0.774,1.193,1.435,-0.138,-1.937,-0.547,-1.38,-1.294,-0.218,-0.239,-0.049,-0.035,0.728,-0.139,2.995,0.431,-1.23,0.677,1
-1.46,0.778,-0.734,0.881,-2.094,0.305,-1.325,-1.48,-0.205,0.195,1.163,-0.471,-0.117,-0.707,0.766,0.224,-1.425,0.922,0.331,-0.722,1.167,0.412,-0.707,-0.536,-0.965,0.813,-0.672,-0.988,-0.192,-0.595,1
1.381,-0.646,1.038,-0.061,0.431,-0.87,-1.562,1.732,0.782,-2.31,0.173,-0.734,-1.786,-1.462,1.425,-1.094,-0.403,-0.31,0.191,0.539,0.353,1.938,1.185,0.965,0.872,1.817,-0.314,-0.393,0.439,-1.239,0
2.149,-1.621,-1.434,0.484,1.596,1.966,2.708,0.338,0.369,-0.606,-0.721,0.542,1.049,-0.878,1.278,-0.746,-0.934,0.048,0.809,-0.076,0.203,-0.249,-0.308,0.29,0.522,-0.071,1.182,-1.425,2.076,0.258,1
1.437,-1.606,-0.416,-0.217,-0.564,0.114,-1.538,-0.151,1.279,-1.009,0.792,1.75,0.144,-2.347,-0.358,-1.291,1.098,-0.391,-1.624,-0.338,1.116,1.717,-0.258,-0.567,1.961,-0.842,-1.513,-0.444,-1.098,0.304,0
-1.22,0.064,-1.046,0.366,-0.72,-0.229,-0.583,1.102,0.583,0.293,0.988,-0.968,1.001,0.482,0.084,-0.859,0.055,0.493,-1.449,-0.323,-0.596,0.652,0.419,-0.762,1.392,-0.33,0.503,0.737,-0.474,-1.393,0
0.176,0.224,1.378,0.667,1.135,-1.096,2.221,-0.802,1.527,-1.958,0.139,0.569,-0.614,1.906,-0.39,-0.268,1.332,-1.423,-1.527,-0.057,-0.074,-1.315,-0.179,-2.34,2.18,-1.909,1.705,-0.919,0.321,-1.083,1
2.321,0.554,0.383,2.078,0.356,0.207,0.056,-0.425,0.211,0.582,0.138,0.098,-1.218,-0.699,-0.912,-1.052,-1.17,-0.519,0.041,-0.028,0.328,-0.851,-0.664,-0.924,0.046,-0.033,0.867,0.981,0.169,0.712,0
-0.616,-0.513,-1.304,-0.743,-0.587,1.539,-1.356,-0.994,2.315,0.487,1.083,-2.496,-0.63,0.451,-0.808,-0.307,-0.224,0.162,0.308,-0.086,-0.824,1.701,-0.759,0.11,-0.389,0.308,-2.487,-0.54,0.01,3.141,1
-0.298,-0.091,1.553,-0.708,0.107,0.553,0.834,0.598,0.052,-0.412,0.06,-2.331,1.346,-2.633,-0.646,-1.038,1.059,-0.263,-0.84,-1.011,2.057,1.405,-0.323,0.153,0.44,-0.925,1.273,1.669,-1.176,-0.245,0
-2.052,-1.309,-0.61,-1.554,1.179,0.548,1.145,1.007,1.527,1.736,-0.726,-1.244,1.232,0.167,1.814,0.331,-0.705,0.084,-1.474,-0.769,-0.843,-0.628,-1.17,-0.821,0.654,-0.259,0.367,-0.725,0.236,-0.398,1
0.112,0.598,-1.255,-1.085,0.039,-1.466,-1.414,1.886,-0.762,-0.896,2.352,0.108,-0.003,0.254,-1.282,-0.159,0.187,-1.52,-0.138,-0.765,0.422,0.07,0.29,1.211,0.998,-0.438,-2.712,0.741,0.128,0.562,1
0.67,-1.128,0.977,-0.704,0.201,0.771,-0.928,0.589,-0.013,-0.562,-0.54,-1.323,-1.42,-0.524,1.134,0.13,-1.831,-0.047,-0.037,-1.738,-1.55,0.373,-0.173,-1.208,-0.635,-0.78,-0.985,-1.417,0.146,0.515,0
1.569,-0.511,0.162,-1.14,0.756,1.448,0.014,0.545,0.507,-0.071,-0.622,0.635,0.161,0.312,-0.037,0.347,-0.072,0.217,0.157,1.204,0.239,0.62,-0.029,0.006,1.004,-0.794,0.155,-0.782,0.57,-0.414,0
-0.626,0.067,0.534,0.272,1.337,-0.313,2.322,-0.192,-0.357,0.302,-0.587,2.338,0.555,-1.351,-0.036,0.61,-0.939,-1.367,-0.099,0.93,0.056,-0.949,-0.537,0.51,0.641,0.941,-1.5,-0.674,-0.478,-0.081,1
-0.858,0.331,-0.146,-1.479,-0.993,-2.472,-0.536,-0.877,0.444,0.661,0.727,1.384,-0.624,1.026,-1.698,0.878,0.624,-1.187,1.211,0.32,-0.223,-0.064,-1.224,-0.366,0.433,-1.179,-0.414,0.073,-0.088,-1.514,0
0.134,-0.259,0.074,0.33,0.749,0.752,0.794,0.16,1.555,-0.859,1.64,-0.775,0.835,0.782,1.061,-0.329,0.805,1.354,-0.506,0.458,0.637,-1.379,0.043,-1.861,0.102,-0.453,-0.246,0.051,0.352,-1.043,0
1.754,-0.853,0.505,0.922,0.563,-0.719,-1.288,0.639,0.351,-0.504,-0.393,-0.334,-0.931,-1.146,-0.352,1.544,-2.702,-0.095,0.34,-0.685,2.053,-0.484,1.514,1.354,0.884,0.514,1.376,-0.283,-1.039,0.031,1
-0.382,-0.396,-0.371,-0.933,0.181,1.91,1.291,-0.033,1.298,0.402,-1.423,-0.322,1.51,1.358,0.067,-1.243,0.163,-0.771,-0.768,0.953,0.766,-1.393,0.704,1.616,-0.427,-0.184,0.214,-0.713,-0.758,-0.28,1
-1.167,-1.859,0.535,2.295,-0.089,1.128,0.326,-0.05,1.745,-2.836,0.29,-0.615,-0.633,-1.068,0.603,1.708,-0.358,-1.455,-0.033,-1.509,0.02,-1.64,-1.51,-1.961,1.296,0.612,0.288,0.503,1.178,-1.087,1
-0.167,2.408,1.391,-0.619,0.052,-0.548,1.511,0.189,-0.015,-1.59,-0.578,0.056,-0.829,-0.148,-2.15,0.97,0.708,-0.433,0.761,1.372,0.546,-0.4,0.3,0.735,-0.862,-0.112,1.308,0.146,1.035,-0.702,1
-1.669,0.361,-0.169,-1.268,-0.378,-0.758,-2.152,-0.07,0.577,-0.789,-0.57,-1.533,0.697,0.603,0.335,0.301,-0.037,0.543,-0.39,0.658,0.164,-0.709,0.41,-2.014,1.367,-0.558,-0.593,-0.444,1.492,0.752,1
1.05,0.222,2.542,-1.409,-0.998,-1.446,0.84,-0.741,1.164,-2.793,-1.457,-0.42,0.612,-0.823,-0.375,-1.281,0.536,-0.667,0.026,-0.786,-0.841,0.906,1.459,0.351,-1.368,0.487,-0.045,-0.952,0.59,0.791,1
-0.664,0.589,-0.558,0.654,0.085,-0.226,-1.765,0.921,-0.578,1.171,2.077,-0.407,0.446,0.833,-1.918,0.505,0.244,0.382,1.054,-1.51,1.46,-0.982,-0.413,0.585,-1.465,-0.295,0.304,-0.658,1.254,-0.431,0
0.527,0.217,0.636,-0.304,0.613,-0.082,0.476,0.518,0.53,0.905,0.073,0.417,-0.307,0.052,0.153,0.808,0.551,0.173,0.819,-0.02,-1.525,-0.257,-2.431,-0.262,0.612,0.074,0.428,0.319,-1.564,-0.33,1
0.525,-1.155,0.242,-0.449,-0.362,0.069,-0.462,-0.754,-0.211,-1.522,-0.126,2.021,-1.011,0.405,-0.723,0.698,0.998,-0.859,0.378,-0.144,0.789,0.019,0.077,0.033,-0.689,-0.428,1.258,1.143,0.195,-0.016,0
0.611,-1.405,0.932,-0.057,-0.627,1.366,0.043,-0.777,1.133,0.293,-0.102,0.286,0.09,-0.77,-0.529,0.125,1.837,-1.688,1.207,0.117,0.355,0.563,1.042,1.848,1.011,-0.332,-0.681,-0.161,-0.888,-1.534,0
1.891,-0.814,1.423,-1.201,-0.541,-1.396,-0.842,-0.925,0.9,0.499,-1.597,0.458,0.718,-0.345,0.081,0.166,-0.018,-1.024,-0.884,1.182,-0.124,0.79,-0.641,-0.492,-0.047,-0.747,-1.456,0.128,0.203,-0.093,1
1.529,0.58,-0.485,-0.581,0.038,-0.104,-0.986,-0.149,0.599,0.267,1.408,0.887,0.96,1.932,0.528,1.945,-0.223,-0.1,0.322,-0.576,-0.926,-0.238,-0.009,0.18,-0.719,0.36,1.486,-1.291,-0.517,0.246,1
-0.876,-1.154,0.371,0.702,2.147,0.888,1.013,-1.218,0.822,1.456,0.259,-0.353,0.21,0.531,-0.818,0.531,-0.029,-1.42,-0.364,-0.506,1.388,0.215,0.082,-0.189,0.195,-0.191,0.954,0.931,0.395,-0.458,1
0.111,-0.834,2.502,0.706,0.788,-0.443,1.014,-0.822,-1.391,-0.396,1.865,1.62,0.024,-0.003,1.13,1.757,0.378,0.734,0.869,-0.226,0.344,-0.431,0.989,-0.294,0.144,1.932,-0.511,-0.472,1.575,0.148,1
2.717,-0.029,0.63,-1.513,-0.845,1.117,0.089,0.224,0.131,-1.115,0.125,-0.041,0.467,0.301,0.42,-0.59,-0.209,0.424,-0.458,-2.232,-1.49,0.419,-0.513,1.329,0.982,0.207,-0.055,-0.829,-0.087,-1.235,0
-0.18,0.729,0.313,0.184,-0.949,0.07,-0.578,-1.734,0.766,1.084,1.556,0.245,0.521,-0.461,0.8,1.281,-0.914,-0.266,-0.932,-1.339,-0.191,-0.671,0.422,-0.506,-0.917,0.344,0.542,1.038,-0.03,-0.331,1
0.154,0.908,-0.332,2.561,-1.127,-0.417,-1.117,2.029,-1.223,1.109,-0.015,0.769,2.282,-2.3,-2.46,-0.537,-1.07,-1.179,-0.965,-0.143,-1.432,1.491,-2.702,-0.612,1.842,-0.294,-0.069,2.374,1.804,-0.663,1
0.621,-0.226,-0.73,1.452,-2.492,0.85,1.524,0.344,0.498,0.418,0.337,0.273,1.15,0.112,-0.372,-0.981,1.278,-1.128,-0.227,0.181,-1.142,1.454,-0.894,1.119,-0.089,-0.244,0.331,-0.381,-0.762,0.477,1
-1.227,0.005,3.27,-0.33,1.713,2.28,0.354,-1.763,1.122,-0.904,0.334,-0.324,-1.422,-1.645,-0.185,-0.332,0.116,-0.7,0.273,-1.458,0.717,-1.448,0.913,-0.469,-0.636,1.682,0.24,-0.297,-0.004,-0.914,0
-0.63,-1.452,-0.273,-1.728,0.712,0.074,0.328,0.63,1.076,0.457,0.868,-1.282,1.47,-0.041,0.331,0.211,1.896,-0.46,1.061,-1.529,0.503,0.788,-1.699,1.222,-1.402,-0.218,-0.41,0.089,0.53,0.236,1
0.075,0.047,1.024,1.072,0.196,-0.147,1.001,-0.638,-0.513,-0.19,1.43,0.195,0.721,-0.061,0.441,-0.552,1.112,0.22,-0.349,0.252,0.488,-0.952,-0.736,0.513,0.906,-2.409,0.617,-0.493,0.792,-0.096,0
0.224,0.544,0.113,-0.106,-1.755,-0.472,0.044,0.474,-1.195,0.727,2.266,-0.886,-0.202,1.572,0.919,0.802,0.171,-0.648,0.076,-0.187,-1.294,-0.017,-0.272,-0.196,-0.816,0.03,-1.289,1.297,0.648,0.751,1
-0.044,-1.459,-2.016,-0.639,-0.285,-1.748,0.947,-0.059,-0.728,0.065,-1.393,-0.153,1.631,0.49,2.716,0.797,-1.778,0.23,1.08,-0.028,-0.035,-0.576,-0.738,-0.469,-0.628,-0.217,-0.66,0.903,-0.166,-1.36,1
1.334,-1.663,-0.429,0.135,-0.05,-0.291,-0.723,-0.191,-0.026,-0.494,-0.943,-0.755,-0.125,1.237,0.261,1.388,-0.357,0.526,0.997,0.146,0.929,-0.801,-1.737,0.156,0.957,-0.206,-0.261,0.553,-0.343,0.65,1
1.312,-2.441,0.75,0.442,-0.427,-2.298,0.665,2.584,0.354,1.221,-1.638,-0.975,0.72,-0.467,-0.491,-1.265,-0.001,-1.603,0.045,-1.39,0.691,-1.396,-0.809,-0.979,1.163,0.532,0.291,-0.629,-0.381,-0.234,1
-2.06,1.081,1.689,0.778,-0.277,0.915,-1.742,-0.576,0.405,-0.59,0.638,-1.963,-0.316,-1.764,0.563,-0.14,1.028,0.688,-0.845,0.023,-0.35,-0.445,-1.988,-0.505,0.22,0.126,1.772,0.096,0.747,0.947,1
0.145,0.356,-1.394,0.885,-0.176,0.595,0.163,-0.845,0.813,-1.949,0.712,-0.29,1.223,0.979,-0.259,-0.893,-1.028,0.558,-0.002,0.794,2.586,0.421,0.615,0.184,-0.128,-0.68,-0.617,1.941,0.659,-0.392,1
-0.649,-1.137,1.66,-0.761,-1.476,0.196,1.046,0.869,1.142,1.057,2.973,-1.453,-1.175,1.305,1.141,-0.425,-0.847,-0.575,0.299,1.457,-1.193,1.486,-0.519,1.606,0.857,1.112,1.362,0.985,-0.285,0.134,0
0.308,-1.012,-0.361,1.04,-0.149,1.213,0.691,0.413,-0.211,0.557,0.759,0.769,1.919,0.777,-0.002,-0.714,1.338,-0.886,0.581,2.279,0.215,1.229,-2.086,0.348,0.023,-0.069,-1.381,1.603,-0.711,0.935,0
-0.158,1.766,0.105,1.448,0.113,-1.894,0.732,0.59,0.939,-1.244,-0.621,0.984,1.066,-1.191,-0.546,-0.507,0.472,0.41,1.245,0.839,0.746,-1.054,-0.931,1.118,-0.129,-2.287,0.58,1.068,-0.966,0.484,1
0.953,0.175,0.716,1.096,0.889,2.04,-0.419,0.48,0.322,1.648,-0.94,1.277,0.105,-2.768,-0.932,-1.098,0.174,-0.357,1.119,0.722,0.509,-0.486,-0.907,0.105,-0.044,-0.106,-1.201,-1.187,0.773,0.481,1
-0.347,-0.511,-0.38,0.555,0.432,0.286,-1.798,1.581,0.86,-0.694,-1.13,-1.538,0.49,-0.041,-1.484,-0.831,1.299,0.763,1.792,-1.614,1.942,0.332,-0.544,0.559,0.099,1.02,-0.378,-0.368,2.834,0.698,1
0.317,-0.446,-0.24,-0.776,-0.104,0.607,0.0,-1.977,-0.769,0.947,-0.996,-1.286,1.042,-2.07,-1.373,1.21,-1.348,-1.043,0.623,0.666,-0.07,-0.892,0.713,-0.579,-0.39,-0.91,-0.514,-1.127,-1.372,2.069,0
0.798,0.614,-0.748,1.231,1.472,-0.967,1.108,-1.572,-0.412,1.085,1.878,0.415,-0.641,-0.041,1.126,-0.481,-0.342,0.645,0.891,1.22,0.006,1.685,-0.573,-0.53,-0.628,-0.3,-1.383,0.627,-1.037,-1.389,1
-1.313,-0.905,1.119,-0.732,0.721,-0.287,0.094,-0.151,-0.11,1.8,-0.53,-0.921,1.131,-0.763,-0.222,-0.029,-0.692,0.487,0.465,-1.774,-2.723,0.58,-0.533,-0.466,1.032,-1.03,0.03,-0.496,0.378,-1.877,1
1.179,2.254,0.303,0.989,1.591,0.206,2.089,-0.431,-0.029,0.443,0.803,-1.967,0.621,0.226,-0.747,0.019,-1.207,0.712,-0.025,-0.906,0.152,0.522,-0.33,1.133,1.378,-0.861,-2.244,0.579,0.569,-0.444,1
0.321,0.536,0.525,-0.786,0.859,0.681,-0.957,-0.483,-1.454,1.071,-0.163,-1.634,1.336,0.405,1.034,-0.848,-0.521,-0.068,0.843,0.56,-0.745,0.149,-0.844,-0.155,-0.359,0.17,0.068,-0.814,-1.139,0.942,1
0.392,0.367,0.342,1.117,-2.836,-0.704,-0.76,-0.366,-1.035,-0.28,-0.823,0.915,1.674,-0.564,-0.297,-1.453,0.562,-0.303,0.248,0.23,-1.672,0.215,-0.333,-0.034,0.573,0.521,0.017,0.113,-0.337,-0.706,1
-0.008,0.121,1.054,0.084,0.837,-1.71,-1.084,0.186,-1.538,1.069,-0.647,0.594,-0.151,-1.109,1.263,1.326,0.969,-0.155,-0.298,1.285,0.547,2.014,0.403,-0.387,0.193,-0.048,0.214,-1.099,0.824,0.341,1
2.056,-1.04,0.712,0.935,-0.25,0.21,0.153,0.897,-0.326,-0.85,-0.478,0.296,-1.725,-1.303,-0.797,-0.915,0.063,-0.71,1.279,-0.885,-0.154,-1.421,0.6,-0.069,-1.814,-0.511,-0.076,0.095,0.474,0.176,1
-1.628,-1.31,-0.573,-0.606,-0.267,1.442,-2.681,-1.271,-0.227,-2.094,0.003,0.199,-0.783,-0.769,0.129,0.578,-1.888,-1.194,0.536,-0.507,-1.989,0.099,2.333,-0.554,-0.156,0.4,0.626,0.238,-0.536,-1.389,1
0.353,-0.427,-0.739,-1.716,0.043,-0.141,0.909,1.74,-1.355,-1.003,0.073,0.168,-0.348,1.554,-0.033,0.24,0.949,-0.089,-0.993,0.008,0.707,-1.553,0.408,-0.0,0.554,0.372,1.304,0.455,1.04,0.865,0
-1.696,-0.299,0.241,1.247,-0.32,-0.253,-1.079,-0.404,0.071,-0.477,2.014,-0.834,0.134,-0.74,-1.425,0.412,0.366,0.873,0.795,-0.618,0.346,-1.194,-0.338,0.726,0.28,-0.81,-1.751,0.421,-0.433,0.319,0
-0.933,0.672,0.196,0.493,0.27,-0.54,0.566,-2.043,0.506,0.725,-1.071,-0.525,-0.03,-1.705,-1.531,-0.767,0.792,1.005,0.105,0.333,-0.547,0.024,-0.355,-1.975,-0.518,-0.941,-0.082,-0.566,-1.625,-0.422,0
-1.073,0.038,-0.238,-0.874,0.275,-0.661,-0.855,-0.197,-0.046,0.113,1.041,0.208,0.134,0.868,-1.297,-0.091,-0.506,1.409,-0.053,-0.309,1.962,0.536,-1.82,2.159,0.025,0.516,-0.268,-1.039,1.954,1.263,1
-1.234,1.146,-0.685,-1.748,1.073,-1.991,-0.893,0.796,0.599,-0.913,1.334,1.2,-0.356,-0.756,-1.036,0.061,0.529,-0.333,-0.571,0.344,-1.71,-0.4,0.685,-0.388,-2.341,-0.802,0.504,0.969,-2.964,-2.073,1
-0.127,-0.349,-2.299,0.982,0.27,0.24,-0.098,0.255,-0.307,-2.752,-0.89,0.077,1.64,0.849,-2.344,-0.538,0.394,0.557,0.051,1.199,-0.089,0.844,0.851,-0.044,2.414,0.463,-0.48,-0.563,0.035,1.608,0
-2.11,-0.844,0.343,-0.473,0.796,-1.696,1.248,-0.722,-0.95,0.099,-0.432,1.061,1.291,0.075,0.682,-1.528,-0.438,-0.381,0.131,1.219,-1.268,0.003,-0.412,0.494,0.252,0.147,-0.009,0.119,0.849,0.198,1
-1.036,-0.125,-1.151,-1.186,1.196,1.244,0.005,-0.098,0.849,-1.013,0.894,1.878,1.328,-0.277,-1.364,-0.307,2.266,0.795,2.593,0.012,1.008,1.154,-0.017,0.777,-0.004,-0.725,0.99,-1.323,-1.328,0.33,0
-1.304,0.435,-1.011,-0.828,0.553,-1.516,-1.066,0.783,0.151,1.884,-1.912,0.742,0.124,0.791,0.693,1.121,0.545,0.296,0.866,-1.363,-0.328,1.049,0.413,-0.069,-0.634,-0.773,0.829,-0.156,0.945,0.871,1
-1.085,-0.186,-1.032,-0.915,1.247,1.058,-0.672,-0.003,-0.459,1.213,0.032,-0.142,1.692,-1.422,0.112,1.244,-0.034,-1.242,-0.019,-0.868,1.404,-0.193,0.194,0.926,-0.458,-0.755,-0.397,-0.208,0.003,-0.737,1
0.812,0.647,0.123,-0.367,-1.443,0.819,1.207,1.273,0.077,-0.045,-1.436,1.511,0.119,0.703,0.539,0.461,-0.735,-0.084,-0.219,-1.447,0.141,0.462,-0.575,-0.146,-0.697,-0.472,-1.463,-1.317,-0.387,-0.232,0
-0.648,0.518,1.058,-0.004,-1.209,-0.705,-0.534,-0.376,-0.188,0.08,0.033,-1.68,-0.649,-0.015,-0.16,0.524,0.564,-1.605,-0.46,0.851,1.152,0.583,-0.606,-0.069,-2.042,-0.662,-0.375,2.926,1.474,-0.325,0
0.653,1.771,-0.305,-0.513,-0.682,-1.033,-0.554,0.769,0.73,0.731,-0.796,-1.3,2.456,-0.799,-1.5,-0.445,1.731,-1.24,-0.387,-0.551,-1.654,-0.015,-0.816,-1.271,0.163,-0.713,-1.031,-1.325,0.368,-1.898,0
-0.876,-0.665,-0.523,-1.537,0.304,0.381,-0.298,0.762,1.107,-0.223,-1.417,-0.062,0.159,-0.122,-0.857,0.487,1.392,-0.921,-2.009,1.224,0.255,-0.877,-0.299,0.547,-0.831,-1.753,1.344,-0.356,0.077,-0.106,1
-0.64,0.25,0.602,0.151,0.05,0.255,-1.0,-1.381,0.402,-1.115,-0.234,0.61,-0.046,-1.143,-1.05,-0.626,-1.398,-0.441,-1.447,-0.584,0.559,1.89,-0.327,2.281,-0.862,0.228,0.76,0.275,1.272,-0.385,1
-0.321,0.147,-0.346,0.72,-2.083,-0.822,-0.35,1.737,0.988,0.469,-0.185,-2.869,0.294,-1.178,-0.503,-0.231,-0.725,2.036,-1.329,0.41,-0.181,0.027,2.604,0.727,-0.825,-0.007,-0.915,-1.99,-0.052,-0.927,0
-0.677,-0.108,0.175,0.138,-1.192,0.759,0.825,0.276,-0.036,-0.058,1.747,1.618,-0.57,0.295,2.401,0.119,0.408,-0.433,0.59,-0.471,1.835,-0.034,2.091,-0.435,-0.905,0.999,0.14,1.379,-0.282,-1.636,1
0.065,-0.668,0.226,0.626,-1.204,1.635,0.598,0.713,0.451,-1.541,0.259,0.128,-1.304,-1.08,-2.319,-0.0,-0.386,0.201,0.151,-1.531,-0.378,-0.628,-2.018,0.317,-1.4,0.56,1.178,1.281,-0.473,-1.949,1
-1.235,0.327,-2.319,-0.601,-0.522,-0.058,0.242,0.572,-1.89,-1.21,-1.062,-2.452,-1.111,-1.64,-0.752,0.848,-0.168,-1.409,-0.975,-1.537,1.945,0.664,0.047,0.141,0.533,-0.775,0.017,1.069,1.171,0.385,0
-2.06,0.19,-0.36,0.257,-1.796,-0.188,-0.5,0.506,-1.7,-1.403,2.22,0.087,1.403,-1.274,0.272,0.544,0.594,-1.12,-0.248,-0.814,2.747,-0.28,-0.08,0.104,-0.718,0.769,-0.342,-0.232,0.749,0.379,0
1.26,0.904,1.602,-0.988,0.835,2.044,-1.239,-1.453,-0.454,-0.333,-0.903,-0.086,-0.885,0.221,2.007,-0.3,-1.015,0.499,-0.547,0.185,0.817,0.342,1.746,-1.382,-0.594,0.264,-0.452,-2.615,-0.925,-1.701,1
0.096,-0.648,-1.243,0.75,0.621,0.905,-0.01,0.839,1.227,0.864,-0.443,1.295,-0.0,-0.378,-0.247,-0.284,1.046,0.309,-0.299,0.86,0.536,-1.232,-0.248,1.036,0.557,-1.324,-0.085,-2.736,0.465,-0.658,0
2.01,-0.292,-0.109,-0.818,0.952,0.386,0.209,-1.082,-1.318,-1.074,0.332,0.09,0.907,-0.238,-1.297,1.538,-1.021,-1.059,-0.435,0.921,0.3,0.118,0.495,0.042,0.555,1.155,1.086,-0.466,0.194,0.565,0
0.49,-2.102,-1.215,1.537,0.774,-0.876,-0.363,-0.014,-2.306,-0.692,-1.677,0.0,0.631,-0.043,1.034,-0.341,-0.663,-0.101,0.054,-0.46,-1.121,-0.982,0.117,0.888,-1.66,-1.223,-0.735,-0.022,-0.809,1.125,1
-0.4,0.533,0.192,-0.362,-2.201,-0.244,-2.084,3.193,-0.676,1.999,0.496,0.081,-1.635,-0.614,1.126,-0.087,-0.132,0.436,-1.278,-0.329,0.517,1.651,0.26,-1.188,-1.337,1.079,0.831,1.306,0.219,0.087,0
0.09,-0.863,0.826,-0.216,-0.296,-0.549,-1.469,0.094,-0.844,-0.323,-1.441,-0.417,0.194,-1.513,-1.133,0.456,2.192,0.765,-1.8,-0.151,-0.942,0.403,0.604,-1.088,1.351,-0.033,1.515,-0.193,-0.987,-0.845,1
0.241,-2.2,0.467,-0.702,1.049,-0.943,0.218,-0.004,-0.652,0.213,0.777,-1.533,0.425,-1.346,0.526,0.886,-0.525,1.364,-0.47,0.225,-1.175,0.505,0.119,0.365,1.221,-0.563,-0.007,1.908,-0.344,-1.818,1
2.199,1.747,-1.4,-0.437,-0.373,0.876,0.126,0.395,-0.244,0.295,0.322,-0.137,0.24,-0.508,-0.821,2.27,1.156,0.92,0.11,0.702,0.139,0.684,-2.359,-2.522,-0.849,0.775,2.737,2.26,0.06,0.212,0
-0.863,-0.253,-0.256,1.365,-2.526,0.416,1.747,-0.073,-0.84,0.943,0.274,0.958,-0.458,-1.027,-1.362,-1.186,-0.288,0.717,-0.887,-2.09,1.184,1.039,-0.724,-2.168,0.381,0.986,0.472,-0.309,-1.273,0.66,1
0.314,0.394,1.03,0.046,0.45,0.501,0.867,2.535,-1.23,1.228,0.432,0.771,-0.563,0.236,-0.986,0.529,-0.333,0.354,-0.42,0.67,-1.287,-0.585,1.6,0.553,-0.38,-0.269,-1.034,-0.01,-3.15,0.191,0
0.331,0.068,1.606,0.623,-0.687,-0.654,0.788,2.415,1.827,-0.187,-1.694,-0.468,0.058,-0.196,0.378,0.42,-2.944,-0.74,-1.158,0.568,0.235,1.12,1.196,-0.922,0.903,-0.17,0.321,-0.14,1.207,0.552,1
0.809,0.883,-0.178,1.368,-2.056,0.368,-0.177,-0.564,0.741,-0.072,-0.636,-1.546,-1.155,-0.69,0.12,-0.521,0.144,-1.83,-0.091,-1.014,-1.469,-2.01,0.943,-0.177,-0.533,-1.005,-1.116,-0.535,-1.479,1.765,0
0.493,-0.657,-0.921,0.011,-1.012,-2.109,-1.684,-0.185,-0.691,1.484,0.113,-0.554,0.949,0.542,0.991,-0.481,-1.284,0.172,0.599,-0.51,1.159,-0.056,0.848,-1.317,-0.189,0.04,0.106,0.216,-0.402,0.313,0
-1.887,-1.157,-0.666,-1.794,1.639,-0.715,1.405,2.201,-0.21,-0.128,-0.22,-2.711,-0.834,-0.323,0.493,-2.443,-0.424,-0.045,0.075,0.91,-1.764,-1.059,-0.845,0.499,0.862,1.823,0.138,-1.203,-0.765,1.432,0
-0.042,1.305,-0.041,0.875,0.358,0.608,0.493,0.485,0.336,0.576,-0.61,0.039,1.285,0.903,1.47,-1.805,0.774,-0.206,-0.921,-0.048,-1.666,-0.35,-0.127,1.487,0.84,-0.119,-0.034,-0.097,-0.65,-2.314,1
0.74,-0.48,-0.271,-0.854,0.589,0.918,1.134,-0.719,0.246,-0.364,0.783,-0.399,0.03,-0.931,0.32,1.028,1.648,-0.953,-1.041,-0.274,-1.889,0.889,0.912,-0.403,0.258,0.139,-1.326,1.119,-0.301,1.18,0
-0.339,-1.831,-0.329,1.434,-1.083,-0.058,1.41,0.069,-0.272,0.335,0.299,0.526,0.024,-1.913,-0.789,1.994,1.176,1.219,0.536,-0.757,-2.65,0.947,0.433,0.444,-0.878,-0.153,-1.015,-2.587,-0.202,-1.141,1
0.296,-0.013,-0.359,-0.436,-0.171,2.492,1.299,-1.338,-1.238,-0.154,1.015,-0.837,-1.183,-0.466,2.342,1.126,-0.084,0.602,-0.159,-0.895,0.28,-0.164,1.134,0.711,0.747,0.036,2.229,-1.045,-0.774,1.295,1
-0.832,0.77,-0.516,0.19,1.684,0.178,1.03,0.868,-0.736,0.574,0.425,1.21,-1.545,1.108,0.787,-0.08,-0.787,0.992,-0.213,-0.407,0.513,1.137,-1.566,-0.365,0.287,-0.574,0.2,-0.956,1.515,1.65,1
-0.431,-0.952,0.419,0.058,-0.49,1.404,-0.142,0.2,1.622,-0.126,0.081,0.491,-0.756,-1.836,-0.684,-0.118,-0.024,-0.61,0.874,0.667,-1.482,-0.274,0.159,1.468,-0.72,-0.989,2.781,-2.035,1.123,-1.134,1
-0.426,0.307,-1.152,0.657,-0.007,-1.071,1.317,1.797,0.402,-0.182,0.906,-0.866,-0.316,-0.858,-0.401,-1.651,0.932,0.759,0.748,0.475,1.996,2.127,-0.059,-0.051,0.607,1.015,-0.742,-0.017,-1.08,2.434,0
-0.911,-0.049,-2.104,-0.056,0.363,1.673,1.33,0.779,-0.1,0.216,2.482,0.175,-1.338,-0.433,0.99,-0.613,-2.013,-0.713,-0.446,0.312,-0.105,0.402,0.802,0.929,0.033,1.529,0.851,0.185,0.533,0.143,1
-1.084,1.127,0.439,-0.643,0.201,-1.371,-0.547,1.638,-0.568,0.628,-0.979,-0.293,-1.593,0.541,1.348,-0.468,-0.69,-1.174,1.264,1.297,0.649,0.659,-0.613,-0.186,0.676,-0.24,-0.286,-0.216,0.014,-0.088,0
0.154,-0.685,-1.617,1.363,0.385,-0.137,0.181,0.234,-0.106,-0.39,-1.06,2.615,-1.004,-1.018,1.385,0.372,0.543,-0.019,-0.864,1.818,0.983,0.777,-0.617,-0.827,0.01,-0.939,-0.063,0.735,-1.891,1.014,0
0.742,-0.7,1.415,-0.68,-2.528,1.364,0.747,1.593,0.595,0.038,0.046,0.776,0.325,-0.965,0.739,0.328,-0.272,-0.067,-1.298,0.77,-1.095,1.182,-1.117,-1.451,1.34,-0.049,-0.665,-1.768,0.785,0.57,1
-0.849,-0.792,-0.226,-2.451,1.009,0.375,-0.376,-0.778,1.171,0.28,1.801,2.686,-0.18,0.15,-0.809,-0.702,0.83,-0.063,3.228,-0.042,0.533,0.73,1.389,1.395,0.887,-0.938,-2.122,-1.261,1.791,0.69,1
-1.559,-1.298,-0.406,-1.296,-0.484,2.345,-0.246,0.058,0.291,-1.294,0.476,-0.728,-0.125,-0.459,0.553,-1.561,-0.392,-1.097,-0.163,0.358,0.182,-1.629,-1.064,0.474,0.788,0.673,0.754,-0.632,-0.34,0.319,1
-0.9,0.421,-0.339,0.732,1.337,1.257,-1.528,0.812,-1.382,1.399,0.392,-0.189,-0.045,0.416,-0.979,-0.395,-0.504,0.306,-0.461,-0.362,0.103,-0.154,-0.925,0.378,0.237,-1.181,0.951,-1.465,-0.299,1.09,0
-0.047,-0.475,1.432,-0.078,-0.177,-0.13,0.108,-0.988,0.023,-0.867,1.956,2.855,0.009,-0.663,-0.135,0.212,0.557,-0.967,1.198,0.1,-1.256,1.617,-0.157,1.069,-1.804,-0.266,1.786,1.937,-1.162,-0.238,1
-0.622,-0.015,0.482,0.192,0.367,-0.495,0.089,-0.406,1.034,-0.295,-0.229,0.063,-0.314,-1.362,0.109,-1.63,-0.117,1.89,0.661,0.096,-0.842,-0.617,-0.383,-0.662,0.676,0.329,0.289,0.375,-0.94,0.381,0
2.759,0.274,0.264,0.455,0.544,-1.196,-0.542,-2.23,1.305,0.015,1.578,-0.082,0.352,-2.987,-0.602,-0.151,0.629,-1.58,0.63,-1.032,-0.313,1.18,0.239,-0.15,0.394,0.848,-0.556,-0.108,0.018,0.184,1
0.09,0.082,-1.028,-0.999,0.308,1.222,-0.656,0.2,0.09,0.567,-1.433,0.321,-0.524,-0.015,1.149,-1.201,0.171,0.693,1.062,0.022,0.007,-0.295,-0.347,-1.26,-0.305,-0.262,-1.334,-1.143,-0.898,-0.674,0
-0.912,-0.191,1.02,-1.003,0.007,-0.71,0.067,0.651,0.687,1.865,-0.113,1.223,-1.608,-1.478,0.518,-0.727,1.69,0.67,-1.328,-0.125,-1.452,-0.854,-1.546,-1.528,1.24,0.621,-0.297,-0.561,-0.073,0.476,0
-1.095,0.531,-0.999,1.177,0.567,0.66,1.908,0.69,-1.757,-0.621,-1.188,0.215,0.051,4.135,1.447,0.574,0.413,-0.443,0.489,0.213,1.14,-1.503,0.303,-0.536,-0.111,-0.674,-2.131,0.052,2.23,-0.62,0
0.983,0.53,-0.25,-0.14,1.194,0.887,0.198,1.721,-1.025,0.959,-0.792,-0.493,0.013,0.255,-1.494,0.798,-0.105,-0.194,-1.203,1.094,-0.248,-0.296,0.08,-1.177,0.279,1.09,-1.041,-1.126,0.406,0.254,0
-0.214,-1.381,-0.75,0.488,-0.405,0.58,1.86,0.397,-0.217,0.441,0.152,-2.688,0.1,-0.979,0.831,0.402,1.611,-0.02,0.655,0.169,-0.46,-0.025,-0.585,-0.327,0.214,-0.05,0.569,-0.359,0.409,-2.834,1
-0.985,-1.009,0.855,-0.458,0.742,1.332,1.305,-0.111,-1.264,0.207,-0.213,1.172,-0.056,0.545,0.113,0.115,-0.477,0.222,0.331,-0.25,0.212,0.305,0.409,0.118,-0.268,0.632,-0.683,1.314,-1.33,-1.578,1
0.538,-0.72,-0.18,0.294,0.459,-0.491,-1.932,1.316,-0.271,-1.854,0.723,1.933,0.179,-0.975,-0.993,-0.605,0.053,1.201,0.793,-1.292,-0.803,0.382,-0.384,-0.515,-0.264,-1.277,-0.008,-0.459,-1.231,-0.043,0
1.536,0.544,-0.926,0.234,-1.152,0.678,-0.063,0.774,2.315,-1.044,0.659,0.216,0.473,0.889,-0.317,0.463,-0.409,-0.84,-0.468,-0.346,0.294,0.975,-1.337,0.176,-0.845,0.36,-0.447,-3.427,-0.35,1.527,0
-0.744,0.213,-0.324,-1.192,-0.152,-0.316,1.327,-1.153,-0.978,1.471,0.161,-0.131,-0.291,-1.354,-0.206,-0.967,1.435,-1.612,0.486,-1.552,0.041,0.278,-1.091,-0.3,-0.135,0.645,-2.751,1.829,1.189,1.178,0
0.228,1.002,0.601,-1.219,1.238,-1.675,0.254,-0.079,0.41,-0.828,-0.402,1.938,1.127,-1.031,0.803,-1.437,0.326,0.498,-0.304,-1.194,-0.98,1.49,-1.025,-0.666,-0.93,0.516,0.184,0.149,-0.985,-0.073,1
-0.054,-0.779,1.791,0.714,-0.087,-0.758,1.272,1.837,-0.671,0.825,-1.677,1.331,0.335,0.722,1.104,1.279,-1.616,-0.08,0.667,-0.087,-0.294,-1.0,0.472,0.831,2.182,0.33,-0.415,-0.529,0.088,-1.185,0
-2.758,0.792,0.37,0.939,-1.012,-0.659,-0.372,1.526,0.786,2.039,-2.037,1.484,0.613,0.285,1.488,0.325,1.549,-0.193,-0.611,0.553,1.543,0.061,-0.5,0.41,-1.383,-0.206,1.805,0.128,0.022,0.772,1
0.982,0.0,1.035,0.78,0.694,-0.628,0.128,0.925,-0.684,0.027,1.493,-0.733,1.472,-0.393,-0.16,0.219,-0.641,0.646,2.099,0.59,-0.872,-0.61,-0.455,-1.877,1.014,1.223,-0.316,-0.292,-1.327,-0.493,0
-0.475,0.315,0.945,1.165,0.82,-1.241,0.634,-0.05,-0.352,0.044,-1.082,0.29,0.418,-1.125,0.309,-0.994,-0.445,-0.673,1.406,0.13,-0.238,-0.53,0.983,-0.899,1.706,-1.577,2.536,1.435,0.998,0.819,1
-1.007,0.394,1.985,2.103,0.909,-1.059,-0.608,1.067,-1.589,-1.284,0.513,-0.147,0.385,-0.137,0.614,0.3,0.563,-0.836,0.373,-2.495,1.078,-1.142,1.165,0.836,-0.117,-0.269,-0.213,-1.86,1.395,-0.357,1
1.735,0.679,1.666,-0.1,-0.907,0.648,-0.109,0.296,-0.945,-1.821,-0.543,0.035,1.137,-1.516,-0.69,-0.382,0.383,0.85,-0.305,-1.072,0.047,-0.035,-2.215,2.81,0.011,0.018,0.038,1.239,0.4,-0.472,1
-1.867,2.357,0.287,0.63,-0.784,0.285,1.214,-1.022,-1.918,0.584,-1.355,0.514,-0.228,1.007,-0.492,1.339,0.453,1.639,-0.149,0.965,1.082,-1.015,-0.586,1.606,-0.538,-0.608,-0.986,-0.316,-1.42,-0.262,1
-1.186,1.766,-1.04,0.026,-1.224,-1.61,1.328,1.63,0.458,-1.282,-0.281,-1.25,-0.266,-1.306,0.453,-0.407,-1.101,-1.033,1.037,-0.357,1.072,-0.477,0.732,0.253,-0.034,-0.412,0.376,-0.451,-0.055,0.755,1
-1.355,0.154,-0.624,0.427,0.617,0.923,0.424,0.609,-0.909,0.242,0.67,-0.031,-1.207,1.109,-0.434,1.025,1.427,1.588,-0.068,0.85,-0.561,0.896,0.609,-1.332,1.053,-0.371,1.267,-0.494,0.434,-0.145,0
-1.956,0.811,-0.249,-0.478,1.324,1.542,0.151,-0.07,-1.191,-0.366,0.101,0.526,0.101,-1.041,-0.043,-0.382,-1.2,-1.098,0.689,-1.105,0.144,0.65,0.68,-1.146,0.241,-0.389,-1.968,-0.489,1.272,0.525,1
-0.513,0.259,-1.682,-1.703,-0.663,-1.626,-0.275,1.301,0.699,1.001,-0.761,-0.254,1.333,-1.097,0.517,1.187,-1.912,-0.393,0.742,-0.336,0.466,-1.084,1.259,-0.522,0.793,-0.436,-0.812,1.489,1.317,-0.268,1
0.494,-0.513,-0.064,-0.171,-0.373,0.095,-0.587,-0.901,-0.543,-0.453,2.41,1.096,0.024,0.691,0.588,0.956,-2.894,0.343,0.041,-0.946,0.505,0.755,-1.429,0.512,-0.44,0.023,0.223,-0.179,0.308,-0.576,1
-1.539,0.411,-0.644,1.269,-0.449,-1.304,0.63,-1.072,2.37,0.575,-0.078,-0.22,-1.543,0.826,1.372,1.035,0.261,0.653,-0.271,-0.992,0.259,-0.605,1.577,-1.1,0.227,-0.445,0.485,-0.928,0.507,0.922,1
-0.142,0.686,-0.984,-0.622,-1.026,-0.924,-0.517,0.033,-0.049,-1.174,-0.002,0.333,0.702,-1.425,0.256,0.021,-0.047,1.568,0.456,-0.88,0.315,-0.641,0.673,0.7,0.845,-1.549,0.279,-0.663,0.059,-0.058,1
-1.014,-1.527,-0.053,-1.289,-0.065,-1.149,0.615,-0.749,-1.115,2.199,0.749,-1.369,0.157,0.865,-0.367,-0.421,1.76,-2.397,-0.734,-1.473,-0.254,0.808,-0.87,-1.113,-0.017,0.241,-1.308,2.28,-0.689,-0.442,1
-0.282,0.06,-0.742,0.67,-1.62,0.357,0.194,0.063,-1.449,0.509,0.665,0.295,-0.232,0.321,-1.039,1.033,-1.098,-1.299,-0.017,-0.467,0.964,0.203,-0.429,0.249,-1.797,-1.227,0.097,-1.231,-1.498,1.282,1
0.302,-0.649,1.033,-0.271,0.41,-0.863,-0.087,-0.453,-1.846,1.658,-1.064,0.115,-0.924,1.291,0.336,1.078,0.65,-1.841,0.007,-2.175,2.155,0.673,0.89,0.642,-0.718,1.085,1.299,1.831,1.094,0.508,1
-0.879,-1.09,0.132,1.029,1.808,-0.047,-0.073,1.826,0.887,1.847,-0.24,1.707,-0.313,-1.322,-0.2,-0.103,-0.502,0.374,-1.033,-0.883,0.255,-0.356,-0.961,0.082,0.466,0.418,1.259,0.239,-0.009,-0.906,0
0.356,0.673,-0.269,-0.542,0.21,-0.213,-1.206,0.42,-0.705,1.168,1.899,0.804,0.308,0.549,0.262,-0.405,-1.589,-0.113,0.556,0.0,-0.056,1.173,0.043,1.062,0.132,-0.29,-1.14,1.584,0.296,0.094,1
-1.633,0.725,-0.477,0.553,1.5,0.973,0.599,0.125,-1.071,-1.136,-0.527,-1.144,-2.419,0.241,-0.033,0.587,0.677,0.113,0.068,-0.248,0.468,1.178,-1.943,1.706,-0.412,-0.418,-0.579,-1.779,1.964,-1.243,1
1.119,1.11,-0.529,2.174,0.795,0.391,0.846,0.696,-0.331,0.119,-0.572,0.756,-0.748,-0.073,-0.77,1.435,0.001,0.51,-0.302,-1.072,-1.187,0.709,2.328,0.109,-0.715,-1.515,2.646,0.715,0.596,-0.871,1
-1.209,0.594,-1.181,-2.211,0.549,0.75,0.838,0.836,-1.309,0.855,0.529,2.514,-0.464,-1.568,-0.364,1.872,-2.122,-1.734,-0.667,-1.961,-0.996,0.892,0.094,0.277,-1.945,0.324,0.318,0.579,0.721,0.763,0
1.378,-1.265,-0.319,-0.891,-0.499,1.107,1.688,-1.332,1.147,1.082,2.15,0.241,0.969,-0.289,-0.199,-1.803,0.63,0.839,0.798,1.603,1.257,1.404,-0.171,0.271,0.507,-1.017,-0.952,-0.907,-0.606,1.762,1
1.03,1.116,0.941,-0.717,0.291,-1.116,0.89,-1.198,-0.287,-0.267,0.455,-1.059,0.296,0.938,-0.829,-0.848,0.963,-0.331,-0.659,1.059,0.204,-1.329,0.431,0.848,2.933,-0.854,-0.026,0.997,-2.306,0.108,1
-0.975,-1.994,0.068,-1.302,1.065,-1.146,-0.556,0.17,0.735,0.426,0.141,0.431,-1.123,-0.997,0.955,-1.042,-1.12,0.934,-0.054,-0.699,0.147,1.666,-0.214,0.341,-1.575,-1.626,-1.21,1.534,0.278,0.27,0
-1.284,0.034,-0.646,-0.272,-0.715,0.349,-0.491,-0.018,0.022,0.483,0.941,-1.525,0.29,-0.244,0.569,-0.05,1.189,-0.066,-1.085,0.862,-0.309,-1.48,1.027,0.209,-0.361,1.004,0.933,-0.022,0.466,0.373,1
-0.101,-0.081,0.748,2.061,-0.818,-1.785,0.287,0.256,-0.621,0.304,0.088,0.961,-0.612,1.451,0.86,0.968,0.629,-1.23,0.283,-0.94,-2.127,0.605,1.44,-0.758,-0.627,-0.246,-0.124,-0.06,0.724,0.925,1
-0.257,-1.447,1.692,-1.417,0.702,-0.991,-0.511,1.061,0.852,-1.162,0.325,1.513,0.837,-0.163,-0.39,1.28,1.223,-1.354,-0.433,-0.128,-1.362,1.057,0.545,-0.674,0.11,0.556,-0.089,0.863,1.014,0.562,0
0.203,0.936,-1.109,-0.847,-0.245,0.529,0.821,-0.851,-0.216,-1.076,-0.349,1.04,0.309,-1.343,1.296,0.301,0.964,-0.561,1.428,-1.104,0.959,-0.474,1.486,2.171,0.054,-0.432,-0.308,-1.333,-0.248,0.636,1
-1.015,-0.135,1.098,0.107,-0.033,0.505,2.491,-0.043,-0.609,0.886,0.369,0.958,-0.42,-0.051,-2.493,0.336,0.256,-0.885,1.632,1.232,0.566,-0.634,0.921,0.561,-0.498,0.191,-2.553,-0.417,1.869,0.893,1
0.15,-0.062,1.45,-0.329,-1.336,1.122,-1.109,0.346,0.498,-1.758,1.597,1.118,-0.751,-1.26,-0.447,-1.002,-1.373,0.021,1.746,1.254,-0.563,1.343,-0.022,0.837,0.458,0.613,-1.285,0.763,0.221,1.819,1
-0.491,0.37,1.059,-1.29,1.019,1.165,0.997,-0.747,-0.65,-0.807,0.232,0.068,0.746,0.484,0.85,-1.248,-1.124,-0.631,-0.282,-1.659,0.887,0.593,1.078,-0.496,-2.401,0.583,-1.212,0.314,-0.971,-0.772,0
-0.102,-1.196,-0.874,-0.516,-0.023,0.501,2.083,1.033,0.805,-0.169,0.482,0.045,1.272,0.336,-0.897,-0.976,0.712,0.242,-0.32,-0.509,-0.369,-1.111,0.747,1.944,-0.935,0.257,-2.172,0.469,-0.834,1.872,0
0.069,0.276,2.14,0.442,0.817,-1.445,-0.202,0.828,0.611,-0.461,-0.138,1.096,-0.531,-1.596,0.059,-3.002,-0.863,-1.943,-1.237,0.174,0.463,-1.162,0.004,-0.212,-0.234,0.356,0.687,1.052,-0.19,-0.508,1
-1.688,-0.479,1.079,-0.345,1.145,-1.002,-0.376,-0.147,-0.414,1.073,-0.208,-0.89,-1.85,-1.195,0.888,1.336,-0.722,-1.413,1.987,0.754,-0.042,0.196,0.738,-0.946,1.175,-2.029,-0.586,1.82,0.651,0.874,0
1.537,2.142,0.042,1.756,1.214,-0.084,-2.1,1.534,0.542,1.149,0.498,0.553,0.995,1.192,-1.907,1.454,-0.295,1.585,-0.003,0.165,-0.924,-0.799,-1.265,-1.096,0.492,0.14,-0.492,-1.17,-0.241,1.044,1
0.375,1.863,-0.012,-0.042,-1.143,-1.024,-0.892,-0.392,-1.007,-0.623,-1.87,0.447,-0.046,2.083,1.547,0.522,0.109,-0.082,-0.146,0.823,-0.854,0.633,2.992,-2.677,1.333,-0.578,-0.409,0.481,0.007,0.287,1
0.161,-1.143,0.237,0.042,0.537,-0.614,-0.444,-0.152,-1.468,0.623,-0.53,0.694,0.464,-0.484,-1.748,1.351,-0.636,-0.305,1.255,-0.033,0.898,-1.348,-0.051,1.037,2.068,-1.308,1.1,1.379,-1.599,-0.807,0
0.019,-0.008,0.472,-0.715,-0.279,-0.342,-0.502,1.788,0.51,0.896,-0.432,-0.126,-0.554,0.996,-0.649,-0.076,0.521,-0.429,1.16,-0.183,-1.113,0.274,0.624,1.433,1.196,0.048,-1.164,0.262,1.794,-0.44,0
0.552,0.101,-0.204,-0.404,0.942,0.078,0.625,-0.784,0.059,-0.013,-0.007,-0.513,0.092,-1.532,-0.467,0.381,1.049,-0.114,0.862,0.609,-0.644,-0.472,0.059,-0.749,0.573,-0.597,0.555,-2.539,-0.418,-0.734,0
-0.887,0.302,0.032,-0.023,-0.806,0.82,-0.019,1.657,-0.372,1.19,-0.853,0.874,1.878,-0.625,0.075,-1.255,1.597,0.586,0.442,1.144,1.494,-0.793,-0.623,0.631,-0.153,-0.024,-0.678,0.68,0.306,-0.357,1
-0.469,0.587,0.646,-0.079,-1.656,-0.265,-1.015,0.518,-1.378,-1.55,1.447,0.281,0.801,-0.577,0.843,0.484,-0.611,-0.884,-0.2,-1.576,-0.004,-0.62,0.666,-0.725,0.454,1.643,-1.269,0.5,-0.347,0.557,1
-1.527,-1.455,-1.912,1.001,-0.387,-0.329,-1.622,-0.738,1.165,0.281,0.333,-0.865,2.309,-0.04,-0.075,0.292,-1.099,-0.034,0.168,-0.151,-0.416,-1.655,0.57,-1.275,-0.75,-0.476,0.33,1.353,-1.44,-0.869,0
-1.339,1.588,-0.665,1.278,0.434,0.041,-1.125,0.978,-0.93,0.514,1.837,0.694,-0.168,-0.439,0.569,-0.564,0.678,-1.502,-0.051,-0.965,-0.898,-0.991,-0.107,-0.75,-0.392,-0.06,-0.224,-0.951,-1.88,-0.451,0
-0.75,0.01,-0.819,0.597,0.165,-0.413,1.15,0.351,0.972,0.183,-0.466,1.374,0.128,0.987,-0.919,1.641,1.077,0.232,-0.019,0.265,0.436,0.458,0.145,0.031,-0.269,-0.649,0.26,-0.01,-0.778,0.335,0
-1.189,-0.39,-1.182,0.779,-0.077,0.093,-1.541,1.269,0.271,0.738,0.443,0.197,-0.594,-2.139,0.454,0.415,-1.753,0.766,-1.719,1.465,1.303,0.608,-1.03,0.565,1.488,-0.735,0.729,-2.564,0.296,-1.107,1
-1.359,2.128,0.214,-1.052,-0.529,-1.502,0.236,0.19,-1.741,-1.196,-0.735,1.035,-0.432,-0.714,-0.25,-0.715,1.595,-0.0,1.248,-0.396,-1.485,-0.944,-0.524,-0.728,-1.013,-1.401,-2.423,-0.189,-0.345,0.967,1
0.747,-1.117,2.624,0.63,1.155,-2.26,-0.195,-0.096,0.121,1.132,0.531,0.213,-0.088,1.035,-0.939,-1.029,0.082,0.815,1.797,-1.215,-0.734,1.355,0.112,-0.39,0.244,0.133,-0.102,0.18,0.077,1.241,1
0.156,2.883,-0.384,1.74,0.002,-0.011,0.817,-0.185,0.072,0.075,0.365,0.187,-1.917,0.091,-0.826,-1.102,-1.316,-0.88,0.834,-0.011,-0.022,0.702,1.451,-1.733,0.316,-1.265,1.964,1.013,0.788,-1.526,1
0.856,1.04,-0.026,-1.403,0.057,-0.01,-0.354,0.607,-0.158,0.805,0.855,0.489,-0.351,0.629,0.345,-1.92,-1.519,0.613,-0.434,-0.779,0.614,-0.112,1.09,-0.024,0.182,0.845,-0.192,1.983,-0.791,-0.428,0
-0.877,0.946,-0.398,-0.703,-0.613,0.725,0.051,-0.029,0.66,-2.384,0.43,-0.16,-0.269,-0.291,-0.557,-0.663,-0.107,0.824,-0.26,0.358,-0.272,1.835,0.046,-0.111,-1.988,1.386,-0.016,-0.113,0.136,-0.417,1
1.303,1.661,1.256,0.997,-0.787,0.284,-1.082,-1.386,-0.861,1.572,-0.686,-0.582,0.065,0.196,-0.331,-0.248,-0.426,-0.249,0.873,0.05,-0.465,0.134,-0.779,-0.079,0.792,-0.912,0.442,-0.446,0.616,-1.159,1
0.15,-0.575,-1.638,-0.283,1.09,-0.918,1.285,-0.162,0.34,-0.302,-0.332,-0.622,-0.318,0.793,0.436,-0.36,1.881,0.577,0.586,-0.053,0.86,-0.504,0.766,0.116,0.176,1.617,-2.193,1.56,-2.02,0.009,1
0.762,0.137,-1.964,1.44,0.294,1.19,0.861,1.879,0.306,-0.902,0.605,-1.286,-0.439,0.535,-1.459,0.942,-1.577,0.355,-1.369,0.16,1.943,-0.748,1.474,1.439,-0.615,-1.003,0.851,-0.129,0.721,-0.246,1
0.889,1.192,0.192,0.263,0.597,0.122,-0.037,0.861,0.883,0.718,-0.602,-0.203,-0.766,0.163,-0.38,0.917,1.055,-2.249,0.984,-1.626,0.625,1.128,-1.633,-0.85,1.266,-1.611,-0.511,-0.47,0.357,-0.146,1
-0.733,-0.991,0.513,0.774,0.148,-0.148,1.959,-1.15,-0.262,0.389,1.656,0.087,1.048,0.061,-1.295,1.264,-2.144,1.246,-0.44,0.288,0.036,0.383,-0.693,0.041,-1.27,-0.285,-0.04,-0.694,0.343,0.23,1
-0.72,0.001,-0.751,-0.732,0.624,0.04,-1.521,-1.284,0.724,1.012,0.565,-1.167,0.66,-1.487,0.518,1.351,0.095,-1.986,-1.28,1.828,1.527,0.704,-1.247,0.536,-1.597,0.081,0.861,2.002,-0.554,0.885,1
1.203,0.2,-0.196,1.598,1.207,0.398,0.141,0.136,0.149,1.579,0.9,0.024,0.444,1.081,0.192,0.254,0.965,1.401,-0.333,-1.173,-0.235,0.382,0.34,0.957,-1.093,1.627,-0.076,-0.448,-1.067,0.758,1
-1.206,-0.27,-0.3,-1.136,-0.066,-0.246,0.42,-0.131,-1.25,-1.032,2.09,-0.451,-0.88,-0.046,0.999,0.637,-0.447,-0.087,1.22,0.847,0.274,0.841,-0.155,-0.234,1.127,-0.267,0.222,-0.332,-1.665,0.334,1
1.082,-0.367,1.032,0.271,0.395,1.817,0.886,-1.655,-0.097,-1.016,-1.536,-0.028,-0.673,-0.795,-1.52,0.114,0.55,1.487,-0.457,0.518,-0.362,-1.576,-0.062,0.712,0.815,0.19,0.884,-0.848,0.287,0.008,1
1.052,0.613,-0.156,-0.07,-0.847,-0.279,-0.468,-1.48,0.48,0.433,-0.052,0.719,-2.42,1.024,1.048,0.107,0.573,0.542,-2.143,-0.477,-0.945,-0.749,-0.186,1.131,0.812,1.419,-2.454,-0.465,-1.356,-0.27,0
-1.044,0.597,1.141,-0.403,-0.684,0.916,0.282,-2.536,0.259,0.637,1.051,-1.035,0.117,-1.425,1.15,-0.346,-0.676,0.018,0.981,1.701,-0.177,-0.09,-0.55,-0.28,0.16,-1.902,-0.792,0.496,1.122,0.312,1
1.68,-0.015,1.171,0.338,0.214,-1.159,1.102,1.48,-0.948,-2.426,1.667,-0.846,-0.097,0.533,-0.307,-0.724,-0.606,1.37,1.99,0.339,2.213,0.159,-0.44,0.177,-0.337,-0.861,-0.388,0.973,-0.387,-0.04,0
0.075,-0.533,-0.121,-0.089,0.474,0.329,0.166,1.708,0.17,0.194,0.854,-1.188,0.703,0.425,2.247,0.971,0.017,-0.219,-1.181,0.214,0.705,-1.974,-1.518,0.704,-0.118,1.312,-1.462,-1.039,0.466,-0.479,1
-0.863,-0.211,0.044,0.291,-0.186,0.279,-1.133,-0.473,-0.109,-0.851,0.43,-0.875,-0.102,-0.834,-0.741,-0.802,-0.099,1.253,0.482,0.673,0.0,0.36,-0.296,0.891,0.699,-0.728,1.022,3.402,-1.414,-0.135,0
1.108,-1.708,0.056,1.539,0.066,-1.125,0.259,-0.116,-2.486,0.937,-1.326,1.261,0.235,-0.599,-1.645,1.557,0.126,-0.305,-0.087,-0.458,-0.474,-0.579,-0.131,-0.944,-2.631,-0.453,0.959,0.541,0.194,-0.474,0
-0.514,-0.093,0.447,0.23,-0.361,0.326,-0.095,-0.316,-0.749,0.56,-1.196,1.3,-0.122,1.235,-0.257,0.108,-0.488,0.498,0.135,-0.187,0.454,-0.555,0.353,-0.439,-0.128,0.405,-0.83,1.491,-0.457,-0.236,0
-0.946,-1.091,0.478,-1.588,-0.092,0.109,-0.586,-0.285,-0.955,1.087,1.395,-2.684,-0.853,-1.238,1.196,-0.678,-0.905,-0.318,1.559,1.443,0.542,0.121,-0.605,-0.539,-1.189,-0.178,0.255,-0.308,-1.075,0.013,0
1.647,0.405,3.127,-2.513,-0.868,0.008,1.445,-1.48,0.644,0.884,-1.267,0.641,-0.3,0.127,-0.371,1.635,0.25,-0.765,1.34,-1.041,-0.026,1.147,-1.45,0.084,2.015,-1.378,1.396,0.093,0.298,-0.523,0
0.797,1.383,0.3,-0.416,-0.235,-0.657,-0.227,-0.308,0.448,-0.946,-0.679,-0.313,-0.009,-0.275,0.19,-0.803,1.044,-0.346,-0.218,-0.518,-0.04,-1.674,1.253,-0.901,-0.511,0.156,-0.586,0.818,2.027,0.446,0
0.547,0.988,-0.827,0.372,0.62,0.428,0.089,0.508,-0.934,-0.042,1.35,1.541,-0.236,-2.072,-1.164,1.326,-0.985,0.81,-0.131,-0.926,-0.136,-1.56,0.27,0.73,0.548,0.215,0.149,0.555,0.844,-0.499,0
1.0,-0.105,0.129,0.803,0.856,-0.277,-0.036,-1.147,1.055,1.316,-0.456,-0.686,1.822,-1.04,-1.106,-0.426,0.377,-1.463,0.409,-0.621,0.358,1.327,-0.472,-0.474,1.363,0.798,-0.023,-1.556,-0.127,-0.461,1
-0.505,1.713,0.025,-1.283,-0.626,0.995,0.323,-2.496,0.758,1.19,0.245,0.455,1.589,-0.685,-0.639,0.945,-0.248,0.247,0.066,0.124,0.466,2.453,0.37,0.285,1.666,1.222,0.76,-0.119,1.288,0.227,1
-0.689,1.571,-0.025,-0.435,-0.117,0.138,0.646,0.156,1.066,-0.06,-1.921,1.084,1.393,1.23,1.524,0.182,0.975,-1.429,0.364,-0.38,-0.634,-0.3,0.468,-0.303,0.799,0.059,-0.073,-0.802,0.332,-0.271,1
0.687,-0.223,-1.161,-0.39,0.964,-0.87,-0.041,-0.351,-0.212,-1.652,0.501,-0.278,0.059,0.006,0.728,0.72,-1.818,0.775,-1.032,-1.298,0.569,0.375,0.668,-0.188,-0.493,0.799,1.849,-0.201,-1.184,-0.232,1
0.283,-1.022,-0.757,-0.432,-0.393,-0.467,0.22,2.979,-1.202,-0.641,-0.613,2.557,0.176,-1.402,0.674,-0.073,-0.289,-1.28,-0.856,0.977,0.053,-0.414,-0.151,0.596,-2.009,0.736,2.204,-0.551,1.253,0.415,0
-1.02,1.047,-0.179,-0.47,-0.274,-0.02,-0.145,-0.298,-0.54,0.634,-1.639,-0.747,-0.186,0.428,-1.719,-0.337,0.638,0.997,-0.389,0.732,1.17,1.546,1.336,1.714,0.563,-0.646,1.962,0.757,-2.093,1.319,0
1.44,1.234,0.428,-0.624,1.16,0.272,-1.041,-1.464,0.343,-2.485,0.902,-1.201,-1.842,0.234,-0.939,-0.749,-0.191,1.439,-1.358,-0.077,-0.819,0.631,-0.393,-0.207,0.74,0.127,0.115,-0.507,0.448,1.311,0
0.534,0.37,0.387,-0.05,1.716,-1.076,0.307,1.515,1.294,1.371,0.996,-1.155,0.956,1.172,1.095,-1.91,0.028,1.001,-0.35,-0.847,-1.912,2.186,-0.634,0.862,0.225,-0.848,-1.219,1.179,1.137,0.532,0
0.601,1.393,-0.377,1.526,-2.564,0.389,0.005,0.387,-0.617,0.326,0.76,1.582,-0.865,-0.234,1.881,1.126,0.548,-1.202,0.492,-0.017,-0.699,-1.544,-0.916,0.526,0.47,1.313,-0.833,-0.369,1.342,0.848,1
-2.622,-1.092,0.696,0.62,0.172,-1.223,-0.657,-1.183,1.877,0.095,-0.023,-1.553,-0.47,0.293,0.46,1.193,-0.673,-1.233,-0.094,0.435,-0.345,-0.977,1.141,0.105,-1.416,0.695,1.327,-0.073,0.519,0.774,1
-0.263,0.756,0.252,-0.096,0.057,-0.794,-0.835,0.9,-0.572,0.58,-2.122,-0.391,0.198,-0.183,-0.241,0.949,1.992,-0.67,-0.065,-1.172,0.36,0.605,-0.806,1.155,1.224,-0.618,1.324,-0.497,-0.619,0.168,0
-0.201,-1.214,0.522,0.616,0.705,0.186,-1.945,-0.117,0.065,0.328,0.116,0.719,0.524,1.587,-0.336,0.188,-0.061,-0.989,0.365,0.244,0.299,0.624,0.313,0.407,0.546,0.683,1.628,-0.456,1.028,-0.415,0
-0.615,-0.437,1.962,0.671,0.948,1.178,0.57,-0.498,-0.24,-0.649,-1.163,2.844,1.258,-0.547,0.54,-0.225,0.216,-1.235,1.024,0.383,-0.295,0.214,0.24,0.864,0.07,0.878,-0.798,0.119,-0.23,0.931,1
-1.977,0.662,0.71,-1.646,-0.985,-0.482,-0.372,0.592,-0.308,-0.398,0.401,-0.064,1.247,-1.671,0.714,-0.818,-0.086,0.414,-0.048,-0.262,1.124,-0.201,0.894,-0.714,1.428,-0.004,-0.06,1.179,2.928,0.184,0
1.028,-0.916,0.197,0.158,-0.296,-1.999,2.359,0.531,0.222,-0.58,-1.054,2.167,0.66,0.75,0.674,-1.297,-0.91,-0.483,-0.283,-0.081,-0.629,0.567,-1.871,-0.698,0.066,-0.739,-0.995,1.152,0.468,0.946,1
-0.261,2.164,-0.951,-0.717,0.96,0.758,-1.237,0.372,-0.456,-1.254,-0.815,1.493,-1.013,0.127,-0.698,0.5,1.13,-0.678,0.48,0.514,0.009,-0.08,-1.092,-0.95,-1.584,-0.962,-1.383,0.276,-0.331,1.585,0
-0.206,-0.261,-0.91,-1.166,1.197,-0.368,0.654,0.925,0.266,-0.831,-0.806,0.28,0.954,-0.095,0.113,-0.976,-1.192,-0.672,-0.215,0.402,-0.924,-0.974,0.471,-0.32,0.237,-1.974,-0.344,-0.214,0.002,1.28,0
1.07,-0.708,1.811,-0.809,-1.81,0.438,0.033,0.588,-0.284,0.228,-0.75,0.713,0.426,-0.984,0.743,-0.701,1.102,-1.463,0.616,0.863,-0.428,-0.064,0.571,0.428,-1.484,-2.18,0.503,-0.716,1.777,-0.054,1
0.564,0.183,-1.305,-0.369,2.709,-0.008,-0.897,1.129,0.66,1.545,-1.754,-0.862,-0.078,0.501,-0.317,2.065,-1.198,-1.904,2.069,-0.335,-0.21,-1.0,-0.117,-0.181,-0.128,-1.714,1.228,0.277,-2.736,0.133,0
-0.278,0.015,0.825,-0.589,0.943,1.764,-0.534,0.858,-1.074,1.054,0.021,-0.976,0.942,0.379,-0.606,-0.245,1.499,0.655,-0.039,1.347,1.415,-0.46,-0.751,0.623,0.941,-0.824,-1.11,-0.474,-0.093,0.926,0
0.421,-0.147,-0.004,-2.701,1.947,1.449,0.016,-0.856,0.861,1.648,0.422,-0.705,0.567,0.501,-0.493,-2.46,1.064,0.421,-1.482,1.027,-0.534,0.646,-0.034,-0.021,-1.246,-0.177,0.57,-0.98,0.683,0.039,0
0.754,-0.466,0.716,-0.939,-0.628,2.172,0.292,1.748,-0.044,-0.928,-2.236,0.427,0.286,-0.073,-0.636,0.975,-1.222,0.943,0.407,-1.045,-2.054,-0.193,1.685,0.2,0.273,-0.412,0.187,1.835,0.413,-0.493,0
-0.397,-1.464,-0.54,0.972,1.144,-0.036,0.207,-2.202,0.974,-0.436,-0.125,2.59,0.161,0.122,-0.558,0.044,1.95,0.38,0.977,0.434,0.452,-1.383,-0.51,-0.271,-0.374,1.98,0.68,0.146,-0.855,-0.528,1
-0.28,0.752,0.583,-1.611,1.545,1.556,-1.45,-0.736,0.124,0.218,-0.605,-0.665,1.588,1.338,0.993,0.421,0.313,-0.214,0.284,0.317,0.063,-0.365,0.666,0.283,0.43,0.654,-0.243,1.771,-1.78,-0.713,1
-0.05,0.762,0.473,-0.22,-0.845,0.441,-0.616,1.292,-0.281,0.517,0.773,-1.197,1.723,-0.965,0.725,-0.599,-1.259,-1.902,-0.905,0.356,1.131,-0.537,0.873,1.493,0.562,0.501,1.217,0.152,-0.712,-0.136,1
0.122,0.174,1.48,-1.541,-0.011,-0.92,-0.829,-0.052,0.014,0.644,-1.583,0.309,-2.054,0.459,-0.433,-0.722,0.175,0.325,-0.773,1.035,-1.756,-0.078,-0.87,-1.418,1.417,-2.127,-0.6,0.211,1.277,0.576,0
1.232,-0.747,0.356,2.661,0.31,0.033,-0.603,-0.274,0.396,-0.294,-2.112,-0.714,0.277,-0.799,-1.026,-1.328,0.499,-0.276,-1.548,0.342,-1.959,-0.089,0.132,-0.985,1.288,1.106,0.168,-1.145,-0.668,-0.993,1
-0.907,2.341,0.95,-0.516,-0.14,-1.587,-0.77,-0.987,0.239,0.555,0.999,1.018,-0.12,-0.529,0.356,0.045,1.057,-0.139,-0.823,1.528,-0.238,-0.056,-1.224,-1.204,0.279,0.094,1.173,-1.174,-1.241,1.144,1
-0.376,0.213,0.242,1.038,0.978,3.119,-1.346,1.123,0.832,-0.203,0.949,1.458,-0.234,0.072,-0.11,-0.431,0.292,-0.129,-0.226,-0.066,-0.676,0.965,-0.175,-0.495,0.192,-1.585,0.613,0.192,-0.372,0.313,1
0.653,-0.241,0.355,0.002,-0.909,1.319,1.089,0.307,-1.073,0.852,2.262,0.831,-0.314,1.338,1.978,-0.682,-1.516,-0.355,-1.079,0.323,-0.335,1.007,1.828,-0.391,-0.513,1.292,-1.243,0.503,1.129,1.074,1
-1.169,0.828,-0.927,-0.136,0.171,0.312,0.065,-0.605,0.564,-1.494,0.667,0.217,-0.1,-0.176,0.404,-0.175,0.544,0.692,0.199,0.476,-0.313,-1.416,0.094,-0.266,-1.248,-0.237,-1.064,0.868,-0.378,0.779,1
-0.081,-1.645,-1.5,-0.045,-1.461,0.939,0.549,-2.136,1.415,0.49,1.511,-0.705,0.895,2.046,0.485,-0.705,-0.71,-0.608,-1.261,-2.295,-0.04,1.422,-0.46,-0.069,1.401,1.145,-0.336,0.068,-0.936,-0.161,1
0.41,1.416,-1.063,1.974,0.022,-1.734,1.34,0.636,0.119,-0.697,1.305,-1.048,-0.404,-1.595,-0.438,0.105,1.992,-0.814,0.879,-1.746,-0.109,0.788,0.259,-0.222,0.215,1.858,-1.144,-0.587,1.663,0.615,1
0.165,-0.263,-1.211,0.496,-0.524,-1.226,0.771,1.216,-1.556,-0.263,0.792,-1.033,-1.523,0.192,1.151,-2.175,1.086,0.922,0.52,0.262,-1.6,-2.603,-1.423,-1.784,0.124,-0.649,0.452,1.433,-1.473,1.835,0
0.114,-1.359,-2.155,0.801,1.396,0.517,-1.205,0.239,0.037,0.419,1.968,-0.57,-0.431,0.558,1.138,0.57,1.23,-0.799,-1.089,0.65,0.693,-0.669,0.567,1.393,0.192,2.049,1.327,0.99,-0.412,0.856,0
-2.215,0.455,1.601,-1.12,-0.985,0.028,-1.574,0.114,-0.929,0.628,-0.519,1.28,-0.019,-0.203,1.031,0.553,1.546,0.042,0.663,-1.471,1.228,-0.304,0.054,2.003,-0.186,-0.923,-0.273,0.803,0.094,0.384,1
-0.13,0.777,-1.32,0.218,-1.874,0.064,-0.098,0.721,-0.375,-1.167,-0.052,0.017,-0.522,-0.973,-0.127,-1.727,0.219,-0.216,-0.18,-0.927,-0.19,0.127,0.004,0.27,-0.749,1.037,-3.068,-1.139,-1.632,-1.066,1
1.606,-0.411,1.215,-1.065,2.159,-0.692,0.248,-1.037,0.793,0.553,-1.344,-0.373,0.961,0.691,0.014,-0.101,-0.486,-0.191,-1.448,1.367,-0.881,-0.72,-1.588,1.57,-0.756,0.57,-0.086,1.425,0.591,-0.071,1
0.97,-1.971,-0.222,1.024,-1.02,-1.287,1.284,0.199,1.817,-0.452,0.494,-1.391,0.696,-0.771,-1.486,0.026,-0.393,-0.702,0.648,-0.318,-0.704,0.032,1.054,-0.48,0.356,0.499,-1.771,1.075,1.488,1.953,1
-0.425,-0.12,-0.055,0.756,0.757,0.813,-0.229,0.821,0.106,0.402,-0.727,-1.079,0.064,0.085,0.435,0.799,0.643,1.727,-0.41,1.51,-0.267,1.167,-0.008,0.338,-0.522,1.367,0.468,0.536,-0.06,0.87,1
0.223,-1.804,0.981,0.844,1.847,-0.74,0.341,0.346,-1.136,-1.617,-2.346,-0.681,1.802,-0.347,-0.449,1.813,1.276,-1.036,-0.454,-1.878,0.035,-0.68,1.205,0.651,0.469,1.223,1.019,-0.833,-0.202,1.346,0
-0.129,-0.253,0.94,1.094,-0.428,-0.832,0.156,1.006,0.183,0.178,-1.948,-0.432,-0.86,-0.319,0.688,0.574,-0.126,-0.968,-0.861,0.632,0.349,1.515,-0.058,1.611,-1.876,1.845,0.568,-1.666,-0.424,-1.305,0
-0.553,-0.454,0.559,-0.814,0.053,-1.367,1.747,1.517,0.822,0.773,-2.542,-0.296,-1.234,0.488,0.504,0.085,-0.693,-0.235,1.045,0.923,-1.161,0.12,-0.317,-1.36,0.548,0.321,-2.519,0.497,0.606,1.612,1
-0.3,0.365,-0.183,-1.035,-0.439,0.167,0.342,-1.06,-2.533,-0.1,-1.236,-0.307,1.959,1.791,-0.311,0.141,-0.103,0.541,-0.281,-0.6,0.965,-1.524,-0.928,1.352,2.151,-0.839,-0.649,-0.054,-0.686,-0.236,0
0.131,-1.803,-0.088,1.375,1.062,0.659,-0.434,-0.872,-1.282,1.277,-2.135,0.432,0.179,-1.414,2.069,0.044,-1.479,-0.857,-0.377,-0.998,1.206,0.499,0.553,0.815,-0.929,-0.453,1.307,0.857,-1.438,0.274,0
-1.533,0.775,-0.217,0.175,1.616,-1.051,2.081,0.571,-0.011,-0.967,-0.399,0.393,-0.548,0.159,-0.592,0.63,1.535,-1.709,0.766,0.476,-0.62,-0.02,0.901,-0.776,1.305,1.77,0.978,0.346,-1.123,-1.143,1
0.527,0.601,1.485,0.511,0.942,-0.304,0.914,0.899,-1.162,-0.345,1.106,0.868,0.414,-0.681,0.823,0.86,0.355,0.703,-1.501,-0.209,-0.307,-1.573,0.941,0.944,-0.423,-0.128,0.665,0.741,0.129,0.009,1
0.723,-1.553,-0.166,-1.64,-0.182,1.387,-1.928,-0.147,0.939,-0.386,-0.489,-0.771,0.656,1.797,1.151,0.531,-0.348,0.907,-1.222,-0.102,1.934,1.393,1.92,0.736,0.389,-0.407,0.215,-0.862,1.171,-1.977,1
0.338,0.2,-1.76,0.193,1.933,1.106,0.353,0.29,0.022,1.402,-0.148,0.216,0.015,-1.524,-0.108,0.101,1.231,1.094,0.525,0.605,-0.585,-0.738,1.222,0.4,-1.691,-0.178,1.251,-1.062,-0.769,-3.076,0
0.084,0.002,1.14,0.227,1.32,-0.166,-0.922,0.372,-0.159,-1.837,-0.469,-0.459,1.154,0.202,-0.486,-0.358,-1.743,1.189,0.724,0.054,0.734,0.686,1.002,1.132,0.597,-0.484,0.743,-0.579,-0.83,0.467,1
-0.022,-0.771,-0.545,-1.436,2.459,-1.273,-0.417,1.851,0.119,-0.526,0.472,1.057,0.455,0.189,-2.298,-0.457,0.006,1.283,1.175,-0.5,-1.501,0.043,0.795,0.3,-0.212,-1.094,0.803,0.821,0.161,-1.617,0
-0.024,0.929,-1.466,-0.797,-1.289,-1.523,0.726,-0.862,-0.467,-0.374,0.078,-0.535,-0.319,-0.027,0.022,-0.63,-0.308,1.212,-0.174,-0.044,-0.098,0.533,-0.866,0.25,-0.147,0.101,-0.467,0.833,-1.366,0.921,0
1.07,-0.763,0.748,-0.164,-0.328,0.001,1.22,-0.878,0.008,0.12,-2.213,-0.618,0.51,-0.112,-0.208,-0.506,-0.811,-1.111,-0.185,-0.136,0.804,-0.243,0.238,0.775,0.508,0.207,-0.237,1.856,-0.792,-0.597,1
-0.926,-0.155,2.658,0.982,-0.484,-1.157,-1.229,1.618,-1.425,-0.216,1.674,0.235,-2.432,-2.729,-0.036,-0.866,0.15,0.519,-0.729,-1.506,-1.661,0.278,0.67,1.349,-1.537,-0.396,-1.021,0.921,-1.474,0.24,0
0.271,0.157,-0.855,-0.383,-0.915,-1.712,1.402,1.158,0.712,-0.677,-0.499,0.605,-0.385,-1.66,1.539,-0.349,-0.27,1.511,-0.022,-1.151,-0.158,-0.195,-0.527,-0.165,-0.172,-0.489,0.352,1.911,1.093,0.265,0
0.205,0.88,0.178,-1.163,1.599,0.095,1.004,-0.638,-0.745,0.279,-0.265,1.298,1.691,-0.005,-1.587,-0.479,-0.056,0.749,1.548,-1.79,-0.818,-1.247,0.13,-1.717,-1.194,0.858,1.331,0.505,-1.566,-0.228,1
0.487,0.147,-0.66,-1.632,-0.221,0.846,1.249,-0.834,-0.114,0.936,0.135,0.416,1.346,-0.588,-0.423,1.044,-0.052,0.303,0.65,-0.552,0.638,1.011,0.377,0.223,1.747,-0.954,1.291,-0.216,2.093,-0.506,1
-0.652,2.108,-0.963,2.286,0.667,0.117,0.294,2.729,-1.241,2.018,-0.514,0.147,0.775,-1.429,1.284,-0.203,-0.262,0.618,-0.884,1.265,2.184,-0.132,-0.497,-2.411,-1.722,1.481,0.245,-1.01,0.799,-0.086,1
-0.253,-0.312,-0.64,1.138,-0.122,0.094,0.937,-0.643,0.596,-0.501,1.016,1.136,1.547,0.198,-0.116,-0.834,0.954,-2.033,-1.542,-1.843,-0.437,-0.738,-0.068,0.436,0.65,-0.153,0.952,1.318,0.136,0.659,1
-0.678,0.106,-0.105,-0.22,-0.083,-0.259,-0.705,-1.083,0.428,0.395,-1.221,0.898,-0.46,3.405,-1.655,1.066,-0.715,-0.111,0.082,-0.169,0.949,-0.804,-0.936,1.878,1.821,-0.335,0.805,0.631,0.053,0.901,0
0.533,-0.335,-0.974,2.252,-0.223,-1.201,-0.697,1.207,0.233,0.686,-1.271,-0.444,-0.082,0.559,-0.759,-1.99,0.147,-2.779,1.918,0.356,-0.537,-0.049,0.722,0.224,0.983,-0.829,-0.586,0.218,0.194,-0.269,1
0.864,0.045,0.906,-0.822,-2.216,1.861,0.729,-1.345,2.277,-0.507,1.284,-0.069,-0.781,-2.348,-0.388,0.715,1.12,-0.337,-0.566,1.324,-0.674,0.461,1.778,-0.145,-0.085,0.447,-0.524,-1.086,-0.866,0.753,1
-0.371,-1.151,0.771,0.437,-0.726,0.36,0.19,0.18,0.543,-0.383,0.368,1.092,-0.51,-1.25,-0.667,1.27,0.897,0.276,0.059,0.356,-1.164,0.965,-1.415,-1.89,-0.537,0.078,1.726,-0.577,0.793,-1.818,1
1.701,2.589,2.188,-1.095,-0.662,-1.055,0.289,-0.518,-0.583,-0.186,0.178,0.316,0.891,1.247,0.09,-0.561,-0.984,0.927,-1.23,-0.362,0.577,-1.363,-2.16,2.577,-0.183,0.639,-0.814,-1.237,0.655,1.34,0
-1.034,0.363,0.807,0.081,-0.85,1.012,-0.554,0.346,0.75,0.85,-1.24,-1.468,-0.656,0.125,-0.067,0.434,0.816,-0.01,0.527,0.41,-0.587,-0.18,-0.57,-0.681,1.929,0.933,0.442,0.994,-0.543,-0.532,0
-0.877,0.403,0.52,0.294,-2.095,-0.998,-1.155,-0.207,0.98,0.851,-0.189,-1.023,0.409,1.828,-0.439,0.584,1.348,-0.527,0.497,0.225,0.171,-0.319,0.105,-0.213,-0.95,0.438,0.193,0.601,1.233,1.316,1
-0.192,1.035,-0.45,0.245,-0.45,0.61,-0.681,-0.294,-1.39,1.027,-0.197,1.443,0.215,0.971,1.347,0.062,-0.364,-0.247,0.292,-1.483,-1.115,0.38,-0.489,0.356,1.156,-0.968,-1.177,-0.139,-0.298,-1.238,0
-0.201,-1.36,1.75,0.6,-0.122,0.505,-0.719,0.635,-1.152,-0.673,-0.095,0.643,0.545,0.103,-0.811,0.376,2.49,-0.269,0.543,0.356,0.363,0.448,-2.193,-0.912,-0.136,-0.64,-1.596,-1.322,-0.189,-0.61,1
-0.037,-0.097,0.603,-0.597,-0.094,0.441,-0.251,0.386,0.745,0.641,-0.064,-0.741,0.361,-0.715,0.003,0.177,-0.378,-0.753,-1.091,0.203,-0.447,-0.138,-0.805,-1.507,0.679,0.195,1.251,0.277,0.071,2.281,0
-0.151,-0.731,0.064,-1.252,0.879,1.56,0.52,-1.397,0.418,-2.413,-0.302,0.842,-0.397,0.67,-0.434,0.43,0.435,2.222,0.068,0.559,0.865,1.503,-0.037,0.485,-0.032,2.708,1.142,1.052,0.312,0.647,0
-0.266,0.26,0.027,-1.596,-2.295,0.391,-0.557,1.323,1.473,0.494,-1.558,-0.848,-0.676,-0.634,-0.443,0.89,-0.843,0.592,0.252,0.233,-0.234,0.828,-0.456,-0.171,-0.36,-0.529,-0.405,1.23,0.147,0.454,1
-0.39,2.075,0.001,0.109,-0.746,1.554,0.333,0.905,1.155,-1.217,-0.003,0.657,-0.658,-0.281,-2.634,-0.451,-0.18,0.916,-0.036,0.833,0.289,-0.028,1.101,0.207,-0.343,-1.651,1.233,-0.632,-0.05,-0.529,1
-0.128,-2.387,-0.962,-0.086,0.231,2.393,1.055,0.659,0.315,0.883,0.731,0.06,-0.164,0.472,-0.051,-0.354,1.086,-0.222,1.613,1.423,1.488,0.534,-0.265,-0.112,1.016,-2.598,1.618,0.865,1.268,0.688,1
0.086,0.51,0.443,-0.958,-0.062,-0.639,1.05,1.016,0.729,1.487,0.914,-1.77,1.541,-1.644,-0.204,-0.187,0.882,-1.39,-1.129,0.478,-0.16,0.529,1.667,-0.98,-1.298,-0.776,-2.254,1.132,-2.244,0.352,0
-0.41,0.071,0.719,-0.557,-0.891,1.373,2.801,1.13,0.587,2.51,0.178,-0.153,-0.654,-0.315,0.427,-0.636,0.021,-0.48,-0.672,-1.079,-1.403,1.226,-0.782,0.36,0.9,-2.071,-0.046,-0.199,0.305,-3.103,0
0.265,0.018,-0.654,1.087,-0.299,0.914,1.023,-0.596,-0.637,0.549,-0.413,0.552,-0.235,2.056,0.943,-0.133,1.757,-0.245,2.043,-0.005,0.38,-1.258,1.518,-0.765,0.505,-0.005,-1.376,1.986,-0.329,-0.211,0
1.094,0.521,-0.888,-1.232,1.631,0.875,0.706,0.793,1.257,1.148,0.828,-0.152,0.403,0.501,0.511,-0.814,0.106,-0.518,-1.156,1.38,-0.488,0.245,1.761,-0.294,-0.398,-0.171,-1.581,-1.198,1.112,0.235,0
0.788,-0.112,-1.423,-0.082,1.237,-1.347,-0.042,-0.879,-1.205,-1.701,-0.473,0.227,-2.435,0.142,-0.208,-1.292,0.042,0.194,0.199,1.811,-0.79,0.597,-0.463,-0.124,1.118,-1.084,-0.296,-0.122,-1.14,1.179,0
-1.252,0.081,0.761,-1.017,-1.134,-0.004,-1.483,0.267,0.079,0.364,0.872,-0.345,1.522,-0.114,0.009,1.068,0.687,1.48,1.142,0.893,1.235,0.924,0.509,-0.857,0.7,2.739,-1.753,1.257,-1.081,-0.65,1
-1.459,0.05,-0.458,-1.858,0.218,-0.556,-0.374,1.078,0.065,0.322,1.174,0.01,-0.389,-0.411,-0.647,0.804,-0.034,-0.327,2.68,0.753,-1.03,0.303,0.767,2.017,0.848,-0.3,-1.404,-1.374,-1.008,-0.907,1
2.045,-0.92,1.235,0.674,-1.232,-0.304,-0.053,-1.762,-1.392,1.4,-0.545,0.748,0.417,-1.717,0.188,0.448,-1.05,-0.371,-1.057,0.762,-0.303,0.002,0.264,-0.352,-0.429,-1.273,-0.886,1.453,-0.503,0.469,1
-0.563,0.328,1.541,0.588,-0.937,1.763,1.768,0.241,1.146,0.604,-0.839,-0.868,-1.621,-1.298,0.383,-0.252,-0.589,-0.719,1.094,-0.485,-1.772,-0.708,0.85,0.143,-0.367,0.027,-0.448,-2.36,0.677,-1.259,1
-0.039,-1.017,1.531,1.018,-0.638,0.167,0.412,-0.088,0.757,0.372,-0.948,-1.137,-0.406,0.232,1.012,0.052,1.344,1.112,0.798,0.188,-2.518,0.907,0.148,0.763,-1.07,0.708,-1.571,-0.351,-0.306,-0.557,1
1.505,-0.857,-0.506,-2.045,-0.372,-1.058,-1.923,0.773,-1.625,2.11,-0.225,0.708,0.371,0.614,-1.233,1.846,-0.124,-0.1,-0.973,1.207,0.103,-1.003,2.52,0.336,0.95,-0.544,1.278,0.013,1.105,-0.005,1
-1.341,-1.082,-0.203,0.901,0.622,0.85,-0.432,-0.799,-0.292,-1.538,0.21,0.648,-0.745,-0.611,1.246,0.525,-0.1,-1.116,0.953,-1.38,2.216,0.317,1.276,-1.11,-0.233,-2.539,0.5,-1.415,-0.426,1.169,1
-0.918,1.18,-0.121,0.873,2.137,1.619,1.585,-0.916,0.947,1.515,0.064,-0.571,1.448,-1.026,-1.411,0.311,-1.086,-0.609,0.033,0.392,0.186,0.368,-0.044,-0.031,1.455,0.703,-0.158,-1.811,-2.183,0.858,1
-0.801,-0.312,-0.801,-0.385,0.37,-1.576,-0.808,0.945,-0.055,-0.055,-0.214,-0.481,0.049,-0.563,-0.859,0.179,0.644,-0.431,-1.176,0.425,0.793,0.028,0.698,0.848,1.144,0.481,0.253,0.691,0.792,1.177,0
0.742,0.927,-0.328,0.493,0.404,0.642,0.704,0.084,0.079,0.607,0.527,0.288,-0.871,-1.304,1.087,-0.219,1.663,1.69,-0.496,0.836,-0.687,-0.092,1.556,-1.517,0.719,0.47,1.783,0.463,1.007,-0.567,1
0.446,-0.39,-0.201,-1.005,-1.151,0.399,0.683,-0.005,-0.213,-0.284,3.063,0.65,0.709,-0.786,-0.09,0.396,0.02,0.832,-1.398,0.157,-0.36,1.052,0.646,-0.147,0.194,0.117,-2.154,0.767,0.656,-0.445,0
0.597,0.265,-1.894,0.851,2.674,-0.947,0.246,-0.719,0.962,-0.962,-1.468,1.559,0.537,-0.429,2.115,-3.917,-1.143,1.041,-1.992,1.041,-0.189,0.568,1.584,-1.072,-1.229,0.622,1.326,1.45,-1.947,-0.016,1
-0.988,-0.828,0.743,-1.932,0.845,1.778,-0.457,-0.054,1.254,0.588,0.36,-1.08,0.244,-0.8,-0.633,-0.439,0.843,-0.222,-0.054,0.642,-0.618,-1.545,-0.616,1.275,-1.237,0.71,-0.181,-0.731,0.628,0.616,1
-0.892,0.727,-1.103,1.001,0.867,-2.806,-0.878,2.413,0.054,-0.872,0.865,-0.408,0.03,-0.473,-0.983,-1.278,0.146,-0.492,-1.179,-0.18,-1.018,0.063,0.048,-0.436,-0.801,0.204,0.895,0.308,0.652,1.594,0
0.437,-0.048,0.371,-1.404,-0.512,-0.796,-0.323,0.407,-0.628,-1.161,0.972,0.321,0.104,-0.247,-0.762,-2.056,-0.803,0.593,0.458,1.651,0.259,-0.708,0.578,-1.042,-0.788,0.207,-0.803,-0.908,-0.57,-1.849,1
-0.939,-0.754,1.617,-0.492,-0.771,0.93,2.32,0.308,-0.525,-0.193,-0.083,-2.7,-1.181,0.94,-1.167,1.042,-0.194,0.211,0.702,-1.075,0.592,0.43,0.406,-0.01,0.094,-0.48,0.259,0.499,1.573,0.297,1
-0.581,-2.004,-1.59,1.105,0.152,-1.642,-0.984,0.446,1.301,-0.097,-0.562,-0.035,1.183,-0.067,-0.714,0.558,-0.105,1.958,0.117,1.45,0.85,-0.615,1.698,-1.218,-0.689,-0.704,-1.942,-0.839,-0.289,0.304,1
-0.356,-0.142,-0.278,-0.65,-1.004,-0.021,-0.06,0.384,-0.95,-0.02,-0.829,0.626,0.788,0.079,-0.173,-0.029,-1.311,0.453,-0.429,0.024,-0.948,0.669,-0.081,0.708,0.589,-0.143,0.182,0.368,-0.083,-0.341,0
2.531,0.912,0.893,-0.148,-1.567,0.929,0.37,-0.662,-0.435,1.904,-0.387,1.01,0.467,-2.091,-0.017,-0.931,-0.888,0.236,1.054,0.699,-0.525,-0.959,1.718,-0.438,-0.267,-0.63,-0.425,0.253,0.195,0.727,1
0.015,-0.085,-0.307,0.012,1.112,-0.563,0.696,-0.058,1.286,0.483,-0.398,-0.44,0.133,1.372,0.036,-1.184,0.395,1.764,-2.451,-1.074,0.332,-0.47,-0.907,0.105,1.014,0.109,0.034,-0.23,-0.131,1.051,0
0.087,-0.094,0.489,-0.173,-0.433,1.103,-0.606,-0.985,1.261,-0.513,0.999,-0.111,-0.048,1.261,0.259,0.652,0.796,-0.811,0.235,-0.676,-0.386,0.281,1.078,-0.153,-1.044,-0.404,-0.934,-0.777,-0.52,1.626,1
0.469,-0.998,0.231,0.445,-0.306,-0.734,-1.635,0.975,-1.026,-0.93,2.65,0.66,-0.445,1.266,-0.803,-0.081,0.833,-0.265,-1.218,-0.908,-0.428,0.34,-0.646,0.306,-0.699,-0.048,1.389,-0.315,-0.589,-0.172,1
-0.157,1.163,1.294,-1.178,-1.061,-1.012,-1.162,0.064,0.473,-1.072,-0.066,-2.085,-1.123,-0.74,0.398,-1.103,1.584,0.197,0.256,-0.302,-0.511,0.335,0.385,0.242,-0.239,0.218,-1.007,2.238,1.537,-0.963,0
0.344,1.563,-0.545,0.208,-1.489,1.129,1.991,-0.67,-0.792,1.479,-1.692,-1.83,-0.831,0.636,0.442,-1.17,0.948,0.747,-0.824,0.285,-0.013,0.447,1.192,2.38,-0.425,-1.11,-0.408,0.099,-1.46,-0.944,0
-0.417,1.718,1.465,-0.237,-0.684,-0.133,1.316,0.822,-2.588,1.963,-1.155,-0.545,-0.14,0.793,0.143,0.377,1.334,-1.787,0.636,-0.326,-0.42,2.073,1.604,1.276,1.44,-0.793,-1.242,1.183,-0.23,-0.449,0
1.047,0.739,1.431,-0.303,1.794,1.124,0.509,-1.745,-0.308,-0.81,0.836,-0.85,-0.426,-0.009,0.554,-0.088,-0.859,1.162,0.17,0.463,-1.558,1.135,0.405,0.364,-1.575,0.112,-0.653,0.129,0.1,-1.799,0
0.168,0.999,1.667,0.346,0.995,-0.012,0.287,-0.031,1.477,0.102,0.505,0.717,-0.949,1.216,-2.772,1.28,0.684,-0.059,-1.878,-1.204,0.425,0.299,-0.164,-1.088,0.717,-0.378,-0.901,0.292,0.525,-0.169,0
-1.287,1.09,1.193,3.392,0.38,-0.021,-0.072,0.447,0.037,1.211,0.878,1.413,-1.069,-0.23,-2.02,-0.491,-1.263,-1.347,0.114,-0.147,0.247,0.415,0.925,1.092,1.363,-0.112,-1.374,0.37,1.198,0.661,1
-1.174,0.144,-1.553,-1.374,-2.166,-0.368,0.141,-0.373,-0.304,0.25,-0.071,-0.097,0.584,-0.008,0.749,0.365,-1.066,0.217,-0.336,-2.338,1.247,0.621,0.414,-0.062,2.744,0.349,1.231,0.064,0.365,0.086,1
0.666,1.198,0.9,0.031,0.218,0.06,0.842,0.294,-1.362,2.245,0.737,-0.569,-1.225,-0.331,0.293,0.599,-0.671,0.072,1.401,-0.693,-0.032,-0.699,0.098,-0.453,0.799,-0.397,-1.214,-0.032,0.765,0.079,1
-1.383,-0.703,-0.459,-0.408,0.186,0.414,-0.397,-0.05,-0.113,-1.486,-1.135,0.917,-1.568,-0.711,0.533,-1.207,1.007,0.693,-0.703,0.053,0.034,0.406,-0.398,0.515,2.112,-0.713,-0.071,-0.532,-0.063,1.116,0
0.72,1.242,0.108,-1.985,0.545,-0.651,-0.574,1.146,-1.311,1.701,-0.753,-2.046,0.075,2.214,0.235,-0.043,1.607,-0.271,-0.151,-0.918,-0.276,0.621,-0.127,0.367,1.186,-0.656,0.191,-1.313,-2.088,1.141,0
-1.243,-0.163,-0.606,-0.231,0.052,0.057,-1.374,-0.206,0.48,-0.162,0.873,0.628,0.357,2.097,-0.306,-0.207,0.566,-0.622,1.39,0.442,-1.487,3.427,-0.057,-0.585,0.969,-0.967,0.976,-1.164,0.979,1.471,0
-0.891,0.887,2.132,-0.592,-0.558,0.819,0.314,-0.737,0.107,-1.451,-0.946,1.436,1.623,1.361,-0.031,-0.285,1.078,0.121,0.947,-0.178,-1.109,-1.013,-0.591,1.83,-0.965,1.368,1.09,2.549,0.045,0.323,1
0.323,-0.551,-1.008,-1.598,0.166,0.666,-1.956,0.741,-0.593,0.093,1.568,0.359,-0.265,-2.191,0.165,0.533,0.54,0.51,-0.977,0.118,1.924,0.365,0.633,-0.0,0.618,2.03,0.572,-0.841,-1.33,-0.611,0
0.493,-0.226,-1.081,2.062,-1.998,1.788,-1.006,-0.327,-0.723,-0.027,-0.451,0.039,0.557,-0.077,-0.83,-0.544,2.263,0.288,-0.269,-0.43,0.096,-0.272,0.416,1.33,0.377,-0.077,0.275,-0.859,-0.493,0.248,0
1.025,-2.299,0.559,-0.853,-2.843,0.558,0.234,0.81,-0.3,-0.2,0.508,-0.157,-0.602,0.959,-0.909,0.779,-1.198,-0.098,-1.548,0.435,-1.443,2.638,0.527,-0.962,1.213,1.258,0.61,-0.075,-0.686,0.678,1
0.418,-0.45,-1.031,2.825,-0.545,-1.236,1.628,-1.13,-0.848,0.408,1.205,-0.698,0.855,0.546,-1.228,0.686,-0.111,1.018,-2.147,0.756,-0.028,0.471,0.05,0.438,-0.126,0.385,0.249,0.602,0.454,-0.686,1
2.676,-0.641,0.656,-1.798,0.392,1.178,-0.544,-0.727,-1.558,-0.018,-0.878,-1.788,0.881,-0.358,1.555,-0.521,-0.628,0.235,-0.679,0.635,1.592,-1.135,-0.609,0.665,2.782,-0.414,-2.479,1.505,-0.694,0.764,0
-0.413,-0.072,0.712,-1.192,-1.054,0.707,-1.57,1.647,0.601,-0.944,0.085,-0.17,0.114,2.407,-0.271,1.238,-0.56,1.021,-0.432,0.656,0.362,1.807,0.81,-0.457,0.188,1.022,-0.508,0.227,0.457,-2.031,1
-0.2,0.155,1.719,0.806,-1.38,-0.696,-0.41,0.721,1.451,0.715,1.088,0.592,0.297,-0.226,-0.811,0.566,0.144,-2.201,1.437,-0.663,2.047,1.694,1.068,0.312,-0.094,-2.153,-0.683,-0.559,0.129,0.267,1
-0.939,-0.23,-0.855,0.606,2.32,-0.299,-0.231,-0.902,-0.908,-0.288,-0.447,1.08,-1.577,-0.154,0.549,0.049,0.767,-1.01,-0.274,-1.336,-0.723,0.164,-0.136,0.517,0.057,0.228,0.187,0.696,-0.373,0.176,1
-1.001,0.117,1.115,0.941,0.64,0.489,-1.491,1.33,0.199,-1.0,0.238,-1.444,-0.799,-0.899,0.56,-0.162,0.123,1.408,-1.282,0.535,0.746,-0.472,-1.378,0.981,0.969,-0.05,1.079,-0.195,0.31,1.222,1
-0.994,-1.057,0.454,1.951,0.362,0.132,-1.327,-0.947,-1.478,1.059,-0.77,-1.511,0.18,-0.615,0.791,0.952,-0.855,-0.216,1.315,0.189,-0.399,-0.133,-0.558,0.247,-1.322,0.868,1.031,-1.275,0.274,1.641,1
0.78,1.694,0.907,1.821,-0.058,1.258,-0.202,-0.564,0.477,-1.649,-0.688,-0.777,-0.106,-0.765,0.926,-0.465,0.754,-0.342,-1.167,-0.674,0.651,-1.035,-0.386,-0.454,1.27,-0.198,-0.311,-1.34,-0.725,-1.647,1
-1.579,-1.545,0.068,0.949,-0.564,-0.09,-0.475,-0.52,0.547,-0.923,-0.032,-0.079,0.411,-1.385,0.836,0.305,-0.781,-0.822,0.606,-0.206,2.423,-0.11,-0.02,0.368,0.915,-1.042,0.358,-0.215,-0.772,0.08,1
0.225,-0.338,0.606,-0.026,1.134,0.221,1.665,-0.358,1.205,-0.194,0.297,0.122,-1.746,-0.307,-0.096,0.163,0.595,1.219,1.153,2.038,0.595,-0.566,1.2,-0.006,0.018,-0.212,-1.043,0.876,-0.689,-0.574,0
-0.946,0.11,-1.556,-0.256,0.371,-0.353,-0.036,-0.479,-0.104,-1.322,2.679,-0.265,-1.16,-0.181,0.665,1.192,0.362,-0.617,1.043,0.544,0.691,0.13,0.133,1.607,-0.081,-0.254,-0.471,0.738,-0.066,-0.356,1
-1.794,-1.763,-0.587,-1.662,-0.551,0.554,-1.159,-0.195,-0.336,-0.541,0.87,0.227,-0.94,0.366,-0.467,0.301,1.137,-1.439,0.107,0.245,-2.002,0.508,0.878,-0.547,2.247,-1.74,-0.9,-1.113,0.751,1.151,0
-1.153,0.579,0.59,-2.343,-0.941,-0.153,1.644,0.962,1.094,0.142,0.25,-0.697,1.031,-0.421,-0.928,1.046,-0.439,0.546,-2.083,1.358,-0.041,0.129,-0.359,0.688,1.149,0.208,-0.699,-0.404,-0.419,0.478,0
-0.36,0.258,0.656,-1.011,-0.007,-0.686,-0.278,-0.767,0.556,-2.023,-0.33,1.083,-2.28,-1.867,0.285,-1.033,-2.234,-2.688,-1.361,-1.96,-1.025,-1.571,-0.979,0.231,-1.045,-0.906,-1.081,1.606,-0.772,-0.251,1
0.491,-1.038,-0.262,0.311,1.419,-0.328,0.823,0.235,0.238,-0.625,0.83,0.766,0.828,0.183,1.265,-0.158,-3.154,-0.423,0.466,0.623,0.172,-0.332,0.354,-0.677,1.646,0.384,-1.447,0.999,1.096,0.645,1
-2.153,-1.626,-0.692,-0.531,0.847,-0.878,-0.473,0.771,-0.513,-0.021,0.255,-1.624,-0.15,1.489,2.509,-1.33,0.948,0.309,-0.431,-0.261,0.931,-0.062,-0.164,0.564,1.979,1.229,0.088,1.762,-0.812,-1.036,0
-0.553,-1.225,-0.28,-1.322,0.712,2.159,0.039,0.046,-0.627,-2.102,-0.38,-1.303,-0.622,0.55,-0.483,0.43,-0.199,-1.72,0.069,0.11,0.516,-0.08,0.28,-1.099,0.4,-0.573,-0.062,-0.381,0.407,0.105,1
0.119,0.81,-1.322,0.236,-2.198,1.129,-0.112,0.994,0.365,-0.165,-0.868,0.4,0.776,-1.328,0.185,-0.634,0.703,-0.894,0.738,0.881,-0.088,0.607,0.793,0.85,0.115,0.437,1.328,-0.273,-0.759,0.375,0
0.328,0.64,1.305,0.879,1.602,-0.233,-0.379,-0.37,1.466,-0.315,-0.588,-0.491,0.061,-0.014,1.195,-1.748,1.719,1.741,0.464,0.596,-0.776,0.215,-0.519,-0.488,0.416,-0.338,-0.385,-1.204,0.438,0.249,0
-0.589,-1.213,-0.563,-1.282,-0.566,2.358,-0.267,-0.082,0.705,-0.632,-1.073,-0.112,-0.84,-0.244,-0.921,-0.939,1.797,-0.616,0.789,-0.86,1.549,0.589,0.931,-0.733,-1.87,0.439,-0.169,-0.264,0.357,0.175,1
0.952,-1.042,1.272,-0.367,0.047,1.153,-0.527,1.223,-1.695,-0.89,-1.218,-2.205,0.421,-0.251,-0.108,0.687,1.016,0.151,-0.808,0.392,-1.726,-0.484,1.098,0.935,-0.702,2.228,1.888,-0.308,0.55,0.38,1
-0.79,1.57,1.886,-0.239,1.201,-0.107,-0.241,-0.328,0.665,1.658,0.309,-0.068,0.287,-0.154,-0.671,-0.393,-1.558,-0.099,-0.238,-0.549,0.548,-0.196,0.044,-0.35,-0.379,-1.515,-1.358,-1.883,-0.862,0.491,1
-0.356,-1.36,-0.356,0.193,2.103,-0.633,1.964,-2.166,-0.895,0.728,1.237,0.359,-0.184,-0.089,1.366,-1.189,1.053,-0.031,0.672,1.057,-0.347,-1.018,-1.013,-0.439,-0.636,0.717,-0.606,0.79,1.151,-0.474,1
1.302,0.609,1.071,0.262,-1.975,0.007,-1.581,-0.405,-0.871,0.189,0.888,1.54,0.51,-0.896,0.266,0.812,0.277,-0.715,-0.456,-0.798,1.882,1.182,-1.257,-2.318,-0.248,0.432,0.997,-0.33,-0.784,-0.167,1
-1.098,-0.778,-0.109,-1.251,-1.297,1.335,0.863,3.246,-0.679,-1.573,1.239,-0.206,-1.203,-1.364,-0.542,0.15,1.601,1.159,-1.246,0.287,-0.043,0.462,-1.3,1.282,-0.957,1.125,-0.555,-0.494,1.076,0.334,1
-0.787,1.112,0.065,0.668,-0.241,-1.849,-0.93,-0.47,0.751,-1.193,-0.038,0.117,0.362,0.89,0.673,-0.158,-0.999,-0.731,1.577,0.08,-1.378,0.539,0.922,0.951,-1.163,-0.864,-1.194,-0.143,0.006,0.61,1
1.093,-0.147,-0.9,-0.539,-1.328,-1.857,0.273,0.177,-0.102,0.026,1.581,1.02,0.328,0.219,0.944,0.318,-0.916,0.642,-1.367,-0.903,0.142,0.349,-0.029,-0.878,-1.445,1.067,0.807,1.847,-0.44,0.358,1
0.628,-0.383,1.064,0.184,-1.439,-0.249,-1.847,1.131,-0.025,-2.396,-0.589,-0.858,0.728,0.944,-1.331,0.89,1.548,-0.367,0.289,0.896,0.661,0.648,1.197,-1.81,-0.514,-0.73,-0.968,0.516,0.801,0.687,1
-0.777,0.54,-0.902,-0.465,0.146,1.389,0.622,0.373,-1.322,-0.864,1.035,-0.622,0.067,1.201,0.073,-1.658,-0.855,0.268,0.769,-0.828,-1.173,-0.383,0.799,0.298,0.433,-0.173,-0.369,0.196,0.001,0.569,0
0.319,-0.142,-1.186,0.514,1.444,-0.559,-1.03,0.379,0.031,0.241,2.034,-1.03,-0.807,-0.417,-0.625,0.462,1.859,-1.0,-0.345,-0.3,-0.196,-0.572,0.273,1.152,1.251,1.375,0.847,1.036,0.493,-0.28,0
-1.118,0.034,0.56,0.0,0.613,-0.516,0.887,-0.327,-0.038,-0.48,-1.528,0.58,0.479,-1.274,-0.746,-0.635,-0.152,-1.084,-1.209,-0.85,0.159,-0.866,-1.194,-0.585,-0.545,0.497,1.395,-0.561,-0.113,0.543,0
0.411,-0.734,0.023,3.545,0.071,-0.021,-0.981,-0.614,1.801,0.274,0.449,-0.752,0.385,0.5,-0.62,2.105,-0.057,1.45,0.224,0.921,0.383,-0.618,-0.756,-0.523,0.173,0.214,-0.878,-0.186,1.241,0.772,1
0.879,-0.842,0.393,1.175,-1.529,0.528,-1.587,-0.555,-0.932,-0.837,0.335,-0.503,0.877,1.389,-0.069,0.249,-1.149,-0.487,-1.77,1.074,-1.354,-0.593,0.727,-0.126,0.79,-0.258,-0.495,1.542,0.737,0.584,1
0.707,0.717,-1.298,0.003,-0.653,1.707,0.044,-0.421,0.431,0.198,-1.135,-0.656,-0.224,1.125,-1.359,0.741,-0.075,-2.638,-1.202,-1.095,0.15,0.752,-1.347,1.013,0.05,-0.687,-2.494,-0.209,1.036,-0.69,0
0.741,0.15,1.313,0.87,-0.82,-0.826,-0.656,0.81,-0.316,1.072,0.267,-0.201,-0.78,0.071,1.013,0.316,-1.002,-0.622,-0.125,-0.271,1.141,2.303,-0.529,-0.614,-0.451,-0.351,-0.719,-1.959,0.876,1.457,1
0.495,0.723,-1.181,0.561,1.044,0.635,0.424,2.134,-0.157,-0.141,0.985,-0.819,-0.077,1.729,0.18,1.202,-0.207,0.148,-1.51,0.786,-0.09,0.307,0.902,-1.693,0.366,-1.459,-1.518,0.479,1.059,0.214,0
0.226,0.951,0.911,1.082,1.852,-0.051,-0.559,-0.756,0.116,-2.955,-2.768,2.81,0.483,-1.028,0.985,-1.93,-1.502,-0.136,-0.675,0.037,0.216,1.243,1.827,0.233,0.253,0.074,-0.229,-1.397,-0.11,-1.342,1
-0.115,0.49,0.409,0.641,0.363,-1.723,0.689,-0.502,-0.567,0.131,-1.245,-0.464,-0.927,0.72,-0.304,0.082,1.021,0.288,-0.941,0.845,-1.205,-0.354,-0.95,1.372,0.489,-0.092,0.536,0.943,-0.771,-0.074,0
-0.308,-0.623,0.635,0.054,1.698,1.755,0.208,0.436,0.445,0.213,-0.317,0.857,0.076,1.221,-0.042,-1.003,0.007,0.448,-0.412,1.721,-1.037,-0.654,-2.204,2.301,-1.996,-0.263,-0.542,1.492,-0.963,-0.8,0
0.821,-0.279,-0.171,0.67,0.368,-0.566,0.348,1.799,-0.809,-1.895,0.912,-0.081,0.607,1.064,-0.395,0.895,-1.196,0.433,-0.235,-0.62,2.02,-0.71,1.074,-1.251,-0.88,-0.322,-1.386,-2.298,2.117,0.343,0
-0.938,0.494,0.686,-1.048,-2.228,-0.057,-0.472,0.421,-0.659,1.887,0.016,2.295,-1.277,-1.161,0.232,0.419,-0.57,0.241,-1.612,-0.471,0.15,0.61,-0.586,-0.758,1.092,-0.045,-0.519,-0.151,0.413,-0.297,1
2.516,0.578,0.974,-0.493,-1.748,0.634,-1.747,-0.523,1.337,1.886,-2.485,0.388,-0.537,0.546,0.815,-1.189,-0.31,0.636,1.585,0.006,-0.135,-0.663,1.007,2.612,-1.52,-1.035,1.364,-0.163,-0.024,2.092,1
-1.617,0.486,-0.719,1.229,-0.218,-1.152,1.01,0.259,1.849,-1.456,-0.117,0.221,-0.604,-0.585,-0.005,0.347,0.287,1.831,-0.212,0.637,-0.682,-0.107,-1.0,-0.511,-0.535,-1.43,2.381,2.452,-1.846,0.572,0
-1.51,1.221,2.83,0.181,0.02,-1.414,1.387,-0.777,0.292,-1.399,0.592,-1.067,-1.174,-0.632,0.305,-0.708,0.731,0.54,-0.088,1.24,-1.356,0.019,0.544,-1.112,1.405,0.758,1.933,-0.773,0.476,-1.194,0
0.397,-0.819,-0.396,1.509,-0.132,-0.71,1.415,0.998,1.518,-0.707,-0.04,-0.67,-1.205,0.138,0.988,-0.594,0.727,0.789,-0.401,-1.554,0.346,-0.136,-0.99,-0.44,0.53,-1.541,0.56,1.682,-1.029,2.453,0
1.509,0.798,0.353,-1.742,0.563,0.398,0.429,0.004,0.477,-0.813,-1.67,0.98,-0.289,0.587,-1.208,0.202,0.554,-0.819,1.171,0.104,0.529,-0.687,0.299,0.238,0.956,0.742,-0.75,-1.098,-0.968,-0.323,0
1.079,-0.881,-0.525,-0.122,-0.363,0.194,0.809,2.083,-1.974,-0.603,0.278,-0.183,0.406,-1.389,1.201,-0.385,-0.574,1.343,1.232,0.253,-1.04,-1.019,-0.068,-0.319,-2.191,-1.46,-0.227,-1.215,2.295,-1.59,1
1.606,-0.917,1.181,0.601,-0.281,-0.947,-0.672,-0.338,-0.795,1.963,0.974,-0.977,-0.219,-1.411,0.992,-0.573,0.216,-0.287,-0.95,-0.311,-0.113,0.509,1.139,0.452,-1.418,-0.723,0.778,-0.286,1.291,-0.047,1
-2.274,0.37,-0.943,-1.499,0.489,0.467,1.476,-0.64,1.085,1.867,0.601,-0.836,-0.3,0.978,-0.341,1.768,1.235,2.851,-0.243,-0.378,-0.447,-0.276,-0.564,0.004,-0.281,-0.662,1.187,-1.078,0.931,-0.489,0
-0.022,0.037,-0.571,0.606,-0.902,-0.722,0.748,0.048,0.998,0.103,0.6,0.342,1.915,0.778,0.368,-0.534,0.058,1.783,0.709,0.703,-1.056,-0.161,0.243,-0.977,0.015,0.116,-0.396,1.376,-1.189,0.035,0
0.523,0.04,-0.325,0.235,0.345,2.516,-1.354,-0.342,-0.034,-1.992,0.259,1.12,0.361,0.169,-0.129,0.361,0.022,1.506,-0.863,0.065,-1.026,1.191,0.834,-0.241,-0.952,-0.983,-0.763,-2.4,-1.095,0.565,0
1.153,0.722,2.63,-0.078,-0.739,-0.389,-1.252,-0.779,-1.297,3.659,-0.317,-0.673,-1.498,-0.279,-0.071,0.554,-1.434,1.222,1.229,-0.635,0.677,0.217,2.203,0.71,0.167,0.044,-0.384,-0.769,0.049,-0.245,1
0.258,0.436,-0.097,0.019,-0.406,-0.564,0.006,-1.038,-1.986,0.192,-1.325,-0.873,-1.207,-0.574,-0.062,-0.815,-0.672,0.981,-1.39,-0.973,1.708,-1.218,-1.134,-0.813,-1.131,-0.118,-0.29,1.002,-0.571,1.175,0
1.136,0.007,-0.235,-1.131,1.703,1.876,1.058,-0.831,-0.429,0.789,-0.396,0.206,-0.724,0.08,0.133,0.18,-0.824,-0.493,0.15,0.709,-0.505,0.005,0.734,0.157,-1.223,-0.758,-1.408,-1.027,0.244,0.725,0
-0.997,-1.205,0.9,0.918,-0.73,1.839,0.031,-0.303,-0.335,-1.119,-0.041,-0.597,-0.189,-1.508,1.707,-0.034,-0.97,-1.941,0.288,1.644,-0.827,0.797,-1.443,-0.927,0.615,-0.755,-1.183,0.468,-0.098,0.656,0
0.71,-0.907,0.729,-0.665,1.726,0.05,1.39,0.109,-0.118,0.878,2.347,-0.573,-0.266,0.064,-0.443,0.353,-1.762,0.297,1.253,0.687,-0.711,0.88,1.064,-0.94,0.492,-1.312,-1.287,-1.514,-0.227,-1.111,0
0.2,-1.654,0.056,-0.689,-1.143,1.194,-1.008,1.24,1.702,1.442,-2.662,0.06,1.515,-0.565,0.602,-0.319,-0.785,-2.024,-1.187,-0.511,0.429,1.381,0.201,-0.056,-0.892,0.372,-0.551,1.752,1.29,-0.526,1
0.35,-0.944,-1.236,0.631,-0.806,-0.449,-2.445,0.117,-1.44,1.437,-1.148,-2.996,0.294,0.833,1.231,-0.358,2.131,-0.012,-0.962,-1.018,-1.504,-0.544,-1.42,0.994,1.596,-0.641,-1.789,-1.129,0.274,-0.91,0
-0.66,-0.576,0.87,-1.114,-1.417,0.394,-0.316,0.349,-0.114,0.424,0.325,-1.673,-0.536,1.229,-0.206,0.602,0.77,0.196,0.873,-0.815,-2.162,-1.175,-1.446,-0.105,-0.949,-2.245,1.294,0.585,-0.457,-0.506,1
-0.054,1.38,-0.126,-0.572,1.108,-0.713,1.888,1.027,0.898,-0.856,-0.255,-1.34,0.893,0.912,-0.673,0.124,1.294,0.812,0.392,1.504,-0.462,0.287,0.553,-1.869,-0.047,0.741,-0.588,-0.44,-0.14,-0.186,0
-0.304,0.478,0.28,1.186,0.105,-1.248,0.423,-0.361,-0.995,0.118,-0.884,-1.785,-0.37,0.62,0.625,1.778,1.176,-1.835,-2.11,-0.842,-1.34,0.263,0.283,-0.867,0.056,-0.047,0.062,0.462,-0.151,0.722,0
-0.811,-0.83,0.453,-1.035,-1.903,-1.247,-0.954,-0.051,-0.312,0.404,-1.426,1.954,0.752,1.542,-0.124,-0.085,-1.011,0.223,-1.873,1.671,0.267,0.681,-0.414,0.53,2.35,0.675,-0.913,1.257,-0.282,-0.454,1
-0.441,2.078,0.812,-1.078,-0.265,0.547,-0.108,1.151,-0.363,0.994,0.71,0.315,1.426,0.27,0.219,0.081,-0.511,-0.353,1.348,0.46,1.276,0.183,-0.327,1.081,0.769,-0.86,0.034,0.848,-1.528,0.742,0
1.03,1.332,0.565,0.751,-1.22,0.548,-0.322,-0.918,-1.983,-0.111,-1.096,-0.942,1.458,-0.981,-1.799,-0.042,1.373,0.294,0.915,0.154,0.28,-1.024,0.923,0.853,1.635,0.201,-0.563,0.023,-0.447,0.702,1
-2.348,-3.711,0.231,-0.858,-1.408,0.272,2.601,0.021,1.735,-0.45,-0.53,0.436,-0.533,-0.595,0.373,0.438,-1.161,0.588,0.673,0.287,-1.118,-0.47,-1.043,0.419,0.581,0.101,0.152,-0.684,0.675,0.101,0
0.014,2.141,2.073,-0.67,-0.399,-0.565,-0.732,-2.01,0.685,0.725,-0.106,-0.05,1.278,-0.43,0.372,1.268,0.006,-0.68,-0.958,-0.546,0.201,0.16,1.211,0.091,1.367,0.998,2.399,0.679,-0.249,0.878,1
-0.48,0.937,0.713,0.124,0.784,-0.248,0.31,1.081,-2.143,0.291,0.554,-0.733,0.505,-0.312,2.101,0.207,-1.201,0.428,-0.685,1.16,-0.038,0.251,1.711,0.592,0.812,0.413,0.807,1.009,0.327,-0.31,1
-1.182,-0.212,0.553,-0.466,0.901,0.568,-0.384,1.189,1.227,-0.618,1.703,0.388,1.29,1.468,-1.003,-0.22,-0.717,0.378,-1.098,-0.353,-0.479,0.143,2.658,-2.101,-2.529,0.854,-1.978,0.405,1.171,-1.15,0
0.442,-0.515,-1.05,1.794,0.233,1.35,-0.41,-0.316,0.902,-0.855,-0.691,-1.831,-0.9,-0.944,2.51,0.846,-1.13,-0.681,1.689,0.43,-0.074,-0.12,-0.827,2.632,1.074,-1.27,-2.957,1.059,0.269,0.82,1
-0.877,-0.352,-1.897,-0.699,1.518,0.73,-0.95,0.372,-0.708,0.714,1.324,-0.206,-1.309,0.302,0.345,-0.656,0.083,1.853,1.79,-0.338,0.808,-0.001,0.443,-1.371,-0.18,-1.1,-0.5,0.226,0.363,2.38,0
0.92,0.419,1.199,1.859,-0.36,-1.325,2.852,-0.758,0.382,-1.568,0.956,0.585,-1.485,-0.488,-0.199,-0.566,-1.649,0.361,-0.209,-0.843,0.194,-0.424,1.111,-0.548,0.692,1.235,1.447,1.587,0.25,-0.394,0
0.697,1.092,0.079,-0.993,-0.39,0.776,-0.695,0.601,-0.005,-0.818,0.485,0.403,0.914,1.411,-0.019,-1.289,-0.155,-0.775,1.637,1.574,1.463,0.287,-0.34,1.276,-0.092,-2.197,-0.516,-1.044,0.644,0.029,1
-0.355,0.393,0.205,-0.117,-1.045,-1.683,0.252,0.845,0.66,0.306,-1.032,-1.771,0.79,0.332,-0.57,-0.026,-0.389,0.226,0.373,0.169,0.008,0.369,0.088,0.122,0.155,-1.268,-0.427,0.331,0.45,0.857,1
0.446,0.454,-0.243,-0.312,0.083,1.719,-0.637,0.117,-0.321,1.113,0.167,-0.456,0.436,-0.874,-2.351,0.305,0.428,-0.39,0.784,1.015,-1.625,0.899,0.763,0.191,2.787,-0.235,0.712,-0.167,0.218,0.309,0
-0.441,0.702,0.033,-0.512,-1.034,1.365,1.055,1.279,-1.074,-0.058,0.028,-0.274,-1.077,0.616,0.12,-0.376,-0.352,-0.447,-1.784,0.15,0.364,1.93,-1.028,1.474,0.969,0.382,0.476,0.327,1.691,-1.106,0
-0.041,-1.142,0.099,-1.67,0.472,0.773,0.65,0.173,-0.597,-0.468,0.639,0.023,0.623,0.593,0.151,-0.477,-0.682,1.532,-0.231,0.004,2.304,-0.136,0.517,-0.803,0.802,1.281,-0.403,0.517,-0.547,-0.912,0
1.568,1.514,-0.812,-1.092,0.735,-0.733,-0.239,0.509,-0.566,-0.878,0.885,-0.188,0.933,-0.624,1.021,0.55,-0.357,0.509,0.039,-0.002,-0.594,0.566,0.653,-0.414,-2.365,-1.008,0.657,-1.751,0.557,-0.78,0
-1.103,-0.446,-0.235,0.432,-0.044,-0.726,1.029,1.498,-0.889,0.681,-0.211,-1.246,-0.264,1.253,-0.372,0.485,1.904,1.831,-1.451,0.279,0.571,-0.422,1.337,0.235,0.625,0.6,0.615,0.63,0.114,0.054,0
0.379,-0.079,-1.009,-0.71,0.399,1.945,-0.135,-1.518,1.7,0.51,-0.317,0.262,-0.875,-1.896,-2.452,-1.566,-0.742,0.991,-0.913,0.067,1.371,-1.639,-1.247,1.704,1.368,0.081,1.753,0.573,0.368,-0.116,1
-0.069,-0.37,-0.26,-1.103,-0.932,-0.32,-0.69,0.745,-0.871,0.716,1.775,-0.722,1.36,-0.14,0.432,-0.016,-2.452,-1.404,1.342,0.88,0.561,-0.004,-0.742,-0.738,0.572,1.627,0.221,0.438,-0.272,-1.076,0
-1.941,-0.184,0.047,-0.325,-1.445,-0.373,0.279,-0.816,0.389,0.433,-0.675,0.392,-0.415,-0.87,0.235,-0.025,-1.75,1.432,-0.733,0.483,0.21,-0.543,-0.11,0.872,-0.068,-0.763,-0.45,-0.987,1.28,0.003,1
-0.241,0.652,-1.031,-0.029,-1.184,-0.672,-0.166,-0.04,-0.413,-1.066,0.407,-0.099,-2.291,1.317,-0.683,-1.069,-0.417,-0.419,0.197,0.917,-2.52,2.606,-0.201,0.421,-0.157,-0.083,0.267,0.584,0.641,-1.127,1
1.054,-0.526,0.349,-0.414,-0.983,0.649,0.566,-1.627,-1.076,0.66,-2.077,-0.311,-0.071,-0.267,-1.424,0.916,0.069,-0.846,-1.386,-0.231,-0.846,-0.723,-0.825,0.571,-0.25,-0.458,-0.58,0.475,0.278,-0.942,1
0.114,-1.038,0.856,-0.327,-1.361,0.082,0.135,0.044,0.057,0.087,-0.109,1.265,-0.811,-0.512,-0.112,1.341,0.037,-0.948,-0.948,0.905,1.158,0.327,0.467,0.971,-0.212,-0.087,-1.435,1.034,-1.377,0.323,0
0.583,-1.491,-1.59,-0.285,2.321,-0.212,-0.317,-1.492,0.626,0.071,-0.518,-0.034,0.719,1.597,0.109,0.878,0.793,1.228,-0.043,-0.861,0.985,0.224,0.97,-0.241,0.233,-0.759,-1.209,0.257,-1.384,-0.306,0
0.542,0.481,1.276,-0.29,1.024,-0.277,-1.058,-0.187,-0.019,1.096,1.712,-0.739,0.715,-2.315,1.22,1.485,1.367,0.635,-0.962,0.826,-0.036,-0.999,-0.423,-0.564,0.668,-2.105,0.397,-0.21,-1.116,0.287,1
-0.997,-0.465,1.696,-0.914,-0.632,-0.401,0.123,1.681,-0.209,1.12,-0.639,0.026,-0.534,1.149,-1.737,-1.604,-0.375,-0.89,-1.216,1.841,-0.164,-0.19,0.409,-0.168,-2.001,0.076,0.865,-0.602,-0.821,-1.188,1
-1.237,0.423,0.831,0.75,0.941,-0.005,0.991,1.593,0.07,0.215,-0.521,-0.589,-0.821,-0.105,-0.268,-2.062,-0.269,0.605,1.69,-0.638,-1.048,-0.701,-0.401,-1.196,-0.581,1.652,0.189,-0.929,-1.778,-0.84,0
-0.873,1.749,0.84,-0.675,-0.699,-1.061,-1.138,1.536,-0.264,-0.777,0.982,0.833,-1.333,-1.162,1.065,1.423,1.309,0.395,-1.174,0.751,0.826,-0.416,0.092,0.625,-0.237,0.234,-0.986,-0.365,1.039,0.293,1
-0.706,1.536,-0.414,0.166,-0.811,1.221,-0.746,0.638,0.05,1.997,0.276,-1.258,-0.037,-0.161,0.097,-0.308,-1.278,-0.189,1.129,0.009,-0.498,-0.571,-0.378,1.223,-0.918,-1.893,-0.548,1.188,1.178,-1.384,1
-0.119,1.804,-0.735,0.677,-1.419,1.378,-1.362,1.902,-0.151,-0.316,-0.043,-0.347,1.042,-0.788,-1.661,-0.244,-0.791,-1.492,-1.671,-1.391,-0.957,1.096,0.683,0.066,-1.598,1.432,1.301,-1.569,0.873,0.268,0
0.713,0.343,2.464,-1.758,-1.066,0.194,0.32,-1.572,1.091,-0.456,0.398,1.793,0.635,0.55,0.509,-2.002,1.41,0.93,-0.685,-0.262,-0.081,1.365,-0.664,0.022,-1.531,-0.257,-2.599,0.514,-0.239,-0.525,1
-0.63,0.66,0.171,-0.077,3.013,-0.053,-0.013,-0.002,0.065,0.782,-0.019,-0.374,0.016,1.553,-1.836,-0.749,-0.06,-0.694,-0.786,1.816,0.355,-0.789,-0.142,1.181,-1.011,-0.982,-1.483,-1.106,0.701,1.399,1
-0.015,1.332,0.241,-1.444,0.509,-0.801,1.74,0.093,1.167,-0.196,-0.076,1.088,0.451,-1.904,0.308,0.382,0.178,-0.645,0.419,-0.696,0.67,0.846,-0.426,0.076,0.143,0.804,0.318,0.902,1.54,1.018,1
1.198,-1.546,0.03,0.853,0.234,0.048,0.694,0.28,0.974,-0.54,-1.039,-0.922,1.051,0.256,1.489,-0.385,-1.635,-0.684,0.127,-0.624,-0.068,0.27,0.271,-0.671,-0.762,-1.619,0.451,0.157,0.675,0.385,1
-1.717,0.039,-0.451,-0.802,0.707,0.076,-0.049,-0.025,-0.507,-0.694,1.156,-0.409,1.185,-0.113,-0.547,0.34,1.178,-0.226,-1.249,-1.318,-0.154,0.287,-0.094,-1.658,1.377,0.823,0.179,1.145,0.607,0.193,0
-1.356,0.461,-1.663,0.337,2.125,0.439,-0.408,-0.537,0.651,-1.076,-0.641,-0.447,-0.717,-0.669,1.08,-1.002,1.817,-0.857,0.725,0.303,1.637,1.397,1.921,-1.268,0.723,0.648,-0.768,-0.36,-0.12,-0.701,1
1.304,0.255,-1.115,-0.332,1.368,1.243,-0.999,-0.27,-0.103,-0.296,0.546,0.604,0.236,-0.022,0.004,-0.411,0.475,-0.353,-0.376,1.911,-0.806,0.859,1.29,-0.644,-0.338,-0.233,0.862,0.442,-0.539,-3.129,0
-1.307,2.238,-0.166,-0.45,0.508,-0.223,-0.998,1.059,1.116,0.162,0.731,-0.25,1.661,-0.108,2.421,0.075,0.347,1.054,-0.823,1.18,1.228,0.139,-0.811,0.01,0.183,-1.149,0.179,-0.105,-1.27,-1.507,1
1.628,-2.263,-1.689,0.237,0.022,1.197,0.556,-0.347,-1.04,0.205,0.684,-0.324,2.487,-1.561,-0.358,-1.062,-0.005,0.277,1.376,1.567,1.605,-2.672,-1.126,0.042,-0.385,-0.401,0.499,-0.685,-0.067,0.447,1
0.559,0.529,-0.819,0.335,-0.441,-0.271,1.668,0.053,1.983,-0.691,-0.878,0.575,0.243,-0.135,-0.019,-0.763,0.313,-0.28,-0.106,-1.596,-1.643,-0.163,2.288,-0.261,0.302,0.012,-2.464,0.467,0.235,0.468,1
0.137,1.454,-0.055,0.657,0.32,0.711,-0.023,0.149,1.128,0.73,-0.327,0.288,0.972,0.361,-0.56,0.952,1.35,0.567,2.614,0.362,1.291,0.72,-0.782,1.272,-0.709,-0.217,-0.514,-0.127,-0.784,0.662,1
-0.003,1.5,-1.008,-2.275,-0.943,-2.218,-0.191,-0.243,0.078,-1.56,1.045,-0.031,1.109,0.758,-0.947,-1.403,0.869,-0.935,-0.639,-0.567,-1.785,-0.473,-2.33,-1.095,-0.001,1.34,0.135,0.219,0.198,-0.932,1
-0.014,0.724,-0.588,-1.749,1.455,-0.084,0.482,-1.958,-0.107,0.691,0.603,0.128,0.255,0.032,-0.77,-0.987,1.174,-0.13,-0.586,-0.579,0.612,0.07,2.292,-0.28,-0.243,-1.242,0.443,0.811,1.189,0.591,0
1.966,0.88,-0.671,-1.381,-2.169,1.144,1.094,0.539,-0.932,0.729,0.282,0.203,0.903,0.58,0.604,0.35,-1.399,-0.318,-0.174,0.425,0.245,1.532,-1.082,-0.566,-0.838,-1.401,-0.036,-0.265,0.341,-0.772,1
-0.248,0.156,2.725,0.36,1.118,-0.949,-0.647,0.382,-1.465,-1.182,0.011,-0.846,-0.174,1.996,0.668,-0.472,1.051,0.293,-0.18,-0.575,-0.472,0.06,-0.363,-0.157,-0.643,0.646,0.212,-1.086,1.421,0.289,1
-0.929,-0.46,-1.014,0.819,0.924,0.937,0.132,-0.26,-1.241,-1.01,0.073,0.62,0.681,0.012,-1.102,1.102,-1.112,-1.376,0.752,0.711,-2.282,0.182,0.421,0.299,-0.738,-0.967,-0.673,0.869,-0.092,0.319,0
0.622,-0.822,0.706,0.798,-0.392,-0.159,-1.232,-0.694,0.473,1.211,0.466,-0.154,-0.544,0.033,-0.655,1.128,-0.139,0.901,-0.525,-1.154,0.201,-0.365,-2.178,2.352,0.101,0.049,-0.502,-0.558,0.097,0.347,0
-0.525,-0.035,0.742,-0.223,1.229,0.326,0.27,0.242,2.69,1.319,-1.254,0.978,0.539,0.308,0.651,0.076,1.143,0.298,0.52,0.827,1.71,1.625,-0.106,0.123,-0.514,-1.563,-0.682,0.812,-0.963,-1.824,1
1.281,-1.183,-1.002,-0.586,-0.56,1.53,0.273,-0.246,-0.344,0.333,1.201,1.319,1.514,0.697,0.594,0.721,-0.625,-1.459,-0.295,1.795,0.22,-0.266,1.337,0.535,-0.189,0.761,-1.652,-0.765,0.442,0.003,1
-0.765,-1.686,1.365,1.856,-1.053,-1.144,0.363,0.114,1.164,-0.161,-1.367,2.145,-0.955,-0.21,0.603,1.011,1.444,0.43,1.176,-0.258,-0.813,0.326,-0.142,-0.879,-0.744,2.036,-0.155,-0.0,-1.046,0.757,1
-0.415,0.053,-0.028,-0.959,0.578,1.514,-0.322,-0.727,-1.311,1.06,0.583,1.182,0.449,0.656,1.506,-1.196,0.354,0.112,0.666,-0.789,-1.243,-0.857,-0.772,0.43,0.735,1.002,1.735,-0.957,-1.272,1.104,0
0.066,-0.89,-0.959,0.633,1.59,1.488,-1.005,0.71,-0.553,-0.615,0.262,0.382,1.153,-0.082,1.268,-0.253,-1.871,0.158,-1.052,0.887,0.463,0.125,0.45,0.776,0.325,0.387,-0.666,1.016,-0.2,-0.692,1
1.101,-0.942,-0.182,-3.049,-0.056,0.589,-2.584,1.034,1.068,-0.345,1.043,-0.716,0.187,-0.648,1.099,-0.706,0.709,0.901,0.122,-2.654,2.303,-0.962,-0.305,-0.728,0.57,-1.567,-1.255,-0.023,0.702,2.001,0
1.859,-0.028,-0.238,-0.233,-1.665,-0.098,1.367,-0.487,0.864,-1.467,-0.988,1.63,-1.503,1.469,0.905,-0.156,0.005,-1.006,0.423,0.786,-0.562,-0.617,-0.401,-0.866,2.016,0.704,0.284,-0.23,1.097,-0.021,0
-1.687,0.99,-0.496,0.963,1.289,0.074,-2.818,-2.331,-0.339,-1.495,-1.176,0.121,-1.026,0.118,-1.349,2.013,-0.741,-0.681,0.539,-0.858,-0.732,1.304,1.727,-0.046,-0.2,0.722,1.267,0.799,0.41,0.159,1
3.448,-0.073,-0.946,0.843,-0.09,-0.633,0.902,-0.898,-0.908,0.089,-2.325,1.403,-1.872,0.353,0.958,1.779,-1.5,-0.422,0.242,-0.054,0.077,-0.585,-0.306,-0.669,0.636,-1.598,0.348,0.303,-0.354,0.69,1
-1.471,-0.304,0.917,-1.427,-0.182,-1.186,1.621,-0.878,0.282,0.359,1.442,0.815,-1.045,1.183,0.35,-1.773,-1.336,0.021,-2.401,-1.28,1.867,1.23,-1.196,0.372,-0.24,0.428,0.414,0.877,-0.098,-0.52,1
0.239,-0.46,0.659,0.954,1.459,0.281,0.171,-0.431,-1.779,0.167,0.801,0.063,0.146,-0.182,-1.329,-3.169,1.516,-0.58,0.32,-0.413,0.778,-2.204,0.16,-0.397,1.19,0.077,1.321,-0.358,-0.045,-0.897,1
0.126,-2.279,0.271,0.453,-1.4,-0.828,0.757,0.954,1.091,1.192,0.244,-0.61,0.782,0.463,-0.366,-1.64,3.392,-0.163,1.354,-1.862,-0.002,-1.755,-0.986,-1.929,-2.254,0.802,0.327,0.217,-0.477,-0.879,1
-0.22,-0.899,-0.46,-1.435,-0.994,-0.244,0.497,0.979,0.696,-0.003,-0.844,0.268,1.283,-0.908,-0.661,1.802,-1.398,-0.584,0.863,1.844,0.134,-0.526,-0.784,0.066,0.56,-1.264,-0.662,0.477,-2.368,0.457,0
2.48,0.025,0.254,0.901,-0.33,1.095,-1.381,1.101,0.428,-0.372,-0.035,0.229,0.769,-0.361,2.349,-0.513,0.228,0.55,0.117,1.552,0.315,2.325,-0.508,1.529,-0.437,0.667,1.115,-0.534,1.386,1.889,1
-0.672,-1.366,-0.184,-0.744,0.075,-1.092,0.035,0.678,-1.946,0.588,-1.451,-0.159,-2.133,-0.882,0.561,-0.457,-0.706,0.638,-0.985,1.329,-0.85,-1.314,0.142,-0.769,-0.654,1.474,-2.271,0.675,-0.333,2.014,1
-0.167,-0.9,0.412,1.308,0.476,-1.015,-2.346,1.204,-0.561,1.071,-1.441,-0.633,-0.871,-0.993,0.896,-0.866,0.415,-0.244,0.3,-0.21,-0.115,-1.067,0.358,-0.312,0.402,0.836,0.031,2.588,0.863,-0.637,1
1.24,-0.904,-0.066,-1.939,-0.968,-1.115,-0.159,1.115,-0.625,-0.3,-0.016,-1.091,0.091,0.46,0.208,0.228,0.293,-0.682,0.674,0.73,2.398,-0.467,0.752,1.641,0.107,2.105,0.23,-0.645,-0.397,-1.11,1
-1.68,-0.452,-0.104,1.096,0.617,0.261,1.185,0.234,-0.36,-0.36,-1.847,1.07,-0.302,0.18,-0.105,2.211,1.339,0.242,1.532,0.534,-0.112,1.011,-1.563,-0.148,-0.223,0.842,1.061,0.108,-0.459,-0.308,0
0.906,-1.816,0.08,-0.552,-1.41,1.658,0.788,0.925,0.339,-1.882,-0.743,-0.309,0.729,0.464,-1.468,1.184,-0.825,-0.688,-1.032,0.166,0.863,-0.094,1.822,-0.848,0.086,-0.315,0.447,-0.604,-1.074,-0.848,1
-0.215,-0.296,0.669,0.493,-1.294,0.536,1.636,2.062,1.716,0.213,0.055,2.348,-0.514,-0.252,1.023,2.121,0.8,-1.123,0.283,1.947,0.995,0.223,0.102,0.352,-0.127,0.983,-1.067,0.364,-0.106,0.251,1
-0.005,-0.309,0.066,0.69,0.782,-0.512,0.198,-0.227,-0.134,-0.536,0.702,1.85,0.653,0.996,0.821,0.976,0.119,-0.211,0.033,-0.345,-1.864,-0.862,0.169,-1.092,0.317,-1.506,-0.51,0.406,0.579,-0.454,1
-0.316,0.155,0.34,-0.425,1.235,1.014,-0.088,1.331,0.238,2.319,-0.721,0.561,1.97,-1.221,-1.392,0.561,-1.556,0.531,0.916,1.001,0.333,-1.641,-0.86,-0.091,0.745,-1.826,1.034,0.101,-0.403,-0.426,0
-0.423,0.431,-1.135,1.291,-1.205,1.179,0.536,1.399,-0.784,2.037,-2.246,1.351,-0.396,0.12,-0.473,-0.216,0.133,0.817,0.474,0.91,-1.585,1.259,-0.43,1.521,-1.414,-0.199,0.483,1.0,-1.336,-0.597,1
-1.365,0.525,0.2,-1.092,1.249,0.745,-0.661,0.547,-1.781,-0.239,-0.242,-1.56,1.682,0.664,-2.101,-0.323,-1.196,1.396,-1.624,1.028,0.561,-2.828,-0.617,-0.459,-1.2,1.043,-0.284,0.233,0.47,-0.329,0
-1.429,-0.223,-0.075,0.164,0.747,-1.925,0.28,-1.433,-1.647,0.866,-0.541,-0.125,-1.148,0.164,0.508,-0.896,0.196,-1.418,-0.109,-0.319,1.868,1.859,1.527,0.48,0.645,-0.251,1.064,-1.081,2.014,2.278,0
-0.462,0.247,0.153,1.459,0.161,-2.029,0.918,0.011,0.839,-0.183,-0.765,2.344,-0.044,-0.271,-0.469,-0.75,-0.22,0.367,0.846,0.546,0.475,0.111,0.332,0.947,-0.26,1.71,-1.028,0.459,0.231,0.788,1
0.736,-1.034,-1.364,0.018,-1.727,1.256,0.589,0.296,-0.875,0.487,-0.234,-0.735,-0.182,-1.339,1.345,0.257,1.015,-1.173,-1.123,-0.667,1.014,-0.214,0.341,1.169,0.361,0.021,-0.15,-0.158,1.312,0.364,1
-0.804,0.701,0.636,1.93,-1.308,1.28,0.253,0.016,0.108,0.365,2.46,0.887,0.569,0.563,0.879,1.753,-0.506,-0.093,0.418,0.125,1.648,-0.536,1.428,1.101,0.711,-0.391,-0.222,-0.219,-0.495,-0.028,1
0.279,0.254,2.537,0.006,-0.35,-1.228,0.811,0.166,-0.643,-0.514,1.229,0.508,-0.976,1.592,0.069,-0.14,-0.714,-0.038,-2.349,0.669,-1.521,0.129,-0.379,2.192,0.347,1.497,-0.851,1.225,-0.628,0.311,1
1.224,0.432,-0.64,-1.429,-0.611,0.619,-0.362,0.688,1.674,-0.523,-2.168,-2.147,1.984,-0.119,0.713,-1.265,0.842,-0.096,2.428,1.665,1.886,-0.047,1.963,0.013,1.096,0.582,1.547,0.166,0.084,1.193,1
-0.085,0.078,0.391,1.568,1.344,-0.765,0.248,-0.533,-1.172,-0.721,-0.658,2.166,-0.627,-0.702,-0.736,0.762,-0.04,0.096,1.523,0.323,2.031,-0.059,-0.077,-0.196,-1.261,0.787,0.588,1.136,-2.365,-2.387,1
-0.449,1.321,1.162,-0.397,-0.453,-0.164,-0.447,-0.077,-0.419,1.433,-0.389,-0.533,0.701,1.33,1.017,-0.116,0.153,1.923,1.008,0.159,0.051,-0.309,-0.776,-0.207,0.715,-1.067,0.398,-0.195,0.043,-0.207,1
-0.217,0.286,0.26,-0.135,0.115,1.03,0.146,-1.312,1.029,-0.016,0.781,-1.148,0.688,2.111,1.123,-0.715,1.454,0.167,-1.905,1.012,-0.156,-0.325,-0.917,-0.394,1.27,0.118,-0.143,1.348,-0.58,-0.122,1
-1.667,-0.421,-0.141,0.824,0.325,-0.181,-1.59,0.605,-2.457,0.288,-1.765,-0.106,0.645,2.601,0.854,2.275,0.038,1.943,0.932,-1.081,-0.651,-1.35,-0.355,0.582,-1.039,-0.193,1.086,0.248,-0.293,-0.455,1
1.353,0.484,1.397,0.4,-1.544,-0.363,-0.225,1.578,-0.589,1.726,1.685,0.231,0.959,-1.702,-0.948,0.289,-0.649,0.147,-0.518,0.101,0.059,-2.81,-1.166,1.658,2.305,1.873,0.149,0.25,-0.534,-1.086,1
0.567,-0.703,-0.056,-0.511,-1.182,0.718,-0.668,0.722,-0.698,2.207,-0.852,0.661,0.871,2.124,0.309,2.229,-1.48,2.147,0.575,-2.231,-0.326,-1.611,-0.96,-0.595,-0.078,-0.519,-0.901,0.401,1.133,-1.955,1
-1.44,-0.387,0.531,0.207,-0.232,0.135,-0.788,-0.166,-1.026,-0.203,0.603,1.037,-0.429,1.322,1.011,0.376,1.059,-1.382,-0.821,-0.435,1.88,0.315,0.081,0.727,-0.066,1.081,1.269,0.099,1.023,0.796,1
1.424,-0.125,-0.374,1.056,-0.807,-0.689,1.768,0.903,1.155,0.395,0.145,-0.064,-1.195,0.786,-0.005,-0.506,0.88,-0.339,1.472,-1.08,0.259,-0.163,-0.563,0.755,0.412,-0.719,-1.216,0.514,1.941,-0.095,1
-1.538,-0.741,0.124,-1.681,-0.664,-0.111,-0.327,0.95,-0.088,-0.948,0.638,0.524,-0.373,-1.326,-1.788,0.234,0.77,1.21,-1.795,-0.395,1.082,0.961,0.046,-1.883,-0.014,-1.508,-2.304,-0.907,0.986,1.253,0
1.657,-1.171,0.585,-0.651,0.872,0.65,-0.008,1.355,0.772,-0.115,-0.466,-0.02,-0.806,0.187,-0.375,-1.851,0.687,-0.993,-2.048,0.207,-0.007,-0.38,0.517,-0.163,0.2,0.119,0.061,-0.275,0.339,0.548,0
0.113,-0.039,0.911,0.053,-0.354,-0.279,-0.772,-0.266,1.557,1.243,1.115,-0.856,0.24,0.682,1.753,-0.353,-0.394,-0.401,-1.472,-2.235,0.093,0.437,0.575,0.368,-0.744,0.728,-0.092,0.858,-0.253,-2.591,1
0.457,0.413,-0.349,-0.418,-0.968,-0.026,0.878,1.967,-1.73,0.952,1.11,-0.522,-0.218,0.38,1.747,-0.818,0.406,-0.061,-0.233,0.841,0.259,-0.165,-0.417,-0.827,-0.797,-0.907,0.917,-0.58,0.122,0.982,1
0.748,-1.127,0.021,-0.493,0.491,-0.294,-0.722,-1.644,0.722,0.129,0.895,1.447,-0.0,1.872,2.12,-1.123,0.492,-0.432,0.545,0.426,0.196,0.069,-0.985,-0.304,-0.231,-0.158,-0.966,-1.761,0.552,1.193,1
0.084,0.199,-1.477,-0.272,2.091,-1.229,0.861,1.096,0.472,-1.016,0.11,-0.93,-0.778,0.198,0.484,0.111,-0.866,0.753,-2.148,0.592,0.023,-1.759,-1.533,-0.985,0.127,-0.419,-0.086,-2.06,-0.054,-0.558,0
0.341,1.412,-2.014,0.681,-1.262,-0.202,-0.12,0.948,-0.188,-0.599,0.011,1.192,-1.894,0.711,-0.137,0.902,1.223,-0.158,1.881,-0.965,0.787,2.426,-0.751,0.433,1.289,2.28,-1.507,-0.474,0.978,0.1,1
-0.012,-1.502,-0.341,0.0,-3.11,-0.591,0.11,-0.669,0.887,0.985,-0.983,-0.674,0.94,1.871,-2.03,0.107,0.914,-0.252,-1.173,0.633,-0.399,-0.254,-0.269,0.613,2.017,-1.257,0.778,0.692,-0.027,0.708,0
-0.099,-0.284,0.034,-0.956,-0.757,-0.705,0.026,1.833,0.322,-0.156,-1.08,-0.125,-1.666,0.25,-0.556,0.866,0.094,1.901,0.328,0.786,0.816,-0.605,-0.009,0.725,0.477,-0.222,0.338,0.194,0.204,-0.512,1
0.797,-0.698,-0.203,0.893,-0.086,-0.243,1.765,1.094,0.977,0.74,-1.875,-0.668,-0.778,0.098,0.435,-0.506,0.605,0.773,1.497,1.11,-0.363,-0.26,0.067,1.164,0.577,0.975,0.989,0.065,-0.05,0.783,1
0.941,-0.213,0.79,0.507,0.066,-0.887,-0.866,-0.463,0.698,0.841,-0.057,1.956,0.125,-1.024,0.013,0.195,0.544,0.58,0.803,0.024,0.528,0.617,2.235,1.088,-0.027,0.532,-0.25,-0.679,-0.722,2.016,1
0.168,-0.732,-0.501,-0.343,0.378,0.019,-0.566,-0.564,1.783,-0.51,0.855,-0.608,0.846,1.009,-1.393,-1.233,-0.678,-0.15,0.456,-0.903,-0.775,-1.322,-0.039,0.101,0.309,-1.285,-1.285,0.6,-0.655,-0.167,1
0.924,1.493,0.519,0.669,0.176,1.889,-1.712,0.808,-0.226,0.201,-0.2,0.038,-0.868,0.263,0.273,1.062,0.447,-0.274,2.181,1.641,0.633,0.062,-0.771,-0.037,0.787,-0.413,-0.427,-0.341,0.6,-1.028,1
-0.07,2.096,0.092,1.464,-0.629,0.134,2.175,-0.334,0.589,-0.41,0.539,0.312,-0.326,1.576,-0.876,-0.538,0.478,-0.26,-1.418,-0.087,1.077,1.026,0.122,-0.573,-0.023,-1.084,-0.661,1.768,-1.325,0.054,0
-0.91,-0.051,-0.015,-0.857,1.933,0.131,0.082,-0.599,-0.537,0.062,0.243,-1.886,0.22,-0.41,-0.298,-0.085,-0.887,0.55,-0.319,0.23,0.437,-0.529,-2.079,1.208,0.012,1.862,-0.788,0.419,-1.519,0.426,0
1.61,-0.45,-0.094,1.22,-1.533,-0.75,-0.207,0.286,1.741,0.801,1.146,0.691,-0.201,0.335,-0.084,-0.07,-0.049,-1.495,1.0,0.317,-1.332,-0.324,1.238,2.149,0.932,1.352,-0.774,0.447,0.624,-0.9,1
-0.783,1.536,1.261,0.039,-0.548,-0.366,0.376,0.158,1.038,1.367,1.151,0.385,-0.969,-1.433,-0.098,-0.088,-1.273,0.783,0.273,0.357,0.747,2.145,1.552,-0.551,-1.013,1.952,-1.264,0.624,-1.113,-0.912,1
0.645,-0.104,1.742,1.29,0.115,-1.908,0.272,-0.394,1.038,-0.319,-0.746,-0.418,-0.61,-0.287,1.404,-0.452,-0.946,-0.442,2.226,0.414,0.278,-1.495,1.206,0.517,0.681,1.412,-0.605,-1.243,0.057,0.109,1
-1.896,0.342,1.781,0.137,-0.854,0.445,0.783,-0.887,-0.396,1.017,-0.439,0.406,0.241,0.642,1.172,-0.246,0.368,-0.364,-0.077,-0.489,0.519,-0.572,0.647,0.14,0.761,0.636,0.553,-0.323,-0.336,1.327,1
-2.077,-1.182,-0.247,1.249,0.794,-0.025,-0.068,-0.707,-0.885,-0.314,1.87,-0.985,-0.111,0.423,-0.636,1.769,0.864,0.81,-0.223,0.854,0.251,2.603,0.196,-1.018,0.57,0.41,0.492,-0.962,-1.669,0.32,1
0.612,1.004,-0.842,1.034,0.679,0.948,-0.523,-0.372,0.541,0.508,0.458,0.46,1.129,0.795,-1.854,-0.154,-0.734,0.307,0.771,1.431,0.084,1.85,-0.581,0.047,1.281,-0.239,1.868,0.308,-0.728,-0.986,1
-1.198,1.117,0.329,-0.673,1.936,-0.731,1.285,-0.204,-0.525,1.319,-0.505,-0.329,-0.207,-0.219,-0.149,-1.485,0.897,-0.441,0.561,0.44,2.317,-1.106,0.839,-0.475,-0.738,-0.592,-0.66,-0.567,-0.35,-0.268,1
0.056,0.399,-0.25,1.346,0.197,-2.031,0.33,0.495,-1.254,0.961,-1.539,0.888,0.489,-0.953,1.165,0.472,0.73,-0.36,0.087,2.14,1.409,-1.077,1.027,0.048,-1.183,-1.104,1.683,-0.032,2.892,0.235,1
-0.354,0.803,0.009,-1.371,-0.801,0.282,-1.55,-1.449,0.122,0.57,0.726,1.6,0.312,-0.185,1.587,0.972,-2.342,0.401,0.022,-0.685,1.452,0.804,-0.047,1.191,0.821,0.785,0.17,-1.336,-2.562,-0.43,1
-0.645,-1.59,-0.869,0.407,-0.248,1.71,-0.18,-0.151,-0.982,-0.294,0.054,-1.274,1.122,-0.616,0.081,2.021,0.458,-0.323,-0.492,0.059,1.097,-2.116,0.45,-1.37,0.362,-0.482,0.712,-0.56,-1.006,2.403,1
-0.955,-0.941,-1.96,0.172,-1.052,0.422,1.815,-0.738,1.056,0.918,1.399,-0.307,-0.147,-0.181,-1.384,-2.252,3.05,1.152,-0.479,-1.462,1.258,-1.629,-1.58,0.456,-0.481,-2.489,-0.551,2.43,-0.572,0.773,0
-0.37,-0.175,-0.363,-0.643,-1.631,-0.101,-0.712,0.734,-0.701,0.39,1.211,-0.595,-1.452,0.256,-0.034,-0.91,-0.64,-0.129,0.06,-1.217,1.499,0.002,1.195,-0.055,-1.635,-0.537,0.806,1.041,-0.194,1.507,1
0.27,-0.452,1.199,0.591,0.094,1.041,0.638,-0.113,0.258,-0.646,0.739,1.165,-0.579,-1.141,-0.61,1.046,0.856,0.846,-2.18,0.44,-0.909,-0.664,-0.326,-0.961,-0.581,-1.474,-1.099,0.415,-1.144,-0.309,1
1.125,1.342,0.193,-1.301,1.779,0.662,-0.313,0.346,-0.215,1.42,0.778,-0.051,0.35,1.168,-0.061,0.057,-0.75,2.381,-1.198,1.372,-0.836,0.33,2.846,-0.68,0.952,0.533,-0.334,-0.887,0.605,-0.49,0
1.643,0.092,-0.598,-0.048,-0.467,0.029,-1.075,-0.017,-0.326,1.259,0.447,0.016,2.005,-0.217,0.705,-0.184,-0.088,-1.275,-1.02,0.488,1.956,-0.7,-0.988,0.342,0.237,-0.166,-0.207,-0.492,-1.043,1.14,0
0.825,-0.054,-0.133,-1.372,-1.295,-1.387,-0.521,0.493,2.241,-0.482,-0.659,-0.648,-0.506,2.334,-0.827,-0.939,-0.084,-0.52,0.003,-0.831,0.118,-0.493,0.302,0.269,2.121,-0.55,-0.275,0.547,0.022,0.581,0
-0.397,-0.295,-1.637,-0.234,-1.694,-0.67,1.114,-0.018,1.125,-3.067,-0.76,-0.378,0.414,-0.56,1.419,-1.066,0.209,-0.867,-0.022,0.488,0.876,1.433,-0.787,0.833,0.382,1.149,0.691,-0.989,-1.738,-0.652,0
-1.787,1.476,0.784,0.673,0.632,-0.097,-0.876,0.31,-0.207,-2.378,-0.216,0.037,-0.124,-0.391,0.066,0.319,0.169,1.928,1.166,0.179,-0.755,0.154,-0.344,-1.018,-0.702,-0.902,-1.777,0.206,0.255,1.153,1
0.92,-0.493,0.328,1.008,-1.574,0.624,-0.879,-0.844,0.734,-0.153,-0.061,0.588,-1.302,-1.986,-0.229,-0.156,-0.11,0.511,0.249,-0.358,0.728,0.143,0.592,-2.818,1.705,-0.585,0.408,-0.055,-1.978,-0.026,0
-0.295,0.846,-1.108,-0.732,0.697,-0.894,0.831,-0.522,2.805,-1.176,-1.58,-1.201,0.024,0.714,0.939,1.526,0.103,0.299,-0.339,0.519,0.226,0.576,1.064,1.238,0.369,0.475,0.528,1.226,0.256,-1.376,0
1.064,-0.944,-2.052,0.729,0.356,-0.582,-0.176,0.409,0.706,-1.131,0.391,0.822,0.327,0.2,-0.542,1.133,0.864,1.621,1.644,-0.192,0.585,0.174,0.065,1.365,0.435,-0.064,0.823,0.853,1.202,-0.86,0
-0.806,-0.57,0.601,0.911,0.304,1.283,1.293,-0.709,0.805,0.44,0.188,-1.708,0.375,-0.932,-1.131,1.057,-0.263,-2.087,0.325,0.128,2.056,-1.127,0.785,0.528,-0.592,-0.255,0.944,-0.376,0.67,1.617,0
1.113,-1.969,-1.444,1.795,0.026,-0.945,0.1,0.558,-0.24,-0.278,0.337,0.028,-0.382,-0.425,-1.557,1.474,0.578,-1.94,-0.899,1.446,-0.288,0.771,0.013,-1.814,0.755,2.413,-0.808,-0.856,0.106,-0.636,0
-0.117,0.31,0.459,1.459,0.677,1.126,-0.183,-1.783,0.885,-1.732,-0.02,-1.117,-0.049,-0.129,-1.172,0.839,0.295,-0.472,-0.586,0.125,-0.583,-0.592,2.343,-1.647,-0.745,1.673,2.452,-0.367,0.234,0.624,1
0.469,-0.39,0.16,1.827,-0.899,0.135,1.827,-0.845,-0.833,-0.739,-0.75,-0.666,-0.12,-0.038,1.599,0.87,-0.151,-0.712,-0.069,0.766,-1.405,1.169,-0.005,0.757,-0.872,-0.985,-0.043,0.735,0.444,0.499,1
-0.057,-1.801,-0.308,-2.346,-0.944,1.053,-0.597,0.179,-1.511,-0.21,0.567,-0.819,-0.175,0.425,-1.844,-1.209,0.673,-1.846,-0.136,1.463,-1.798,-0.077,0.074,0.229,2.422,-3.26,1.166,-0.429,-0.219,-1.504,0
0.356,-1.083,-0.38,-0.062,-0.94,-0.042,-0.338,-0.268,-0.457,-0.648,-0.42,1.467,0.887,0.461,-0.392,1.344,-1.942,-1.696,0.335,-0.28,-0.211,0.95,1.688,0.758,-0.162,-0.749,-0.224,0.38,-0.363,0.59,0
-0.923,-0.798,0.125,0.689,0.097,-0.123,1.103,1.76,1.076,2.287,-0.542,1.041,-0.089,0.307,-0.662,0.648,-2.221,1.057,-0.449,-1.715,1.191,1.202,0.307,-0.766,-0.389,1.3,0.211,-0.406,-0.537,-0.251,1
-1.731,0.11,0.481,-0.766,1.231,-0.134,1.929,-0.146,-1.622,-2.129,0.606,-0.993,0.287,-0.641,-0.337,2.295,1.186,0.686,0.037,-0.629,1.558,-0.004,2.825,-0.356,-0.156,0.227,0.251,0.421,-1.081,0.129,0
-1.304,-0.352,0.323,0.848,-0.712,-0.535,-0.536,-0.019,0.863,-0.128,-0.817,-2.057,0.032,-0.131,0.933,-0.296,-1.338,-1.782,0.102,0.548,0.841,-0.493,1.702,1.489,0.664,-1.979,-0.204,-0.715,0.554,0.407,1
-0.459,-2.469,-0.583,1.137,2.027,0.084,0.297,1.197,-0.204,-0.141,0.204,-1.743,0.733,-1.251,-0.132,1.077,0.517,0.032,0.869,-1.652,0.763,-1.35,0.297,-2.059,0.207,0.907,-0.269,-1.317,-0.292,-0.695,1
-0.526,0.196,-1.555,1.29,-0.019,-1.253,0.375,-0.793,-0.629,0.344,2.26,1.844,2.066,0.438,-0.083,-0.015,3.372,-2.154,-0.167,0.309,0.862,-0.617,-0.651,0.501,-0.457,0.196,-0.584,-0.32,-0.703,-0.483,0
1.598,-0.055,1.068,1.113,0.749,0.403,1.32,-0.783,0.816,-0.875,0.613,2.762,-0.061,0.168,0.966,-0.819,1.764,-0.712,0.3,-0.592,0.225,-0.688,-0.2,-1.187,-0.557,-0.928,-0.671,-1.262,-0.24,1.18,1
-0.894,-0.386,-1.138,-0.831,2.014,-1.515,-2.022,0.487,-0.637,0.653,-1.403,1.347,-0.146,0.659,-0.043,0.294,-0.461,-2.516,-1.305,0.138,-1.549,-1.408,0.709,1.057,-0.295,-1.596,-0.018,-0.279,-0.214,-0.498,1
-0.61,-0.9,0.166,-1.475,-1.657,0.714,-1.382,0.946,-1.007,-0.708,1.563,-1.201,-0.045,-0.693,-0.158,0.244,0.729,-1.42,-1.249,0.05,-0.185,-0.237,-0.433,-0.161,0.58,0.827,-0.972,-0.497,-0.314,-0.036,1
0.753,-1.029,-0.489,0.199,0.535,-0.836,-0.277,0.137,-1.748,1.732,-1.37,0.423,0.743,-0.024,-0.56,-1.352,-0.145,0.441,-0.64,1.131,-0.041,-0.518,1.683,0.619,0.121,-0.47,-1.07,1.228,0.761,0.598,1
-0.397,-0.047,0.09,-0.137,-0.276,0.957,0.409,1.481,1.079,-1.362,-0.234,-0.441,0.662,0.116,-0.485,-0.21,1.132,1.473,1.247,1.688,1.466,0.81,-0.491,-0.84,-1.717,1.478,-1.145,1.263,0.805,0.323,1
-0.101,-0.69,2.975,-0.627,-0.627,-0.549,0.432,0.197,-0.671,-0.415,1.139,0.069,-0.236,-1.447,0.006,-0.38,0.557,-0.187,1.221,-2.422,-1.288,0.875,-2.25,2.246,0.352,0.28,-1.479,1.092,1.747,-1.266,1
0.923,1.855,0.194,0.468,1.174,1.27,0.348,1.705,-0.265,-0.361,-0.551,0.294,0.96,1.186,-0.445,-0.731,0.467,0.279,1.2,-1.594,-1.351,-0.559,-0.317,0.575,-1.254,0.016,-1.229,-0.384,-0.842,0.798,0
-2.222,-0.244,-0.698,0.127,-0.099,0.206,-0.104,0.043,-1.166,-1.02,1.392,1.206,-0.876,-0.481,1.097,1.99,-1.027,0.672,-0.794,1.19,-0.247,-0.72,-0.082,-0.364,-1.104,-0.82,-0.266,-0.722,-0.629,-1.287,1
-1.679,0.425,-0.917,0.375,-0.021,1.36,-0.054,-0.516,0.494,1.253,1.066,-0.909,-0.304,0.762,0.112,0.119,1.345,-0.17,0.431,-0.157,-0.944,-0.099,-0.315,-0.501,-0.585,0.734,1.101,-0.527,0.788,-0.649,0
-0.417,-0.071,0.117,-0.033,-1.456,-0.877,-0.929,-0.444,1.694,-1.112,-1.056,-1.984,0.14,-0.003,0.558,2.485,0.152,-0.231,0.067,-1.601,-0.688,-1.071,0.43,-0.021,-0.758,-1.59,0.602,-1.197,-0.69,0.81,1
1.252,-0.238,0.357,0.144,1.763,-0.613,1.229,-0.593,-1.714,-0.502,-1.158,-0.014,0.152,-1.242,-2.051,0.171,-1.627,-0.747,0.451,0.261,0.76,-1.682,-1.772,0.828,0.28,0.359,0.665,-1.07,-0.624,0.202,1
1.01,-1.032,-0.915,0.056,1.515,-0.279,1.718,0.19,0.353,-0.707,-0.674,0.162,0.459,0.09,1.231,-1.622,0.374,0.959,-0.57,0.304,-0.288,-0.378,1.021,-0.422,-0.757,-0.346,-1.329,-1.246,-0.398,-0.161,1
-1.483,0.579,0.222,-1.868,-0.354,1.442,-0.547,-1.775,0.305,-0.257,-0.275,0.656,-0.283,-0.398,0.591,-0.627,1.102,1.628,-0.355,0.813,1.092,0.504,-0.128,0.248,-0.014,-0.703,1.14,-2.332,-0.98,-0.522,1
-0.812,-0.443,0.242,0.868,1.262,-0.219,0.361,0.293,-0.183,0.773,1.04,-0.352,0.426,-0.768,0.757,-0.444,-0.138,-1.447,-0.667,-1.471,0.749,0.177,1.031,0.623,0.113,-0.966,0.522,-1.366,1.58,-0.283,1
0.089,-1.138,-0.858,-0.332,2.148,0.033,-0.67,-0.191,-0.059,-1.058,-0.657,1.401,0.142,0.931,1.2,0.938,-1.133,-0.055,0.095,0.014,1.728,-0.56,1.119,-0.606,-0.884,0.289,-0.694,-0.747,-0.595,1.806,0
0.247,0.857,0.627,0.109,1.6,-0.658,1.114,-0.433,-0.391,1.868,-0.195,-0.477,-0.54,-2.06,1.412,-0.623,-1.568,0.971,-0.887,-1.57,0.779,-0.141,-0.497,0.667,-0.078,0.361,0.582,1.11,0.512,0.321,1
0.383,-0.812,-1.038,0.48,-0.708,1.369,0.09,-0.049,0.625,-1.168,-0.261,2.78,0.5,0.5,-1.4,0.462,0.82,-2.237,-1.188,0.194,1.328,-0.877,-0.209,-1.243,-0.055,1.444,-0.247,1.429,0.442,0.184,0
1.809,0.127,1.065,0.015,-0.315,-0.405,-0.938,-0.26,0.933,0.032,-0.634,-0.164,2.805,2.004,-0.478,0.066,0.717,0.082,2.203,-0.805,-1.432,0.808,0.893,-2.39,0.628,-0.798,-0.458,1.913,-0.823,2.198,0
-0.014,1.557,0.877,0.433,-0.567,0.93,0.053,-2.577,0.98,1.058,0.265,-1.595,0.946,-0.644,-1.653,-1.363,0.77,0.984,0.902,0.794,0.605,-1.763,0.254,-0.885,1.094,0.384,-0.419,-0.454,-0.306,-1.136,1
-1.25,0.386,1.509,1.047,-1.806,-0.244,1.718,1.0,-1.71,1.507,-0.423,0.406,-1.162,-0.029,-1.112,0.411,-0.088,0.817,1.661,-1.366,0.023,0.413,0.764,-0.301,0.328,0.761,-0.121,0.353,1.054,0.674,0
-1.087,0.033,0.693,-1.305,-2.221,-1.298,-0.184,-0.851,2.394,-1.11,0.845,-0.016,-1.212,1.139,1.149,-0.494,0.086,-0.231,-1.723,0.421,-0.247,-2.153,-1.857,-0.443,0.072,-0.197,0.005,1.345,0.539,0.68,1
-0.14,0.916,-0.917,1.68,0.026,0.426,-0.12,-0.78,-1.202,-0.044,-0.63,1.467,0.801,2.077,0.447,-1.762,-1.851,0.547,1.262,2.151,-1.393,1.161,0.905,1.128,2.231,-0.297,1.058,0.383,1.899,1.098,0
-0.088,0.939,-0.228,1.297,0.667,-0.453,-1.445,-0.154,1.446,0.987,0.191,2.222,-0.122,-1.187,0.131,-0.224,0.256,1.943,0.641,-0.481,-0.175,-0.244,1.235,0.293,0.552,-0.747,-1.756,-1.17,1.515,-0.517,0
2.847,-0.177,-1.595,-2.285,-0.382,0.471,0.239,0.861,0.375,-0.95,0.58,0.244,0.209,-0.186,1.039,0.516,1.212,-0.048,0.453,0.028,0.776,-0.593,0.366,-1.401,-1.816,-0.587,-0.999,-0.319,0.528,0.769,1
-0.371,1.442,2.438,-0.559,1.564,1.029,-0.809,-0.366,-1.223,-2.416,0.921,-0.213,-0.522,-0.742,1.303,0.879,0.047,1.512,-1.148,-0.622,0.466,0.867,-1.402,1.367,-0.581,-0.85,0.692,-0.373,-1.295,-1.203,1
0.243,-1.215,-1.954,-0.227,0.564,2.413,-0.36,-0.092,-0.854,-1.913,-0.363,0.568,-1.826,-2.141,0.503,-1.833,0.778,0.392,-2.323,0.206,0.936,0.292,0.257,-1.046,1.786,0.403,0.3,-3.399,0.446,-0.169,1
0.465,-0.219,2.537,0.251,-0.689,3.498,-1.165,0.197,-1.525,-1.463,-0.045,-0.486,0.298,1.155,-1.382,-0.263,-1.208,-0.926,0.567,-0.074,0.946,-1.468,-0.444,0.031,-2.245,-1.47,-0.133,0.64,-0.855,-0.475,1
0.434,1.224,-0.192,-0.093,0.243,0.753,-0.477,-0.372,-0.384,0.057,2.241,-0.172,-0.454,0.62,-0.814,1.811,-0.008,1.778,0.426,2.011,0.461,0.804,-0.361,-1.282,0.36,1.138,0.329,0.21,0.377,0.319,1
-1.132,1.252,0.274,0.398,0.682,-0.734,-0.2,1.021,-0.56,-1.165,1.139,-1.069,-0.218,-1.755,0.436,-0.609,-1.009,1.127,0.852,-1.292,0.425,-0.201,-1.754,-0.698,-1.239,0.268,1.285,-0.417,-0.451,0.56,0
-0.873,-0.209,0.816,0.479,0.761,-0.307,-1.085,-0.083,0.477,-0.293,-0.059,-1.432,0.576,0.186,-0.41,-0.568,0.395,-0.806,-1.142,-0.395,-0.882,-1.2,1.124,-1.249,-1.453,-0.794,-0.133,-1.6,0.463,0.282,0
-0.183,0.85,-0.351,0.191,-0.347,-1.59,0.74,0.713,-1.001,-1.168,-1.003,-0.713,0.719,0.384,-0.651,-0.369,1.379,-0.192,1.988,0.787,-0.158,-0.289,-0.038,0.263,-1.663,1.423,0.014,-1.059,-0.143,-0.095,1
0.368,-0.803,-0.221,0.596,-0.899,1.986,-0.713,0.695,-0.594,-0.935,0.843,-0.396,-0.074,-0.207,-0.593,1.281,-1.045,-0.231,0.178,0.277,-0.37,-0.695,-0.166,-0.933,1.484,1.511,0.984,-1.135,0.02,1.077,1
-1.38,-0.604,0.834,-0.824,0.96,-0.658,-1.116,-1.623,0.103,1.318,-0.015,-1.307,-0.994,0.161,-0.598,1.658,-0.342,-1.892,1.52,0.267,-0.828,1.334,0.982,-1.345,-0.613,-1.618,1.809,0.714,-1.937,0.073,1
-0.412,0.014,-0.424,0.724,0.876,0.184,-0.512,0.063,1.15,-0.186,-1.082,0.808,0.157,1.596,1.36,1.05,0.523,-0.202,-1.088,-1.209,-1.088,0.232,1.486,-0.648,-1.248,-1.35,0.042,-0.64,1.323,0.706,1
0.264,-0.94,-1.427,-1.267,-2.038,-0.614,0.671,1.726,1.341,-0.362,-0.348,-0.155,-0.725,-0.549,0.86,-0.027,1.298,-0.274,0.872,1.526,2.192,-0.122,0.379,-0.351,-0.535,1.426,-0.288,0.346,-1.896,-0.983,1
-0.376,0.462,-0.504,0.792,0.404,0.431,-0.629,-0.195,0.659,0.162,0.949,1.227,-0.365,-1.649,0.309,0.478,0.104,-0.631,0.017,1.094,-0.463,-0.898,-0.774,-0.866,0.161,0.89,-0.106,-1.648,-1.157,0.284,1
1.626,-0.318,-0.668,-0.687,-1.331,-1.385,0.379,-0.785,0.749,0.914,-0.467,0.538,0.51,-0.945,-0.422,0.434,1.556,-1.793,-0.726,-1.214,-0.62,-0.791,0.499,2.432,1.645,2.017,-0.632,-0.424,-0.075,0.566,1
1.468,-1.395,1.018,-1.012,-0.448,-0.289,-0.768,-0.408,-1.659,-1.13,-1.418,0.507,-1.221,-1.013,-0.442,0.135,1.464,-0.259,1.543,0.247,-0.498,1.79,0.725,2.223,-1.113,-0.506,0.493,-0.497,1.633,0.209,1
0.059,-0.132,-1.413,1.063,0.407,0.218,1.273,-0.887,-0.344,-0.532,0.296,0.491,-1.483,-0.413,-1.326,-0.593,0.869,-0.24,0.502,-0.021,-0.641,0.375,-1.704,-1.175,-0.822,-1.03,1.577,-1.789,-0.543,-1.012,0
-1.672,0.23,0.485,-1.956,1.288,-1.33,-1.482,2.442,-0.725,-0.166,-0.534,1.078,1.97,0.752,-0.901,2.435,1.462,-0.33,0.638,-1.199,-0.207,-0.349,-1.791,0.525,0.833,0.364,-0.538,-1.381,-2.019,-0.173,0
-0.105,-0.401,1.902,-1.519,0.424,0.423,1.112,-1.681,-0.646,0.14,0.311,1.569,0.148,-0.618,0.436,0.072,-0.248,-0.728,-0.335,0.15,-1.091,-1.802,-0.604,0.043,1.145,0.261,1.866,0.398,0.746,-1.002,1
1.462,1.162,0.176,-0.272,0.393,-1.076,0.498,-0.231,0.241,-1.443,1.334,-1.2,-1.691,-0.824,0.296,1.307,-0.807,0.084,0.73,-1.083,-0.527,-0.458,-0.608,-1.036,-1.444,0.892,-0.302,-1.083,-0.557,-1.104,1
0.839,0.524,-0.072,1.181,1.415,-0.84,0.657,-0.207,0.136,-2.004,-1.47,0.297,1.39,0.292,-0.242,1.073,1.116,-1.403,1.474,-1.183,0.879,-1.524,0.816,0.444,0.641,0.83,0.377,-0.219,-0.232,-0.529,1
0.282,1.011,0.449,0.254,1.17,-0.546,0.1,-0.265,-1.893,-1.664,0.096,-0.78,1.739,-2.076,1.338,-0.68,0.255,-0.242,0.728,0.802,-0.158,0.739,-1.449,1.484,-1.342,-0.393,0.348,0.105,0.368,-0.625,1
-1.486,-0.288,-0.206,0.135,-1.151,-1.302,0.401,-0.624,-0.577,0.637,-0.017,0.659,-0.288,-0.28,0.115,0.479,0.926,-0.658,-0.706,0.066,0.272,-1.224,-0.017,0.402,-0.585,0.355,1.069,0.412,-0.124,-2.818,1
0.409,2.23,0.195,0.513,0.474,-1.174,0.758,1.452,-0.738,-1.831,0.155,-0.536,0.585,-0.694,-0.588,1.135,0.94,-2.181,0.018,-1.616,-1.077,1.545,-0.351,-0.525,-0.25,-1.107,-1.497,1.139,-1.392,-0.241,0
0.344,-1.109,-2.008,1.606,-0.681,0.041,-0.06,0.688,0.708,0.365,-0.154,0.393,0.009,1.546,-1.826,0.805,-0.85,-1.672,1.659,-0.644,-1.024,0.92,-1.317,-0.43,0.023,2.227,0.234,0.433,-1.42,0.165,0
-1.047,-0.639,1.697,0.368,0.07,-1.137,-1.764,0.824,-0.001,0.792,-1.218,-1.214,-1.83,-0.58,-0.586,0.875,-1.268,0.232,-1.222,-0.384,0.232,2.673,-0.768,1.071,0.313,-1.528,-1.119,-1.147,-0.137,-1.201,1
0.812,-1.97,-0.733,0.192,0.597,-0.296,-1.368,0.848,-0.242,0.867,-0.759,1.433,1.231,-0.861,-1.512,-0.81,-0.318,0.995,-1.704,2.062,0.431,-1.517,0.114,-1.801,0.651,1.847,-1.607,-1.369,1.041,-0.094,0
1.222,1.226,-0.156,-0.02,0.408,0.754,-0.572,-1.219,-1.26,-0.256,1.913,-0.271,-1.752,0.353,0.463,-1.557,-0.698,0.006,-0.173,0.494,-0.538,0.956,0.132,-0.031,1.007,1.535,0.469,-2.309,-0.179,0.857,1
-0.08,0.919,-1.273,-0.335,-0.12,0.26,0.511,0.004,-1.222,-1.699,-1.12,-0.72,-0.148,-0.271,-1.53,0.449,0.48,-0.265,-0.852,2.068,-0.537,-0.309,0.372,-1.376,-0.003,0.064,-0.17,2.169,0.976,-0.451,0
-0.626,0.687,1.159,0.831,-0.715,-0.492,0.908,-0.174,1.07,0.342,-1.006,0.164,-0.82,-0.907,0.024,0.328,0.618,0.381,-0.849,0.967,-0.078,1.177,0.094,-0.693,-2.169,-1.142,-2.102,0.729,-2.007,0.796,0
1.179,-1.267,1.15,-0.452,0.122,-0.341,-1.4,0.256,-1.447,2.16,-0.455,0.359,0.802,2.144,2.479,0.436,-0.167,-0.622,-0.676,1.891,1.813,-0.556,-0.072,-1.139,0.886,-0.84,-0.536,2.045,2.424,1.336,1
-0.0,-1.143,-0.142,0.123,-1.126,0.015,-0.896,1.194,0.641,-0.139,1.238,-0.844,-0.289,0.929,-1.351,1.58,-0.413,1.007,-0.282,1.714,-2.109,0.838,-0.728,0.413,1.575,0.955,-0.446,-0.06,-0.683,1.106,0
-1.343,0.673,0.667,0.525,-0.546,-0.03,-2.443,0.33,-0.044,0.194,-0.249,-0.534,-0.649,-0.948,0.053,-1.358,-1.098,-0.118,-0.804,-1.192,1.164,0.889,1.363,-0.521,-1.011,-2.423,-1.091,1.297,-1.207,0.125,0
0.68,1.879,-1.296,0.838,0.197,1.21,1.002,0.897,-1.008,2.189,-0.753,-1.504,-0.344,0.922,0.514,-2.181,0.911,-1.192,0.564,0.236,-0.178,1.812,0.231,1.033,-0.607,-0.586,-0.529,-0.653,-0.216,1.556,1
0.935,1.231,1.009,-2.181,0.803,1.416,-0.568,0.039,1.432,-0.11,0.847,-0.253,0.179,-1.336,1.308,-0.344,0.041,-0.342,0.945,1.744,-0.225,0.161,-0.329,-0.588,0.49,0.533,1.4,-0.29,0.831,0.321,1
1.988,0.175,0.166,0.23,1.0,-0.768,-0.044,1.513,-0.424,0.321,-0.478,-0.878,0.682,-0.331,-0.212,-0.718,0.229,-0.141,0.132,-1.727,0.332,-0.038,0.2,-1.577,0.728,-0.77,1.065,0.01,0.946,-0.621,0
0.072,0.796,0.769,0.436,0.021,-0.471,1.377,1.928,-0.583,0.677,-0.087,0.958,0.703,1.432,-0.767,-1.548,-0.756,0.869,-0.314,0.775,-0.955,0.42,-0.81,1.573,0.575,1.18,-0.25,0.106,-1.453,0.57,0
-1.544,-0.934,1.906,2.29,-0.91,0.632,-0.529,-1.05,0.414,-0.043,-0.7,-1.086,-0.47,-0.668,0.224,-0.449,0.276,0.375,0.58,-0.578,0.323,-2.253,0.159,0.633,0.304,-1.363,-0.125,0.023,0.307,-2.922,1
0.717,1.037,-0.309,-0.353,2.177,0.096,1.304,1.486,-1.316,0.795,-0.273,-0.8,-0.557,0.322,-0.221,-0.089,1.255,1.231,0.705,-0.427,1.359,1.508,-0.34,-0.89,0.302,-1.147,-0.271,-1.251,-1.767,1.317,1
-0.67,-0.048,-0.037,-1.539,0.525,1.096,-0.813,-0.288,0.51,1.477,-0.055,-1.572,0.083,0.024,1.967,0.237,-0.786,-0.393,-0.517,-0.158,0.096,-0.483,-0.355,0.119,0.947,-0.345,-0.95,1.527,-1.103,0.681,1
-0.698,1.1,-0.905,-0.042,-0.617,1.398,-0.823,-0.942,0.427,-0.387,-1.112,0.708,-1.01,-0.412,-0.042,0.649,0.19,-0.758,1.286,-1.191,0.703,0.427,0.689,2.148,0.466,-1.083,2.047,-0.706,-0.656,2.331,1
-0.208,0.93,0.273,0.796,-0.326,0.411,1.329,0.454,0.154,-2.122,0.61,0.45,0.639,-0.724,0.412,-3.191,0.646,-0.428,-1.689,0.272,-0.875,-0.198,-0.257,-1.091,-0.616,-0.333,0.279,0.87,0.369,-0.039,0
-0.443,0.777,0.24,-1.596,0.848,-0.832,-0.199,-1.095,1.078,0.769,0.468,-0.86,-0.694,-0.449,-0.119,-0.118,0.515,0.668,1.521,0.634,1.764,-0.045,-0.634,1.588,-0.201,-1.506,-0.112,1.42,-0.382,0.463,1
1.452,0.416,-0.519,-0.526,0.297,-0.129,-0.792,-0.622,0.628,-0.338,0.351,-0.267,-1.031,1.442,-0.529,2.777,-0.685,-0.07,0.873,0.146,-0.509,0.549,-0.262,1.84,-1.736,0.682,0.494,-1.274,-0.065,-0.183,0
-1.18,0.829,1.01,-0.826,1.191,0.578,1.13,-0.267,0.943,-1.372,-0.523,-0.764,-1.554,-1.55,0.031,0.168,0.337,-0.877,0.297,0.147,-1.078,-0.911,0.779,-0.693,0.556,0.494,0.368,0.607,-0.352,0.811,0
0.842,-0.901,-1.905,-0.4,1.122,-0.232,1.977,-1.085,-1.589,-0.234,-1.425,-0.118,0.058,-1.306,0.355,1.849,1.042,-0.163,1.065,-0.556,0.974,-1.968,-0.871,-0.411,-0.186,0.211,1.217,-0.702,-0.279,1.194,1
-1.877,0.696,-2.774,-0.985,-0.541,-2.411,-0.144,-0.18,-1.892,-0.038,0.035,1.724,-1.368,0.831,1.088,0.336,0.824,0.35,0.352,-0.124,0.968,0.79,-1.724,0.333,0.88,-0.073,0.899,0.06,0.774,1.476,0
-0.731,-0.49,-0.866,-1.923,1.493,-1.524,-1.138,0.604,-0.46,-0.477,0.119,-2.872,-0.13,0.74,3.098,1.874,-1.024,1.161,0.221,0.104,-1.655,0.179,1.412,-0.936,1.128,-0.578,-0.628,0.045,-0.174,0.957,0
-0.036,-0.621,0.054,-0.176,1.326,-0.999,-0.439,0.864,-0.048,0.633,0.044,0.997,1.994,0.838,0.966,0.147,-0.112,-0.313,-0.71,0.35,-0.975,0.32,0.045,0.738,1.511,-0.43,0.27,0.698,0.786,-1.414,1
-2.035,0.061,-1.64,0.782,2.136,0.863,-1.982,2.423,-2.134,-0.542,1.58,0.058,1.852,0.443,0.549,1.785,-1.217,1.874,0.737,-0.847,-0.387,-0.37,0.624,-1.646,-0.877,0.232,0.84,-0.235,-0.291,1.094,0
-0.079,0.151,-0.652,0.769,0.528,0.97,0.797,0.346,2.019,-0.953,-0.386,0.269,-0.339,1.682,1.196,-0.873,-3.224,0.161,-0.671,0.982,0.822,0.036,1.848,0.67,-0.872,0.514,0.668,1.233,0.406,0.13,1
1.449,-0.234,1.34,1.477,-0.81,0.839,-0.269,0.522,0.582,0.166,0.395,-1.269,0.332,-0.122,-0.446,-1.589,0.189,1.74,-1.513,-0.029,0.092,-2.207,-0.09,0.487,1.164,-0.876,0.128,0.719,-1.692,0.447,0
0.934,0.121,1.092,0.278,-0.95,-1.052,0.909,1.577,1.149,1.456,0.817,2.513,0.777,-1.827,-0.672,-1.262,-0.507,-1.004,-0.605,0.835,1.212,-0.114,-2.141,0.284,0.805,-0.231,0.287,0.188,1.427,0.585,1
-1.232,-1.23,-1.782,-0.153,0.337,2.369,-0.383,1.438,-0.666,-1.398,0.817,0.592,-0.878,0.084,-0.335,-0.4,0.088,-0.393,1.637,0.281,1.165,-1.42,0.594,-0.269,-1.02,1.297,0.162,0.046,-0.489,0.511,0
0.286,-1.166,-1.525,1.708,0.535,-1.593,0.453,-0.541,0.146,1.104,0.735,0.635,0.856,-0.821,0.442,1.094,-0.668,0.382,-0.675,-3.1,0.461,-1.302,1.065,0.662,-0.872,-0.515,-1.852,-1.703,-0.562,-0.367,1
-2.247,-0.481,0.864,0.58,-2.836,0.233,-0.773,-1.395,0.804,-0.667,1.917,0.4,2.504,0.289,-0.125,-0.398,-0.245,-0.914,-0.54,0.242,-0.569,-0.548,-0.059,-0.262,-1.847,-0.633,0.19,-1.12,0.069,-0.068,1
-3.164,0.333,-0.128,-0.124,1.248,-0.928,-0.951,0.715,-0.023,0.617,-0.98,1.422,0.059,0.762,-0.626,-0.014,-1.437,-0.183,1.545,1.209,-0.461,0.739,0.364,0.496,1.369,-0.63,-0.427,-0.571,-1.206,-0.265,1
-0.309,-1.378,1.092,-1.232,-0.4,0.428,0.032,0.842,0.097,-0.606,0.115,-0.895,-1.214,0.827,-2.482,-1.822,0.188,-1.033,0.743,-1.98,-0.476,-1.445,-0.361,-0.36,-0.938,-0.87,0.356,-2.36,2.265,-0.229,1
0.575,-1.06,-1.061,-0.816,1.222,1.804,-0.049,0.69,0.255,0.423,0.916,0.04,-2.043,0.893,0.051,-0.589,-0.187,0.776,-0.351,0.281,0.322,-0.362,1.134,0.063,0.793,-0.029,0.934,-0.337,0.951,0.877,0
0.453,1.129,1.2,0.936,-0.989,0.706,-0.838,0.798,-0.017,-0.974,1.361,-1.575,0.233,1.361,-0.837,0.068,0.82,-0.559,-0.175,0.052,-2.07,-0.903,-1.351,-0.073,1.057,0.885,-0.481,0.642,1.127,0.139,1
-1.707,1.462,0.577,-0.795,0.238,0.35,-0.424,2.233,-1.988,-0.627,1.348,0.302,-0.294,-0.668,-1.313,-0.264,-0.085,-0.271,0.49,-0.564,-0.159,-1.111,0.017,0.736,0.122,-0.701,-1.009,0.998,1.614,0.394,0
-0.471,-0.42,0.521,2.32,0.04,-0.474,0.973,0.346,-1.216,-0.661,1.009,1.433,0.261,1.602,-1.18,0.61,0.207,-0.758,-0.153,-2.639,1.112,-0.257,-0.714,-1.624,1.087,0.703,-0.395,0.411,0.793,0.335,0
0.271,-0.133,0.242,-1.255,-0.598,-1.298,0.336,0.308,0.993,0.448,-0.836,0.337,-1.12,0.68,-0.178,1.499,0.374,-1.582,0.884,1.567,0.369,0.707,0.358,-1.343,-0.926,-1.218,0.233,0.361,-0.611,0.133,1
0.687,-0.262,1.239,1.115,0.084,-1.54,-0.44,-1.117,-0.154,1.116,0.745,0.198,1.067,-0.22,-1.376,-1.467,0.65,1.216,0.52,-1.124,-1.246,-0.72,-0.149,0.554,1.941,-0.877,-0.683,-0.558,0.323,0.4,0
-0.332,-1.05,0.682,1.141,2.037,0.862,-1.601,0.546,-0.067,-0.239,-1.165,1.392,2.476,2.189,0.887,3.081,0.242,1.169,-0.206,-1.137,0.12,1.607,-0.697,-1.646,0.707,-0.356,-2.136,-1.464,0.485,-2.457,0
-0.906,0.168,0.71,0.414,-0.96,-0.517,-0.939,0.321,-0.883,0.425,1.557,-2.679,-0.41,1.413,1.553,0.092,0.867,-1.447,0.469,-0.087,0.942,0.194,1.037,-0.168,1.313,-0.816,0.88,0.24,0.463,-1.028,0
-0.316,-0.018,0.587,-1.514,-1.317,-1.305,0.557,0.226,1.678,1.547,0.466,-0.474,0.367,-0.275,0.719,0.234,-0.982,-0.137,-0.676,-0.102,0.381,-0.085,-0.841,-1.335,2.363,-1.609,-0.977,0.757,-0.383,0.869,1
-0.444,0.652,-0.14,-1.139,1.836,1.601,1.508,1.1,0.95,-1.846,-1.143,0.176,1.538,-0.08,1.111,0.54,2.242,0.323,0.841,-1.999,-0.91,0.031,0.589,1.455,2.991,-1.598,-0.212,-0.957,-0.33,-0.579,1
-1.49,-0.872,-1.599,0.368,-1.156,0.776,1.692,-0.68,2.181,1.584,1.116,0.193,0.907,-0.195,0.23,0.818,-0.394,-0.069,-0.686,-0.272,-0.175,0.128,-1.045,-1.779,-1.369,0.634,-0.387,-0.31,0.431,0.274,1
-0.264,-0.877,0.419,0.635,0.935,-1.164,-0.532,-1.619,-0.761,0.24,-0.148,-0.689,-1.03,1.181,-0.571,-0.37,-0.816,0.014,0.221,-1.35,-0.055,0.837,-1.078,0.479,-1.02,-0.216,0.943,-0.531,0.84,-0.204,1
-0.482,-0.417,-0.365,0.405,0.419,1.313,-2.318,-0.209,-1.423,-0.996,-0.113,0.213,1.578,-2.328,1.106,0.852,-1.015,-0.353,0.705,1.254,0.037,-0.185,0.37,-1.475,0.011,1.631,1.329,1.338,1.007,-1.069,0
0.509,0.739,-0.516,-2.224,0.422,0.541,1.318,-0.848,-0.528,-0.327,0.01,-1.433,-0.622,0.748,1.2,0.346,-0.47,-1.704,-0.251,-1.483,-1.457,0.14,-1.217,0.645,-1.328,-2.188,-0.687,-0.485,1.545,0.158,0
-0.257,0.638,0.346,1.042,0.579,0.79,-0.813,1.226,-0.213,-0.334,-0.108,1.065,1.116,0.64,0.824,0.187,-0.487,-0.565,1.993,0.991,-0.559,-1.082,-0.452,0.22,1.367,1.152,-0.212,0.586,0.775,1.143,1
-0.515,-1.048,0.297,1.307,1.921,-0.726,-0.36,-0.28,0.106,-1.251,1.02,1.232,1.053,1.189,-0.161,-1.103,-0.699,-1.03,0.918,-1.23,-0.098,1.752,0.915,0.003,-1.175,-0.166,0.228,-0.404,-0.811,0.494,1
0.787,0.018,-0.531,-1.178,1.644,-0.456,0.871,0.098,-1.219,0.254,-0.501,-0.246,-0.559,0.264,0.102,-0.811,0.394,1.855,-0.069,-0.367,-0.129,1.089,0.543,0.121,-0.088,-1.912,-2.556,-0.702,1.174,1.345,0
0.155,1.134,-0.14,-0.691,0.286,0.664,-0.754,0.09,-0.483,-0.791,-1.689,1.001,0.638,0.296,0.184,-0.089,-1.263,-0.655,-0.513,1.125,-0.899,-0.872,-0.551,0.624,0.432,0.746,-0.971,-0.902,2.137,-0.496,0
-0.057,2.18,0.251,0.424,-0.852,-0.677,-1.479,-0.661,-0.577,-0.456,-0.459,-0.475,0.0,0.068,-0.825,-0.15,0.445,0.161,-0.256,0.199,-1.282,-1.728,-1.839,-0.817,1.478,-1.381,0.012,-0.619,1.18,-1.545,0
0.664,-1.024,-1.044,0.791,-0.661,-0.847,-0.38,-1.294,1.732,2.364,1.502,0.684,-0.886,-0.595,0.587,1.56,-1.575,-1.364,0.992,-2.104,0.293,0.147,-0.14,0.076,-0.648,1.061,-1.581,-0.369,-0.664,-0.559,1
-0.07,2.691,0.028,0.19,-0.164,-1.099,0.217,0.165,-1.549,-1.349,1.606,-0.084,0.025,0.171,0.109,-0.791,0.391,-0.363,1.671,-1.023,-0.56,-0.264,-1.317,-0.584,-0.013,0.966,-0.424,-0.295,-0.755,-0.904,0
-0.473,0.817,0.339,-1.503,-0.978,1.26,0.096,-0.719,2.335,-0.944,0.192,0.291,0.046,0.517,-0.988,-0.945,1.371,1.745,0.715,0.406,0.933,1.407,0.107,1.808,1.447,0.27,0.563,-0.962,0.156,0.244,0
-0.065,-0.692,0.014,1.872,1.282,-1.503,1.106,-0.782,-0.493,0.489,-0.106,-0.426,-1.364,1.515,1.027,0.333,0.615,-0.184,-0.461,1.058,1.345,0.077,-0.739,-0.651,0.387,-0.004,0.122,1.231,0.92,0.726,1
-0.186,-0.264,-1.76,0.645,-1.693,-2.087,0.547,0.978,-0.791,-0.687,0.499,-2.418,0.007,-1.343,-0.461,-0.178,0.52,-0.745,0.323,2.052,0.798,0.034,-1.97,-0.025,1.746,1.685,0.681,-0.795,0.239,-1.184,0
-0.11,-0.517,-0.496,-1.791,0.17,-1.185,-1.162,1.287,-0.107,1.234,-0.622,-1.199,1.601,1.516,-1.613,-0.291,-0.273,-0.981,-1.318,-0.419,0.303,-0.885,-0.423,-0.037,0.938,0.606,0.176,-0.798,1.81,-0.724,0
0.291,0.709,0.981,-0.442,-2.204,0.138,-0.181,0.252,0.326,-1.247,-1.041,-0.437,0.735,-0.404,-1.142,0.491,0.999,-0.602,0.713,3.149,-0.052,-1.064,-1.605,-0.801,-0.449,-0.751,1.636,1.695,-0.237,0.082,1
-0.431,-1.512,0.162,-0.347,-0.219,-0.032,0.473,-1.372,0.913,0.774,-1.796,0.686,-0.993,1.011,0.314,-2.449,0.371,0.115,-0.722,0.419,1.694,0.215,-1.295,1.394,-0.837,-1.648,0.545,0.102,0.915,0.668,0
-0.779,-0.034,-0.731,1.861,0.428,1.442,-0.463,1.354,0.13,1.693,1.208,1.188,-1.747,-1.544,1.111,2.101,0.785,-2.656,-0.833,-1.128,0.577,-1.474,0.627,-0.171,-0.909,0.797,-0.001,-1.745,1.093,-0.545,1
-1.333,0.543,-0.322,-0.825,1.932,0.45,-0.265,-1.1,-1.532,-1.921,0.174,-0.518,-1.26,-1.252,-0.78,0.741,1.331,-0.74,0.287,-0.905,0.826,0.427,-0.64,-1.086,-0.162,1.9,0.53,0.452,-0.069,-1.143,0
-1.502,0.108,-0.771,-1.11,-0.19,0.488,-0.575,0.708,-0.778,-0.05,1.472,0.118,0.477,0.391,-0.121,-1.658,0.308,0.405,-0.939,0.279,0.291,1.363,0.634,-0.64,-0.062,-0.132,-0.908,0.16,-1.438,1.718,0
-1.086,-2.118,-1.557,0.004,0.947,1.21,1.208,-1.153,-1.417,-0.636,-0.98,0.184,1.805,1.4,-1.394,-0.75,0.675,-0.532,-2.092,-0.249,0.303,0.898,-0.424,2.214,-1.875,-0.854,-0.941,-0.617,0.674,-1.126,0
0.245,-1.605,-0.114,1.015,0.328,-1.153,1.262,0.354,0.523,0.607,-1.522,1.747,0.606,-1.758,-1.129,-0.67,1.207,-0.199,0.002,-0.728,0.268,1.953,0.873,-0.145,-0.838,0.028,2.611,-0.473,0.009,-0.922,1
-0.868,2.186,-1.528,-1.066,1.479,-0.338,0.154,0.97,-0.378,-0.786,-0.116,0.279,-1.944,0.359,-0.985,-0.491,0.038,0.255,0.92,0.416,0.331,-0.895,2.665,1.475,0.529,0.421,-0.921,-0.345,0.812,0.15,0
0.17,-2.551,-0.305,-2.203,0.241,1.995,-0.793,-0.063,-0.861,0.821,-0.301,-0.159,-1.712,-0.443,0.132,1.481,-1.502,-0.945,0.968,-0.232,-1.017,2.083,0.137,-0.724,0.055,-0.571,-0.838,0.601,-1.435,0.651,0
-0.126,0.598,0.598,-0.464,0.73,-0.069,-0.703,0.956,1.117,1.186,1.711,0.215,0.016,-1.022,1.594,2.731,-0.7,0.492,0.742,0.327,-0.065,-0.69,0.064,0.612,0.679,0.823,-1.235,0.319,1.596,-0.175,1
-0.238,0.171,1.155,0.439,0.345,-1.839,0.91,-0.111,-0.585,0.485,0.738,1.19,-0.744,-2.099,-0.12,0.922,0.026,-0.978,-0.009,1.184,0.57,-0.307,1.312,1.016,0.341,0.31,-0.323,0.786,-0.394,0.606,1
-0.021,0.24,-0.189,2.465,0.932,-1.742,-0.243,1.086,0.798,1.826,-1.038,-0.942,1.796,-1.145,2.032,-0.077,-0.133,0.424,0.518,-0.295,-0.714,-0.356,0.959,-1.365,1.458,-0.576,-0.903,1.482,-0.077,0.071,1
0.01,-0.372,-0.668,-0.424,0.51,-1.698,-0.593,-0.616,0.433,0.178,0.092,-2.091,1.352,0.136,-2.076,-0.746,1.074,0.036,-0.528,-0.947,-1.278,-1.601,-0.553,-1.421,-0.431,-0.686,0.329,0.037,0.48,0.829,0
0.15,0.583,0.571,0.854,-0.307,0.972,0.753,0.683,0.044,1.866,1.712,0.042,0.453,-0.262,1.397,-0.376,0.624,0.022,0.423,0.049,-0.036,0.155,-0.469,0.907,0.307,1.246,0.047,0.031,-2.459,-0.975,1
-0.862,0.27,-1.601,0.914,-0.793,-0.341,-1.258,-1.02,1.29,0.249,0.555,1.305,0.56,-0.337,-1.383,-0.675,-0.417,0.51,-0.554,-0.978,-0.528,-0.695,0.697,-0.562,-1.413,-0.818,1.494,-1.064,1.35,-0.325,1
0.838,-1.145,0.797,1.094,0.171,0.194,0.898,0.49,0.634,2.259,-0.905,-0.498,-0.683,-0.165,0.167,1.363,-0.543,-0.461,0.948,0.215,0.658,-0.658,1.081,-0.175,0.333,2.246,-1.636,-0.284,-0.144,-1.271,1
-0.682,0.801,1.392,-0.076,-0.379,1.174,0.331,-0.149,-0.796,-0.255,1.093,-2.682,-0.019,-1.09,-0.122,1.167,-0.736,0.484,0.988,0.633,2.603,-0.277,0.172,-0.138,-0.456,0.171,-0.108,-0.648,-1.791,-0.34,1
-0.197,1.062,1.446,0.054,2.049,0.494,-0.529,2.953,-1.077,-1.372,0.058,-1.397,-1.889,-0.945,0.372,-0.611,1.758,1.054,0.709,-0.489,0.625,-0.992,0.582,-0.64,-1.566,0.591,-1.038,0.995,1.399,2.265,1
1.48,0.19,1.171,-0.695,-1.286,-0.479,-1.472,1.475,0.003,-0.174,0.007,-2.2,0.832,-1.494,1.431,-0.947,-1.289,-0.843,-0.711,-1.095,-0.354,-0.705,1.357,1.026,-0.631,0.594,0.747,0.841,-0.06,-0.899,1
-0.836,-0.085,1.066,0.358,-1.572,-0.571,1.843,-0.404,-1.725,0.987,-1.233,0.496,0.99,1.175,0.347,-1.248,-0.916,1.979,-0.315,-0.796,0.452,-0.847,-1.222,-1.229,0.206,-0.568,-1.584,-1.843,-2.036,-0.303,1
-0.176,0.752,0.005,-0.314,-1.935,0.848,-0.641,0.179,-0.892,-1.146,0.392,1.411,0.055,-0.1,-0.305,-0.906,-1.397,0.103,0.019,1.374,-0.16,0.573,-0.995,1.155,0.464,-1.26,-0.782,0.068,-0.12,1.844,0
0.458,0.386,-1.718,-0.547,0.717,0.011,1.245,-1.609,2.064,0.427,0.813,0.583,-0.157,-1.428,-0.222,-1.5,-0.432,1.097,-1.125,-0.728,1.075,0.51,-0.906,0.363,-0.985,1.3,-0.641,1.261,2.051,-0.666,0
0.008,-0.458,-0.966,0.252,-0.747,-0.605,-0.084,-0.304,1.338,1.565,0.688,-0.577,0.512,1.072,-2.059,0.589,-0.321,-0.002,-1.486,-0.356,1.769,-0.863,0.267,0.791,-0.149,-0.188,-3.145,1.001,0.437,-0.291,1
0.718,-0.172,-0.317,-0.063,2.201,-0.379,-0.245,-0.815,-0.164,-2.367,-1.392,0.942,-2.069,1.363,-0.58,1.329,0.171,1.007,-0.201,0.187,-0.303,0.006,1.169,2.047,-1.749,0.813,1.683,0.516,-0.074,1.923,0
1.006,-0.257,0.815,1.175,-0.646,-0.362,1.13,-1.341,-0.547,1.929,-0.289,-0.181,-0.613,-1.981,-1.224,0.089,0.817,-0.019,-1.808,0.613,0.586,0.039,-1.666,-0.136,-0.249,-0.062,-0.299,0.172,0.609,-0.563,0
0.877,0.601,-1.565,-0.671,1.149,0.996,-1.167,-0.957,-0.362,-0.121,0.288,0.35,-1.841,-0.499,0.771,0.431,1.419,-0.181,-0.949,-0.691,-1.235,-1.4,0.477,-0.7,1.399,-0.328,0.104,0.786,1.008,1.068,0
-0.534,0.129,1.623,0.909,-0.554,1.407,-0.885,0.142,0.098,-0.625,0.442,-0.923,0.211,-0.785,-0.125,-0.621,-1.834,1.313,-1.016,0.576,1.871,-0.06,-0.517,0.546,0.052,-0.228,-0.498,-0.894,0.072,-1.083,1
0.78,0.31,-1.05,-0.039,-0.566,-1.326,0.696,1.439,0.003,0.403,-0.371,1.667,-0.238,-0.508,0.92,0.313,0.467,-0.754,1.985,1.77,1.002,0.899,0.499,0.411,0.434,-0.615,0.998,0.883,1.224,0.954,1
0.97,-1.326,1.205,1.095,-1.046,-0.278,-2.191,-0.832,1.018,0.806,1.207,-0.686,-0.225,3.134,0.797,-0.374,-0.061,0.917,-0.721,0.552,0.183,-1.545,-1.619,0.858,-1.159,-0.115,0.867,-1.031,-0.706,-1.34,1
0.429,1.563,0.151,1.158,-0.738,0.959,-0.911,0.894,-0.271,-2.317,-0.994,-0.353,-0.822,0.199,-0.004,0.872,0.704,-0.382,1.606,1.336,-0.436,-1.561,0.691,1.405,1.229,0.533,-0.695,-0.605,-1.141,-0.85,1
0.227,0.299,-0.575,-0.682,-1.011,-2.037,-0.609,0.939,-1.662,-0.053,0.341,1.324,-0.604,0.825,0.903,0.895,0.805,0.725,-0.77,-0.044,0.184,-0.648,0.898,0.711,0.16,2.099,0.546,-1.55,0.232,1.318,1
0.34,-0.992,-1.603,0.92,0.888,0.463,-0.899,0.321,0.78,0.366,0.827,-0.461,0.212,0.045,-0.19,-0.548,0.693,0.433,-0.337,-1.974,-1.011,1.215,-2.763,1.531,0.239,-1.673,-1.804,-1.37,-0.594,-0.977,0
0.604,-0.189,-0.271,-0.44,-0.229,0.982,0.325,-1.163,-0.654,0.327,-1.601,0.491,-1.201,-0.195,-1.64,-0.806,-0.982,-1.185,0.849,-0.392,0.26,-0.135,-0.775,1.737,0.805,0.163,-0.086,-0.189,-1.124,-0.222,0
-1.482,-0.699,-0.048,-0.3,-0.739,-0.885,-1.571,0.695,-0.879,-0.343,-0.917,-0.122,-0.308,-0.112,1.301,-0.18,0.415,0.975,0.797,0.991,0.514,1.725,-0.222,1.195,0.262,-0.244,0.329,0.399,-1.376,1.946,0
-3.287,-1.379,0.321,-0.006,-1.719,0.322,-1.728,-0.165,2.554,-0.523,-1.554,-1.584,1.44,0.435,1.524,-1.779,-0.439,0.049,0.092,-1.165,0.672,1.891,1.633,-1.133,-1.677,0.764,-0.079,-2.441,-0.6,-0.437,1
0.543,-0.361,2.002,-1.924,0.05,0.566,-0.569,0.804,2.073,-0.748,1.444,-0.27,-0.226,-0.294,0.312,-0.749,-0.167,0.044,0.731,1.24,-0.507,0.988,-0.053,-1.123,-0.023,0.079,-1.181,-0.051,-0.61,0.786,1
-2.642,0.83,1.266,-0.278,-0.848,0.072,-0.897,2.306,-1.08,0.793,-0.841,-0.722,0.665,-0.326,0.251,-0.284,1.071,1.623,0.195,0.869,0.905,-0.907,0.855,1.742,0.215,0.319,2.983,-0.003,-1.845,-0.317,1
-0.286,-0.134,-0.353,0.104,-1.312,1.004,0.126,1.751,-0.116,-2.548,0.111,1.067,0.273,0.037,0.693,-0.232,-0.136,0.991,-0.33,-1.517,-0.413,2.302,0.333,1.499,1.192,0.473,-0.05,0.491,1.074,0.523,0
0.07,-0.061,-0.611,0.583,1.634,-0.829,1.128,-0.063,0.579,1.21,-1.496,0.159,0.223,2.863,-0.215,-0.267,0.743,1.509,-0.178,-0.308,-0.206,-0.335,1.011,-0.455,-0.555,0.676,1.031,-1.289,-0.472,0.575,1
2.305,-0.453,0.339,1.105,0.471,0.122,1.094,1.258,-0.79,-0.652,0.442,1.343,-0.471,0.422,0.186,1.062,-0.404,-0.305,0.093,0.193,0.217,-1.815,0.098,-0.319,-0.395,0.641,1.154,-1.214,1.512,-0.085,1
0.166,0.957,-1.305,1.372,2.529,0.876,1.115,0.408,-1.228,-0.252,1.264,1.537,0.036,0.094,-0.321,0.107,-0.023,0.505,-0.716,-1.093,0.008,-0.144,0.268,0.28,-0.407,-1.126,-0.616,-1.492,0.335,-0.49,1
-0.05,-2.207,-0.349,-0.202,-1.678,0.468,0.243,0.049,0.697,-1.21,-0.679,0.625,1.777,0.242,-0.848,2.158,0.732,-0.28,-0.204,0.605,0.664,-0.756,-0.16,0.262,-0.175,-0.217,0.693,0.079,2.58,0.631,1
0.692,0.022,0.507,1.172,0.146,1.174,1.901,-1.554,0.281,0.228,0.421,0.617,-0.186,-1.46,0.155,-2.756,1.119,-0.165,0.596,0.41,-1.15,0.908,0.163,0.484,-0.027,0.429,-1.016,0.847,-1.395,-0.002,0
-0.133,-1.317,-1.132,-1.23,-0.422,1.643,1.369,1.682,-0.583,-0.438,-0.046,-0.464,0.212,0.029,0.816,-0.58,-0.821,-0.498,-3.019,-0.66,2.558,0.916,-0.432,0.317,0.084,1.073,2.08,0.549,-1.613,-1.879,1
1.569,-0.733,-0.236,-0.252,0.219,1.764,-1.198,-0.74,0.335,-0.178,0.454,0.769,0.869,1.799,0.692,-0.565,0.63,0.24,0.506,-0.89,-1.076,0.412,-2.947,-1.771,0.192,1.424,-1.799,-0.277,-0.41,-0.017,1
1.202,0.907,-0.481,0.41,-0.008,-1.077,-1.465,-0.298,-1.788,-0.785,-1.618,-1.883,0.13,0.742,-0.449,1.191,-0.205,0.855,0.18,-1.929,0.963,0.64,0.508,0.207,-1.034,-0.954,-1.552,-0.826,-1.084,-0.591,0
0.088,0.215,0.488,-0.222,-1.313,-0.13,-1.523,0.024,-0.584,-1.732,-1.512,0.683,-2.299,-0.327,-1.16,0.083,1.071,-0.442,-1.655,0.786,1.013,0.267,-0.261,-0.514,0.164,0.743,2.03,-0.193,1.709,0.192,0
-2.022,0.697,-0.322,0.074,-0.666,0.394,1.301,1.025,-0.266,-1.546,-1.354,-1.212,-1.418,-0.289,1.115,0.592,-0.555,0.901,0.164,-0.158,0.957,0.002,-1.365,0.356,-0.28,1.789,0.084,1.099,-0.279,0.96,0
-0.215,0.327,-1.56,-0.65,-0.221,-0.099,-0.221,-0.727,0.749,0.516,-0.933,0.905,0.51,0.812,-0.389,-0.724,0.457,0.35,0.452,0.074,0.726,1.003,-0.712,0.844,1.371,-1.599,-0.984,0.375,0.503,0.465,0
0.203,1.676,-1.036,-1.171,-0.209,0.449,-0.703,-0.439,-0.167,1.087,0.436,-0.2,-0.414,0.734,0.419,1.989,0.091,1.144,1.604,2.597,2.581,0.338,0.866,0.29,-0.97,2.311,2.89,1.107,-1.528,1.006,1
2.038,-0.526,0.684,0.848,0.858,-0.408,-0.89,-0.622,-0.73,-0.215,-0.948,-0.606,1.139,1.289,-0.265,0.847,0.091,-0.643,-0.11,1.789,-1.367,-0.371,-1.675,-2.148,-0.358,-0.97,0.464,0.022,-1.643,-0.653,1
-0.14,0.45,1.423,0.21,-1.331,-1.418,1.359,-2.523,-0.167,0.154,-0.392,0.843,-0.19,2.246,-0.063,-0.87,1.666,-0.417,0.016,1.652,1.464,1.6,0.359,0.596,-0.399,0.828,0.921,2.043,0.708,0.157,1
-1.483,0.251,0.655,-0.585,2.271,-1.0,0.364,1.844,1.017,-1.399,0.543,1.129,-0.55,0.664,0.488,-0.132,-0.184,-0.883,-0.396,0.684,-1.134,-1.036,0.969,-0.668,0.346,-1.775,-1.543,-1.331,-1.964,0.233,1
1.335,-0.845,-0.648,-0.624,0.497,-0.999,-0.057,0.15,-0.104,-0.24,0.031,-0.163,0.543,0.002,2.713,-2.202,1.154,0.8,-0.243,0.299,-0.458,-0.716,-1.095,0.717,0.029,1.305,-0.549,1.497,-0.56,-0.229,1
0.903,0.018,-0.832,0.333,-0.927,-0.706,0.529,-0.155,2.707,-0.36,0.403,0.133,-0.79,0.197,1.229,1.073,-0.077,0.274,-1.354,1.062,-0.166,0.302,-0.33,-0.456,-0.895,0.645,0.0,0.41,-0.418,-0.533,1
0.003,0.61,0.937,-0.782,-0.357,-2.25,0.812,0.946,1.143,0.618,-1.86,0.734,-0.319,-0.081,-0.504,-0.004,-0.709,0.341,1.434,-0.201,0.024,-0.602,-0.368,-0.057,0.512,1.028,-0.914,-1.202,-1.635,0.751,1
-0.955,-0.262,-0.26,0.067,1.432,0.298,-0.717,1.296,0.308,0.481,0.648,-0.841,0.133,-1.324,-0.76,-0.465,1.418,0.735,0.04,1.279,-0.013,1.544,1.202,-0.946,0.964,0.156,-2.762,0.912,-0.437,0.274,0
-0.235,0.325,-0.544,-1.399,1.553,0.89,-0.62,0.146,-2.074,0.145,-0.422,-1.925,0.333,0.676,0.131,-0.336,-0.494,1.048,0.052,-2.18,-0.448,1.634,-1.125,-3.174,-0.617,-1.196,0.091,1.641,-0.885,2.167,0
0.477,0.43,0.675,-0.5,-0.248,1.932,-0.251,1.464,-0.465,1.341,-0.487,0.004,-2.201,-0.744,0.589,-0.66,0.124,0.542,-1.309,0.139,1.009,-0.493,1.138,0.155,-1.308,-0.996,0.605,0.571,0.739,-0.659,0
0.504,0.988,-0.56,0.002,-1.427,0.206,1.922,-1.464,0.096,0.481,0.8,-0.865,0.872,-0.582,-0.087,-0.916,-0.509,-0.737,0.848,-0.415,0.621,0.583,0.157,-0.906,0.217,-0.367,-1.297,0.179,-1.074,-0.52,1
-0.758,1.374,1.983,0.352,-0.72,-3.024,-0.488,1.633,-0.019,-1.773,0.054,0.444,-2.009,-2.08,1.803,0.174,0.062,1.072,-1.53,0.635,0.185,-0.527,0.761,-0.863,0.11,-1.49,-1.325,0.012,-1.103,0.959,1
0.487,0.081,-0.172,-1.26,0.948,-0.003,-1.249,-0.959,-0.749,-1.087,1.241,0.608,-1.621,-0.057,-1.552,-0.617,1.364,1.602,-1.388,0.228,0.44,0.701,-1.809,0.866,0.73,-0.499,-1.365,0.343,-1.031,0.391,1
-1.122,-0.631,0.555,0.392,-0.46,-0.64,0.987,1.964,0.581,-0.278,1.021,0.636,-1.333,0.894,0.978,-1.451,0.1,0.782,-0.295,0.188,0.426,-1.962,-0.15,0.189,-0.571,1.221,-0.686,-0.823,0.278,0.085,0
-0.224,0.367,1.821,-0.802,1.006,1.87,-0.606,0.548,0.162,0.449,1.288,-2.085,0.081,1.87,-0.117,-1.128,0.577,0.448,0.145,0.268,-2.387,-1.373,1.456,0.428,-0.798,-0.323,0.456,-1.444,-0.244,-1.528,1
-0.589,0.313,-1.417,-2.893,-0.265,0.112,-0.166,0.061,1.857,-1.077,0.651,-0.169,0.248,0.178,-0.709,0.187,-0.121,0.102,-0.142,-0.431,-0.944,-1.29,0.558,-0.94,0.622,-1.605,-0.549,1.176,0.794,-0.597,0
1.509,-0.385,0.126,0.645,0.739,0.303,1.167,1.485,-2.008,0.27,-1.169,-0.757,-0.267,0.647,-0.925,0.931,0.186,-1.355,-0.334,0.537,0.941,0.261,0.005,1.187,-0.669,1.142,0.21,0.639,-1.023,0.105,0
-0.94,2.039,1.614,0.579,-1.689,-0.75,-0.003,0.718,-2.18,0.474,0.294,-0.764,1.327,0.248,1.256,2.099,0.115,0.267,-0.734,0.87,0.586,0.63,1.152,-0.543,-0.483,-0.5,0.241,0.319,-2.007,1.814,1
0.886,-0.458,0.013,1.385,-0.597,1.59,0.381,1.767,-0.936,1.109,-0.468,-0.58,-0.285,0.137,-0.543,-0.943,-0.503,0.447,0.668,1.11,-0.009,-0.061,-0.33,0.707,0.773,-0.719,-1.558,0.355,-0.172,-0.814,0
0.565,-0.605,0.422,0.349,0.422,-0.387,0.572,-0.434,1.003,2.04,-0.727,-0.602,0.464,0.662,0.756,0.493,0.51,-1.323,1.537,0.378,2.387,1.147,0.058,-0.066,0.528,-2.737,0.854,1.729,0.245,0.959,1
-1.197,-0.937,1.618,-0.236,1.602,-0.788,0.562,0.741,-0.383,-0.352,0.547,-1.216,-1.766,-0.483,0.104,0.362,-0.109,0.303,0.292,0.813,0.788,0.217,0.961,-1.388,0.396,0.22,0.107,0.667,-0.758,-0.603,0
-1.418,0.852,0.157,-0.569,-2.698,-1.277,1.25,0.005,-0.725,0.348,-0.864,-2.451,1.148,0.118,-1.629,-0.289,-1.671,0.395,-1.133,0.216,-0.102,-1.926,0.526,0.705,0.077,-0.118,1.121,0.449,-0.766,-0.685,1
-1.916,-1.031,-1.632,-1.987,0.743,0.854,0.246,0.341,-1.165,0.789,0.236,-0.928,0.135,-0.444,-0.071,0.153,-0.687,-1.137,0.473,-1.325,-1.092,0.518,-1.656,0.069,-0.658,0.654,0.737,0.959,1.332,0.083,1
1.331,-1.549,0.056,1.936,0.54,-0.77,2.11,0.475,-0.219,-1.729,-1.307,-0.477,-0.253,0.271,1.682,0.519,0.594,0.373,-1.051,1.155,0.311,0.457,-0.971,-0.543,1.056,0.052,1.006,0.09,1.444,-1.371,0
1.195,0.077,-1.682,0.953,-1.449,-0.028,-1.141,1.218,0.415,-0.146,2.181,-0.417,-0.438,0.419,1.059,-1.132,0.478,-0.737,0.568,-1.281,-0.528,0.747,-0.846,-1.244,0.799,0.567,1.095,1.293,1.711,-1.026,1
-0.305,0.648,-0.118,-1.117,-0.278,-0.43,-0.118,-0.423,-0.56,1.046,-1.485,1.059,-0.364,-0.652,-0.737,-1.793,-0.226,-0.941,0.219,-1.152,-0.085,-0.45,0.041,-0.427,0.685,-0.484,0.06,-0.064,0.135,0.15,0
-1.077,1.383,0.783,-1.016,-1.762,1.646,-1.351,0.769,1.544,2.073,0.173,-1.456,0.762,0.026,1.43,-0.081,0.787,-1.133,0.158,-1.272,-0.983,-1.295,-1.24,-0.709,0.715,0.863,-0.276,0.523,0.103,1.45,1
-0.656,-1.525,0.304,0.15,1.072,1.435,0.452,0.435,0.077,-0.584,-1.091,-1.314,0.365,-0.317,0.373,-0.645,0.553,-1.294,-0.347,1.141,-1.088,0.179,-0.61,-0.546,0.058,-1.926,0.436,-0.532,1.653,1.941,1
-1.54,-0.612,-0.325,0.306,0.339,-0.845,0.67,-0.572,-2.001,-1.353,-0.214,0.219,-0.604,1.366,0.784,-0.628,-0.194,-0.871,0.17,-0.274,2.205,0.072,-0.703,1.218,-1.119,1.018,1.208,1.965,-1.053,0.32,1
-1.031,-1.338,0.866,-1.964,-0.129,0.524,1.163,-0.282,1.647,1.219,1.342,0.08,-0.293,-0.322,0.648,-0.224,-0.145,1.345,0.04,1.228,0.301,-0.034,0.141,0.594,0.1,0.843,0.888,-2.07,-0.457,-0.292,1
-0.555,-0.744,0.437,1.576,-1.082,-0.385,-0.279,-0.366,0.006,-1.046,0.957,-1.17,0.306,-2.855,-1.629,1.831,-0.953,0.559,2.058,1.158,-0.985,0.909,-0.473,0.291,-0.099,-1.16,1.292,-0.824,1.735,1.58,1
-2.074,1.064,0.364,-3.068,-0.576,0.371,0.457,0.596,0.22,1.794,0.359,-0.853,-1.009,-0.8,0.533,-0.68,1.52,0.378,-0.019,-0.263,-0.401,1.367,0.954,1.077,-0.381,0.046,-0.982,-0.284,-1.725,0.306,1
-0.8,0.283,-0.183,1.094,-0.206,1.22,1.662,0.147,0.957,0.11,-0.67,0.976,0.209,0.817,-0.488,-1.241,0.362,1.939,-1.499,0.692,-0.526,-0.133,0.244,-1.304,-0.939,0.628,-0.529,0.392,-0.914,0.902,0
1.221,-1.372,-0.653,0.441,0.385,0.172,-1.662,-1.497,0.48,0.288,1.878,0.304,0.379,0.688,-0.92,1.199,-0.701,0.511,1.162,-1.87,-0.538,-0.573,-0.315,1.587,1.547,-1.416,-0.679,-0.747,-0.296,0.011,0
-0.069,-1.358,0.875,0.272,0.544,-0.549,0.177,-1.844,0.292,0.162,-0.49,-1.493,1.621,-1.616,-0.061,0.349,-0.37,-0.196,-0.593,2.693,-1.053,0.642,2.771,-0.679,-0.283,0.795,-0.047,-1.496,0.865,-0.332,1
0.298,0.47,0.168,-1.155,0.612,-0.738,-0.361,1.322,0.658,-0.176,1.896,0.532,-0.465,-1.828,-0.022,-0.026,0.584,-1.017,0.966,-0.936,-1.751,0.687,-0.513,1.017,0.079,0.248,-0.729,1.31,0.883,-0.898,0
0.046,-0.13,-1.364,-0.175,-0.812,0.165,-1.325,1.097,0.78,1.658,0.659,-2.014,0.96,0.685,-0.986,0.548,-0.863,-0.895,0.19,-0.491,0.555,0.85,1.175,-0.887,-0.332,0.594,-1.439,-0.695,0.222,-0.291,1
-0.874,-0.8,-0.202,1.333,-0.43,-0.061,0.434,0.5,1.216,0.323,-0.2,-0.651,0.709,-1.577,-0.505,-0.189,-0.752,-0.776,0.466,-0.401,-0.659,-0.435,-0.313,-1.314,0.836,1.136,1.024,0.258,-1.013,-0.617,0
-0.48,-0.515,-0.981,-0.721,1.591,-1.473,-0.016,0.006,0.034,-1.155,1.369,0.606,-1.384,1.322,-1.175,-1.332,0.481,-1.206,-0.655,0.712,1.513,-0.693,2.095,-0.383,-0.31,0.879,-1.391,-1.205,0.418,-1.401,0
-1.154,0.816,0.877,-1.233,-0.344,0.532,-0.386,-1.514,-0.139,-0.429,0.435,-1.605,-2.258,0.645,-0.363,-0.164,-1.544,-0.399,1.922,1.085,-1.684,-0.212,-1.426,2.376,0.002,0.589,-1.167,-0.8,-0.853,-0.611,1
-1.535,0.841,-0.906,0.882,0.118,-0.067,0.085,-1.278,0.072,-0.634,0.02,-0.542,-0.159,0.25,-0.586,-0.439,-0.107,0.338,2.732,1.537,0.419,0.124,0.389,0.373,0.9,-0.954,-1.086,-1.469,1.573,0.104,0
-0.84,-0.907,1.279,-0.369,-1.436,-0.686,1.049,-0.789,-0.644,0.176,-0.101,-0.554,-1.773,0.443,-0.033,0.04,1.822,1.01,-0.107,-2.353,-0.485,-1.392,-0.181,-1.09,1.28,-0.58,0.687,0.534,-0.453,-1.302,0
2.291,-0.825,0.916,1.61,-0.89,0.33,-0.165,0.291,0.681,1.227,-1.907,0.682,-0.8,2.026,0.937,0.464,0.19,1.856,-1.285,-0.153,0.286,-0.99,0.517,1.071,-1.43,-0.247,-1.082,-0.206,3.136,1.372,1
-0.057,0.422,0.834,2.132,0.497,-0.898,-0.401,2.282,-1.006,0.523,0.099,-1.187,-1.119,0.836,0.41,-0.142,0.961,1.013,-1.298,-1.048,-1.024,-0.548,0.779,-0.172,0.377,0.84,-0.022,1.17,-0.018,0.574,0
-0.343,0.373,0.075,-1.112,0.536,-1.332,-0.344,-0.97,-1.156,1.038,0.451,0.322,-0.734,-0.893,0.116,-0.723,0.757,-1.247,0.787,-0.917,0.747,-1.707,1.335,0.88,-0.491,0.663,-0.484,-0.199,0.519,0.447,1
-0.746,0.755,0.439,-1.997,1.311,0.845,0.255,0.149,-0.586,0.235,0.196,0.895,0.542,-1.714,2.039,0.239,-0.292,0.301,0.289,0.185,0.556,-0.068,-0.77,0.021,-0.835,-0.491,-0.592,-0.326,0.612,0.226,0
0.32,-0.425,-0.04,-1.844,-0.688,-1.622,0.122,0.922,-0.16,0.998,0.282,2.006,-0.307,1.385,0.25,-1.616,-1.058,-0.852,0.623,0.102,-0.621,-0.925,1.358,-1.007,0.137,-0.473,-0.093,-0.157,-0.159,0.246,0
1.722,0.072,0.569,-0.342,-0.007,-2.378,0.679,0.005,-1.585,-0.001,-0.178,-0.438,1.014,0.117,0.095,0.748,1.242,-1.421,0.009,-0.87,0.361,0.562,0.256,0.529,0.699,-1.348,-0.225,0.565,-0.964,-1.745,1
-0.909,-0.408,-0.358,0.609,-1.606,1.917,0.521,-0.749,-0.211,-0.627,1.663,1.226,-0.737,0.16,1.273,0.63,-1.014,-1.24,0.079,0.778,0.577,0.369,0.847,1.224,-0.542,-0.293,0.563,-1.486,0.348,-1.491,1
1.601,0.19,-0.27,-0.98,-0.251,-0.711,-0.467,-1.901,0.067,0.802,1.268,-1.319,1.164,-0.157,-0.552,-1.079,1.145,-0.404,0.603,-1.555,0.125,-0.794,0.814,-0.465,-0.086,1.724,0.923,-2.151,-0.49,0.043,1
0.507,0.91,0.074,-1.308,-0.018,-0.119,-0.843,-0.961,-0.391,-0.595,0.511,0.457,-0.286,-0.114,-1.805,0.779,-0.904,-2.535,-0.984,-0.368,1.933,-0.54,-1.394,-0.092,0.016,0.215,-1.677,1.424,-0.096,-0.898,0
1.752,-1.488,0.088,-1.622,1.573,-0.424,0.54,0.304,0.257,1.192,-0.356,0.013,1.103,1.25,0.861,0.714,0.311,1.008,-1.002,0.126,0.612,0.222,0.005,-0.609,-0.187,-0.875,-0.858,-0.428,0.388,0.305,0
0.102,0.509,-0.702,-0.531,0.49,-1.005,0.808,1.049,0.795,0.238,1.328,-0.598,-0.216,-0.262,-0.953,-0.765,0.901,-0.012,-2.248,1.394,-0.379,0.496,1.247,-1.02,-0.294,-2.414,0.477,-0.529,0.597,-3.192,0
-0.163,1.42,-1.541,-0.966,-1.42,0.52,-0.458,-0.662,-0.607,-0.576,0.37,-1.361,-1.075,-1.169,0.823,-0.11,0.596,-0.206,-1.625,-0.66,-3.424,-0.858,-0.331,1.065,-0.673,0.249,0.341,1.728,-1.213,-0.524,0
-2.365,-0.12,0.904,1.017,0.846,1.051,1.114,-0.42,-1.023,0.196,-1.668,-0.491,0.355,2.21,0.927,1.635,-0.287,0.476,-1.644,0.767,1.238,-0.03,-0.672,-0.44,1.378,0.387,0.375,1.033,-2.045,-0.358,0
1.846,0.892,1.839,1.431,-1.242,0.505,1.679,0.418,-1.309,-0.858,0.906,-0.064,1.4,-0.365,2.545,1.664,0.109,-0.987,1.294,-0.182,1.383,-0.573,-2.862,1.266,0.027,1.031,0.275,-1.519,0.237,1.01,1
0.37,0.926,0.99,0.504,-0.484,-0.104,0.56,0.48,-1.483,0.949,1.63,1.01,0.15,-0.074,-0.476,-0.051,1.164,1.456,0.364,-0.691,-1.039,-0.391,-0.1,1.311,-0.72,-0.804,-0.355,-0.52,0.321,-0.759,0
-0.834,-0.05,-1.921,-0.907,-0.061,1.056,-1.353,0.632,0.111,-0.418,1.216,1.141,0.714,-0.132,0.895,1.336,0.456,-1.212,-1.482,-1.358,0.065,1.465,1.213,0.334,1.078,0.525,-0.12,-0.146,-0.304,1.204,0
0.767,-1.629,-0.29,0.061,3.309,-1.059,0.398,-0.466,2.45,-1.878,-0.623,-1.579,-0.373,0.242,1.089,-0.234,-0.36,-0.648,0.576,0.251,0.769,-0.748,-0.006,0.597,-0.856,1.347,-0.789,-0.075,0.083,-0.924,1
0.774,0.504,-2.527,2.186,0.093,-0.757,-0.856,-1.314,-2.263,-2.455,-0.242,1.117,0.7,-0.45,-0.921,-0.534,-0.894,-1.061,-0.67,0.28,-1.093,0.566,0.322,0.785,-0.17,0.844,0.634,0.11,-1.64,-0.6,0
-0.262,-1.322,-0.229,0.694,0.634,0.123,-1.597,0.2,1.521,0.045,0.878,0.283,1.083,0.779,-0.341,0.194,0.029,-1.755,-0.409,-0.167,0.393,0.588,1.68,0.794,1.425,-0.942,0.084,2.231,-1.274,0.06,1
3.153,0.648,0.666,-0.568,2.15,0.498,2.794,-0.915,-1.444,0.357,0.066,1.204,-0.331,1.734,0.521,-1.173,1.55,0.427,0.311,-0.256,1.275,0.455,-0.216,0.766,1.406,-1.457,-0.155,0.153,1.559,0.33,0
0.303,0.225,-2.395,-1.123,0.616,1.037,-0.288,-0.066,-0.77,-0.895,-1.584,2.031,0.039,0.317,-0.374,-0.452,-1.724,1.513,0.022,-0.31,0.755,-0.982,-1.556,-0.641,-0.452,-1.357,-0.028,1.933,0.356,0.237,1
-1.139,2.179,-0.637,0.426,-0.936,0.125,0.506,0.217,-0.202,0.03,1.188,1.886,-0.129,0.929,-1.96,0.096,-0.016,-1.804,0.963,-0.83,-0.149,-0.237,-2.867,0.068,0.281,0.275,1.219,0.399,-2.351,0.377,0
0.641,-0.955,-1.198,0.662,-0.803,-0.765,-1.185,1.116,1.166,-1.271,1.913,0.701,0.045,0.128,-0.113,-0.214,1.225,1.961,0.186,-1.208,-0.02,-1.363,0.93,-0.868,0.434,-0.895,1.296,1.002,-0.438,0.9,0
0.157,-0.26,-0.824,-0.463,-1.019,-0.051,-0.31,-0.564,-0.57,0.883,0.147,1.484,2.083,-1.055,-0.981,-0.523,1.461,-1.274,-1.286,-0.28,-0.482,-0.969,0.387,1.744,0.659,-0.336,-2.607,1.695,-0.338,0.41,0
0.561,-0.668,0.419,-0.596,2.265,0.776,0.345,-0.672,0.422,-1.494,-1.575,-0.837,0.979,-1.008,-0.304,1.139,0.694,1.394,-1.941,0.303,1.06,-0.029,-0.924,-0.687,-0.087,0.565,0.346,-1.717,-0.311,-0.282,0
-0.887,1.331,-3.633,0.667,-1.545,-0.274,0.377,-0.256,0.708,0.868,-0.314,0.627,-0.308,0.099,0.626,1.065,1.439,0.214,-0.726,-1.123,0.94,1.785,-0.147,-0.288,0.139,-1.592,-0.935,0.131,-0.013,1.133,0
0.836,1.043,1.191,0.681,0.854,0.433,-0.336,1.59,-0.345,1.479,-1.566,0.133,1.469,-1.062,-0.896,2.119,-1.352,-1.894,1.155,-0.24,0.283,-0.699,1.069,0.688,-0.524,-1.397,0.494,0.17,0.944,-1.048,1
1.407,1.152,-0.101,1.511,-0.729,-1.117,0.695,-0.165,-2.648,-0.942,0.889,0.07,-0.124,0.226,1.109,1.366,0.082,-0.389,-1.929,1.253,-1.136,0.621,-1.271,-0.357,-0.941,-0.414,-0.909,-0.273,-0.834,-0.18,0
-1.0,1.011,0.541,1.255,1.673,0.009,-0.642,-0.377,-0.569,-0.6,-0.252,0.058,2.076,0.489,0.319,-0.235,0.212,0.895,-0.806,0.075,1.199,0.989,0.134,1.445,-0.72,0.703,-0.11,-0.208,-2.384,-1.477,0
-1.162,-0.279,0.425,-1.241,0.778,-0.468,0.014,0.671,-0.635,-0.769,-1.213,0.882,0.811,0.771,-2.548,0.318,0.352,0.427,0.219,0.61,-0.177,-0.225,-0.209,-0.98,-1.072,-0.728,-0.903,0.612,0.414,1.595,0
-1.096,0.625,0.365,-1.043,1.206,0.382,0.174,-0.676,-0.27,-1.432,-2.469,-0.58,0.466,-2.865,-0.116,-1.442,-1.025,2.089,0.941,-0.532,0.522,-0.908,2.05,-1.288,0.155,-0.537,-1.648,-1.295,-0.793,1.379,0
0.379,0.327,0.702,-0.284,0.904,-1.329,-0.409,1.629,-0.85,0.782,-0.493,-0.804,0.26,-0.012,0.392,0.837,1.435,-0.347,-0.425,-0.931,0.58,0.712,-0.124,1.436,-0.257,-0.511,0.093,1.002,-0.497,-0.142,1
1.373,-1.13,-0.348,-0.181,0.359,-1.426,-2.537,0.229,-1.076,1.652,-2.564,-1.707,0.322,0.747,-0.367,1.045,-0.905,1.035,1.339,1.312,1.538,0.58,-0.14,0.291,0.099,1.286,0.465,-0.613,-0.347,1.203,1
-1.341,-2.042,-0.039,-0.288,-2.623,-0.11,-1.173,-0.505,-0.551,-0.39,0.794,-2.216,-0.488,0.871,0.236,0.278,-2.062,-0.096,0.006,-0.634,-0.476,-0.411,0.161,-0.441,-0.219,-0.68,0.341,-0.082,-1.061,-1.152,1
-1.61,1.032,-1.558,0.163,-1.18,0.973,-1.557,0.089,1.606,-1.563,-0.915,-0.789,-1.005,-1.125,0.656,0.819,1.032,0.107,-0.728,-0.472,0.816,-1.236,-0.171,0.342,0.628,-0.021,1.627,1.393,0.833,-0.298,1
1.616,0.507,0.296,-1.366,-0.542,1.451,1.116,-0.754,0.187,1.308,-0.353,0.001,1.404,0.499,0.759,0.871,-0.471,0.583,0.34,-0.143,0.087,-0.452,-0.055,-0.048,1.404,0.914,-0.648,-1.872,0.869,-1.001,1
-1.541,-0.503,-1.32,-0.133,-0.055,-1.792,-0.204,-1.368,0.559,-1.091,0.128,0.814,-0.688,-0.113,0.012,-2.148,0.721,0.377,-1.225,-0.093,2.371,1.817,1.183,0.203,0.176,-1.152,-0.516,-0.141,0.107,-0.595,0
0.364,-0.862,1.487,-0.456,-0.932,0.373,2.593,-1.207,-1.197,-0.225,1.312,0.034,0.591,-0.166,0.578,-1.587,0.639,-0.524,-1.789,-0.184,0.598,0.629,0.156,0.43,-0.612,0.136,0.978,-0.978,-1.901,0.063,1
0.939,1.229,1.059,1.973,-1.485,-0.292,-0.575,-0.008,-0.502,-0.611,-0.559,-1.811,0.577,-0.137,-0.115,0.314,0.303,-0.399,1.623,-0.779,-0.962,-1.528,0.965,0.627,-0.558,2.293,0.577,0.308,0.546,1.212,1
0.503,1.234,-0.176,0.319,-0.155,-0.848,1.395,0.26,0.733,0.703,-0.033,0.78,-1.166,1.542,0.893,2.071,-0.864,-1.26,0.506,0.065,-0.595,-1.061,0.495,0.066,1.258,1.334,-1.426,0.102,0.565,-1.342,1
0.558,0.515,-1.272,0.155,-0.752,-0.911,0.778,-0.383,1.443,0.983,-0.744,0.475,-0.391,0.436,1.571,0.418,-0.121,0.535,-0.771,2.646,0.967,-1.309,1.606,-0.035,0.652,-1.11,1.262,-0.523,-0.793,-1.463,1
-0.736,0.067,0.162,0.47,0.888,-0.294,1.129,-0.307,-2.179,-1.965,0.163,-0.61,1.162,0.192,-0.39,0.04,-0.048,0.587,-1.041,0.839,-1.043,-0.643,-0.32,-0.292,0.472,-0.224,0.202,1.054,-0.598,1.571,0
3.005,-1.023,-1.196,0.973,0.623,0.291,0.341,-0.367,-0.689,1.037,0.362,0.275,1.407,-1.047,-0.236,-0.588,-0.128,1.178,-2.242,1.198,-0.607,-0.063,0.548,-0.189,1.062,0.425,-1.482,-1.224,-0.573,1.176,0
1.975,0.402,-2.289,-0.844,-0.588,-0.766,-0.314,1.401,0.057,0.237,0.479,-0.147,-0.976,-0.368,-1.411,-1.229,0.003,-0.262,-1.672,1.277,-0.402,-0.13,1.56,0.505,1.81,1.16,-1.226,0.667,1.264,0.102,0
0.243,0.782,-1.156,0.464,1.309,0.435,-0.19,2.351,0.63,-0.902,0.793,0.997,-0.508,0.121,-0.505,1.189,1.547,0.216,-0.251,-0.303,-0.231,-1.109,-0.24,1.537,0.34,-2.025,0.628,-0.794,-0.11,-1.129,0
0.768,-1.59,0.098,0.866,-1.386,0.15,-0.043,-1.563,-0.388,-1.47,-1.222,-1.792,1.465,0.214,1.245,0.319,0.693,-1.41,1.99,-0.685,0.517,1.031,-0.051,1.218,-0.923,0.298,-0.748,-0.326,0.691,-0.878,1
-0.236,-1.062,-0.916,-1.501,-0.591,-1.248,-0.244,-1.548,-0.559,-0.298,-0.972,-0.319,0.884,-0.26,-0.473,-1.206,0.057,-0.194,0.41,0.698,1.441,0.11,-0.776,-0.175,-1.1,-0.079,-1.676,1.398,0.067,1.574,0
-1.05,1.716,1.362,2.123,1.492,-0.815,0.556,-0.375,-0.339,0.162,-1.522,1.636,-0.251,-1.461,-0.567,1.006,1.875,1.224,-0.01,0.739,-0.431,-0.086,-1.864,0.025,-0.492,0.328,0.437,-0.212,2.646,-0.528,1
0.515,0.717,-0.919,1.196,1.646,0.439,-0.108,-1.069,0.469,-0.851,1.038,-1.658,-0.518,-0.717,-1.316,-0.149,0.255,1.189,-0.134,-1.354,-0.412,-0.352,0.375,0.08,1.237,-0.035,-0.25,0.144,-0.415,1.679,0
-1.241,1.645,0.606,-1.574,-0.405,-1.274,-1.279,-0.553,1.011,0.065,-0.31,1.117,-0.858,-1.872,2.126,0.583,-1.005,0.781,-0.531,1.13,-0.6,1.614,1.111,-0.062,0.51,-2.152,-0.839,-1.497,0.113,0.396,1
-1.377,0.446,0.902,-0.287,1.066,-0.521,0.615,1.323,-0.531,-0.081,0.7,-0.72,-1.328,-1.212,-0.426,1.092,-0.726,-0.027,2.284,-2.221,-0.821,-0.211,1.685,-0.707,-1.916,1.003,1.279,0.243,0.372,0.084,1
-1.251,-0.147,-1.084,-2.811,-0.713,-0.662,-0.206,0.312,0.357,-1.927,-0.898,-1.303,-1.088,0.268,0.009,-0.933,0.626,0.241,-0.987,-1.153,0.16,-0.455,-1.195,0.033,-1.832,-0.703,-0.082,1.187,-0.163,-0.011,0
-1.137,0.701,1.349,0.343,1.18,1.104,0.22,-0.722,1.94,1.142,-1.038,-0.006,0.18,-1.002,0.326,1.247,-0.16,-0.374,1.019,-2.186,-0.799,-0.558,0.617,-1.741,0.96,1.667,0.262,1.811,1.123,1.339,1
0.983,-0.564,-0.466,0.445,0.369,1.864,-0.793,-0.728,1.0,-0.214,0.287,-0.037,-1.557,-0.154,-0.514,1.067,-0.269,-1.049,-1.175,-1.651,-0.528,0.356,0.874,0.786,-0.588,-0.721,-0.961,0.408,-2.233,1.336,1
0.204,1.175,0.743,-0.085,0.497,0.93,1.128,0.047,0.433,-0.002,0.315,-2.008,0.054,0.984,-1.17,1.298,1.155,-0.786,-1.812,-0.351,0.112,-1.03,-1.058,0.345,0.774,-0.561,-0.35,0.244,2.066,0.021,0
-0.338,-0.459,0.639,0.245,1.869,0.075,-0.876,-1.383,1.037,0.928,-2.123,1.354,0.644,-0.36,-1.023,-1.038,0.245,-0.451,1.225,-0.184,1.57,1.483,0.54,-0.312,0.376,-0.222,-0.347,-2.059,0.656,-0.822,1
3.342,-0.23,-0.16,0.632,-0.578,0.26,1.562,-0.186,0.341,0.036,-0.228,-0.167,0.004,2.173,0.274,-1.062,-1.21,0.464,0.05,-2.678,-0.542,-0.93,-0.336,-0.982,1.115,0.476,1.193,0.394,0.24,0.056,1
-0.066,0.522,-1.512,0.078,-3.353,0.135,0.449,-0.273,1.079,1.022,-0.68,0.53,0.724,-0.289,2.739,-1.071,-1.055,0.603,0.303,-0.457,0.553,0.669,0.207,0.991,-1.272,-0.477,1.134,0.021,1.264,1.069,1
-0.138,-1.453,-1.071,0.054,0.978,0.045,-0.465,0.331,1.424,-0.214,-0.199,-0.459,0.959,-0.945,-0.535,0.266,1.847,2.1,0.495,0.0,0.524,0.309,-0.643,2.093,0.75,1.215,1.591,0.277,-0.647,0.068,0
0.789,-0.891,1.289,-0.373,0.247,-0.136,-0.126,1.039,1.316,0.628,-1.548,0.19,0.993,-0.006,-0.033,0.255,-1.136,1.314,-0.016,-1.401,-0.188,-0.704,0.455,-1.243,1.293,-0.794,-2.566,-0.95,0.132,1.126,0
-1.728,2.145,-1.575,-2.886,-0.744,1.664,0.337,1.039,-0.168,-0.803,0.28,0.607,0.726,-0.517,0.607,1.032,-1.746,-0.479,0.38,-1.099,0.966,-0.367,1.287,0.956,-0.236,-0.355,-1.051,-0.363,-0.227,-0.652,0
0.826,1.558,0.33,-0.503,-1.133,-0.438,0.127,1.423,-0.582,0.708,-1.573,-0.329,-0.057,-0.497,-0.49,0.314,1.066,2.01,0.287,0.35,-3.351,1.518,-0.186,0.486,0.219,-0.254,0.163,0.712,-0.165,-1.289,0
0.856,0.752,0.65,-1.153,0.383,0.588,1.188,1.841,0.537,-0.486,-0.111,1.543,0.311,-0.021,0.047,-1.074,-0.392,0.006,1.047,1.197,1.609,-1.784,1.172,-2.64,0.097,0.867,-0.33,-0.278,0.247,1.649,1
0.464,1.091,-0.649,-1.239,0.126,-1.141,0.91,-1.051,-1.103,1.831,-0.791,-0.206,-0.992,0.894,2.026,-0.046,-0.886,-0.641,-0.744,0.135,0.884,0.715,-0.728,0.603,-1.28,-0.442,2.495,0.567,0.344,-0.226,0
-0.349,0.456,-1.435,-1.113,-1.006,-1.527,-1.186,-0.832,-1.472,1.497,0.071,1.05,-0.187,1.367,-0.101,-0.129,-0.406,0.451,0.813,0.33,-0.571,0.168,-0.812,1.002,-0.378,-1.223,0.542,-0.509,0.904,-0.276,1
-1.544,-0.227,-0.422,0.513,-0.677,-0.645,-0.189,-1.709,1.23,-1.632,0.616,-0.052,-1.06,-1.916,-0.615,0.497,-0.536,-0.891,-0.403,2.401,-1.386,-0.361,0.144,0.841,-0.615,1.308,-0.173,1.286,-0.03,-0.45,0
-1.653,0.055,1.172,1.92,-0.94,0.871,-1.068,-1.18,1.754,0.624,0.443,0.351,-0.077,0.204,0.437,0.85,0.224,-0.088,-0.186,-0.44,0.35,-1.974,-0.341,-0.937,-0.848,0.254,-0.479,-0.219,1.95,-0.727,1
-2.065,1.254,-0.233,2.153,-0.155,1.425,0.23,0.708,0.542,-0.736,-0.764,-0.855,0.026,2.04,-1.85,1.998,0.084,1.07,-0.3,1.128,1.271,-1.134,0.264,-0.394,0.241,1.764,-0.097,0.384,0.896,-1.711,1
0.671,0.836,-0.855,-0.756,0.489,-0.454,-0.058,-0.398,-1.0,1.304,-1.266,-1.491,-1.013,0.42,-1.362,-0.297,1.316,-0.48,0.656,0.587,1.04,-0.056,-0.209,0.654,1.26,-0.069,0.798,-2.173,-0.035,0.16,0
-1.038,-0.203,-0.646,0.604,-0.555,-0.373,-0.492,-0.778,1.178,-0.714,-1.026,-2.047,-0.432,0.272,1.23,1.309,-0.386,0.238,1.652,-0.896,0.938,-0.388,-2.501,2.487,1.967,1.239,1.528,-0.031,0.62,-0.237,0
1.853,1.554,0.154,0.973,0.778,-0.614,1.986,-1.029,2.236,1.237,-0.999,0.629,-0.409,0.771,-1.145,-0.465,-0.191,-0.265,1.151,1.5,0.814,-0.216,-0.942,0.326,0.84,0.078,0.037,-1.242,0.385,1.272,1
-0.236,-0.948,-1.713,0.81,0.612,-1.738,-0.354,-0.066,0.147,0.265,0.833,0.477,1.907,-1.158,-0.651,2.193,-0.09,0.003,0.362,-0.777,0.224,0.212,0.347,1.367,1.861,0.497,0.445,-0.534,0.711,0.799,1
0.459,1.602,0.321,1.009,1.504,-0.284,0.609,-0.768,-1.352,-1.657,-1.206,0.765,1.35,1.798,0.176,0.81,-0.611,-1.403,0.355,0.426,1.318,-0.971,-0.363,-0.463,-0.474,-0.57,0.485,0.779,0.335,0.211,0
-0.045,0.713,1.042,0.441,0.537,-2.265,-1.168,1.934,-0.683,0.4,0.201,0.299,0.495,-1.065,-0.497,0.033,0.699,1.258,-0.01,-0.654,0.948,1.155,1.541,1.438,-0.372,0.935,1.375,0.112,0.705,1.177,1
1.551,1.118,0.138,-0.227,-0.238,-0.135,0.546,-0.912,0.184,0.601,-1.756,-1.953,0.916,0.776,-0.014,-0.247,2.591,-0.022,2.06,1.385,-0.153,-2.217,1.202,0.275,1.438,-1.387,-1.813,-0.799,-0.985,0.556,0
-1.293,0.092,-0.976,-0.439,0.679,-1.239,-1.377,-1.016,0.893,0.359,-2.997,0.414,-0.845,-1.196,0.081,0.006,1.111,1.29,0.383,1.864,0.465,1.233,1.99,-0.546,-0.371,-0.118,-2.617,2.232,-0.132,-0.19,0
1.094,-0.859,0.239,-0.298,0.845,-0.431,-2.185,0.22,0.846,-1.71,0.505,0.849,0.27,-0.6,1.328,-0.731,-0.594,-1.413,-0.902,-0.281,-0.317,2.402,1.361,0.963,-1.19,-2.094,0.066,0.835,-0.15,1.774,0
-1.043,1.055,-0.832,-0.706,-0.945,0.196,1.202,-0.799,-2.301,-0.315,0.004,0.661,1.373,0.938,-1.31,0.101,0.113,-1.556,0.221,0.736,0.972,-1.012,0.131,-0.979,-0.113,-0.711,0.056,-0.106,-1.301,-0.56,1
0.48,-1.019,-0.376,1.817,1.103,0.654,1.673,-0.17,0.875,0.052,0.28,0.796,-0.554,0.626,-0.148,0.184,-0.592,0.732,-0.378,0.448,0.218,-0.243,-0.113,-0.824,-1.286,-0.948,-2.623,-0.048,1.314,1.038,0
1.147,-1.826,-1.828,-2.055,0.208,0.122,-0.784,-0.318,0.536,-0.012,0.462,0.326,0.396,-1.84,-0.875,1.944,-0.675,0.137,-0.879,0.418,-0.552,0.581,0.036,-0.431,-0.455,1.931,0.283,-2.222,1.389,-1.687,1
-0.01,0.614,-0.91,1.355,1.015,1.789,-0.932,-2.825,-0.367,0.378,0.364,-1.761,-0.733,0.221,0.443,0.198,1.121,0.864,0.375,-0.819,-0.107,1.084,0.587,0.164,1.079,0.494,-0.647,-0.49,-1.012,-1.416,0
-1.464,0.172,0.426,-0.82,-0.916,0.303,-1.058,1.255,-0.294,0.715,1.152,0.668,-0.942,0.622,-0.853,-0.838,1.454,-1.003,-0.908,1.056,1.445,0.471,0.151,0.917,1.262,0.196,0.342,0.383,0.036,2.755,1
-0.269,0.39,1.775,2.757,0.286,0.064,1.529,0.854,0.066,0.988,0.634,0.862,0.983,0.002,0.657,1.107,-0.698,1.487,1.083,-0.315,-0.074,1.745,1.237,-0.732,-0.105,-1.064,2.801,-1.372,-0.788,-1.018,0
-0.773,1.195,-0.559,-0.67,-0.015,0.565,-0.28,0.327,-0.521,1.032,-0.515,0.097,1.543,0.543,-0.751,0.456,0.924,0.048,0.509,-1.34,0.558,1.978,-0.024,-0.793,-1.347,-1.719,-0.438,-1.009,1.068,0.245,0
-2.438,-1.217,-0.137,-0.198,2.573,1.065,-0.95,0.06,-0.122,1.819,2.207,-0.615,1.519,-0.219,1.629,-0.202,-0.105,1.06,-0.287,1.236,-0.884,-0.913,0.526,0.693,-1.08,-0.592,1.021,0.317,-0.08,0.13,1
0.485,0.006,-1.689,0.448,-0.325,-0.759,0.548,0.144,0.93,-0.747,-1.166,1.475,-0.505,-0.953,-0.125,-1.518,0.687,-1.797,-0.059,-0.286,-1.1,0.215,-2.118,-0.51,0.975,1.979,-0.676,-0.394,-0.101,-0.349,0
0.422,1.624,-1.036,0.426,0.17,0.686,-0.743,-1.572,-1.009,-0.301,-2.765,-0.499,0.644,-0.405,0.406,-1.478,0.058,-0.091,-0.39,0.392,-0.7,-0.114,0.041,0.688,-0.653,-0.524,0.122,0.163,0.235,0.709,1
0.125,1.253,-0.945,0.518,-0.294,2.475,-0.598,-1.509,-1.091,0.041,-0.156,-0.813,-0.235,1.251,-1.835,-0.329,0.1,-0.282,-0.08,0.574,0.998,-0.416,1.522,0.633,-2.202,-0.279,-0.295,-2.185,0.241,0.564,1
-0.213,0.339,0.969,1.12,0.996,-0.406,0.131,-1.147,0.173,0.097,0.675,-0.863,-0.536,-1.451,-0.418,-0.96,1.32,0.159,0.025,0.784,0.791,-0.344,-0.547,0.199,1.115,-1.376,1.151,0.938,-1.421,0.089,1
-0.475,0.897,-0.556,0.003,0.057,-1.253,0.379,1.221,-0.168,0.173,0.755,0.571,-0.588,0.939,-1.067,1.016,-0.103,-0.239,-1.707,-0.546,0.035,1.661,-0.678,-1.688,0.902,-0.312,0.853,0.786,-0.443,1.12,0
-0.112,2.112,-0.237,1.325,-0.384,-0.282,-1.75,-1.265,0.449,-0.636,1.169,-1.573,0.372,0.866,-1.483,-0.846,-0.524,0.687,-0.621,-0.073,1.838,0.721,-0.347,-0.675,1.039,0.549,-2.305,0.435,-2.594,-0.783,0
0.325,-1.175,0.102,0.354,-0.995,0.97,0.016,-0.711,-0.461,-0.703,-1.674,-0.32,-0.22,-0.01,0.101,-0.126,-0.137,-0.253,-0.589,-0.583,-1.36,-0.48,-0.215,0.542,0.427,1.132,0.548,-2.349,0.378,0.417,1
1.521,-1.652,-0.872,-2.03,-2.494,-0.631,-0.445,0.763,-0.121,-0.526,-0.27,0.951,0.014,2.791,-0.213,-1.588,-0.299,-1.321,1.1,0.231,0.25,-0.405,1.199,0.666,-0.349,-0.945,-0.299,2.715,0.837,2.121,0
0.318,-0.494,0.43,-0.548,-0.215,-0.933,-1.185,-0.649,1.105,0.633,1.39,-0.282,-0.586,0.454,-0.766,-1.287,0.814,-0.436,0.253,0.257,-1.519,1.327,0.636,-0.127,-2.444,0.36,-0.134,0.398,-0.897,0.879,1
0.877,1.031,0.677,1.125,0.457,0.707,1.589,1.796,-0.311,-0.996,1.022,-2.149,-0.146,0.698,1.23,0.544,-0.061,0.505,0.266,0.272,-0.225,2.368,1.02,1.043,0.087,0.645,-0.575,-0.961,0.489,-0.348,0
0.184,1.955,0.67,-0.516,1.595,0.525,-0.327,-0.867,-1.063,1.142,0.483,-0.29,-0.946,-0.054,-0.318,-0.176,0.581,0.078,0.959,0.666,0.032,-0.933,-0.699,-0.437,-1.907,-1.089,-0.022,-0.912,-0.282,-0.789,0
-0.241,-0.491,0.104,0.049,0.538,0.247,0.911,-3.296,-1.76,0.644,0.579,0.226,-0.949,0.051,0.442,-0.859,-1.219,-1.541,0.813,-1.787,-0.358,-1.983,1.277,1.623,0.004,-1.047,0.124,-0.536,-1.851,2.103,0
0.006,0.303,-0.495,-2.014,-0.675,-0.167,0.478,1.058,1.183,-0.017,0.339,1.013,-0.506,-1.158,0.883,-2.338,2.296,0.994,-1.492,0.279,1.214,2.45,-1.229,0.428,1.017,0.173,2.375,0.769,0.042,0.016,1
0.543,0.397,0.309,-0.276,-0.944,-1.708,-1.962,-0.314,-0.792,-0.228,0.029,0.187,-0.512,-1.388,1.451,0.329,0.983,-0.067,-0.827,-0.947,1.376,0.863,0.559,-0.152,1.586,-0.545,0.535,0.196,1.534,1.245,0
1.578,0.588,-0.561,-1.45,1.026,-0.495,-0.084,-0.091,-0.476,-0.377,-2.17,-0.415,0.751,0.877,0.23,0.975,-0.586,-0.523,-0.562,-0.789,-1.215,1.151,-0.796,-0.272,3.288,1.463,0.894,1.204,-1.657,0.487,1
0.465,-0.736,-0.277,-0.824,-2.027,0.448,1.269,-0.731,0.352,-0.917,-0.955,-2.236,1.071,-0.341,-0.445,0.349,-0.472,-0.735,0.419,-1.503,0.119,0.099,0.062,-1.255,-0.075,-0.266,1.611,-0.037,0.402,-0.119,1
1.259,-1.519,1.232,0.15,0.302,1.079,0.19,-0.606,0.444,0.616,-0.386,0.763,1.278,0.54,0.793,0.545,-1.253,-0.302,-1.222,-0.827,0.628,0.734,0.54,-0.258,-0.989,1.657,-1.772,0.759,-0.738,2.088,0
1.852,1.309,-1.905,1.16,-0.987,-0.268,-2.086,-0.142,0.334,1.216,-0.715,0.932,-1.672,0.981,-0.494,-1.383,0.807,-1.5,1.385,0.457,-0.414,1.549,0.077,0.759,1.789,-1.022,0.487,2.842,1.006,1.258,0
0.267,0.107,2.238,-0.619,0.564,0.881,-0.621,0.973,-1.1,0.724,0.647,-0.256,-0.15,1.294,0.687,0.878,-0.679,-1.123,-1.825,1.421,-0.888,-1.173,1.297,-0.304,0.778,-0.249,0.431,1.332,0.02,0.298,0
0.352,0.092,0.791,-0.96,-0.633,-0.274,0.603,0.861,-0.022,-0.4,-1.76,-0.663,1.823,0.737,1.27,-0.109,0.075,-0.538,0.674,-2.92,-0.173,1.799,0.892,-0.339,0.58,-0.381,-0.272,0.384,0.286,-1.104,1
1.428,1.481,-0.642,0.698,0.035,-0.942,-0.952,-1.395,-0.251,-1.056,0.099,-0.453,0.68,-0.844,0.352,-2.36,0.091,1.955,0.148,0.076,0.476,-1.254,0.794,-0.313,-0.876,-0.939,-0.819,-2.865,-0.017,0.577,1
1.005,0.672,0.32,-1.042,0.423,-0.307,1.328,0.587,-0.155,2.392,1.194,-1.074,-1.185,1.033,1.771,0.182,0.565,-1.034,-0.838,0.857,0.172,-0.646,-0.861,1.267,0.211,1.603,0.261,-1.014,1.036,-0.339,1
1.85,-0.106,0.648,-0.001,-1.633,-2.11,0.834,-0.318,0.905,-0.491,-1.05,-0.634,0.165,-0.238,-0.487,-0.378,2.221,0.715,-0.989,-0.914,0.597,1.653,-1.694,-0.847,-0.403,-0.585,-0.261,-0.479,-0.793,0.139,1
0.226,-1.741,-0.529,2.001,-0.145,-0.816,-1.497,-0.65,-0.672,-1.214,0.499,-0.741,0.2,-0.279,-0.804,-0.749,-1.03,-1.405,0.999,-0.038,0.258,0.206,-0.578,-0.12,-0.306,-0.163,-1.121,-0.582,1.411,-0.289,1
-2.694,1.071,-0.299,0.278,-0.675,-0.515,1.745,0.192,0.631,0.593,-1.012,-1.804,0.762,1.112,-0.776,-0.265,-0.577,0.874,-0.252,-1.743,0.182,-1.178,0.568,-0.402,-0.057,0.099,-0.316,-1.029,0.554,1.071,1
-0.36,1.673,-0.022,-1.03,1.611,1.426,-1.167,-2.328,2.017,-0.476,0.196,-1.792,1.196,1.423,0.276,1.177,-0.522,0.755,-0.848,0.977,-0.064,1.297,-1.182,1.045,1.018,0.196,0.082,2.623,0.476,-1.027,1
0.613,0.131,0.118,-1.087,-0.527,-0.327,-1.261,-0.464,-0.553,-2.075,-0.351,-0.246,-0.589,-0.272,-2.496,-1.327,0.893,-0.617,-0.333,0.288,0.805,-0.31,1.105,1.318,0.1,-0.009,0.061,0.748,-2.07,1.907,1
0.135,1.485,1.087,-1.149,-0.718,-0.793,-1.635,-2.011,-0.33,-0.424,-0.777,-0.805,-0.074,0.064,-0.797,-0.662,1.634,1.118,-0.453,-0.557,0.458,-0.069,0.171,-0.526,-0.736,-0.882,0.332,-0.315,-0.631,1.105,0
-1.766,0.045,-0.379,-1.08,-0.452,0.685,0.461,0.551,-0.194,-0.955,-0.663,0.317,-0.488,-1.039,0.975,1.117,0.104,-0.832,-0.46,0.225,-2.126,-0.298,-0.89,-1.524,-0.647,0.636,0.46,1.049,2.139,-0.52,1
1.659,1.072,0.494,0.987,0.617,0.111,-0.518,-1.374,-0.818,1.565,0.002,-0.022,-0.466,0.122,-0.243,1.484,-1.642,1.363,-0.638,0.097,1.59,-1.317,0.737,0.768,1.034,-3.472,0.318,0.562,1.75,-1.892,1
-0.135,-0.424,-0.276,0.19,-0.776,0.277,-0.986,-0.315,0.36,0.846,1.215,0.083,0.715,0.422,1.814,-0.661,0.059,-1.204,0.51,-0.847,-1.773,-0.341,1.226,-0.712,1.081,1.454,1.22,-0.488,0.434,1.047,1
0.116,0.012,-1.852,0.617,-1.186,0.372,1.415,-0.834,1.059,0.146,0.072,-0.032,-0.608,-0.789,0.429,-0.597,-1.242,0.55,1.459,-0.278,0.473,0.662,-0.686,-0.639,-0.376,1.123,-0.707,-0.644,0.297,0.485,1
-1.478,-0.068,0.645,-0.317,-0.712,0.438,0.197,0.635,0.996,0.242,-0.26,0.306,1.072,0.651,-0.335,-1.687,-1.219,-0.317,0.452,1.889,0.42,-0.137,1.52,0.415,0.223,0.754,0.771,-0.487,0.015,-0.116,1
-0.668,0.197,0.497,0.511,-0.182,1.639,-1.233,-1.028,-0.868,0.927,-1.405,-0.988,1.374,-0.215,0.837,1.759,-0.502,0.473,-1.168,1.045,-1.786,-0.216,-0.314,-1.565,-0.899,-0.397,-0.099,-1.232,0.094,-0.015,1
0.697,1.162,-0.615,-0.668,-1.114,0.963,-0.213,-0.464,0.267,-0.019,-0.934,-0.254,-0.045,-0.107,-0.691,0.69,1.422,1.507,1.624,-0.433,-1.237,0.287,1.436,0.164,-0.128,1.797,-0.819,0.242,1.635,-0.583,1
-1.919,1.165,0.427,-1.113,-0.503,-0.089,0.775,0.501,-1.072,-0.386,-0.713,2.299,-0.268,0.356,1.005,-0.699,1.112,-0.179,0.2,-1.447,-0.418,1.598,-0.398,-0.989,0.235,-0.749,-2.644,-0.76,-2.255,0.704,1
0.565,0.055,-0.304,-1.767,-0.068,0.29,1.562,0.084,0.105,-0.298,0.046,-0.566,1.259,0.535,0.145,-0.639,-0.362,-0.47,-0.011,-0.622,-0.14,-0.272,-2.174,-1.133,-0.733,1.071,-1.473,1.585,-0.295,-0.608,1
-1.099,0.956,-1.549,0.42,-0.16,1.518,0.204,-0.989,-0.622,0.752,-0.999,1.145,-0.038,-1.145,1.633,-1.111,-0.109,0.399,1.134,0.601,-0.745,-0.363,1.956,0.506,-1.501,-0.199,-1.074,-1.334,1.307,0.561,1
-1.274,1.372,0.588,1.384,0.41,-0.248,-0.231,0.396,1.727,-0.593,-0.63,2.359,1.08,0.661,-1.318,-0.702,-0.803,-2.072,0.934,0.189,-0.713,-1.223,1.093,-0.137,-0.304,-0.402,0.766,0.739,-0.998,-0.723,1
2.213,-2.279,-0.377,0.215,0.2,-0.232,0.29,-1.47,0.084,-0.839,-0.508,1.523,-1.165,-0.909,0.448,-0.289,-0.089,-0.026,-0.022,0.866,-1.112,0.313,-1.077,-1.304,1.23,-0.409,-1.268,1.327,1.478,-0.088,0
0.802,-0.343,0.34,0.673,0.703,0.034,0.288,0.165,-0.786,0.036,-0.396,-0.136,0.025,0.537,-0.033,-1.154,1.088,0.89,-1.014,-1.855,-0.367,-0.528,-1.704,-1.165,0.552,-0.833,0.571,1.268,-0.699,0.207,0
1.797,0.047,0.563,0.206,-1.073,-0.94,0.229,-1.34,-3.06,0.008,0.089,0.184,-1.416,0.559,0.255,0.047,0.523,-0.51,-0.026,0.473,-0.176,2.011,-1.832,-0.185,-1.049,-1.526,-0.905,-1.798,0.645,-1.176,1
0.821,2.602,-1.073,0.794,-0.669,0.079,0.742,-0.721,-0.645,-0.48,-0.993,0.113,0.017,-1.375,1.652,-0.344,-0.693,2.194,1.115,-1.145,-0.078,1.142,-0.272,0.923,1.426,-1.582,1.87,2.154,-1.404,0.106,1
0.014,0.717,0.385,-1.747,0.443,0.992,0.407,0.686,2.604,-0.836,0.27,-1.109,0.701,-1.414,0.683,0.839,-0.174,0.65,0.945,-1.062,1.876,-0.468,-0.73,-0.055,-0.72,1.026,0.236,-1.106,-0.082,0.813,0
-0.03,0.368,-0.014,-0.592,-0.259,2.647,1.137,-0.43,0.895,0.835,0.675,0.472,0.449,0.142,-0.941,-0.244,0.755,1.456,1.269,0.533,0.104,-1.077,0.156,0.39,-0.137,2.884,-0.541,-0.095,0.586,1.303,1
0.432,-2.055,0.514,0.545,-1.32,0.398,0.253,-0.873,-1.328,0.014,-0.951,0.454,2.649,1.236,1.066,1.103,-0.373,-0.65,-0.251,-0.66,-0.24,-0.455,-0.058,-1.226,0.487,0.645,0.042,-0.967,0.005,1.252,1
1.131,0.513,-1.369,-1.501,1.708,0.417,-1.205,1.311,0.9,-0.791,1.333,-0.387,0.447,0.604,-0.191,-0.064,-2.305,0.637,-1.928,-1.283,-0.893,-0.512,0.154,-0.268,0.218,0.468,-0.35,-0.55,-0.315,-0.636,0
0.112,0.489,-0.346,-1.638,-0.083,-0.267,-0.739,0.614,0.134,-0.023,-2.068,-0.153,-0.709,1.823,1.638,0.568,1.065,1.335,2.155,-0.807,1.636,2.171,0.779,0.073,0.413,0.409,-0.486,0.305,-0.718,-1.445,0
0.255,2.032,0.828,0.371,-0.984,-0.465,0.79,1.862,-1.267,1.657,-0.021,-0.406,0.435,-0.043,1.922,0.727,0.949,0.418,-0.975,-0.599,-1.965,-0.113,0.703,0.754,0.197,-0.151,0.424,0.306,-0.772,-0.274,1
0.098,-0.03,1.055,-0.597,0.93,-0.065,-0.522,-1.99,0.769,0.574,-0.951,-1.061,-0.769,-0.457,-0.508,0.415,-0.375,0.658,0.214,-0.933,-2.158,-2.084,-0.327,-0.212,-1.644,-0.04,-1.216,0.267,0.719,-0.047,1
0.307,-0.714,-0.631,-0.606,-0.243,0.235,-0.796,-1.026,-0.724,-1.504,-0.028,-0.047,-0.583,-0.435,0.206,-1.323,-0.467,-0.834,1.62,-1.287,-1.146,-2.364,-0.631,1.223,0.797,-0.575,0.54,0.846,0.283,0.074,1
-0.012,-0.851,-2.338,-1.303,0.752,1.799,-0.659,-0.857,0.75,-0.176,-0.371,-0.197,2.475,-0.434,-1.129,1.769,-0.094,0.001,-0.96,0.962,0.731,0.111,-0.779,0.552,0.447,-0.551,-0.021,-2.144,0.659,0.509,0
0.407,-0.649,-0.715,-0.509,0.404,0.723,-0.648,1.964,0.248,2.293,0.503,1.393,-0.134,2.1,0.331,-0.056,-0.599,0.201,0.762,-1.528,-1.658,0.24,-0.122,0.687,-0.206,-0.678,1.498,1.69,1.307,2.246,0
0.202,-0.488,0.141,-1.834,1.063,-0.366,-0.222,1.014,-0.17,-1.426,-0.545,-0.233,0.762,-0.543,0.046,0.597,0.648,-0.305,-0.91,-1.031,1.138,-0.573,0.293,1.089,0.721,-0.87,-0.369,1.0,0.408,-0.434,0
-1.482,0.692,0.41,0.514,0.027,-1.164,-0.717,-0.531,0.734,0.939,-0.327,0.368,1.194,2.198,0.905,-0.576,-1.216,0.74,0.279,-0.236,0.443,-0.085,0.828,-0.932,1.006,0.262,-0.576,-0.252,0.936,1.769,1
2.116,-0.109,0.871,2.109,1.693,0.066,1.469,-1.503,-1.247,-0.613,-0.764,0.137,0.335,-0.928,0.639,0.158,0.101,0.411,0.562,-0.529,-0.791,-0.185,-0.998,0.42,0.755,1.607,-0.893,0.363,0.41,0.673,0
0.622,-0.556,0.693,-0.395,-0.446,-1.076,-0.184,0.255,1.267,0.235,0.021,-1.935,-0.465,-0.748,-1.736,-0.256,-1.172,-1.167,-1.003,0.609,0.172,-0.061,-0.371,1.16,1.152,-0.901,-0.171,-0.055,-0.341,1.25,0
-1.221,0.619,1.232,-0.848,0.456,1.306,-0.203,1.945,1.018,-0.156,0.515,-0.221,0.882,-1.139,-0.651,0.495,-0.422,0.957,2.353,0.076,0.659,-1.125,-0.455,-0.013,0.316,1.032,-1.389,-0.306,-0.704,-0.817,1
-0.306,-2.373,1.032,0.18,-0.204,-1.362,0.212,-0.693,0.78,-0.266,-0.185,0.055,0.447,0.341,-0.013,1.807,0.641,-0.38,-0.24,-1.251,-1.011,-0.234,0.389,-2.651,-0.577,0.617,-0.001,0.346,0.354,-0.667,1
-1.129,0.837,-0.572,-1.781,0.378,-0.661,-1.459,1.354,1.25,-0.984,-1.231,0.742,0.02,2.648,0.693,-0.895,-0.729,-1.183,0.015,0.148,1.37,-1.037,0.984,-0.076,-0.773,-0.81,-0.009,-1.23,1.084,0.483,1
0.331,0.367,-1.269,-1.129,-0.903,-0.61,0.283,-0.346,-0.126,1.416,0.47,0.378,0.192,1.199,0.847,0.732,-1.651,0.129,0.203,0.745,0.59,-0.932,-0.669,0.319,-2.322,1.288,0.077,0.062,0.461,-0.184,1
0.123,0.03,0.209,0.493,-0.26,0.565,-0.987,2.117,0.085,-0.852,1.787,-0.885,1.546,-0.503,-0.104,-1.062,1.22,1.051,-0.884,-1.317,0.271,-0.229,-1.943,0.02,1.009,-1.63,1.229,-0.733,-0.277,-0.417,0
1.215,0.478,-0.456,-0.664,0.285,0.381,0.981,0.979,-0.043,1.11,-0.195,-0.087,0.203,-0.562,-0.368,2.195,1.079,-0.409,0.21,2.558,-0.802,0.301,-0.048,1.043,-1.123,-1.207,1.706,0.042,1.183,0.001,1
0.281,1.241,1.538,-2.235,-0.257,1.2,-2.066,-0.084,-0.226,1.584,0.664,-0.282,1.709,2.061,0.267,0.617,1.327,0.942,1.547,2.853,-0.445,1.223,1.798,-0.078,0.11,-0.313,1.284,-0.303,1.249,1.38,1
1.919,1.358,-1.416,-0.655,1.263,1.223,-1.015,0.683,1.585,0.361,0.9,-2.03,-0.738,1.567,0.011,-0.272,-0.601,-1.273,0.372,1.024,1.001,0.767,-0.946,-1.211,-1.188,0.651,0.944,0.479,0.61,-0.128,0
-2.15,0.804,2.554,0.31,-1.446,1.038,-0.668,-0.188,-1.893,0.21,0.549,0.829,-0.894,0.258,-1.377,0.144,-0.311,1.36,0.617,-1.444,-0.58,0.951,2.16,-0.527,0.356,-0.29,0.223,-1.926,-1.055,0.065,1
0.136,0.013,-0.44,0.936,0.625,0.144,0.632,0.955,0.644,-0.306,0.263,0.485,-2.383,0.557,0.077,0.046,-0.08,-0.578,-0.594,1.308,-0.933,1.52,-0.516,0.453,0.965,0.407,-1.951,-0.241,0.595,0.479,1
0.318,1.089,0.192,1.215,-1.385,0.196,1.037,-1.055,-1.296,-0.587,-0.432,1.122,-1.278,0.78,1.375,-0.181,0.738,-0.367,0.558,-0.756,-0.206,1.581,1.666,0.237,0.827,0.03,0.375,-0.47,1.61,-0.501,0
0.313,0.123,0.229,0.391,0.244,-1.366,1.528,-0.668,0.471,-0.642,-0.609,-1.558,1.193,-1.745,0.799,0.882,-1.612,0.141,-0.431,-0.974,-1.585,-1.783,-1.375,-0.79,-1.246,0.517,0.342,-0.499,-0.516,0.353,0
-1.772,-0.11,0.788,1.023,0.472,0.82,0.403,-1.279,-0.007,0.294,-0.449,-1.704,-2.285,-0.66,-0.717,-2.056,-1.157,1.012,-1.877,0.531,0.049,0.249,2.243,-1.621,-0.738,0.468,0.308,0.938,-0.407,0.16,0
0.267,-0.122,-0.582,0.85,-0.42,0.158,-0.672,-0.337,0.445,0.556,-1.46,-0.692,-0.763,0.591,0.448,1.95,1.125,-0.319,-0.282,-1.092,-0.845,-0.863,-1.308,-1.181,0.169,-1.332,-0.707,0.813,-0.354,-0.005,1
0.158,-0.019,-1.918,0.225,-1.48,-0.487,0.351,0.716,0.393,0.561,0.978,-0.159,-0.144,1.071,-0.577,0.713,-0.801,-0.579,-0.984,-0.483,0.619,-1.27,0.012,-0.426,1.271,-1.114,0.409,0.761,0.155,-0.85,0
-1.972,0.621,-0.361,1.607,1.367,2.235,-0.146,-1.718,-0.784,-0.343,-2.177,0.714,-0.165,0.857,0.966,0.44,-0.077,0.669,-0.553,0.271,-0.075,0.131,-1.552,2.855,-0.296,0.138,-0.193,-0.387,-1.737,0.473,1
1.059,-0.971,1.851,-0.179,-0.666,-0.772,0.737,0.871,0.088,-0.893,0.847,0.095,-1.806,-0.406,-0.933,-1.23,-0.597,0.963,1.252,-0.364,1.686,-1.026,-0.618,0.42,-0.279,-0.368,-0.157,-0.579,2.412,0.053,1
-0.93,-1.394,1.367,0.955,-0.698,0.672,-2.537,0.191,0.521,-1.199,0.413,-1.594,-0.748,-0.404,0.569,0.18,2.03,0.645,0.409,-0.476,0.747,-1.162,-0.385,-0.143,-2.354,0.279,0.612,0.063,-0.519,-0.302,1
-0.158,0.283,0.208,-0.664,-0.067,0.199,-1.167,-0.769,-0.41,0.572,0.969,1.72,-1.247,1.182,0.265,0.069,0.542,1.621,0.247,1.253,-0.02,0.276,0.047,0.92,1.0,0.78,0.398,0.863,-1.597,0.198,1
-1.285,-1.507,0.922,1.847,0.141,-0.53,0.992,0.434,-0.276,0.191,-1.711,1.154,-0.706,0.184,-0.153,1.095,-0.658,-0.888,-0.198,0.24,0.043,2.188,-0.564,-0.003,-0.854,0.248,2.156,-0.648,0.847,2.09,0
-0.927,0.506,0.101,0.566,1.434,2.409,0.305,0.823,-1.073,-0.219,2.482,2.278,-0.407,0.081,-1.164,-0.266,-0.877,-1.009,0.675,-0.096,2.909,1.996,-0.421,0.937,-0.981,-1.994,0.626,-0.01,1.266,-0.935,0
-0.191,-0.061,-0.874,-0.547,2.006,-0.495,0.745,0.847,0.952,-0.32,-0.367,-0.975,-0.43,0.773,0.244,-1.294,0.008,1.268,0.523,-0.342,-0.463,-1.455,-0.097,-1.643,-0.871,0.892,0.034,2.016,0.575,-0.246,0
0.856,1.376,-1.361,-1.782,2.238,-2.673,-1.6,-0.635,-0.442,1.435,0.385,-0.23,-1.33,-0.928,-2.664,0.422,1.086,1.008,-2.191,-0.79,0.661,1.571,-0.253,1.245,-1.241,2.462,1.464,0.044,0.542,0.166,0
-1.049,-0.531,-1.65,1.013,0.677,0.241,-0.645,-1.839,-1.171,0.302,-2.027,-1.36,-0.279,-0.356,0.278,-0.014,-0.41,1.766,0.314,0.653,-0.024,-0.809,0.25,1.69,-0.31,-1.879,0.192,0.673,-0.053,0.278,1
-0.302,1.04,-1.182,-1.229,-0.871,-0.519,0.889,-1.691,-1.402,0.065,2.115,0.18,-1.041,-0.658,1.343,1.718,0.79,1.024,-0.811,0.528,0.43,-1.011,-0.636,0.654,-0.714,0.531,0.043,-1.016,0.879,0.795,1
-0.566,0.059,0.062,-0.294,-0.076,-0.982,-1.405,2.336,0.27,1.212,2.684,0.811,-1.446,1.32,-0.054,-0.129,-1.03,-0.158,-0.136,-0.782,-0.506,0.663,-1.344,-0.817,1.142,0.115,-0.628,0.742,1.461,0.665,1
0.972,-0.733,1.934,-0.231,-0.161,-1.98,-1.285,-1.246,-0.745,-0.158,-0.465,1.251,-0.825,1.569,-0.218,0.85,0.918,0.388,-0.224,0.661,-0.412,-0.619,-1.261,0.751,-0.956,-0.686,0.674,-0.712,-0.18,0.458,1
1.812,0.679,0.755,-0.98,0.875,-1.575,0.263,0.076,0.462,0.175,-0.557,1.291,-1.224,0.44,0.43,-1.591,1.684,-0.42,0.073,-0.101,2.212,0.198,0.868,-0.543,-0.451,0.908,0.662,-0.665,-1.442,0.857,1
0.957,0.439,1.679,-0.334,0.682,0.918,-1.638,1.003,0.972,0.997,0.464,0.668,-0.542,-0.4,-0.758,1.364,-2.836,-1.781,-1.072,0.092,-0.423,-0.155,-0.948,-0.024,0.008,0.285,1.326,-2.229,0.317,-0.634,1
-0.507,-0.202,0.581,1.79,-1.798,1.887,-0.881,-1.29,-1.075,-0.067,-0.147,0.159,1.22,0.106,0.881,0.083,1.778,1.151,-0.472,-0.781,-2.115,0.884,-0.946,1.473,-0.39,1.499,-0.191,-1.183,0.939,0.061,1
0.361,-0.898,0.989,-1.69,-1.044,0.764,0.605,0.733,-0.709,-0.957,-0.444,-0.341,0.697,-0.289,1.398,-0.768,-0.578,-0.192,-1.381,0.733,0.112,1.664,1.404,-0.369,-1.297,-0.305,0.124,0.471,-0.714,-0.463,0
-2.278,0.523,-0.523,0.439,-0.508,0.716,-1.719,-1.82,-1.316,-1.242,-0.77,0.023,0.532,-0.828,1.425,-0.71,1.582,-0.236,1.225,0.356,2.087,-1.282,0.707,0.72,0.566,0.851,1.146,-0.528,-0.224,-0.325,1
-1.064,1.108,-0.426,0.071,-0.947,0.937,0.61,1.758,1.22,0.598,1.271,1.64,0.035,0.036,0.63,-0.863,-0.589,-0.797,-0.787,0.284,-1.079,-0.156,-0.846,0.16,1.375,0.875,0.216,-0.086,-1.084,0.317,1
-1.567,-0.533,0.225,0.802,-2.314,0.191,-1.666,0.185,0.263,-0.071,-0.183,-0.35,-0.219,-0.38,0.083,-0.62,-0.739,0.618,-1.015,-0.506,1.255,-0.33,-0.329,-0.65,-0.298,-0.721,-0.365,0.049,-0.159,-0.464,0
0.873,0.76,-0.878,-0.203,1.167,-0.027,-0.769,1.266,-0.24,0.398,-0.706,-1.149,0.355,0.544,-0.861,-0.541,-0.63,-1.257,1.179,1.981,1.55,2.129,-0.069,1.077,-0.879,0.585,-1.831,-0.152,-0.783,0.78,0
0.327,2.439,1.2,1.235,0.865,-0.281,0.488,1.206,-2.01,0.445,-1.568,1.379,-1.11,0.908,0.503,-0.431,1.931,-0.301,-1.361,0.914,0.763,-0.469,-1.037,0.268,0.239,-1.492,-1.409,-0.791,0.88,1.024,0
-0.184,1.008,0.408,-0.022,-0.692,-0.261,-0.04,0.467,-0.062,-0.495,-0.35,-2.259,0.143,-0.938,-0.224,-0.807,0.198,-1.333,1.576,0.736,1.898,0.843,0.323,0.213,0.423,2.009,0.933,-0.902,-1.048,-0.467,1
1.608,0.827,-1.0,-0.368,0.065,1.108,1.281,0.94,-1.401,1.015,-0.879,-2.618,-1.1,-0.518,0.914,-2.416,0.067,-1.191,0.59,-0.615,2.526,1.465,-0.498,0.672,-0.193,0.38,-0.171,0.845,-0.408,0.957,1
-0.47,1.663,0.366,0.035,0.326,0.838,0.233,-1.745,0.288,-0.856,-0.47,-0.684,-0.394,-0.942,-0.134,0.017,0.254,1.303,1.246,1.543,-0.914,1.723,1.794,0.645,0.176,1.435,0.05,-0.806,1.852,1.166,0
0.061,0.79,1.677,-1.286,1.189,0.256,-0.415,0.505,0.319,-0.218,1.712,2.56,1.312,0.955,-0.367,1.028,1.245,-2.417,-0.499,-0.967,-0.31,-1.747,-1.151,0.894,-0.898,-0.145,-0.189,0.652,-0.867,-0.294,1
1.186,0.431,-0.58,-0.389,2.439,2.168,2.812,-1.057,-1.239,0.806,0.619,0.06,1.745,-0.719,0.07,0.031,0.647,0.061,-1.828,-0.319,-0.331,-1.351,0.495,-0.197,-0.531,0.169,0.755,0.387,-0.527,0.105,0
