feature_1,feature_2,feature_3,feature_4,feature_5,feature_6,feature_7,feature_8,feature_9,feature_10,feature_11,feature_12,feature_13,feature_14,feature_15,feature_16,feature_17,feature_18,feature_19,feature_20,feature_21,feature_22,feature_23,feature_24,feature_25,feature_26,feature_27,feature_28,feature_29,feature_30,target
1.586,1.125,1.831,0.113,0.498,1.501,-0.141,-0.352,-0.164,-1.165,-0.409,-0.525,-1.315,0.603,-0.812,0.592,-1.227,-0.96,1.712,-0.015,0.425,-1.345,1.611,0.591,0.164,1.251,0.517,-0.808,-2.079,0.637,0
1.382,-0.916,1.154,0.116,-1.198,0.361,-1.031,1.145,-0.418,-0.804,0.213,-0.937,-1.146,0.226,0.499,0.211,-1.585,0.598,0.447,-1.175,-0.026,-1.786,-0.134,-0.189,-0.323,1.34,0.395,-1.087,-0.671,-0.11,1
1.925,-0.027,-0.343,-1.122,2.126,-0.486,-0.903,-0.849,1.012,0.929,1.279,-1.317,1.247,-1.105,-0.83,0.168,0.185,-0.287,0.684,-0.016,-0.157,0.16,0.54,-1.043,-2.352,-1.5,1.588,-2.812,0.241,1.253,0
-1.166,2.568,-0.636,-0.11,1.253,0.95,1.253,-0.426,-0.535,-0.577,1.973,0.163,-0.539,-0.535,-0.945,2.277,0.681,0.741,-0.291,0.66,-0.066,-2.497,-0.459,-0.832,0.288,-0.044,-0.194,-0.161,-0.669,1.59,1
-1.418,-1.502,0.086,-0.606,-2.065,-0.279,0.329,-1.53,0.569,0.121,0.758,0.154,-1.668,-0.753,0.847,1.214,-0.821,1.601,0.298,0.247,-0.458,0.945,-0.245,0.987,-0.343,0.058,0.357,-0.266,-0.387,1.726,0
-0.123,-0.809,1.4,0.33,-0.251,-0.495,1.019,0.63,-0.4,-0.035,-0.702,1.173,0.906,0.304,0.546,-0.942,-1.966,-1.36,-1.343,-1.316,-1.826,0.643,-0.792,1.352,0.719,-0.394,0.977,-0.427,-1.838,-0.18,1
-1.453,0.186,1.453,-1.016,-0.286,-1.467,0.685,0.487,-1.01,-0.543,0.911,0.302,-0.708,-0.928,-0.079,-0.24,-1.319,-0.828,-1.106,-0.524,1.466,0.649,1.005,0.567,0.438,-0.697,-1.231,-0.98,-0.591,-0.05,1
-0.509,-1.242,1.82,0.235,0.374,0.438,-1.324,0.003,1.05,0.756,2.05,1.149,-0.654,0.856,1.527,-0.38,-0.963,0.486,0.56,-0.001,-1.032,0.51,1.012,-0.837,0.24,1.605,-1.056,-0.576,0.57,0.248,0
0.006,2.941,1.436,-1.653,-0.121,-1.225,2.259,0.885,0.421,-0.461,-0.644,0.951,-1.118,0.148,0.624,-0.346,-0.53,-0.685,-0.183,1.111,-0.197,-1.497,0.185,-1.029,-0.947,-1.929,1.808,-0.751,-0.264,-0.191,0
1.959,-0.687,1.364,-0.548,-0.965,-0.992,-1.684,-0.078,-1.125,-0.355,-0.536,-0.829,-0.447,0.223,-2.274,1.949,-1.122,0.007,-0.772,0.917,0.468,0.243,-0.93,0.194,-0.37,-0.675,-0.168,-0.32,-1.225,-1.372,1
0.855,-0.148,-1.505,-1.535,1.547,0.272,1.147,-0.683,-1.699,-1.355,-0.064,-0.522,-1.018,1.176,0.129,-1.065,1.898,-0.038,-0.342,0.574,-0.705,-0.019,-0.364,1.996,-2.068,1.067,-1.574,0.159,1.33,2.328,1
-1.19,-1.083,-2.918,0.901,-1.506,0.804,0.83,0.565,-0.169,-0.122,-1.644,0.322,1.522,0.581,-1.605,0.279,0.26,-0.331,0.814,0.116,-1.27,0.47,0.458,-1.699,-0.914,-0.379,-0.045,-1.188,-0.177,-0.726,0
1.219,0.378,0.472,0.106,-1.187,-1.222,0.469,0.405,0.003,-1.628,-1.151,0.515,-0.719,0.106,-0.967,0.333,-0.701,-1.019,1.179,-1.191,0.515,-0.339,-0.294,-1.236,0.619,-0.451,-1.607,2.177,-1.729,0.779,1
-0.831,-0.97,0.489,0.655,-0.884,0.46,-0.507,0.366,-0.237,0.747,0.301,0.442,0.342,1.139,0.452,0.519,1.43,-0.393,-0.721,0.56,-0.144,-0.776,0.313,1.023,0.161,1.792,0.018,0.082,1.228,-0.861,0
-0.145,0.375,0.577,0.12,-0.259,0.617,-0.986,-0.478,0.433,-0.674,-0.246,-0.144,0.197,-0.099,-0.474,1.348,0.056,-0.354,-0.627,1.03,-0.218,1.26,0.044,0.238,-0.235,0.276,0.398,0.601,0.388,-0.132,0
0.733,2.006,0.426,1.409,-0.317,0.513,-0.071,0.424,0.809,-0.152,-1.292,-2.165,-0.36,2.791,0.596,0.567,0.629,1.027,0.52,-0.354,1.245,-0.858,-0.635,0.692,-0.038,-1.185,-2.598,2.059,-0.4,-0.501,1
0.128,0.291,1.606,1.96,-1.141,-0.858,-0.908,0.012,-0.324,-0.112,-0.425,-1.099,-0.173,1.38,-0.915,0.514,2.482,-0.647,0.845,-1.158,-1.765,-0.333,-0.962,-0.816,0.279,1.443,-0.308,1.912,-0.536,0.879,1
-0.28,-0.812,-0.597,-1.399,-1.621,-0.109,0.099,-0.731,-0.509,-2.005,0.583,1.013,1.34,-0.398,1.353,0.123,1.799,-1.234,0.349,-1.736,0.751,-0.126,-0.498,-1.539,0.624,-0.247,-1.808,-0.97,1.869,0.019,1
-1.262,2.653,0.589,0.607,-0.929,0.896,-0.678,-0.313,-0.035,-1.853,-0.632,-0.03,-0.407,-1.657,-0.233,1.022,0.344,1.017,-0.541,0.078,-0.128,-0.934,1.941,-1.027,0.574,0.854,0.441,1.001,-1.757,0.26,1
2.399,-1.354,1.546,0.353,-1.421,-0.587,-0.366,0.711,-0.543,0.412,-1.098,0.295,-0.757,0.34,-0.357,-1.489,1.75,-0.869,-0.581,0.438,-0.688,1.326,1.866,0.176,-0.705,0.779,-1.103,0.55,1.249,-1.657,1
-0.744,-0.409,-0.157,-1.439,2.21,1.325,-0.17,-1.199,0.483,-0.617,-0.804,0.936,1.086,0.969,-0.994,1.939,1.061,1.016,-0.084,-0.285,-1.885,-0.226,-0.487,1.012,0.75,1.634,0.513,1.165,-0.734,0.548,0
-0.316,1.628,0.203,0.982,-1.725,1.578,-2.42,0.558,0.677,-1.402,1.592,1.375,0.146,-0.005,0.598,-1.425,1.373,0.953,0.018,-2.088,-0.316,0.006,1.319,-2.118,-2.113,0.467,2.328,-0.71,-0.962,0.054,1
1.043,-0.804,1.439,0.205,-1.198,-0.863,-1.085,-0.779,0.496,2.164,-1.589,0.708,1.163,-0.141,0.375,-0.893,-1.738,-0.859,-0.097,0.714,-0.307,1.135,0.592,-0.001,0.781,0.518,0.797,0.632,1.054,-0.861,0
-0.147,0.708,-1.776,0.683,-0.666,0.926,-0.876,0.694,0.752,-1.212,0.068,-1.113,-1.129,-1.189,-0.132,-0.795,-1.503,-0.244,-1.345,0.551,-0.262,0.366,-0.303,-1.432,0.177,1.226,-0.817,1.239,0.578,-1.409,1
-1.26,-0.332,0.915,-0.164,-2.327,0.151,-0.663,0.43,0.703,-0.333,-0.283,-0.235,0.473,-1.115,1.309,-0.505,-0.743,0.365,1.345,-0.779,1.515,-0.432,0.927,1.327,-0.076,0.626,-0.317,-0.21,1.301,-0.194,0
-0.494,-0.236,0.977,0.127,-1.13,0.732,-0.288,-0.282,-2.21,0.413,-0.326,-0.048,1.063,0.105,-0.203,1.36,0.551,-0.221,0.377,-0.667,-0.286,0.936,0.473,0.178,-0.325,0.439,0.792,0.632,-1.179,0.869,1
1.569,-0.919,0.486,0.677,0.766,-0.693,-0.035,0.401,-1.477,0.125,0.869,-0.018,2.394,1.22,0.589,0.078,-1.35,-1.672,0.373,-0.065,-0.325,-0.952,1.624,-0.586,-0.785,1.372,-2.735,-0.328,-0.04,-0.46,0
-0.097,-1.273,0.333,-0.254,-2.096,-0.243,-0.157,-0.463,-0.143,-0.274,-0.39,0.431,0.049,1.689,-0.956,0.823,-0.229,0.295,-2.078,1.7,1.68,-1.803,-1.874,-0.768,0.452,-1.21,1.303,-0.866,0.53,-0.385,1
-0.593,0.582,-0.159,1.258,-0.067,-0.857,0.557,1.677,-0.637,0.018,0.957,-0.747,-0.776,-0.735,0.759,1.096,0.287,-1.279,0.529,0.253,-0.228,0.793,-0.323,0.629,1.023,0.495,0.037,0.143,-1.056,0.509,0
-0.176,0.059,-1.543,-0.438,-0.641,-0.708,0.658,1.482,0.348,1.147,-0.635,0.532,0.907,0.035,-0.093,-0.373,-0.621,-1.677,-1.621,-0.072,0.898,-0.681,-0.09,1.723,-0.477,1.713,-1.626,-0.479,1.204,-1.128,0
0.62,0.61,1.085,-0.61,-0.892,-1.617,1.288,0.681,-0.339,2.314,1.16,0.416,-0.099,-0.776,-0.873,0.364,2.313,-0.5,0.336,-0.943,1.107,0.141,0.348,1.194,1.151,-1.097,-0.627,0.352,0.785,1.588,1
0.113,-1.669,0.398,2.93,0.011,-0.713,0.242,-1.411,0.156,-0.506,1.583,0.547,0.126,-1.021,1.124,1.283,-0.8,-0.895,1.766,1.23,-0.136,0.396,-0.849,1.585,0.523,-0.096,-0.164,0.549,0.45,-0.723,1
0.4,0.851,-0.752,0.116,0.112,-0.105,-0.845,-0.246,0.226,1.763,-0.445,-0.956,1.152,-0.868,0.493,1.724,0.053,1.327,1.677,-1.33,1.159,0.221,-1.139,0.223,-0.003,-0.518,-1.155,0.113,1.715,-0.371,1
0.896,-0.327,0.551,-0.154,-0.427,0.207,-0.992,1.014,-0.212,0.363,-0.166,-0.519,0.248,-0.881,0.634,-0.127,-0.426,0.112,0.162,-0.428,-1.254,0.739,0.257,1.886,1.368,0.517,-1.422,1.121,-0.333,0.402,0
1.142,-1.412,-1.167,-0.776,-0.825,0.068,-0.265,1.839,-0.302,2.674,0.14,1.01,0.955,-2.746,0.302,0.782,-0.797,0.108,-0.642,0.831,1.562,1.061,-0.574,0.736,-0.727,1.397,1.938,-0.478,0.661,-0.293,1
-0.18,0.897,0.251,1.691,0.16,-0.461,0.546,-0.338,0.233,-0.683,-1.783,0.549,-1.391,-0.946,-0.035,1.815,0.396,-0.3,-0.082,0.419,0.693,-0.204,1.702,-1.062,1.791,-1.814,-0.141,0.908,1.43,0.666,1
0.187,1.657,-0.494,0.415,1.125,0.612,-0.397,0.428,-2.281,0.52,0.145,-0.244,1.104,-0.784,-0.67,-0.037,1.354,1.194,1.749,1.169,0.529,0.157,-1.01,0.284,-0.208,-0.749,-2.45,-0.607,0.453,-0.748,1
1.166,1.263,-0.224,-0.273,0.576,-0.11,1.038,-1.138,0.358,-0.804,-0.345,0.344,-0.314,-0.794,1.528,-2.183,0.654,-0.035,-0.732,1.667,1.786,-0.216,0.503,-1.896,0.122,-1.051,0.154,0.896,0.142,0.394,0
-0.759,-0.806,2.108,-0.015,0.086,0.109,-0.02,1.036,0.009,2.759,0.948,1.044,0.444,-0.785,0.239,-1.766,0.656,-0.866,-0.638,-1.327,0.329,0.211,-0.915,-0.131,0.465,0.777,-0.377,-0.121,-1.881,0.022,1
0.315,-0.326,0.148,0.919,0.608,0.596,-0.72,0.075,-0.139,1.505,1.348,0.683,-0.23,-1.015,-1.053,0.743,0.023,0.637,-0.077,0.397,0.382,1.364,0.484,0.238,-1.082,1.975,1.068,-0.994,-0.432,-0.609,1
-0.486,-0.099,1.789,-0.148,1.151,0.309,0.237,0.507,-0.601,0.367,-0.423,0.359,-0.377,0.06,-0.367,1.206,-0.144,-1.09,0.284,0.245,-0.235,0.69,-0.982,0.164,0.396,1.402,-0.218,-1.761,-0.339,2.546,1
-0.798,-1.358,0.655,-0.523,-0.687,1.149,-0.238,-0.842,-0.377,0.762,0.865,0.198,-0.235,0.401,-0.539,-0.493,0.923,1.143,-0.492,-0.039,1.008,0.847,-0.201,0.118,0.102,1.056,-0.55,-1.191,-1.819,1.5,0
-0.04,2.658,-0.307,-0.354,-0.312,0.526,-0.055,0.963,-1.135,1.655,1.603,-1.628,0.662,-0.512,-0.059,0.04,0.102,-1.7,0.956,-0.103,0.464,0.35,0.373,0.477,-0.427,-0.178,1.12,0.256,-0.097,0.412,1
0.144,-0.078,-0.627,-0.839,-1.827,-1.747,0.955,-1.026,-0.27,0.219,0.379,-1.685,0.868,0.591,-0.289,0.439,0.062,-0.828,1.025,1.153,-0.423,-0.792,-0.884,1.878,-1.699,0.155,0.058,-2.151,1.162,-2.087,1
0.176,0.904,1.134,0.775,0.413,-0.624,-0.943,-1.877,-1.208,-0.845,-1.738,-0.888,0.969,0.48,0.581,0.143,-1.492,0.452,0.693,0.935,1.031,-0.318,-2.04,0.099,1.237,-1.168,-1.394,-0.503,0.97,0.545,0
0.635,-1.734,-0.323,-0.431,-0.429,0.904,-0.13,-0.304,-0.52,-0.766,0.09,-0.88,-0.559,-1.016,1.975,0.296,-1.249,1.937,0.348,-0.941,0.121,-0.437,-0.294,0.574,-0.984,0.751,-0.342,-1.412,-0.25,-1.908,1
0.291,0.931,-1.28,-0.345,0.284,-0.607,-0.646,0.308,0.106,1.481,-1.407,0.419,-1.706,-1.806,-0.776,-1.167,1.329,0.901,1.627,-1.033,1.265,1.101,1.104,-0.347,0.155,0.382,-0.685,1.534,1.134,0.145,1
-0.079,-1.608,-1.335,0.723,-0.137,-0.016,-0.729,-0.823,0.584,2.157,-0.182,1.59,-1.256,1.189,-1.635,0.529,0.309,-0.486,-1.247,0.115,1.122,-0.681,0.101,-0.574,0.931,-0.284,1.227,-0.79,-1.51,-0.35,0
-0.987,-0.186,-0.03,-0.688,1.785,-1.103,0.115,0.276,-2.163,-0.037,0.584,-0.271,-0.846,-0.269,-2.219,0.669,0.085,-0.717,-1.93,1.291,0.095,-2.375,0.921,-0.303,0.375,0.945,-2.406,0.557,0.696,0.518,1
0.529,1.309,-1.179,1.064,-0.112,0.721,0.19,-1.431,-2.556,1.06,0.763,0.813,0.354,0.501,-0.206,-0.799,-1.255,0.044,0.404,-0.759,-0.391,2.1,0.097,0.106,-0.108,0.729,1.309,0.168,-0.377,-0.374,1
0.53,0.985,-0.358,-1.431,-0.808,-0.257,1.383,0.493,0.259,0.117,1.431,-1.056,0.224,0.829,-0.624,0.518,0.236,-1.03,-0.163,-1.333,-1.022,-0.84,-2.037,0.087,0.069,-0.056,0.496,1.698,-0.114,0.855,1
-0.594,0.757,0.85,0.845,-2.182,-0.056,-0.39,-1.577,0.372,-0.515,-0.188,0.895,-1.514,-0.83,-0.337,-1.002,0.5,1.0,0.816,0.544,1.849,-0.374,1.082,1.883,0.555,0.334,-0.633,-0.299,1.242,0.119,1
-0.064,3.217,-1.443,-0.988,0.266,-0.39,0.635,0.768,-1.119,-0.783,-0.616,-0.576,0.314,-0.07,-1.551,-0.075,0.618,-0.521,0.413,0.755,0.149,0.866,-0.654,0.247,-2.929,-0.39,-0.023,-2.209,0.542,0.261,1
-0.26,-1.109,1.564,0.896,0.844,0.384,-2.363,-0.74,-1.049,-0.505,-1.661,-0.75,0.148,-1.387,1.198,0.616,-0.704,-1.286,0.601,-0.368,-0.854,0.478,-1.053,-0.177,0.433,-2.567,0.041,0.242,1.761,-1.601,1
-0.245,0.833,1.733,1.833,-0.813,2.664,-0.236,0.624,1.039,-0.345,0.921,-0.753,-0.736,-0.3,-1.104,1.424,0.634,-1.812,1.727,0.411,-1.667,-0.509,-0.396,0.621,-0.489,0.386,-0.723,-0.863,0.322,0.436,0
0.235,1.157,-1.729,1.251,-0.028,0.981,-0.815,-0.088,1.197,-0.159,0.701,-0.477,-1.064,1.709,1.431,0.037,1.163,0.944,-0.118,-1.3,-1.24,-0.342,-0.41,-1.905,-1.331,1.041,-1.099,-0.94,0.3,0.163,1
0.111,1.03,-1.439,-0.568,1.384,0.051,0.654,-1.119,1.182,-0.418,-0.292,0.006,-2.316,-0.538,-0.294,-2.433,0.049,0.614,0.957,0.587,1.14,0.423,0.569,-0.683,-0.164,-0.525,1.993,0.41,0.135,0.452,1
0.035,0.51,1.022,0.43,1.538,-1.594,-0.975,0.118,0.404,-0.28,-1.267,-0.431,0.047,0.052,-0.209,-0.471,-0.458,-1.621,-0.707,1.225,-0.576,0.202,0.657,0.015,0.3,0.308,-0.641,0.222,-1.031,-0.196,0
0.364,0.536,-0.278,-0.67,-0.682,0.751,-0.582,1.445,0.409,-1.389,0.647,-0.003,-1.149,0.02,-0.334,0.573,0.219,0.795,0.475,0.973,0.114,-1.378,0.092,0.014,0.395,-0.369,0.891,1.016,-0.691,0.899,0
0.905,-0.726,-0.895,0.147,0.505,0.702,-0.513,0.196,-0.184,-0.496,-0.51,0.881,-0.113,-1.078,-1.853,-0.107,-0.682,0.364,-0.991,0.073,-0.336,-0.374,1.088,-0.56,1.434,-3.144,-1.723,-0.572,0.365,1.242,1
0.528,0.105,-0.036,-0.161,1.025,-1.433,0.136,0.288,0.399,0.135,-1.109,-0.083,-0.486,-2.621,-0.606,-0.669,0.269,-0.965,-0.371,2.434,0.539,1.07,-0.644,0.877,-0.813,-0.18,-2.528,-0.879,-0.596,-2.461,1
-1.972,1.64,-1.517,1.114,0.748,0.147,-0.736,-0.478,-1.101,-0.296,-0.726,0.077,1.987,-0.228,0.191,1.115,-0.442,1.783,-0.171,0.64,-0.364,-0.669,1.574,-0.071,0.228,0.675,-0.676,-0.654,-0.246,-1.768,1
-0.685,-1.758,0.867,-0.487,1.384,1.064,1.302,0.21,-0.077,-0.211,-0.508,-0.766,1.109,1.045,1.354,0.017,-1.725,-1.838,-0.241,0.34,-1.547,-0.375,-0.103,0.441,0.97,1.251,1.102,-0.688,-0.368,-0.836,0
0.795,-1.486,-0.397,-1.224,-0.405,-1.396,0.353,2.222,0.389,0.124,-0.529,1.073,-2.466,-0.382,-0.429,-0.069,1.83,1.751,1.67,0.911,-0.599,-0.671,-1.361,-0.436,-0.453,0.889,-0.658,-0.19,-0.41,1.75,1
0.04,-0.08,0.248,-0.142,0.625,-2.28,0.345,-1.318,-0.699,0.086,-0.534,-0.958,-0.709,-0.411,-2.874,-1.14,1.343,0.297,0.539,0.41,0.651,1.938,1.462,-0.08,0.786,0.514,-0.921,-1.655,-0.015,0.706,1
0.044,-0.784,0.072,0.622,0.353,-0.129,0.029,-1.254,-0.601,0.49,-0.408,-0.388,0.757,-0.681,-0.365,-1.853,-0.195,-0.321,0.068,-0.919,-0.317,-1.458,0.258,-0.143,2.545,0.554,-2.388,0.971,2.031,-1.036,1
1.206,-1.192,1.237,-0.151,-0.129,0.351,-0.736,1.149,1.356,1.272,-0.614,0.42,-0.555,-0.899,-1.072,1.739,-0.432,0.7,-0.693,-0.746,-1.068,0.448,-1.133,-0.631,0.797,-1.145,0.576,-0.089,-1.528,0.313,0
-0.386,0.578,-0.532,-1.118,-0.341,-0.325,-0.217,2.085,0.19,1.196,1.047,-1.35,-0.346,1.096,-3.138,-0.408,-0.345,0.679,-0.993,-0.503,-0.943,0.375,-0.531,-0.83,-0.043,-0.924,-0.06,1.336,0.075,0.842,1
1.055,-1.835,-0.209,1.76,-0.023,-0.658,0.7,0.933,0.182,0.672,-0.302,-0.727,0.565,0.548,0.033,-0.81,1.907,1.594,-0.069,0.694,-0.378,-0.338,-0.186,-0.631,-0.208,-1.668,-0.49,-0.848,1.598,-0.931,1
-0.024,1.159,0.775,0.114,1.517,-0.582,-0.119,-0.133,-0.292,-0.594,1.14,-1.01,0.449,-0.782,0.431,-1.647,-1.049,3.22,1.018,-0.668,-0.1,-0.198,0.054,0.815,1.681,0.168,-0.423,-1.712,-0.193,-0.663,1
-1.613,-1.047,-0.482,0.39,-1.865,-0.394,0.072,-0.754,0.299,0.334,0.71,-0.737,0.711,1.062,1.446,-0.689,1.018,-1.281,0.735,-1.372,-0.431,-1.836,1.06,-0.62,-0.124,-0.018,-0.645,-0.228,-0.103,-1.381,1
0.453,1.232,-0.397,-0.94,-1.871,1.399,0.413,-0.993,-0.173,-1.15,-0.805,0.774,-0.057,0.161,0.092,0.571,-0.144,-1.63,0.001,-0.209,-1.425,0.244,-0.041,-1.206,0.081,-0.463,-0.019,0.3,-0.706,-1.43,0
1.142,0.925,1.19,-0.166,1.17,-0.77,1.618,0.877,-0.218,0.115,-1.149,-0.508,1.15,1.71,0.055,-0.997,-1.305,0.327,0.314,0.485,0.48,0.408,0.294,-0.514,0.436,0.61,2.134,0.855,-1.118,2.087,1
0.717,0.823,1.521,-1.859,-0.443,-0.332,2.274,1.056,0.737,1.309,1.346,0.165,-1.162,-0.639,-1.033,-0.022,-0.147,-0.939,0.471,0.893,1.379,0.001,-0.187,2.195,1.533,-1.008,0.924,0.143,1.027,0.182,1
-0.295,0.261,0.896,0.096,0.392,0.777,-0.737,-1.202,0.698,-0.156,-0.862,0.141,-0.314,-0.21,1.44,-1.421,0.252,-0.95,-0.474,-0.556,0.043,-0.665,0.968,1.978,1.574,-0.142,0.802,-0.574,0.22,0.301,0
0.394,0.384,-0.416,0.173,1.839,0.462,-1.21,0.933,-0.292,-0.994,1.339,-0.121,1.431,-2.327,0.043,-3.495,-0.219,-0.426,1.461,-0.342,0.532,0.889,1.955,0.469,-0.959,0.106,-1.256,0.615,1.393,-0.465,0
0.481,0.279,-0.088,-0.017,-0.075,1.424,-0.126,-0.357,-0.284,1.663,0.529,-0.114,-2.081,1.01,0.843,1.195,-1.156,-0.29,-1.0,0.554,-0.097,-1.51,-2.201,1.654,-0.846,0.207,-0.98,1.567,-0.737,-0.094,0
-1.864,1.458,-0.788,-0.846,-1.018,-0.39,-0.338,-0.396,-0.37,0.773,1.303,0.373,1.425,0.085,0.481,0.569,0.519,-0.362,0.121,-0.505,0.134,-1.128,0.535,-1.086,1.012,1.438,0.814,-0.925,0.63,-1.51,0
-2.262,1.009,0.567,-1.627,-0.525,-1.039,0.569,1.466,-0.697,-1.466,0.842,-1.158,-0.251,0.954,-0.775,-1.802,-0.086,-0.38,-1.34,-1.15,0.748,2.149,-0.113,-1.248,0.885,0.93,1.474,-0.268,0.04,0.95,1
-0.379,-0.664,0.575,0.314,-0.478,-0.229,-0.806,-1.647,-0.168,-0.691,-1.581,-2.285,-0.109,0.313,-1.394,-0.419,-0.372,0.845,0.001,0.477,0.227,1.192,-1.051,0.206,-0.222,-1.877,0.102,-1.361,0.178,-0.47,1
0.475,1.688,0.155,0.492,-0.443,-1.032,-0.125,1.521,-0.698,-0.782,0.386,0.079,-0.044,-0.812,1.999,-0.104,0.078,0.758,-0.113,1.105,-0.933,0.998,0.126,-1.191,0.149,-0.422,-0.914,1.669,-0.686,-1.451,1
-1.338,-0.64,-1.385,-0.137,0.859,-0.202,-0.747,-0.109,0.455,-1.46,-0.376,-0.011,1.337,0.412,0.234,0.303,0.794,-0.831,-0.448,0.451,1.006,1.164,-1.028,-0.565,1.607,0.681,-0.426,0.298,1.332,-1.445,1
1.027,-1.2,-1.21,0.036,-0.674,-0.065,1.203,-0.222,-0.193,-1.565,-0.023,-0.186,-0.307,-1.145,-0.566,-0.437,0.026,1.601,0.196,-0.649,-0.455,0.493,0.973,0.571,0.176,0.222,0.067,-0.235,-0.855,0.947,0
-1.678,0.698,-0.768,0.979,-1.155,0.227,-0.473,0.167,0.764,-0.359,0.176,0.383,0.872,-1.148,-0.014,-0.649,0.433,1.201,-0.784,1.165,0.224,0.033,-0.399,0.887,0.927,0.219,0.211,0.07,-0.685,-0.933,1
-0.278,-0.203,-0.569,0.164,0.73,-0.541,-0.017,-0.85,0.381,1.574,-2.368,-1.931,-0.774,-0.867,0.783,0.491,-0.721,-0.521,1.388,-0.032,-1.599,0.589,0.352,0.138,0.518,-1.036,0.06,0.215,0.345,-0.468,1
-0.238,-2.279,-0.044,0.406,-0.23,-0.563,2.04,0.015,-0.301,0.686,1.84,2.806,-1.249,-0.395,1.77,0.82,1.645,0.595,1.568,-0.62,-0.983,1.073,1.695,-0.159,0.674,1.033,0.284,-0.666,-1.753,-0.006,1
-1.375,0.807,-0.354,1.481,-1.376,0.731,-0.8,0.677,-0.806,1.024,-2.186,0.791,1.409,-2.903,-0.618,0.314,-1.996,0.302,0.254,0.187,0.322,-0.29,-0.058,0.616,-0.23,-0.265,-0.129,0.872,0.208,1.418,1
0.368,-1.595,-0.883,0.122,2.036,0.05,0.903,0.492,-0.484,0.093,2.467,-0.067,-0.247,1.036,-0.464,-0.761,-0.61,-1.007,-0.473,-0.131,-0.301,-1.621,-0.274,-0.616,0.878,-1.538,-1.216,-1.206,-0.561,-0.844,1
0.771,-0.891,-0.75,-1.13,0.596,0.711,-0.353,-0.157,1.026,-0.057,-1.621,1.156,0.781,1.056,0.326,0.762,-1.143,-1.485,-1.254,-1.111,0.153,0.274,-0.682,0.463,1.107,0.106,0.127,2.553,-0.669,1.439,0
0.703,1.264,0.772,0.506,0.817,1.635,1.688,2.35,0.304,0.943,0.729,-0.235,1.43,1.571,0.544,-0.659,0.776,0.818,0.064,-0.36,-1.031,-0.677,-0.472,-0.875,0.094,0.716,-0.801,0.332,-0.527,-0.52,0
1.299,-1.184,0.59,-0.167,-0.243,0.956,-1.822,0.063,-0.021,0.643,0.263,1.144,-0.557,-0.057,-0.878,-2.034,-0.753,0.118,-2.639,-1.037,1.379,0.787,0.61,-1.479,2.219,-0.9,-0.833,1.102,-0.475,1.139,0
-1.784,-1.121,0.882,0.618,-0.38,0.561,0.403,0.871,-0.057,1.71,1.796,0.229,-0.922,-0.81,-2.226,-0.917,1.853,0.31,0.401,0.968,0.978,-2.12,-0.091,0.082,1.456,-1.976,0.496,-2.016,0.2,0.736,1
-0.661,0.089,-1.208,0.071,1.812,0.52,0.836,-0.513,0.547,0.717,-0.361,-0.33,-1.313,-0.751,-1.242,-0.929,0.256,-0.348,1.911,-1.079,-0.667,-1.579,-0.302,0.571,-1.779,-1.024,1.836,-0.841,-0.266,-1.42,0
1.319,1.434,-0.978,0.096,1.217,0.948,1.83,-1.371,0.024,0.03,-0.765,1.195,-0.254,1.825,-0.886,0.442,1.073,-1.786,-0.204,0.771,-0.303,1.701,0.416,1.216,-1.821,0.43,-2.212,0.175,1.49,-0.296,0
1.266,-0.342,-1.832,-0.813,-0.543,-1.463,-0.207,-3.164,0.641,0.102,0.481,-0.028,1.298,1.973,-0.044,0.967,0.526,0.009,0.076,-2.004,0.737,-0.789,0.361,-0.185,0.757,-1.252,-0.269,-0.699,-0.197,0.514,0
-0.651,0.587,-1.021,0.689,0.763,0.768,-0.073,0.585,0.202,-0.381,-0.719,-2.116,-0.569,-0.043,-0.538,0.066,-0.175,0.372,-1.447,0.391,0.857,0.78,-0.691,0.978,-0.249,0.208,1.757,0.485,0.186,-0.861,1
0.427,-0.948,-1.43,-1.28,0.297,1.066,1.579,0.131,-1.213,-0.441,-0.653,-0.133,-2.214,-0.273,1.318,-0.337,0.238,2.034,1.028,-0.532,-0.728,0.362,-1.165,0.043,0.684,0.593,-0.576,-1.448,0.545,-1.163,0
0.058,0.498,-0.219,-0.253,0.586,1.82,-0.303,-0.526,1.571,0.943,-0.704,1.199,-1.899,0.643,0.79,-0.624,1.64,-0.006,0.104,1.372,0.807,-0.549,0.184,0.166,-1.287,1.014,-0.123,-0.414,-0.391,0.19,1
-0.508,-0.288,2.676,-1.408,1.682,-0.787,-0.232,-1.273,-0.736,0.88,-1.462,-0.095,0.383,1.361,0.233,0.402,-0.618,-0.501,0.491,-0.32,-0.953,-1.39,-0.954,-1.78,-0.325,0.424,0.009,-1.194,-0.027,1.91,1
0.375,-2.308,1.611,0.313,-2.045,1.198,0.3,-1.839,-0.224,1.728,-2.26,-0.437,-0.575,0.883,-1.22,-0.632,0.946,0.786,-0.745,0.63,1.786,1.018,-0.16,-1.424,-1.154,-0.579,0.287,0.461,-1.151,-0.821,1
-0.66,-0.317,1.107,0.145,-1.69,-0.887,-0.513,-1.102,-0.247,1.591,0.819,-0.665,1.305,1.616,0.676,-0.797,0.242,-0.107,0.146,1.324,-0.816,-0.804,1.243,-0.607,-0.348,0.674,-2.261,-0.612,-0.666,-0.674,0
-0.32,-0.374,0.778,-1.481,0.745,1.687,-1.97,-0.05,0.588,-0.28,0.21,-0.577,-2.559,0.67,-1.115,-0.084,-0.654,-0.229,1.539,-0.446,-0.113,-1.159,0.355,-0.761,1.697,-0.811,-0.624,0.378,0.473,-0.241,0
-0.569,0.363,-1.562,-0.363,0.175,-0.636,0.133,-0.928,-1.479,-0.346,0.602,-0.016,0.18,-0.083,-0.176,-1.503,0.365,1.007,-0.388,-0.358,-1.433,0.501,-0.014,-0.388,0.07,1.443,0.787,0.709,0.95,0.211,1
1.107,-0.141,-0.057,-0.835,-0.166,-0.15,-0.557,-0.463,-0.224,1.302,-1.161,0.732,0.02,0.978,-0.957,-1.103,0.981,0.745,-0.556,-0.365,-0.456,0.75,0.114,0.168,-0.269,1.007,-0.7,-0.127,0.922,1.036,0
-0.32,-0.366,1.215,-0.273,-1.461,-0.661,-1.379,-0.502,-0.622,0.497,-0.913,2.826,0.259,-0.866,-2.013,-1.702,-0.776,0.483,-0.133,0.661,0.522,0.579,-0.781,1.159,0.348,-0.039,-0.785,1.284,0.064,-0.11,1
0.186,0.124,0.454,-0.378,-0.355,-0.035,1.676,0.175,-0.226,1.991,-0.128,-0.673,-0.815,-0.504,-0.336,-1.582,-0.833,-1.269,-0.657,-1.279,-0.378,-0.145,0.75,-1.27,0.222,-0.124,0.385,0.995,-0.721,0.548,0
0.868,0.739,-0.729,2.393,1.512,-0.893,-1.098,-0.633,0.617,-0.611,-0.75,0.14,-0.756,-1.881,0.41,-0.411,0.182,-0.659,-1.465,-0.242,-0.278,0.17,0.066,-0.347,-0.163,-0.728,1.297,-0.884,-1.303,-0.251,0
0.878,0.109,0.384,2.57,-0.254,0.386,-1.269,0.158,-0.947,1.56,-0.188,-0.164,1.429,0.65,-1.136,0.12,-2.088,-1.42,0.783,-0.706,-0.403,-0.329,0.059,0.763,0.897,1.115,0.484,-0.155,-0.486,-0.54,0
-1.539,-1.312,1.607,0.456,-0.503,-0.726,-0.525,1.299,0.077,-2.113,-0.067,1.006,-1.731,0.805,-0.534,1.338,-0.464,-0.312,2.208,-1.166,1.025,-1.287,0.408,0.758,-1.545,0.815,0.213,1.667,-0.486,-0.49,0
0.023,0.251,0.669,-1.822,-1.19,0.336,-0.177,-1.157,-0.066,-0.835,1.165,0.709,0.384,-1.138,-0.686,-0.915,-1.873,0.318,-0.023,0.109,1.526,1.626,0.447,-0.219,-0.559,0.069,0.478,1.171,0.369,-0.592,0
1.135,0.09,1.063,-0.54,-0.622,1.26,-1.397,1.332,-0.876,0.722,1.004,-1.667,0.17,-0.674,-0.193,1.437,-1.247,0.123,-0.462,0.418,-2.139,-0.856,1.388,0.065,1.838,-0.817,1.242,0.63,-0.391,0.123,0
-0.15,1.603,-0.045,-1.09,0.101,0.516,-0.189,-0.003,0.091,0.073,1.14,-0.091,-0.394,-0.453,-0.882,0.007,1.195,-0.466,0.131,0.087,0.374,-1.0,1.99,-0.445,0.065,-1.111,-1.66,0.842,0.235,-0.016,1
0.441,-0.738,-1.733,-0.241,-0.322,0.925,-0.25,-0.337,-0.94,0.887,-0.313,-0.238,-1.311,-0.016,-0.521,-0.373,-0.661,-0.005,-0.457,-0.629,1.591,0.228,-0.496,0.133,0.599,1.232,1.199,0.061,1.077,-1.825,1
0.419,-0.032,-0.305,0.783,0.101,0.979,0.946,-1.76,0.548,-0.533,0.088,0.946,-0.657,1.503,-0.151,-2.208,0.244,0.127,1.136,-0.776,-0.65,-0.855,-0.903,-1.097,0.191,0.436,-0.173,-1.055,0.121,0.496,1
-1.11,0.556,0.919,0.113,0.683,0.519,-0.135,-0.031,1.722,-2.835,0.486,-0.313,0.858,-0.981,0.558,2.335,-2.272,-0.431,0.528,0.793,0.92,0.476,-0.244,-0.46,0.64,0.562,0.139,-0.655,-1.396,-1.057,1
-0.101,0.059,-0.947,0.64,-0.54,-0.746,0.643,-1.366,-0.481,1.891,-1.717,-1.906,-1.097,-0.572,-0.305,-0.471,-1.501,0.797,0.043,1.625,0.127,1.198,0.509,0.253,1.103,-0.399,0.656,0.422,1.994,1.306,0
-0.556,0.913,-0.125,-0.115,-0.889,-0.015,-0.198,0.887,-0.042,-2.046,1.325,0.896,1.075,-0.235,1.367,0.909,-0.176,0.708,-1.192,-2.487,1.234,-0.205,-0.91,-0.887,-0.005,0.251,-1.733,-1.419,0.233,-1.433,1
1.682,-0.878,1.483,-2.016,1.315,-0.652,-0.19,-0.391,0.089,-0.657,0.776,0.122,-0.094,-0.673,1.792,-0.817,0.505,0.775,-0.658,-0.131,2.17,-0.676,-0.345,0.361,-0.569,-0.317,0.043,1.154,1.096,0.308,0
-0.599,-1.823,-0.373,0.284,-1.804,0.013,0.185,1.096,0.191,1.024,-0.018,-1.107,0.759,-0.681,-1.497,-0.038,-1.026,0.871,-0.943,1.622,-0.873,1.639,-1.308,0.025,-0.68,0.037,0.204,0.854,0.596,-0.625,1
-1.556,0.308,0.166,0.975,0.439,2.27,-1.585,0.289,-0.533,-0.426,-0.862,0.547,0.047,-2.247,-1.027,1.162,0.096,0.728,1.029,1.528,-1.974,-0.636,1.508,2.09,1.058,0.286,0.65,0.521,-0.086,0.429,1
0.016,-0.394,-0.989,1.266,-0.447,1.077,-0.455,-1.701,-1.008,-0.022,1.041,0.405,-1.177,1.143,0.077,-0.591,-1.44,1.143,1.511,0.557,-0.088,-0.216,-0.581,-1.223,-0.707,0.213,2.333,1.472,0.296,0.708,1
-1.016,-1.962,-1.945,-0.442,-0.903,0.446,-1.219,0.446,1.162,0.914,-0.564,-1.065,-0.553,1.503,-1.544,0.043,-0.584,-0.478,1.312,1.347,0.364,0.513,0.941,1.215,0.914,0.008,-0.753,0.334,0.719,0.242,1
1.07,-0.027,-0.344,-0.533,2.01,-2.432,-1.535,0.156,-0.157,-0.149,-1.235,-1.364,-1.551,-0.858,0.754,-0.017,-0.385,-1.007,0.527,-0.123,-0.897,-0.188,0.221,1.165,1.076,0.019,-0.138,-0.513,-2.109,-0.897,0
1.173,0.374,0.001,-0.234,0.11,-1.624,-0.252,-1.17,-0.627,-1.126,1.775,0.449,0.438,0.185,-2.117,-0.628,1.395,-0.039,0.634,1.105,-0.537,0.297,-0.93,0.538,2.625,0.108,0.93,-0.753,-0.901,-0.21,1
0.741,0.728,-0.313,0.78,-0.5,1.171,0.679,-0.01,-0.182,-0.441,-1.058,0.875,-0.077,0.063,-0.398,0.169,0.294,0.764,0.072,-0.303,0.206,0.526,0.881,-2.117,-1.448,-0.835,1.594,1.206,-0.306,-0.894,1
-2.494,-0.246,1.824,0.686,-1.361,-0.395,2.037,-2.291,-0.593,-3.071,-0.238,-0.91,0.272,0.534,-0.693,-0.12,-0.488,-1.084,1.218,1.039,-1.067,-0.691,-0.946,0.361,-0.162,0.296,2.709,1.456,-1.159,-0.401,1
0.117,-0.35,-0.217,-0.934,-0.419,1.602,-0.084,0.503,-1.29,-1.426,0.158,-1.535,-2.916,1.715,0.574,1.176,2.01,-0.657,0.171,-0.445,0.083,0.117,-0.849,1.653,-0.828,-1.453,-1.043,1.82,0.754,-1.333,1
-1.599,-0.865,-0.093,-2.393,0.437,0.054,-1.712,-1.25,-0.218,0.361,-0.409,0.475,-0.304,-0.528,3.249,1.423,0.041,1.018,-1.628,-0.085,0.887,0.576,-0.51,-0.135,-0.801,-0.35,1.03,-0.133,-0.821,-0.324,0
-0.389,-1.323,-0.385,-2.176,-0.373,-1.455,0.851,-0.765,2.311,-0.432,0.862,-1.808,2.294,-2.275,0.466,1.217,-1.651,-0.64,-1.72,0.776,0.182,-1.631,-1.076,-0.937,-1.353,-0.85,1.615,0.393,1.141,0.244,1
-0.205,-0.284,0.692,-0.224,-0.136,-1.126,1.575,-0.481,-1.316,-0.993,0.067,-0.496,-0.554,0.811,-0.253,-0.14,1.479,-3.173,0.407,0.556,-0.525,0.093,-0.174,0.643,-0.976,0.527,-1.814,1.701,-2.799,0.947,1
0.427,1.532,0.924,0.383,-0.765,0.041,0.53,-0.842,0.45,1.698,-1.431,-0.108,-0.504,-1.128,0.419,-0.935,-2.172,-0.175,0.906,-1.021,-0.598,0.16,-0.985,0.323,0.371,-0.713,0.014,0.909,1.916,-0.683,1
-0.558,-0.405,0.12,0.855,0.731,2.089,-0.866,0.794,0.355,0.423,0.407,-0.255,0.225,0.049,0.016,-0.298,0.482,-0.259,-0.751,1.716,-0.272,0.091,-0.942,-1.298,0.132,1.068,0.611,1.479,1.134,0.473,1
0.12,1.336,2.66,2.596,-2.176,-0.285,-0.656,0.884,1.553,-3.36,-2.04,0.107,1.768,0.268,-0.26,0.613,0.194,-0.435,-0.018,-0.643,-1.307,1.296,-1.044,1.33,-0.643,1.12,1.219,0.329,-0.94,1.674,0
-0.011,0.93,0.554,-0.605,1.346,-0.87,1.063,0.021,1.446,1.097,-0.468,0.786,-0.094,0.915,0.113,0.153,0.231,-0.248,0.364,-2.99,0.162,0.269,0.082,1.113,0.519,-2.291,0.309,-0.45,-0.303,0.394,1
0.579,0.683,0.795,-1.013,-0.392,-0.245,1.97,0.038,0.299,3.087,0.738,0.938,-0.259,-0.445,1.358,1.737,1.4,-0.707,0.195,1.485,1.629,0.33,1.139,1.548,-0.656,0.838,-1.344,0.998,1.232,-0.21,1
0.866,0.147,1.017,-1.646,-1.818,1.733,-0.323,-0.934,1.447,-1.35,-2.173,-1.079,-0.439,0.629,0.054,0.821,0.207,0.777,0.737,-0.76,0.189,-0.201,0.403,-1.791,0.309,-0.934,-0.617,-1.093,1.544,-0.997,0
-0.408,0.483,-0.244,-2.306,0.027,0.937,0.237,-1.405,-0.958,0.099,-1.532,1.4,1.118,-1.528,-0.594,-0.003,-0.199,0.593,-1.474,2.406,1.322,-0.17,-0.822,1.267,-1.052,-1.304,-1.125,0.95,-1.83,-1.166,0
-0.552,-0.704,-1.82,-1.989,0.064,0.706,0.568,-0.004,1.647,-1.287,-2.782,-0.11,0.149,0.263,0.358,-0.465,-0.305,0.741,-1.818,-1.788,-1.065,-0.037,-0.623,-0.074,-0.762,-0.607,-0.03,0.899,0.661,-1.89,1
-0.522,-0.19,0.648,-0.097,1.94,-1.508,0.208,-0.374,0.42,2.328,-1.235,-0.23,-0.698,-0.926,-1.679,-0.386,0.732,0.064,1.285,-0.94,0.485,0.437,1.729,0.661,-1.126,-0.715,0.565,-0.605,1.888,-0.039,0
-0.716,-1.752,-0.672,0.645,1.34,-0.771,0.329,0.739,0.032,0.016,-0.653,1.765,0.582,0.136,1.023,1.335,0.979,0.773,-0.011,-0.665,0.034,1.432,2.278,0.921,-1.02,0.722,-1.087,1.364,-0.034,-0.3,0
-0.538,-0.829,-1.206,-0.805,0.191,0.958,0.321,-0.819,-0.046,2.359,-0.322,0.288,-1.114,-0.491,-0.327,-1.084,1.374,0.807,0.231,0.091,0.662,1.103,-0.274,-0.945,-0.889,-1.536,0.544,0.577,-0.659,1.098,1
-0.918,-0.078,-0.484,-1.409,-0.893,0.256,-0.569,-0.171,-0.434,-0.191,0.576,-1.593,0.883,-2.207,1.663,1.125,0.793,0.252,-0.789,1.601,1.104,-1.257,-0.452,1.515,-0.049,0.867,0.716,-1.109,-0.86,-0.514,1
-0.321,0.947,0.086,0.552,0.257,-0.228,-1.279,2.207,0.412,1.547,0.207,-0.64,0.009,-0.326,-1.327,-1.561,0.904,0.603,0.757,0.113,-1.109,0.604,1.044,-2.133,0.355,3.043,0.705,-0.629,-0.278,0.104,1
0.455,-0.0,-0.712,-0.568,1.334,1.099,-1.322,-0.533,-0.771,-0.196,-0.282,1.514,-0.557,0.394,-1.807,0.702,1.189,1.263,1.338,-1.366,0.33,-1.526,0.325,-0.262,0.56,-0.735,0.604,1.465,-0.499,2.209,0
0.913,1.529,0.047,-1.692,-0.358,-3.434,-1.687,-2.416,1.495,-2.125,-0.21,0.025,-0.485,-0.804,-0.357,0.658,2.224,-0.009,0.237,0.233,1.388,0.616,1.193,1.548,1.225,-0.301,0.399,0.137,0.347,1.158,1
-0.338,0.888,-0.486,0.825,-1.375,1.69,0.853,1.488,-0.933,-1.149,0.055,0.117,-0.361,-0.337,-0.807,0.523,0.898,0.24,-0.793,-0.441,0.67,-0.624,-1.334,0.218,2.001,0.248,-0.221,-0.517,0.177,-1.388,1
-0.145,-0.263,-1.834,-0.285,1.368,-0.859,1.009,2.345,-1.535,2.426,-0.205,-1.368,-0.88,-0.177,-0.277,0.707,1.107,-0.255,-0.515,-1.557,0.209,-1.255,-0.803,0.029,-0.394,1.001,-0.851,-1.465,1.111,1.214,1
-0.976,-0.85,-1.036,-0.237,1.328,-1.861,-0.85,-0.089,-0.802,1.211,2.507,-0.035,-1.036,0.134,-1.07,0.074,0.561,1.149,-0.836,0.308,-0.896,0.052,0.814,-0.365,-0.574,-2.469,0.644,-0.488,1.72,-0.172,1
-0.569,0.777,-0.843,0.488,0.572,-0.569,1.237,-0.735,0.032,-0.436,1.254,-0.287,-0.299,-0.145,-1.423,0.672,-2.416,-0.748,1.164,0.624,1.798,1.73,1.517,1.431,0.541,1.633,0.142,-1.166,-0.845,0.835,0
0.795,1.796,-0.786,-1.903,2.112,0.834,-0.186,-0.189,-0.657,-0.583,-1.17,-1.734,-1.063,1.374,-0.123,0.874,1.359,-0.495,1.073,-0.68,1.923,0.219,-0.195,0.745,-0.732,0.549,1.309,0.807,0.613,1.142,0
-1.15,0.288,0.762,-1.844,-0.705,1.426,-0.884,-0.189,-1.096,0.229,0.713,0.108,1.139,-0.437,1.991,-1.319,1.892,0.01,-0.448,-0.653,0.016,-0.382,0.857,0.914,1.432,-0.469,-0.003,1.18,0.222,0.621,0
1.214,-1.036,0.663,-0.539,0.631,-0.098,-0.103,-0.302,-0.644,-0.136,-0.7,-1.78,-0.034,-1.064,1.394,-0.316,0.635,-0.414,0.197,1.06,1.203,-1.111,-0.768,1.13,0.491,0.917,-0.036,-1.111,0.365,-0.538,0
0.283,-0.462,-0.312,-0.948,0.632,-0.359,-0.888,0.476,0.616,0.229,-0.817,-1.535,0.389,0.656,0.445,-0.537,-0.856,-0.959,-0.478,-1.198,-0.246,0.741,-0.501,0.156,-1.041,-1.296,1.127,0.311,-1.595,0.397,0
0.834,1.102,-0.838,2.246,-0.158,0.493,-0.683,0.706,-0.311,-0.531,0.373,0.494,-1.002,0.066,-1.042,0.0,-0.714,1.753,0.786,0.689,-1.176,-0.406,1.589,1.606,-1.68,0.981,1.236,-0.74,0.501,-1.572,0
-2.137,0.57,-0.4,-0.124,0.317,-0.124,0.993,0.744,-0.185,1.072,1.48,-0.747,0.588,-2.167,-0.842,0.845,-0.028,-1.581,1.115,0.313,-0.039,-0.541,-0.201,0.389,1.016,0.167,0.06,2.001,-0.98,-0.602,1
1.07,-0.735,-0.413,-1.457,0.228,0.012,-0.296,0.37,0.88,0.892,-0.456,-0.19,-0.366,-0.879,-0.813,-0.652,0.133,-0.047,-0.029,-1.189,0.218,-0.9,-0.559,1.308,1.363,-0.418,-1.437,-1.232,-0.242,-0.916,0
-0.422,0.591,0.593,-0.837,-1.777,0.899,0.612,0.233,0.043,-1.237,1.061,0.032,0.845,-0.801,1.227,1.175,-0.391,-0.22,-0.321,-1.771,-0.252,-0.545,0.013,-1.372,0.394,-0.864,2.506,-0.578,0.026,1.743,0
-0.922,0.623,0.286,2.529,1.133,0.205,0.457,-1.45,0.669,0.166,1.066,0.113,0.439,1.718,0.418,-0.465,0.088,1.244,0.391,-0.434,-1.384,0.977,-0.428,-0.538,0.681,1.841,1.387,1.368,1.587,-0.413,1
-0.35,-1.903,1.779,-0.904,1.801,0.767,-0.744,0.659,-0.658,1.041,0.39,1.679,0.04,-0.189,-0.288,-0.044,0.404,-0.394,-0.061,0.079,1.193,0.479,0.493,0.547,2.038,-0.506,0.456,0.483,0.73,0.265,0
0.442,1.466,0.3,0.878,-1.203,1.5,1.512,-1.82,2.262,0.362,-0.215,0.88,0.765,0.914,-0.892,0.06,0.135,-1.417,0.618,-0.123,-1.101,0.522,0.298,0.004,-0.666,0.018,-0.085,0.214,1.446,0.25,1
-0.074,0.194,-1.778,-0.904,1.139,-0.136,-1.083,1.076,-0.557,-1.292,0.004,-0.577,1.895,0.493,-1.14,0.386,2.45,0.803,-1.627,0.872,3.14,-0.664,-0.351,1.582,-0.085,1.752,-0.397,-1.12,-1.162,-0.106,1
-0.907,0.532,-1.183,-0.414,-0.005,0.82,0.534,0.508,-0.789,0.051,0.247,-0.761,-2.353,-0.059,0.024,1.553,-0.846,0.528,0.329,-0.225,-0.588,1.497,0.869,-0.614,-0.339,-0.62,1.035,0.644,-0.155,-0.485,1
-0.602,0.458,-0.554,1.631,0.19,0.044,-1.982,1.054,1.131,-0.088,-1.288,1.58,-0.876,-0.057,1.11,-0.387,-0.841,1.036,0.416,0.184,-0.469,1.625,2.492,-0.588,-0.798,-0.477,-0.351,-2.131,-1.768,-0.061,0
0.982,0.008,-0.017,-1.616,0.214,0.837,-0.605,1.512,-1.278,3.071,-0.153,0.571,1.15,0.353,1.185,0.732,-0.706,0.472,-1.059,0.498,-0.321,1.027,0.132,1.14,0.154,0.0,-0.65,0.645,0.117,-0.443,1
1.308,1.198,-1.003,-0.72,-0.26,-0.273,-0.251,0.558,0.148,0.373,-0.229,-0.846,0.539,-0.311,1.505,0.769,1.77,0.284,0.461,-1.465,0.323,0.736,0.782,1.228,-0.115,2.379,-0.422,-0.269,2.499,-0.005,0
-1.676,-0.294,0.367,-0.609,0.117,0.055,-0.074,-0.358,1.325,0.705,1.774,-0.754,0.149,-1.589,0.129,0.09,-0.203,0.284,-0.435,0.579,0.332,0.228,-1.352,1.733,0.585,-0.654,0.179,-2.337,0.222,-0.051,1
0.787,1.471,0.618,-1.205,0.427,0.082,-0.616,-0.645,0.076,0.483,0.031,-1.307,-2.024,-1.25,0.918,0.919,0.149,-0.575,0.714,0.18,-0.244,-1.179,0.625,2.104,2.212,0.322,-0.384,1.036,-0.642,0.707,0
-0.396,-1.358,-1.895,-0.174,-0.315,1.386,0.78,0.488,0.415,0.847,-2.224,1.084,-0.564,0.082,-0.408,0.634,-0.367,-1.051,-1.92,0.762,-0.455,0.17,-0.491,-0.28,1.914,2.724,0.261,0.315,-0.541,-0.96,0
0.699,0.18,-0.669,-0.919,2.309,0.364,-0.405,-1.257,0.567,-2.683,1.77,-0.425,-0.248,-0.158,0.462,1.263,0.277,-0.382,0.297,0.281,-0.94,1.273,-0.468,1.927,-0.168,0.734,-1.192,0.48,-0.156,-1.089,0
0.058,-0.127,0.46,1.577,0.3,-0.428,-0.162,-1.097,-1.346,-0.949,1.993,-0.218,0.223,0.542,-0.729,1.039,-0.45,-2.422,-0.06,0.408,-1.641,1.366,-0.717,0.807,-0.63,-0.478,0.697,0.824,-1.491,1.57,0
0.523,-1.125,1.578,0.886,-0.847,0.524,0.932,-0.189,0.139,-0.279,-2.041,-2.33,-0.484,-1.964,-0.075,-0.625,0.765,-0.749,-0.689,0.396,-1.163,0.05,0.665,-1.16,-0.79,0.364,0.436,-0.138,-0.022,-0.526,0
-2.223,-0.598,0.336,-0.856,0.685,-1.126,-2.235,-0.91,-1.861,0.157,-1.1,0.095,0.856,1.867,-0.024,1.101,0.288,0.02,-0.413,0.475,1.254,-1.052,0.676,0.344,-0.312,0.167,0.127,1.29,1.098,-0.475,0
1.313,0.305,1.147,-0.697,0.323,-0.426,-0.333,0.068,-1.992,-1.252,2.406,-1.46,0.282,-1.3,0.311,0.323,1.297,-0.12,-0.855,-0.097,1.062,-1.536,1.466,-0.873,0.711,0.311,0.651,0.802,-0.622,-0.147,1
-0.181,-0.002,-0.493,-0.971,-0.013,-0.003,0.72,-0.14,0.166,1.323,-1.434,1.336,-0.807,-0.526,0.439,0.708,1.961,-0.122,-0.347,-0.548,-0.419,0.176,0.509,-0.263,0.248,0.217,0.987,-1.54,-0.749,3.176,1
-1.39,1.151,-0.203,-1.269,-0.232,-2.322,-0.23,-1.305,-0.118,0.948,-0.112,-0.67,-0.069,0.031,-0.999,-0.296,-2.241,-0.93,-0.513,1.127,1.467,1.111,-1.129,-0.204,1.339,0.271,0.107,-0.266,0.079,-0.766,1
-0.186,-0.098,-0.302,-0.308,-0.881,-0.717,0.32,2.565,0.908,1.223,0.662,0.401,1.433,1.158,-1.123,1.43,-0.604,-0.149,-1.088,1.036,-0.22,-0.14,-1.539,-0.241,-1.598,1.629,0.308,-0.311,-0.409,0.198,0
-0.666,-2.819,-0.084,-0.767,-1.538,0.129,-1.342,0.501,1.221,-1.427,-1.558,-1.04,-0.33,1.419,0.994,-0.203,-0.699,0.15,0.953,1.165,0.003,-0.807,0.318,0.999,-0.035,-0.163,0.348,0.189,-0.991,0.622,0
-0.445,-0.636,-0.722,-0.693,1.236,0.328,-0.233,-0.714,-0.946,0.169,0.235,-0.928,0.64,0.28,-0.258,0.218,0.363,-0.855,0.275,-0.809,0.065,0.256,0.5,-0.076,1.604,1.112,0.671,1.97,-0.801,1.171,0
0.196,0.125,-0.163,1.205,-1.189,-1.559,-2.649,-0.45,0.527,2.343,-0.495,-1.847,1.119,-0.469,-0.077,-0.473,0.317,0.867,-1.098,0.808,1.295,-0.566,-1.784,0.928,0.485,0.247,-0.08,-1.271,1.855,-1.238,1
0.973,-0.04,-1.571,-1.398,0.892,-1.744,-0.058,-0.582,0.137,0.707,-0.224,1.68,-0.714,0.604,-0.687,-2.034,0.701,0.534,-0.299,0.513,-2.572,1.398,-0.664,0.898,-0.092,-0.491,0.452,-0.631,-0.731,-1.619,1
1.607,-0.167,-0.031,-0.619,1.99,-1.219,-0.078,-0.113,0.506,0.161,0.037,-0.439,0.292,1.699,0.474,-1.761,-2.292,0.82,0.93,-1.27,-0.246,-2.1,1.146,-0.877,0.781,0.82,0.015,-1.105,0.031,0.552,0
-0.456,0.769,-1.09,0.456,0.069,-0.532,0.342,-1.384,0.493,0.238,0.272,-0.034,1.19,0.561,1.673,0.141,-0.267,0.435,1.018,-2.41,0.093,1.937,-1.125,-0.459,-0.113,0.276,-1.217,1.705,-0.519,-0.203,0
0.695,-0.118,0.083,2.001,0.132,0.145,0.983,-2.119,-1.018,-0.342,-0.02,-0.599,-0.906,0.523,0.45,0.135,-0.23,0.854,1.066,-1.155,0.219,1.767,0.586,-0.855,0.71,-1.225,-0.446,0.811,-0.903,0.056,0
0.18,-2.229,-1.064,-0.071,1.167,0.462,-0.103,-0.219,0.161,0.925,-0.594,1.399,1.549,-0.998,-0.385,-0.108,-0.015,-1.371,-1.152,-1.465,-0.824,0.349,1.081,0.359,-1.483,-1.45,0.236,0.588,0.858,1.309,1
-0.239,0.485,0.758,-1.117,-0.084,1.604,-0.264,0.078,-1.134,-1.145,-0.632,-0.783,1.361,-1.643,1.673,0.087,-0.745,1.148,-0.572,-0.588,0.359,1.392,1.445,-1.583,0.693,-0.815,-0.315,0.704,-0.171,-1.073,0
-1.34,-1.878,-0.654,-1.093,0.56,0.6,-2.789,0.08,-0.635,-0.511,-0.646,-0.526,1.238,-0.085,-0.835,-0.34,0.711,-0.162,0.43,0.97,0.46,0.248,0.191,-1.809,-0.293,-0.381,1.405,1.536,1.146,-1.521,0
-2.732,-0.46,1.06,-0.334,-0.082,-1.339,-0.265,0.53,-0.11,1.367,0.534,-0.572,0.149,2.703,1.046,0.479,0.869,-0.655,-0.016,0.972,0.447,-0.129,-0.235,1.448,0.214,0.25,1.501,-1.167,0.939,-0.327,1
-0.862,0.625,0.748,-1.437,1.722,1.79,-1.091,-0.882,-2.134,-2.009,0.864,0.111,-0.878,1.309,-0.404,1.156,-1.229,0.563,0.308,-1.11,-0.252,-1.17,-0.876,0.899,-0.371,-0.673,1.021,-0.157,-1.911,-1.704,1
-0.07,0.259,-0.447,0.216,-0.531,-1.005,-0.503,0.051,-1.216,1.954,0.389,-2.648,1.304,-1.063,-0.718,0.415,-1.818,1.093,0.429,-0.065,-0.221,-1.162,-1.214,1.567,-0.045,-0.123,1.726,0.553,1.689,-0.665,1
-1.392,0.983,1.78,-0.816,1.545,-0.251,0.669,1.343,-0.313,-0.384,1.287,-1.409,2.052,-1.156,1.121,-0.022,0.539,-1.814,-0.608,0.516,1.351,-0.543,1.943,0.237,0.547,-0.054,0.643,1.118,1.605,0.228,1
0.394,1.207,-1.145,1.197,2.134,1.024,-0.579,1.351,-0.113,-1.528,0.915,-0.302,-1.452,-1.793,1.214,0.764,-0.365,-0.419,-0.472,-0.712,-0.05,0.686,0.596,1.242,0.908,-1.181,2.037,-1.287,1.173,0.98,1
-0.501,-0.991,1.354,-0.415,0.511,1.24,-1.239,-0.669,-0.255,-1.808,1.788,-0.72,1.265,1.105,-0.868,-0.44,-0.72,0.743,-0.105,0.54,0.938,0.275,0.129,-0.51,-0.469,-0.068,-0.339,0.793,0.914,1.376,1
0.093,0.547,0.452,-1.158,0.536,-0.303,0.855,-1.557,1.693,-1.096,0.782,0.815,1.282,-0.724,-1.151,0.613,1.129,-0.253,-0.868,-0.722,-0.104,-0.365,0.208,1.119,-2.699,0.611,0.845,1.044,-0.806,0.672,0
0.794,-0.264,-1.031,1.031,1.427,1.548,0.155,-1.592,-1.199,-0.198,-0.413,-0.212,0.027,-0.013,-1.072,1.53,-0.625,-0.286,0.476,-1.437,1.474,2.24,-0.5,-0.738,-0.045,1.428,-0.556,0.813,-0.384,0.757,0
1.764,-1.051,0.842,1.237,0.962,-0.718,-0.026,-1.651,0.273,0.361,-1.04,-0.111,1.465,1.459,-0.543,1.158,-0.304,0.152,0.355,0.859,0.338,-0.267,-0.663,-1.39,0.975,-0.446,0.886,-0.716,0.385,-1.331,1
-1.213,-0.069,0.87,0.415,-0.713,2.885,-0.388,0.454,-0.274,-1.192,-1.136,-0.613,0.68,0.861,-0.415,-0.345,0.115,0.318,-0.946,0.108,-0.847,1.037,1.155,-1.496,0.008,1.431,-0.706,-0.036,-1.279,1.041,0
-0.22,-1.848,-0.051,-1.053,-1.75,-1.563,0.542,-0.698,-2.007,-0.982,0.543,0.535,-0.016,-0.211,0.241,-0.415,-0.256,-0.567,-0.905,-0.029,0.39,-1.27,0.975,0.152,-0.398,1.956,2.293,-1.26,-1.624,-0.823,1
-0.885,-0.4,1.171,0.378,-0.422,0.986,-0.188,0.664,-0.461,-0.329,1.482,-0.417,-0.236,0.034,0.414,-1.884,0.515,-0.204,-0.405,-0.211,-1.341,-0.178,0.752,-0.089,-0.079,0.411,-0.927,-0.353,-1.182,0.779,0
-0.0,1.575,0.763,1.578,-0.806,-1.196,-1.361,1.287,-0.359,-1.643,-0.353,0.407,0.136,0.429,-0.301,-0.038,-0.317,0.051,1.088,0.947,-1.896,-0.607,0.23,0.308,0.936,-1.945,-1.453,-0.315,-0.278,-1.355,0
0.579,-0.539,-0.994,0.096,0.447,-0.454,-0.532,0.864,0.558,2.227,0.784,0.417,-0.288,-1.231,0.264,-1.99,0.418,1.8,0.737,-0.045,1.087,-1.716,-1.25,0.061,0.602,0.343,-0.614,-1.957,-0.492,1.878,1
0.548,0.683,0.156,0.736,0.266,0.601,-1.346,0.167,-0.627,1.706,0.068,1.158,-1.713,1.157,0.289,-2.436,2.369,0.729,1.7,0.059,1.353,0.513,-0.49,0.271,1.285,-0.225,0.419,-1.387,1.287,2.443,1
1.604,-0.736,0.109,-1.67,-2.572,0.365,1.393,0.643,-0.233,1.033,-0.413,-1.148,0.779,0.081,1.163,-1.228,1.563,-0.226,-0.817,0.438,0.422,2.082,-0.218,0.214,0.873,-1.579,1.328,-0.633,0.931,2.837,1
1.224,-0.043,-2.58,1.203,-0.501,-1.736,-1.361,-0.326,0.061,0.311,1.588,2.037,0.736,0.365,0.48,-0.534,-0.337,0.269,-0.474,-0.118,-0.371,1.167,-0.537,-0.149,2.519,-0.911,-1.243,0.867,-0.221,0.021,0
0.684,0.363,0.403,-0.043,-0.584,-0.23,-0.12,0.125,-1.221,1.226,0.623,-0.441,0.969,-1.181,-0.16,0.924,0.794,1.498,-1.028,0.58,2.036,-1.298,-0.593,-0.06,-0.926,1.263,0.015,0.57,0.266,0.714,0
-1.358,-1.51,0.772,0.435,0.408,-1.142,-1.385,-0.842,-1.017,-0.465,-0.35,2.48,0.005,0.92,-1.789,0.847,0.671,-0.356,0.721,0.615,-0.087,-0.648,1.01,-0.005,-1.191,1.138,0.016,-0.972,-0.925,-0.327,0
0.481,-0.024,-1.441,1.348,0.013,-0.107,1.865,-0.083,-1.34,0.74,0.188,-0.276,1.808,0.246,0.657,0.311,-2.001,-0.473,0.457,-0.141,0.612,2.142,-0.304,1.017,0.23,-2.586,-1.125,-1.398,-0.185,-0.669,0
-0.908,-1.816,-0.358,-0.771,0.318,1.545,0.404,-0.41,-0.302,-0.587,-2.118,0.092,2.122,-1.622,0.73,-0.499,1.104,2.048,-0.667,-2.058,-0.89,0.486,0.27,-0.351,-1.06,-0.705,0.016,0.247,-0.246,0.254,0
0.475,-0.432,0.746,1.184,1.468,-0.419,-1.526,-0.041,-1.213,0.438,0.123,1.817,2.098,-0.761,0.678,0.25,0.946,-0.013,1.364,-0.075,1.955,-0.521,-0.085,-1.343,0.121,-1.324,0.418,0.575,1.259,-0.632,0
0.411,-1.097,-0.023,-0.937,-0.745,-0.77,-0.683,-1.215,1.201,-0.739,0.702,0.131,0.124,2.74,1.353,0.596,0.685,-1.826,-1.025,0.3,0.598,1.817,0.119,0.876,-0.704,0.66,-0.22,1.584,2.159,0.234,0
-0.973,-1.218,-0.097,2.847,-1.665,0.08,-0.573,-0.528,-0.602,-0.331,0.398,0.402,0.249,-0.582,1.738,0.388,-0.33,0.227,-0.882,-0.427,0.045,-0.9,1.276,1.004,-1.164,0.283,2.079,1.052,-1.193,0.611,1
0.606,1.652,-0.512,0.616,1.998,-0.229,-0.941,-1.494,1.856,1.054,-0.987,-0.905,0.272,0.932,-0.008,-0.224,0.372,1.287,0.953,-1.642,3.145,0.349,-0.198,0.585,0.598,-0.319,0.518,-0.379,0.275,0.368,0
-0.349,-0.573,1.217,-0.733,-0.291,-0.783,0.78,1.71,0.059,-0.448,-1.393,0.283,-0.639,-1.768,-0.699,0.224,-0.137,-1.239,-0.208,-2.341,-0.11,2.182,-0.848,0.354,0.082,1.281,1.38,-0.898,0.173,1.791,1
1.05,-0.632,-0.041,0.671,-0.032,0.214,1.629,-0.582,1.427,0.735,-1.396,-0.357,-0.166,1.018,1.239,2.186,1.255,-1.188,0.721,0.806,1.017,-1.57,-1.764,-1.029,-0.982,0.108,1.011,-0.583,-0.075,-0.097,1
-0.334,-0.226,-0.943,1.68,-0.871,0.459,0.184,2.281,1.0,-0.032,-0.845,-0.806,0.443,-1.325,-1.071,-0.136,-1.094,2.065,0.97,-0.328,-1.282,-0.016,-0.194,0.726,-1.235,-0.201,2.032,0.317,-1.581,-0.787,1
-0.749,0.219,0.104,0.822,-1.148,0.781,-0.843,-0.983,0.938,0.99,1.265,1.733,0.244,-0.645,2.272,-0.552,0.641,1.015,0.124,-0.566,-0.537,-0.625,-1.43,1.049,-1.989,-1.096,1.263,0.624,1.278,1.084,1
-0.008,0.187,-0.739,-0.869,-1.197,-1.004,-0.762,-1.707,0.192,0.467,1.329,0.94,-1.209,0.78,1.403,0.973,-1.765,0.082,1.33,-0.635,1.152,1.038,-0.836,-0.17,0.954,0.492,0.703,0.6,0.89,-0.199,1
-2.095,-2.228,1.107,-0.331,0.264,2.143,-0.179,2.01,-1.366,0.572,-0.193,-0.186,0.471,0.744,1.679,-1.827,-0.124,0.184,0.032,-1.153,-0.484,0.013,0.511,-1.143,-0.908,0.93,-1.197,0.385,-0.679,0.676,1
-0.646,1.52,-0.398,1.244,-1.25,-0.037,-1.064,-2.161,-0.565,1.501,-0.274,1.098,-0.854,1.709,-1.117,-1.124,0.036,-0.316,-0.934,1.052,0.237,0.679,-0.74,0.402,1.339,-0.134,0.637,-0.636,-1.289,-1.423,1
0.58,-0.61,0.978,0.842,0.443,-0.868,1.165,-0.92,-0.231,-0.535,1.635,2.164,0.401,-0.61,-1.067,-1.541,-0.876,0.025,-0.215,0.407,-0.364,1.818,1.034,-0.685,-0.872,0.639,-0.439,0.076,1.207,1.351,1
-0.424,-1.231,-0.282,0.675,-0.591,-1.97,-0.431,-0.552,0.163,0.883,0.548,-1.082,-0.012,-0.514,1.897,0.138,-0.045,0.439,-0.973,-0.906,0.483,-1.721,0.458,-0.372,0.257,0.211,0.311,-0.587,0.717,-0.67,0
0.164,0.474,0.727,0.764,-0.481,0.241,0.661,1.408,-0.394,0.647,-0.285,2.578,0.536,-0.4,0.096,-0.847,2.311,-0.868,-1.119,0.917,0.348,1.039,-0.846,-0.963,1.256,-0.655,1.543,1.018,-0.444,-0.139,1
1.073,-0.027,-0.241,0.541,0.065,0.522,-0.023,1.918,-1.911,0.746,-0.309,-0.353,1.064,-0.557,-1.71,-1.853,-0.178,0.18,0.979,0.659,-2.182,0.665,0.607,0.494,0.806,0.006,1.259,0.505,-0.197,-0.353,0
0.247,0.314,-1.067,0.243,0.245,-1.086,1.697,-0.755,-0.201,-0.069,1.294,0.11,2.329,0.06,2.43,0.476,-1.871,0.243,1.462,-0.154,-0.981,0.151,1.532,1.308,-1.738,0.349,0.889,-1.151,0.639,1.325,0
-1.192,-1.945,-2.267,-0.849,0.276,-1.647,1.133,-1.419,-0.263,-0.043,-1.001,-0.872,0.634,-0.417,-0.72,0.804,-0.235,-0.224,0.898,-0.903,-0.082,1.616,-1.372,-0.267,0.464,0.531,-1.907,-0.389,1.908,0.81,1
0.68,-0.131,1.887,-1.795,-0.761,-0.142,-1.342,0.456,-0.091,1.516,0.192,-0.867,2.207,2.301,-2.349,-0.556,0.633,0.082,0.16,2.104,-0.368,0.611,0.514,-0.127,-1.047,-0.488,0.343,1.15,-1.089,-0.467,1
-0.898,2.018,0.66,-0.56,-1.152,0.965,-0.601,-1.496,1.558,-0.243,-1.256,1.174,-0.177,-0.852,-1.951,-1.178,1.044,-0.938,0.798,-0.966,-0.415,2.21,-1.151,2.525,0.48,0.817,-0.141,0.746,-0.171,0.22,1
-1.06,0.344,1.711,0.838,-0.745,0.318,-0.488,1.198,0.469,0.267,0.986,-0.174,-1.272,0.456,-0.875,1.452,-2.542,2.812,0.595,-0.732,0.429,-2.238,0.965,-1.486,1.692,-1.351,-0.052,0.412,-0.914,-0.753,1
-0.034,-1.026,0.261,-0.236,-1.209,-0.054,0.211,-1.428,-3.008,0.746,0.56,1.123,-0.169,-1.477,0.054,0.096,0.841,-0.087,0.775,-0.322,-1.244,-0.305,2.307,0.643,0.477,-0.345,1.482,-0.782,1.273,-1.926,1
-0.708,0.068,0.267,-0.382,-0.769,-0.038,0.546,1.384,-0.917,-0.273,0.073,-0.881,0.169,-1.034,-0.606,0.997,0.153,0.246,0.77,-0.384,-0.021,0.602,-0.302,-0.909,-0.683,0.911,1.384,-0.915,-0.683,1.248,1
0.249,0.499,0.042,-0.017,-0.645,0.939,0.65,2.202,0.777,-0.979,-1.061,0.766,0.554,-0.781,0.49,-0.98,0.725,0.281,0.546,0.768,0.067,-1.064,0.733,0.219,-0.963,0.177,1.472,1.313,0.382,-2.282,1
0.17,1.882,-0.657,-0.551,0.007,0.453,0.055,-0.964,-0.065,0.482,0.455,-0.963,0.373,1.279,0.896,0.365,0.489,0.241,-0.608,0.674,0.315,-2.089,0.953,1.592,-0.505,0.136,0.594,-0.865,-0.255,-1.157,0
1.441,-0.192,1.417,0.044,-0.046,1.788,-0.977,0.952,-0.787,-0.545,1.319,-0.13,0.649,1.282,0.182,-0.18,0.599,0.346,0.864,0.067,-0.875,-0.241,-0.756,0.515,-0.199,-0.193,-0.394,0.14,0.003,-0.594,1
-1.967,-0.802,0.328,0.581,1.947,-0.791,-0.446,-0.342,-1.543,0.466,-1.644,0.947,-0.582,-0.528,-0.025,0.275,-2.376,-0.385,-0.446,-0.657,-0.112,0.615,-0.504,1.598,-0.335,0.846,-0.425,0.497,-1.374,1.09,0
1.764,0.352,-1.246,0.931,-1.753,-0.498,0.408,-0.185,-0.707,0.403,-0.419,-1.576,1.567,-0.047,0.389,-0.535,-1.481,-1.197,-1.287,0.363,0.053,-0.044,-0.015,0.573,-1.423,1.122,-0.24,-0.224,0.456,0.386,1
-1.874,-2.156,1.302,0.258,0.337,0.389,0.096,-0.037,0.549,1.051,-0.479,0.173,-0.187,-0.636,0.637,-1.307,1.249,0.574,1.135,-1.089,1.028,-0.892,0.741,0.859,-0.145,-0.346,-0.932,0.387,0.849,0.921,1
-1.222,-0.658,-0.402,0.62,-0.861,0.401,0.234,1.325,0.423,-0.412,1.261,1.74,-1.802,-0.523,-0.52,1.476,1.224,-2.433,-0.29,-0.104,-0.883,0.049,0.916,0.065,-2.145,-0.564,-1.763,-0.655,-0.092,2.588,1
-0.347,0.748,0.782,-1.406,0.248,0.932,-1.786,-0.292,-0.66,-0.24,-0.03,-0.584,1.16,1.813,0.866,-1.146,0.967,0.759,-2.373,0.801,-1.762,0.841,0.468,0.548,0.932,-0.285,0.381,1.222,0.895,-0.554,1
1.055,-0.325,-0.125,-0.517,0.426,-1.237,-0.476,-0.164,0.609,-0.996,-0.306,0.98,0.591,-1.009,-0.82,-0.176,-1.72,0.731,-0.556,-0.995,0.742,-1.677,-2.221,-0.819,0.741,-1.44,-1.182,-0.954,0.615,0.838,1
0.725,0.651,0.425,-2.038,0.797,-0.876,-0.208,-0.154,-0.271,-0.084,-0.04,-1.006,1.464,1.159,0.001,-0.459,0.189,-0.507,-0.669,0.548,0.84,-2.292,0.575,-0.571,-0.302,-0.84,0.708,0.431,1.408,-0.032,1
-0.85,0.995,-0.825,0.036,-0.191,0.493,1.373,0.287,-0.216,0.38,-2.279,1.17,-0.573,-0.109,-1.293,-2.049,0.943,0.527,0.495,-0.195,0.288,-1.969,-0.231,0.418,1.913,0.11,-0.843,-0.09,0.943,-0.127,1
1.96,-0.013,0.449,-0.333,-1.575,0.26,0.426,1.145,0.06,-0.384,-0.219,-0.125,1.953,-1.345,-0.789,-1.685,-1.082,1.146,0.303,0.065,1.261,0.522,-0.826,0.409,1.307,-0.665,0.845,1.604,0.994,-1.601,0
0.423,0.288,0.096,-0.438,0.675,1.542,-1.083,-1.115,0.753,-0.54,-0.614,0.28,-0.144,-1.365,1.4,-0.12,1.533,-0.151,0.519,-1.141,1.748,1.089,1.298,-1.887,-0.315,0.728,1.028,-0.328,0.521,0.572,0
0.773,-0.482,0.556,-1.519,-0.726,1.163,-0.658,-0.092,-0.952,-0.144,-0.054,-0.662,0.033,1.135,-0.316,0.759,-0.058,1.383,1.537,-0.51,0.82,-0.165,-0.181,-0.74,-0.075,0.92,-0.195,-0.693,2.485,0.623,0
-1.796,-0.076,0.144,-0.498,-1.028,0.427,-2.286,0.831,0.62,-0.062,-0.142,0.587,0.128,1.035,-0.05,0.061,-1.193,-0.539,-0.562,-0.487,0.537,-3.857,-0.004,0.232,0.462,0.985,-0.343,-1.293,-0.801,0.775,0
0.09,-1.438,1.405,0.5,1.388,-1.24,0.314,-0.05,0.425,0.871,0.542,0.852,-0.974,0.579,0.327,1.606,-0.914,0.456,-0.877,-1.154,1.037,-1.688,1.026,-0.613,0.885,0.451,0.95,1.286,-0.729,-0.82,0
-1.028,-0.936,0.565,1.089,-0.705,0.906,1.2,0.95,-0.633,-0.479,2.189,0.531,-0.664,1.461,-0.284,-1.033,-1.069,-1.046,0.13,-0.15,0.99,1.971,-1.396,-0.749,-0.041,0.176,-0.3,-1.043,-1.127,-0.446,1
0.68,-1.263,1.501,0.267,0.778,-1.254,-1.286,-0.314,0.757,-0.27,1.008,-1.332,-0.55,0.754,0.462,-0.57,0.683,-0.921,0.067,1.609,-0.933,-0.424,0.212,-1.079,-0.853,0.111,0.498,0.161,-1.032,0.612,1
-0.121,-0.882,-0.804,-0.744,0.041,0.125,-0.201,-0.81,-0.625,0.801,0.386,-0.938,-0.063,-0.114,-0.225,0.387,1.014,0.897,-0.885,-0.829,-1.315,-0.296,1.013,0.069,0.393,0.697,-0.838,-0.767,3.238,0.737,1
1.53,-0.604,-0.28,0.212,0.339,-2.307,-0.566,-1.247,1.971,-0.618,-0.167,1.442,0.195,-1.288,-1.189,-0.707,1.119,-0.003,-0.951,0.694,-0.377,-1.88,-0.131,0.087,0.459,0.322,-0.465,-0.743,0.116,-0.44,0
0.697,0.605,0.491,1.084,-0.394,-0.437,-2.162,-0.987,1.354,-0.201,-0.172,0.837,0.916,1.944,0.222,-0.059,2.232,-0.104,0.326,-0.351,0.603,-1.45,0.848,0.427,0.622,-0.472,-1.633,0.035,1.293,0.542,0
1.808,0.304,-1.784,-0.129,0.087,0.26,0.935,-0.286,-0.108,0.439,1.768,0.481,0.154,-0.127,-1.052,0.847,0.655,-0.576,-1.905,0.545,-1.448,1.697,-0.631,0.925,-1.449,-1.05,1.124,2.261,-0.37,-0.652,1
0.51,-0.462,-0.151,-0.069,-0.199,-0.513,-0.038,-0.274,0.959,0.248,-0.194,0.639,0.318,0.038,0.068,2.192,0.111,2.79,-0.799,-0.962,1.492,1.775,-0.494,0.619,-0.489,-0.222,-0.892,2.669,1.05,0.386,1
-0.737,0.648,1.641,1.025,1.084,1.763,0.108,0.425,-1.476,0.335,0.865,-0.115,0.088,1.864,-0.683,-1.854,-2.105,-0.368,0.484,2.806,-1.049,0.063,1.284,0.899,-0.323,-0.218,-0.982,0.446,-0.193,-0.183,1
1.443,1.125,0.266,0.869,0.228,-0.496,-0.412,-0.641,1.03,-1.838,-0.535,0.741,0.347,0.081,1.014,-0.307,-1.109,-2.413,0.395,0.186,-0.741,0.288,-0.818,0.674,0.948,-0.502,0.563,0.688,-0.145,-1.625,0
-0.208,1.619,-0.531,-1.221,0.156,0.45,0.571,0.145,-0.287,0.373,-1.385,-0.066,-0.82,0.089,0.033,-0.215,0.074,-0.383,-0.261,-2.036,0.92,0.316,-1.282,2.609,0.352,-0.68,0.695,1.009,0.631,-0.592,1
-0.109,0.062,1.367,0.474,0.716,0.557,0.736,0.775,-1.229,-0.629,0.781,-1.69,-0.264,0.646,-0.556,0.683,1.096,-1.58,-0.026,-0.966,0.342,-0.859,0.67,1.788,0.599,1.159,0.047,-0.448,0.133,0.223,1
1.376,0.321,0.245,1.325,0.844,-0.316,-0.693,-0.342,1.26,-0.622,1.579,1.131,-0.794,-0.833,-2.715,-0.433,2.036,1.452,-0.807,0.015,-0.863,-2.22,1.421,0.013,1.673,2.164,-0.21,0.476,0.834,0.803,0
0.285,-0.618,0.818,-0.222,1.117,0.586,-0.995,1.227,0.284,1.534,1.841,-0.59,-1.252,0.485,-0.634,1.172,1.167,0.69,-0.019,1.356,1.32,-0.671,-0.078,-0.343,2.477,1.099,-0.084,1.069,1.552,0.192,1
1.558,-0.014,0.583,-0.636,-0.717,0.685,1.296,-0.263,0.924,0.214,2.012,-0.029,-1.071,0.364,1.008,-1.12,1.524,0.453,1.109,-0.405,0.607,0.584,-1.47,-0.312,-1.128,-1.027,-0.689,-2.243,-0.5,-0.622,1
0.143,-0.635,0.106,1.146,1.018,1.497,1.565,0.231,1.672,-0.009,-1.063,-0.189,0.227,-0.832,0.171,-0.392,1.954,1.652,-0.315,-0.439,0.008,2.534,-0.74,-0.12,0.393,-0.719,1.179,-0.096,0.83,-1.477,1
1.925,-0.031,-0.143,-1.083,1.117,0.233,0.939,0.197,0.269,3.184,-0.405,0.378,-0.147,0.057,-1.158,-0.379,0.579,0.411,-0.071,-0.361,-0.044,0.493,-0.465,0.389,-1.386,0.754,-0.229,0.194,0.056,-0.551,1
0.734,1.246,0.814,0.807,-0.234,-1.09,-0.997,0.392,0.452,0.665,1.352,-1.373,0.128,0.35,-0.187,0.139,-0.596,-0.171,-1.296,2.762,-0.516,-0.196,0.339,-1.044,-1.533,-0.787,-0.956,2.151,-0.394,0.871,1
-0.41,1.415,1.533,-2.219,0.434,-1.825,0.975,1.061,-0.127,-0.07,0.446,-0.209,-0.816,-0.685,0.215,0.01,-0.24,-0.689,1.097,2.164,1.338,-0.803,-0.719,-2.034,-0.019,0.393,-0.515,0.44,-0.169,-0.604,0
0.684,1.332,0.875,-1.935,-0.502,-0.707,-0.655,-1.614,0.997,1.197,-0.493,-0.975,0.502,-1.44,-0.85,-0.417,1.649,-0.643,0.963,1.717,0.272,-0.259,0.387,-0.329,-0.06,1.052,-0.401,1.755,-1.265,-1.703,0
1.605,-2.771,-1.463,-0.591,0.04,-1.889,-0.269,-0.24,1.533,0.077,-0.691,-0.229,-1.334,-0.72,-0.678,0.2,0.32,1.4,-0.199,-0.548,-0.444,-0.171,1.647,0.909,0.744,1.24,-0.922,-1.086,2.4,-0.089,1
-0.458,0.477,0.235,0.15,-0.387,0.267,0.618,2.915,-0.233,-1.503,-0.655,-0.268,-0.919,-1.453,1.26,-0.63,-0.394,1.556,-0.295,2.396,0.883,-0.474,0.179,0.063,-0.008,-1.259,-1.163,0.75,-0.053,1.181,0
1.232,-0.101,-1.159,-0.293,-1.647,-2.132,0.679,0.5,-0.486,0.233,1.606,-0.015,-0.511,0.883,1.135,1.024,-2.181,-0.057,-2.005,0.257,-0.552,0.552,0.237,1.654,0.565,0.479,1.482,-0.759,-2.324,-1.113,1
-0.214,-0.783,-1.017,0.783,-0.038,-0.501,-1.126,-0.102,0.138,0.235,-1.239,1.06,-0.761,-0.587,-0.553,-0.154,0.311,0.022,-0.746,-0.596,-1.236,0.995,-0.322,-0.018,-0.132,0.527,-0.614,0.65,0.505,-1.112,1
-0.385,0.691,-0.56,1.231,0.304,1.585,0.479,0.852,1.006,0.146,-0.517,-1.702,-1.727,-0.823,0.165,-0.295,0.873,0.541,0.344,-0.901,0.556,-1.132,0.521,0.421,0.906,0.289,-0.085,0.908,-2.295,1.179,1
-1.414,0.218,-0.533,-1.039,0.536,-0.83,0.972,-0.822,-0.356,0.643,1.533,-1.307,0.031,2.52,0.413,-0.862,-0.478,-0.981,-1.37,0.569,-0.319,-0.143,0.218,0.295,0.409,1.645,0.635,0.78,0.127,0.34,0
-0.32,1.589,-0.46,1.063,0.248,0.977,0.007,0.88,1.174,0.572,0.768,-0.563,0.289,0.35,0.068,-2.48,-0.618,-0.952,2.382,-0.06,0.019,0.306,-1.156,-0.245,-0.295,0.052,-2.323,0.428,-2.5,0.687,0
0.485,-1.267,-1.295,0.615,-1.127,-0.061,-1.045,-0.555,-2.019,0.352,0.264,-0.412,-0.052,-1.82,1.342,0.944,1.553,0.412,-0.161,-1.129,2.623,-0.263,0.421,-0.8,-0.611,0.222,1.165,0.099,-1.982,-1.525,0
-0.998,0.504,-0.367,-0.984,1.548,0.045,1.26,-0.13,-1.881,0.605,-0.171,-0.584,1.992,2.199,0.16,1.193,-0.332,0.495,0.109,0.245,0.377,-0.799,0.804,-2.004,1.525,1.553,-0.557,-0.683,1.199,-0.317,1
0.922,-0.043,0.936,-1.454,0.193,0.897,-0.799,0.295,0.142,0.911,1.18,0.279,-0.568,-1.034,0.197,-1.37,0.503,1.749,1.671,-0.087,-2.547,1.088,1.156,1.626,-1.675,0.538,1.597,-2.023,-0.08,-0.632,1
-0.985,0.358,-1.349,1.187,0.215,-1.975,-1.429,0.816,-0.214,0.324,2.368,0.756,0.931,0.212,0.745,0.344,1.3,0.774,-2.552,-0.561,-1.045,-0.57,0.38,1.703,-0.852,-0.032,0.195,0.051,0.351,-0.469,0
-1.443,0.794,-2.286,-0.549,-1.969,-0.243,-0.366,0.323,0.407,-0.151,1.532,0.002,-0.179,-0.323,-0.155,0.1,1.52,-1.741,0.314,0.622,-0.005,0.248,0.414,1.466,-1.054,-0.931,1.111,1.341,0.653,1.021,1
0.711,2.316,0.092,-1.184,0.897,-0.502,-0.743,0.77,0.658,-1.113,-0.543,1.069,-1.027,0.889,-1.912,1.112,-0.334,-1.068,-2.7,-0.311,0.294,1.572,0.256,-0.507,-0.99,-0.678,-1.134,0.865,-1.524,-0.72,1
-0.911,-1.466,0.218,0.767,-0.014,-0.365,1.11,-0.29,-0.448,1.336,1.304,0.282,-3.163,-0.527,-1.773,0.765,0.228,0.463,0.878,0.528,0.261,1.894,-0.578,1.781,0.815,-0.189,-0.041,-0.356,2.384,-1.502,1
-1.453,-0.342,-1.768,-0.475,-1.125,-1.031,0.97,-0.577,0.249,-0.509,0.288,-1.723,-2.387,0.955,0.657,1.422,-1.668,-0.045,-0.776,0.477,-1.057,2.245,-0.71,-0.927,0.328,2.106,0.974,-0.692,-2.055,0.982,0
0.033,-0.927,-0.258,-0.279,-0.358,-0.961,1.036,1.126,0.155,0.283,-0.768,1.54,1.858,-1.397,0.252,-0.199,0.179,0.739,-0.834,-1.266,-0.586,0.194,-0.446,-0.025,-0.697,0.29,-0.281,-0.444,-1.098,-0.44,0
-0.677,-0.677,1.416,-0.218,-2.29,-0.728,1.449,0.803,1.476,-2.802,0.467,-1.215,0.73,0.413,-0.174,0.176,-0.413,0.074,0.133,0.109,1.223,0.619,0.968,0.174,1.631,1.033,1.258,-0.207,-0.209,1.161,1
-0.899,0.587,-1.321,1.399,1.199,1.316,-0.294,-1.448,0.85,-0.263,-0.691,-1.863,0.539,0.406,1.037,0.024,-0.123,0.053,1.5,-0.891,-1.769,1.815,-0.453,-0.638,1.506,-0.176,-2.876,-1.244,1.213,0.962,1
-0.249,-0.723,-0.691,-0.012,-1.508,-0.844,-0.696,-0.019,0.137,0.677,-1.969,0.124,-1.853,-0.146,0.215,1.023,1.428,-1.685,0.725,-1.641,-0.98,-0.879,0.022,-0.768,0.403,-0.135,-1.823,0.154,-0.028,0.406,0
-0.884,0.789,1.182,1.323,1.941,0.012,0.405,-1.031,2.017,0.881,1.224,-0.582,-1.192,-0.121,-0.106,-1.277,0.785,0.085,0.394,0.142,0.377,-0.149,-0.155,-0.412,0.573,1.37,-1.051,-0.422,0.058,0.517,1
-2.636,-0.793,0.756,-0.624,0.76,0.631,0.596,2.042,1.788,-0.913,0.379,-0.291,0.295,0.668,0.176,0.516,1.189,1.517,0.465,-0.324,0.429,-0.567,-0.97,0.125,0.19,-1.301,0.979,-0.12,0.453,0.425,1
0.047,-0.943,0.265,1.152,-0.66,0.797,-1.114,0.325,0.384,-0.413,-0.663,-1.21,1.388,0.639,-0.307,1.269,-1.228,-0.076,-0.406,-0.398,1.555,0.344,0.352,-0.049,1.468,0.321,0.708,-0.794,0.735,0.922,1
0.505,0.344,-0.741,-1.31,-0.195,0.252,-0.111,-1.57,0.165,0.515,2.481,-1.55,-0.471,2.864,-1.456,-0.033,0.978,-0.928,0.983,1.562,0.485,1.035,1.571,-0.782,-0.181,0.301,0.382,1.635,0.242,-1.133,0
-0.269,1.105,1.495,-1.342,0.07,-0.357,-0.354,-0.437,0.959,0.755,1.102,-0.725,0.789,-1.769,0.64,-1.098,1.382,-1.615,-1.468,0.321,-0.077,-0.019,0.699,0.067,0.928,-0.753,2.394,-0.553,-0.14,-0.42,1
-2.035,-1.676,1.122,0.389,-1.51,0.789,0.57,-1.201,-0.977,-1.552,2.085,1.522,-1.529,-1.189,-0.188,0.432,0.614,-0.59,-1.177,-0.404,-1.566,0.593,-0.903,-1.654,-0.286,-0.062,1.902,-0.011,0.601,1.458,1
0.175,-1.746,0.597,1.496,1.498,-0.515,-1.033,0.172,0.917,-0.191,1.745,-0.212,0.339,-0.564,0.606,0.839,1.224,0.301,-1.024,0.329,-0.158,-0.633,-0.36,-0.111,-1.333,-0.284,-1.521,-1.015,0.162,0.746,1
0.784,1.5,0.386,-0.107,-0.111,-1.961,0.146,0.53,0.453,1.426,0.902,-0.605,0.038,0.949,1.169,-0.377,-0.839,0.632,-0.143,-0.392,0.205,0.618,0.623,1.108,-0.094,0.804,-0.683,0.07,0.204,0.68,0
-0.374,1.375,0.538,-0.108,0.324,-0.232,0.654,0.121,-0.588,-1.492,-0.421,1.151,-0.466,-1.394,0.188,-0.564,-0.988,2.457,0.414,-0.351,0.045,0.654,1.281,1.379,1.099,0.234,-1.782,0.209,0.124,0.918,1
-1.204,0.664,0.243,0.343,1.085,-0.15,0.528,0.235,0.601,-1.165,0.687,-1.203,1.486,1.424,-0.747,-0.654,-0.452,-1.124,2.078,0.116,0.079,1.292,-0.773,-0.75,-0.265,1.104,0.033,0.034,-0.649,0.595,0
0.49,0.036,1.875,0.509,-1.323,-0.3,-0.307,0.581,-1.636,0.462,0.563,-0.155,1.838,-0.199,-1.042,0.326,-0.966,-0.477,-0.949,-0.233,-1.982,0.468,0.314,-0.43,-0.235,-0.001,-0.271,-0.422,-0.779,-1.745,1
-0.885,0.334,1.187,-1.555,2.538,-0.293,-1.119,0.529,-0.649,-0.266,0.209,0.177,-0.607,0.254,1.71,1.441,1.746,-0.713,-0.812,1.552,-0.298,0.454,-0.359,0.619,1.426,1.74,0.188,-0.71,-0.812,0.189,0
1.463,-0.623,-0.69,1.228,-0.574,0.729,1.702,-0.755,-0.436,0.607,0.684,-0.07,-1.678,0.384,-0.476,-0.142,-0.223,0.689,-0.544,1.399,0.104,-1.238,-0.688,1.379,0.364,0.451,0.167,1.489,-0.815,-2.006,1
1.756,-0.405,-0.032,-1.248,-1.623,1.039,-1.649,-1.479,0.738,-0.22,0.394,0.796,-0.1,-0.338,-0.89,-0.459,1.308,-1.307,-0.525,-0.549,2.118,-1.04,1.833,-2.117,-0.112,1.026,-0.89,-0.129,-0.743,0.707,1
2.2,0.764,1.043,0.763,0.907,-2.168,-0.921,0.257,0.494,1.156,-0.747,0.23,0.508,1.009,-2.416,-0.372,0.98,-0.998,0.491,-0.609,-0.135,0.85,-0.076,0.277,-0.326,-2.198,-1.263,-0.634,0.12,0.681,0
-0.438,-0.652,-0.712,0.525,0.15,-1.097,-0.216,0.939,-0.057,-1.122,-0.651,-1.272,1.263,-0.997,-1.663,0.151,0.503,-0.03,-0.905,1.225,1.022,0.629,0.762,0.392,0.539,-0.823,-0.746,-0.689,-0.89,-1.713,0
-0.619,-0.501,-0.05,-1.47,1.313,-1.215,-0.351,-0.24,0.69,0.851,0.479,-0.735,-1.107,1.031,-0.38,0.794,-1.554,-1.412,0.897,0.564,-0.896,1.087,-1.516,2.151,0.684,0.236,0.226,1.01,-0.424,1.491,0
-1.801,0.581,-0.972,-0.145,-1.135,0.325,-0.223,1.135,-0.444,1.465,0.489,-1.12,0.991,0.226,0.972,1.052,-1.262,1.39,0.451,0.017,-0.232,0.94,0.05,-0.121,0.218,-0.427,0.808,0.798,0.576,0.437,1
0.175,0.914,-1.806,0.061,-0.664,1.863,0.483,1.894,-0.64,-0.455,0.906,0.374,-1.175,0.931,1.29,0.402,-1.034,-0.162,0.233,-0.393,-1.001,-2.232,0.27,-0.916,1.325,-0.95,-0.066,-0.874,0.132,0.369,0
-0.214,-0.426,-0.399,-0.774,-0.477,-2.081,0.494,1.674,-1.755,-0.562,-0.208,1.536,1.17,-0.71,-0.27,-0.697,0.238,0.804,1.113,0.072,2.02,1.611,0.595,-0.801,-0.118,-0.86,-1.433,0.991,-1.386,0.34,0
0.553,-0.212,0.714,-1.091,0.359,-1.466,1.506,0.946,-0.77,-0.635,-0.094,-1.581,1.588,2.871,-0.88,-0.328,-1.225,-1.461,0.329,-0.864,0.36,-0.921,1.573,-0.014,0.583,-0.345,0.712,0.117,0.063,3.367,0
-0.035,2.066,-0.753,-0.841,0.214,0.057,-0.901,-1.509,-0.037,0.595,0.373,-1.507,-0.471,0.715,0.907,0.432,1.016,0.334,1.274,-1.21,1.134,-0.134,-1.171,-0.869,-0.725,1.044,-0.803,-0.129,-0.783,-0.419,1
-0.909,-0.936,1.138,-0.755,0.584,-0.281,1.956,0.767,-0.078,-1.122,0.101,-2.161,-0.526,-0.907,0.116,0.865,-1.032,-0.776,1.302,-0.019,-1.413,-0.815,0.19,-1.328,0.73,0.649,1.256,-0.553,0.323,1.056,1
1.282,-0.349,0.466,0.51,0.156,1.457,-2.168,-0.437,0.674,0.666,0.827,-1.329,-1.992,0.578,-0.713,-0.27,-0.134,1.38,0.444,0.995,1.004,0.235,-1.289,0.234,-0.612,0.305,0.192,1.028,-0.893,-0.119,1
0.108,-0.008,-1.628,2.007,-1.658,0.509,-0.679,-0.232,-1.096,0.844,-2.599,-0.006,-0.173,-1.38,-1.639,-0.398,0.537,-0.412,-1.033,1.037,1.255,-1.71,0.925,0.197,-0.744,0.084,-0.101,-0.442,0.073,0.035,1
0.613,0.036,-0.906,0.052,0.014,-1.099,-0.316,-0.197,0.561,1.557,0.789,-0.998,-0.947,0.585,0.766,-0.296,-0.439,0.176,0.264,-2.179,0.823,1.416,-0.189,-1.099,1.357,-0.959,0.93,-0.012,0.498,-0.873,1
0.188,0.624,0.211,0.521,1.76,-0.054,0.292,-1.549,0.207,-0.016,-1.528,-0.792,0.77,0.008,0.124,0.13,0.238,2.804,-0.527,-2.26,-1.266,-0.024,-0.167,0.772,1.286,1.247,0.389,1.209,1.167,0.107,0
0.882,-0.7,-1.015,-1.649,-1.05,0.021,-0.703,-2.286,-0.536,0.287,1.17,-0.16,0.286,-0.724,0.512,-0.438,0.137,-0.248,0.563,0.478,2.417,-0.751,1.156,1.61,-1.523,-1.025,-0.066,1.035,0.5,1.189,0
-0.878,-0.82,0.328,0.25,-0.987,-0.13,1.411,-0.05,-0.331,0.343,0.628,-1.108,-0.242,0.106,0.251,1.163,-0.629,0.759,0.408,0.337,-0.361,1.433,0.835,2.33,0.334,-0.241,-0.03,-0.685,-0.347,-0.314,0
0.265,0.424,0.721,0.798,-0.77,1.079,0.868,0.147,1.247,-0.777,-1.205,-0.133,-0.749,-0.751,0.715,-0.892,-2.206,0.118,1.183,0.486,0.813,0.666,-0.18,-0.004,-1.687,0.974,1.294,0.158,0.956,0.889,1
-1.91,0.871,1.13,0.829,-0.731,1.042,-0.731,0.978,0.563,-1.938,-1.316,-2.311,-0.468,-1.084,0.054,0.597,1.823,0.751,0.227,0.334,-0.695,-0.994,1.093,-1.027,-1.037,0.845,0.472,-2.604,-1.218,-0.977,1
-0.65,0.536,0.702,-0.994,-0.064,1.359,1.269,0.264,-0.137,-1.304,-1.927,-0.657,-0.671,0.684,-1.446,1.016,1.137,-1.863,0.905,0.548,-1.417,1.041,0.807,0.666,1.764,-0.155,0.16,-1.316,-0.464,0.386,1
-2.059,0.141,0.705,0.06,1.752,0.488,-0.454,-1.673,0.273,1.172,0.498,-0.446,0.42,2.208,1.953,-0.693,-0.998,-0.041,1.586,0.119,-1.47,-1.783,1.662,2.575,-0.22,0.05,0.391,1.302,1.333,0.482,1
-0.104,0.108,-0.868,-0.09,0.06,-0.26,-0.897,0.89,-1.58,-2.052,-0.413,-0.133,1.192,0.281,1.007,1.752,0.297,-1.21,-0.325,0.48,1.494,-1.558,-0.349,2.148,0.034,1.49,1.718,0.502,1.164,-0.827,0
-0.554,0.313,1.766,-0.555,-0.352,-1.299,0.452,0.103,0.421,0.29,-0.549,-2.995,-0.516,1.636,0.111,-0.556,0.8,1.117,-1.343,-0.642,0.413,-0.724,-1.981,1.31,0.01,-0.3,0.431,-2.03,0.2,0.861,1
-0.821,-0.524,-1.683,1.41,1.162,0.017,-1.224,-1.463,-1.222,-0.105,-0.295,1.197,3.173,1.333,0.29,-1.015,0.003,-0.191,0.607,-0.088,-2.797,-0.152,-1.321,0.688,-1.276,-0.134,-1.402,0.632,0.019,2.715,0
-0.48,-1.206,-1.128,0.741,0.486,1.271,0.967,0.999,-0.696,0.195,1.363,0.842,0.281,0.444,1.625,0.505,-1.184,1.331,-0.515,-1.836,-0.278,0.796,0.373,-1.065,-0.999,-0.41,-0.318,-1.422,0.524,0.194,1
0.258,-0.046,-0.09,2.531,0.45,0.376,-0.775,-1.114,-0.452,-1.925,-0.655,-0.006,-1.238,-0.915,-1.652,0.701,0.521,0.784,-0.318,-0.676,-2.34,0.571,0.49,0.672,-1.102,0.658,0.736,2.599,0.054,0.41,0
-0.578,-0.11,0.402,1.137,0.416,-0.187,-0.198,-0.035,0.959,-0.726,0.374,0.17,0.123,1.135,0.816,-0.716,0.432,-1.599,1.134,1.716,-0.659,-0.505,0.951,-0.868,-1.586,-0.096,0.622,1.041,-0.408,2.12,0
-1.258,1.056,-1.103,-0.092,-0.057,0.014,0.46,0.111,-0.443,-1.417,-2.129,1.208,1.016,-0.199,-1.618,-0.359,0.627,-1.57,0.693,3.088,0.338,-1.103,1.226,-0.932,-1.098,-0.303,0.771,0.642,2.208,-0.202,0
-0.418,0.459,0.029,-0.246,0.809,0.933,1.679,0.675,-0.767,-0.443,0.63,-0.16,-0.157,0.323,0.732,0.476,-0.292,-0.233,-0.574,0.264,0.083,-0.798,1.223,-0.684,-0.04,0.412,-0.803,0.58,-0.039,-1.081,0
0.682,1.609,-0.453,-0.304,1.43,-1.109,-0.119,1.37,-1.47,-0.243,0.165,-0.751,-0.385,2.419,0.131,-0.215,-0.192,-0.892,-1.312,-0.395,0.619,-0.565,0.298,1.253,0.097,-0.529,1.583,-0.286,-0.396,1.155,0
1.145,0.38,1.322,0.672,-0.758,-1.601,-1.641,0.698,-0.762,-0.208,1.83,0.19,-0.547,0.785,-2.24,0.029,-1.197,-0.011,0.182,-0.818,-0.126,-0.209,0.792,0.431,-0.606,-0.514,-0.365,-0.274,-0.915,-0.131,0
-2.526,1.413,-0.428,0.937,-1.527,-0.725,0.195,0.035,0.914,-0.737,1.563,-0.976,-0.204,-0.552,-0.88,-0.394,0.323,1.331,-0.433,1.988,-1.533,-0.59,-0.335,0.604,-1.38,-1.527,2.597,-0.448,0.418,-0.094,1
-0.719,-0.007,0.189,-0.203,-0.472,0.661,-0.518,0.57,-1.643,1.848,1.898,-0.33,0.412,1.04,-0.62,0.059,0.603,0.826,-1.098,1.055,0.234,0.673,-0.22,2.03,-0.236,-0.12,0.075,0.218,-2.023,0.521,0
-0.076,0.621,-0.935,0.285,-0.274,0.795,0.246,0.284,-1.646,-1.202,1.288,0.648,0.584,0.202,0.449,-0.842,0.7,1.334,-0.583,0.277,1.437,0.718,1.971,-1.155,0.961,-1.377,-1.004,0.887,-1.732,-1.034,0
0.112,-0.741,0.061,-2.039,-1.057,-0.593,1.735,-0.535,0.837,-0.441,-0.113,0.226,-0.985,1.443,0.604,0.135,0.828,0.918,0.075,0.293,3.075,0.317,0.92,-0.154,0.619,1.368,0.514,0.979,-0.99,0.573,0
-1.511,-0.97,0.192,-1.418,0.36,1.17,-0.77,0.05,2.013,0.823,0.895,-1.202,1.552,0.541,-0.474,0.219,0.097,1.009,-1.016,0.58,-0.796,-0.467,-1.354,-0.622,0.641,-0.436,0.225,1.234,0.2,-1.46,1
0.287,-0.55,0.222,-2.206,0.516,0.681,-0.226,1.439,0.452,-1.851,-0.359,-1.045,1.214,-2.693,0.547,-0.957,-1.511,0.394,-0.25,-0.318,0.042,-1.008,-0.592,1.065,-0.739,0.981,-0.962,-0.243,0.05,-0.119,1
-0.342,-0.179,0.258,0.315,0.937,1.246,-0.187,0.223,0.229,1.433,-0.227,-1.589,1.519,-1.923,0.401,0.356,0.682,-0.544,-0.163,-0.451,-0.248,1.088,0.479,1.367,-1.434,0.379,0.551,-0.104,-0.388,-1.109,1
-0.12,0.162,-0.426,-1.075,0.317,1.792,2.056,0.032,1.487,-1.535,1.506,-0.022,-1.202,0.454,0.016,0.71,1.37,-1.515,-0.731,-1.884,-1.255,-1.093,0.258,-3.675,-0.925,-0.383,1.352,-0.942,-0.424,0.135,1
1.83,-0.886,0.651,0.461,-1.093,-1.48,0.303,-1.571,-0.092,-0.598,0.976,-0.352,-0.276,-0.963,-0.621,-0.674,-1.152,-0.958,-0.569,0.955,-1.836,-0.608,-0.401,1.287,-0.119,1.502,0.44,0.684,-0.849,0.275,0
-0.421,-0.296,-0.791,1.515,1.572,0.952,1.894,-0.385,0.366,0.732,0.01,1.632,0.713,-0.933,0.171,1.764,-0.121,-0.487,3.006,-1.645,1.931,1.768,-0.873,-0.056,0.443,0.743,1.736,1.009,-0.281,-1.882,1
0.262,0.008,0.552,0.082,-0.422,-2.554,-1.404,0.636,0.164,1.03,-0.477,-1.492,-0.078,-0.993,0.274,-0.195,0.867,0.097,1.333,0.265,-0.733,-2.574,-0.532,0.008,-1.047,0.613,-1.192,3.281,-2.049,0.472,0
1.53,1.426,-1.592,0.82,-0.636,-0.002,-0.836,-1.909,0.244,-0.745,0.477,-0.284,-1.752,0.757,-0.152,1.14,0.271,0.914,0.66,-0.578,0.66,-0.914,-0.282,1.557,0.541,1.154,0.139,0.063,-0.622,-1.083,0
1.274,-0.335,-0.278,-0.392,1.155,-0.873,1.224,0.897,0.48,0.171,-0.579,0.311,1.119,0.375,-1.319,2.253,-0.567,0.612,0.057,-0.421,0.495,-0.228,1.361,1.346,-0.142,-1.25,-1.031,-0.181,0.14,0.193,0
-0.673,-0.704,-0.898,0.455,0.036,-0.139,0.292,1.223,2.052,1.139,-0.233,-0.778,-0.686,1.695,1.712,-0.014,-0.289,-0.297,0.05,0.741,1.08,-0.313,0.689,-0.461,-0.76,-1.736,-0.894,-0.776,0.331,1.371,1
1.346,1.233,-0.196,-0.493,-0.811,0.284,-0.934,0.395,0.553,-2.772,0.472,-2.126,0.719,0.317,-2.51,0.748,-2.323,1.349,-1.08,0.494,0.829,-0.939,-0.187,0.021,0.129,-0.719,1.244,0.131,0.982,-0.734,1
0.063,2.139,0.951,0.119,0.372,-1.086,-1.8,0.957,0.401,0.939,-2.236,-0.469,0.776,-1.53,1.53,0.92,-3.022,1.01,0.666,0.001,0.463,0.435,1.572,2.316,1.25,-0.975,-2.332,-1.942,-0.545,-0.37,0
0.217,0.857,-1.489,0.749,-0.138,0.184,1.084,0.535,0.7,0.128,-0.58,0.376,0.59,-2.361,0.048,-1.147,-0.528,-1.02,1.106,-0.532,0.81,-1.752,0.1,-0.49,-0.593,-2.721,0.219,0.069,-0.11,0.87,0
0.066,0.737,-0.836,1.427,-0.277,-0.919,1.905,-2.378,-3.136,2.05,0.036,-1.225,-0.672,-1.189,0.2,0.294,0.395,-2.125,1.715,-0.127,0.153,-2.25,-0.513,-0.728,-0.145,1.347,2.007,1.449,-2.697,-0.712,1
0.562,0.778,-0.311,0.931,0.227,-1.377,-0.194,-0.219,-0.654,0.3,0.037,0.606,0.655,1.074,-0.919,-1.663,-0.55,0.485,1.09,0.517,-0.867,0.397,-0.118,-0.808,0.161,0.101,-0.205,-0.656,-0.091,0.191,0
0.137,0.261,0.03,-1.083,0.781,-1.879,0.438,0.022,-2.896,1.094,-0.156,0.457,0.674,-0.234,-2.245,0.625,-1.371,-0.441,-0.602,0.815,-2.128,0.296,-0.162,0.913,0.256,0.273,-1.415,-2.921,-0.832,0.793,0
-0.061,-1.541,1.277,0.759,0.048,-0.374,0.793,-0.615,0.942,0.32,-0.051,0.422,-0.814,-1.56,1.056,0.04,1.112,-0.388,0.967,-2.069,1.925,1.387,0.45,0.535,-0.029,1.249,0.782,-0.204,-1.602,-0.939,1
1.582,-0.616,0.664,-1.1,1.118,0.411,0.353,-0.693,-0.195,-1.079,-0.321,0.562,-1.069,-0.977,0.982,0.329,-1.089,-0.364,-0.496,2.875,2.346,-0.258,-1.604,0.086,0.393,0.337,0.968,-0.351,-0.589,-0.445,0
-0.797,-1.303,0.281,-0.819,-0.085,0.169,1.192,0.055,-0.706,1.31,0.491,0.537,-0.437,0.654,-0.882,0.433,1.592,0.528,0.397,-0.009,0.351,2.318,-0.793,-0.953,-0.48,0.224,-1.873,1.538,-1.767,0.623,1
-0.834,0.826,1.492,1.675,0.88,-0.216,0.591,1.373,0.26,-0.288,-0.178,0.313,0.271,0.172,-1.537,2.894,-0.258,0.11,1.116,-0.247,-0.113,0.638,1.022,1.348,0.437,0.872,0.749,-1.829,1.063,1.211,1
1.698,1.725,0.103,-0.991,0.912,-0.364,1.414,-0.712,0.097,-0.098,1.623,-0.143,-1.449,1.811,-0.768,-0.472,0.548,-0.827,0.814,0.19,-0.838,0.543,0.538,-0.18,-0.224,0.184,-0.144,0.845,-0.383,-1.276,0
0.377,-1.158,-1.205,-1.22,0.038,-1.441,-0.605,-0.406,1.037,-0.158,-1.035,-0.326,-0.798,-0.616,-0.606,0.077,-0.8,-0.955,0.882,-0.98,0.334,0.06,-0.823,0.615,-0.167,-2.416,1.191,-0.08,0.86,-0.128,1
2.146,-1.152,-0.09,0.331,-0.917,-0.612,0.666,-0.387,0.397,0.684,1.718,0.042,-1.333,0.45,0.544,-1.09,0.048,-0.702,-0.75,0.949,-1.718,0.245,1.393,-0.023,-1.1,0.339,0.454,0.963,0.944,-1.129,1
-1.823,0.216,0.497,-1.003,-1.392,-1.381,1.853,-0.77,-0.433,-0.786,-2.156,-1.024,-0.75,-0.714,0.892,-0.617,-0.243,0.701,0.346,-1.077,0.906,-0.227,1.127,-0.938,-0.78,-1.439,-1.27,-0.926,-0.262,-0.64,1
0.457,-0.382,-1.962,0.692,2.219,-0.627,1.32,1.543,-0.753,0.72,0.119,-0.096,-0.045,-0.878,0.594,-0.434,-1.771,-0.941,-1.054,0.724,1.331,1.138,-1.378,-1.164,2.616,-0.491,-0.937,-0.259,0.247,-0.376,0
-0.655,1.783,0.366,-0.404,-0.324,-0.139,2.096,0.004,0.295,1.299,0.809,-0.557,-0.759,0.752,-0.624,1.012,-1.591,-0.811,1.026,0.386,-0.025,-1.036,0.82,2.0,-0.03,0.661,-2.119,0.484,-0.381,-0.745,0
0.32,-0.877,-1.158,0.253,0.34,-0.842,-0.795,-0.685,0.775,-0.058,-0.138,-1.377,-1.646,0.457,-0.483,-1.301,1.23,1.242,-0.125,-1.026,0.573,-0.201,-0.836,-1.639,-1.514,1.065,-0.255,-0.707,-0.088,0.527,1
-1.541,0.374,-0.275,0.212,0.375,-0.854,-0.42,-0.209,-0.19,-0.704,0.409,-0.692,-0.112,0.327,1.771,-0.684,-1.033,2.264,0.483,0.748,-0.576,0.269,0.346,-0.119,0.877,-0.129,-0.742,-0.955,1.392,-0.956,0
-0.204,0.072,2.59,0.035,-0.982,-0.154,-1.215,0.309,0.012,-1.031,-2.027,1.289,-1.998,-0.404,0.747,-0.655,-2.162,-0.292,0.429,0.697,0.507,0.987,1.425,-1.005,0.55,1.17,0.47,-1.54,0.71,1.024,1
-0.12,-2.244,0.341,-0.98,-0.735,-0.15,-0.472,0.504,-0.726,0.022,-0.077,1.548,0.345,1.05,0.566,0.898,0.181,0.774,-0.098,-0.225,1.706,0.871,0.263,-0.285,0.428,1.911,0.119,2.256,-0.614,-1.316,0
0.864,0.057,1.337,0.233,-0.798,0.341,0.874,-1.707,-0.538,1.36,1.706,-2.474,-1.197,-1.463,0.025,-1.158,0.383,0.762,-0.495,2.773,-0.38,-0.521,0.353,0.26,-0.691,0.397,2.533,-0.367,0.764,1.217,1
-1.036,0.566,1.13,-0.065,0.073,-0.823,1.613,0.946,-1.638,-0.617,-0.914,0.655,-1.128,1.131,0.652,0.267,-0.088,-1.151,-0.215,0.086,0.697,-0.196,-1.337,-1.05,-1.499,-0.358,-0.316,0.459,2.423,-1.154,0
-0.706,-1.522,-0.673,-0.037,0.824,2.41,-1.742,0.695,-1.284,0.363,0.293,-0.475,0.07,0.326,-2.033,-0.378,0.216,0.321,-0.47,-0.423,0.391,-0.38,1.389,0.612,-0.225,-0.87,1.865,0.883,1.01,1.242,0
0.699,-0.539,0.656,2.178,-0.204,3.254,0.61,0.358,-1.228,0.217,-0.86,0.96,-0.015,0.853,-1.178,-0.269,0.586,0.933,1.555,-1.648,1.646,-0.379,-0.644,1.649,-0.698,2.148,2.34,-0.547,-0.932,-0.264,1
0.478,0.163,0.469,-0.909,0.224,-1.237,0.561,-0.857,-0.775,-0.143,0.416,2.102,-0.695,-0.368,-0.453,-0.565,0.45,0.004,1.957,0.531,-0.112,1.021,-0.834,-0.597,-1.302,-0.561,0.959,-0.239,-0.919,0.401,1
0.559,1.219,1.263,0.26,-0.231,-0.641,-0.686,-0.655,-0.662,1.211,-0.671,-0.189,0.953,0.571,0.307,-1.348,-0.204,0.462,0.452,2.081,0.231,-0.249,-0.866,-0.914,-0.153,-0.213,1.491,-0.822,0.652,0.213,0
-0.777,-0.314,-0.168,-0.503,-0.392,0.019,-0.607,0.849,-1.495,-1.101,0.658,0.7,-1.826,1.149,-0.576,-0.174,-1.011,0.524,-1.212,0.321,-0.591,0.974,1.678,0.976,0.51,-0.918,-1.181,-0.038,-0.77,-0.669,0
-0.369,-0.002,0.167,-0.816,-0.368,0.159,0.333,-1.905,1.483,-0.488,0.655,-0.198,0.856,0.948,-1.997,-0.438,0.066,0.54,1.404,-0.483,-1.448,-0.012,-0.65,0.391,-2.273,1.059,-0.074,-0.467,-1.235,1.106,0
1.099,-0.172,1.803,1.768,-0.741,-0.175,2.527,-0.886,1.628,-0.325,-1.38,-1.295,-0.081,0.071,-0.969,0.255,0.271,0.959,0.015,-1.412,-0.237,0.933,0.542,-0.643,-0.871,-0.867,1.477,0.463,-1.714,0.544,0
0.358,1.167,-0.039,-1.037,1.467,-0.238,0.478,0.698,0.008,0.398,-0.733,0.034,1.756,0.813,1.136,0.681,-1.337,0.475,-0.579,-0.429,-0.619,-1.273,-0.616,0.834,-0.42,0.837,-0.13,-1.831,1.167,-1.303,1
-0.164,0.024,0.508,-1.621,0.206,-0.922,0.138,0.671,-0.339,-1.05,1.389,0.082,-0.754,0.606,0.135,0.881,2.033,1.278,-0.251,-2.028,-0.845,0.65,3.022,-0.327,1.275,0.563,-2.57,0.229,0.926,0.638,0
-0.887,0.572,1.187,0.867,-0.33,-0.142,-1.155,-1.016,-0.801,-0.338,-1.014,-1.791,1.478,0.525,1.611,-0.32,-1.792,1.197,-1.233,0.335,-1.907,-0.781,0.413,1.132,-0.985,-0.863,0.309,-0.808,-0.769,-0.563,1
-0.663,-1.012,-0.293,2.102,0.763,-0.123,0.911,-0.418,1.491,-0.266,-0.117,-0.951,-1.675,-0.362,1.674,0.39,0.405,-1.059,-0.148,0.918,2.473,-1.669,1.492,0.809,-0.75,0.19,-2.118,-0.628,-0.394,-0.985,1
-1.012,-0.308,0.439,0.254,0.957,1.553,0.01,0.463,0.949,0.102,1.03,-3.087,0.005,0.47,0.281,-0.119,0.274,-0.506,0.494,0.046,0.607,0.322,0.149,0.815,-0.671,0.215,-0.789,-0.977,-0.517,-0.428,1
0.183,-0.775,1.306,-0.639,0.501,0.769,-0.95,1.262,0.122,0.676,-1.079,1.501,-2.227,0.735,-0.238,0.945,-0.696,-0.763,0.811,0.528,0.17,-0.917,-1.335,-0.184,-1.014,0.375,-0.079,-0.077,-1.066,0.577,0
0.701,-0.036,0.233,-0.888,-0.774,-0.426,0.49,0.476,0.771,-0.169,0.939,-0.207,-0.332,-0.707,0.601,-1.347,1.353,-0.628,1.238,0.516,0.642,0.097,0.909,-0.186,1.278,-0.463,0.447,0.833,-0.44,-0.932,0
-0.148,1.175,-1.542,-0.186,-0.395,0.025,-0.482,2.146,-0.022,0.243,0.941,-1.099,0.459,0.998,-0.979,-2.503,0.931,-0.981,-0.739,-1.049,-1.521,2.546,1.673,0.683,1.797,1.386,-0.934,-0.382,1.304,-1.09,0
-0.753,0.941,-0.511,0.089,-1.436,2.131,-0.843,-0.149,1.127,-0.324,1.003,-0.056,0.656,2.387,1.183,-0.046,-0.127,0.077,-1.531,0.299,-1.66,-1.333,0.422,-0.448,0.408,-0.767,-0.18,0.736,0.225,-0.49,0
1.289,-0.646,0.556,0.071,-1.0,-0.433,0.524,-0.636,-0.043,0.527,-1.253,-0.459,-0.723,1.205,0.132,-0.343,1.062,-0.776,-0.193,0.824,-0.388,-0.254,0.392,-0.773,0.467,0.359,-0.104,1.254,-0.854,0.289,0
1.945,0.332,-0.48,-1.539,1.05,-1.102,-1.397,0.113,1.237,-1.366,1.066,1.972,0.347,-1.036,-1.17,-0.243,-1.179,1.51,-1.523,-1.671,0.148,-1.035,-0.096,0.95,-0.648,0.295,0.233,-0.729,0.186,0.598,0
-0.784,-0.166,-0.907,0.008,-0.545,-1.267,-2.165,0.517,-0.089,-1.595,0.491,0.616,1.376,0.816,-0.648,-0.778,0.386,1.023,-0.393,-0.296,-0.879,-0.091,-1.247,0.272,-0.658,0.798,1.379,0.633,1.054,-0.22,0
1.281,0.313,1.755,-0.249,-0.429,0.524,0.714,-0.897,-0.099,0.133,0.08,-3.428,0.785,0.517,-0.14,-0.597,-0.421,-1.333,1.226,-0.393,0.537,1.071,0.781,-0.777,0.45,-0.356,-0.54,-0.625,1.733,0.08,0
1.014,0.297,-1.479,-1.39,0.983,-0.095,-1.586,0.705,0.492,0.707,1.465,0.821,0.809,-0.646,1.099,0.433,-0.714,-0.951,-0.708,-0.314,-0.909,0.073,0.594,1.138,0.346,0.494,-0.59,-0.139,0.177,-0.161,0
-0.315,-1.564,-0.947,-0.639,-1.101,1.166,1.221,-1.944,-0.694,1.401,-1.107,0.82,0.135,0.566,-0.54,1.019,-1.138,-1.794,-1.081,0.18,0.423,-1.605,1.047,-1.362,-0.916,1.328,0.668,0.175,0.172,0.958,1
1.891,1.293,0.761,-0.776,1.068,1.511,0.322,-0.584,-1.437,1.191,-0.708,0.213,-1.002,0.542,-0.613,-0.064,-0.603,-1.376,-1.402,0.465,-0.107,0.96,-0.001,-0.931,0.255,-0.238,0.477,-1.473,1.034,-0.207,1
1.108,0.737,-0.875,-0.125,-0.522,-0.424,-0.925,0.307,-0.936,0.157,-0.216,-0.863,0.143,-1.208,0.268,-1.285,-0.367,-0.407,1.999,-1.112,-0.416,-0.684,-0.954,-0.354,0.964,-1.165,1.296,-1.659,2.095,0.242,1
0.31,0.402,1.474,0.769,0.046,1.392,1.314,-1.169,1.129,0.71,-0.883,-2.043,-0.76,-0.816,-0.218,0.792,0.694,-0.869,-0.558,1.74,1.462,1.76,-0.2,0.372,-0.401,-1.254,-0.794,-0.098,-0.628,0.168,0
0.531,-0.35,1.186,0.4,0.947,-0.186,1.447,-1.271,-0.56,-0.483,-0.366,-1.053,0.188,-0.166,-0.543,-0.648,-0.692,-0.064,0.943,-1.234,0.45,-1.346,-0.98,1.481,1.548,-1.169,1.327,1.091,-0.862,-2.584,1
0.296,-0.27,-1.635,1.263,0.164,-1.248,-0.828,-1.408,-0.342,-0.493,1.139,-0.114,-0.201,-1.179,0.96,1.121,0.819,-1.554,0.859,0.807,0.27,-0.497,-0.974,0.169,-0.449,-0.352,0.008,-0.169,-1.117,-1.539,1
-0.927,-0.368,0.666,-1.517,-0.228,-0.06,-0.286,0.224,0.242,0.722,0.426,-0.15,-1.55,0.441,-0.606,-0.484,3.18,-0.609,0.126,1.257,-0.115,-0.407,1.306,2.604,1.072,0.725,0.78,2.393,-1.303,0.992,1
2.494,-0.086,0.222,-0.279,-0.698,1.241,-0.618,-0.413,-0.62,1.225,-0.639,-0.132,0.331,-0.856,0.818,-0.495,-0.345,-1.236,-1.055,1.733,0.621,0.726,-0.026,0.223,-0.197,0.072,0.52,-0.442,0.882,1.633,0
-0.399,0.383,1.738,-0.936,-0.487,1.098,1.207,0.399,-1.576,-0.208,-1.336,-0.33,-0.302,0.075,-0.155,0.076,-0.705,-0.844,0.8,0.258,0.434,0.458,-1.468,-0.648,0.053,-0.857,-1.286,-3.498,-1.11,0.058,1
0.089,-1.538,-0.226,0.799,-1.061,-0.775,1.965,1.084,-1.726,1.27,0.912,-2.162,0.794,-0.603,-0.318,1.682,-2.288,0.191,-0.557,-0.66,-0.81,0.265,-0.313,0.803,-1.588,-2.517,0.253,0.607,0.485,1.601,1
1.903,-0.629,-1.959,-0.158,0.49,0.313,1.364,-0.711,0.767,-0.885,1.19,-1.409,0.865,-0.429,-0.9,-0.525,-0.659,2.135,-0.33,-0.569,0.299,-1.11,1.284,1.166,1.031,0.835,-0.543,-1.664,0.218,-0.686,0
-0.152,-0.008,1.303,-1.133,0.505,0.447,-0.625,-1.674,0.023,-0.043,-1.316,-0.008,0.755,1.275,-0.884,-0.098,-0.113,0.328,-1.051,-0.086,1.958,1.118,-0.34,0.818,0.617,-0.412,0.777,-1.094,0.198,0.233,1
-0.624,-0.213,-0.078,-1.116,-1.297,-0.874,0.446,-3.095,1.807,-1.325,0.186,0.045,-0.124,-0.002,-0.188,-0.106,1.418,-0.648,-0.171,0.933,1.967,-0.743,-0.791,-0.63,-0.615,0.66,-0.028,-1.208,-0.505,-1.231,1
-0.723,-1.229,-1.009,1.021,-0.526,0.197,-3.29,-0.283,-0.824,-0.177,0.541,-1.97,0.828,-0.589,-0.737,-1.039,0.828,-1.005,-1.779,-0.6,0.249,-1.5,-0.293,-0.995,1.037,-0.384,0.609,-1.263,-0.022,1.258,1
0.206,-0.043,0.033,0.154,1.142,1.453,0.651,1.829,-1.037,0.562,-1.202,0.116,-0.118,0.662,-2.112,-0.264,-0.091,0.363,-1.087,0.393,-1.302,1.317,1.44,1.386,0.798,0.31,-0.739,-1.038,-0.188,0.472,1
-2.241,0.341,0.444,0.231,-1.351,-0.628,0.919,1.987,0.229,-0.822,-0.142,-0.446,-1.073,-0.749,1.428,0.623,-0.264,0.48,0.399,-0.224,2.32,-1.134,-0.33,-0.054,-1.388,0.441,-0.639,-1.711,-0.104,0.235,0
1.694,0.601,1.018,-1.186,0.253,-1.063,1.636,0.125,-0.158,-0.544,0.225,1.358,-0.361,-0.161,0.851,0.158,-0.136,-0.807,1.376,0.465,0.157,-0.25,-0.981,0.988,-3.23,0.155,-0.041,1.214,-0.859,-0.939,0
-1.059,-0.067,-0.75,0.829,-0.761,-0.718,0.923,-0.563,-2.156,-1.366,-1.114,0.244,0.461,1.451,0.722,1.975,0.448,-0.4,-0.971,-0.88,1.053,0.534,0.684,-0.821,0.677,0.687,1.499,1.522,1.749,0.896,1
0.142,0.373,-1.188,-0.37,2.138,-0.816,1.125,-0.212,0.511,0.516,-1.605,-0.324,-0.572,0.341,-1.085,-0.458,1.018,-1.588,-0.552,-0.704,-0.172,-0.582,-0.533,0.614,0.017,-1.84,-0.225,1.622,-1.147,-0.338,0
-1.851,1.698,-0.497,-0.37,-0.498,2.322,-1.523,-1.257,0.277,-0.735,-0.557,-0.198,0.586,1.095,0.379,-0.304,0.338,0.234,-0.104,-0.329,0.261,-0.565,-0.382,-1.662,0.83,-0.444,-0.3,0.036,-1.714,1.004,0
-0.319,0.764,-0.215,-0.04,-0.712,0.152,0.132,-0.238,-1.293,-1.859,-0.119,-0.746,1.478,0.117,-1.355,-0.986,1.308,-0.639,0.303,-0.619,0.757,0.694,1.172,0.061,-0.51,0.686,-0.608,1.645,-0.954,-1.557,0
-0.581,-0.613,-0.19,1.229,-0.129,0.241,-1.12,0.896,-0.653,-1.229,1.631,-1.301,0.021,-2.526,-0.734,-0.911,-0.858,-0.745,0.267,-0.096,1.19,-0.039,-0.636,-0.012,-0.125,0.987,-0.151,-2.034,-0.035,-0.261,1
-1.893,0.148,-0.896,0.466,0.526,-0.614,-0.415,1.194,-1.386,1.649,0.342,1.412,0.252,-0.075,-0.042,0.334,0.403,-0.572,0.126,-0.757,1.52,-0.479,0.766,-0.507,0.02,0.033,-0.665,1.175,2.18,-0.012,1
1.866,0.196,0.767,-0.742,0.904,0.276,-1.618,-0.276,0.372,-1.279,0.748,-0.512,0.818,-0.034,-0.928,0.013,0.936,-1.165,0.336,1.401,0.036,2.04,-0.021,-0.092,-0.681,0.038,1.126,1.232,0.595,-0.077,1
1.79,1.395,1.336,1.233,-0.462,-0.279,1.257,-0.139,-0.887,0.365,-0.087,-0.296,0.366,1.514,0.292,-0.157,-1.256,2.259,0.594,-0.799,0.143,-1.666,-0.535,-0.646,-1.146,1.0,-1.353,-0.751,-0.44,0.181,0
-1.382,-0.235,0.394,-2.446,0.946,-1.403,-0.762,-0.031,0.383,-0.145,1.287,2.19,-0.707,-0.098,-0.198,1.028,1.212,-1.378,1.145,0.487,-0.358,1.892,-1.147,0.828,-2.67,-2.008,1.684,2.359,0.53,0.701,0
1.909,-0.348,-1.183,-0.98,0.226,-0.028,-0.019,1.56,0.687,0.66,0.54,0.496,1.58,1.155,0.545,-1.58,-0.773,0.042,0.995,1.944,-0.781,0.525,-0.321,0.17,0.901,-0.568,-0.484,1.189,-0.27,-1.024,0
0.85,1.147,1.001,0.534,0.23,1.647,-0.577,-0.973,0.602,0.044,-1.658,-0.935,0.21,-0.892,-0.133,0.199,-0.769,0.408,1.134,0.108,0.265,0.915,1.342,0.872,0.823,-1.136,-0.985,0.326,0.757,0.543,0
0.284,1.803,0.88,-0.307,-0.104,0.453,0.031,0.923,-1.179,0.077,-0.42,0.038,-1.072,-0.773,0.491,-0.1,1.005,-0.782,0.885,-0.855,-0.114,-0.48,-1.317,-0.349,1.935,-0.194,0.031,0.789,0.826,-0.041,1
1.688,0.048,-0.76,-0.034,-0.171,-1.735,0.545,-0.006,-1.43,-1.789,-0.203,0.576,-0.345,-1.324,0.116,0.438,0.708,0.746,-1.39,0.817,-0.27,-0.09,-0.592,0.936,0.127,-0.507,-0.129,-0.117,-0.455,2.103,0
0.297,0.019,-0.486,-0.816,-0.987,0.508,-0.936,-0.198,-1.156,0.781,0.106,1.372,0.515,1.352,0.49,-0.069,0.61,-0.035,0.012,2.116,-1.691,0.222,0.834,-0.029,1.667,-2.958,0.127,0.989,0.559,-1.335,1
-1.564,0.164,-0.432,0.499,1.394,1.115,-0.994,0.627,-0.707,0.741,-0.826,0.732,-0.505,0.557,0.303,0.25,0.233,-0.732,-1.366,2.2,-0.498,-1.638,0.138,0.988,-0.707,0.86,0.45,0.695,-0.496,-1.56,1
-0.57,0.356,3.276,-0.431,-0.891,1.187,-1.231,1.01,-0.024,0.002,-1.892,0.464,0.199,2.615,-1.419,0.989,1.285,-0.557,0.47,-0.851,-0.724,0.761,-0.127,0.271,1.012,-1.839,1.605,-0.425,-0.254,-0.333,1
0.048,-0.363,-0.602,0.972,1.066,0.359,0.773,0.006,-1.176,-1.085,-2.338,1.345,-0.029,-0.85,0.803,-0.915,-2.437,0.957,-0.505,-0.324,1.331,-0.761,-1.006,1.09,-0.19,0.734,1.589,0.672,-0.574,0.913,0
0.017,0.569,-1.123,0.261,0.964,0.634,0.364,0.448,2.517,-0.404,0.689,0.454,0.499,0.203,0.498,-0.322,-0.923,0.932,2.05,0.482,-0.223,0.226,-1.057,0.745,-0.703,0.262,-1.421,-1.424,-1.479,-0.022,1
0.75,0.648,-0.26,1.054,1.096,0.75,-2.011,-0.819,0.354,-0.127,0.519,0.349,-2.144,-0.038,-1.584,-0.875,1.184,0.428,-0.068,-0.403,-0.461,0.822,-1.571,0.141,1.289,-0.075,-0.632,0.738,-0.727,0.474,1
0.845,-0.806,-0.156,1.325,-0.975,-0.351,0.685,-0.301,3.115,-0.751,3.058,0.52,0.175,0.389,-0.633,0.001,-1.012,-1.002,-1.929,0.07,0.243,-0.391,0.205,0.453,-1.023,-0.532,1.773,0.537,-0.01,1.709,1
0.175,1.047,1.169,1.18,0.515,-0.884,0.613,0.294,0.475,-1.687,-0.603,-1.187,0.688,-0.451,-1.205,2.104,1.137,0.72,-1.125,0.447,-0.345,-1.114,-0.843,-0.033,1.844,-1.022,-0.774,0.194,-2.244,1.987,1
1.814,2.62,-0.234,-0.868,1.083,1.459,0.348,2.647,1.489,-1.268,0.12,-1.475,1.133,-0.106,2.376,0.075,-0.376,0.685,-0.315,0.581,0.105,-1.873,0.062,-0.963,-1.74,-1.15,0.271,0.427,-2.01,1.816,1
1.131,-0.644,0.584,2.096,0.142,-0.65,0.282,0.914,-0.718,-1.628,0.843,-1.059,0.812,2.902,-0.15,0.41,0.625,0.713,-1.115,-0.193,-1.254,-0.312,-1.234,1.313,0.148,0.062,0.402,2.142,0.665,-0.221,0
0.575,-0.667,-0.526,-0.7,0.731,-1.271,-0.674,0.31,-0.175,0.954,-0.393,-0.854,1.115,-0.603,-2.068,0.944,-1.263,-0.528,-0.952,2.358,-0.082,1.927,1.501,0.801,-0.846,-0.903,0.787,-0.611,0.68,0.76,1
0.894,0.08,-0.608,-0.514,0.012,-0.643,1.625,-1.104,-0.312,1.302,-0.4,-1.054,-1.138,1.984,-0.224,0.743,1.589,-0.17,0.562,0.436,1.115,-0.018,0.308,-0.127,0.973,-0.511,0.092,-1.086,-1.272,2.226,1
0.612,1.204,-0.223,0.497,0.635,-1.134,-0.009,0.16,-1.51,0.799,0.687,-0.008,-0.884,0.859,1.128,-1.231,0.618,-0.208,1.141,0.455,0.288,0.774,0.057,1.583,-1.633,0.791,1.283,-1.982,-0.998,0.458,1
-0.286,0.827,1.144,2.488,1.404,0.128,-0.385,1.482,0.963,0.308,-0.267,1.432,0.137,2.012,0.29,0.102,0.314,-0.076,1.452,0.141,-1.462,-0.237,0.055,0.585,-0.864,-0.517,-0.416,-1.059,-0.832,1.382,0
-0.58,-0.38,-0.278,0.954,0.402,0.572,-0.948,0.481,1.135,-0.095,0.404,0.159,-1.082,-1.069,0.017,1.413,1.482,-0.152,0.57,0.335,0.147,0.634,0.016,0.419,-0.598,-0.571,-0.334,-0.756,-0.474,1.677,1
-0.112,1.119,-0.341,0.154,2.012,-0.619,-0.521,-0.18,-0.449,0.345,0.262,1.139,-0.232,0.748,-0.219,-0.66,-0.309,1.263,-0.129,-1.224,-0.093,-0.239,0.295,-0.049,0.35,0.07,-1.806,0.518,0.806,0.511,0
-0.25,0.027,1.207,-0.897,0.001,-0.897,0.036,-1.803,0.794,-1.539,2.205,0.901,0.899,0.361,-0.005,0.891,-0.745,-0.428,-0.609,1.335,0.728,0.33,-1.203,-0.355,1.22,0.512,1.218,-1.029,-0.218,0.487,1
-0.539,0.265,0.591,-0.623,1.869,-0.327,-0.876,0.807,1.948,-1.731,0.487,-0.759,-0.858,2.858,-0.985,-0.562,2.5,0.531,-1.219,0.745,0.458,-0.643,1.686,0.334,1.021,1.543,0.451,1.53,-1.284,0.178,0
0.199,-1.121,1.56,0.867,0.991,-1.335,-0.024,0.889,-2.065,-0.272,-1.364,-0.239,-0.733,-1.117,-0.152,0.692,0.596,1.223,0.654,0.047,0.507,1.28,-0.941,1.519,0.801,-1.183,0.316,0.519,0.296,0.427,1
-0.402,-0.8,-0.247,-0.145,2.204,0.96,-0.271,0.215,0.035,-0.866,-1.121,-0.844,-0.036,0.185,-0.423,0.596,-0.877,-1.173,0.582,-2.2,-2.118,-0.422,-1.829,0.102,0.353,0.259,-0.119,0.426,-0.327,-0.127,1
-0.385,-0.636,-0.813,0.897,0.278,0.086,-0.264,-0.207,-0.638,0.198,-1.177,-0.173,-0.839,-0.082,0.122,0.488,-1.11,0.795,-0.532,0.807,0.052,0.755,-2.334,-0.295,1.258,-0.529,-1.462,-0.582,0.644,-0.461,0
-0.438,0.755,0.282,0.987,1.056,1.261,0.059,1.123,-1.004,-0.629,-1.214,-1.05,-0.328,-0.289,-0.067,0.969,0.914,0.514,1.02,-1.571,-0.776,-0.528,0.282,1.139,-2.087,1.768,-2.321,-0.005,0.187,1.748,0
-0.754,-0.443,3.223,-1.301,-0.669,2.051,2.03,1.116,-0.037,1.057,0.692,0.6,1.031,0.171,0.273,-1.383,0.873,1.305,-0.184,-0.012,-0.309,1.008,1.084,-2.352,1.674,-1.739,-0.155,-1.124,0.98,0.917,1
1.337,-0.667,0.19,1.143,-0.15,0.129,0.038,-1.167,-0.736,0.071,-1.316,-2.452,-0.381,-0.529,-0.37,2.408,-0.405,0.669,-0.85,-0.722,-0.604,1.466,-0.733,0.214,0.963,-1.279,-1.174,1.022,-0.278,-0.334,0
0.781,-0.462,-1.865,-1.343,-0.931,0.502,0.109,-0.69,-0.171,-0.747,0.452,0.006,0.379,-0.526,-0.2,-0.043,-0.573,-0.347,1.118,-0.789,0.798,-0.302,0.979,-0.669,1.724,-0.623,1.411,0.51,-0.214,2.2,1
0.011,0.159,0.404,-0.944,-1.291,-0.061,-0.516,-0.684,-1.487,-0.442,1.69,0.445,-0.411,-1.751,-0.209,-0.028,-1.804,0.424,-0.839,-0.081,0.233,1.271,-1.034,0.655,0.172,0.25,0.468,1.16,-0.457,-1.748,0
1.333,0.661,1.675,-0.26,-1.859,1.069,-1.067,1.008,-0.547,-0.825,0.589,-1.327,0.027,0.672,-0.913,0.509,-0.904,-0.685,-1.049,0.154,0.427,-1.077,-1.065,-0.251,-1.503,-0.325,2.149,-0.015,0.203,-0.992,0
0.164,0.223,1.137,1.207,-0.51,0.079,-1.075,-0.697,-1.21,0.093,-2.531,-0.053,-1.112,-0.199,1.284,-1.127,2.613,0.391,-0.425,0.569,1.998,-0.4,-1.173,1.59,-1.155,-0.346,-1.333,0.215,-1.558,-1.337,1
-1.517,0.715,-0.505,-0.176,-0.32,0.613,-0.405,2.689,2.198,0.021,-0.099,-1.042,-0.879,-1.275,2.338,0.933,0.747,0.933,-0.011,1.233,1.425,-0.122,0.509,1.435,1.09,0.659,-1.788,-0.153,1.067,0.363,0
-0.156,-0.506,-0.411,-1.357,0.598,2.186,0.52,-0.13,-0.114,-0.591,-1.447,0.88,2.575,1.017,0.198,-0.296,0.222,1.471,0.206,0.478,0.503,-0.996,-0.346,-1.213,-0.059,0.659,-1.26,-0.351,1.914,2.081,0
0.557,-0.348,-0.418,0.36,-0.123,1.215,1.425,0.169,0.13,0.319,-1.001,-1.91,-0.085,0.496,-0.959,-0.162,-0.071,1.261,-0.003,-0.611,1.173,-0.341,-1.75,0.918,-0.46,1.803,0.889,-0.171,-0.514,-0.291,1
-0.782,2.144,0.399,-2.601,-0.385,-0.204,1.531,-0.319,0.375,-1.409,0.871,-1.315,2.316,0.739,-1.122,-2.893,0.919,-1.22,-2.0,0.755,1.537,-1.416,0.411,-0.433,-0.336,-0.145,-0.663,-0.52,0.886,-0.111,0
-0.281,-1.014,-2.838,-0.932,1.366,1.223,-1.162,1.085,-0.774,-0.645,0.5,-1.025,-1.006,-0.532,-0.649,-0.959,-0.318,-0.915,0.173,-0.807,-0.934,-1.148,2.216,-0.066,0.539,-0.694,0.743,-2.019,-1.41,-0.083,0
1.494,-1.963,0.911,-0.581,-0.57,-0.004,0.923,2.145,0.523,-1.022,-0.273,-1.427,1.026,-0.102,-1.057,-0.213,-0.59,0.506,1.434,0.35,0.265,0.069,-1.129,-0.38,0.89,-0.374,-2.078,-0.272,0.63,1.247,1
-0.383,0.658,0.694,-2.066,0.162,0.037,-0.068,-2.25,0.373,-1.336,1.349,-0.115,-0.557,-1.074,-0.26,0.594,0.111,0.741,-0.43,-1.33,0.546,1.336,0.259,-0.155,0.778,-1.109,0.411,-0.897,-0.142,-0.406,0
0.2,2.391,1.023,0.077,-0.941,-1.32,1.318,-0.937,0.595,1.139,0.278,-1.224,1.403,0.544,-0.187,-1.27,1.534,-0.988,1.756,1.299,0.181,0.8,0.328,0.96,0.982,1.433,-0.808,-0.704,1.739,-1.494,1
-1.145,0.656,0.288,-0.025,-0.208,0.154,-1.122,-0.865,-0.7,0.477,-0.199,0.518,-0.439,-0.28,0.431,-0.712,1.978,-0.643,0.98,-0.553,-0.791,-0.894,0.368,-0.755,-0.073,-0.503,0.721,-0.93,-0.088,1.168,0
0.053,0.46,-0.126,-0.826,-0.262,0.338,0.284,-0.648,-0.746,1.773,0.511,1.284,-1.355,1.153,0.327,1.329,-0.146,0.683,-0.424,-1.318,-0.812,1.395,1.587,1.699,0.61,-0.36,0.351,-0.356,-0.013,0.545,1
-0.282,-0.313,-1.56,0.549,-0.137,-0.742,1.18,-0.062,1.394,-0.357,0.272,-0.438,0.221,-0.397,-0.701,0.188,0.201,-0.202,-0.719,0.119,-0.861,-0.231,1.678,0.054,-1.614,-0.539,-1.48,-0.465,0.684,-0.819,1
2.208,-0.338,0.137,-0.199,-0.075,0.941,-0.708,0.649,-0.501,0.052,0.341,-0.184,1.107,1.19,-1.013,-0.274,-1.348,0.746,-0.046,-0.906,0.36,-0.741,0.444,0.352,-0.581,0.64,-0.853,-1.275,-0.95,0.339,1
0.967,1.094,0.593,-0.183,3.252,0.63,-1.132,-1.198,0.197,-0.778,1.129,-0.207,-0.178,0.082,-0.556,1.02,-0.635,-0.462,-1.714,0.049,-0.513,1.154,-0.041,-0.069,0.467,-0.408,1.089,1.062,-1.71,-2.046,0
-0.927,-1.734,-0.005,-0.384,1.442,-1.409,0.425,0.686,0.257,0.333,-1.599,1.587,-0.634,-0.325,0.878,-1.082,0.352,-0.182,-1.195,-1.074,0.318,-0.296,-0.507,-0.047,1.152,0.612,-1.709,-1.352,-1.381,-1.393,1
1.121,0.665,-0.709,0.859,0.312,0.964,-0.448,-1.234,0.673,-0.579,0.394,1.98,0.221,0.041,-0.17,1.102,-0.184,0.991,0.167,0.628,0.004,1.364,0.316,1.564,1.561,0.045,-0.649,-0.482,0.457,0.359,0
1.11,0.879,0.646,0.644,2.124,0.309,-2.565,-0.31,-2.244,0.282,2.353,0.292,-3.583,-0.29,0.643,1.296,-0.238,-0.729,-0.216,-0.685,1.582,-0.539,1.021,-0.975,1.237,0.616,1.246,-0.379,0.023,1.318,0
-0.213,0.899,0.487,-0.359,-0.774,1.858,-0.378,-1.047,1.694,-0.915,-0.443,1.693,0.635,-0.828,0.183,0.03,0.463,-0.513,-1.068,1.096,-1.655,-1.308,0.925,0.23,-2.15,1.478,-0.848,0.915,-0.488,2.019,0
-0.756,1.97,0.064,0.052,0.933,0.108,-0.094,1.275,-0.651,0.547,-0.704,0.576,0.847,-1.621,0.295,-2.711,-1.375,-0.885,-0.795,2.283,1.561,0.859,-0.225,-1.891,-0.839,-0.493,0.566,-0.362,-0.497,-0.053,1
0.938,-0.468,-0.183,-0.093,1.298,-0.078,0.985,-0.074,1.453,-1.147,0.636,0.474,0.144,1.289,-0.05,-2.13,1.465,0.607,0.286,0.204,0.192,-0.011,0.693,-0.434,0.468,-0.536,0.873,0.217,0.083,0.315,0
0.729,-1.386,-3.18,-0.511,-0.399,1.603,-0.382,-0.444,1.782,-0.538,0.715,0.83,-0.665,1.429,2.1,-0.604,1.613,-1.345,0.251,0.0,0.176,0.199,0.342,-1.034,1.096,0.231,1.031,-1.109,1.442,-0.572,1
-0.745,1.06,-0.596,0.022,0.082,-1.425,-0.639,-1.318,0.057,-0.316,-0.218,0.441,1.993,-0.917,1.361,0.445,1.057,-0.285,-0.776,0.867,0.75,-0.619,0.798,-0.335,-1.457,0.437,-2.142,-0.338,0.52,-0.091,0
-1.359,0.192,1.061,0.427,-0.918,0.54,-0.143,-0.833,1.351,-0.679,0.801,-1.273,0.572,0.773,0.875,-0.29,3.177,-1.611,-0.974,-1.396,0.263,-0.509,-0.66,-0.993,-0.353,-0.819,0.156,-1.916,0.363,-0.855,1
0.154,0.797,-0.452,1.109,-0.777,-0.127,0.259,-0.219,0.04,-0.014,-0.447,-0.522,0.542,0.602,-0.239,-0.264,2.042,-1.136,-0.992,0.255,0.664,-1.011,-1.049,-0.067,0.492,0.184,-0.567,0.858,-0.654,2.097,0
0.531,-1.741,-0.28,1.052,1.173,-0.883,0.39,1.232,0.246,0.935,1.215,0.172,-0.467,-0.647,-0.31,-0.879,0.876,-0.067,1.938,-0.428,-0.88,-0.328,-0.96,1.003,0.722,-0.976,-0.142,0.586,0.268,-1.057,1
-0.271,-0.253,-0.317,-0.724,2.417,-0.071,0.675,-0.009,2.93,2.062,-0.017,0.119,0.702,-0.984,-0.32,-1.688,1.95,-0.261,-1.223,-0.533,-0.793,1.44,0.048,0.845,-0.302,-0.134,0.901,-0.774,0.567,-1.133,1
-0.084,1.879,0.586,-0.556,-1.957,1.59,0.702,-1.611,-1.518,-0.141,-0.986,0.006,0.798,2.325,0.222,-0.509,-0.236,0.849,-0.608,1.578,1.741,-1.042,-1.072,-1.437,0.201,-0.613,-1.061,-0.605,-1.478,0.563,1
0.133,-0.188,-0.754,1.221,-1.408,0.881,-0.711,0.368,1.104,-0.198,-0.395,2.413,-0.479,0.541,-0.413,1.139,1.043,0.729,2.059,-1.264,0.801,-2.0,1.235,-0.686,0.532,0.779,2.286,-1.105,0.531,0.999,0
-0.467,0.56,0.103,0.718,-2.377,-0.909,-0.686,-1.403,1.743,-0.033,-0.724,2.399,0.103,1.142,1.41,0.672,-0.301,-0.491,0.316,0.101,0.392,1.264,-0.392,-0.602,1.733,-0.148,0.48,1.263,-0.356,1.2,0
-0.186,-0.458,1.327,-0.073,0.666,-0.136,1.46,-1.841,-1.983,0.911,2.751,0.233,-1.55,0.526,-0.961,0.067,-0.941,0.804,-1.018,-1.408,0.203,0.911,-2.212,0.135,-0.289,-1.993,2.388,-0.857,-1.288,0.828,1
-1.587,-0.27,0.024,-0.868,-1.291,-0.472,0.27,0.18,-0.177,-1.433,0.515,1.645,0.17,-1.216,-1.308,-0.194,-1.333,-0.624,-0.418,-0.907,1.428,-1.168,0.129,0.518,1.152,-2.21,-0.549,0.407,0.246,-0.545,1
0.955,1.861,-0.42,0.983,0.234,-1.103,-1.51,-2.269,-0.337,-0.326,-0.006,-2.151,-0.514,0.376,-0.367,0.671,0.443,0.204,0.33,0.958,2.089,-0.251,-0.158,0.332,1.724,-0.042,1.093,1.558,-1.119,-0.168,1
0.027,-0.725,0.382,-0.881,-0.374,-0.457,-0.248,0.857,0.585,0.291,1.136,-0.974,-0.437,0.401,0.452,-1.355,-1.121,0.605,-0.065,-0.815,0.094,0.181,1.327,0.799,-0.532,1.509,-1.008,1.246,-0.968,-0.543,0
0.216,-1.557,-1.356,0.067,-1.036,-0.224,-0.721,1.099,-0.188,0.176,-0.354,-1.155,-0.093,0.277,-1.132,-0.738,0.057,0.287,-0.537,0.356,0.359,1.306,-1.093,0.714,-0.904,0.654,0.635,0.645,0.421,-1.839,1
-2.102,1.035,1.149,-1.951,-1.013,-1.61,-1.588,-0.272,1.085,0.105,0.895,0.765,-1.085,-0.078,-2.797,0.936,0.071,-0.833,-0.525,0.77,-1.886,-0.151,0.9,0.05,-0.724,-0.995,0.395,-1.301,0.678,0.609,0
-1.618,-1.334,0.774,-0.804,1.796,-0.162,0.579,1.316,-0.231,-0.53,-0.17,-1.875,0.416,1.728,-1.758,0.372,-0.674,-0.921,-0.267,-0.924,0.851,0.344,0.557,1.092,-1.093,0.483,0.402,-1.725,0.268,-0.262,1
-0.483,0.066,1.755,0.406,-0.598,0.438,-0.874,0.793,0.257,-1.267,-0.539,1.121,-1.598,0.387,0.548,-0.604,0.354,1.166,0.715,1.23,-1.448,0.406,0.505,-0.198,3.739,0.068,-0.109,1.246,0.341,0.281,1
-0.412,1.206,-1.273,0.32,-0.491,0.29,-0.123,0.853,1.085,-0.374,-1.334,-2.528,-0.191,1.372,-0.996,-0.394,-0.016,-1.009,0.95,-2.287,1.157,0.7,0.014,0.489,1.503,-0.937,-0.874,1.362,1.297,0.709,0
-0.399,-0.761,0.016,0.68,-0.29,-1.409,-0.022,0.533,1.203,-0.364,1.138,-0.509,-0.663,1.375,-0.832,-0.602,-0.172,2.08,-1.572,-0.645,-0.652,-0.719,0.698,0.752,0.222,-0.75,-0.194,-0.71,0.478,-2.38,0
0.322,0.72,0.238,1.205,-0.835,1.86,-1.657,0.879,-0.263,0.504,-0.667,-1.511,0.173,-1.528,-0.022,0.923,1.395,-1.028,1.199,-0.942,-0.458,-0.136,-0.788,0.079,-2.576,0.46,-1.222,0.292,-1.215,-0.243,0
0.423,-0.777,0.195,-0.019,0.805,-0.948,-0.727,-1.262,-0.106,-2.409,0.741,-2.044,-0.853,1.313,1.714,0.63,-0.258,0.419,-1.372,2.159,0.204,-0.74,-1.176,-0.454,0.748,0.35,0.322,0.374,0.583,-0.867,0
-1.822,-1.338,0.457,-0.085,-0.891,-0.718,0.521,-0.306,-1.282,-1.322,-0.149,1.547,0.974,-0.25,0.278,0.174,-0.904,-1.175,-0.044,-0.268,1.171,-1.504,-1.039,0.245,-0.123,0.38,-0.533,-0.48,-0.743,-0.716,1
-0.294,0.048,-1.231,1.628,-0.626,1.196,-0.393,1.646,0.402,-0.218,1.778,0.064,0.778,-0.834,0.309,1.869,-1.445,-0.774,-1.12,-1.325,-2.122,-1.645,1.021,-0.387,0.445,-0.497,1.394,0.044,-0.152,1.376,0
0.856,-0.659,0.74,-0.756,-0.479,0.666,-2.329,-0.446,-0.417,0.489,0.784,1.209,0.309,0.22,0.425,-1.807,0.058,-1.669,-0.034,1.156,-0.697,0.933,-0.706,-1.487,-0.816,-0.753,-0.51,0.863,-1.842,0.876,1
-0.492,-0.672,-0.91,0.657,-1.19,0.264,1.399,-0.693,0.053,1.396,-0.114,0.299,1.096,0.227,-2.009,-0.769,-1.662,-0.604,0.031,-1.188,0.347,-0.315,1.14,-0.878,-0.783,-0.522,-0.457,0.409,1.52,-0.142,0
-1.238,0.673,0.666,-0.314,0.22,-0.64,-1.234,0.669,-1.384,0.858,2.503,-1.688,-0.574,-0.092,-0.133,0.63,0.056,-1.404,-0.606,-0.178,-0.634,-1.229,-2.933,1.856,-1.046,1.369,0.187,-0.012,-0.021,-0.82,1
0.702,-0.036,1.639,0.015,0.125,1.634,-2.16,-0.735,-1.84,0.063,0.918,-1.583,2.358,0.722,-1.158,-1.253,0.587,0.849,0.382,-0.01,0.036,1.017,-0.397,1.084,1.351,0.425,-0.193,1.282,-2.047,0.995,1
1.755,0.08,-1.264,-0.062,1.1,0.778,-0.591,-1.592,-0.669,-0.67,-0.624,0.398,-0.287,-0.584,-0.507,0.269,0.635,-0.424,-0.494,-0.001,-0.078,0.037,-1.541,-0.18,-0.61,-0.008,1.604,-1.269,0.856,-0.393,1
0.256,-0.91,1.371,1.086,1.351,-0.396,0.575,-0.962,1.079,-1.286,1.733,2.048,0.101,0.235,-1.246,0.146,0.895,-0.604,0.244,0.725,-0.467,1.508,-0.708,-0.198,0.906,-0.188,-0.459,0.413,0.039,0.846,0
-0.258,1.66,-0.41,0.698,-0.59,0.004,0.461,-1.068,1.871,-2.08,-0.612,-1.334,-0.098,-0.016,-0.78,0.222,1.481,1.026,-2.422,-1.503,1.52,0.841,-0.026,-1.646,-0.869,0.271,-0.021,1.885,1.32,-1.759,1
-0.575,0.157,-0.552,1.09,-2.308,0.371,-0.831,-0.599,-1.476,0.149,0.827,0.128,-2.209,-0.478,-1.064,-0.338,-1.506,-0.921,2.351,-1.803,-0.869,-3.024,3.28,-0.921,-0.373,-1.522,-1.708,0.176,2.111,-0.142,0
0.311,-0.384,-0.826,1.938,-0.554,-0.03,-1.301,-0.18,0.898,-0.16,1.218,-0.272,0.102,0.777,-1.502,2.453,0.977,0.563,-1.066,1.056,-0.05,0.775,-1.086,0.091,0.002,-1.383,-1.069,-0.706,0.094,-0.074,1
-0.419,0.731,0.552,0.787,0.122,0.969,0.185,-0.598,-0.963,0.417,0.55,0.98,0.884,-0.515,-0.138,-1.412,-0.53,0.889,2.002,0.449,-0.836,0.729,-1.91,0.644,-0.285,0.219,-2.23,0.362,-0.132,0.321,0
0.188,-0.452,2.538,1.416,-0.977,1.13,1.505,1.26,-1.568,0.602,-0.531,-0.639,-0.101,-0.947,-0.146,0.62,-0.937,1.967,2.237,0.355,-1.265,-0.46,-1.465,0.626,1.224,1.638,0.884,1.112,1.223,0.789,1
0.358,1.237,0.745,1.346,0.38,-0.577,0.149,0.306,-0.544,0.421,0.281,1.08,-1.024,0.23,1.62,-1.629,-0.154,1.162,-0.92,-0.623,-0.491,0.011,-0.538,-0.324,-0.502,-0.566,2.133,-0.727,0.044,0.658,1
-1.242,-0.764,-1.99,0.01,-1.513,-1.431,1.667,-0.922,-0.467,-0.611,1.373,0.019,-1.345,0.322,-0.455,-0.106,0.969,-0.093,1.564,0.372,-1.302,0.58,0.279,0.481,-0.473,0.129,-1.437,-1.089,0.367,0.076,0
0.743,-0.467,1.128,0.655,0.138,1.199,0.048,-0.876,1.023,1.098,0.428,1.126,0.096,0.854,0.685,-1.198,0.091,0.208,1.071,0.432,0.663,0.632,-0.474,1.56,1.219,-0.561,-0.488,-0.965,0.336,-1.038,1
1.627,0.071,-1.416,-0.14,0.55,-2.322,0.425,0.041,0.035,-1.058,-0.991,-0.18,1.31,1.026,-0.986,0.418,-0.157,0.35,0.213,0.03,0.88,-1.18,1.203,-0.186,0.895,0.407,0.398,0.815,0.734,0.142,0
-0.782,0.963,-0.479,-1.557,0.093,0.429,-0.757,-0.006,0.381,-1.053,0.163,-0.512,0.782,0.21,1.7,-0.769,-0.075,0.66,-1.122,-0.587,-1.221,-0.113,0.441,-2.364,0.08,0.739,-1.905,0.564,-0.801,-0.289,1
1.682,1.785,-0.11,-1.284,-0.316,0.66,2.363,1.322,0.081,-0.051,-0.812,-0.368,-0.426,-0.892,-1.454,1.762,-0.589,-1.336,-0.913,-0.468,-0.032,-0.906,-0.782,-0.248,-0.107,-2.137,-0.924,-1.274,0.146,1.521,1
-0.962,-0.143,0.38,2.597,-0.685,1.237,-1.268,0.636,-0.274,0.272,-1.425,-0.833,-1.184,-0.207,-0.678,-1.744,0.908,0.508,-0.278,-0.027,-0.084,-0.283,-0.214,0.995,-0.697,1.628,-0.875,-0.326,0.9,0.515,0
1.144,1.892,-1.506,-0.279,-1.439,-1.349,-1.464,1.288,-0.779,-0.348,-0.48,-0.837,-1.551,0.643,0.616,-0.609,-0.261,-1.228,-1.868,0.148,1.41,-0.422,-1.074,1.388,0.595,-0.611,-0.021,-0.226,-0.375,-1.023,1
-2.151,-1.494,1.708,-0.405,0.087,-1.619,1.253,-0.322,-0.5,-0.28,-0.195,1.294,1.458,-1.348,0.977,-1.308,1.205,-0.675,-0.114,-0.03,0.962,1.747,-0.9,1.142,-0.261,1.689,0.236,-0.253,0.039,-1.0,1
0.134,0.152,0.247,-0.077,0.425,0.857,0.389,0.295,1.244,-0.433,-0.647,-0.555,0.405,1.281,-0.586,0.139,-0.631,0.966,1.923,0.587,-0.478,-2.341,-0.833,1.656,1.048,1.465,0.629,0.46,-1.454,-0.338,0
0.612,1.721,0.803,0.525,0.173,1.278,0.008,2.546,-0.017,-0.444,1.235,0.181,0.572,0.12,1.205,-0.156,0.454,0.949,-0.057,-1.052,2.55,0.295,0.931,0.355,1.292,-0.349,1.229,-0.656,-0.871,-0.942,0
-0.073,2.321,0.76,0.168,0.709,1.534,-1.621,1.363,1.526,-0.274,-0.297,0.918,-0.215,0.145,0.07,0.512,-0.017,0.156,-0.713,0.958,0.016,-0.03,-1.094,-1.025,-0.675,-1.432,0.451,0.236,0.582,-0.307,0
1.958,0.659,-0.439,0.208,1.459,0.35,-0.791,0.149,-1.403,1.907,-0.774,0.73,1.001,2.576,-0.385,0.87,0.011,-0.363,-0.737,1.069,-0.279,1.34,-0.25,-0.462,0.802,1.771,-1.394,-0.801,-1.214,1.096,0
-1.386,0.461,-1.356,1.098,-0.098,-1.315,0.652,0.224,-1.073,0.427,0.386,-1.887,-0.266,-0.53,-0.867,0.384,1.384,-0.971,-1.634,-0.48,0.746,0.55,0.812,0.349,-0.167,0.598,0.598,1.533,-0.297,1.494,1
0.479,1.009,0.37,0.365,1.244,0.134,-0.33,-1.285,-0.428,0.076,0.27,-1.791,0.358,1.823,-2.016,-0.253,-0.119,0.759,0.638,-0.883,0.558,0.597,0.261,0.553,1.618,0.188,-1.451,-0.336,-0.012,0.289,1
-0.962,0.597,1.584,0.282,-1.501,0.846,1.468,0.417,-0.13,1.556,-0.711,1.744,2.88,2.012,-0.018,-0.693,0.591,1.06,-1.775,-1.54,-0.244,-0.097,1.482,-0.126,1.896,-0.243,-0.7,-0.027,-0.38,0.768,1
-1.83,1.439,-0.78,-1.14,1.202,-1.369,-1.44,2.196,0.308,-0.334,0.229,-2.225,0.85,0.577,-0.564,-2.498,0.079,-1.859,1.167,-0.356,0.132,0.627,0.178,-0.909,-0.292,-1.075,-0.008,-0.993,-0.964,-1.162,1
1.203,-0.044,-0.871,1.183,-0.078,-0.441,-0.763,-0.78,0.513,-0.661,-0.892,-1.01,0.412,0.709,0.604,0.567,0.645,0.123,-1.749,-0.014,0.512,-0.618,-1.026,-1.193,1.768,-0.037,1.427,0.349,1.149,-0.373,1
-0.6,0.997,0.863,-0.846,0.644,-0.365,0.876,0.462,-1.526,-0.618,-1.276,-2.426,0.77,0.751,-0.072,0.322,0.438,1.483,1.051,1.153,-0.356,-0.302,-1.188,1.791,1.472,0.177,-0.625,-0.026,0.478,1.969,1
-1.353,-0.73,0.942,-0.131,-1.253,1.04,1.137,-0.924,0.082,0.587,-0.116,1.114,-0.886,0.544,0.399,0.328,0.715,0.969,1.661,0.076,1.122,-0.017,0.267,1.401,-0.197,0.202,1.709,0.891,0.339,-1.299,1
0.685,0.937,-0.659,0.708,0.711,-1.767,1.049,0.246,-0.157,0.819,0.623,-0.411,-1.214,-0.4,-1.065,0.297,-0.478,2.394,-2.349,-0.517,1.295,0.125,-0.254,-0.618,0.218,-0.332,0.766,0.042,0.061,1.38,1
0.175,0.856,-0.299,1.096,1.374,-0.814,-0.025,-0.598,-0.693,-2.288,-0.58,-0.978,-1.883,-0.438,-1.45,0.319,1.153,0.702,1.145,0.516,-0.432,-0.965,0.419,-0.957,0.392,-0.149,2.45,0.141,0.006,2.483,0
-0.715,1.207,0.21,0.548,0.424,0.565,0.966,-2.327,-0.137,0.502,-0.042,-1.066,1.212,0.49,-2.391,-0.109,0.536,0.962,0.968,0.72,-0.313,1.02,0.824,1.489,0.624,-1.268,0.622,0.42,1.808,0.172,0
0.193,0.581,1.332,2.006,2.982,-0.939,1.051,0.141,-2.486,-0.096,1.04,0.598,0.812,1.476,-1.038,1.229,0.017,-0.135,0.012,-1.21,-1.021,1.419,1.196,1.678,-2.238,0.691,-0.636,0.521,-0.654,-0.979,1
2.088,1.028,0.344,-0.008,-2.509,-0.167,0.372,0.355,0.067,-0.027,0.414,1.298,0.547,0.598,1.072,-0.553,-0.342,0.862,0.631,0.2,-0.769,-0.402,-0.279,-0.831,1.045,0.246,-0.241,1.334,0.226,-0.133,0
0.43,-0.906,-1.08,1.055,-0.175,-0.48,2.313,0.998,-0.285,-1.178,0.815,1.699,0.351,-1.477,-0.354,2.262,-0.2,0.35,-0.033,-0.728,0.405,0.516,-0.933,-0.467,-1.526,0.704,1.345,0.641,1.673,-0.558,1
0.288,0.048,-0.082,0.015,-1.496,-0.434,1.361,0.492,-0.035,-1.107,-0.056,-0.76,0.585,-0.341,0.819,-0.169,-0.235,-0.492,1.846,-1.491,0.571,-2.491,-1.975,2.817,-0.942,0.21,-0.353,0.044,-1.733,1.162,0
0.909,-0.07,-1.066,1.857,1.492,1.531,0.537,0.618,0.573,0.481,-1.369,0.278,-0.776,-1.53,-1.336,0.565,-1.15,-1.583,-1.515,-0.415,-1.977,0.565,0.782,-2.505,-0.544,-0.437,-0.741,-0.824,-0.344,0.135,1
-0.546,0.258,0.215,0.167,-0.439,0.291,-1.262,0.396,-0.58,-0.803,0.793,0.544,0.577,-0.298,-1.362,-1.884,0.746,-1.682,0.898,-0.66,1.067,0.699,0.008,-1.439,-0.658,0.624,-0.739,0.565,0.617,-0.363,1
0.932,0.368,-0.661,-1.443,-0.326,0.004,-0.347,-0.979,-0.315,-1.387,1.886,-0.063,-1.046,0.359,0.391,0.206,-1.506,0.884,0.424,0.842,1.7,0.957,0.253,0.357,-0.323,0.665,1.658,1.275,-0.074,1.125,1
-1.782,0.68,0.073,-0.684,1.503,0.693,-1.349,-0.651,1.554,0.51,2.688,-0.469,0.025,-0.543,-1.304,0.052,0.966,0.285,-1.484,1.344,0.048,0.82,-1.964,-0.813,-0.523,1.123,-0.221,0.757,-0.927,-0.709,1
0.792,-1.147,-2.078,-0.41,0.252,-0.042,0.428,-0.7,-0.526,-0.749,0.671,1.446,0.942,0.952,0.858,-0.329,1.178,1.337,-0.53,1.194,0.633,-0.396,-0.112,-0.183,0.641,0.046,-0.371,-1.036,-2.421,-0.795,0
-0.586,1.013,-1.77,-0.443,0.117,0.844,-0.218,-2.149,-0.515,0.273,-1.454,1.232,-0.036,1.116,-0.241,0.646,-2.388,-1.707,0.319,-2.362,0.824,0.185,1.037,0.245,0.579,0.171,-0.658,0.966,1.252,-0.562,0
-1.615,0.863,0.139,0.731,1.682,-0.285,0.988,-0.979,-0.428,0.248,-1.099,1.005,2.21,-0.03,-0.525,-0.72,0.613,-1.292,1.265,0.524,1.019,1.358,-0.967,0.335,0.85,0.309,-0.492,1.165,1.479,-0.214,1
-0.015,0.216,-0.286,-1.067,-0.227,-0.359,0.672,2.072,1.633,0.623,1.534,-0.062,-0.955,0.363,1.171,1.055,-0.432,0.18,-1.158,-0.66,-0.047,0.15,-3.088,1.123,2.144,0.044,0.395,-1.185,-1.235,2.28,0
-1.407,0.299,-1.065,-1.573,-0.79,-0.825,-0.131,-0.208,-0.646,-0.196,0.19,0.59,0.025,-1.182,0.957,-0.479,0.365,1.433,0.639,1.014,-2.507,-1.387,1.39,0.213,0.116,0.674,-0.626,2.443,-1.802,0.963,1
1.262,-1.137,0.735,1.951,-0.622,0.412,0.924,-1.13,0.201,-0.403,2.503,-0.591,0.384,-0.225,-1.029,-0.758,0.332,-1.314,0.573,0.764,-2.506,-0.388,-0.746,0.476,0.197,-0.497,1.154,-2.451,-0.248,-0.135,0
-0.323,0.187,1.112,2.318,0.949,-0.584,1.621,-2.468,-0.646,-0.226,-0.176,1.552,0.317,1.216,-1.408,-0.397,-0.427,0.986,0.533,-1.082,-0.22,-1.064,-1.099,-0.336,2.317,-1.359,0.028,0.904,1.74,1.076,1
-1.228,-1.31,-0.174,1.319,0.089,-1.072,-2.131,0.524,-1.296,0.358,-2.803,0.796,-0.058,1.962,1.371,-0.98,-1.073,0.835,-1.446,0.209,-1.564,0.318,-0.256,0.025,1.395,-0.057,-0.409,1.483,-1.181,-0.982,0
0.548,0.193,-1.14,0.554,1.005,-0.649,0.549,-0.548,0.082,0.227,-0.83,0.749,0.392,-0.741,-0.838,1.691,-1.402,-2.237,0.861,-0.498,-0.194,1.601,0.873,-0.448,-0.264,-0.687,0.609,-3.2,1.166,-0.119,0
1.274,-1.586,1.493,0.083,-0.287,-0.397,0.328,-0.265,1.295,0.274,0.682,0.851,1.478,0.107,1.065,-0.595,-0.519,1.883,1.91,0.277,0.221,-0.683,-0.594,0.247,-2.008,1.156,1.376,1.003,-0.63,-1.924,0
-2.225,1.465,-1.088,-2.056,0.949,0.03,1.146,-0.74,-1.297,0.103,-0.975,-2.142,-0.935,-0.532,0.598,-0.498,-0.373,1.082,0.546,-0.094,0.804,-0.42,0.791,-0.739,0.191,-0.237,-1.308,-0.754,0.217,0.818,1
0.328,1.087,0.535,0.661,-0.421,1.688,1.193,-0.819,0.452,-0.157,1.007,-0.909,3.334,1.089,0.852,2.126,-0.238,-0.503,-0.699,-0.359,-0.133,1.466,-2.64,-2.098,-0.535,0.046,-0.246,0.479,1.635,-0.353,1
-0.674,-0.439,1.508,0.856,-0.642,0.294,1.129,1.836,1.405,0.081,1.004,-1.035,-0.108,-0.73,0.256,-0.334,0.065,-0.838,0.292,-0.318,-1.427,0.726,-0.027,-1.688,-0.145,1.581,0.464,1.367,-0.154,2.351,1
-0.316,-1.551,0.279,-0.582,0.031,-1.138,-0.244,0.841,1.803,-0.266,0.342,-0.653,-0.507,0.664,1.095,-0.196,-0.309,0.261,-0.825,-0.579,-0.774,-0.592,-1.209,-0.087,1.854,-1.522,0.363,-1.3,-0.087,0.72,0
0.228,0.522,-0.917,-0.252,-1.747,-0.146,-0.834,-0.165,0.908,-0.306,-2.321,-0.671,-0.031,0.158,-0.475,-1.402,-0.577,0.591,-0.677,-0.106,0.327,1.201,0.477,-1.976,0.752,0.381,-1.305,-1.695,0.41,-0.421,0
-0.013,-1.218,0.952,-0.581,0.156,0.628,0.021,0.496,0.73,-0.274,0.225,0.393,0.471,0.908,-0.043,0.129,-0.281,-1.038,-0.074,1.838,-0.559,-0.714,0.329,0.673,-0.17,2.163,-1.611,-1.799,-0.338,0.291,0
0.809,0.491,0.352,-0.599,-0.037,0.021,-2.555,1.093,-1.48,0.906,0.592,0.318,0.11,-0.32,-0.057,0.596,-1.33,0.45,-0.313,0.009,-1.387,-0.452,-0.445,-1.427,0.694,0.946,-1.04,0.743,-0.491,1.024,0
0.889,-0.361,-0.417,-1.658,1.209,2.626,-1.268,-0.464,-0.407,0.22,-0.801,-0.041,-0.338,-1.308,0.034,0.262,1.351,-1.5,-1.313,-0.421,-1.749,1.266,1.53,0.685,0.686,0.184,1.58,-0.798,2.803,0.699,0
0.165,1.339,-0.108,1.369,-0.599,-0.077,0.246,2.267,-0.005,-0.131,-0.375,0.646,-1.041,0.347,-0.73,-0.689,-0.681,1.358,1.036,1.04,1.424,0.255,-0.067,-0.33,1.782,0.361,-0.171,-0.577,0.962,0.757,1
0.514,-0.889,-1.739,0.129,-1.779,1.174,-0.367,0.484,-2.061,-0.603,0.035,1.446,-1.937,-0.61,-0.128,-0.132,-0.959,-1.171,0.571,0.514,-2.279,0.322,-0.363,0.377,-0.908,-1.27,1.275,2.117,-0.724,1.751,1
-1.419,-0.935,-0.74,0.404,-0.418,-1.182,1.034,0.998,-0.43,-1.069,-1.941,-0.144,-0.772,0.89,-2.016,-0.885,-0.368,-1.723,0.698,0.031,0.66,-0.584,-0.737,1.946,-0.092,0.261,1.206,0.045,1.266,1.49,0
1.279,0.56,-1.018,-0.073,-0.251,0.459,-2.216,-0.207,-0.946,1.297,1.036,-1.224,0.481,-0.941,0.667,0.314,0.824,-0.386,-0.855,-1.518,0.796,0.05,0.916,1.795,0.098,0.747,-1.16,1.772,-1.866,0.172,1
0.446,1.589,-0.464,-0.651,0.381,0.755,-0.21,0.172,-1.355,0.318,-0.192,-0.842,-0.858,-1.33,-0.574,0.203,0.485,0.678,0.101,0.544,0.115,-0.425,0.006,2.29,1.858,0.907,0.653,0.339,-1.507,0.612,1
-1.047,-0.531,-0.838,0.673,-0.686,-0.407,-0.21,-0.2,-0.572,0.652,0.163,-0.762,-0.879,-1.312,0.673,-0.965,-0.43,0.887,-0.22,0.647,0.208,1.858,0.803,0.815,0.231,-1.314,-0.753,-1.025,-1.086,-1.647,1
1.321,0.317,0.743,-0.631,-0.893,-1.128,-1.144,0.722,0.696,0.73,0.145,1.137,-0.556,-1.535,-2.454,-0.493,2.281,-2.325,0.234,0.85,-0.194,-0.879,-0.842,-0.085,0.687,-0.201,-0.066,-0.529,1.342,1.254,0
0.963,-0.409,1.613,0.196,-2.093,0.354,0.386,-0.299,-0.984,-1.528,-0.809,-0.468,0.462,-0.254,-0.67,0.044,-1.909,0.225,-0.401,1.265,0.528,0.747,-0.631,-2.755,-1.165,-0.697,-1.37,0.21,1.937,-0.579,1
-1.172,-1.012,-0.067,-0.168,0.555,1.229,-0.22,1.056,1.45,-0.253,0.898,0.479,-1.787,-0.352,-0.619,0.498,-0.365,0.816,1.808,-2.159,-1.338,1.217,-2.009,-0.392,-0.097,0.368,-0.503,-0.854,-0.085,0.352,0
-1.212,0.143,0.013,-0.152,0.774,-0.526,0.593,-2.64,-1.563,0.195,0.183,0.484,-0.145,-1.691,1.124,-0.639,-0.842,0.582,-0.911,-0.505,-0.63,-0.703,1.014,1.074,-0.449,1.439,-1.194,-0.072,-0.942,1.213,1
-1.128,0.15,0.173,-0.319,1.636,-1.477,-0.913,-0.569,0.083,-0.97,1.525,-1.441,1.161,0.701,-0.843,-1.314,-0.969,-1.092,0.109,0.34,-0.371,-0.331,1.128,0.699,0.511,-1.482,-0.177,-1.934,0.081,1.874,0
-0.448,-2.068,0.513,1.293,0.787,0.278,-0.331,0.189,0.05,0.198,-0.193,0.649,-0.5,1.961,-0.59,0.663,0.061,0.292,1.569,-0.487,-0.485,-0.204,-0.49,1.495,0.55,0.58,-1.806,-1.335,1.043,-1.035,0
0.6,-0.178,0.278,-0.567,-0.278,0.236,-1.653,-0.576,0.496,-0.358,-0.176,2.207,-0.835,-0.32,0.294,0.629,-0.034,-0.205,-0.079,0.427,-0.83,0.196,2.33,-1.379,0.235,-0.888,0.597,-0.442,-1.29,-0.43,1
1.872,0.897,-1.161,1.313,-0.385,-0.559,0.533,-0.213,0.594,-0.197,-0.08,0.595,0.148,0.443,0.317,-2.049,-0.651,-0.623,1.025,-1.787,3.13,0.012,0.706,0.345,1.495,-0.461,1.321,0.382,-0.614,0.417,0
-0.157,-0.852,0.346,0.058,0.554,-0.164,-1.035,1.53,-0.152,-0.006,-0.619,0.825,-0.441,1.077,-0.915,0.372,-0.157,-1.117,-0.543,-0.777,-1.346,-0.487,1.309,-0.94,0.604,0.441,0.54,-1.124,0.274,-0.28,0
1.914,-0.449,-1.077,-1.288,1.311,0.294,-0.649,-0.004,-0.079,-0.49,-1.326,0.805,0.381,-0.633,-0.635,1.137,0.975,1.211,-1.852,0.128,2.06,0.128,0.97,1.552,-1.047,-1.229,-1.291,0.464,-0.124,0.759,1
-0.655,-0.921,1.664,1.671,0.943,0.758,-1.866,-0.871,1.151,-0.832,0.494,0.244,-0.573,0.575,0.834,-0.65,-0.527,-1.048,-0.403,-1.001,0.363,0.78,-1.728,-0.337,0.192,-2.05,1.184,1.19,-0.159,-0.136,1
-0.691,2.524,-0.361,-0.877,1.318,0.271,0.673,0.381,0.554,0.6,1.486,-0.453,1.892,-0.086,1.933,0.787,1.675,-0.759,1.272,0.736,0.233,0.08,-2.168,0.481,-0.871,-0.827,-0.088,0.103,1.017,2.526,1
-0.845,-0.445,-0.727,0.495,0.27,1.104,-0.334,-0.258,-0.474,1.874,-1.468,0.888,-1.615,-0.119,0.473,0.886,-1.154,-0.116,0.414,-1.042,-0.266,-0.062,2.15,0.171,0.111,-0.269,-0.62,0.147,0.706,-0.34,0
0.018,-0.228,0.124,-0.72,-1.396,1.072,0.952,-0.592,-1.635,-0.543,-0.445,-0.228,0.241,-0.305,-0.658,-0.004,-0.544,0.866,-3.013,-0.697,0.932,-1.901,0.843,-0.634,0.015,0.046,-1.652,-0.506,-0.902,-0.157,1
-0.126,-0.036,-0.029,-1.723,0.75,-1.083,-0.383,-0.424,0.057,0.909,-1.473,-0.98,1.277,0.307,0.907,1.066,0.551,0.841,2.205,-0.944,0.575,-0.068,-1.867,0.032,-1.048,1.143,0.165,1.199,0.924,-0.489,0
0.677,0.934,-0.425,-1.329,1.882,-0.465,1.765,-0.33,-1.135,-0.682,0.136,0.367,0.816,-0.729,0.901,0.939,0.251,1.468,0.432,-0.127,-1.522,-1.125,1.484,-1.331,-1.262,-1.63,-1.185,-1.105,1.974,0.904,1
1.149,-0.52,-0.427,-0.555,0.061,0.823,1.81,1.57,1.12,0.28,1.718,0.262,-0.268,0.183,0.921,-0.771,-1.305,-0.246,-1.957,0.416,-2.402,-0.124,3.44,0.394,-0.772,-1.041,0.118,-0.19,-2.119,-0.082,0
-1.429,0.349,-0.903,-1.07,0.444,-0.087,-0.593,0.25,0.493,-0.943,2.077,0.408,0.328,0.122,-0.39,1.443,0.725,-0.148,-0.262,-0.88,1.625,-0.225,-1.532,0.403,0.925,0.907,0.54,-1.624,1.582,0.114,1
-0.519,0.146,-1.021,0.293,1.578,-0.662,0.343,1.17,-0.751,2.051,0.308,1.582,1.142,-0.424,-0.216,0.278,-0.392,-0.183,-1.978,-1.234,-0.561,-0.411,1.159,-0.332,-0.407,-0.832,-0.54,-0.596,-2.389,-0.636,0
1.142,-0.295,0.769,0.692,-1.433,0.653,-0.224,0.802,0.531,-0.06,-0.611,-0.174,-0.313,1.368,1.196,0.386,-0.434,-0.711,-1.681,0.348,-0.822,0.179,-0.231,-1.198,1.998,0.703,0.862,0.007,-0.461,-1.758,0
0.413,-0.263,-0.46,0.236,0.458,-1.344,1.98,1.473,1.316,0.504,-0.483,-1.099,-0.489,-0.094,-1.08,2.257,1.049,-0.026,-0.239,2.47,-1.695,0.159,-1.034,-0.003,1.793,1.18,-0.844,-1.389,1.15,0.039,1
0.593,-1.748,0.019,-0.869,1.425,-1.084,0.165,-0.49,0.463,-0.307,0.036,-0.827,-0.32,0.265,0.052,0.649,0.955,1.323,-1.402,-0.046,-2.015,-0.57,0.76,0.33,1.305,0.94,-1.27,-0.434,0.303,0.797,0
-0.895,0.605,-1.479,0.043,-0.185,-0.505,1.185,-1.382,0.184,-1.554,0.237,-1.632,-1.961,-1.335,0.633,1.518,0.733,0.5,1.808,-1.008,-0.115,-1.755,-0.547,2.027,0.278,-1.322,-0.949,0.424,-1.854,1.785,1
-2.094,0.047,-0.162,-0.801,-0.645,0.055,0.178,0.631,0.961,-1.344,1.926,0.873,-0.822,0.748,0.105,0.626,-1.547,-0.735,0.27,0.639,1.934,-1.322,-0.657,-0.61,1.639,-0.121,-1.523,2.665,1.589,0.914,1
-0.143,1.238,-0.726,-0.605,0.848,0.179,-1.048,-0.992,-0.036,-0.45,-0.887,0.534,-1.016,-1.464,-0.075,-0.187,0.865,-0.32,0.171,-1.133,1.231,0.495,0.652,-0.99,-0.526,0.263,0.765,0.579,-1.091,0.483,0
0.76,-0.249,-2.616,1.404,0.689,-1.321,1.542,0.306,-0.923,1.368,1.269,-0.217,-2.419,0.555,2.009,0.369,-1.0,-0.804,0.776,0.198,1.044,-1.638,1.165,-1.296,0.613,1.081,0.102,0.203,-1.818,-0.745,0
2.834,1.408,1.147,0.589,1.322,0.306,-2.044,0.993,-0.181,-0.546,-0.514,0.332,-0.252,-0.644,-0.497,-1.899,-0.044,0.594,0.455,0.814,-2.868,-0.979,1.388,1.358,-0.54,1.929,-0.697,-0.43,-1.504,-0.069,0
-0.695,-0.278,0.547,2.262,0.049,0.92,0.097,1.141,0.586,0.306,0.479,0.28,-0.264,2.381,2.032,0.013,-1.419,0.831,-2.471,-1.455,-2.049,-1.153,-0.072,-0.639,0.073,2.287,0.372,-0.515,0.468,1.48,0
-0.598,-0.389,-0.77,-2.147,0.183,0.72,-1.741,2.122,1.64,0.048,2.434,0.23,-0.04,-0.04,1.134,0.54,0.553,0.115,0.347,0.088,0.164,-0.405,-0.716,0.138,1.189,0.364,1.13,-0.674,0.927,-0.703,0
-0.796,-0.767,1.989,-0.69,-0.068,-0.435,-0.606,-0.382,-0.217,-0.6,0.368,-0.28,-2.375,-0.865,1.178,-0.768,-0.469,0.029,1.12,-1.729,-1.17,-0.524,-1.08,-0.707,0.695,0.078,-0.523,0.115,0.533,2.094,0
0.395,-0.105,-1.979,-1.251,2.331,1.129,0.17,0.426,0.296,-0.257,-0.595,-1.99,-1.373,1.076,-1.144,0.682,-0.667,0.556,-0.567,-0.765,1.383,-0.447,-0.266,0.25,-0.849,-0.24,0.111,0.134,0.268,0.369,0
0.287,1.819,-1.27,0.243,0.6,-0.61,2.758,-0.452,1.044,-0.065,0.735,-1.003,1.686,0.367,-0.259,2.148,1.402,-0.329,0.879,0.729,-0.25,-0.987,1.19,-0.298,0.427,-0.061,-0.222,-0.661,-1.843,0.831,0
-0.597,-1.777,-1.115,-0.72,1.546,0.169,-1.629,-1.581,1.746,-1.09,1.035,-1.344,-0.364,1.45,1.468,-0.276,-0.591,-0.759,0.962,0.628,-1.672,-0.589,-0.762,0.972,-0.937,0.11,0.868,-0.13,0.036,-1.92,0
-0.681,0.177,-0.359,-1.772,-0.261,2.037,0.792,0.736,0.387,-0.842,1.339,-1.549,-0.512,-0.105,0.939,1.646,-1.288,0.849,0.361,-0.189,-0.459,-1.097,0.17,-1.177,-1.08,-0.749,-0.379,-0.237,-0.708,0.349,0
2.682,0.354,0.846,-0.395,0.38,0.081,-0.115,0.6,2.031,-2.448,-1.105,0.425,-0.363,-0.497,0.362,-0.496,0.323,0.803,-1.257,-0.982,0.668,0.303,-0.379,1.379,0.118,-0.822,-1.329,-0.578,1.08,-0.056,1
0.237,1.21,-0.754,0.101,1.92,-1.364,1.439,-0.328,-0.991,-0.74,0.171,-0.59,0.012,0.372,3.049,-0.38,-0.069,1.455,0.373,-0.697,-1.465,0.413,-0.895,-0.064,1.421,0.854,-0.25,0.213,0.408,1.798,0
0.511,-2.522,-0.683,-0.665,0.932,0.679,0.506,-0.154,-0.698,0.165,0.51,-0.001,1.207,1.436,0.678,-1.715,0.252,0.771,2.159,0.586,0.06,-1.564,0.029,-0.667,1.837,0.526,1.313,0.648,1.534,1.068,1
0.41,-0.627,-0.276,0.684,1.366,0.238,2.891,-0.945,-1.086,-0.953,-0.8,-0.062,0.161,-0.264,0.58,-0.003,-0.758,-2.048,-0.493,1.001,-0.449,-0.574,1.169,-1.174,-0.313,0.702,-1.223,0.238,0.355,0.612,0
-1.736,1.146,-0.676,-1.253,0.277,-0.356,0.873,0.916,-1.898,1.795,0.892,0.825,0.324,1.428,-0.379,-0.076,0.433,-0.598,0.358,0.143,1.015,0.618,-0.102,0.164,0.731,1.811,1.029,-0.93,0.751,-0.851,1
-0.19,0.258,0.715,0.115,-0.465,-1.327,0.614,0.369,1.238,-0.859,-0.431,-2.026,-1.189,-0.242,-0.013,-0.298,-0.384,-0.378,-1.471,-1.45,-2.013,-0.251,-0.065,0.064,0.84,-0.549,-1.41,-0.711,0.54,-0.202,0
1.464,-0.072,-0.061,-0.168,-0.925,1.749,1.632,-0.428,-2.305,0.602,0.296,-1.349,-0.04,-1.776,-0.422,-0.17,-0.711,-0.618,-0.549,1.761,-0.58,0.049,0.065,-0.507,2.123,-0.318,-0.438,1.326,-0.108,0.201,1
-0.863,-1.207,-0.794,-0.773,-0.258,0.554,-1.502,0.864,0.797,1.025,-0.34,-0.62,1.398,-0.998,-0.676,-1.427,-0.548,-1.38,0.278,-0.225,-0.423,-0.557,1.234,-0.059,-1.682,-1.155,-2.574,-0.673,-0.028,2.728,1
-0.347,1.607,0.202,-0.194,0.229,-0.201,1.221,0.951,0.146,0.873,-1.616,-0.403,-1.341,1.508,-0.517,1.615,-1.05,-0.445,0.258,-0.749,-0.225,-0.759,0.583,-0.689,0.523,0.579,-0.027,1.458,1.092,0.243,1
-0.217,1.018,-0.304,0.583,-0.398,1.02,0.009,-0.328,0.162,-0.204,1.679,-0.165,-0.848,1.199,-1.529,0.923,-0.343,0.996,-0.134,1.486,0.131,0.392,-1.715,-0.005,-0.29,0.051,0.936,-0.94,1.042,1.296,1
0.904,-0.356,-2.033,-0.368,-0.52,0.156,0.603,0.835,-0.173,0.304,-1.393,1.375,-0.851,0.187,-1.481,1.752,-0.155,-0.445,-0.079,0.577,1.031,0.336,0.42,-1.119,0.078,-0.453,1.283,-1.25,1.266,0.609,0
1.116,-1.024,0.496,-0.518,-0.793,-1.353,-0.271,-0.846,-0.141,0.904,1.696,0.219,0.421,-1.275,0.865,0.759,0.648,0.531,1.855,-0.984,-1.652,0.003,1.428,-1.282,2.029,-1.531,-1.509,-1.094,0.605,-0.274,0
0.371,-0.678,-0.785,-0.175,-0.198,0.242,1.018,-1.263,0.171,-0.083,0.142,-0.09,0.156,0.112,1.421,1.862,0.842,-0.283,0.917,-2.01,-0.945,1.392,2.36,-0.437,-0.582,-1.151,1.32,1.403,-0.091,0.851,0
1.445,-0.205,0.885,-0.071,0.637,-0.062,-0.493,-0.724,-0.371,0.536,0.652,0.191,0.551,-0.512,1.084,0.049,0.113,2.05,0.675,-2.678,-0.82,1.089,-1.351,-0.314,0.746,1.397,0.318,-0.984,-2.094,-0.122,0
1.269,0.218,-1.092,-0.069,0.313,0.603,-0.166,0.169,2.353,-0.585,-0.529,0.798,1.02,-1.982,-0.231,-2.012,-1.194,0.041,-1.511,1.498,0.913,-1.192,0.725,0.006,0.398,0.877,-0.005,-0.453,-0.345,-1.511,0
-0.607,-0.731,-1.084,-1.592,0.114,-0.395,-0.504,0.427,1.195,-0.196,-1.084,-0.971,-1.768,-0.644,-0.648,0.092,-0.814,-1.267,-1.063,-1.633,1.627,-0.817,-0.376,-1.385,-0.062,-0.2,0.617,0.044,-2.45,-0.859,1
0.35,1.418,-0.5,0.4,0.044,-0.262,-0.675,0.701,-1.155,2.361,-1.605,-0.201,0.728,0.584,0.244,0.574,-0.435,0.016,0.22,0.68,0.591,1.782,1.231,0.152,-0.791,-1.025,-0.158,0.169,1.261,-1.642,1
-1.358,-0.242,0.598,-1.211,2.322,-0.558,-1.901,-0.203,0.009,0.629,-0.655,-0.735,-1.023,1.042,0.777,-1.098,1.021,-1.049,0.621,0.244,0.855,-1.53,-0.303,-1.568,0.226,-1.209,0.773,1.632,0.832,-0.824,1
0.817,0.083,1.495,1.189,-0.331,0.332,-0.786,-2.238,0.866,0.338,0.698,-2.148,1.72,-1.714,2.279,0.86,0.442,0.604,1.093,1.153,1.338,-0.553,-0.36,1.499,-0.103,-1.258,-0.488,-2.151,0.142,1.426,0
-0.052,-1.496,0.198,0.035,-0.975,-0.18,-0.847,0.393,0.059,-0.865,-1.017,1.099,0.428,-1.249,0.327,-0.213,-1.281,-0.904,0.988,1.927,0.665,1.376,0.259,-0.58,-0.833,1.854,0.321,-0.455,-0.024,-0.339,1
0.718,0.176,1.181,-1.266,-0.724,-0.871,1.16,1.397,-1.032,1.788,-1.024,-0.246,-0.566,-0.173,-0.542,1.319,-0.106,0.985,0.186,0.278,-1.813,-1.821,-1.202,-0.626,0.231,0.206,0.041,-0.436,-0.073,0.078,1
-0.596,0.368,-1.092,0.249,-0.643,-1.527,0.851,-1.304,0.49,0.138,0.993,1.319,0.018,-2.015,-1.011,-0.412,0.067,0.939,0.421,-1.171,1.101,0.504,-1.582,-0.356,0.184,-0.004,1.594,-0.042,0.407,-1.944,0
-1.911,-0.176,1.934,-0.289,-0.825,-0.404,-0.44,-0.606,0.503,-0.585,1.953,0.362,0.056,0.081,0.735,1.451,-0.283,0.512,0.875,-0.035,-2.268,2.47,1.107,1.509,-0.66,-0.317,-0.637,-0.31,0.173,1.066,0
0.2,-0.872,-0.682,-1.562,0.839,-1.486,1.108,0.929,-0.679,1.123,-1.202,0.84,1.049,-0.977,1.672,-1.361,-1.248,-0.86,0.289,-0.592,-1.388,0.603,-0.858,-0.719,-1.564,-1.642,-0.691,-0.255,0.12,0.613,0
0.356,-0.319,2.231,0.218,1.705,0.812,1.913,0.303,0.527,-0.073,0.161,-0.0,0.507,-0.399,0.271,0.632,-0.468,0.975,1.132,0.938,-1.331,-0.676,-1.712,1.631,0.153,-0.847,-1.403,0.256,0.831,1.485,0
1.576,-0.811,-2.473,-0.997,-0.222,0.459,0.077,-0.346,-0.06,1.865,-0.329,-0.499,0.764,-2.067,-0.883,0.827,-0.913,0.267,0.915,-0.191,-0.765,0.675,-1.091,-1.586,-0.782,0.196,-0.819,0.347,1.168,2.423,0
2.084,0.501,-0.201,-0.32,-1.282,-1.093,-0.219,-1.369,0.024,0.535,1.016,-0.514,0.981,0.28,-0.022,-0.491,0.002,0.877,-1.148,0.539,0.254,-1.514,-0.405,-0.927,0.947,0.002,-0.75,-0.315,1.623,-0.498,1
1.347,1.002,-1.381,-1.309,1.282,0.184,-2.034,-0.294,0.223,1.028,0.708,0.093,-0.511,-0.416,0.537,-0.041,-1.062,0.185,-0.988,-1.088,-0.395,-0.449,-0.834,-0.502,0.78,1.085,1.362,1.307,2.674,-1.702,1
-1.607,0.184,1.134,-0.229,-1.086,-0.06,0.336,0.191,-0.292,-1.452,-1.145,1.264,-0.747,-0.722,0.22,1.21,1.491,0.88,-0.614,-0.458,0.29,-0.034,0.088,0.251,0.371,1.094,-0.191,-0.105,1.099,-0.075,0
-0.769,0.503,0.322,-0.064,1.26,-0.249,0.391,-0.643,-0.138,1.713,-0.576,-0.105,-0.675,-0.725,0.078,-0.606,0.994,0.55,-0.143,-0.508,0.184,1.835,-0.655,-0.877,0.881,-0.804,-1.092,-0.19,-0.048,-0.517,1
-0.437,-0.651,0.208,1.753,0.745,-2.081,0.07,1.06,-0.293,-0.802,-0.351,-0.139,0.307,1.286,1.839,1.421,1.78,1.47,0.757,0.032,-0.74,-2.325,-1.948,-0.915,-0.158,0.52,-2.185,-1.876,-1.846,-0.714,0
-0.038,-0.169,-0.122,1.068,0.195,1.154,1.13,0.677,0.231,0.827,-0.205,0.984,-0.35,0.317,0.258,0.695,0.563,-1.005,-1.085,-0.821,1.233,-1.488,0.292,-0.877,0.6,1.443,0.022,-0.955,0.209,-0.852,0
0.804,-0.686,0.245,-0.581,-0.479,0.752,-0.373,1.792,0.015,-0.308,-0.825,0.283,1.168,0.439,1.241,-0.03,1.775,0.673,0.94,-0.026,0.99,-1.249,0.14,-1.126,-0.756,-0.682,-0.687,0.439,-0.89,0.789,0
0.567,0.402,0.708,0.302,0.701,0.509,-0.152,-0.674,0.533,-0.1,0.853,-0.121,-1.175,-0.221,-0.248,0.914,0.968,-0.616,-0.889,-0.999,1.348,0.559,-0.607,0.738,-0.205,-3.096,0.494,1.23,0.072,-0.562,1
1.506,0.413,0.768,0.27,1.931,-0.352,1.213,-1.326,-0.471,-0.471,0.91,0.35,0.83,-1.019,-0.875,0.951,-0.329,0.095,-0.045,-0.304,1.588,1.084,0.832,0.557,-1.726,-0.021,0.306,-1.535,-0.726,0.166,1
-0.61,0.641,-0.194,-0.353,-1.296,2.045,-2.614,0.701,-0.574,-2.603,-2.036,-0.804,-1.557,-0.758,-1.497,1.517,0.162,-0.627,-0.137,0.011,-0.76,0.229,-0.821,-1.058,-2.61,0.238,-1.048,0.443,0.482,-0.563,0
-0.286,-2.466,-0.343,0.39,0.067,-0.3,1.494,0.693,-0.562,0.303,0.455,-0.968,0.846,-1.464,-0.837,-0.525,0.406,-0.235,-1.569,0.418,-0.413,-0.006,-0.123,0.232,-0.612,1.102,1.086,-0.028,-0.531,-1.357,1
-1.933,0.46,0.12,0.193,1.549,-1.463,-1.579,-1.03,1.228,-0.034,-0.482,0.203,-1.171,-0.575,0.027,-0.59,0.695,1.232,0.857,-0.218,1.306,-0.132,1.186,-1.501,-1.124,-0.77,-0.835,-1.205,-0.504,0.489,1
-0.284,-1.355,0.54,-0.291,0.441,0.337,-1.06,-0.2,1.534,-0.105,0.41,-0.255,-0.984,-1.684,0.073,0.066,0.29,-0.872,0.45,0.62,-1.345,0.768,0.862,1.12,0.66,0.417,1.129,0.412,-0.431,-0.168,1
0.064,-1.489,0.086,1.321,0.784,-0.154,-0.515,-0.202,1.196,-1.178,-0.118,0.9,-0.482,1.271,-0.697,-1.001,0.092,-0.185,0.734,0.323,-0.254,-0.922,1.29,-0.259,1.686,1.577,1.012,0.791,0.565,-2.137,1
-0.021,0.018,0.866,0.805,-0.81,0.489,-0.121,1.152,-0.349,-2.421,0.34,1.601,0.387,0.171,-1.071,1.213,-0.805,-0.544,-0.932,0.116,-1.545,0.68,-0.568,1.143,-0.237,-0.637,0.498,2.583,-0.055,-0.145,1
0.356,-1.024,0.137,0.072,0.147,0.243,2.267,-0.798,-2.097,-0.088,-0.443,-1.586,-0.243,-0.571,-0.477,0.255,-0.174,1.431,-0.98,-0.342,0.432,1.991,1.055,0.049,0.026,0.753,0.157,0.211,0.369,-1.422,0
0.835,0.128,-0.91,1.294,-0.204,-0.987,-2.344,-0.36,-1.284,-0.41,-0.391,-0.276,-0.547,-0.513,0.285,1.559,0.253,0.823,0.548,0.495,-0.048,1.591,0.89,-1.628,-0.658,1.159,-1.326,-0.865,-1.102,-1.181,0
-0.721,-0.29,-0.089,2.09,-0.66,0.25,-0.082,0.808,1.305,-0.38,-0.064,-1.202,0.443,-0.304,1.863,-0.225,0.299,-1.129,-1.78,-1.108,-0.801,1.609,-1.379,0.381,-1.79,-0.348,-0.311,2.833,1.027,2.045,1
-0.594,-0.584,0.539,-1.978,-1.103,-0.202,-2.129,0.071,-1.607,1.357,-0.095,-0.478,0.987,-1.815,-0.225,-0.462,-0.646,0.078,0.929,0.402,0.519,-0.743,0.75,1.38,-1.549,-0.472,0.218,0.066,-0.155,-0.495,1
-0.694,0.124,-0.575,1.215,-1.88,1.572,0.36,0.61,0.165,0.221,-0.478,-0.383,0.996,0.796,0.546,0.13,2.155,-2.112,-0.986,0.102,0.451,1.258,-2.514,0.258,-0.116,0.074,-0.023,-0.473,0.648,1.292,0
1.28,-1.427,-0.99,0.407,0.694,-0.251,1.541,-0.492,-1.554,0.591,0.54,-1.808,2.693,-0.549,-0.279,-0.222,-0.547,0.835,0.583,-0.003,0.758,1.589,-0.112,0.978,-0.067,0.518,0.393,-1.411,0.773,-0.382,0
-0.843,-0.321,-1.7,-1.014,-0.191,1.842,1.424,-0.774,1.369,0.85,-0.143,-1.561,-1.068,0.542,1.56,-0.577,0.232,0.624,0.719,-1.556,0.534,0.345,-0.515,-0.086,-0.006,0.914,-1.441,0.523,-1.813,-1.093,0
-1.09,-0.617,-0.105,1.59,-0.894,1.75,1.319,-0.307,-0.694,0.925,-1.422,-0.269,-0.671,0.551,1.14,0.34,-0.779,-0.807,-0.954,-0.439,-0.118,-1.237,-0.864,-0.878,-0.167,0.143,-0.807,-1.617,1.911,0.026,0
-0.693,-1.308,0.018,0.134,0.783,0.923,-0.983,-0.285,0.097,-0.479,0.609,-0.042,-0.585,0.463,-0.543,-0.494,-0.068,0.19,0.56,-0.056,2.306,0.693,0.249,0.436,0.47,-0.635,-0.327,-1.151,-1.117,1.016,0
0.701,0.08,-1.389,1.496,0.195,-0.805,-2.193,0.78,-2.107,1.443,-1.183,-1.694,-1.003,-1.63,-2.043,0.034,-0.466,-0.506,-1.893,-0.139,0.002,-0.387,0.736,-1.205,-1.029,-0.756,1.058,-0.424,0.768,-0.55,1
0.168,0.034,-0.24,0.16,-0.968,-0.475,-0.184,0.804,0.022,-1.136,0.378,0.501,-0.112,-0.745,0.159,0.681,-0.506,-0.037,0.699,0.502,1.091,0.777,-0.008,0.421,0.459,-0.153,0.318,-0.325,0.2,-0.522,0
0.24,-0.559,0.571,2.488,1.05,0.194,-1.062,-0.012,1.0,-0.577,-1.322,-0.26,0.045,0.928,1.506,-2.467,-0.792,0.387,-0.676,-0.409,-1.222,-1.365,-0.769,-2.962,-0.439,1.49,1.014,1.466,0.104,1.171,1
1.828,1.007,-1.992,-1.111,1.243,1.131,-0.053,0.674,-1.997,-0.416,1.678,0.473,2.091,1.24,0.723,-0.222,1.781,0.06,-0.181,-2.255,-0.516,0.496,-1.574,-2.828,-1.464,-0.069,-0.885,0.353,0.809,1.883,0
0.545,0.701,-0.977,0.12,-0.619,-1.346,1.086,-1.424,-1.619,-3.805,1.106,0.444,1.346,0.83,-1.556,-1.029,-0.194,-0.665,-1.133,0.703,0.036,-0.528,-0.031,0.657,0.477,1.205,-0.391,-0.412,0.016,-2.195,1
0.392,-0.447,0.05,0.908,1.458,0.446,-2.675,0.74,1.72,0.455,0.135,-1.678,0.126,0.802,-0.51,1.454,0.253,-0.864,0.132,-0.394,-0.827,-0.749,0.134,-0.349,1.559,-0.948,0.315,0.334,0.991,-1.71,1
-0.02,0.361,-1.467,1.144,-0.874,0.255,-0.483,0.193,-0.936,-0.218,-1.569,0.248,-0.133,-0.489,-1.047,-0.246,0.258,1.359,-0.551,-0.022,0.678,-0.13,-0.917,-0.167,0.863,0.61,-0.312,-0.144,0.175,-1.127,0
-0.406,-0.258,0.506,-0.367,-0.212,-0.16,0.125,0.878,-0.322,1.439,-0.044,1.507,1.499,1.534,0.589,-1.664,-0.255,1.386,0.717,-1.406,0.584,0.545,0.78,-0.858,-0.38,-0.469,0.13,0.969,0.503,-0.142,1
-1.238,0.696,-0.526,-2.676,-0.019,0.861,1.562,1.877,0.254,3.401,0.379,-0.21,-1.708,-0.17,0.449,-1.239,-0.812,-0.987,0.696,-1.368,0.093,-0.177,-1.969,-1.686,1.534,-0.101,0.276,-1.145,0.223,0.172,0
0.408,-0.158,-0.911,0.378,0.024,1.718,-1.651,-0.249,0.391,1.056,-1.57,0.256,1.729,0.348,-0.58,0.703,0.558,0.127,-0.119,-0.261,-0.579,0.799,1.87,-0.82,0.071,-2.02,0.743,-1.465,-0.735,1.11,1
0.276,0.386,0.708,-0.317,-0.229,1.821,-0.627,-2.386,0.033,-0.865,-0.603,-0.822,0.548,0.311,-0.467,0.398,-1.035,-1.163,0.762,1.15,0.621,0.216,-0.632,-1.301,-1.631,-0.683,2.014,0.153,-0.785,-1.269,1
0.592,-0.813,-0.714,0.653,-1.195,0.617,-2.021,1.457,1.064,-0.341,-0.515,0.516,0.65,-1.145,0.433,0.338,0.232,-0.005,-0.319,0.477,0.505,-0.536,-0.123,0.965,-0.937,0.641,-0.069,-0.815,2.103,-0.485,1
-0.261,-0.497,-0.149,-1.635,-0.511,-2.808,-0.876,-0.297,-1.953,-0.881,1.095,2.653,0.126,0.341,1.476,0.221,-0.728,-1.303,-2.651,1.409,-0.483,-1.1,-0.408,-2.12,1.02,-0.185,-0.9,-0.098,0.839,0.437,1
0.194,-0.81,0.463,0.329,-0.106,-0.958,-0.334,-0.024,1.584,-0.564,0.422,0.592,1.319,0.911,0.333,-0.379,0.316,0.627,1.307,0.261,0.166,-1.713,-1.396,2.674,0.178,-1.545,0.008,-0.074,-0.856,-0.123,0
-0.126,0.507,0.483,0.079,0.869,1.135,0.748,0.597,-0.14,-0.473,0.089,-1.789,-1.41,-0.09,-0.866,1.657,-0.621,0.399,0.77,0.087,0.699,0.222,-0.298,-0.388,-0.121,1.496,0.672,0.562,0.889,-0.504,1
-1.84,0.602,0.742,-0.614,0.622,-0.35,-0.092,-0.499,0.357,-0.342,-0.734,-0.484,-0.643,0.053,-0.379,-0.534,1.121,0.712,0.534,0.108,1.011,0.039,0.441,-0.501,-0.077,-0.197,-0.137,-0.107,1.533,-0.172,1
1.28,-0.639,0.456,1.068,-0.206,1.372,-1.319,0.558,-1.2,-0.697,0.077,1.067,2.209,-0.639,0.391,2.103,1.177,0.947,-0.66,0.556,-0.94,-1.08,-0.07,-0.175,-1.522,-0.278,2.508,0.491,0.206,0.716,1
-0.33,-0.058,0.772,2.368,2.045,2.473,0.988,-0.23,-1.833,0.18,-0.763,0.763,-0.297,-0.31,-0.362,0.964,-0.745,-0.163,0.435,0.462,0.943,-0.549,1.266,-0.729,0.06,-0.761,0.205,1.585,-0.173,-0.615,1
-0.624,0.438,0.198,-0.203,-0.647,0.62,-0.281,1.244,1.685,-0.474,-0.644,-0.505,1.525,-1.375,-1.111,-0.642,0.015,2.252,-0.74,-0.402,0.352,0.268,-1.088,0.288,-0.146,-3.074,-0.729,0.197,-0.525,-0.952,1
0.35,0.794,0.112,-0.099,1.889,1.575,0.455,0.988,0.967,0.564,-0.022,2.139,0.266,0.503,-0.183,0.848,1.464,0.262,0.963,-0.751,-0.994,-1.058,0.845,-1.296,0.76,1.874,-0.643,-0.273,-0.275,0.248,0
0.358,-0.36,-0.692,-1.067,-1.187,-0.488,0.586,-1.324,-0.003,0.865,1.504,-1.643,0.357,-0.29,-0.364,0.082,-1.094,-0.043,1.482,-1.745,0.558,1.119,0.194,-1.101,-0.962,-0.427,1.222,0.057,0.4,-0.399,1
-1.874,0.846,-1.31,-3.311,-1.275,-0.01,-1.183,0.587,-1.937,-0.308,-0.063,-0.762,-0.348,-0.699,0.068,-0.942,-0.09,0.031,0.542,0.808,-0.198,-2.486,0.966,0.565,0.684,-1.926,0.284,0.528,1.103,1.444,1
0.076,0.489,0.82,0.59,0.631,0.288,-1.109,-0.685,-1.365,0.189,1.032,-0.1,0.15,0.605,0.129,0.99,-0.631,-0.086,-0.896,-1.264,-0.391,0.007,-0.328,-2.065,-0.744,0.83,-1.089,-1.12,-0.487,-2.219,1
-1.175,0.7,0.424,1.375,-0.785,2.437,-0.069,0.882,-0.6,-1.289,1.271,-0.954,-1.412,-0.687,0.77,-2.29,-1.765,-1.104,1.614,-0.778,-1.296,-0.496,-0.292,-0.734,0.028,0.364,-0.524,0.284,0.998,-0.422,1
0.708,0.594,0.308,0.318,0.181,0.945,0.505,0.667,0.012,-0.443,0.241,0.42,1.915,1.654,0.592,-1.18,-0.862,-0.923,0.331,1.097,1.55,-0.247,0.711,-0.342,-1.398,0.384,0.452,-1.742,2.23,-0.052,1
1.159,-0.66,0.849,0.746,-1.994,1.505,-0.002,1.24,-1.188,-0.825,0.561,-1.653,1.31,-0.003,0.097,-0.283,-1.259,-0.21,0.295,0.791,0.256,-0.368,-0.027,1.466,0.699,1.598,0.488,-1.399,0.201,-1.368,1
-0.022,-0.013,-0.379,0.538,0.052,-1.035,-0.158,0.896,1.764,2.194,-0.738,0.157,-0.322,0.582,-0.639,0.723,-1.059,0.246,0.347,0.108,0.583,-0.016,0.489,1.907,-0.335,0.395,-0.163,-0.877,-0.724,0.251,0
0.842,0.404,0.011,-0.082,1.611,0.456,-0.876,-1.074,-1.368,-0.474,1.024,-0.051,0.59,-0.805,-2.036,0.343,-0.295,0.747,0.911,1.175,-1.475,1.233,-0.423,-0.866,1.527,-0.702,-0.035,-0.184,0.919,0.05,1
0.602,-0.652,-1.615,-0.385,-0.079,-0.269,0.28,1.363,0.724,0.936,-0.279,-0.11,0.397,-1.481,0.607,0.927,0.595,0.749,-0.886,0.577,-0.869,-1.164,-0.27,-0.541,-1.165,0.347,0.087,-0.435,-0.089,-1.182,0
-1.013,-1.224,0.366,-0.039,-0.669,-1.604,0.145,0.398,0.538,-0.57,1.209,-1.795,0.075,1.09,0.549,-0.509,0.835,0.23,0.212,-0.966,1.046,-1.169,-0.887,-1.368,-1.095,1.373,0.224,1.463,-0.146,0.118,0
-0.643,1.398,-0.098,1.594,0.78,0.8,-0.668,-0.865,-1.063,-0.73,-2.307,0.157,0.039,0.416,-0.619,0.566,-0.972,-0.455,0.618,0.359,-0.729,2.105,0.39,-0.224,1.451,0.52,0.325,0.197,0.675,-1.146,1
-0.834,0.034,0.781,-1.385,-0.959,0.292,-1.216,0.571,-0.159,-1.728,2.917,0.656,0.674,-0.51,0.602,2.09,-0.773,0.267,-1.009,1.161,-0.338,2.882,0.458,-0.579,-0.274,0.625,0.91,1.768,1.894,-2.661,1
0.367,0.533,-0.292,0.441,1.13,-1.519,-1.571,-0.393,0.375,-0.114,-1.161,0.436,0.46,3.114,2.345,-0.576,1.295,-0.148,0.163,-0.225,-0.276,0.758,0.887,-0.283,0.272,0.455,0.577,-0.743,0.396,-0.929,1
1.273,1.637,-0.468,-0.07,1.006,1.272,-0.002,-0.397,-1.073,-1.631,-0.195,0.435,-0.135,-0.09,0.552,0.666,-0.665,1.449,-0.175,0.559,-0.827,1.266,0.886,0.481,-0.618,0.326,0.747,-0.594,0.673,-1.169,1
-0.405,0.678,-0.271,0.095,-0.465,-0.41,-0.626,-1.05,0.472,-1.348,1.556,0.363,0.28,-0.956,-2.029,1.654,0.21,0.724,-0.022,-0.523,-0.005,1.691,-1.14,0.284,0.18,-0.218,0.842,-0.942,-0.361,0.099,1
0.203,0.075,-0.309,0.701,0.942,0.833,-1.909,2.843,1.063,-0.617,-0.398,0.802,-0.46,-0.387,0.809,0.764,1.004,1.049,0.992,-2.004,1.282,-1.526,-1.064,0.01,0.082,0.784,1.147,0.519,-0.126,-0.295,1
1.763,1.718,-0.759,-0.107,0.984,-0.38,0.997,0.783,0.56,-1.362,1.768,0.379,0.084,0.154,-0.251,-1.244,0.047,0.599,1.544,-0.021,0.798,0.197,0.722,-1.271,-0.285,0.126,0.199,-0.937,-0.141,0.062,1
-1.01,-1.132,-0.998,-0.064,1.288,-0.579,0.672,0.052,0.468,0.37,0.538,-0.991,-1.689,1.034,0.838,0.18,-0.558,0.439,-0.552,-1.319,-1.176,-0.068,-0.975,-1.531,0.791,1.397,-0.542,-0.754,0.053,-1.109,0
-0.084,1.269,0.102,0.624,-0.414,0.415,-1.132,0.622,-0.614,1.138,0.864,-0.048,-0.403,-0.492,3.237,0.319,-1.236,-0.998,-1.903,0.321,-0.994,-0.48,1.197,1.922,-0.9,-0.673,0.184,-0.544,-2.463,1.735,0
-0.667,0.974,-0.649,0.311,-2.469,0.761,1.084,-1.035,-0.127,-0.503,0.935,0.993,-0.258,1.389,-2.623,-0.584,0.735,0.391,1.494,-0.289,1.062,1.328,-0.947,1.028,0.733,-0.089,-0.21,-0.22,2.841,1.086,1
-1.281,1.285,0.182,0.37,-0.864,-1.286,-0.385,-0.185,0.114,-1.566,0.314,0.15,0.711,-0.23,-0.145,1.161,-0.192,-0.271,1.941,-0.442,-0.978,-0.669,0.215,-0.238,-0.419,-0.161,-0.332,-0.135,0.425,-0.758,0
0.517,-0.112,-1.54,1.078,1.437,0.52,0.069,-1.292,0.53,-0.74,-0.219,0.068,0.254,-1.367,2.674,0.628,-0.055,0.323,-0.936,-1.25,0.589,-1.28,-1.255,-0.836,-0.566,-0.525,0.878,0.434,0.716,-0.903,1
-0.229,1.411,1.282,0.245,-0.355,-1.964,0.104,-1.177,0.57,-1.379,0.434,-0.317,-0.51,0.267,0.464,-1.65,0.541,-0.28,-0.113,1.744,1.079,-0.744,-0.676,-1.524,-0.358,-2.647,-0.335,-1.894,-0.344,1.507,1
0.2,2.073,-0.694,-0.929,-0.713,1.854,2.555,0.299,0.424,1.159,0.024,0.929,-0.511,-0.36,-1.847,-1.169,0.758,0.023,0.253,-0.219,-0.21,0.174,-0.956,0.326,-0.336,-0.314,-0.469,-0.249,-0.954,0.108,1
-2.277,1.419,-2.317,0.377,1.025,-0.5,-1.777,0.398,0.445,0.178,-1.104,1.39,-0.367,-0.515,-0.378,0.457,-0.767,-2.14,0.383,-0.083,0.626,-1.181,-0.834,-1.546,-0.858,-0.875,0.131,1.239,-0.021,-1.761,0
-0.708,0.347,0.918,0.931,-1.728,0.807,1.145,-0.284,0.94,-1.326,-0.003,-0.422,0.577,0.457,0.189,0.855,0.92,0.712,-0.248,-0.285,-1.236,0.23,-1.387,-1.751,-0.508,-0.771,-1.792,1.548,-0.184,-1.044,1
0.262,-2.364,-0.977,-1.623,1.038,0.168,-0.228,-1.423,-1.148,0.63,0.493,0.313,-0.118,1.556,0.222,-0.964,-1.323,-1.683,-0.329,-1.603,-1.526,-0.83,0.396,-0.132,-1.104,-1.225,-0.094,1.051,1.974,-1.295,1
-0.36,0.04,-0.322,-0.92,-0.062,0.671,-0.317,-0.426,-0.899,0.453,-1.629,0.413,-0.226,-1.628,0.879,1.295,0.86,0.753,0.306,-1.02,-1.613,0.923,-0.037,-0.061,-0.198,0.457,0.361,-0.912,-1.428,0.575,0
3.08,-2.306,-0.747,0.491,-0.111,-1.405,-0.227,-0.915,-0.431,0.573,1.008,-1.971,-0.062,0.81,-1.078,0.239,0.067,-0.04,-1.641,0.185,0.633,-1.266,-0.607,0.381,1.541,1.012,-0.066,-0.589,0.939,-0.035,1
2.006,1.015,-0.589,-1.16,0.437,0.295,1.149,-1.134,1.895,-0.256,-0.795,1.427,-0.147,0.722,0.373,0.918,0.205,0.226,-0.696,-0.262,-0.412,0.074,0.396,-0.577,0.147,0.734,-1.489,1.697,-0.562,-0.589,0
-0.414,-0.297,-0.32,-0.377,0.044,0.383,0.449,-0.381,0.043,0.7,-0.684,-0.823,-0.65,0.989,-0.898,0.528,-1.537,-0.58,1.126,-1.099,-1.335,2.603,0.906,-0.647,0.167,0.087,-0.228,-0.891,0.567,-0.703,1
-0.728,0.748,0.374,-0.522,1.878,1.104,-0.777,-0.518,-0.821,1.258,-0.039,-0.003,2.412,-1.102,0.83,-0.224,-0.252,-0.091,-0.703,0.165,-0.023,-0.337,-1.229,-1.105,1.004,0.771,1.574,-1.459,-1.088,-0.994,0
-1.048,-0.713,0.385,0.282,0.473,0.572,-0.23,-0.648,-0.585,-0.195,1.425,-0.469,0.156,0.469,-2.727,0.607,-0.512,0.519,-0.465,-0.632,-1.572,1.471,-0.369,1.555,-2.624,0.538,2.364,0.84,2.033,-0.329,1
0.256,-0.572,-1.104,0.695,-1.017,0.467,0.897,0.143,0.248,1.47,0.682,1.916,1.721,0.899,0.914,1.212,0.217,0.8,0.14,0.49,-0.4,2.752,0.987,-0.011,0.407,-1.341,-0.311,-0.134,0.448,-1.461,1
-0.263,-0.311,0.758,-1.412,-0.367,-0.519,-0.614,-0.352,1.356,-1.093,-0.215,0.122,0.233,-0.218,1.764,0.583,-0.768,1.33,0.548,-1.768,2.002,1.029,0.304,-1.435,0.012,-1.306,0.379,0.541,-0.849,-0.109,0
1.892,-0.041,0.62,-0.005,-0.019,-2.258,0.644,-0.087,-0.138,1.745,-0.996,-0.308,0.797,1.171,0.63,0.659,-0.132,-2.126,-0.462,1.236,0.616,0.136,1.293,0.735,-1.165,0.812,-1.475,0.383,0.686,0.98,0
-1.222,-0.495,0.178,-1.481,-1.101,1.102,-0.968,-0.268,-2.37,-0.845,-1.551,0.402,-1.291,-0.329,-0.732,-1.225,0.033,-1.079,0.21,-0.867,0.842,0.116,-1.282,-0.867,-1.032,-0.294,-1.06,0.065,0.774,1.498,1
2.388,1.242,-1.012,0.42,1.531,0.175,-2.132,-0.835,-0.442,-0.02,0.351,1.229,-0.522,0.261,1.958,-0.276,-0.406,-0.506,-0.527,-2.299,0.826,0.686,0.852,0.226,0.067,0.818,-0.602,0.1,-0.065,0.551,1
1.217,0.725,1.256,-0.434,2.206,-2.422,1.504,0.689,-0.112,-1.323,1.158,0.343,-0.309,0.014,-0.478,-0.314,-2.675,-0.676,1.66,0.207,-2.238,-0.613,0.903,-0.26,1.549,0.251,-0.711,-0.102,0.934,0.989,1
-0.693,1.393,1.5,2.123,-1.377,-0.525,-0.028,0.301,0.695,-1.147,0.323,0.815,-1.497,0.965,-0.159,0.057,-0.326,1.236,-0.49,-0.981,1.059,0.487,0.002,1.3,-0.458,0.271,0.204,0.562,0.43,-0.174,0
0.05,0.727,0.638,0.01,-1.005,-0.601,1.039,-0.445,-0.115,1.178,1.929,-0.185,-1.769,-0.014,-0.024,1.42,0.445,-0.121,-1.675,1.26,0.608,0.547,-0.997,-0.465,-0.625,0.171,0.419,0.331,-0.676,-2.402,0
1.072,-0.285,-0.498,1.314,1.421,0.6,1.269,-0.468,0.57,-0.205,-0.586,0.271,0.984,0.548,0.839,0.236,-0.611,-1.254,1.347,-1.619,-0.649,-0.304,-0.857,-0.691,-1.317,-0.029,0.449,-0.88,-0.132,0.657,0
0.717,-1.154,-0.31,-1.007,0.424,-0.604,-1.852,0.536,0.277,0.778,1.81,2.102,0.839,1.36,1.012,-0.998,0.844,-0.011,0.229,0.223,-2.525,-0.678,-0.069,-1.52,1.751,-0.131,-0.767,-0.149,0.881,-1.052,0
0.346,0.355,-0.081,0.25,-0.116,0.524,0.886,-0.488,-0.473,-1.917,-1.611,0.404,-0.901,0.603,1.157,-0.668,0.317,-0.392,1.713,0.976,-1.958,0.243,0.257,-0.003,2.2,2.395,-0.359,-0.538,1.064,-0.761,1
0.143,0.1,-1.278,1.799,-1.684,-1.611,-0.918,-0.634,0.791,-1.201,-0.073,1.587,-0.315,0.31,-2.336,1.048,-1.234,2.039,-0.375,-0.513,-1.953,-0.908,0.267,0.14,-1.316,-0.657,0.545,0.754,0.75,0.164,0
-0.115,-0.944,-0.737,-0.723,0.915,-1.417,0.821,1.651,-0.468,-0.298,-1.2,-0.496,0.49,-0.373,-0.175,1.318,1.818,-0.773,0.38,2.008,-0.403,-0.908,0.721,-0.282,1.608,1.0,-0.485,0.224,-0.016,-0.431,0
-1.711,-1.924,0.43,-0.206,2.679,0.898,1.867,-0.056,-0.379,-1.121,-1.016,0.367,-1.497,-0.526,1.211,0.643,1.307,-0.945,0.936,0.123,0.183,0.277,0.213,-0.346,0.41,-0.865,-0.61,-0.988,-2.191,1.355,1
0.533,1.211,-0.067,0.555,1.623,-0.618,0.498,-0.453,1.476,0.67,-0.16,0.53,-1.933,1.282,0.628,-0.734,-0.551,0.7,0.258,0.498,-1.769,1.659,-1.49,-0.719,0.52,0.691,-2.164,1.056,0.525,-0.943,1
0.094,0.525,-0.318,0.295,-0.46,1.392,0.82,-0.224,-0.268,0.133,-0.054,1.584,-1.317,1.354,-0.313,0.757,-1.444,-0.399,1.65,1.53,-1.009,-0.098,1.667,-0.207,0.195,1.862,-0.753,-0.51,-0.57,0.803,0
-1.099,-0.929,-2.455,0.938,1.715,0.701,-1.036,0.866,1.91,-1.636,-0.496,-0.367,-0.223,0.719,1.266,0.59,2.449,0.463,-0.392,-1.308,1.688,-0.984,-1.237,1.187,-0.118,-1.238,-2.081,-0.257,-0.952,-0.312,1
1.73,-0.244,0.015,1.14,0.515,-0.202,0.291,-0.581,0.459,-0.599,-0.79,-0.023,0.091,-3.098,0.826,-0.029,1.544,1.642,-0.06,1.305,-0.354,0.843,0.028,-1.574,1.198,-0.748,-1.323,-0.814,-0.487,-0.182,1
-1.188,-1.549,-1.981,-0.365,0.84,-0.819,-0.22,-1.529,1.598,-1.152,-0.396,1.243,-0.454,-0.027,-1.088,-0.427,-0.494,0.007,0.341,-0.367,-0.471,-0.648,0.708,-1.139,0.963,-2.073,-0.408,-1.304,0.303,1.053,0
-1.222,-1.329,0.728,-1.278,-0.655,1.822,-0.338,-2.608,-0.224,-1.582,-0.683,-0.384,-0.019,-1.145,0.453,-1.541,-0.388,-0.426,1.411,-0.322,-0.873,0.466,0.292,0.522,-0.773,0.704,-1.819,0.404,0.728,-1.328,1
-0.809,1.301,-1.188,-2.416,1.207,-0.418,-0.65,0.895,-1.846,0.042,0.302,-0.152,-1.001,0.863,-0.511,-1.472,1.217,0.36,-0.724,-0.772,1.008,0.328,-1.01,0.835,-0.224,-0.316,0.264,0.683,-0.44,1.013,1
-1.109,0.528,0.179,0.769,0.467,1.487,-0.188,-1.295,-0.858,0.207,-1.126,-1.58,-0.472,1.054,0.568,-0.734,1.817,-2.416,-1.269,-1.307,-2.409,0.226,-0.156,-1.584,-0.647,0.687,-0.649,0.53,-0.636,0.022,0
-2.177,0.272,0.382,0.608,-0.884,-1.673,-0.25,0.348,-0.494,-1.84,1.396,0.551,-0.33,-0.437,1.176,-0.856,-0.315,-1.293,-0.671,-0.59,0.029,-1.469,-0.165,-0.075,-0.139,0.276,2.282,1.442,1.168,-0.601,1
0.832,-0.623,0.521,0.728,1.788,-0.603,-0.85,0.227,-0.541,0.398,0.7,1.776,1.411,0.919,-0.62,0.673,-0.798,-2.614,-0.657,0.91,-0.784,0.199,-0.293,-0.24,0.143,1.283,2.033,-1.846,0.394,1.894,1
1.009,-1.411,-2.752,-1.217,-0.202,1.71,0.183,1.358,0.457,0.47,-0.701,-1.001,-0.473,0.57,-0.626,-0.452,-0.207,-0.919,-1.133,2.263,0.319,-1.04,0.021,0.313,0.749,0.333,-1.106,-0.165,-0.808,-0.56,0
0.482,1.131,-0.259,-0.412,-0.17,-0.279,2.607,-0.856,-1.39,0.675,-0.004,-0.316,-0.026,0.004,0.532,-0.01,1.222,-0.099,-0.226,0.56,-0.239,-0.636,-1.126,-1.964,0.457,-1.69,1.229,-0.953,-1.513,-0.519,1
0.03,-1.618,-0.027,-0.399,0.93,0.337,-0.031,-0.962,0.506,-1.377,2.024,-0.07,-0.843,-2.233,-0.568,0.228,-1.012,-0.916,-0.124,1.352,-1.837,-0.524,1.371,0.821,-1.261,0.952,-1.303,-1.495,-2.062,-2.007,0
0.712,0.183,0.548,-0.413,0.232,1.162,0.079,-0.512,0.654,-0.528,2.008,1.101,-0.378,-1.032,-0.51,-0.367,0.874,1.36,-0.026,-1.201,-0.944,-1.652,-0.579,0.006,0.475,0.234,0.942,-1.296,-0.095,-0.605,0
-0.936,0.874,1.158,1.039,1.191,-0.587,-1.763,0.364,0.555,-0.411,-0.502,-0.061,1.072,1.628,-0.988,-1.765,0.744,0.188,-0.673,-0.0,0.131,1.348,0.5,-0.297,-0.176,-0.774,-0.377,0.302,-1.315,1.486,0
-0.255,0.943,-0.526,-0.063,-0.336,0.888,0.008,-0.867,1.299,0.282,0.77,0.459,-1.035,-0.642,-1.899,0.973,0.16,0.285,-0.164,-0.134,-1.444,1.644,-0.533,0.108,-1.218,0.295,-0.495,-0.367,-0.702,0.958,1
0.671,-1.604,-0.152,-1.375,-0.822,0.775,-0.46,-1.159,-0.191,-0.434,1.813,-0.596,-0.65,-1.352,0.203,-1.618,-1.346,-0.07,0.37,-0.593,0.401,2.352,0.118,0.482,1.484,2.239,1.27,-1.582,1.542,-1.23,1
1.085,-0.009,-0.926,0.139,-1.606,-0.541,0.867,1.406,2.032,0.227,1.105,0.67,0.059,0.544,0.891,1.746,-1.26,-1.8,0.854,-1.185,0.166,-1.075,0.222,1.15,0.379,-1.878,0.317,0.54,-0.027,-0.158,1
-0.975,0.437,1.173,0.956,-0.895,1.613,-0.106,0.237,-0.662,0.814,-0.405,0.656,-0.733,0.767,1.01,-0.324,0.062,-0.973,-2.23,0.568,1.067,-0.232,-0.234,0.662,-0.103,-0.338,1.156,-1.079,-0.806,0.581,1
0.669,0.486,-0.773,1.801,-1.299,1.458,0.265,-1.174,-0.837,-0.802,1.0,-0.661,-0.29,0.841,-0.915,-0.014,-0.501,0.811,0.183,0.411,0.005,1.409,-0.248,-0.813,-0.165,1.614,0.439,-0.774,-0.33,0.128,1
-0.167,2.047,-1.374,1.34,-0.286,-0.711,0.38,-0.205,-0.083,1.966,-1.142,0.498,0.443,-0.563,0.89,1.193,-2.457,-0.327,1.988,0.099,1.015,0.542,-1.021,-0.735,-0.775,-0.418,-0.037,-0.666,-2.142,-0.384,0
0.156,0.079,0.896,-0.992,0.249,-0.881,0.087,0.289,0.058,-0.064,0.607,-0.955,-0.47,0.891,0.573,0.64,1.871,0.013,-0.516,-1.05,-1.487,0.315,-1.272,0.239,0.399,-3.583,1.833,-0.79,0.56,0.872,1
0.676,2.15,0.066,-0.366,1.578,0.877,-0.819,0.613,-0.594,-2.285,-0.574,-0.964,0.128,-0.326,-0.725,-0.371,0.734,-0.107,-1.2,0.625,0.022,1.92,1.305,-0.256,-1.849,0.214,-0.581,-0.084,0.678,0.404,1
0.33,0.581,-0.012,2.34,-0.227,-0.356,-0.124,-0.825,-0.19,-1.093,1.205,1.155,0.745,0.346,-0.12,1.448,0.361,-1.476,0.362,-1.262,-1.562,0.396,-0.434,1.35,0.772,0.22,0.232,1.185,0.74,0.051,0
-0.009,-1.406,-0.195,0.552,1.264,0.519,1.075,0.693,-0.227,-0.826,-0.612,0.605,0.993,-0.513,-0.332,-0.79,-0.51,-0.982,-0.355,-0.627,-0.159,-0.039,-0.013,0.377,-0.641,-1.272,0.917,2.556,1.215,-0.563,1
-0.371,-0.204,0.263,0.388,2.145,-0.225,-0.546,-0.231,-1.212,0.679,1.207,-0.426,-0.276,0.097,-0.636,1.119,-0.255,-0.1,0.854,0.242,-0.329,-0.459,-0.65,0.384,-0.182,0.27,-0.885,1.695,-0.231,0.083,1
0.547,-0.541,-1.102,0.501,1.487,-1.115,0.156,0.093,0.634,0.027,0.474,-1.129,0.093,0.144,-0.484,-0.513,1.335,0.387,0.993,0.125,0.741,0.077,0.293,0.031,2.269,-0.075,1.215,0.498,-1.137,2.118,0
-1.045,-1.275,0.872,-0.477,2.284,-1.448,-0.379,-0.469,0.415,-0.25,0.272,1.797,-1.602,-1.631,0.087,-1.47,1.682,0.458,-0.591,0.385,0.65,-1.022,0.428,0.207,-1.8,0.002,0.129,-1.099,-0.145,-0.792,1
1.086,1.688,1.057,-0.88,-0.767,1.239,-1.212,-0.16,-0.216,-0.476,0.322,2.148,1.057,-0.473,-1.259,0.24,-0.496,-0.779,0.095,-2.509,0.272,-0.532,-0.556,-0.953,-0.154,-0.471,-0.687,1.029,0.108,-0.57,0
1.528,-0.382,0.051,0.111,-0.43,1.461,0.912,-0.337,-0.257,-0.803,-1.862,-1.493,-0.901,0.263,1.59,0.456,0.781,0.247,-0.569,1.193,-0.853,-0.932,1.65,0.321,0.696,0.353,-1.405,-0.032,-0.598,0.193,0
-0.277,1.796,0.218,-0.108,-1.257,-0.65,-0.157,0.208,0.733,2.177,-0.485,1.089,1.251,-0.08,-0.56,0.668,-0.183,0.739,0.132,-0.893,0.126,1.666,-0.449,0.598,-1.594,0.754,-1.042,0.479,0.89,0.129,1
-0.792,-0.528,1.322,1.001,-1.288,-1.339,0.207,0.684,1.76,0.123,0.114,0.895,-0.209,1.323,0.5,-2.051,0.152,-2.922,-1.107,-0.109,1.012,-0.587,2.017,1.153,1.521,0.927,-0.364,0.595,1.198,-0.378,0
-0.051,2.006,-0.241,0.445,-1.257,-0.029,0.384,-0.452,-0.209,1.081,-0.277,1.672,0.538,0.915,2.661,0.069,0.079,-0.806,0.565,-0.853,-0.367,-1.156,-0.245,0.061,0.11,-0.26,-0.427,0.255,0.33,0.865,0
1.018,-0.739,0.942,0.936,0.867,1.251,-1.206,1.604,0.073,0.065,-0.527,-0.296,0.061,-0.17,1.303,-0.487,0.704,0.494,-1.779,1.328,-1.355,0.55,-1.203,-0.345,-1.637,-1.084,-2.043,-1.532,0.296,0.676,0
-2.11,1.634,-1.466,1.723,0.863,-0.323,0.851,-0.833,-0.392,-1.723,0.489,0.914,0.589,0.201,-2.745,1.067,-1.413,-0.17,0.548,1.608,-0.301,-0.292,-0.461,-1.949,-0.344,-0.557,0.372,0.771,1.594,0.108,1
-0.396,-1.399,1.33,0.303,0.719,1.909,1.154,-1.895,0.913,-0.168,-1.676,-0.091,-1.541,-1.271,0.483,0.178,-1.709,0.352,0.748,0.518,1.235,-0.19,-1.484,-2.017,-0.53,-0.437,-0.5,-1.752,0.104,2.013,1
1.47,1.476,-0.284,0.009,-1.62,-0.709,0.243,0.191,-0.166,-0.746,0.918,-0.444,1.249,-1.102,-0.139,-0.898,-0.5,1.773,-1.037,0.94,1.854,-0.019,1.036,-0.117,-0.604,0.222,1.102,-0.009,-1.207,0.43,0
-1.047,-0.889,0.46,-0.318,0.523,-0.39,0.033,-0.925,1.082,1.122,-0.693,1.809,-0.773,1.817,-0.169,0.184,-0.283,-0.857,-0.981,0.532,-0.786,-1.309,-1.091,0.366,-0.684,0.877,-1.392,0.44,-0.142,-0.834,0
-0.408,1.505,-1.218,2.305,-0.315,0.675,0.8,2.892,-0.531,-0.151,-0.226,0.155,-1.114,0.67,-0.392,-0.713,0.385,-0.656,1.311,2.449,-0.073,-0.396,1.958,0.28,0.524,1.156,1.618,0.353,-0.251,0.583,1
0.881,-0.485,-0.411,-0.014,-0.482,-0.463,-0.474,0.176,-0.792,-0.262,1.427,-0.244,0.635,-0.581,-0.096,-0.55,-1.871,0.725,0.791,0.932,0.477,2.142,-0.18,-0.032,-2.17,1.768,-0.275,-1.938,0.901,0.622,1
1.048,-0.491,1.241,-0.048,-1.55,-0.38,-0.14,2.442,1.01,-0.357,-0.592,0.907,0.918,0.408,2.473,0.592,1.197,-1.45,0.547,0.536,0.463,-1.363,2.196,0.3,-0.155,1.724,0.07,0.123,1.221,-0.781,0
-0.242,1.358,-1.565,-0.955,-0.495,-0.074,-2.288,0.483,-0.513,0.654,0.469,0.595,-0.231,-0.026,1.025,-0.126,-1.439,-0.036,1.218,-0.266,-0.183,0.445,0.659,-0.029,-1.006,1.985,-1.705,1.254,-0.593,-0.001,0
-0.025,2.117,0.606,-0.338,-2.194,-0.116,1.157,0.164,0.357,-0.829,0.296,1.345,-0.379,-0.991,-0.711,0.989,1.445,0.421,0.188,0.238,-0.818,-0.732,-0.537,0.346,0.553,-0.097,0.507,1.201,0.25,-1.179,1
0.605,0.619,1.37,-0.873,-0.88,-0.833,-2.385,-2.022,0.653,-0.101,-0.626,0.476,-1.367,-0.168,-0.821,-1.453,-0.194,-1.247,0.547,-0.782,2.05,0.502,-0.396,0.275,1.326,0.039,-2.755,0.41,0.532,0.702,0
-0.06,1.132,0.811,0.523,-0.511,0.151,-1.823,0.072,-1.026,-0.181,0.222,-1.014,-0.75,1.084,0.253,-0.004,-0.387,0.772,-0.157,-1.723,0.176,0.337,0.102,0.218,0.153,-0.328,0.084,-1.271,-0.164,-1.54,0
-0.522,0.738,0.918,-1.442,0.255,-0.677,0.233,0.184,-0.993,1.514,-0.187,-1.363,-0.799,-2.125,-0.846,-0.791,-1.023,0.191,-0.18,-2.392,1.398,0.244,0.704,0.614,-0.879,-0.491,-0.202,0.078,-1.554,-0.632,0
-0.464,-1.246,0.75,-0.521,0.074,0.191,0.186,-0.731,0.79,-0.831,0.952,-1.471,-0.478,-0.161,0.686,-0.098,0.808,-0.575,-0.229,-3.028,1.175,1.691,-0.861,0.092,-1.376,1.88,0.245,-0.548,0.488,-0.173,1
-1.229,-1.303,0.207,-1.921,-0.63,1.095,0.083,2.377,1.491,1.049,0.489,-1.133,-0.98,-2.0,-0.081,-2.101,1.392,0.776,0.334,0.439,0.268,0.918,-0.429,-0.645,-0.09,0.918,0.09,0.825,0.552,-0.118,1
0.963,1.631,0.721,-0.818,1.217,-1.562,-0.547,-1.631,0.13,0.328,-1.023,0.189,-1.32,-2.102,-0.785,-1.573,-0.993,-0.124,1.643,0.238,0.23,1.243,-1.429,-0.019,-0.61,0.233,-0.143,1.459,0.388,1.49,1
-0.015,-1.502,-0.43,1.198,1.041,-0.191,0.318,0.352,-1.551,0.857,-0.27,1.071,-0.516,-1.282,-1.019,-1.006,1.253,0.328,-0.773,1.13,0.181,1.246,0.377,-0.125,0.132,0.034,-0.18,1.163,-0.522,-0.949,1
0.739,-0.562,-0.644,0.977,-0.039,-1.466,0.288,-0.982,-0.152,-0.298,0.792,-0.431,0.527,0.169,-0.789,0.384,-0.284,0.037,0.217,-0.569,0.732,1.516,1.511,0.318,-2.066,0.041,-1.583,1.028,1.456,0.633,0
0.104,0.444,-0.25,0.665,0.5,-0.483,1.828,-1.0,-1.002,0.062,2.731,0.094,-0.497,1.061,-0.418,0.156,1.514,1.576,-0.026,-0.736,0.003,0.315,-2.492,-0.69,0.363,0.327,1.163,1.414,0.188,-0.226,1
-1.019,0.888,1.017,0.423,0.199,0.804,0.638,-1.158,-2.131,0.546,0.884,-0.922,1.173,0.582,-2.129,-1.22,0.183,0.356,1.156,0.025,-1.402,0.057,0.689,-0.634,-1.204,-0.924,-0.05,0.223,-0.568,0.49,1
-1.229,0.029,-0.499,0.387,-0.139,0.614,-0.575,0.712,-1.699,0.221,0.22,0.824,-1.765,1.603,0.908,-1.193,0.929,-1.858,-0.479,-0.389,-0.029,-0.467,0.897,1.044,-0.165,0.477,-0.851,0.849,-0.159,1.903,1
-0.976,1.122,-1.201,1.017,0.28,-0.484,-1.814,1.331,-0.46,0.601,0.255,0.264,0.352,0.618,0.05,0.364,0.351,-0.092,2.059,0.366,-2.019,0.164,-0.199,-0.453,0.874,-0.061,-0.757,0.299,0.987,0.109,0
0.704,-0.15,0.248,-0.409,1.08,0.497,-0.566,-1.206,-0.372,-1.455,-0.058,-0.446,-0.44,-0.172,1.696,0.148,1.75,0.561,0.617,-0.127,0.834,-1.839,-1.966,0.562,-0.724,-1.309,2.389,1.324,-0.896,-0.424,1
-0.369,-1.358,-1.385,-0.291,0.796,-0.871,0.247,-0.03,-0.285,-0.675,-1.657,0.153,-1.655,-0.365,0.658,-0.073,-0.68,0.657,0.822,-0.939,1.483,0.27,-0.103,0.51,0.805,1.509,-0.705,1.339,0.077,1.652,0
0.456,-1.27,-1.084,-0.021,0.045,-0.355,0.579,0.588,1.591,-0.912,0.039,0.382,-1.536,-0.675,0.478,-0.31,-0.446,-0.113,0.136,0.208,-0.809,-2.649,-0.877,-0.309,-1.607,0.432,0.073,-0.067,-1.759,-0.504,0
0.121,-2.032,-1.582,-0.315,0.194,-0.2,1.749,0.997,-1.534,-0.44,1.389,-0.34,0.264,0.697,0.653,0.755,1.578,0.871,0.976,1.084,1.436,-0.23,-1.476,0.914,-0.762,0.001,0.058,1.087,0.015,0.663,0
-1.24,-1.028,-0.13,-1.648,-0.297,1.155,0.958,-0.23,0.838,-0.262,2.154,0.745,1.004,0.17,-1.037,0.385,-0.689,0.789,0.545,0.198,-1.955,0.656,0.6,-0.26,-1.344,0.041,0.4,-0.153,0.217,1.447,1
-0.729,-0.554,0.347,-0.742,0.502,-0.14,-1.216,0.518,1.979,-0.7,0.177,-1.292,-0.165,-0.788,0.587,0.083,0.585,1.081,-0.3,0.076,-0.002,0.235,1.108,1.105,-0.514,-0.982,0.088,0.464,0.751,2.451,0
-0.207,-0.718,0.086,-0.428,-1.212,0.147,-0.931,-0.781,-0.21,-0.941,-1.177,1.795,-2.321,-2.07,1.313,0.843,-0.491,-0.047,-0.935,-0.133,0.451,-1.543,-0.227,-0.343,0.52,-0.119,0.219,0.177,0.668,0.816,0
-0.715,-1.037,1.129,-0.649,-0.498,0.434,1.436,-0.767,-2.095,0.213,0.55,-0.205,-0.609,1.172,-0.533,1.696,-1.932,1.431,-0.492,1.412,-2.087,2.694,-0.207,0.167,-0.331,1.567,-0.48,-0.978,0.015,0.618,0
0.746,-0.858,-1.714,0.175,0.334,-0.439,-0.444,-0.649,-0.732,-0.23,0.62,-0.759,0.578,-1.358,-0.192,0.382,-0.661,0.609,1.472,-0.805,1.074,-0.738,-0.215,0.433,-1.343,-2.293,-1.157,0.23,-2.03,-0.464,1
-1.397,-0.126,-0.663,-1.326,-0.681,0.499,-0.063,0.72,-0.986,0.124,0.015,-0.142,0.105,0.295,1.92,-0.233,0.497,-2.169,2.321,-0.209,0.87,-0.948,0.63,0.378,0.866,0.163,0.73,-0.459,0.216,-1.306,1
0.133,0.044,-1.376,-1.126,-0.012,1.254,-0.542,0.852,-0.674,-0.747,-2.33,0.808,-0.939,-0.085,1.114,0.24,0.061,0.486,-0.291,-0.01,2.179,1.531,-0.259,0.97,-0.815,-0.741,1.061,-1.321,-0.023,1.249,1
0.083,-0.17,-2.127,0.659,2.138,0.831,-0.3,0.867,-0.228,-0.306,-0.82,-2.223,2.203,0.261,-0.134,0.394,0.731,-0.488,-1.838,1.114,1.609,-0.518,-1.69,-0.397,0.692,-0.087,0.851,-0.149,0.24,-0.693,1
-0.516,-1.121,1.855,0.983,-0.772,-0.054,-0.035,-0.66,-0.099,-0.82,-1.544,-1.834,-0.737,-0.002,0.154,0.469,-0.38,0.642,1.012,-0.653,1.159,0.806,-0.835,0.452,0.08,-0.151,0.658,0.221,1.174,-1.056,0
-0.421,1.2,-0.822,-0.071,-0.543,-0.661,-1.276,-0.85,1.647,-0.025,0.537,-0.186,0.968,0.393,0.163,-0.897,-1.483,1.229,1.526,-0.787,0.086,1.986,-0.41,-0.12,1.179,-0.308,0.286,1.244,-0.047,-1.621,1
0.722,-0.165,0.48,-0.628,-1.048,-1.176,-0.048,1.636,0.319,0.72,0.83,-0.986,-1.819,-0.704,-0.84,-0.241,-0.891,-0.112,-0.18,-1.404,-0.09,-1.834,0.623,-0.194,-0.403,-0.932,-1.586,0.792,1.268,1.109,0
-2.116,2.546,0.161,-0.831,1.063,-0.085,0.898,1.831,-1.645,-0.543,1.658,1.306,-0.388,0.56,-1.305,0.001,1.022,1.207,-0.617,-0.092,-1.651,-0.075,-2.131,0.434,-3.376,-0.13,0.274,1.733,-0.775,1.637,1
0.655,-1.066,1.048,-0.42,1.082,0.208,-1.554,-1.091,-0.895,-0.524,2.251,0.042,-0.309,-1.078,0.639,1.228,2.238,1.71,0.454,-1.55,-1.901,-1.776,-0.853,-0.393,-1.225,0.194,0.998,-1.746,0.176,3.15,0
-0.212,1.362,-1.342,0.121,-0.21,-0.096,0.598,-0.592,-0.833,-0.328,2.144,-1.685,1.05,0.019,0.966,1.149,-2.507,0.142,0.585,0.217,0.043,0.83,0.029,-1.255,-0.132,0.031,0.728,1.057,0.812,0.843,1
-0.655,-0.444,0.741,-0.846,0.08,-0.571,-0.773,-1.034,1.225,-0.885,0.346,-2.179,0.297,0.288,0.861,-0.309,-0.382,-0.01,-1.507,1.606,1.154,-0.978,0.945,-0.192,1.157,-0.683,-2.286,0.849,0.744,-0.618,1
-0.307,0.751,0.755,0.578,-0.021,-0.392,-0.006,0.992,2.392,0.652,-1.19,0.816,-0.139,0.933,-0.487,0.247,0.745,0.318,0.453,-0.289,1.385,-1.245,-1.611,-0.374,0.005,-0.158,0.784,0.224,-1.083,0.457,1
-0.823,1.266,1.594,0.584,0.789,-0.381,-0.822,-0.894,-0.863,0.041,-0.124,1.256,-0.893,-0.586,0.129,0.397,0.274,-0.102,-0.001,-0.033,-0.091,0.412,0.202,-0.805,1.302,2.14,-0.693,1.07,-0.104,-1.396,1
0.275,-0.262,1.946,-1.489,-1.019,0.987,-0.397,-0.587,0.678,-1.32,-0.327,-0.945,1.683,-0.99,0.398,0.58,-0.36,1.917,-0.105,-0.267,0.115,-0.781,1.581,-0.11,1.016,-0.748,-0.438,-1.523,-0.307,-0.696,0
0.667,-1.583,-0.535,0.109,0.507,-0.32,2.44,-1.192,1.09,-1.536,0.588,1.525,-1.099,-0.052,0.002,0.945,-0.407,-0.688,-0.411,0.828,-0.565,1.833,-0.66,1.479,-0.673,-1.562,-0.129,2.559,0.054,2.45,1
0.078,-0.428,0.751,0.698,1.081,0.642,-0.248,-0.959,0.486,0.682,-2.16,-1.785,0.39,0.652,0.244,0.761,0.775,-2.003,-1.317,1.551,0.342,0.25,0.168,-0.353,-0.003,0.433,-0.251,-1.155,0.955,-1.117,1
0.811,0.495,-0.176,-1.119,-0.48,0.053,-0.485,-0.669,-0.858,1.11,1.864,-1.105,-0.682,0.116,1.328,-0.339,0.632,-0.143,0.467,1.248,1.461,1.613,0.501,-1.907,-0.658,0.326,-0.862,-0.422,-0.627,0.584,0
-0.701,-0.469,-0.703,-1.322,-0.057,0.37,-0.63,-0.773,-2.238,-0.984,-0.023,-0.007,0.239,-0.352,1.56,0.089,-0.211,-0.161,-0.02,0.516,1.17,0.642,0.96,0.141,0.1,-1.401,-0.633,-1.217,1.557,-1.283,1
0.592,-1.025,0.421,0.934,0.68,0.85,-1.161,-0.038,1.637,-0.058,1.428,-2.157,-0.155,-0.162,-1.053,1.202,0.161,-0.995,-1.563,-0.634,1.56,-1.242,-0.292,0.412,-0.502,0.692,-2.184,0.443,-0.899,1.465,1
0.738,-0.134,0.237,1.102,0.99,0.693,0.199,0.815,0.209,0.82,1.883,1.16,-0.529,0.619,-1.943,-0.154,1.198,0.209,1.303,0.904,-1.453,0.093,1.232,-0.326,0.488,0.116,-0.01,-1.232,1.706,-0.993,1
0.133,0.067,0.398,-0.145,0.362,0.226,-0.923,-0.847,-1.453,-0.19,-0.347,1.331,-0.872,1.012,-0.33,-0.096,0.958,1.772,0.386,-1.179,-0.881,-0.452,0.178,-1.254,-1.411,-1.266,0.742,0.314,-0.718,0.432,0
-0.752,0.587,0.162,0.312,0.926,-0.295,-2.039,-1.322,-0.822,1.726,1.017,0.366,-0.769,-0.633,0.712,-0.305,-0.531,1.063,0.931,0.429,0.356,-0.777,0.385,0.589,1.364,0.435,-0.111,-0.344,-0.13,-0.158,1
1.489,-0.587,-0.406,-0.793,-1.071,-1.157,-0.445,-0.888,0.046,-0.476,-0.83,-1.362,1.596,0.054,-0.341,-1.512,-0.016,-0.786,0.783,0.903,-0.422,0.382,-0.336,-0.154,1.596,0.666,1.233,-0.709,-0.8,-1.539,1
1.206,-0.237,-0.904,-0.975,-1.633,-0.357,-0.249,-1.458,-2.251,0.827,-0.032,-0.382,0.103,0.33,0.586,-0.572,0.659,2.424,0.975,0.342,1.085,0.05,-0.09,-0.169,-0.041,0.66,-0.652,-0.853,-0.254,1.563,1
-0.12,0.179,-0.634,0.3,0.477,0.089,-0.492,-1.231,0.07,-2.209,-0.341,-0.492,1.378,0.617,-0.046,0.074,-0.38,-0.94,1.228,0.304,0.926,-1.368,-1.929,-0.38,-1.878,0.312,0.185,-0.783,1.952,-1.448,1
1.651,2.066,0.766,0.416,0.226,-0.418,-0.013,-0.663,1.806,-0.471,-0.593,0.226,-1.112,-0.201,-1.183,-2.063,-1.633,1.554,0.493,-2.08,-0.492,1.3,-0.201,0.055,-1.211,1.24,1.049,0.161,-1.349,1.149,1
-0.133,0.394,1.076,0.45,-0.295,-0.325,0.238,1.334,0.044,-0.687,-0.553,0.565,1.105,1.183,0.075,0.561,-1.017,-1.508,0.039,-0.587,0.017,-0.44,-0.387,1.176,-0.365,1.062,0.131,-1.118,0.564,1.33,0
1.273,0.194,-0.113,-0.541,0.447,-1.28,1.044,1.502,-2.452,-1.078,-0.522,0.025,2.021,-0.585,0.011,-0.009,1.058,-0.487,0.129,0.596,-0.714,-0.412,-0.913,0.798,1.125,0.01,0.135,0.267,2.174,-1.372,0
-1.297,-0.842,-0.092,-1.423,0.595,0.953,0.129,2.215,-0.574,0.452,-0.507,-0.521,-0.395,-0.553,-1.842,-1.331,-0.204,0.593,-0.0,-0.165,0.246,1.934,1.697,0.172,1.002,-0.147,1.38,2.462,-1.582,0.317,1
-0.785,-0.041,1.501,-0.132,-0.481,-1.256,0.331,-0.478,-0.833,-2.226,-0.378,-0.131,-0.05,1.001,-0.068,-0.53,-0.368,-0.014,-0.688,0.188,-0.967,1.315,-1.8,0.124,1.037,1.032,-0.407,-0.705,-0.677,-0.205,0
0.688,0.129,-1.181,0.68,-0.149,0.566,-0.874,0.345,-0.025,0.849,-0.316,1.01,-0.418,0.001,-0.933,-2.948,1.728,-0.495,0.462,0.578,-0.973,1.955,-0.403,0.936,0.339,-0.75,0.684,0.823,-0.574,0.315,1
-1.803,0.256,-0.58,0.087,0.431,0.198,-0.842,2.074,1.316,0.967,0.967,0.128,1.557,-0.164,0.127,0.629,0.49,-2.092,0.508,-0.494,0.088,1.793,0.501,-0.851,-0.673,0.034,-0.398,-0.948,0.882,0.842,1
0.561,-0.747,-0.802,0.876,-0.608,0.691,3.034,0.067,-0.395,-0.933,0.462,0.145,-0.229,0.239,0.963,0.856,0.416,2.266,-1.52,-1.568,-0.996,0.506,0.659,-0.248,-0.737,0.121,1.655,0.147,-0.436,0.207,0
-0.03,-0.52,0.358,1.189,0.367,0.929,0.405,-0.015,0.101,-0.824,-0.593,-0.925,0.14,0.559,-0.34,-2.759,-1.383,1.115,0.293,-0.167,-0.273,-2.125,1.293,0.481,1.189,0.686,0.993,0.4,-0.492,-0.573,0
-0.605,0.665,-0.443,0.068,0.447,0.656,-0.562,1.645,0.826,-0.141,-0.159,-1.34,1.036,0.941,-0.689,-0.304,-0.265,0.122,0.433,0.055,0.312,0.14,-1.041,-1.569,1.363,1.292,-1.434,-0.51,-1.07,-1.201,0
1.825,-0.264,-0.737,-1.477,0.099,-0.237,1.464,-0.565,0.294,-0.351,0.476,1.412,-1.407,1.014,-1.693,1.96,1.081,0.784,-1.337,-0.733,-0.009,0.404,2.109,0.987,-1.541,-0.862,-1.001,0.49,-0.638,-0.83,1
0.452,-0.451,0.681,0.738,-0.147,-0.284,-0.808,-0.437,0.099,0.336,-0.086,-1.239,-1.091,0.752,1.704,-0.259,-0.189,0.77,0.214,0.014,-1.044,-0.71,0.791,0.21,0.162,-1.081,0.231,-0.9,0.062,0.071,0
2.192,-1.594,0.514,-0.374,0.479,0.243,-2.263,-2.612,0.807,-0.005,0.008,-0.389,1.492,0.714,1.0,-0.718,-0.354,1.366,1.55,2.846,3.222,1.197,0.947,-1.365,1.795,0.005,0.726,0.461,-0.142,-0.522,1
-2.77,-1.745,1.014,-1.269,-0.18,0.281,-1.22,1.436,-1.344,-0.81,-1.077,-1.013,-1.552,-0.315,1.195,2.284,-0.514,0.626,2.442,-0.252,-0.722,-0.308,1.187,-1.142,0.431,-0.056,-0.312,0.503,0.059,0.758,0
0.19,0.53,-1.037,-0.959,0.895,0.452,-0.911,0.732,0.365,0.94,-0.179,-0.547,-0.903,-0.149,0.066,-1.296,0.52,-0.405,-0.241,-1.07,-1.212,0.565,0.283,0.349,-1.683,0.097,1.245,0.33,-0.248,-0.325,1
0.686,1.662,1.285,-1.637,-0.399,1.128,1.335,0.624,0.128,-0.505,0.396,-1.34,0.471,0.917,0.307,-0.155,0.509,0.806,1.133,1.625,0.904,0.623,-0.664,0.294,1.066,0.494,-0.024,0.253,0.312,-0.541,0
-0.403,0.793,-0.624,0.3,0.437,-0.023,-1.005,0.212,1.695,0.513,-1.008,0.208,-0.137,-1.12,0.856,-0.239,0.368,-0.216,-0.722,-0.923,-0.732,0.569,0.291,-1.712,-0.951,-0.179,1.258,1.396,0.926,-0.127,1
0.256,0.208,-0.425,-0.172,1.005,-0.653,0.179,-0.045,-1.504,0.796,-0.326,-0.61,0.898,1.004,-0.319,-0.364,1.872,2.391,-0.03,0.523,1.31,-1.172,1.051,-0.154,0.309,1.149,-1.729,-0.204,-0.517,0.679,0
-2.163,-0.37,-1.18,-0.934,-1.778,0.319,1.007,-1.41,0.89,2.384,-0.669,0.141,-0.521,0.066,1.396,-1.423,0.649,2.486,-1.403,-0.574,-0.414,-1.551,-0.051,-0.512,-0.959,-1.929,1.192,1.038,-0.93,1.582,1
-0.541,-1.634,0.208,-0.392,0.531,-0.11,0.587,0.103,1.78,0.389,-1.41,-0.076,-0.886,-0.184,0.362,0.439,-1.196,0.806,-0.864,-0.292,0.286,-0.121,-0.405,-0.877,-1.224,2.63,0.217,-0.715,0.351,-0.961,1
-1.602,-1.584,0.472,0.367,-0.434,-0.035,0.757,0.261,-0.932,-0.988,1.047,-1.107,0.632,0.152,0.803,-0.4,2.035,-0.483,0.284,-0.619,-1.212,0.553,0.84,1.495,-0.952,-1.37,1.614,0.878,0.063,-1.349,1
-1.155,1.22,-1.553,-0.783,1.248,-1.279,-0.462,-0.118,2.459,-0.538,-2.218,1.303,1.261,-1.285,-2.25,-0.411,0.679,0.299,1.203,1.606,0.347,-0.291,2.349,-1.327,-1.392,0.258,-0.449,0.911,0.831,-1.145,0
0.073,2.2,0.316,0.187,-0.404,1.974,0.198,-1.026,-0.275,0.194,-0.017,0.233,0.15,-0.642,-0.119,-0.206,0.042,-0.96,1.377,0.492,-1.758,-0.045,1.531,-0.977,-1.313,1.344,-1.424,-1.709,-0.088,-0.166,0
-0.228,0.349,-0.661,0.581,0.056,0.269,0.137,-0.536,-1.121,0.51,-0.073,-0.935,0.416,-0.733,-0.961,-0.782,0.174,0.393,-0.508,-0.13,-0.329,0.171,0.825,0.249,0.065,-1.483,-0.29,0.931,-0.306,-0.555,1
0.488,0.037,-0.175,-1.167,-1.834,1.275,1.902,-0.398,1.639,0.173,0.553,-1.174,0.623,1.967,2.263,1.175,1.49,2.295,1.309,1.993,0.115,0.427,2.054,0.797,-0.766,1.003,0.455,0.09,-0.676,-0.488,0
0.269,-0.647,-0.31,0.665,-0.176,0.464,0.858,-0.994,0.443,-1.021,1.214,-1.17,-0.097,-0.66,-1.527,0.317,0.248,2.863,-0.415,0.589,0.886,-1.341,-0.337,0.4,-0.313,-0.166,0.544,0.934,0.494,0.334,1
0.525,-1.334,-0.497,0.682,1.209,0.071,0.448,0.071,-0.491,-0.625,1.39,0.88,0.833,1.597,0.219,1.046,0.005,-0.577,1.226,1.566,1.037,0.865,-0.055,-0.883,0.615,-1.879,1.046,-0.094,-0.5,0.737,0
-1.022,-1.987,-0.713,0.964,-1.454,0.881,0.809,-0.208,0.829,0.344,0.245,0.637,-0.529,-2.283,-0.691,0.401,-0.46,-0.603,1.282,0.191,-1.908,0.373,0.263,0.161,1.002,-0.716,-0.453,0.073,0.743,0.562,0
-0.483,-1.681,-1.643,-1.05,0.629,-0.597,-0.228,-0.883,-0.054,-1.838,-2.538,-0.978,0.687,-0.207,-0.672,-0.482,-1.584,-1.876,0.853,1.696,0.209,0.191,-0.969,0.498,0.869,1.651,-0.236,1.56,0.734,1.011,0
0.741,1.398,-1.425,3.503,-1.317,0.248,-1.69,-0.088,-0.467,1.238,1.822,-0.315,-0.002,0.719,-0.44,-1.512,0.94,-0.884,0.414,-0.012,-1.916,-0.784,-0.7,1.554,1.562,-0.059,1.158,-1.196,1.171,-0.126,1
1.534,-0.647,-0.005,-0.779,1.461,2.583,0.447,-0.826,1.224,0.609,0.435,0.717,-0.212,0.4,-1.046,0.858,0.165,1.535,0.824,-2.022,-1.093,-0.318,0.575,-1.273,-1.272,0.629,0.423,-0.544,-0.319,-1.546,0
0.997,0.801,0.116,0.54,-0.147,-0.047,-1.485,-0.521,0.834,-0.761,2.17,0.463,0.078,-0.645,0.401,-1.129,-0.306,0.4,-0.584,-0.63,0.398,0.517,-0.29,0.836,0.823,1.059,-0.185,-1.461,-1.049,1.509,1
0.577,0.732,0.326,0.822,-1.051,0.046,0.333,-1.092,0.498,-1.355,-1.301,0.645,-2.529,0.055,2.052,-0.448,1.1,-0.91,0.776,1.521,-0.849,-0.435,0.801,0.004,-0.032,-0.059,-0.342,0.441,-0.729,-1.226,0
-2.595,-0.403,-0.868,-0.638,-1.463,0.013,0.099,0.523,-0.053,-0.781,0.188,1.903,-0.365,0.697,0.495,-0.26,-0.33,-1.339,0.354,-0.554,0.035,-0.556,0.516,0.532,-0.465,-1.204,0.923,0.154,-0.197,-1.053,0
0.155,1.329,-0.021,0.905,1.893,-1.029,1.454,0.677,1.241,0.633,0.559,-1.609,0.025,1.204,1.835,0.352,0.033,-2.276,0.251,0.474,0.577,-0.29,-1.074,-2.245,-0.076,1.047,-1.332,-1.178,-1.198,-1.43,1
0.34,1.624,1.106,0.406,0.816,0.416,-0.065,-0.123,-0.584,0.661,-0.99,-0.694,0.842,-0.254,0.639,1.358,-1.105,-0.736,-0.552,1.131,-0.054,-0.655,1.493,0.785,0.288,2.467,1.058,2.418,1.558,0.07,1
0.081,0.514,0.159,-0.299,-0.64,0.787,-0.301,0.533,0.858,-0.237,-1.094,0.248,1.158,-0.914,0.29,-1.364,-0.173,0.452,-0.672,-0.468,0.538,-1.195,-0.193,0.594,0.908,0.62,-2.595,1.419,0.416,1.011,0
0.606,-1.232,0.938,-1.921,-1.59,-1.433,1.84,-1.577,-0.112,0.87,-0.337,0.015,-2.851,0.228,0.777,0.093,0.606,1.764,1.303,-0.481,0.275,-0.204,-0.76,0.869,-0.515,0.959,0.232,1.634,-0.07,0.715,0
-0.932,0.088,0.139,0.147,-0.237,-1.675,1.096,0.582,-0.659,-0.477,0.843,0.19,-1.569,0.434,1.018,0.512,-0.604,-1.404,0.556,-1.513,-0.246,-0.623,-2.017,0.056,0.887,0.566,0.527,0.182,0.324,-0.718,1
-1.634,0.335,0.808,0.333,2.424,0.886,-3.867,-0.03,0.372,-0.702,0.269,-0.279,0.908,-2.235,0.555,1.034,-0.366,0.667,0.07,1.889,-0.176,0.417,-1.763,-1.166,-0.351,1.629,-1.101,2.299,-0.564,-0.699,0
0.443,-0.346,1.614,-1.317,0.627,1.887,-1.407,0.885,1.185,0.642,-1.986,2.013,0.442,-0.647,0.054,-1.093,-0.346,0.375,0.019,0.429,-1.159,0.962,-0.78,1.42,-0.971,-2.111,-0.314,-2.249,-0.471,-0.155,1
-0.277,0.389,1.546,-0.507,-0.605,-1.124,0.54,-0.897,0.473,0.264,0.063,1.411,-0.788,1.46,0.14,-1.11,1.252,-0.287,-0.436,0.713,1.762,-1.13,-1.255,0.272,-0.378,0.263,-0.158,-0.503,0.001,0.167,1
-1.324,1.519,1.49,0.251,-0.614,-1.17,-0.344,0.587,-1.581,-0.028,1.148,0.393,1.481,-1.759,-0.389,-0.648,0.794,0.351,0.978,0.863,-1.529,0.306,-0.444,0.964,-1.266,1.256,2.92,-0.302,-0.559,-1.612,1
-0.685,-1.207,-1.157,0.755,1.51,0.374,0.672,-0.53,0.53,0.066,-0.749,-0.81,0.299,1.883,-0.942,0.272,-0.799,-0.082,-1.092,0.354,-0.317,0.901,0.157,-1.731,-2.043,-0.086,0.362,0.603,-2.549,1.259,0
-0.183,0.228,1.419,-0.269,2.039,0.649,0.372,-0.332,-0.594,-0.193,0.143,1.77,-0.785,-0.134,0.377,-2.197,0.505,0.734,1.349,0.769,-0.757,1.109,-0.592,0.386,-1.504,-1.418,0.626,0.204,-0.202,-1.13,1
0.398,0.137,-1.811,0.838,-1.082,0.46,-0.655,-0.691,0.389,0.165,1.896,-0.569,-0.904,0.557,-0.565,0.843,-0.831,1.553,-1.726,-0.058,0.316,-0.934,0.268,0.793,0.505,0.466,0.71,0.352,-0.464,0.149,0
0.027,-0.39,0.293,-1.392,-0.095,-0.37,-0.447,0.205,-0.856,0.22,1.23,-0.652,-1.232,-1.047,1.904,-1.157,2.254,0.289,-0.971,-0.839,0.348,1.69,-0.569,0.577,0.347,1.37,-1.159,-0.874,-1.283,0.568,1
0.793,-1.888,0.658,-0.728,-0.968,-0.27,-2.76,-0.631,-1.27,0.011,0.851,-2.346,0.275,-0.278,0.012,-0.488,-0.194,0.988,-0.076,0.716,-0.579,-1.483,-0.139,0.251,0.008,-0.783,-0.035,0.195,0.291,-0.508,0
-0.687,0.405,-0.677,-0.286,-0.334,-0.45,0.056,-1.786,0.876,0.288,0.67,-0.731,1.042,-0.467,-0.649,0.405,0.549,0.01,0.469,-1.545,1.377,0.459,-0.507,-0.026,1.2,0.853,-1.127,-0.909,0.111,1.077,1
0.472,-1.288,-0.749,-1.109,0.596,0.905,-0.294,-1.111,0.862,0.393,0.504,-1.026,-1.433,1.923,-1.834,0.779,0.368,1.551,1.034,0.412,-1.058,-1.285,1.361,-0.456,0.507,-0.649,-1.041,-0.876,0.07,-1.051,0
0.136,0.423,1.97,0.075,0.0,0.913,0.111,-0.305,-0.629,0.506,0.955,0.523,0.721,-0.036,-0.014,-0.314,-1.571,-1.175,1.077,0.143,-0.48,1.812,-0.618,2.319,0.078,-0.219,-0.65,0.134,-0.227,-0.059,1
0.562,-0.432,-0.389,0.13,0.427,0.558,1.381,-0.364,1.06,1.575,-0.582,0.838,-0.932,-1.703,1.521,-0.02,0.002,-0.186,-3.758,-0.673,-0.417,-0.453,-0.77,0.57,-0.268,-0.541,1.177,-2.18,0.704,0.909,0
-1.021,1.354,-0.534,-0.66,0.612,-0.045,1.255,2.08,0.9,1.792,0.725,0.365,1.18,0.079,-0.854,-1.174,0.128,1.638,0.202,1.081,-0.135,0.917,-0.175,0.782,0.115,0.674,1.14,-0.675,-0.499,-0.778,1
-2.297,1.471,0.272,0.968,0.546,1.325,-1.658,1.405,-0.452,-0.502,-1.268,0.896,-1.437,0.236,-0.226,-0.436,0.205,1.643,1.153,1.464,-0.845,-2.138,1.213,-1.51,0.502,-0.267,0.093,-0.87,0.448,-0.686,0
-0.392,-0.869,-0.939,0.991,-1.691,-0.306,1.61,-1.459,-0.375,1.489,-0.083,-0.67,1.141,-0.241,0.219,0.072,-0.334,0.908,1.003,1.598,0.208,-0.653,0.977,1.228,-0.492,-1.392,-0.545,1.423,0.46,0.425,1
-0.574,-0.199,-0.401,-2.495,0.022,-0.129,-0.174,0.503,0.152,0.013,0.006,0.37,-2.28,0.326,-0.041,0.172,-0.107,0.511,-2.139,0.467,-0.005,0.583,-0.979,-0.25,0.26,0.258,-0.743,-0.816,-0.282,-1.807,1
0.779,-0.641,-1.047,0.394,-0.265,0.729,0.904,0.108,0.441,0.101,0.938,1.104,0.862,1.738,-0.246,0.631,-1.161,-1.702,-2.417,-0.24,0.615,-0.824,0.319,1.75,-0.816,0.381,0.983,1.128,-0.966,-1.315,0
0.934,0.685,1.585,0.216,0.255,1.858,0.558,0.476,0.33,0.094,0.484,0.088,-0.337,-0.353,0.398,2.076,-0.26,0.33,-0.623,1.632,0.474,-0.424,-0.325,1.576,0.453,0.298,-0.756,-0.913,2.999,-0.264,1
-0.282,-1.483,-0.645,-0.031,0.399,-0.6,0.623,-0.449,0.759,-1.569,0.187,2.401,0.083,-0.72,-0.347,-0.267,-0.656,0.07,1.099,0.427,-0.242,0.116,0.729,-0.487,0.838,-0.265,-0.813,-1.274,1.402,-0.674,0
0.59,-0.929,0.928,1.184,0.587,-0.887,0.376,-0.481,-0.646,-0.178,0.364,-0.051,0.765,0.697,0.431,-0.027,0.162,-0.761,-0.04,1.598,-1.46,-0.311,1.749,0.018,-0.322,-0.343,-0.607,0.197,-0.439,0.724,0
-0.71,-1.271,0.026,-0.465,-0.408,0.227,-0.307,1.915,-0.05,-0.515,-1.362,0.127,-1.105,0.925,0.454,0.199,0.713,1.473,0.379,-0.514,0.618,-0.84,0.404,-1.304,-0.383,-0.708,-0.79,1.095,-0.303,-1.527,0
0.1,-0.708,1.325,1.462,0.499,-1.196,-0.33,-0.368,-0.899,0.751,-0.651,-1.699,0.313,1.705,-0.856,0.499,-1.316,-0.351,-1.304,0.343,-0.141,-0.898,1.595,1.133,-0.603,-1.328,0.405,1.654,-1.29,0.46,1
-2.143,-0.702,-0.174,0.493,-0.29,2.644,-0.33,-1.36,0.225,-0.88,-0.776,1.274,-0.697,-1.011,-0.261,-0.64,2.275,-1.142,0.589,-1.867,-1.308,-0.371,-0.068,-0.342,0.161,-1.597,-1.142,-0.97,0.567,0.167,0
0.167,-1.232,0.685,0.68,2.177,0.94,0.029,0.416,-1.493,-2.011,-0.629,-0.246,1.076,-0.484,-1.602,-0.27,0.732,1.063,-0.226,-0.723,-0.104,1.577,1.194,-1.288,-1.849,-0.944,-0.081,0.109,-0.481,-1.116,1
0.093,1.916,0.217,0.995,0.592,-0.23,-0.262,0.535,-0.02,-1.434,-1.592,0.998,-0.35,1.896,0.124,-0.801,-0.984,0.151,0.567,-0.505,-0.55,0.799,0.223,-1.157,-2.778,-0.327,-0.801,1.051,-2.393,-0.174,0
0.917,2.414,-0.368,0.692,2.026,-0.149,1.497,-0.334,1.033,0.799,-0.169,0.283,1.516,-0.148,-0.546,0.709,-1.45,0.104,0.359,-0.753,-1.321,0.24,-0.429,-0.455,-1.056,-0.306,3.088,-1.697,-0.829,0.423,1
0.873,-0.195,0.407,0.671,-0.149,-0.734,0.353,-0.574,-0.007,0.87,-1.739,0.129,-0.82,-0.029,0.057,-0.237,2.339,1.032,2.018,0.33,0.296,-0.118,0.181,-0.42,0.24,-0.418,1.35,-1.383,-0.536,0.48,1
-0.24,-1.475,-0.737,0.707,-1.791,-0.492,0.923,1.78,-0.809,0.149,-0.675,-1.717,-0.224,-0.959,0.342,0.71,-1.497,0.114,-0.723,-0.806,-1.224,-1.627,1.1,-1.598,-1.064,1.507,-0.45,-0.04,-0.526,-0.466,0
-0.249,0.231,-2.191,0.805,-0.692,-1.704,-0.608,-1.222,0.287,-0.034,0.458,0.611,2.148,-0.473,-1.903,0.194,0.444,1.181,-0.854,-1.049,0.556,-0.121,-0.518,-1.164,-1.095,-0.373,0.768,-2.624,0.248,0.322,1
0.564,-1.328,-1.984,0.161,1.639,-2.041,-0.924,0.594,-1.071,0.531,-0.114,1.086,-0.985,0.327,0.481,-0.485,-0.746,-1.189,-0.54,-0.594,0.362,0.371,0.511,1.407,0.977,0.484,0.163,-0.378,0.266,-1.102,0
0.167,0.262,-0.745,-1.698,1.108,-2.301,-1.17,0.018,-0.347,0.903,-0.27,1.057,0.676,-1.156,0.478,0.723,-0.799,0.101,0.94,-0.421,0.952,0.719,-0.922,-0.481,0.585,0.139,0.516,-1.534,-0.795,-0.349,1
-1.2,0.022,0.682,0.362,-0.41,-0.202,1.677,1.549,0.729,-1.062,-0.506,-0.575,-0.217,0.715,0.993,1.617,-0.025,0.254,0.852,-0.371,0.208,0.527,0.848,0.682,1.38,0.089,0.359,-1.272,0.279,-1.747,1
-0.058,-0.015,0.858,0.356,-0.851,-0.655,-0.326,-1.715,-0.62,-1.701,1.478,-1.357,0.455,1.51,-0.155,-1.191,-1.023,1.199,-0.706,0.317,0.491,0.208,0.785,-0.48,-0.87,0.147,0.539,-0.35,1.653,1.164,0
-0.503,-0.656,-0.099,-0.242,-0.228,0.19,-0.02,-1.152,0.431,-0.79,0.776,-0.693,1.688,0.595,0.672,-0.253,-0.36,-0.039,-0.118,2.983,1.145,0.614,-0.305,0.148,1.195,-0.516,0.466,0.152,0.931,-1.283,1
-0.83,-0.605,-0.543,-0.729,0.704,-1.73,-0.056,1.73,0.696,-0.794,-0.025,0.21,1.108,1.428,0.249,0.453,-0.077,-0.781,0.514,-2.604,0.445,0.292,-1.158,-0.908,0.028,-0.601,0.29,0.411,0.11,0.726,0
0.287,0.558,0.832,0.83,0.241,0.112,-0.13,-0.221,1.077,0.195,2.23,0.003,0.715,-0.097,0.941,-0.793,1.192,-0.804,0.317,-0.826,0.573,-1.351,0.254,-1.746,-2.431,1.031,0.358,-0.446,-0.765,-0.7,1
1.9,-0.224,0.01,-0.414,-0.391,0.058,0.513,1.409,-1.208,0.15,-1.245,0.722,-0.763,-0.232,-0.417,-1.173,0.134,-0.819,-0.798,-0.715,0.527,-0.271,-0.97,0.92,-0.261,-1.254,1.231,0.08,-1.162,-0.053,0
0.598,0.575,-0.267,0.118,0.394,-0.685,0.425,1.858,0.021,-0.693,-0.273,0.347,-1.451,-0.027,-0.016,0.016,0.286,0.268,-0.93,-0.347,0.069,0.143,0.491,1.062,0.463,-0.28,-1.645,0.32,0.513,0.432,0
0.025,-0.12,-0.025,1.21,-1.03,-1.47,-0.185,-2.501,0.578,0.478,-1.258,2.121,0.102,1.216,-0.793,0.467,1.083,1.006,0.542,-1.038,-0.777,0.755,-1.73,-0.956,0.618,0.198,1.375,0.987,0.43,0.679,1
-1.183,-0.55,0.261,-0.492,1.977,-0.271,1.908,0.133,0.885,-0.4,-1.1,0.564,-0.375,-0.751,-1.444,-0.545,0.184,-0.227,-0.713,-0.637,0.467,-0.678,0.853,-0.912,-0.76,0.684,0.172,0.268,-1.23,0.775,0
-1.197,-0.451,0.169,-0.445,1.54,-1.228,0.98,-0.24,-0.217,-0.632,1.273,-0.108,-0.227,0.905,-1.423,-1.27,1.06,0.591,0.355,-0.368,-0.014,0.029,0.009,-1.244,-0.022,-1.277,1.626,0.928,-1.649,-1.642,1
-0.491,0.089,0.827,-1.492,-1.598,-0.486,-0.381,-0.143,-0.942,-1.7,-0.112,-0.096,-0.544,-1.134,0.356,1.397,-0.053,-1.002,0.084,0.891,-0.662,0.239,0.899,-0.997,0.406,0.304,0.681,-0.481,-0.348,-0.08,0
-0.528,-0.375,-0.116,0.261,1.67,-0.019,-0.437,-1.687,-0.719,0.389,-0.071,0.847,-0.399,0.465,-0.339,0.725,1.786,-0.215,1.059,-0.549,1.129,0.451,1.35,-1.731,-0.179,0.327,-0.158,1.039,2.066,-1.067,1
0.246,-0.54,-1.649,1.484,-1.271,-1.291,-0.691,0.376,-1.06,-0.074,-0.467,-1.077,-1.607,-0.114,-1.041,-0.221,-1.564,0.317,0.112,1.276,-1.206,2.406,-0.798,-0.89,-0.425,0.425,0.347,0.483,-0.104,0.352,1
-0.115,2.15,1.146,-1.027,-0.597,-1.313,1.121,0.717,1.886,-2.063,-0.558,-0.543,-0.029,-0.285,0.545,1.077,-0.414,1.971,2.191,0.772,0.678,-1.11,1.434,0.062,1.299,-0.482,-1.956,0.619,-2.498,-1.003,1
-0.457,-0.72,0.917,0.38,0.728,1.469,1.142,0.208,1.33,0.23,-0.164,-0.441,-0.196,-0.333,0.169,-1.093,0.179,0.937,-1.237,-1.377,0.299,-0.489,-0.562,0.583,-0.75,-1.311,0.505,-1.491,-1.476,0.651,1
-0.156,1.327,0.478,-1.12,1.097,1.159,-0.438,-0.005,0.786,0.898,0.608,-0.582,-0.666,-0.155,-0.292,0.953,0.061,1.262,1.416,-1.6,0.161,-1.416,-2.517,-0.245,0.402,-0.529,0.151,-1.469,0.594,0.573,1
-0.814,0.126,0.324,-0.445,0.884,0.272,0.473,1.003,-0.42,-1.587,0.494,1.551,-0.069,0.71,1.146,0.063,0.231,0.083,0.147,0.209,-0.124,0.048,0.019,0.047,2.074,0.073,-0.732,-1.854,-0.768,-0.582,0
-2.16,-1.962,-0.478,0.783,0.811,-0.589,0.818,-0.979,1.419,0.344,1.122,0.084,0.592,0.066,-0.852,-0.801,0.729,0.307,-0.523,-0.028,-0.63,-0.286,0.462,-2.28,-0.194,0.666,0.447,0.268,0.705,1.122,1
-1.947,-1.423,-0.901,-1.637,0.035,-0.082,0.17,0.017,-0.731,-0.616,-0.425,0.247,-2.358,-0.859,-1.186,-0.398,1.674,-0.86,-0.718,1.299,0.348,-0.786,-0.22,-0.749,-0.003,-0.415,-0.295,0.613,-1.519,1.377,1
0.545,-0.454,-1.489,-1.62,0.239,-0.273,-2.624,-0.636,1.75,-0.852,0.645,0.674,0.633,2.036,0.728,0.221,0.52,-0.22,2.044,0.186,0.8,-0.771,1.864,0.761,-0.373,0.211,0.382,0.56,0.98,-1.064,0
-0.897,-0.777,-0.698,-0.033,-0.371,-0.908,0.21,0.068,-1.15,-1.047,-0.348,-1.197,-0.046,-0.82,-1.419,-2.026,1.211,-0.518,1.766,0.34,0.469,0.479,0.245,0.073,0.117,0.721,0.578,0.653,0.71,0.369,0
-1.1,0.758,-0.231,2.681,-0.292,-0.556,0.474,0.817,1.189,-0.103,-1.007,-0.27,-0.023,1.195,1.172,-1.052,-0.6,0.843,0.233,0.202,-0.605,1.096,1.762,0.61,-0.775,0.671,0.283,-0.489,0.684,0.669,1
-0.756,0.592,-0.434,-0.468,0.466,0.451,-0.081,0.0,-1.032,-1.804,-0.51,-2.191,-0.023,-1.254,-1.106,-1.025,-1.281,-0.035,0.968,-0.273,0.549,0.569,0.606,1.429,0.583,0.491,-0.278,0.679,0.183,0.31,0
1.482,0.798,0.103,-1.281,-1.098,-0.282,-0.308,-1.115,0.941,-0.464,2.075,-0.513,2.249,-0.017,1.698,2.004,0.646,-1.343,-0.672,0.929,0.467,0.251,-1.699,-0.049,-0.394,0.129,0.15,0.045,-0.79,0.24,0
0.969,0.561,0.18,0.205,2.354,-0.198,-0.364,-1.232,-0.57,0.094,-0.248,0.436,-0.191,0.886,0.112,0.145,1.818,-0.491,0.22,-0.417,-0.761,-0.176,-0.13,0.889,-0.413,1.222,-1.241,-1.076,0.364,0.127,1
0.637,-0.132,-0.472,0.609,1.632,1.285,0.048,0.189,0.698,1.342,0.86,0.141,2.399,1.373,-0.831,-0.585,1.353,0.301,-1.534,1.677,1.504,2.063,-0.041,0.998,0.7,0.192,-0.481,-0.456,0.186,-0.044,1
-1.119,-0.313,-1.567,0.077,0.381,1.0,-1.385,1.891,0.716,0.253,0.77,-1.147,0.615,0.876,-1.279,-0.29,0.76,-0.237,1.232,1.277,0.937,-0.184,0.13,1.535,-0.466,0.722,0.488,-0.175,-1.473,0.396,0
-0.91,1.41,-0.089,0.165,-0.387,1.711,0.543,2.184,-0.089,0.171,0.423,-0.506,-0.189,-0.115,0.949,1.037,-1.943,1.217,0.213,-1.155,-0.333,-0.059,0.18,-0.887,0.586,0.871,-0.22,0.193,2.258,0.401,1
-1.125,-2.389,-0.991,-0.437,1.287,1.85,-1.828,-0.591,0.013,-0.361,0.209,-1.653,-0.108,-0.107,-0.557,1.712,-0.291,0.219,0.809,2.0,-1.714,-0.836,-0.615,-1.493,-0.54,0.451,-1.286,-0.369,0.968,0.809,0
0.12,0.333,-0.053,-0.01,-0.518,1.499,-0.16,0.631,0.957,0.589,0.655,-1.038,0.25,0.613,-0.51,0.766,-0.521,-0.63,1.116,0.095,-1.414,1.672,-0.253,1.458,1.599,0.488,-0.579,-1.481,1.317,-0.675,1
0.567,-1.551,-1.631,-0.919,-0.567,0.08,-0.88,-0.015,1.104,-3.01,0.873,-1.172,0.322,0.221,-2.22,1.589,0.084,-0.188,0.673,0.405,1.125,0.112,-0.159,0.428,0.766,1.355,0.156,0.183,-0.672,0.595,0
-0.714,0.189,-0.467,-0.223,1.637,-0.4,0.717,0.36,-0.5,1.969,1.275,0.809,0.179,-1.156,-1.771,0.089,-0.923,-0.502,-0.669,-0.276,-0.062,-0.348,0.303,-0.66,0.879,0.094,-0.127,-0.044,-0.673,-1.461,0
0.309,1.157,0.05,-1.41,0.492,-0.291,0.001,-0.428,-0.962,-1.453,0.722,-1.104,1.177,1.172,0.78,0.687,0.758,1.952,0.229,1.202,-0.326,-1.909,-0.004,-0.57,-0.681,0.344,-0.428,-0.47,0.481,-0.428,1
-0.043,-0.185,-0.964,0.421,1.31,0.12,-0.671,1.822,0.976,-0.011,-1.525,0.415,-2.43,0.237,-0.05,1.264,0.353,-1.37,1.063,1.102,0.683,0.136,1.475,0.619,-0.01,0.123,-0.751,-1.089,1.523,1.385,0
-0.179,0.007,-0.57,-0.682,0.504,-0.917,-0.753,0.906,-0.086,-0.203,-0.44,-0.496,1.216,0.953,1.439,-0.527,0.229,0.677,-0.414,0.557,0.239,0.37,0.719,-0.049,1.563,0.464,-0.793,0.35,-1.231,0.337,0
0.212,-0.188,-0.185,-0.043,0.958,-0.117,0.253,0.707,1.239,-0.209,0.771,-1.486,-0.898,-0.391,-0.017,0.283,-0.198,1.366,-1.069,0.627,-0.069,-1.887,-0.436,1.066,0.636,0.092,0.037,-0.353,-0.274,-2.389,0
2.5,-1.926,-0.774,-1.904,0.061,0.434,2.453,0.21,-0.944,0.665,0.293,-0.326,-0.04,-1.092,-1.407,0.849,1.899,0.008,0.597,-0.934,-1.202,-0.306,-1.975,1.524,-0.525,-0.223,-1.044,-0.138,0.584,-1.473,1
1.474,0.181,0.317,-1.234,1.56,-0.634,-0.083,-0.582,1.45,0.551,-1.496,0.133,1.308,-0.259,-0.527,0.913,-0.399,-0.392,0.641,0.415,-0.551,0.179,1.337,0.269,-0.214,-0.816,-0.955,-1.787,-1.021,0.512,0
1.4,-0.486,0.078,-1.132,-1.006,0.332,-1.219,0.026,-1.205,1.98,0.589,0.971,0.928,-0.425,-0.653,0.298,0.291,-1.158,0.862,-0.194,-0.066,0.715,1.388,0.182,0.703,-2.002,-1.817,-2.099,1.423,1.767,1
-1.769,-1.509,0.253,-0.425,-1.404,2.086,-0.122,-0.422,0.753,-0.72,0.543,0.415,-0.359,-0.46,-0.217,-0.424,-2.842,-0.984,-0.009,0.021,2.209,-0.142,0.436,-1.481,0.387,-2.157,1.563,0.661,-0.429,0.641,0
1.065,-0.812,-0.478,1.449,-1.803,-0.768,1.142,0.809,-0.857,0.71,0.195,-0.244,-1.267,-1.159,1.05,-1.498,1.007,-0.378,-0.381,-0.487,-1.268,0.875,-0.182,-0.453,2.006,-0.588,-0.532,0.843,0.375,-0.92,0
0.093,0.805,-0.408,-0.176,-0.861,0.484,1.018,-0.811,0.606,0.569,0.848,-2.647,0.371,1.142,0.883,-0.313,0.081,1.048,-0.025,-1.246,1.47,-0.532,-3.058,1.495,-0.646,0.576,-0.362,-1.987,0.44,-0.442,1
-1.294,0.119,2.017,-0.103,-0.996,0.286,-0.733,1.329,-1.872,-0.615,-0.338,1.269,-0.526,1.841,0.214,0.978,0.614,-0.303,-1.503,0.455,-1.775,0.752,0.017,-1.139,0.974,0.097,-1.088,0.006,-1.284,-0.124,0
-1.229,-0.644,1.395,-0.156,-1.125,0.958,1.065,0.144,-0.199,-1.356,1.249,0.096,0.436,0.825,-0.067,-0.427,1.153,1.127,-0.461,0.904,-0.155,1.748,0.6,0.419,-1.564,0.287,0.574,-1.184,-0.535,2.123,0
0.979,1.32,0.991,-0.209,-0.007,-1.549,-1.873,-0.171,-0.443,1.0,-0.029,-0.362,1.384,0.148,-0.541,-1.044,0.098,-0.516,2.457,-0.485,-1.073,-0.931,0.075,0.158,-0.494,-0.241,0.084,-0.347,-1.204,-1.046,0
-1.028,-0.848,-0.584,1.002,0.919,-0.448,1.231,0.61,0.51,0.076,-0.542,-0.805,-1.031,0.816,0.891,-0.449,-0.023,0.621,-0.174,-0.104,0.713,-1.348,-1.235,-0.449,-0.694,0.727,1.673,-1.199,-1.278,-1.427,1
-1.18,0.797,-0.935,-0.009,-0.239,-1.34,0.868,-1.186,0.3,-0.233,0.727,0.691,0.305,2.807,0.005,0.708,2.128,-0.354,1.65,0.104,-0.682,0.312,-0.941,0.934,0.524,-0.482,-0.686,0.897,0.194,-0.477,0
1.276,0.896,-2.214,1.9,0.589,0.407,-1.209,-1.769,-0.649,0.467,-0.595,-0.87,0.827,-0.0,-1.4,-1.477,0.539,1.653,-0.282,0.048,-0.174,-0.037,-0.342,1.069,0.003,-1.051,0.771,-0.896,1.242,-0.24,1
1.422,-0.534,0.138,0.991,-2.777,1.52,1.062,0.644,1.06,-0.498,-0.347,-1.236,-0.85,-0.949,-1.066,0.507,-0.475,0.226,-0.601,-0.943,-0.11,-0.546,0.507,-1.421,-0.041,0.295,0.332,-0.081,-0.016,0.505,1
-0.688,0.466,0.151,0.296,0.394,-1.003,-0.434,0.271,0.076,-1.478,-1.841,-0.404,0.107,0.37,-1.798,-0.217,0.844,2.13,-0.239,1.221,1.37,0.667,-0.993,0.497,1.452,-0.582,1.531,-0.9,0.093,-0.205,1
0.025,2.038,-1.188,0.513,-1.576,-0.289,-0.156,0.048,0.683,1.233,-1.246,0.021,-0.29,-0.497,0.293,-1.888,1.599,-0.421,-0.935,0.538,-0.658,2.297,-1.779,-0.717,-0.407,-0.543,0.743,0.051,0.636,-0.937,0
0.226,-0.609,2.064,0.157,1.829,-1.195,0.872,-1.447,-0.066,-0.616,1.506,-1.285,-0.513,1.264,-0.635,0.743,0.832,0.42,-0.61,-0.405,0.408,-0.102,-0.92,0.607,0.928,-0.81,-0.121,-1.365,-0.789,-2.442,1
-0.757,-0.34,1.225,0.568,0.483,-0.841,-1.349,-0.544,-1.001,0.341,-1.494,0.039,0.851,0.523,-0.548,1.339,0.758,-1.806,0.856,-0.069,-2.644,0.982,-0.591,1.379,-0.47,0.046,0.092,0.745,-0.055,-1.242,1
-1.61,-0.145,0.539,0.234,-0.826,0.108,0.262,-0.805,1.979,-0.73,0.619,0.031,1.756,0.922,-1.113,-1.231,0.377,-0.884,-1.11,0.11,0.843,-0.596,-1.078,0.415,1.64,0.092,-1.625,-0.626,1.101,-0.79,0
0.444,-0.074,-0.143,-1.151,-0.344,-1.103,-0.837,-0.118,0.356,0.033,1.159,-0.785,-0.378,0.471,-0.237,1.462,1.334,0.468,0.975,0.129,-0.63,-0.728,0.608,0.49,0.044,0.466,0.068,-2.825,-0.141,0.672,0
0.509,-0.353,0.065,2.107,-2.026,-0.602,-0.375,-0.247,0.302,1.841,-0.458,-0.49,-0.481,0.932,-0.134,-2.109,1.068,-2.522,-0.375,1.182,-0.464,-0.742,-1.171,-1.323,0.607,-0.351,0.151,0.355,-0.392,-0.224,1
-1.415,-0.339,-1.677,1.165,-0.361,-0.638,-0.854,-1.147,0.362,-0.388,-0.281,1.161,-0.948,-1.777,-0.288,-0.92,0.581,0.05,-2.095,1.192,-1.485,-1.037,0.833,-0.036,0.234,0.616,-2.474,0.444,0.267,0.278,0
-0.406,0.48,0.156,0.322,-1.97,0.167,-0.571,2.57,-0.239,1.005,-0.893,0.2,1.528,-1.225,0.519,-0.02,-0.292,-0.304,0.994,-0.804,0.646,0.955,1.328,-1.254,-2.258,1.033,1.67,-0.374,-0.849,-0.125,1
1.602,-1.099,0.057,-0.001,-0.804,-0.38,-1.22,-1.357,0.53,0.23,0.977,1.338,0.353,-0.062,1.28,1.607,-0.715,0.314,-0.029,-1.626,0.34,-0.828,0.275,1.234,2.818,0.738,-0.448,-0.156,0.484,-0.501,0
-0.829,-0.205,1.226,0.338,-0.566,-0.154,-1.402,0.387,0.078,1.159,-0.94,0.609,2.407,0.993,-1.339,0.621,1.139,0.348,0.436,0.164,-0.069,0.493,-1.934,-0.55,1.041,0.527,1.07,0.75,0.638,-2.285,1
-0.217,0.888,-1.544,0.325,0.781,-0.185,-1.028,-1.611,-0.015,0.643,0.29,0.786,0.562,-1.832,-2.219,0.59,-0.746,2.43,0.063,0.241,0.69,0.515,0.182,-0.106,0.243,-0.93,1.202,-0.385,-2.165,1.438,0
-0.04,-0.515,0.044,1.292,0.154,0.002,-0.604,-0.678,1.92,0.216,1.574,0.186,-0.581,0.539,0.353,-0.925,0.479,-0.359,0.719,1.107,0.375,-0.04,-2.054,0.241,-0.446,-0.202,0.487,1.527,-0.111,0.146,1
0.559,-0.257,-0.02,-1.646,0.538,0.43,0.374,1.264,0.456,-0.557,-0.182,1.003,0.891,-0.674,-0.723,1.134,0.602,0.224,-0.425,-2.641,-0.097,-0.689,-0.986,-0.486,-0.516,-1.31,1.299,-0.577,-0.24,-1.016,1
-0.075,0.13,-0.141,-1.236,0.31,0.539,-1.791,-0.789,-0.587,-0.459,0.295,0.879,1.973,-1.954,2.455,-0.982,0.302,-1.098,-1.683,-0.511,-0.943,2.164,-0.155,1.313,0.021,-1.932,0.634,-0.406,0.823,-1.209,1
-0.828,0.03,0.672,1.173,1.101,-0.919,0.79,-0.017,-0.937,-0.377,0.828,-0.37,0.049,-0.746,-0.395,0.82,0.373,-2.4,-0.143,0.481,-0.057,0.569,-0.184,-0.211,-0.871,-0.633,0.305,-0.993,1.193,0.501,1
1.055,0.56,-1.382,-0.647,0.769,0.404,-0.386,0.135,-0.761,-0.781,-0.19,-1.102,1.025,1.25,-1.707,1.317,1.544,-1.236,1.081,-0.638,-0.129,0.569,-0.506,-0.921,1.084,-0.731,-1.358,-1.802,0.791,1.566,1
-0.839,0.746,-1.22,1.857,0.003,0.025,-0.04,0.178,-1.068,1.428,0.079,1.585,-0.834,1.717,-0.334,0.494,1.983,1.092,-0.517,-1.04,0.576,0.599,2.243,0.968,-1.676,-1.144,-1.765,-1.493,-1.316,-0.354,0
-0.57,-0.532,-0.767,-0.573,0.753,-0.442,0.175,0.025,-1.801,-1.029,-0.135,-0.276,0.18,-0.256,-1.181,0.062,-0.995,1.267,0.958,2.181,-0.229,-0.467,-0.922,0.723,-0.322,-1.643,-0.413,-0.943,-0.503,0.348,1
1.072,-1.525,1.019,-0.596,-2.199,0.141,-1.969,-0.261,-0.657,-0.301,-0.661,-1.089,0.909,-0.46,0.472,0.515,0.918,-1.442,-1.747,-0.616,0.281,-0.617,-0.052,1.194,0.668,0.223,0.714,0.701,-0.28,-0.344,0
-0.072,1.697,0.21,0.132,-0.759,1.623,-0.163,-1.21,0.043,0.529,-0.894,0.24,0.508,0.468,0.073,-1.441,0.782,0.806,0.36,0.157,-0.48,-0.915,-0.761,1.05,0.135,0.705,1.129,-0.455,-0.663,-0.35,1
1.438,-1.661,-0.161,1.126,-1.711,-0.101,2.28,-0.258,-0.517,1.736,0.643,0.01,-1.93,-1.304,0.232,-0.711,-0.748,-0.784,-0.049,0.019,-0.587,0.697,0.533,0.647,-0.989,0.59,-1.514,-1.443,-1.806,-0.026,0
0.464,-1.338,-0.522,0.277,-0.006,-1.189,-0.934,-0.702,0.158,0.269,-1.182,-1.161,0.266,0.146,1.141,-0.626,0.313,0.636,0.634,-0.765,-0.211,1.28,0.4,-0.292,0.287,-0.586,1.511,0.842,0.91,1.138,1
1.206,0.071,0.278,-0.248,-0.705,1.101,-0.612,-0.146,-1.91,-1.545,0.503,1.976,0.573,-0.624,-1.182,-0.477,-1.502,-1.126,0.099,0.43,1.159,-1.262,-1.39,-0.2,-0.733,0.21,0.103,-0.325,0.69,0.859,1
-0.523,1.434,-0.302,0.826,-2.067,-0.434,-0.515,-0.576,0.556,0.798,1.698,0.45,-0.979,-0.617,-0.024,-0.082,-0.267,0.968,-1.391,0.231,0.652,0.178,-0.793,-0.88,-0.491,1.779,0.501,0.066,1.546,-0.562,0
-1.468,0.78,0.46,0.419,0.133,-0.394,-1.529,-0.054,2.223,1.877,-0.407,0.537,0.146,-0.761,0.413,1.47,0.05,-1.388,-0.337,0.264,-0.445,1.265,0.805,1.935,0.844,0.629,-0.941,1.801,-1.191,-1.374,1
0.467,-1.427,-0.132,0.421,0.365,0.603,0.064,0.671,0.243,-0.136,0.054,-0.242,1.76,0.204,0.124,-0.064,-0.332,-0.467,-0.679,-0.67,0.52,0.46,2.091,0.139,-0.775,-0.619,0.257,0.835,0.696,0.285,0
-2.42,-1.243,0.235,0.924,0.821,0.985,0.743,0.005,1.115,-1.148,1.176,0.785,-1.136,-1.051,-0.203,1.144,0.233,-1.558,-0.895,-1.29,-1.689,0.73,0.693,0.486,-0.726,0.68,-3.009,1.375,-1.479,-1.008,0
-1.486,-1.519,0.503,-0.958,0.768,0.159,-0.301,0.736,-0.008,-0.293,-0.591,0.696,-0.381,0.021,0.566,-0.482,0.248,1.379,0.202,-1.008,1.133,-0.686,0.503,2.369,0.721,1.227,1.574,-1.558,-0.859,0.191,0
-0.85,-2.521,-0.485,-1.226,0.371,1.286,-0.517,-0.331,-0.592,0.021,-0.051,0.959,-2.15,0.25,0.262,-0.902,-0.122,-0.688,-0.053,0.465,-0.361,-0.592,-1.278,-0.316,1.018,-1.58,1.193,-0.453,-0.256,0.395,1
-0.446,0.472,-1.716,0.166,-0.052,-1.053,0.854,1.591,1.195,-0.368,-0.472,-0.292,0.27,1.599,-0.06,-1.222,-2.937,0.598,0.291,0.171,0.728,1.108,1.602,-0.41,0.795,0.397,1.057,0.184,-0.246,0.083,1
-0.712,0.046,1.484,-1.868,-1.261,-1.857,0.015,0.085,-1.345,-0.063,-0.345,-0.806,1.316,-1.268,0.866,-1.13,0.733,-0.3,0.786,-0.458,0.586,-0.413,0.45,0.393,-0.217,0.596,-0.54,-0.945,0.053,0.399,0
-1.29,-0.01,0.357,1.025,-1.255,0.83,0.562,1.129,0.693,-0.678,1.063,-0.121,1.66,0.099,-0.975,-0.729,0.466,-1.057,-0.707,-2.032,-0.211,-0.471,2.328,1.39,-0.614,2.335,-1.156,-0.581,0.664,1.736,1
-0.162,-1.405,-0.455,-0.322,-0.158,-0.558,0.357,-2.928,-0.635,-0.608,-1.172,0.332,-0.243,0.735,1.831,1.146,1.043,-0.677,-0.88,-1.089,1.492,0.2,0.385,-1.08,-0.748,-0.263,0.42,0.312,-0.579,-0.24,1
-1.542,1.394,-0.406,0.332,0.853,-0.098,-1.187,-0.805,0.213,0.22,-0.931,-1.251,0.495,-1.326,0.52,0.011,0.185,1.04,0.171,0.679,-0.32,-0.399,-1.225,-0.927,0.533,0.634,-0.389,-0.151,-0.399,0.419,0
-1.137,-1.146,-1.19,0.912,-0.055,1.086,-1.142,0.717,-0.823,0.974,0.038,1.133,-0.892,-0.277,0.919,-0.56,-0.042,1.158,0.301,0.982,0.908,-0.566,-0.356,0.76,0.171,0.114,0.364,1.013,-1.149,-1.004,1
-0.306,0.792,-0.393,0.263,-0.818,0.036,-2.063,-1.099,-1.472,-0.194,-0.151,0.736,-1.189,0.929,0.284,-0.102,1.735,-0.389,-0.137,-0.941,-0.704,0.104,1.608,1.682,-1.118,0.433,1.53,0.279,0.923,-1.737,1
-0.131,0.658,0.833,-1.339,-0.094,-0.448,-0.369,0.609,0.214,-0.193,-0.246,0.652,-1.626,-1.24,2.588,-0.676,-0.178,-0.522,-1.345,-1.581,-0.882,0.766,-0.803,0.956,-0.07,-0.197,1.023,-1.864,-1.785,0.514,1
-1.608,-0.802,0.864,1.273,1.213,0.356,-1.832,-0.062,0.421,0.299,0.167,-1.954,-0.311,-1.4,-0.625,0.535,1.088,-0.005,-0.081,-0.202,-0.463,-0.654,1.903,-0.112,-0.228,0.113,-0.776,0.617,0.028,-0.788,0
0.749,0.841,-0.766,0.648,0.84,-1.266,0.879,-0.228,-0.902,-0.959,0.305,-0.38,0.212,1.571,-0.82,-1.552,0.812,-0.562,0.202,-2.27,-0.277,-0.067,-0.478,0.833,1.093,0.913,-0.392,1.258,-0.076,-0.696,0
-0.427,0.506,-2.379,0.488,-0.144,0.391,-0.023,0.331,-0.558,-1.38,-0.376,0.174,-1.017,1.466,-0.03,-0.297,-0.821,-0.805,1.495,1.256,1.067,0.421,0.215,-1.684,-0.77,-0.185,-0.407,0.296,-0.61,2.089,0
1.852,-0.007,1.255,-0.069,-0.837,-0.12,-2.127,1.08,0.314,-1.418,0.322,-0.958,0.075,-0.612,-0.691,-1.24,0.249,0.703,-0.065,0.782,-0.117,-0.876,0.967,1.669,-0.19,2.528,1.161,-2.054,0.534,0.873,0
-0.571,0.943,-0.721,1.612,0.085,0.852,-0.179,0.79,-0.776,-0.157,-0.547,0.27,0.162,0.183,0.88,0.776,-0.216,0.277,1.645,-1.143,-1.804,1.666,-0.103,-1.125,0.12,-0.58,0.426,0.425,0.946,-0.983,1
-0.179,-0.456,-0.107,0.86,0.05,0.302,-0.709,0.733,-0.58,-1.362,-1.207,-1.044,1.016,-0.911,0.157,0.853,1.564,-1.682,-0.871,-1.672,0.503,-1.23,1.948,-0.066,0.29,-1.007,-0.282,0.316,1.3,0.91,0
0.532,-0.874,-1.293,0.392,0.522,-2.205,1.32,-1.081,0.715,-1.033,0.461,0.04,-1.12,-0.502,-0.581,0.865,-0.44,-0.283,-0.522,0.681,-1.227,1.643,0.579,1.046,-0.524,-0.172,1.245,0.657,-0.101,0.742,1
-0.534,0.452,-1.089,-0.555,-0.792,0.048,0.907,0.844,-0.877,-1.947,0.216,-1.565,1.117,-0.192,-1.296,-1.239,-0.345,0.793,0.523,0.565,-0.71,1.007,1.664,-0.834,0.421,0.969,-0.741,2.657,1.778,-1.135,1
-1.513,0.905,1.05,1.286,1.493,0.008,-0.537,0.789,0.972,-0.612,-1.011,0.116,2.197,-0.79,-1.198,0.97,-0.283,0.78,1.415,-1.149,-0.061,-0.039,-1.764,-2.263,-0.536,-0.797,0.605,-0.162,1.524,-0.004,1
0.365,0.716,-1.523,-1.829,0.788,-0.374,-1.751,-0.037,0.535,-0.234,0.771,0.939,-0.524,0.477,0.433,-0.055,0.971,0.079,-0.007,0.55,0.994,1.534,-0.468,0.568,-0.654,-0.034,0.041,-0.804,0.205,0.094,1
-1.676,1.511,-0.769,1.073,-0.347,-0.327,0.376,0.211,-0.786,-0.553,-0.974,1.906,0.146,1.397,-0.552,1.561,-1.293,0.719,0.997,-2.213,-1.744,-0.998,-0.143,-0.703,-0.867,0.086,0.276,0.485,-1.053,-1.151,0
0.104,2.589,0.464,0.032,2.158,-0.43,0.464,-0.175,-0.983,0.792,0.724,-0.519,-2.779,1.354,0.585,2.265,-1.132,-0.662,-0.787,0.802,-0.103,0.36,-0.309,-0.057,-1.414,-0.765,-0.993,-0.349,-0.366,-0.02,1
0.413,-1.458,0.612,-1.459,0.666,-0.915,-1.137,-0.938,2.055,1.016,-1.001,-0.168,-0.912,0.269,0.94,-0.541,-0.335,0.22,-1.278,-1.952,-0.33,-0.667,-0.171,-0.187,0.291,-1.414,1.055,1.049,0.89,1.105,0
-0.8,2.495,-0.967,-1.137,-1.05,0.585,-1.543,0.335,1.894,-0.415,0.677,0.932,-0.339,1.479,0.715,-0.072,0.457,0.044,-0.226,0.61,-1.078,-0.56,1.416,-0.568,0.235,1.076,0.151,-0.986,0.762,1.331,0
0.58,-1.551,1.164,0.783,-1.046,-1.066,1.795,-0.894,-1.006,0.455,-0.685,1.381,0.233,0.382,0.229,0.548,-1.786,0.07,0.242,0.393,-0.908,0.184,0.369,0.631,0.489,-0.582,-0.441,0.167,-1.567,-0.496,0
0.479,-0.811,0.162,0.603,-1.747,-0.655,-0.663,1.932,-0.975,-0.473,-0.786,-0.546,-0.264,-0.496,-1.592,0.52,-0.591,-0.486,-0.427,0.13,0.419,-1.602,1.229,0.696,1.009,0.433,-0.185,0.171,-1.02,0.765,0
-0.823,1.332,-1.281,0.167,-1.256,0.427,-0.319,-0.458,0.379,-1.571,2.319,0.452,-0.015,-0.984,-0.996,-0.939,-0.386,-0.726,-1.371,1.196,-1.312,0.544,-0.77,-1.529,-0.712,-0.307,-0.396,1.022,-0.592,1.038,1
1.997,-1.649,0.573,0.339,0.717,-0.207,-1.086,-0.889,-0.886,1.274,-0.631,0.1,0.092,1.002,-1.439,0.514,1.645,1.299,1.096,-1.218,-0.227,-0.905,1.023,-0.994,-0.243,-1.029,1.216,-2.162,1.413,-0.426,1
0.068,-0.268,-0.813,-2.308,-0.307,-0.694,-0.97,-0.57,0.629,1.26,-0.281,1.145,0.887,0.397,1.262,-0.846,0.134,-0.712,-0.296,-0.005,2.058,-0.258,0.405,1.556,0.091,0.937,-1.194,0.651,1.671,-1.967,0
0.3,-2.26,0.392,-0.914,1.8,0.558,0.61,0.348,2.147,-0.792,-1.452,-1.174,0.188,-0.356,0.413,-0.268,1.093,-0.87,0.095,-2.018,-1.34,-0.221,0.358,1.949,0.607,0.599,-0.331,0.895,-1.531,0.254,1
0.138,-0.481,-0.491,0.903,-0.903,-0.547,-0.189,-1.147,1.14,-1.669,0.639,1.213,-0.409,-0.62,0.896,1.062,0.78,-0.703,1.313,-0.294,-0.564,0.731,0.069,-0.931,-1.009,0.505,-0.522,-0.749,0.387,0.805,0
-0.295,0.533,-0.249,-0.347,0.088,-0.851,0.185,-0.557,-0.156,-0.517,-0.866,-2.183,-2.225,-0.322,0.228,1.627,0.367,1.605,0.943,1.88,-0.168,1.517,0.878,-0.289,0.994,0.409,1.015,-0.648,0.825,0.996,1
0.382,-0.754,-0.172,1.159,0.292,-0.822,1.148,-1.054,-1.203,-1.209,-0.206,-0.098,-1.901,-3.261,0.659,1.317,-0.987,0.91,-0.158,0.102,1.016,2.19,-1.265,-0.076,-0.885,-0.792,1.784,-0.085,0.075,0.449,1
0.3,-0.823,0.889,-0.613,0.313,-0.579,0.375,0.754,-0.097,1.451,-0.874,1.264,0.582,-1.026,-0.736,-0.569,-1.554,0.311,0.879,-1.73,-0.127,-0.739,0.718,0.459,0.699,0.762,1.243,0.848,-0.003,-0.839,0
1.579,1.151,-0.299,-0.142,-0.397,-1.588,0.879,-0.787,-0.767,0.973,-0.635,0.656,-0.275,0.827,-1.363,-0.068,-1.602,0.385,0.073,0.157,0.809,-2.138,0.376,-0.422,-0.793,-0.189,-0.858,-0.169,0.911,-0.083,1
1.319,-0.166,0.867,-0.721,-0.864,-0.0,0.538,-0.642,0.319,-1.738,-0.258,-0.783,-0.12,-0.26,1.044,1.336,-1.053,0.38,-0.161,1.406,1.009,0.006,-0.057,0.622,-0.257,-1.011,-0.548,0.332,1.423,-0.928,0
-0.517,1.619,1.562,-1.013,-0.455,-1.115,0.785,-0.445,-0.043,-1.104,0.127,-1.091,-0.199,-0.943,1.67,0.969,-0.678,0.483,0.822,-1.375,-0.474,0.859,0.658,0.099,-0.514,0.103,-0.753,0.13,-1.511,0.585,1
0.803,0.716,1.431,-1.002,0.288,0.227,-0.808,-1.097,-0.75,-1.334,-1.69,0.452,1.638,1.862,-0.926,0.828,0.888,0.629,-0.827,0.343,-0.597,-0.095,0.375,-0.661,-0.056,0.623,0.66,2.037,-0.412,1.678,0
0.542,0.488,1.279,-0.063,0.491,-1.945,0.307,0.749,-0.386,0.858,-1.378,2.04,-0.745,-1.444,-1.62,-1.357,0.894,0.514,-0.878,-0.126,-2.701,1.127,-1.285,0.248,0.502,-1.216,-0.896,-1.176,-2.127,-0.337,1
-0.33,-0.331,-0.619,1.905,0.59,2.896,-2.054,0.92,1.229,-2.341,-0.714,0.406,0.476,0.046,0.384,0.271,-1.695,-0.521,1.988,1.121,-0.264,0.902,-0.532,0.711,0.593,-0.103,0.458,0.035,0.384,-1.285,0
0.045,1.038,-1.261,-1.748,-0.184,-0.485,-0.271,0.502,0.425,-0.029,0.079,0.927,2.696,-0.963,-2.343,-1.069,-1.427,-0.772,-0.543,-1.266,-0.078,-1.038,-0.18,-1.446,0.643,-0.358,-0.443,0.125,-0.958,0.444,1
0.948,1.722,1.614,0.242,-0.62,0.697,-0.888,-1.0,-1.146,-1.801,-0.913,2.461,-0.597,-0.428,0.495,0.714,-1.401,0.392,1.148,-0.146,2.347,0.095,1.817,0.414,-0.263,0.336,1.542,-1.171,0.713,0.53,1
0.778,0.956,2.195,0.248,0.48,-0.598,-0.522,1.16,1.861,0.644,1.128,3.305,-1.756,-0.285,0.936,-1.807,-0.022,0.401,-0.524,-0.586,-0.224,-0.959,-1.118,0.28,-1.715,1.729,0.687,-0.162,0.247,-1.522,1
0.089,2.161,-0.576,1.451,0.804,0.752,-1.528,-1.247,-0.262,-0.972,1.928,0.085,0.608,1.877,0.516,1.979,-0.919,1.749,-1.319,-1.255,0.1,-0.303,-1.214,0.258,-1.27,-0.822,0.683,0.494,1.006,0.758,0
-0.451,0.289,-1.195,0.484,-1.549,-0.794,1.405,0.345,-0.641,-0.743,0.082,-1.318,0.071,1.429,0.483,0.809,-2.096,-1.263,0.419,0.095,1.159,1.487,0.027,-2.073,0.805,-0.397,-1.236,0.841,0.891,1.811,0
1.314,0.376,1.589,-0.723,0.868,0.98,0.799,0.732,0.561,-1.278,-0.066,-0.98,-0.068,-0.515,0.673,-0.659,0.263,-1.114,-0.024,2.877,-0.626,0.457,0.006,-1.009,0.2,1.821,1.049,-1.461,1.104,0.622,1
0.503,0.612,-0.02,3.212,0.398,0.617,-0.467,-0.75,-1.09,-0.788,1.311,-0.181,-0.574,-0.748,-0.42,0.689,0.583,0.161,-0.202,0.187,-1.658,-0.535,-1.062,1.075,0.854,-0.787,-1.114,1.436,-0.16,-0.952,1
-0.821,0.168,0.662,1.348,0.565,0.704,0.351,-0.332,0.651,2.073,0.643,0.694,0.206,-0.494,-0.024,0.33,0.942,-0.371,0.444,1.943,1.527,0.291,-0.259,0.298,-0.433,0.825,-1.547,0.703,0.061,-0.554,1
-0.836,1.41,0.482,-0.607,-0.826,-0.239,-1.457,-0.199,0.786,-0.207,0.098,-0.08,-0.974,-0.144,-0.952,-1.094,-0.223,-0.085,-0.31,-0.68,-0.531,-0.739,-1.343,-0.857,1.065,-3.042,0.938,-0.879,-0.394,-1.83,1
-0.287,1.933,1.443,-2.084,0.924,-0.473,0.208,0.853,0.347,-1.81,0.551,0.623,0.181,0.276,0.818,0.851,0.471,-0.223,-0.479,0.63,0.904,1.151,1.202,0.069,0.143,-0.509,-0.67,1.466,-0.731,1.403,0
-0.768,-0.722,-0.526,-1.217,-0.351,0.367,0.818,0.252,0.551,-0.898,-0.899,-0.663,-0.289,0.481,-0.956,0.197,-0.688,0.866,0.043,0.188,1.395,-0.668,-1.042,-0.403,1.24,-1.621,-0.599,-1.274,0.346,-0.18,1
-0.582,-0.309,0.561,-0.462,-0.642,-0.417,-0.905,1.076,1.703,0.459,-1.317,1.399,1.272,0.793,-0.326,-2.077,-0.748,0.668,-0.034,0.249,-2.541,0.808,-1.703,-0.232,-0.938,-0.692,0.355,1.2,-0.877,2.307,1
-0.711,-1.406,-0.307,-2.548,0.869,-0.233,-0.054,-0.703,-0.526,1.842,0.77,-1.085,0.405,-0.068,0.593,0.863,-0.08,2.119,-0.46,0.325,0.147,0.419,-0.261,-0.229,0.082,0.457,1.017,-0.757,-1.143,-2.138,0
0.51,-2.156,0.841,0.951,-0.834,0.875,-0.145,0.821,0.027,0.472,-2.058,0.612,-0.211,0.249,1.211,0.676,0.209,0.679,-0.537,-2.408,-0.951,1.321,-0.943,-0.323,1.719,-1.897,1.477,-0.628,-1.471,1.21,1
0.308,-0.7,-0.496,0.656,0.24,-0.254,0.399,1.168,-0.49,0.432,0.086,0.428,0.193,-1.071,-0.775,0.199,0.351,-1.909,1.287,-0.846,-1.076,-0.103,-0.156,0.073,0.059,1.38,-0.738,0.075,-0.026,2.574,0
-1.238,0.513,-0.343,1.924,0.565,-1.267,0.349,1.154,0.891,-0.387,-1.46,0.546,-0.771,0.048,-0.183,1.001,-0.163,0.409,1.694,-0.494,0.078,-1.742,-1.601,0.234,1.349,-0.222,-0.819,0.36,1.038,1.668,0
-0.542,-0.082,0.544,0.215,-0.923,-0.332,-0.094,-0.642,2.243,0.514,-0.585,-0.357,-0.33,0.791,1.328,-0.022,0.845,0.629,-0.631,-0.222,0.139,-1.236,-1.662,0.877,-0.87,1.495,0.529,-0.011,-1.305,0.749,1
0.313,-0.098,1.026,-1.478,0.92,0.284,-0.388,0.519,-0.377,-0.079,-1.302,-0.287,1.372,0.517,-0.519,2.592,0.087,-0.407,-0.044,-0.821,0.237,-1.546,-0.273,-0.179,-0.102,-0.838,2.476,1.866,1.533,0.121,1
0.469,0.378,-0.867,-0.001,-0.551,1.309,-1.115,1.369,-0.035,-1.295,0.273,1.431,-2.233,-0.698,1.25,0.142,0.893,0.533,-2.071,-0.1,-0.411,-1.64,-1.023,-1.07,1.447,-1.191,-0.857,0.701,1.722,0.503,0
0.535,-0.765,-0.41,-1.657,-0.408,0.719,1.724,-0.308,-0.226,-1.944,0.744,-0.247,1.399,-1.889,-0.682,-0.961,1.773,0.609,0.579,0.764,-1.703,0.063,1.774,0.842,-0.977,-0.476,-1.36,-0.017,0.4,-1.036,0
-0.863,-2.277,0.981,0.192,-1.026,-0.959,-1.086,1.648,-0.028,0.201,0.697,-2.279,1.053,0.378,-1.475,-1.137,0.326,-0.054,0.849,0.255,-1.076,0.804,-0.211,-1.99,0.546,-1.923,0.255,-0.602,-0.094,-1.412,1
-1.342,0.432,-0.621,0.07,-1.02,0.421,-2.378,-0.962,-0.454,0.621,-0.021,0.299,-0.663,-0.853,0.114,0.551,1.275,0.972,1.065,0.445,-0.81,0.924,-0.88,-1.182,-0.262,-2.546,2.268,-0.255,-1.279,1.259,1
-0.644,-0.107,1.419,-0.46,-0.066,0.326,0.024,-0.164,-1.273,0.555,1.738,0.137,0.473,0.196,-1.443,-0.819,0.232,-0.988,1.173,0.504,-0.903,0.217,0.311,-0.602,-0.436,-0.803,-2.38,2.105,-0.721,1.388,1
-0.367,-1.07,1.598,-1.592,-0.475,-0.917,0.787,1.166,-1.542,2.232,-0.163,0.143,-0.039,1.155,0.115,0.149,1.129,0.789,1.784,-1.306,0.186,0.95,0.13,-0.044,1.264,-0.469,0.027,0.304,0.971,-0.404,0
