feature_1,feature_2,feature_3,feature_4,feature_5,feature_6,feature_7,feature_8,feature_9,feature_10,feature_11,feature_12,feature_13,feature_14,feature_15,feature_16,feature_17,feature_18,feature_19,feature_20,feature_21,feature_22,feature_23,feature_24,feature_25,feature_26,feature_27,feature_28,feature_29,feature_30,feature_31,feature_32,feature_33,feature_34,feature_35,feature_36,feature_37,feature_38,feature_39,feature_40,feature_41,feature_42,feature_43,feature_44,feature_45,feature_46,feature_47,feature_48,feature_49,feature_50,target
0.137,1.525,1.472,1.702,-0.284,0.101,0.657,-0.334,-0.629,2.044,0.366,1.298,0.152,1.269,-1.629,-0.072,-1.074,0.292,-1.161,-1.639,-0.132,0.007,-0.686,-1.896,-1.071,-1.425,0.739,2.346,0.621,-0.514,0.8,-1.88,-1.961,1.349,0.212,0.116,1.397,0.441,-0.589,-1.163,0.209,1.146,-0.827,0.252,1.02,0.751,-0.035,-0.632,-0.259,-1.447,1
-0.792,0.456,0.689,-0.032,-0.14,0.108,0.499,-0.281,-0.393,-0.79,-1.234,-1.456,0.391,2.125,0.829,-0.384,-0.16,1.516,-0.72,-0.915,0.022,-1.317,1.79,-0.838,-0.523,-0.793,0.003,-0.693,0.123,1.049,0.159,0.886,0.694,-1.764,0.766,1.429,0.309,-0.554,0.115,1.026,0.686,-0.194,-0.641,1.19,1.369,-0.198,0.371,0.861,-0.472,-1.035,0
-0.121,-0.595,-0.205,0.56,0.281,0.092,-0.264,1.603,0.422,0.688,0.337,0.633,-1.496,-0.734,1.71,-0.221,-0.103,1.2,-0.122,1.914,-1.629,-0.245,0.167,-1.099,-0.059,-0.021,1.05,-0.631,0.708,-0.742,-0.146,-1.347,0.28,-1.711,-1.307,-0.966,-0.593,0.34,2.11,0.771,-0.227,-2.121,-1.567,-0.139,-0.145,0.497,-0.357,-0.321,0.29,-0.061,0
1.785,0.123,-0.712,-0.389,-0.742,0.759,0.188,-0.155,-0.575,-0.615,0.901,1.151,-1.303,0.144,1.867,1.35,1.544,0.428,-0.601,0.001,1.253,-1.671,-2.126,-0.09,0.476,-1.002,-0.595,1.888,-0.06,1.673,-0.11,-0.319,1.005,0.105,-1.374,-1.154,-0.856,0.288,-0.819,0.312,2.15,0.823,0.654,-0.548,-0.108,-0.993,0.106,1.661,0.57,1.834,1
0.359,0.842,2.031,0.095,0.2,1.198,-0.222,-0.079,0.56,1.514,0.105,-0.814,-0.626,-0.068,-0.151,-0.687,0.785,-0.289,0.249,1.079,-0.88,-1.022,0.239,-0.656,0.141,1.434,0.544,0.379,-0.352,0.114,0.024,-0.976,1.792,-1.095,-0.018,-0.743,0.01,1.511,1.29,0.331,0.066,0.169,0.437,0.89,1.633,0.585,1.037,-1.091,-0.159,0.511,1
-1.015,-0.188,-0.737,-1.135,0.404,-0.773,-0.709,-0.889,1.546,-0.404,0.139,0.549,-0.279,-0.202,1.855,0.866,-1.323,1.101,-3.009,0.019,-1.721,0.66,-0.761,-0.421,0.125,-1.216,0.109,-0.336,-1.105,1.11,0.01,-1.674,0.216,-0.301,-0.476,0.153,-1.071,-0.479,0.386,-0.769,1.001,0.033,-0.244,0.363,-0.217,-0.987,-0.627,0.197,-0.497,1.089,0
0.646,-0.302,0.132,-1.335,1.606,-0.279,0.267,-2.094,-1.646,-1.738,-1.103,0.233,-1.17,0.058,3.423,0.107,-0.852,0.407,1.011,-1.263,-0.849,-0.923,-0.085,-0.173,0.565,-0.584,1.129,-0.915,1.159,-1.906,-0.835,-1.48,-0.294,-1.644,-1.854,-0.117,-0.031,-0.236,-0.1,0.388,0.922,-1.785,0.372,0.216,-0.546,0.732,-1.527,0.381,-0.743,0.617,0
-0.251,0.43,-0.177,-0.802,0.696,1.411,-1.061,-0.273,-1.846,-0.42,0.452,-0.643,-0.884,0.362,0.73,0.296,0.347,0.942,0.587,0.062,-0.335,0.524,0.959,0.676,-0.122,-0.073,-0.137,0.754,1.326,0.985,0.619,0.528,-0.471,1.059,-1.561,-1.128,-0.782,0.26,-0.515,0.107,-1.196,0.777,0.087,0.279,-1.593,0.675,-0.17,-0.573,1.2,1.046,1
1.22,-1.259,0.989,-1.329,2.171,0.431,-0.684,-0.721,0.796,0.698,1.469,-1.047,-0.386,0.852,-0.895,0.057,0.377,0.932,-0.485,-2.405,1.001,-0.176,-1.163,-0.559,-0.699,1.034,-1.614,0.674,-0.955,0.653,-0.038,-1.195,-0.342,-0.132,0.377,0.716,0.993,-2.096,0.313,-1.046,0.841,0.331,1.089,-0.539,-0.241,0.381,0.118,-0.159,1.504,1.35,0
-0.79,0.356,-1.027,-0.752,1.469,0.866,-2.04,-0.864,0.516,1.035,0.31,-1.017,-0.962,-0.542,0.352,1.249,-1.299,-1.257,-0.249,-0.02,1.819,-1.312,0.767,1.841,0.348,-0.411,-0.852,-0.248,-0.589,-1.289,-0.16,0.038,-0.513,-0.203,-1.11,0.346,-0.477,1.197,-0.261,-1.192,-0.661,-0.271,-2.36,-0.822,-1.588,-1.352,-1.07,1.09,-0.258,0.009,0
1.682,-0.604,-2.133,0.417,0.576,-0.856,-0.015,1.31,0.519,1.303,2.896,0.639,0.69,-0.61,0.137,-0.049,-0.79,-0.919,-0.155,0.088,0.036,-2.327,0.53,0.193,0.564,0.423,0.469,-0.383,2.386,0.331,-0.046,-0.471,-1.698,-2.456,2.352,-0.341,-0.951,0.078,0.537,0.585,0.797,-2.223,0.959,0.581,-1.118,-1.729,0.238,0.39,-0.339,-0.434,0
-1.466,-0.476,0.789,-0.215,-0.687,-1.34,0.107,0.213,0.622,0.695,0.957,-0.5,1.18,0.044,1.168,0.814,1.601,1.34,-1.044,1.089,-0.886,1.177,1.451,-0.601,1.153,-0.821,-0.101,-1.12,-0.711,-0.106,0.335,-0.758,-0.206,-0.792,-0.427,0.039,-0.197,0.574,-0.496,0.767,-2.332,1.341,-0.637,-0.852,1.057,2.44,-0.372,0.022,1.268,0.772,0
0.331,1.134,-0.034,-1.925,0.029,0.118,1.971,-1.313,-1.628,0.6,-0.133,0.461,0.14,1.772,0.122,0.676,-0.024,-1.398,0.944,-0.393,-0.944,1.007,-1.341,0.081,0.538,-0.389,1.123,-1.749,-1.525,-0.398,-0.191,0.3,-1.833,-0.195,-0.298,-0.309,-1.12,2.194,-0.73,-0.368,0.019,-0.598,0.109,-0.609,2.22,-0.223,1.814,1.694,0.243,-1.286,0
-0.646,-1.708,0.153,0.487,0.83,0.112,1.267,-1.07,-0.154,0.82,1.149,0.426,0.303,-1.603,0.65,-0.314,1.531,2.729,-0.608,-1.023,-1.082,-0.267,1.043,0.368,0.271,-0.844,0.091,0.057,0.105,-0.628,0.072,-0.033,0.507,-0.93,-0.448,0.327,0.334,0.246,-2.5,-1.066,1.711,-1.065,1.492,-1.756,0.216,-0.331,-0.719,0.855,0.947,-0.072,1
1.052,-1.723,-1.309,0.077,-0.077,-2.327,2.513,-0.246,0.762,0.828,1.24,-1.575,-0.722,0.888,-0.165,-0.263,1.793,0.908,-1.288,1.932,0.805,0.568,1.286,-0.208,0.155,0.996,1.549,-0.464,-0.1,-0.862,2.201,1.143,-0.739,1.048,0.959,-1.038,-0.857,-1.056,0.176,-1.183,-1.485,1.015,-0.073,-0.893,0.697,1.983,0.2,0.208,-3.186,-1.279,0
2.568,-0.147,-0.597,0.127,-0.172,1.195,-1.085,-0.275,0.755,-0.458,0.565,1.627,-0.527,-0.713,-0.259,-0.672,-0.373,0.976,0.128,-0.399,0.344,0.241,0.563,0.094,0.575,-0.136,-1.086,0.376,0.166,0.318,-1.703,0.978,0.407,-0.773,-1.105,0.831,1.519,2.195,-0.226,-0.342,0.349,-0.239,1.031,-0.263,-0.868,2.026,-2.276,-0.595,1.942,-1.528,0
0.673,-0.004,-1.664,1.302,-1.085,0.868,-1.689,-0.639,0.051,1.205,-0.14,-1.011,-0.36,-2.028,0.727,-0.286,0.608,0.398,-0.361,1.654,-1.38,2.838,0.09,-0.75,-2.142,-1.109,-0.457,-1.382,0.618,-0.215,2.153,0.637,-0.352,-0.91,-0.386,-0.033,-0.598,-1.205,1.061,-0.215,-1.368,1.768,-0.231,1.077,-1.63,-0.483,1.097,0.124,-0.95,-0.703,1
0.128,1.065,-1.772,0.149,0.225,-1.77,-0.377,-0.78,-0.182,1.22,0.511,-0.732,-0.076,-0.677,-1.272,-0.759,0.045,1.489,0.488,0.814,0.617,0.746,-1.247,0.598,0.617,-0.095,1.072,0.238,-1.554,0.74,-0.461,-0.78,0.314,0.382,-1.178,0.542,1.096,-0.055,-1.461,-1.176,1.408,-1.167,-0.221,-1.29,-0.095,-1.016,0.025,-1.121,-0.104,-1.197,0
0.324,-0.009,1.183,1.003,-1.185,-1.69,0.886,0.634,-0.411,-0.907,-0.679,0.14,-0.384,-0.514,0.711,-1.048,-0.648,0.584,0.109,-0.103,-0.905,-0.16,-1.38,0.138,-2.064,1.31,0.953,1.4,0.078,0.909,-0.535,-0.047,0.544,-0.834,0.722,-1.195,-0.617,1.062,-0.227,-0.371,2.194,-1.363,0.641,1.197,-0.27,-0.636,0.771,-0.183,0.039,-0.157,0
0.754,1.282,0.572,-0.124,-0.398,-0.933,1.783,-0.189,-0.905,-0.319,1.55,-0.075,-0.378,-0.122,0.728,-0.556,0.647,0.155,-0.758,0.154,0.669,-0.422,-1.889,0.073,-1.658,-0.963,0.504,1.473,-1.757,-0.753,0.43,-1.837,-0.004,0.773,0.185,0.349,-1.698,-0.401,-0.243,0.227,-1.99,-0.503,0.826,0.577,0.564,1.706,-0.283,-0.329,0.57,1.402,1
2.473,-1.189,-0.66,0.577,0.397,1.851,-0.295,-0.146,0.005,-0.915,-0.458,0.522,0.015,1.751,-0.4,-0.655,0.602,1.94,0.076,1.317,1.2,0.582,-1.65,0.52,3.3,-0.409,0.729,0.21,-2.659,-1.625,-1.188,-0.712,-0.309,0.183,-0.265,1.179,1.37,-0.402,0.778,0.835,-0.727,-0.174,1.192,1.403,0.783,1.016,1.871,-0.297,1.044,0.204,1
1.619,0.725,-2.064,0.37,1.096,-2.017,-0.556,0.603,-1.436,-1.414,0.818,0.554,-1.459,0.806,-0.145,1.391,-1.309,-1.814,-0.884,1.897,-0.571,-2.357,1.296,1.046,-1.874,-0.977,0.275,0.032,-1.562,-1.142,0.678,1.525,-0.223,-0.601,-0.074,0.918,-0.391,1.565,-1.045,-0.052,-1.535,1.075,-0.713,-0.141,0.691,2.643,-2.736,-0.61,0.252,-0.27,0
0.377,-0.206,2.058,0.912,0.356,1.13,-0.279,-1.341,0.064,-1.626,-1.337,0.307,-0.455,-1.234,-0.278,-0.08,0.101,2.676,1.033,0.736,-0.907,1.267,0.376,-0.734,0.328,-0.146,1.866,-0.607,1.011,-0.559,1.227,1.14,-2.49,-0.788,0.551,-0.3,0.583,-0.249,-1.336,-0.366,0.321,-0.559,-0.499,-1.628,-0.455,-0.924,-1.318,-0.179,0.49,0.309,0
-0.89,1.757,1.345,-0.072,0.134,0.397,0.855,-0.674,-0.349,-1.422,-0.29,1.444,1.745,0.214,-0.037,-0.935,-0.517,-0.373,0.909,-0.562,-1.319,-1.517,-0.157,-0.097,0.589,0.289,-0.139,-0.084,0.164,0.582,0.7,-0.322,0.314,-1.864,0.308,1.573,-0.568,1.509,-0.315,-0.398,0.99,0.471,0.578,-0.127,-0.746,-0.718,-0.792,-0.801,-1.856,-0.213,0
1.04,-0.127,-1.374,0.155,1.204,-1.407,0.067,0.535,-1.262,0.08,0.577,1.093,-0.342,0.68,0.306,1.253,-0.441,-1.149,0.68,-0.104,-0.767,-1.301,0.405,-0.122,1.541,-0.947,-0.289,-0.493,-0.834,0.085,1.748,0.773,0.184,0.56,0.642,2.093,-3.602,-0.057,0.331,-0.064,3.096,0.272,-1.588,-0.84,-1.063,0.354,0.581,1.033,-0.589,0.821,0
-0.529,0.093,-0.633,-1.262,0.963,-0.017,-0.523,0.271,0.343,-2.0,-0.965,0.869,0.016,-0.483,-0.172,-1.385,0.086,-0.448,-0.641,-0.356,-0.197,-1.023,1.758,1.471,0.029,-0.162,-0.473,0.429,-1.651,2.149,-1.034,0.085,-1.07,-1.162,0.05,1.572,0.581,0.776,-0.45,0.535,-1.032,-0.986,0.9,-0.582,0.782,-0.501,0.805,-1.69,1.203,0.437,0
-1.064,-0.652,-1.062,-0.919,1.593,0.035,-1.371,-0.925,-0.489,1.054,0.36,0.907,-1.157,0.757,0.361,-1.063,-0.12,-1.494,-0.756,0.342,-0.349,-0.688,0.648,0.483,1.287,0.052,-0.162,-1.524,1.163,-0.187,0.114,-0.095,0.191,2.167,-2.102,0.013,-0.852,0.006,-1.31,-0.968,0.576,-0.168,-0.052,-0.756,-0.765,0.075,0.077,1.073,1.074,1.263,1
-1.283,0.898,1.208,-0.23,-1.019,-0.873,-0.688,-0.184,-0.87,0.274,-1.041,0.114,-1.515,1.24,-0.905,-0.716,-0.014,-0.755,0.969,-0.182,2.508,1.914,1.137,0.214,0.22,0.052,-0.424,-0.281,0.713,0.055,-0.181,1.463,0.152,-0.427,1.054,0.832,0.164,0.562,0.533,0.517,-0.491,1.307,-1.039,0.802,-0.369,0.547,-0.922,0.167,0.475,-1.121,1
-0.035,-2.268,-0.096,1.853,1.41,0.69,1.539,-0.496,2.705,-0.259,-2.113,3.199,2.013,2.872,0.594,1.504,0.08,0.896,0.461,0.132,0.98,0.542,0.592,-0.493,0.27,-1.252,0.289,1.954,-0.94,1.076,0.404,-0.452,0.204,0.461,-0.877,1.216,0.089,1.263,0.182,1.042,-1.314,0.079,0.253,1.038,-1.017,-0.336,-0.124,-0.374,-0.158,0.694,1
-0.102,-0.034,-0.055,1.28,-0.088,-0.589,-0.718,-1.376,0.196,-0.29,1.001,-0.887,1.021,-0.785,0.659,1.226,0.299,0.574,-0.457,-2.044,-0.49,0.678,-0.062,0.791,-0.89,1.061,-1.31,-1.238,-0.833,-0.484,-0.856,-0.189,-1.036,0.766,0.191,-1.416,-0.912,-0.919,-1.001,1.855,1.175,-1.318,0.462,0.589,0.262,-0.248,-0.146,-1.015,-0.749,1.748,0
-0.451,-0.588,0.304,-0.501,0.943,0.098,-0.755,0.038,-0.098,1.077,0.474,1.616,1.69,0.675,-1.588,0.668,-0.481,0.786,0.827,0.186,0.573,1.621,0.389,-0.361,-0.66,1.259,-1.199,-0.186,1.391,-0.148,0.612,0.544,0.126,0.25,0.918,-1.336,-0.645,-0.494,0.057,-0.906,-0.475,-1.145,0.062,0.144,0.557,-0.452,-0.133,1.401,-0.38,0.602,0
0.408,-2.728,-0.222,-0.401,-0.92,-0.921,0.588,0.745,-0.878,0.747,-1.439,-1.503,0.793,1.118,-0.272,-0.268,0.811,-1.154,1.252,0.389,-0.556,0.507,0.455,1.759,0.531,-0.711,-0.732,0.401,-1.47,0.522,-0.168,-0.311,-0.235,-0.132,-0.112,0.542,0.581,-0.429,0.954,-2.231,-0.167,-0.636,0.979,-0.284,0.385,0.218,-1.178,0.599,1.253,1.688,1
1.758,1.193,-0.697,-0.268,1.113,0.489,-0.244,-0.535,0.191,0.009,0.761,1.025,-1.567,-0.16,-1.401,-0.764,-0.796,-1.399,0.314,-0.99,-0.551,0.881,-0.888,-2.132,-1.339,-1.542,-1.01,-0.86,-2.574,1.664,-0.968,0.14,-0.233,-0.229,1.253,1.902,1.471,-0.349,-0.907,1.699,-0.023,0.675,-0.227,-2.726,0.121,-0.584,-0.239,2.719,-1.236,0.645,0
-0.054,-0.281,1.271,0.854,0.654,-0.251,0.83,0.233,-1.176,0.62,0.426,0.006,-0.737,-0.456,0.071,0.971,0.62,-0.872,0.451,0.793,-0.897,-0.015,-0.648,0.069,0.762,-0.526,0.507,-0.344,-0.87,1.948,0.571,1.878,0.748,1.071,1.939,0.831,-0.325,0.328,0.867,-0.668,-1.134,1.85,1.081,-0.332,-0.832,-0.372,-1.789,-0.167,-0.716,0.4,1
-0.894,-0.016,-0.481,-0.469,0.966,0.657,-0.768,0.139,-0.098,0.676,0.13,1.008,1.393,-0.809,-0.313,0.262,-0.817,1.251,0.908,-0.688,-1.108,-1.976,0.568,-0.849,-1.376,0.107,0.392,1.346,0.175,-0.287,-0.909,-1.201,0.678,-1.347,0.713,-0.011,0.101,0.693,-0.687,1.558,0.043,1.634,0.076,0.211,0.16,-0.582,0.858,0.288,-0.233,-0.696,1
-0.646,0.01,0.456,-0.007,1.121,0.762,0.577,-0.09,0.356,1.807,-2.489,0.721,0.238,-0.342,1.667,1.146,-0.641,0.541,0.738,0.367,0.657,-0.481,-0.357,1.921,-0.712,-0.547,-0.403,-1.09,1.672,-0.821,0.994,-0.003,-0.16,0.509,0.92,-0.24,-0.854,-0.013,0.346,-0.765,-1.077,1.85,-1.032,-0.373,1.845,-1.97,0.391,-0.331,-0.4,0.34,0
-0.117,0.88,-0.444,0.454,-0.285,-1.911,-0.257,-1.521,0.228,-0.753,-0.939,-1.107,1.661,-0.27,-0.209,-1.337,1.639,0.596,0.671,-0.763,0.865,-1.231,0.91,-0.038,0.726,0.425,-0.155,-0.941,0.556,-0.982,-2.022,-0.743,-1.691,-0.027,-0.798,1.769,0.334,0.327,-1.027,1.083,-1.184,1.841,0.022,0.776,-0.275,-1.459,1.422,-0.056,-0.357,1.813,1
-0.786,1.126,0.897,1.609,-0.608,1.421,0.066,0.204,-0.748,0.085,0.709,0.047,-1.891,-0.396,0.512,1.249,0.2,-0.078,0.974,0.421,0.71,-0.961,2.072,1.481,-0.438,0.809,-1.579,-1.365,0.212,-0.626,-1.621,0.919,-0.289,0.329,0.705,0.083,-1.407,-0.123,-1.116,1.407,0.011,0.266,-1.506,-0.128,-0.432,0.15,1.016,1.617,1.364,-0.649,0
0.24,-1.14,-0.839,-1.392,1.705,-1.501,0.592,-0.97,0.414,0.56,-1.998,-0.674,2.306,-0.241,2.211,-2.541,-0.326,0.223,-0.382,-0.283,0.966,-0.881,-0.519,1.274,1.126,-2.675,-0.576,-0.045,1.494,0.761,0.957,2.117,-0.235,1.19,-0.423,-0.354,-0.438,0.632,-1.293,0.548,-1.43,-0.86,1.826,-0.233,-0.102,-0.389,-0.304,-1.345,0.936,-1.074,0
0.415,-0.626,0.421,0.46,1.135,1.414,1.126,0.688,-0.103,1.251,-1.092,0.232,-1.138,-0.322,0.845,-1.05,0.957,1.17,-2.126,-0.112,-0.493,0.318,0.175,0.189,-0.179,-1.157,1.063,-0.786,0.027,-1.142,1.111,-0.523,-1.562,1.916,1.104,-0.678,0.184,0.015,-0.003,0.796,1.657,1.283,-0.888,0.741,0.184,-0.564,-1.015,-0.404,-0.473,-0.705,1
-0.903,-1.348,1.12,1.871,1.32,-1.269,-0.065,0.124,-2.331,-0.872,-2.277,1.579,0.536,-0.697,-3.326,-0.598,-0.593,0.032,-0.422,-0.758,-1.67,0.314,0.432,1.785,1.543,0.345,1.586,-0.732,-1.606,-0.697,-0.506,-1.406,1.385,0.469,-0.443,-0.707,-0.883,-1.115,-0.393,1.65,-0.414,0.227,-0.277,-0.466,-0.215,0.071,0.6,-1.408,0.354,0.274,0
0.815,0.386,1.118,-0.272,-1.546,1.894,-0.929,0.937,0.734,-1.061,-0.89,0.129,-0.685,0.045,0.337,1.151,-1.048,0.274,0.046,-1.546,-0.839,-0.664,1.006,-2.423,0.208,-2.076,0.364,-0.966,-0.992,-1.371,0.32,0.933,-0.967,-0.338,-1.331,-2.092,-0.218,-0.851,0.434,1.336,-0.362,-1.284,-0.756,-0.794,-0.893,-1.016,0.112,0.255,-1.949,2.91,1
-1.396,1.229,0.316,-1.135,-1.676,-1.253,-0.636,0.414,1.23,-0.454,-1.697,0.243,-1.74,0.683,-0.816,0.431,0.663,-1.615,0.421,0.297,-0.431,0.788,1.571,-0.854,0.637,0.546,0.957,-0.714,-0.339,-0.953,0.729,-0.847,0.082,0.782,0.193,0.072,0.308,0.818,-0.758,-0.713,-0.095,0.601,0.74,0.024,0.326,-1.286,-0.458,-0.21,0.191,-1.048,1
-0.602,0.206,-1.255,0.543,-0.236,0.143,-0.849,-1.571,-0.07,-0.019,-0.33,-0.187,0.933,0.27,-1.56,-0.319,-0.703,-2.065,0.056,-0.641,0.451,1.23,-0.276,-0.438,-1.15,0.285,-1.089,-1.034,-0.219,0.016,-0.841,0.484,1.192,1.045,-0.67,1.398,-0.803,0.283,0.99,-1.633,0.265,-0.572,-1.636,1.715,1.749,0.225,-0.786,1.707,-0.294,-3.446,0
0.748,1.411,0.232,-0.109,-0.872,-0.272,1.56,0.665,1.482,-0.644,-0.672,-1.064,0.284,1.505,0.776,0.64,-0.143,-1.992,-0.393,0.164,0.463,0.414,0.104,0.664,-1.223,0.554,-0.65,-1.365,-1.068,-1.363,0.324,0.662,0.645,-0.035,1.093,0.681,-1.063,0.959,1.695,0.122,-1.475,0.715,0.158,0.423,0.976,-2.562,0.729,0.468,0.569,-1.171,0
-1.331,1.285,-0.259,1.068,1.24,-0.445,1.273,0.85,0.994,-0.663,-0.044,-0.627,-1.498,-0.088,-1.936,0.497,0.273,0.29,-1.717,-0.986,-0.998,0.19,0.549,1.607,0.021,-0.532,1.76,0.732,1.35,-1.892,0.464,0.05,-0.617,1.7,-0.7,1.698,-1.163,-3.158,-1.756,0.515,-1.503,-1.629,1.537,-1.211,-1.667,0.261,-1.489,-0.71,1.29,0.174,1
2.237,0.432,-1.222,1.162,1.387,0.673,-1.121,1.431,-1.015,-0.38,-0.379,0.311,0.629,-0.344,-0.281,-0.649,0.338,0.942,-1.035,0.375,-1.311,0.814,-0.439,0.944,-0.514,-0.365,0.817,-0.171,-1.331,-0.96,-0.287,-0.632,-0.546,0.456,-0.676,-0.447,-0.696,-1.367,1.117,-0.214,-1.406,0.889,1.097,0.256,-0.148,0.891,0.408,0.732,0.394,1.193,0
-0.487,1.406,-0.407,0.915,-1.476,1.677,0.252,-0.829,0.26,1.498,-0.195,0.643,-0.167,1.865,-0.965,-0.112,0.673,-0.671,0.265,0.776,-0.865,0.989,-0.248,1.173,1.222,-0.558,-0.752,0.243,0.982,0.207,1.47,1.086,-1.45,-0.294,0.813,0.141,-1.141,1.054,-0.626,0.392,0.547,0.279,0.798,0.678,-1.004,-1.76,-1.898,-1.132,-1.859,-0.92,0
-0.365,-1.986,-0.015,-0.294,0.653,0.839,-0.732,0.637,-0.956,-0.984,-2.031,0.096,-1.734,-1.667,0.657,-0.416,-0.402,-1.424,0.144,-0.544,-0.342,2.441,0.85,-0.821,1.19,0.515,-2.138,-0.81,-0.085,-0.824,-0.472,0.842,-0.336,0.126,0.991,-1.271,0.037,-0.147,0.542,1.229,-1.314,-1.59,1.23,0.016,-0.669,0.754,1.353,-0.411,2.445,-1.266,0
-0.563,-0.153,0.027,1.839,-2.076,-0.07,-0.329,0.628,-1.062,1.113,1.158,1.054,3.406,-0.218,-1.343,0.482,0.179,0.692,-0.021,-0.279,0.709,0.479,0.621,0.846,0.648,-1.14,-1.105,0.121,0.535,-0.321,0.296,-2.302,-0.979,-1.041,0.776,-0.097,-1.879,0.286,0.36,0.154,1.746,0.548,0.978,0.458,1.947,0.802,0.462,-0.728,0.028,-1.241,1
0.208,0.164,-1.022,-1.616,1.393,0.499,1.083,2.055,0.966,0.188,-0.695,-0.602,0.598,0.423,-2.286,-0.114,-0.151,0.229,1.635,0.181,-0.752,-0.442,0.706,-1.147,-2.324,0.268,-0.565,-0.023,-2.16,-1.694,0.244,-1.442,1.368,0.394,-2.465,-0.147,0.766,1.683,-1.889,0.247,0.142,0.346,-0.415,0.772,0.425,-0.148,-0.116,0.009,-0.728,0.343,0
-1.387,1.74,-0.118,-0.549,-0.485,0.688,0.291,0.299,-0.092,-0.323,0.16,0.332,-0.311,0.755,0.303,1.573,-0.313,0.989,-1.195,-0.003,-0.591,-1.472,-1.421,-1.754,-1.522,1.829,-0.258,-0.559,-1.03,-0.048,0.362,-0.091,0.224,-2.362,-1.34,-0.875,-0.295,0.712,0.838,0.714,-0.521,0.322,0.97,0.312,-0.036,0.34,-0.355,0.498,0.842,-1.896,1
1.076,-0.118,0.053,-0.87,-1.447,-0.836,0.495,1.682,0.149,-1.18,0.142,2.651,0.473,-0.044,-1.313,0.478,1.19,-1.576,1.347,0.211,-0.403,-0.892,1.319,-0.112,0.264,-0.71,0.067,0.118,-1.348,0.505,-1.086,0.465,-2.182,-0.881,-0.108,1.708,0.654,1.197,-0.076,-2.212,0.172,1.918,0.05,0.028,0.839,0.971,-0.632,-0.065,-2.261,1.538,1
-0.308,0.359,-0.112,1.292,0.134,-0.93,1.908,0.507,0.722,-0.062,-0.867,-0.081,0.432,-0.965,-0.727,0.866,0.47,-1.839,0.465,1.982,1.882,2.652,0.99,-1.13,-0.809,-1.276,-0.476,0.466,-0.445,0.659,-1.153,-0.624,0.279,2.096,0.869,0.234,0.502,1.735,1.171,-0.769,-0.746,0.423,-0.8,3.223,1.23,-0.409,-0.309,0.035,0.978,-0.676,1
0.601,-2.023,0.436,0.431,-0.222,-1.159,-0.487,0.693,1.904,1.412,0.475,0.088,-1.817,0.463,-0.213,0.046,-1.229,-0.204,-1.388,0.451,0.244,-0.382,-0.334,2.404,-0.991,1.253,0.04,-1.076,-0.767,1.588,-0.308,0.694,-1.24,-0.045,-0.113,-0.093,1.608,-1.482,0.691,-2.148,-0.139,-0.296,1.1,-0.977,1.744,-0.248,-0.221,-0.59,0.7,0.126,1
-2.721,0.63,2.434,1.052,-0.687,-0.241,-0.008,-0.472,0.313,0.244,1.077,-0.095,-1.532,-0.52,-0.069,-1.58,0.164,-0.033,-0.626,0.875,1.657,1.178,0.609,0.918,-0.007,0.974,-0.506,-0.449,-0.545,-0.005,-0.67,-1.204,1.275,1.101,1.456,-0.39,-0.475,1.48,-1.777,1.802,-2.549,1.07,1.419,-0.755,1.223,-0.622,-0.345,-0.103,-1.076,0.858,0
0.311,1.432,0.039,0.573,-0.644,0.727,-0.717,0.738,-2.163,-2.072,0.136,0.724,1.188,-0.567,-0.111,1.105,0.563,0.081,0.066,0.229,0.351,-0.461,-0.705,0.988,0.167,0.643,-2.016,0.324,1.929,-0.495,-0.041,-0.608,0.61,-1.058,-0.171,0.942,-1.07,2.055,-0.605,0.556,-2.245,0.247,-0.228,-0.127,2.646,-2.245,0.796,0.757,0.162,0.395,0
0.864,-0.472,0.712,-1.646,3.049,-0.188,0.126,-0.388,-0.339,-0.374,1.244,-1.719,-0.248,-1.427,-0.886,-1.591,-0.241,1.139,0.91,-0.797,-1.269,-0.318,1.171,-1.191,-0.488,-1.186,-0.494,-0.579,-1.734,-1.766,0.353,1.178,0.745,-0.175,1.736,-0.555,1.113,0.273,0.39,1.242,0.484,-0.734,-0.01,0.611,-0.338,-2.155,-1.076,1.602,-0.301,0.964,0
-0.376,-2.864,0.735,0.896,-0.169,0.336,-0.004,-2.005,0.641,1.611,0.613,0.243,-1.525,0.009,-0.008,-0.346,-0.089,1.204,-0.997,0.576,-0.811,-0.971,0.435,-0.918,0.295,-0.68,-0.745,-0.287,-1.474,0.401,0.821,-0.209,-1.525,-0.357,-0.594,1.053,1.518,0.528,1.757,-1.58,0.775,-0.347,-0.567,-2.208,0.45,1.063,0.889,-1.346,0.56,1.466,1
-0.572,-0.275,-0.86,0.523,1.024,0.269,-1.12,-1.644,0.297,-0.551,-0.583,0.745,-1.808,-0.529,-0.555,-0.942,0.047,0.819,0.785,-0.159,1.285,-1.208,0.576,-0.123,0.528,0.448,0.343,2.395,0.588,-1.783,-1.042,1.307,-0.895,0.641,0.378,0.852,-0.631,-0.518,1.875,0.012,1.023,0.871,0.368,0.172,-0.343,-1.359,0.141,0.308,-0.406,0.77,0
1.51,-0.209,-0.275,-1.993,0.291,-0.932,-1.188,-0.374,0.218,0.818,0.794,-0.585,-1.049,-0.382,1.033,-0.194,-1.71,-0.141,0.059,0.798,-1.966,1.764,-0.013,0.796,0.381,-1.016,-0.433,1.188,-0.166,1.332,1.039,-0.17,0.338,-1.116,-0.928,1.96,1.581,0.753,-0.336,0.13,-0.295,0.292,-2.053,-1.168,-1.55,-1.456,-0.214,-1.237,0.235,0.201,0
0.226,1.293,-0.08,-0.876,1.111,-1.755,-0.409,-1.173,-1.554,-0.341,-0.697,0.098,1.291,0.767,0.02,-0.124,-0.691,-0.835,1.802,-1.26,0.94,-0.643,1.326,-0.991,-1.383,-0.925,1.331,-0.802,-1.962,-0.523,0.299,-1.469,0.268,-0.565,0.63,-0.749,-1.067,0.942,-0.111,-0.796,-2.065,-0.556,0.273,-1.218,-1.408,-1.071,-0.567,0.37,1.892,-0.289,1
-0.692,0.729,-0.342,1.399,-1.823,0.071,-1.158,-0.415,1.011,0.506,-1.165,-0.918,0.975,-0.934,2.096,-0.687,-0.018,-0.183,0.54,-0.628,-0.526,-1.061,0.414,-0.98,0.255,0.4,-0.525,-0.619,-1.193,1.489,-0.681,0.287,2.502,0.614,-0.811,1.801,-2.137,1.243,0.576,0.29,-0.78,1.214,-0.417,-1.734,0.567,0.778,-1.467,0.199,-0.592,-0.02,0
-0.212,2.762,-0.987,0.062,-0.557,1.308,0.296,1.172,1.019,-0.473,-0.396,0.718,1.114,0.025,0.101,0.387,-1.29,-1.572,0.639,0.06,-1.034,0.211,-0.395,1.003,-1.2,-0.229,1.019,-0.2,-0.273,1.564,0.357,-1.132,0.235,0.861,-1.25,-0.392,-0.992,-0.441,-0.103,1.437,0.667,-0.357,-0.138,1.323,-0.118,-0.337,1.081,-1.125,0.411,-0.873,0
0.918,0.458,0.559,-1.013,-0.74,-0.86,-0.012,0.322,0.522,-0.397,-0.868,-0.076,1.005,0.042,0.223,-0.384,-1.039,-1.139,-0.999,0.988,0.562,0.103,0.093,0.121,0.581,-0.66,0.741,1.491,0.349,-0.143,0.573,0.182,-0.379,-0.12,-0.684,1.038,0.391,-1.46,1.246,1.347,0.77,-1.359,-1.185,-0.29,0.155,0.333,0.409,2.388,-0.34,0.911,0
-0.481,0.62,-1.13,0.287,-2.059,-0.359,-1.5,-1.142,1.107,-0.499,0.403,-0.367,0.479,0.699,-0.732,1.237,0.025,-0.025,-0.433,0.984,-0.585,0.064,-0.104,2.398,-0.858,0.455,-1.371,-0.274,-0.393,-1.655,0.858,-0.494,-0.187,-0.19,-0.948,0.102,-0.892,-1.594,-0.879,0.637,0.087,-1.601,2.014,-0.771,-0.067,-0.71,-0.331,-0.637,-0.533,-0.794,0
0.082,1.647,-0.951,-0.307,0.047,-1.575,-0.262,1.867,-1.476,0.478,2.012,-0.671,0.084,-0.902,-1.789,-0.412,-0.347,0.426,-0.007,-0.294,-1.054,0.07,-0.009,0.272,-2.451,-1.546,0.934,-0.272,1.807,-0.223,0.606,0.521,0.28,1.144,-0.725,-0.425,-0.571,0.916,-0.095,-0.372,1.626,-2.487,-0.661,-0.46,-1.665,-1.703,-0.933,-0.497,0.475,-0.765,0
0.191,-0.484,-1.29,-1.16,1.175,-0.14,1.379,-0.229,0.234,0.272,-0.887,-1.111,-0.128,-0.21,0.752,-0.596,0.319,0.746,-1.409,1.46,-0.322,1.812,0.217,-2.107,0.143,0.796,-0.781,-0.649,-1.861,0.094,-0.038,-1.011,1.043,0.773,-1.11,-0.463,0.601,-1.736,1.551,-0.931,1.136,0.908,1.298,-2.144,-0.193,-0.557,-0.421,2.574,-1.144,0.237,0
0.525,-0.831,0.08,-1.064,0.784,-0.332,0.43,1.28,1.796,1.146,0.914,0.679,-1.846,0.022,2.492,1.247,1.345,-0.831,0.468,0.369,0.041,-0.64,0.74,1.251,-1.11,0.087,0.121,0.181,-0.568,-1.415,0.853,-0.919,-0.213,-0.356,-1.758,2.388,-0.155,0.258,0.476,0.593,-0.082,-1.408,0.955,2.118,0.229,-0.311,-0.011,-0.88,0.419,0.279,0
0.419,-0.514,1.522,-0.501,-2.147,-0.069,-0.936,1.22,0.112,0.04,-0.874,0.159,-1.062,-2.771,0.267,0.768,-0.894,-0.588,1.223,0.081,-0.03,0.495,2.146,-0.706,2.127,0.725,-0.187,-0.672,0.74,-1.377,-1.476,1.95,0.284,0.286,0.613,0.224,-1.185,-1.715,-0.022,-1.021,0.134,-0.496,-0.163,-1.006,0.791,-0.66,-0.918,1.431,-0.054,-0.24,0
0.086,-1.788,1.52,-0.417,-2.844,0.793,2.508,0.085,0.692,-0.313,1.751,-0.281,-0.659,0.773,-0.234,-1.221,0.398,2.561,0.496,-1.164,0.068,1.924,1.586,0.207,0.426,-2.023,-0.641,-0.224,-0.794,0.891,-0.958,-1.475,0.379,-1.066,-1.807,0.086,-0.892,0.242,-0.777,-0.111,-1.836,0.005,-0.462,-0.516,-1.582,0.838,-0.099,1.238,-0.439,-0.958,0
-0.936,0.464,1.745,0.512,-0.833,-0.709,-0.304,-0.352,-1.115,-0.329,0.038,0.271,-0.004,-0.623,0.164,-0.783,-1.875,-0.36,0.72,0.411,0.532,-1.112,-0.269,0.399,-0.114,0.165,0.484,-0.014,0.144,-0.153,0.785,0.625,1.26,0.717,-0.316,-0.846,0.707,0.133,-0.176,-1.329,1.115,-1.957,1.022,0.199,-1.191,0.586,1.289,2.156,-1.265,-0.071,1
0.581,0.964,-2.066,-0.422,1.034,1.07,-1.268,-0.454,0.854,-1.131,2.134,0.055,0.111,-0.714,0.765,0.758,0.438,-0.665,0.395,-0.776,-0.859,2.147,0.621,-0.472,0.066,0.488,-1.133,0.072,-0.062,0.383,-0.032,0.277,0.459,-0.541,0.52,1.663,2.088,0.075,-1.306,-0.743,-0.732,2.429,1.305,-1.038,-0.499,0.723,0.299,-0.781,-0.336,-1.086,1
-1.094,1.267,-0.334,0.113,0.458,0.419,0.085,1.456,-0.597,-0.551,0.063,-0.202,-0.015,0.455,0.774,0.506,1.671,0.963,-0.21,-1.11,-1.279,0.664,1.52,0.134,-1.159,-0.839,0.445,0.087,0.528,-1.484,0.085,-0.328,-1.497,0.248,1.375,0.0,0.034,-1.503,0.102,-0.909,-0.522,0.734,-0.101,0.853,1.235,0.785,-0.495,2.561,-0.406,2.149,0
-0.004,1.347,-0.589,0.469,-0.446,1.696,-0.501,1.76,-0.085,1.295,0.537,1.478,-1.019,0.43,-0.231,-0.268,0.739,1.475,0.18,1.639,-0.022,-0.181,1.108,-0.399,-1.195,-3.212,-0.397,-1.526,0.863,2.238,-1.32,0.155,-1.117,-0.27,-0.071,-0.946,0.817,0.493,-1.591,0.258,0.29,1.501,0.603,-1.266,1.467,-0.944,0.265,0.712,-0.639,0.112,1
0.272,1.003,0.68,0.101,-1.107,2.193,0.497,0.054,-0.09,0.004,-2.168,1.962,0.197,1.657,2.121,0.589,-0.502,2.565,1.81,0.992,-0.099,0.15,-1.289,-0.434,0.601,-1.372,-0.731,-0.676,-0.22,0.784,-0.447,0.47,-0.024,0.283,-0.645,-1.031,-1.63,-0.529,1.048,1.306,0.596,-0.557,0.042,0.196,-0.891,-0.298,-1.809,-0.451,-0.161,-1.721,1
0.658,2.238,-0.326,0.067,0.079,-0.411,1.201,0.308,0.403,-0.818,0.169,-0.711,-0.643,0.772,-0.684,-0.964,0.431,1.054,-0.991,-0.098,0.173,-1.214,-1.847,0.43,0.892,0.557,0.246,-0.219,-0.998,-1.321,-1.945,-1.325,0.521,-0.18,1.364,0.016,-1.652,-0.716,0.56,-0.668,-0.785,1.724,1.532,-0.321,0.054,0.351,-0.145,1.568,0.21,-1.753,0
0.39,-0.913,1.057,-0.147,-0.019,-0.758,-0.069,1.434,-0.74,0.966,0.311,-0.19,-0.1,-2.39,-0.481,0.691,0.617,1.257,-1.696,1.849,0.758,-0.298,-0.397,2.206,-0.635,1.471,-0.439,-0.17,-1.552,1.27,0.202,-0.06,-0.518,-1.868,0.36,-0.675,0.241,-0.263,-0.578,0.677,0.574,-1.043,1.5,1.526,0.457,-1.198,-0.706,1.49,1.152,0.622,1
-1.003,-1.463,-0.034,-0.879,0.303,0.954,1.104,1.939,0.225,-1.383,-0.093,-0.639,-2.091,1.108,1.961,0.716,0.646,0.795,-0.504,-1.164,-0.689,0.73,0.179,-1.293,-0.534,0.214,0.016,-1.035,0.273,-0.84,-0.654,1.719,1.103,-0.506,0.059,-0.304,2.778,2.076,-0.37,-1.185,-1.311,1.36,0.573,0.119,-1.312,-1.107,-1.052,1.079,-0.525,-1.586,1
-1.314,0.275,-0.819,-0.278,-0.764,-0.513,1.613,-0.473,0.809,-0.266,-1.865,-1.297,0.187,1.435,1.42,-1.387,0.445,-1.592,-0.605,0.147,0.452,1.417,0.633,-0.668,-0.47,0.602,1.027,0.004,1.358,-2.337,0.797,-0.033,-1.152,0.364,-0.33,-0.027,-0.93,0.909,2.058,0.177,-0.438,-0.71,0.398,0.316,0.85,-1.413,-1.255,-0.076,-1.06,-0.169,1
0.686,1.267,0.565,0.75,0.414,-0.627,-0.488,-0.33,-1.871,-0.554,0.351,0.875,-0.132,-1.514,0.475,1.22,-0.495,0.758,0.074,1.803,1.285,-0.008,0.557,0.911,-0.627,-0.771,0.039,0.517,1.293,0.441,-0.142,-2.74,-0.027,0.098,-1.621,-0.223,-1.708,-1.087,-1.332,1.016,3.641,-1.093,0.453,2.028,1.233,0.266,0.556,-0.781,-0.137,-1.597,1
-0.012,0.163,-0.359,1.058,2.803,0.253,-1.768,-0.122,0.94,-2.705,-1.647,0.149,-0.564,-0.074,-0.124,0.49,-0.668,-1.122,-1.048,0.808,-2.159,0.673,0.246,-0.59,2.129,-1.337,0.48,1.265,-2.031,-1.442,-1.434,-1.526,0.607,-0.135,-0.483,-1.198,0.138,-0.696,0.055,2.041,0.311,2.436,-0.078,-0.179,0.244,-0.32,-0.715,0.169,-0.851,0.882,1
0.382,-0.73,-1.975,-2.453,-0.393,-0.044,-1.755,1.173,1.492,-0.42,-0.224,0.086,0.357,0.641,1.332,0.229,-2.1,1.629,0.242,-0.466,-0.774,-0.25,1.052,-0.439,0.502,0.85,0.835,0.796,0.026,0.859,-0.365,-0.385,2.039,0.259,0.777,-1.05,-0.83,1.138,0.596,-0.935,-0.299,-0.542,0.459,-0.022,0.134,0.045,0.006,1.626,-0.359,-1.035,0
-3.008,-0.572,1.221,0.257,0.776,1.495,-1.577,-1.076,1.43,-0.723,0.161,-0.217,1.219,-0.235,3.501,0.455,1.756,-0.705,0.852,0.926,1.437,2.351,-0.246,1.394,-1.298,1.303,0.243,-1.394,0.845,-1.94,0.086,-0.939,0.262,0.506,1.079,-0.711,1.666,-0.56,-2.274,-0.346,0.4,0.237,2.148,-1.046,0.621,2.328,-0.034,-0.133,-0.22,-0.4,0
-0.011,1.422,-0.401,-2.052,-2.218,-0.571,-0.391,-0.096,2.195,-0.232,0.279,0.801,-0.448,1.379,0.704,0.79,-1.187,-1.263,3.472,-1.092,-0.176,0.503,0.192,-0.59,1.257,-0.587,2.005,-0.499,-0.554,-1.626,0.366,1.404,0.285,1.393,0.29,-0.589,0.309,-0.457,-1.014,0.773,0.354,-1.726,-1.103,-0.817,0.603,0.663,0.648,1.176,-0.347,-0.169,1
-0.704,2.742,1.29,1.265,-0.433,-1.386,1.588,-1.096,0.14,1.72,-1.006,-0.441,0.755,2.784,1.537,0.467,0.32,0.159,-0.15,0.037,-1.338,-0.233,-0.516,-0.148,-0.079,-0.687,0.11,-0.168,-1.391,1.833,-0.893,0.208,-0.103,0.204,-0.158,-1.198,0.133,-0.82,1.522,-1.674,1.371,-1.136,0.936,1.955,2.003,0.736,1.514,0.793,0.519,1.813,1
0.639,-0.756,-0.659,-0.543,-0.381,0.384,-2.318,-0.01,0.389,1.104,-1.711,-0.536,0.72,-0.971,1.065,-0.564,1.829,1.101,-0.035,0.391,0.103,1.572,-0.546,-0.951,-0.347,-2.649,0.201,0.022,1.012,-0.384,0.179,-0.69,-0.777,0.53,0.355,-3.21,-2.241,1.276,-0.685,-0.559,0.502,0.871,-1.48,-0.945,-0.599,-1.062,-1.004,0.755,-1.133,0.223,1
0.882,-0.54,0.702,1.467,0.762,-0.312,0.45,-0.047,-0.45,0.637,2.141,-1.173,1.462,-0.976,-0.432,1.635,-1.635,-0.912,-1.498,-0.546,1.594,1.555,-0.041,0.704,-1.997,-1.483,1.122,0.938,-0.457,-1.08,1.808,-0.059,-0.069,-0.628,-0.768,0.65,0.417,-1.202,-0.894,0.043,0.067,0.87,2.038,-1.179,-1.933,1.054,0.385,-1.642,0.896,0.891,0
-0.566,-0.353,-1.122,1.022,0.77,-0.367,1.266,-0.049,-1.108,1.286,-0.193,0.114,0.901,-0.891,1.718,1.956,-0.214,0.245,0.893,-1.26,-1.024,-0.566,-0.686,-0.342,0.156,1.372,-1.598,1.474,-1.291,0.479,0.44,0.733,-0.115,0.312,0.096,-0.641,0.257,0.781,-0.345,-0.163,-0.683,-1.336,1.163,-1.042,-1.773,1.356,0.675,1.463,-0.593,0.207,0
-1.109,-0.982,0.872,0.016,0.833,-0.1,-0.221,-0.117,-0.406,-1.074,-1.574,1.1,0.583,-0.488,-0.028,0.282,1.288,-0.617,-2.044,0.778,-1.576,-0.23,0.355,-0.572,-0.431,0.197,0.346,-1.102,-1.96,0.305,1.191,-1.93,-0.814,-0.392,0.406,-0.778,0.659,0.534,-1.032,-0.052,-0.404,0.947,-1.399,0.051,-1.096,-1.07,-0.526,1.785,-0.681,-0.263,1
-1.067,-1.0,1.625,0.86,0.851,-1.63,-1.505,0.44,-0.048,-0.013,1.706,1.327,-0.007,-2.141,0.115,-1.324,-0.386,0.517,-0.77,0.002,-0.401,-0.121,0.744,-0.793,0.507,-1.384,-1.397,-1.527,-0.696,-0.454,0.897,0.696,-1.735,0.317,0.93,0.99,-0.766,-1.132,-2.131,0.016,-1.185,-1.379,-0.361,-0.07,0.396,1.39,-1.122,0.196,1.048,0.358,0
1.019,-0.849,0.026,0.758,-0.797,-0.317,0.393,-0.848,-0.867,-1.59,-0.856,0.466,-0.309,1.484,0.593,0.57,-0.903,0.155,0.129,-0.985,-0.104,0.868,-1.115,-0.44,0.883,-0.304,-1.222,-0.227,-0.74,-0.287,-0.229,-0.373,0.879,1.178,-1.52,-0.913,1.217,1.798,1.23,-0.174,-1.129,-1.105,-1.018,0.175,0.678,-0.026,0.511,-0.085,-0.335,0.69,0
-0.474,-0.333,0.992,1.141,-0.638,0.032,0.893,1.018,0.145,1.079,-0.834,1.106,0.242,-1.829,1.59,1.377,1.504,0.382,0.607,1.407,0.271,-0.746,-2.086,-0.206,-0.514,-0.867,-0.872,-0.765,-1.052,-1.056,-0.671,0.968,0.17,-0.6,-1.207,1.231,-0.051,-1.617,0.813,-0.184,-1.046,-1.734,-0.641,-0.217,-0.09,-0.741,1.502,-0.545,0.807,-0.897,0
0.173,0.355,0.136,-1.259,-1.353,-1.165,0.465,0.62,-0.834,0.38,-1.09,1.111,-1.991,0.111,0.139,0.132,0.42,-0.876,-0.062,1.036,-1.166,0.844,-0.025,0.438,-0.54,1.12,-0.742,0.795,0.742,-1.046,-1.197,0.029,-0.406,-0.315,-0.31,1.023,-1.38,-0.474,0.539,-0.468,-0.523,0.684,-1.342,-0.098,-0.694,0.562,0.2,0.593,1.032,-0.39,0
-0.2,-0.78,-0.654,0.406,-0.114,-0.965,-0.262,-0.438,-0.205,2.283,0.714,-0.372,-1.392,-0.611,0.03,0.276,-2.149,-0.692,-0.275,-1.501,0.21,1.582,-0.221,-0.97,0.207,-0.981,0.29,0.012,0.058,1.199,0.144,0.182,0.077,0.591,-1.661,-0.016,-2.035,-0.848,-1.112,0.239,0.097,0.004,0.038,1.011,2.226,1.086,0.446,0.116,2.146,1.964,1
-2.068,-0.345,0.338,-0.121,1.844,1.86,1.506,0.109,0.457,0.066,0.874,-0.19,1.539,0.789,-0.328,-0.099,0.331,-1.371,-1.586,-1.218,-1.027,-0.97,0.617,0.219,0.038,0.045,-0.903,0.564,0.981,0.539,-0.285,-1.117,-0.726,1.769,-0.416,-1.094,0.093,-0.054,1.623,-0.067,-1.479,-1.552,0.929,0.959,0.394,-1.036,1.195,0.909,1.185,-0.233,0
-0.416,0.142,0.685,0.608,-0.3,0.717,-1.103,0.835,0.141,0.166,0.453,0.205,1.532,0.635,1.01,1.353,1.96,-0.366,0.059,-1.439,0.168,1.367,1.399,1.581,0.114,-0.998,0.331,0.165,1.679,1.321,-0.684,0.368,-0.773,0.832,-0.602,0.902,-0.441,-0.245,0.232,-0.894,0.903,0.966,0.928,0.24,-0.532,-0.065,0.804,-0.026,-0.609,0.849,1
-0.004,-2.225,1.32,1.227,1.053,0.163,-1.007,0.681,0.506,-1.132,-0.226,0.408,1.455,-1.973,0.623,-2.18,-2.082,-0.352,-0.302,0.551,0.6,-1.276,0.604,-1.141,0.118,0.937,-1.01,0.931,-0.587,-0.562,0.946,0.618,-0.503,-0.139,-1.032,-1.109,-0.937,-0.324,0.471,0.495,-0.91,-0.677,0.891,0.439,-0.764,-0.276,-0.062,0.16,0.582,0.236,0
0.81,0.162,0.499,0.281,-0.988,-0.874,-1.112,-0.258,0.486,0.277,1.928,1.502,-0.565,-0.623,0.934,2.496,-0.489,1.223,-1.932,0.148,-0.35,1.065,0.436,-0.605,0.017,0.938,-1.219,1.799,0.567,-0.277,-1.093,0.317,0.097,0.946,0.019,0.194,0.761,0.202,1.129,0.92,0.694,0.043,-0.12,-0.246,0.262,-1.374,1.085,1.363,-0.443,-1.879,0
2.074,-1.018,0.983,0.745,-1.423,2.075,0.843,0.647,1.135,-0.148,0.571,1.607,0.777,0.748,-1.467,0.692,-1.333,0.184,0.852,0.489,0.394,-1.063,-1.55,1.859,0.695,0.843,0.009,1.167,-0.024,-0.181,0.067,0.373,-1.598,-0.852,-0.64,0.03,-0.528,-0.309,1.854,-0.474,-0.075,-0.672,-0.223,2.244,-0.761,-0.455,0.307,1.105,-0.112,0.539,0
-0.627,-0.222,-0.792,-0.13,-0.81,-1.38,0.161,0.844,0.514,0.011,-1.239,-0.85,1.361,0.062,-0.444,-0.005,1.055,-0.597,-1.012,1.519,-0.681,-0.62,0.357,0.509,1.017,0.118,-0.121,-0.483,-0.555,2.075,-0.646,-0.154,0.905,0.408,-0.475,-0.191,0.58,0.588,0.644,-0.413,-0.837,0.731,-2.098,0.245,-0.152,0.097,0.016,0.423,1.486,-1.196,0
-0.235,-1.386,0.164,-0.268,1.424,-1.216,-0.21,-0.236,0.054,-0.393,2.037,-0.72,-1.002,-0.35,-0.697,-1.061,-1.347,-1.08,0.387,0.07,-0.268,-1.546,-0.53,-1.484,-0.12,0.255,0.918,-0.401,-0.045,-0.791,0.238,-1.751,-2.236,-1.163,0.902,-0.912,0.281,-0.853,1.471,0.42,-0.616,0.527,1.102,-0.137,1.431,-0.346,1.699,-0.312,2.001,1.411,0
1.082,-0.155,-1.349,0.868,-2.279,-0.046,-0.042,1.364,-0.853,0.544,-1.595,-1.222,0.493,-1.197,-0.751,-0.883,-0.269,-0.129,0.147,1.767,0.69,0.815,-1.922,0.402,-0.621,-0.708,-1.026,0.023,0.868,0.081,0.384,-0.808,0.298,-0.017,0.105,-0.711,-1.67,1.006,1.883,0.028,2.216,0.26,1.378,0.024,-0.365,-2.253,-0.039,-0.2,0.503,0.003,1
-0.369,-0.54,-0.314,1.439,-1.071,1.807,-0.322,-0.41,-0.936,2.422,0.309,-0.467,0.974,-1.949,0.001,-0.875,-0.085,0.063,-1.148,-0.292,0.113,-0.068,-0.446,0.224,-0.681,-0.79,1.404,-0.334,-0.074,0.202,-0.265,-0.615,-0.438,-2.93,-0.258,0.033,-0.861,-0.888,-0.291,0.045,-0.868,0.593,1.6,-0.126,1.09,0.305,-0.383,-0.056,1.113,-0.678,0
2.107,0.2,-0.153,0.001,0.802,0.53,-0.618,-1.169,-0.178,1.531,-1.235,-0.959,-0.282,-1.97,1.137,-1.645,1.802,1.208,-1.391,0.096,-1.278,1.695,0.535,-0.504,0.701,-0.633,1.955,0.66,0.268,-1.326,-0.188,-0.486,-0.193,2.256,0.568,-0.74,-1.051,-0.711,-0.276,-0.766,-1.481,1.956,0.383,0.586,-0.31,-0.437,1.35,0.484,1.809,-1.82,1
-0.63,2.799,-1.106,0.482,-0.86,1.243,-1.217,0.71,0.29,-0.166,2.509,0.132,-0.199,0.045,2.001,-0.27,-1.104,2.245,0.967,-0.061,-1.531,-2.016,0.35,-1.382,1.837,0.121,0.226,0.215,0.734,1.092,0.634,-1.58,0.345,-0.172,0.078,1.817,-0.555,-1.347,0.739,-1.287,-1.904,-0.069,-0.662,0.946,-1.444,-0.302,0.236,0.979,-0.445,0.589,0
-0.218,-0.719,-0.097,1.033,0.144,-1.079,-0.657,0.203,0.935,1.036,0.835,-0.47,0.642,-0.043,1.073,0.636,1.065,0.814,-1.528,0.385,0.974,-1.303,-1.772,0.398,0.15,1.232,-1.601,-1.662,0.534,1.006,-0.956,-0.097,0.36,0.404,0.416,-0.782,-0.195,1.351,-0.014,-1.25,-0.995,-0.702,0.259,0.318,0.988,1.498,-0.673,1.38,-2.957,1.957,0
0.194,0.414,0.038,-0.85,0.221,-0.584,1.085,-0.313,0.117,1.306,-0.439,-0.829,-0.597,0.327,2.63,-0.628,-0.266,-0.3,1.21,-0.338,0.742,-1.873,-0.348,0.303,0.921,-0.772,-0.621,-1.098,-1.312,1.732,1.313,0.672,-1.207,-0.759,0.312,0.913,-0.657,-0.655,-1.23,-0.441,-0.021,-0.069,-0.026,-0.824,-0.925,0.904,-0.426,-0.767,-0.6,-0.548,0
1.103,-0.178,-1.099,0.611,1.384,-1.865,-0.458,0.298,0.323,0.878,1.326,1.472,0.351,1.873,1.396,0.946,1.092,-0.159,-1.214,1.027,1.134,-0.078,-1.311,0.027,-0.58,1.009,-0.139,-0.261,-1.613,0.499,-0.997,0.923,-0.063,2.275,-0.912,-0.812,-1.342,0.983,1.003,0.202,0.617,0.479,-0.422,0.874,0.534,0.094,0.799,-1.405,1.56,-0.898,1
1.169,-0.317,-0.068,-0.169,0.681,1.377,-0.461,0.667,-1.467,-0.726,0.736,1.0,-1.148,0.409,-1.147,-0.281,0.075,-1.253,-0.232,-1.023,-1.314,-0.225,-0.564,-0.04,0.807,-1.185,-0.132,-0.879,2.009,0.395,-0.277,-0.232,2.058,0.226,0.042,0.125,0.044,-0.097,-1.038,-2.477,0.139,1.125,0.683,0.061,1.109,0.275,-0.093,0.255,-0.529,-0.63,1
-0.705,-0.52,0.768,-1.188,-1.012,1.023,0.025,-0.347,-0.191,0.403,-0.503,-0.77,0.946,-0.64,-1.169,-0.43,0.593,-1.61,-1.015,-1.15,0.249,-0.479,-0.377,-0.894,-0.209,1.437,-0.755,0.208,1.641,2.372,0.867,0.451,1.062,0.943,0.214,-1.18,0.969,-0.222,1.108,-0.87,0.669,0.865,-0.676,2.352,-0.688,-0.966,-0.437,-0.625,-0.762,1.0,1
-2.002,0.367,0.331,-0.583,-0.475,0.592,-1.473,-0.17,-1.009,0.431,0.903,1.867,2.128,0.622,0.893,0.046,-0.098,-0.444,-1.692,-0.223,-0.502,-0.533,1.56,1.289,-0.821,1.241,-0.074,-0.836,-0.186,-0.092,0.772,0.951,1.159,-0.149,1.818,0.011,0.288,-0.539,0.411,1.611,-0.465,-1.032,0.755,-0.18,-1.846,-0.336,0.638,-0.495,0.067,-1.709,1
-1.488,-0.386,-0.486,-0.923,0.452,-0.129,-0.938,0.558,0.916,0.489,-0.395,1.898,0.912,-1.451,0.468,1.702,0.947,1.065,-0.178,0.339,0.254,-1.248,-1.268,-0.021,0.746,1.367,-1.207,0.745,1.489,1.048,0.168,-0.29,1.408,1.007,-0.916,0.974,1.395,-0.917,-1.061,-1.491,-0.727,-0.678,-0.695,0.053,0.432,-0.068,-1.941,1.505,0.564,-0.122,1
1.672,-0.384,-0.941,0.306,0.651,-1.406,-0.452,1.488,0.112,1.599,-0.283,-2.294,-1.303,1.359,-1.003,-0.139,-0.929,-0.097,-0.133,-0.945,-1.634,-0.03,0.538,-0.925,-1.324,-0.511,-0.827,-0.355,-0.083,-0.428,-0.657,-0.494,1.347,1.775,-0.162,0.358,1.2,0.534,-0.347,0.552,0.059,-0.762,0.925,0.685,1.307,0.981,0.244,2.111,0.089,0.916,1
-0.05,1.496,-0.234,0.078,-0.488,1.812,0.105,2.458,0.051,0.216,-1.763,0.558,-0.815,0.025,2.027,-0.449,0.458,-0.908,0.172,0.96,0.762,-2.304,0.215,-0.331,0.01,0.753,-1.085,0.302,0.615,1.05,0.791,-1.214,-1.666,1.208,0.443,-0.08,-0.935,-1.315,-0.288,0.976,0.619,0.651,1.298,-0.273,-0.162,-0.411,-0.66,-0.595,-1.284,-0.262,0
0.515,2.781,-0.238,-1.743,-1.368,-0.591,-0.979,-1.201,0.467,0.081,0.028,-0.556,-0.122,-0.028,-1.622,0.533,-0.574,-1.434,2.483,-0.756,1.169,-0.809,-0.581,1.035,0.98,-0.47,0.153,-1.133,2.915,1.016,0.056,-2.165,0.95,0.171,-1.05,-0.693,0.272,0.294,0.078,0.692,1.364,-0.301,0.66,-0.347,1.008,0.591,-0.289,0.711,1.193,0.122,0
0.019,0.974,0.964,0.898,0.425,0.911,1.226,0.415,-0.272,-0.744,-1.05,-0.097,0.181,0.421,0.602,0.543,0.502,0.963,-2.179,2.006,-0.52,1.113,0.573,-0.135,0.965,0.885,0.834,-0.178,0.73,-0.015,1.575,-0.394,0.755,0.543,0.662,-0.244,0.27,1.956,1.059,-0.157,-0.611,1.729,0.749,-0.543,0.089,-0.404,-0.086,0.961,-0.668,-0.47,0
-2.992,1.848,-3.336,0.832,-0.373,1.516,-0.618,-0.555,-0.995,-0.585,1.599,-0.726,-1.414,1.671,0.141,-0.598,-0.966,-0.253,1.56,1.85,-0.289,1.073,0.354,1.242,0.67,0.146,0.24,0.604,1.297,0.72,0.409,0.14,-0.89,-0.051,1.123,-0.135,-0.958,0.089,0.088,-0.378,0.039,-0.784,0.821,0.556,-0.952,0.115,1.169,0.64,-0.69,0.143,0
-0.257,0.496,-1.627,0.548,1.206,-2.385,0.958,1.534,0.747,-0.969,-0.837,-0.563,-1.78,-0.747,1.285,-0.126,-0.279,-0.75,2.217,0.348,-1.121,0.1,1.313,-0.303,0.772,-0.902,-1.773,0.896,1.286,-0.309,1.345,0.244,-1.696,-0.983,1.255,0.078,-0.102,-0.114,-1.642,0.216,0.284,0.146,0.378,1.019,-0.676,0.979,-0.636,0.412,-0.534,0.589,0
1.296,-0.813,-1.617,0.869,-0.589,-0.044,0.429,0.225,1.661,-0.557,0.203,-1.279,2.205,-1.294,-0.989,0.594,-0.492,-0.893,-1.303,-2.402,0.575,-0.84,0.913,-1.771,0.086,-0.795,0.914,1.071,0.238,-0.335,2.559,1.024,1.069,-1.664,0.175,-0.016,1.723,0.831,-2.063,0.442,-0.972,-0.113,-0.723,0.101,0.351,0.132,0.684,1.178,0.576,0.279,1
-2.128,1.3,0.025,-0.135,-0.937,-0.047,-1.837,1.055,-0.818,0.719,-0.793,0.254,0.182,-0.789,0.677,-0.282,-0.173,1.207,-0.57,-1.781,-0.8,-0.916,-1.429,0.267,-0.023,1.109,-0.106,-0.127,0.661,-0.444,1.316,-0.09,-0.523,-1.266,-0.703,0.904,-0.335,0.601,-0.656,-0.71,-0.236,3.153,-1.752,1.446,-1.444,-0.775,0.093,1.032,-0.075,-0.952,1
0.034,0.052,1.842,0.233,1.212,-0.787,0.473,0.316,-0.044,-0.473,-1.377,-0.737,0.962,-1.267,1.505,-1.432,-2.223,0.484,-1.899,0.415,-0.23,-0.419,-1.48,1.178,-0.336,-1.26,-1.083,0.336,0.947,0.996,1.651,1.053,-1.703,-1.451,-1.138,1.885,-0.513,-1.455,0.223,1.598,-0.01,-0.937,-0.423,-0.323,-0.5,0.613,-0.141,0.411,0.275,-0.588,0
-0.141,-1.156,0.349,-1.179,-0.074,0.412,-0.264,-0.467,0.087,0.228,-0.418,0.987,1.168,-1.253,-0.734,-0.17,2.018,-0.318,-1.164,-0.268,-0.42,0.407,-1.597,0.735,0.249,1.305,0.642,-0.053,-1.143,-1.247,1.337,-1.184,0.198,-0.356,-0.697,-0.731,-0.694,1.03,0.724,1.268,1.503,-1.399,0.649,1.639,0.579,-0.925,0.502,-0.744,1.338,3.028,0
-0.009,-0.079,1.765,2.33,0.228,-0.426,-0.782,0.352,0.54,-1.642,-1.648,-1.283,-1.846,0.692,-1.125,-0.218,-1.175,2.326,2.798,-0.807,0.214,-1.126,-0.974,-0.612,0.941,-1.066,0.042,-1.671,-2.327,0.066,0.438,-0.826,1.687,-0.363,0.387,0.089,-2.596,-1.08,0.078,1.462,0.711,0.064,-0.418,-0.46,0.266,-0.001,-1.15,0.979,-1.026,1.588,1
-0.382,2.246,1.174,-1.257,1.868,0.058,-0.749,1.415,-0.219,1.453,0.61,-0.673,-2.114,-1.386,-0.438,0.938,-0.186,0.404,0.456,-1.719,-0.578,-0.035,0.196,1.239,-0.004,-0.797,0.964,1.089,0.768,1.484,0.122,-0.616,-0.147,-1.023,0.282,0.325,0.616,-0.056,-0.817,-0.17,-0.001,-0.016,0.408,-0.177,-0.152,-0.292,0.541,1.465,-0.365,1.358,0
-0.136,-0.048,0.832,0.246,1.766,-1.766,-0.534,0.355,0.095,-0.037,-0.138,0.639,1.064,-1.889,-0.796,0.618,-0.297,-0.743,-1.025,0.606,0.211,-1.754,2.184,-0.509,-1.56,-1.138,1.189,0.206,0.882,-0.996,0.89,1.3,-0.926,0.695,0.654,-1.691,0.278,1.819,-1.049,0.168,-1.733,-0.557,-0.861,1.283,-1.056,2.292,1.433,-1.009,-0.202,0.383,1
-0.15,1.001,-0.369,1.992,-1.181,-0.007,0.188,-0.08,1.125,-1.006,0.832,-0.836,-1.635,0.865,1.127,0.003,-0.097,-0.404,1.982,0.318,-0.056,1.012,0.704,0.17,0.569,0.165,-0.987,-0.441,-0.107,-0.306,0.682,-0.968,0.595,-0.132,0.178,0.702,2.01,-0.29,0.811,1.029,-1.065,3.074,0.03,-0.284,-0.143,0.599,-0.266,0.253,1.52,-1.118,1
0.741,1.042,1.216,-1.183,0.752,-0.144,0.21,0.39,-0.063,1.098,1.173,-1.616,0.836,-1.186,-0.813,0.592,-0.452,-0.067,-0.528,0.866,0.114,-0.475,0.905,-0.084,-0.117,1.291,0.327,0.312,-0.726,-0.373,0.045,0.14,-0.407,0.326,-0.556,-0.109,1.101,-0.355,-0.399,0.579,-0.074,0.753,-0.034,0.44,-0.638,0.073,-0.087,-2.262,-1.31,-0.051,0
-0.755,-0.992,1.098,0.711,1.684,1.264,0.58,-2.081,-1.135,-0.422,0.924,0.975,-1.101,0.99,0.339,-1.059,0.511,-0.366,-0.777,2.991,0.493,-0.544,0.417,0.359,0.706,0.87,1.926,0.109,-1.551,1.064,0.169,-0.931,0.535,-0.747,0.913,-0.775,-0.909,-1.099,-0.415,0.628,-1.616,0.488,0.17,-0.554,1.254,-1.428,1.151,-1.454,0.019,-1.082,0
-0.139,1.224,-0.757,-0.548,-0.291,-1.464,0.689,1.51,0.518,-0.779,-0.67,-0.241,0.425,0.554,-1.713,-0.382,0.166,-0.215,0.237,-0.243,-0.888,1.304,1.893,-0.757,0.24,-1.128,-0.425,0.003,-0.064,0.521,1.126,1.627,-1.519,-0.719,-1.549,-0.313,-1.273,0.629,-1.064,-0.976,-0.18,-0.586,-0.55,-0.37,2.564,-0.757,-0.448,-0.684,0.454,-0.557,0
1.102,-0.918,1.806,-1.747,-0.523,0.854,-0.986,-0.692,1.302,-0.802,-0.553,-0.626,-0.659,0.262,2.229,0.011,0.14,-2.105,0.53,-0.387,-0.125,-0.003,-0.512,0.345,0.565,0.004,-0.441,1.331,0.855,1.485,-1.233,1.543,1.452,-2.574,0.623,-0.084,0.345,0.869,0.218,-1.461,-0.431,2.613,-0.367,0.336,0.386,-0.539,1.574,1.77,0.543,-0.557,0
-0.591,-0.02,0.612,0.289,-1.171,-1.244,1.269,0.199,-0.723,-2.763,0.538,0.597,0.005,1.352,0.14,-0.549,0.4,-1.235,-0.421,-1.248,-0.587,0.306,0.433,-0.421,-0.987,1.148,-0.422,0.86,1.302,-0.483,0.305,1.076,0.125,1.291,-0.128,0.783,0.595,0.772,0.304,0.342,1.235,-1.158,-0.277,-2.147,0.565,-1.332,-1.1,-0.215,1.823,-1.289,0
-0.183,0.039,0.534,-0.601,0.372,-1.061,-0.036,0.828,1.185,0.74,0.741,-0.138,0.981,-0.681,0.597,-0.086,1.157,-0.964,-0.946,1.225,-0.53,0.268,-0.456,2.047,1.598,0.804,-1.931,-1.452,-0.311,0.747,-2.45,1.955,1.624,-0.509,-0.183,-0.696,-0.97,-1.201,0.617,0.909,0.259,-0.508,0.46,0.12,-0.665,0.402,0.684,-0.443,1.074,1.399,1
0.301,-0.776,0.363,-1.537,-0.249,0.146,0.089,-1.004,0.156,-0.724,0.624,-0.377,0.098,-2.111,-1.611,1.085,0.223,-0.246,0.767,0.506,0.007,0.452,-0.165,-0.503,-0.607,0.194,-0.146,0.732,-0.662,1.322,-0.389,0.089,0.46,-0.384,1.091,0.351,0.328,-0.34,1.328,-1.388,-0.081,1.665,-1.362,-0.159,-0.356,-0.461,-0.792,-0.672,0.974,0.725,0
-0.121,0.147,-2.009,-0.133,0.24,-0.062,1.513,-0.488,-0.991,0.285,0.222,0.89,0.511,2.885,0.247,-1.438,-0.005,-0.958,1.497,-1.045,0.075,-0.478,1.92,1.345,0.163,-0.556,-0.017,-0.243,0.886,0.676,-0.862,3.11,0.087,-0.489,0.392,1.746,0.633,-0.367,-1.149,-0.397,-0.474,2.282,0.866,-0.223,-0.358,-0.191,0.018,0.009,-1.047,1.212,1
0.291,0.13,0.081,-1.578,-2.421,-0.067,-1.118,-1.924,-0.789,-1.657,-1.587,-0.536,1.004,-0.66,0.605,-0.175,0.89,1.152,-0.469,0.538,-0.316,-0.888,0.002,-0.53,-0.365,0.108,0.623,-0.187,-0.269,1.063,0.625,-0.748,-0.574,0.349,1.389,-0.384,1.197,0.708,0.358,0.827,1.235,0.514,-0.223,-1.59,1.105,-1.419,2.178,0.939,0.288,-0.082,1
0.53,0.505,0.005,-2.163,-1.096,-0.328,1.216,0.367,-0.562,-0.707,0.003,1.878,-0.089,0.151,-0.605,-0.541,-0.565,-0.409,-0.96,-1.159,0.275,-0.617,-0.628,-0.664,0.218,0.087,-0.571,-0.978,-0.437,0.516,0.372,0.028,-0.877,0.065,0.299,-1.458,-0.268,0.937,0.535,-0.449,0.579,0.704,-0.371,-1.754,0.521,0.061,-0.962,-1.119,2.315,0.714,0
-0.335,0.41,2.528,-0.021,-0.088,-1.389,-1.217,0.194,-0.64,-1.062,0.783,-0.961,-0.519,0.267,0.535,2.262,0.151,-0.745,-0.046,-1.247,0.189,0.783,1.412,0.233,-1.242,1.811,-1.631,-2.532,-1.054,-0.263,0.261,1.449,0.538,0.05,0.568,-0.196,-1.212,-0.084,0.667,0.302,-0.276,-1.744,0.843,1.562,-1.764,-0.255,0.793,1.395,1.176,0.037,0
1.376,-0.868,0.191,0.519,0.336,-0.805,-0.748,1.95,-0.669,1.038,0.568,-0.804,-1.775,-0.153,0.568,-2.318,2.357,1.705,0.208,-0.454,1.574,-0.143,-0.587,1.085,0.607,0.726,-0.789,1.457,-0.379,0.391,0.305,0.112,0.218,0.396,0.931,-0.598,0.231,-2.206,0.785,-0.82,0.656,-0.061,0.687,-0.362,1.933,-0.424,-0.435,-0.351,-0.8,-0.573,1
-0.271,0.518,-1.061,0.164,-0.869,-0.99,2.485,0.188,0.443,-0.579,0.998,0.372,-1.36,-0.966,1.255,1.582,-0.869,-0.888,0.36,0.308,1.804,1.115,-1.906,-0.467,-0.298,-0.735,-1.368,-0.498,1.444,-0.633,0.298,-1.007,-1.009,0.592,1.13,1.033,0.507,-0.705,-1.175,-0.032,1.523,1.559,0.878,-0.86,0.712,-0.086,-1.046,-2.07,1.622,0.543,0
-1.256,0.785,0.214,0.88,0.361,-0.357,-0.479,-0.544,-0.635,-0.338,0.935,0.092,-0.396,-0.245,-1.254,-0.395,0.782,-0.938,-1.43,1.628,-0.318,0.117,-1.715,0.615,-0.748,-1.051,0.322,0.911,0.746,-1.15,2.642,-0.077,-0.07,1.105,-2.574,0.347,0.748,0.189,1.178,0.974,-0.216,-1.838,0.023,0.949,0.151,-0.117,2.528,0.286,-0.254,-0.355,1
-0.565,0.362,-0.876,1.587,-1.275,-0.475,1.427,1.761,0.052,1.217,0.25,0.053,-0.858,-0.066,-0.041,1.493,0.668,0.081,-0.015,0.09,-1.219,-1.443,1.556,1.754,0.124,1.076,0.733,0.216,-1.701,-0.254,0.308,-0.976,1.046,-0.3,-0.748,-0.167,-0.933,2.246,0.066,0.827,1.213,-0.077,0.008,-0.698,0.11,-1.822,1.952,-0.048,-0.207,0.511,0
0.251,-1.064,-0.422,-1.61,0.234,-0.391,-0.401,0.737,1.126,0.469,0.498,0.007,-0.421,1.576,0.929,0.863,1.046,-0.573,-1.008,-2.593,-0.682,0.297,-1.209,-1.111,0.032,1.88,1.652,0.862,0.244,-0.27,-0.135,0.559,1.637,0.03,-0.844,0.61,-0.759,0.426,1.245,-0.23,0.948,-0.518,1.066,-0.324,0.075,-0.173,-0.112,1.031,1.9,-0.541,1
1.171,-0.839,-0.214,-1.258,1.615,0.844,-0.032,0.186,-0.122,0.449,0.136,0.711,2.371,-1.627,-1.392,-0.869,0.523,0.813,-0.435,-0.1,-1.441,-1.375,0.754,-1.044,1.766,0.402,-0.046,-0.167,-1.093,-0.3,0.595,-0.883,-0.286,0.324,-0.044,-0.068,0.887,-0.975,-0.481,-0.849,-1.007,0.196,-1.355,-0.766,0.302,0.747,1.348,0.079,1.546,0.573,1
-0.467,0.322,-2.275,-0.957,0.444,-1.003,0.741,0.074,0.462,0.313,-0.787,0.46,-0.25,-2.02,-0.788,1.019,-0.434,1.882,-0.136,-1.375,-1.905,0.74,-0.563,-0.85,1.113,0.005,-0.569,0.244,-1.096,-0.178,0.591,-0.103,-1.183,0.206,0.073,0.272,0.868,1.424,-1.657,-1.206,0.239,0.023,-1.469,0.318,0.287,1.991,1.339,1.275,-1.446,-1.371,1
-1.271,-0.931,-0.361,-0.893,0.101,2.311,2.753,-0.388,0.629,-2.101,-0.275,0.8,1.063,0.233,0.269,0.222,-0.649,-0.111,0.386,-0.262,-0.013,-1.104,0.614,-0.951,0.049,-0.789,0.331,0.122,0.745,1.719,-0.156,-1.895,0.632,0.263,0.133,0.384,1.104,-0.031,-0.932,0.819,-1.029,1.983,-0.522,-0.693,0.693,0.853,-0.991,1.426,0.752,0.089,0
-0.238,-0.173,-0.162,0.24,-1.326,-0.654,-0.737,-0.014,1.366,-1.681,0.12,-1.159,0.337,-0.647,-1.959,-1.596,0.503,-0.588,0.918,-0.337,0.933,-0.033,-1.822,-0.745,-3.316,-0.483,1.972,-0.811,0.171,0.05,-1.378,-0.406,-0.563,-0.974,-0.894,0.171,0.281,1.127,-1.531,0.879,-1.627,0.064,1.873,0.369,0.776,-0.49,-0.252,-0.419,0.882,0.214,0
-0.575,-0.841,-0.497,-0.092,-1.399,-0.37,-0.327,1.142,-1.694,1.164,-1.559,-0.241,0.606,0.172,0.822,-1.138,0.215,-0.413,0.187,-1.996,0.41,0.461,-0.335,-1.138,0.252,-1.102,0.853,0.338,0.443,-0.321,0.874,0.431,-0.005,0.797,0.307,-0.081,0.86,0.878,1.646,-1.241,-1.124,0.627,0.562,0.094,-1.398,1.013,0.02,0.485,-1.42,-1.477,1
-0.833,-1.666,0.927,0.229,-1.862,0.359,-0.986,-1.162,-0.62,-0.938,0.185,-0.83,1.757,-0.013,1.024,1.426,0.309,-0.664,1.532,0.35,-0.501,-0.932,-1.501,0.158,-0.334,1.67,-0.507,-0.43,1.028,0.625,2.571,-0.107,0.678,0.363,-1.514,0.019,0.272,0.136,-0.693,-0.866,-1.969,-0.217,0.771,1.214,0.36,0.211,-0.514,0.243,-0.778,-0.485,1
-0.813,-0.27,-0.447,0.388,0.416,1.144,-1.484,-1.466,-0.877,0.119,-0.386,0.1,0.889,0.566,0.797,0.691,-0.353,0.28,1.936,0.229,2.881,-0.763,-1.406,0.543,0.584,1.548,-0.445,0.841,1.221,1.108,-1.484,1.372,-2.719,1.174,0.237,-0.385,0.132,-0.185,0.895,-0.7,0.479,-0.066,-1.069,0.615,-0.279,-0.965,-0.887,-1.44,-0.318,-2.684,0
1.649,-1.076,0.669,-1.516,1.148,1.109,0.529,0.518,-0.173,1.493,-0.217,0.689,-1.542,-0.195,0.36,-0.39,-0.495,-0.218,1.548,-0.415,-0.326,1.345,0.751,-2.187,-1.612,0.368,-0.234,0.958,0.803,0.432,-0.4,-2.426,0.03,0.046,0.569,-0.607,-0.808,0.77,0.679,-0.462,-0.399,0.323,0.088,0.928,2.497,0.459,-1.606,-0.588,-0.589,-0.945,1
0.058,-0.859,0.642,0.261,0.077,1.243,0.019,-0.587,-1.552,0.666,0.155,1.107,-0.407,0.174,-0.282,-2.181,-0.383,-0.845,-0.437,-2.018,-1.303,0.874,0.561,-0.056,-0.202,0.249,-0.74,0.631,-0.129,-0.269,0.302,0.097,1.081,0.273,-0.712,0.748,0.704,-0.035,-0.696,-0.629,0.424,1.002,0.335,0.768,0.222,1.615,0.601,1.027,-0.075,0.221,1
1.97,-0.764,0.538,0.135,0.278,1.235,0.767,1.258,-0.126,0.298,-0.497,0.877,-0.292,-0.68,1.286,0.161,0.221,1.128,-0.579,1.322,1.044,0.231,1.001,0.647,-0.127,1.449,-0.535,0.091,-0.995,0.185,-0.618,-1.657,-0.414,1.47,-0.885,-0.832,-0.352,-0.403,0.17,0.25,1.041,-0.496,0.768,-0.821,-0.889,-0.58,-0.172,1.212,0.048,0.387,0
1.494,-1.018,1.5,0.017,-0.498,1.767,-0.179,-1.183,-1.193,0.583,-0.836,-0.17,-0.699,0.426,0.564,0.104,-2.412,0.271,0.376,-0.234,0.608,-0.223,-0.206,-1.153,0.547,0.355,-0.91,-0.616,0.483,1.252,1.136,1.449,-0.063,-0.926,0.018,0.733,0.422,-1.146,-1.049,-1.198,0.992,-0.242,-0.051,0.031,0.053,-1.664,0.213,-0.06,0.228,0.095,0
0.648,0.853,-0.522,0.921,2.477,2.206,1.117,0.285,0.588,-0.196,0.418,1.081,-0.281,1.095,0.01,-1.886,1.029,1.321,-0.964,-1.308,0.639,-1.75,-1.044,1.584,1.624,0.354,0.92,-0.753,1.786,-1.438,0.631,0.825,1.044,2.243,-2.137,0.398,-0.206,0.394,-0.552,1.344,0.117,-0.254,-0.657,-2.04,-0.039,1.138,1.147,-0.222,-0.6,-0.004,1
-0.192,-0.176,0.384,0.055,-2.011,0.789,2.112,-1.33,-0.792,-0.89,0.708,-0.178,0.508,-1.198,0.22,-1.833,-0.492,-0.278,0.311,-0.131,-0.451,-0.198,-0.649,1.397,-0.322,0.922,0.804,0.188,-0.061,-1.21,1.281,-2.332,-0.589,-0.302,-0.716,0.153,1.024,0.099,-0.283,1.72,-0.075,-1.097,-0.012,1.917,0.697,-0.33,-0.325,-1.995,1.3,-0.238,1
-0.578,0.648,0.757,-0.242,0.163,0.476,-1.448,0.682,0.423,-0.381,0.759,-0.234,-0.443,0.804,1.805,-0.703,-0.381,-0.668,0.147,1.515,-0.227,-0.807,-0.33,-0.552,-0.776,1.118,1.374,1.269,0.461,0.347,0.051,-0.378,-0.14,0.293,-0.128,0.489,-1.256,-0.352,-1.101,-1.024,0.391,-0.952,1.897,-0.617,1.136,-1.132,0.28,1.403,0.066,-1.138,0
-1.448,-0.263,0.339,-1.054,-0.836,-1.051,-1.915,-0.013,1.205,-0.016,-1.044,-0.752,-0.278,0.914,-0.561,-0.879,0.503,0.903,-0.369,1.006,2.189,1.417,-0.888,0.353,0.881,1.694,0.005,-1.085,-0.057,-0.959,2.394,-1.373,0.137,1.556,0.017,0.098,-0.848,-0.882,1.549,-0.631,1.231,-1.379,0.846,0.687,-0.056,-0.256,-0.134,-1.788,-0.98,0.622,0
0.787,-0.251,-3.035,-1.8,-0.168,0.673,1.067,0.453,0.97,-0.2,1.014,1.256,0.87,-0.779,1.368,-2.3,-0.803,2.003,-0.683,-0.301,-0.133,1.011,-1.142,0.259,0.387,-1.081,-0.634,0.154,0.185,-0.274,-0.52,-0.199,-0.463,-0.218,0.973,0.388,0.051,-0.282,-0.377,0.079,-1.996,-0.36,-0.972,1.235,0.036,0.553,1.773,-0.263,1.545,0.061,1
-0.005,-0.799,-1.292,-0.376,-0.805,-0.94,-0.077,2.531,-0.453,-0.544,1.045,-0.425,-0.423,1.353,0.363,0.649,-1.088,-0.527,1.099,-0.041,-0.212,0.792,-0.319,-0.314,1.173,0.354,0.525,-0.457,-0.489,-1.182,0.802,0.141,0.02,-1.347,-0.085,-0.065,-1.396,1.049,-1.416,0.071,-1.718,1.637,0.624,0.785,-2.659,-1.224,0.182,-1.318,-0.68,1.305,1
-0.795,-1.001,0.839,-1.406,-0.282,2.017,1.133,-0.931,1.191,0.056,-0.998,-0.403,-0.975,1.079,-0.499,-0.057,-0.511,-0.574,1.248,0.013,-0.412,0.831,0.29,-1.096,-0.334,0.458,0.412,-1.117,-0.495,2.231,-0.048,-1.742,1.045,0.513,0.037,-1.078,1.009,-1.521,-2.152,0.937,-1.269,-1.329,1.062,-0.203,1.882,-1.304,-2.35,1.67,-1.171,-1.803,0
-0.685,0.087,1.156,0.712,0.158,-0.107,-0.162,-0.852,-0.262,-1.908,-0.502,0.453,0.294,-1.62,-0.381,-2.325,-0.427,-0.055,-1.059,1.536,0.76,0.415,1.223,0.387,-0.472,0.114,0.827,-2.229,0.272,0.881,2.237,1.15,0.217,-0.054,1.879,0.124,0.675,-0.564,0.047,0.632,-0.31,0.043,0.208,-0.766,-0.854,-1.077,1.631,1.548,0.971,0.617,1
1.083,-0.716,1.736,-0.064,-0.74,-0.572,-0.584,0.397,-0.669,0.293,0.121,-0.975,0.941,1.083,-1.388,-0.244,-1.668,0.329,0.308,-0.154,0.943,0.056,0.527,-0.558,-2.601,0.379,-0.203,0.133,0.012,-0.609,-0.299,0.262,-0.625,0.991,-1.606,0.761,-0.877,-1.257,0.593,-1.11,-3.12,0.758,0.193,0.758,2.102,-0.076,-0.976,1.297,-1.881,-0.784,1
-0.638,-0.599,-0.558,0.086,-0.266,-0.43,0.194,1.197,0.681,-0.246,0.767,-0.775,-0.147,0.051,-0.726,0.676,-0.331,0.932,2.731,0.679,-0.123,1.223,0.043,-0.269,1.836,0.137,0.861,-0.048,-1.489,1.35,0.416,0.708,0.145,2.286,-1.741,-0.493,-0.626,0.184,-0.481,-0.091,-1.51,0.754,-0.283,1.185,1.153,1.967,0.874,2.06,-0.701,0.862,0
0.991,-0.359,0.563,-0.866,-1.243,0.697,0.437,1.244,0.721,2.028,0.927,0.376,0.586,0.389,0.434,-2.492,1.673,-0.65,1.234,1.147,-0.92,0.521,-0.202,-0.917,-2.54,-0.021,-1.391,-0.083,0.003,-0.535,-0.32,-1.114,0.685,1.208,2.252,0.895,-0.686,-1.527,-0.33,-0.564,0.284,0.653,-0.596,-0.483,1.334,0.609,-0.533,-0.878,1.05,0.753,1
0.228,0.02,0.331,-0.096,-0.466,2.505,-1.619,-0.91,0.211,0.46,-0.267,0.224,-0.965,-1.866,0.006,-0.49,0.827,1.182,1.232,0.878,-0.477,-0.195,0.67,0.617,0.842,-1.561,0.71,0.931,0.232,-2.056,-0.193,0.902,1.036,-0.174,-0.17,-0.22,0.109,0.589,-1.466,0.052,1.425,-0.902,1.615,-0.075,-0.135,-0.887,0.816,-2.258,0.939,-0.064,0
-0.167,0.48,-1.276,0.446,0.525,-0.677,-1.694,-0.637,-0.161,1.188,-0.977,-0.964,-0.3,-0.28,0.042,-0.413,-1.119,-0.255,-1.917,0.877,0.728,2.161,0.609,1.589,-1.399,0.748,1.343,0.753,-0.512,-1.735,-1.093,-0.258,1.643,0.783,-0.775,-0.111,-1.302,-1.125,-0.173,1.289,0.806,1.219,0.333,0.968,-1.221,-0.845,0.276,1.93,0.207,-1.209,0
0.575,2.3,0.355,0.043,0.514,2.018,-0.421,0.592,-0.641,1.162,1.059,1.661,1.727,0.136,0.543,0.654,0.532,2.15,-1.882,1.302,-1.828,-1.558,1.05,-0.267,-0.977,-2.78,-2.022,0.888,2.211,0.433,-3.772,0.324,0.804,0.665,-0.794,-2.063,-0.662,0.671,-0.087,-0.446,-0.127,-0.17,0.681,0.633,1.305,0.293,-0.33,0.514,0.584,0.51,0
0.539,-0.483,0.774,-0.184,0.829,-0.275,0.197,0.072,-0.448,0.825,-1.089,-1.461,1.668,-0.042,-0.334,-0.594,-0.342,-0.592,0.507,-0.921,-0.792,1.678,1.088,-0.164,-0.46,1.196,-0.06,1.194,0.985,0.144,-0.626,-1.035,1.409,-0.672,-0.686,0.446,0.532,1.789,0.92,-2.103,-0.106,-0.622,0.353,-0.325,0.123,-0.181,-0.117,0.866,0.431,2.16,0
-0.635,0.094,1.077,0.583,0.584,1.022,-0.511,-1.962,-1.005,0.106,-0.602,-0.165,-0.658,0.075,0.792,0.519,-0.093,1.143,-0.04,1.218,-0.424,-0.567,0.629,-1.792,-1.105,-0.685,0.989,0.685,0.071,0.497,0.772,-0.652,-0.624,1.637,-0.438,0.458,-2.071,0.173,-0.851,0.34,-0.669,-1.101,-0.261,1.044,0.909,1.539,0.907,-0.538,0.414,-0.769,0
-0.514,0.049,0.771,-0.774,-0.686,0.738,-0.03,-0.286,-0.947,-0.337,-0.58,0.621,0.794,-0.841,0.38,0.588,-0.179,-0.879,0.617,-0.818,0.053,-0.531,0.589,0.727,1.337,-1.017,-0.194,2.371,0.264,-1.245,1.417,-0.437,0.133,0.822,-0.288,1.524,-0.092,-1.161,1.195,0.936,-0.716,-0.529,-0.535,0.597,-0.353,-0.971,0.992,-0.123,-0.831,0.248,1
-0.619,1.419,-1.593,0.254,1.915,1.197,0.211,0.803,-0.37,-1.444,-0.524,0.856,1.01,0.305,0.33,-0.447,1.49,1.882,-0.526,-1.844,0.358,-1.234,-0.244,0.03,0.247,0.055,2.014,-0.84,-1.009,1.641,0.706,-0.491,0.969,-1.083,0.257,-0.107,0.755,1.32,-0.679,0.846,0.437,-0.647,-1.299,-1.341,-0.417,-0.948,2.23,-0.63,1.045,0.921,0
-1.409,1.861,0.408,0.227,-0.229,0.323,1.66,-1.747,-0.728,1.786,-0.008,-0.813,-1.221,0.227,0.982,-0.954,-1.811,-0.701,0.087,-0.605,2.596,0.442,2.735,-1.207,0.483,-0.904,1.448,1.174,0.61,0.777,-1.244,-0.424,-0.05,-0.497,-0.691,-0.046,1.032,0.532,1.813,0.291,-2.049,-0.201,-0.219,-0.356,-1.392,-1.145,-1.957,-0.404,0.454,-1.41,0
0.143,-0.005,-2.201,0.288,1.875,-0.318,0.212,-1.49,-0.951,-1.237,1.154,-0.774,-0.12,-1.64,-0.156,0.344,0.087,-1.287,1.706,-0.746,0.466,-0.485,1.198,-0.679,0.462,0.487,-0.252,-0.755,-1.219,-0.292,0.843,1.994,0.088,0.28,1.571,-0.299,-1.837,1.233,0.351,-0.152,0.752,0.811,-1.741,1.507,0.603,0.264,0.86,0.151,-0.103,0.026,0
-0.395,0.547,-0.178,0.367,-1.253,0.031,-0.547,1.084,-1.588,-0.212,-0.254,1.285,-0.467,-0.165,-0.969,0.344,0.218,1.322,1.434,-0.36,1.09,-0.607,0.857,0.93,0.154,0.709,0.234,-0.99,-1.706,0.509,-0.439,-0.315,1.382,-0.034,-0.516,-0.861,-0.08,-0.374,-0.464,-0.421,-2.145,-0.49,0.68,0.261,1.078,-0.563,0.206,-1.276,1.088,0.293,0
-0.504,0.026,-1.156,0.856,0.597,-0.637,0.928,-0.738,0.711,1.064,-0.46,-1.119,0.089,-0.067,1.554,0.888,1.203,0.165,0.192,-1.924,1.599,-1.23,-0.234,0.42,-0.342,0.502,-0.911,-1.768,0.287,-1.301,-0.041,0.828,0.542,1.547,0.074,-0.014,0.18,-0.726,2.277,-0.452,-0.2,1.539,-0.091,-1.479,0.55,1.14,-0.652,-0.007,-0.903,0.545,0
2.255,0.935,0.306,0.536,-0.868,0.608,-0.205,-0.849,-1.473,-0.705,-0.502,-0.218,2.087,-2.003,-0.18,1.023,0.79,0.722,1.094,0.53,-0.979,0.488,-0.564,-0.227,-0.07,-0.27,-0.93,0.583,1.294,0.131,-1.04,1.257,-0.905,-0.206,-0.806,1.409,1.011,-0.117,-0.31,0.718,1.486,-0.265,-1.235,0.444,-0.33,0.35,0.365,0.98,0.043,1.654,1
-0.041,-0.724,-0.645,-1.068,0.53,1.303,2.658,0.145,1.515,1.759,0.868,0.057,-0.492,-0.638,-1.737,-1.122,1.366,0.636,-0.526,1.02,0.001,0.462,0.18,-0.288,-0.951,0.542,1.438,2.01,-0.524,0.28,0.708,-0.357,-1.773,1.786,2.13,0.117,0.222,-0.629,0.565,-0.396,-1.364,0.732,0.457,1.844,0.095,-2.551,0.027,0.162,0.492,1.876,0
-0.195,-1.165,-2.154,-1.078,0.16,1.177,-2.052,1.127,-0.65,0.571,0.916,0.938,1.109,-0.667,0.437,0.115,-1.036,-0.503,-1.674,-0.188,-0.251,-0.752,-0.53,-0.771,1.819,0.336,1.127,-0.493,-0.952,0.497,0.518,-0.17,-0.935,0.996,-2.402,1.123,-0.868,0.383,0.734,0.477,-0.464,-0.081,-0.53,0.121,0.542,1.152,0.221,1.045,0.691,0.468,0
0.026,0.118,0.708,-0.442,0.049,-1.134,-1.481,0.737,0.239,-0.546,-0.7,1.386,0.107,0.333,0.199,0.314,-0.587,0.077,-1.411,-1.487,0.13,-0.003,0.194,-0.102,1.252,0.206,0.994,0.413,0.719,-0.277,0.104,1.904,-0.782,0.434,-1.014,1.327,-0.567,0.362,-0.808,0.697,0.749,-0.382,-0.836,1.694,1.609,-2.332,0.942,-1.749,0.703,1.783,1
-2.768,1.19,1.911,-1.206,-0.629,0.059,-0.688,1.486,0.197,-0.462,0.365,1.118,0.606,0.141,-0.296,2.195,0.754,-0.036,-1.207,0.432,1.213,1.475,0.802,-0.369,-3.159,-0.091,0.86,-0.324,-0.099,-1.042,-1.517,0.694,0.892,-1.548,-1.855,-1.101,-1.239,-1.041,-0.933,0.045,0.912,-0.531,2.284,0.588,-1.966,-0.455,1.009,-0.365,0.279,-0.422,0
0.216,0.795,-0.301,-0.452,0.225,-0.121,1.423,-1.267,-0.326,0.823,0.78,0.665,-0.562,1.49,-1.251,-0.609,0.258,-0.665,0.259,-1.598,-0.673,1.316,1.311,-0.834,-0.275,0.37,1.227,0.069,1.437,0.389,-0.471,-0.726,1.115,1.387,-0.196,0.017,-1.061,-0.189,-0.249,0.559,-0.847,-0.126,0.434,-0.851,1.129,-0.57,-1.502,-2.288,0.072,-0.147,0
0.11,-0.953,-3.828,-0.679,0.446,-0.209,-0.302,-1.027,0.683,-0.24,0.661,-2.568,1.75,-0.939,0.8,-0.966,0.301,0.354,0.784,-1.676,0.397,-1.706,-0.085,-0.873,0.603,-0.714,0.868,0.012,-0.272,-0.618,1.347,-0.106,-1.281,-1.206,-0.309,-0.871,-1.432,-1.224,-0.497,2.438,-2.613,1.27,1.637,-1.302,-1.867,0.509,0.083,1.02,-1.409,0.398,0
-1.613,-0.183,-0.771,1.247,1.679,1.282,-1.225,-0.386,-1.632,1.006,-0.572,-0.884,0.84,2.725,1.31,-2.054,0.335,0.31,1.945,0.567,-0.231,-0.72,1.252,1.231,-0.157,0.193,0.554,-2.239,-2.191,1.011,0.867,-0.944,0.549,0.319,0.832,-1.953,0.906,0.63,0.439,-0.058,-1.262,2.687,0.478,-0.769,-0.646,-1.185,-0.432,0.167,-1.349,0.627,0
-0.845,-0.241,-0.351,1.05,-0.565,1.365,-1.496,-0.415,0.937,-0.631,-1.385,-0.555,1.252,-0.126,0.848,-0.345,-0.407,-1.065,0.25,0.766,0.057,-1.625,-1.652,-0.368,0.34,-0.314,0.462,-0.371,-1.421,1.226,0.053,0.267,-1.79,0.247,0.856,0.706,0.314,0.695,0.364,0.216,-0.394,0.22,0.482,-0.334,-0.893,-0.789,-0.515,0.396,0.102,0.112,0
-1.912,1.013,0.551,-1.763,-1.554,0.889,-1.643,-0.25,0.692,-0.003,0.859,-1.435,1.251,-0.342,0.249,1.216,0.275,-0.508,1.2,0.294,0.928,0.335,-0.544,-2.079,-0.077,-0.765,-0.23,-1.624,0.196,-0.913,0.164,0.584,-1.223,1.098,-1.607,-2.762,-1.18,0.069,-0.716,0.867,0.313,-1.466,-0.564,0.347,0.514,0.887,1.64,-1.527,-1.973,-0.787,0
-0.973,0.983,0.196,-1.443,0.741,0.44,-0.208,-0.695,-0.131,-0.218,-0.826,-0.93,1.754,-1.052,-0.971,0.181,-1.628,0.963,0.01,0.825,0.327,-0.501,-0.731,-0.871,0.527,-0.477,2.661,-0.23,-1.369,0.636,0.271,-0.987,2.003,-2.214,0.018,-1.038,1.248,-0.931,-0.591,-0.828,1.308,0.894,-0.356,-0.749,-1.682,0.796,-0.233,-1.293,-0.002,-0.215,0
-1.824,-1.784,0.335,-1.039,-1.076,0.379,1.277,-1.594,-1.996,0.809,-0.288,-0.79,-0.625,-1.876,0.253,-0.012,-0.518,-1.318,-0.615,-0.815,-0.969,-1.495,0.703,-0.049,1.196,0.013,0.044,-0.729,-1.008,-1.166,0.416,1.285,-0.362,0.265,1.13,0.349,0.329,-0.973,1.36,-1.414,0.794,-1.302,2.24,1.312,-0.538,0.328,0.237,-2.555,0.511,1.221,0
-0.169,1.476,-0.722,-1.009,-2.476,0.723,-1.294,0.418,0.162,1.318,0.326,-0.386,0.879,0.891,-1.437,1.943,1.208,-0.587,-1.804,1.127,0.728,1.929,-0.484,-0.143,1.833,0.015,0.329,1.129,-0.258,0.307,-0.474,0.214,0.03,-0.523,1.589,0.982,-0.966,1.116,-0.358,-1.609,-0.156,-1.092,-1.102,0.856,-0.986,-2.702,-0.722,1.363,-1.658,-0.041,0
-0.375,-0.048,0.21,-1.669,-2.113,-2.457,1.291,0.133,-0.209,0.499,-0.532,0.929,0.677,-0.023,0.004,0.002,0.508,-0.518,1.016,0.085,1.671,1.266,-1.274,0.517,1.194,0.129,0.558,0.748,-1.172,0.829,-0.402,1.71,-0.664,-0.241,0.407,0.392,-0.314,-0.703,2.327,-0.306,0.302,-0.28,1.154,-0.936,-0.306,0.873,0.223,-0.493,1.263,-1.254,1
-0.236,-0.624,2.509,-0.773,0.099,-0.522,-1.238,-0.819,-0.306,-1.199,-0.218,0.728,1.174,0.977,-0.333,-0.996,0.974,-1.144,-0.447,-0.355,-1.299,-0.168,-0.834,0.325,0.249,-0.365,-1.39,-0.198,0.382,1.242,-0.696,-0.29,-0.108,0.427,0.03,-0.199,-1.409,0.455,-1.248,-0.399,-0.583,-1.869,0.244,0.529,-0.054,-0.454,0.719,-0.231,-0.044,0.192,0
-1.245,1.753,0.562,0.601,-2.646,0.769,-0.92,-0.531,0.111,2.259,1.408,-0.247,0.283,-0.387,0.131,1.377,1.114,-0.808,0.342,0.345,1.992,-2.103,-0.181,0.034,-2.208,1.024,0.458,0.956,-0.052,1.033,0.166,0.907,-2.336,0.093,1.184,-0.602,0.016,0.8,-1.352,0.771,-0.532,0.438,1.448,-0.547,1.061,0.39,2.394,1.846,1.847,-0.439,1
-0.963,1.438,0.531,-0.832,0.96,0.527,0.963,-0.659,-0.378,-0.858,-1.652,-2.019,-0.729,-2.17,-0.698,0.513,-1.524,0.433,-0.39,1.353,-0.598,0.157,0.467,1.454,-0.847,0.635,0.303,1.205,-1.431,0.877,0.667,-0.262,0.903,-0.08,1.064,-2.018,-1.123,-0.956,-1.315,1.087,0.644,-1.158,-0.08,0.649,-2.873,0.51,-0.149,-0.64,1.462,0.714,1
-1.401,-1.104,0.218,-0.756,0.44,-0.03,-2.204,-1.776,0.23,-0.704,0.75,-0.783,-0.403,-0.71,0.905,1.718,0.272,1.052,-0.881,0.154,-0.654,-0.917,3.611,0.705,-2.556,0.619,-1.777,1.463,-0.959,0.204,-0.274,-0.668,1.248,1.934,0.506,0.352,0.107,-0.272,-0.232,-0.676,-0.104,0.581,-2.491,-0.131,-0.425,0.007,1.02,0.69,-2.466,0.363,0
0.809,-0.733,0.515,0.586,-0.006,1.172,0.297,0.571,-2.041,1.063,-0.375,1.225,0.619,-1.243,1.167,0.355,-0.427,1.394,-0.347,-0.485,0.316,-0.163,-0.736,-1.78,0.828,1.402,-1.907,0.314,-0.968,0.587,-0.894,-0.87,1.321,0.374,1.467,0.28,-1.401,-1.247,0.104,0.848,0.459,0.584,0.864,-0.144,1.555,0.533,-0.396,0.054,-0.772,3.113,1
0.465,2.247,-0.797,0.57,-0.701,-1.654,-1.889,1.071,1.179,-0.313,1.936,-0.181,-2.034,1.123,0.277,-0.15,0.476,0.611,0.054,0.881,-1.276,0.297,1.269,-0.398,-1.659,-0.97,0.557,-0.224,1.015,0.074,-0.187,-0.043,1.64,0.188,-0.111,1.959,0.977,-0.702,-0.823,-1.89,-0.487,0.177,-1.479,-0.247,1.019,0.794,-0.472,2.26,1.05,0.802,0
1.415,-0.521,-0.228,-0.514,1.199,-0.263,-0.776,2.032,0.515,-0.288,-0.544,-2.499,-0.544,1.392,0.178,-0.174,-2.186,-1.23,-0.676,-0.097,0.823,0.867,1.116,0.784,-0.15,-0.172,-0.028,-0.577,-1.757,0.53,1.609,0.754,-0.626,-0.269,-0.572,1.422,1.391,-0.881,-1.299,1.343,0.705,1.264,-0.59,-1.253,-1.083,-0.062,-1.595,0.552,0.062,1.115,0
2.734,0.905,-0.036,1.359,0.196,0.418,-1.994,0.26,0.307,-0.741,-0.849,-0.93,0.654,-0.864,0.433,0.011,-0.891,-0.99,-1.845,-0.452,-0.1,0.894,0.733,0.158,-0.562,-0.375,0.544,-0.528,0.84,-0.312,0.407,0.463,-0.602,1.162,1.293,0.91,0.115,-2.088,0.164,1.76,0.714,2.142,0.957,-0.194,-0.444,-0.127,0.323,-0.61,-0.149,-1.191,0
-1.385,2.618,-0.601,-0.732,-0.057,1.728,-0.58,0.984,-0.156,-0.197,-1.007,0.454,-0.274,0.144,-1.939,-0.012,-0.967,-1.55,-0.636,-0.775,0.59,0.575,0.579,0.973,-0.936,-0.707,0.552,0.842,0.145,-0.377,0.688,-0.315,-0.507,0.919,0.588,0.858,0.158,0.297,-1.83,0.661,-0.226,0.75,0.111,-0.037,-0.546,-1.855,-1.82,0.104,-1.081,1.403,0
1.292,-0.197,0.131,-0.129,-0.611,-0.968,-0.431,0.083,1.008,-0.068,0.435,1.734,0.323,0.223,0.958,0.626,-0.297,1.908,-0.227,-0.38,0.982,-0.262,1.098,-1.001,-0.339,-0.548,-1.49,-0.322,-1.323,-0.054,0.95,-0.089,-0.454,1.04,0.338,-0.819,0.615,1.491,0.389,-1.883,-0.846,-0.706,-0.471,3.086,0.064,1.248,-2.419,-0.122,-1.364,0.067,1
0.819,0.184,1.036,0.889,1.599,0.722,0.862,0.898,-0.904,-1.124,0.944,0.898,0.388,-0.889,-0.601,0.103,-0.576,-0.518,-0.161,1.112,-0.333,0.71,0.477,0.03,0.135,-0.397,2.727,-1.222,-0.995,1.94,-1.6,0.564,-0.011,-0.205,0.129,-1.119,-1.087,0.113,1.299,0.237,-2.13,-1.157,-0.621,0.542,1.486,1.107,0.889,-0.291,1.662,-1.565,0
0.922,2.385,-1.21,-1.059,0.153,-0.17,-0.876,-1.492,-0.919,-1.688,0.258,0.541,0.288,-0.199,-1.105,1.138,0.069,1.233,-0.769,0.703,1.859,1.562,1.83,-0.109,0.348,0.771,1.905,-1.172,-0.294,-0.185,-2.661,0.189,-0.693,1.042,0.828,0.686,0.015,-0.605,-0.099,1.057,1.08,0.107,-1.089,0.08,1.214,-1.967,0.504,0.402,0.165,0.342,0
-0.663,-1.754,-1.345,1.237,-0.927,-1.383,-0.788,0.398,0.443,-1.71,-2.629,-0.724,-1.087,0.715,-0.404,-0.529,-0.597,-0.091,1.605,-0.313,-0.04,1.785,-0.721,-1.357,-0.56,-1.105,-0.995,-0.949,0.065,0.576,0.748,-0.798,0.138,-1.559,0.786,1.133,1.183,-3.1,1.7,0.662,0.058,-0.559,0.271,-0.051,-0.883,1.097,-0.636,-1.263,1.229,-1.007,1
0.032,-2.677,-0.874,2.392,1.199,-0.379,1.433,-0.581,-0.27,1.277,0.588,0.496,0.44,-0.715,1.513,-1.129,-0.448,-0.911,-0.22,1.254,0.109,-0.091,0.329,0.188,0.09,1.062,-2.011,0.058,-0.789,-0.268,-0.467,-0.054,1.455,1.378,1.804,-0.22,0.5,1.45,-0.034,1.027,-0.896,0.253,-0.161,1.271,-0.496,2.369,-0.55,0.128,1.615,-0.361,1
0.071,0.529,0.665,-0.831,-0.34,-1.023,1.019,-0.848,-0.502,0.247,0.048,-1.211,0.812,-0.44,-0.793,-0.952,-0.777,0.851,-1.289,0.48,1.531,1.363,-0.046,1.213,-1.068,-0.82,0.504,-1.231,-0.71,0.405,0.044,-1.17,-2.357,-0.591,-0.188,0.028,0.028,-1.19,0.811,-1.439,0.159,-0.84,0.903,-0.154,0.271,1.926,1.103,1.12,-0.201,-0.033,0
0.759,1.108,0.983,0.441,1.943,0.089,0.282,-0.657,0.532,-0.123,1.293,-0.404,0.322,0.842,-1.158,-0.692,1.579,-0.166,1.05,0.175,-0.305,-0.109,0.427,-0.325,0.64,1.683,0.237,1.064,0.034,1.022,-0.018,1.179,0.756,-1.342,0.223,-1.041,0.358,0.313,0.784,0.342,-1.085,0.649,-0.056,-1.22,-2.089,-0.222,-0.481,0.065,1.932,-0.481,0
-0.527,0.217,1.009,-0.44,-1.119,-0.34,2.096,0.616,0.882,-1.12,-1.38,-0.153,0.18,-0.626,0.217,-1.657,-0.66,-1.61,-0.571,0.851,-0.502,-0.095,0.335,-3.02,-0.474,-0.145,-0.815,-2.032,-0.0,-0.112,-2.528,-1.107,1.688,-0.557,-0.122,0.695,1.255,0.581,-1.336,0.055,0.22,-0.702,-1.003,-1.941,1.169,-0.587,0.207,-1.28,1.2,-0.509,0
0.449,-0.399,1.558,-0.676,0.297,-1.39,-0.329,0.611,2.384,0.022,-1.443,1.151,-0.369,-0.889,0.939,0.158,1.688,2.408,-0.484,-0.141,-0.473,-0.039,0.298,-0.118,-0.547,0.247,0.599,1.341,-0.246,-0.983,-1.251,-0.237,0.047,-0.576,-0.268,0.55,0.28,-0.904,0.735,-1.982,0.348,0.099,-0.891,-0.774,-0.338,-0.379,-2.059,0.086,0.185,-0.803,0
0.012,0.259,0.222,0.562,-0.391,0.863,1.256,0.096,-1.111,0.829,0.816,-0.034,0.013,0.062,1.448,-0.49,1.439,0.292,-0.175,0.656,-0.44,-1.908,2.412,-0.897,-0.934,0.942,-1.246,-0.107,-0.29,-0.101,0.115,-1.229,0.182,1.204,-1.005,0.701,0.309,2.549,0.152,0.622,1.224,-0.52,-0.871,-0.419,-1.819,-0.325,-0.744,-0.971,-1.006,0.077,1
1.505,-0.017,0.31,-0.853,-1.967,-1.49,-0.758,0.957,-2.259,0.389,-0.33,0.913,-1.011,-1.484,0.388,0.456,0.571,-0.435,0.585,-1.246,0.926,-1.014,0.286,-1.23,-0.812,-0.277,-0.747,-1.258,0.317,0.987,-0.207,-0.542,-1.202,0.266,1.094,1.145,1.071,-1.504,-1.367,0.685,-0.622,-2.02,2.156,1.075,0.024,1.0,0.146,-1.2,0.443,-1.128,0
-0.64,0.455,-0.211,0.221,1.227,-1.844,0.385,2.227,-0.259,-0.781,0.149,-0.731,-0.704,-0.276,0.016,0.198,0.906,1.061,-0.049,2.015,0.681,-0.334,-0.821,0.245,-0.593,0.139,1.017,-2.335,1.142,0.534,0.146,-0.42,0.54,0.303,-0.261,1.721,-1.719,0.66,0.986,-1.911,0.156,-0.508,1.447,0.197,-1.286,-0.37,-0.222,2.555,-0.595,0.134,0
1.053,0.126,0.315,0.386,0.553,0.661,-0.763,0.458,-0.241,-0.325,-0.014,-0.56,-0.585,0.176,-0.602,-1.287,-1.418,0.77,0.013,-0.51,-0.978,-2.005,1.657,1.071,0.673,-0.288,0.416,1.096,-0.819,-0.426,1.282,1.503,0.077,0.009,0.65,-0.018,1.264,-0.245,0.232,0.632,0.071,-0.233,-0.285,0.05,-1.032,0.166,1.086,-0.705,-0.508,-0.982,0
-0.348,0.699,-0.56,0.046,1.489,1.067,0.579,0.519,0.237,-0.217,-2.33,2.519,2.2,-0.711,-0.115,-0.113,0.975,1.811,-0.294,1.786,1.434,0.597,-0.842,0.641,-0.066,0.699,0.895,1.464,-1.482,-0.533,1.681,-0.152,2.247,0.942,-0.649,-2.141,-0.94,0.388,0.402,-0.735,0.166,0.77,0.137,-1.269,0.987,0.328,-0.316,1.453,0.083,1.333,0
0.62,-0.186,-1.991,-0.41,0.743,0.269,-0.548,-0.084,0.709,-0.402,-0.155,1.3,0.167,2.488,1.407,0.309,-0.244,0.102,2.279,0.398,-0.447,0.835,-0.18,0.646,-1.182,0.279,1.137,-0.575,0.143,-0.71,2.444,-2.657,-1.339,1.362,1.405,-0.255,-0.32,-0.066,0.359,1.165,-0.02,0.77,-1.086,-1.37,-2.718,-0.615,-0.664,-1.226,-2.231,-0.233,0
-2.476,0.767,0.259,0.437,1.296,-0.636,-0.594,-0.783,0.07,1.256,0.112,-0.295,1.341,-0.743,-0.686,0.145,1.746,-0.682,-0.625,-0.037,-1.801,0.422,0.061,0.956,0.259,-0.944,-0.01,-1.226,1.676,-0.761,-0.085,-1.023,-1.166,-1.254,-1.412,-0.216,-0.314,0.2,0.163,-0.006,-1.469,1.661,-1.572,-0.221,-1.218,-0.599,-0.716,0.714,-1.428,-0.627,1
2.111,-0.277,0.0,0.067,1.588,-0.201,-0.464,-0.926,-1.203,-0.043,-0.96,-1.476,0.26,-1.242,0.079,0.537,0.962,1.112,0.776,0.446,-0.747,0.095,-0.214,-0.839,0.557,-1.422,1.085,-0.969,-0.32,1.797,-0.292,0.76,2.119,1.489,1.828,0.0,0.764,1.518,0.107,0.352,1.26,-0.095,-0.18,0.488,0.776,-1.424,-1.51,-0.732,-0.64,0.622,1
-1.355,-1.466,-0.07,-0.149,0.619,-1.386,0.072,-0.861,2.249,-1.127,1.065,-0.998,-0.395,-1.835,0.877,-0.815,-0.074,0.213,0.743,0.407,0.129,0.341,-0.782,0.522,0.111,0.094,-0.091,-0.742,0.261,0.052,0.82,-0.998,0.099,1.249,-0.798,-0.53,-1.876,0.14,0.914,0.612,1.101,0.436,-1.605,-0.421,0.753,0.607,1.235,-1.245,0.496,2.146,1
0.409,0.959,-0.761,-0.158,0.644,2.223,0.618,1.331,-0.653,0.257,-0.192,1.079,0.712,0.534,0.297,-0.546,-0.794,0.303,0.059,1.216,-1.117,-0.384,0.814,0.352,0.821,0.87,0.192,0.367,1.327,-0.1,-0.997,-0.29,-0.201,0.28,-0.598,0.737,1.03,-0.181,0.496,0.147,0.77,-0.132,1.052,0.357,0.873,-0.334,-1.563,0.492,0.336,-1.077,0
-1.095,0.606,-1.445,2.919,-0.891,1.777,-0.607,1.303,-2.098,1.749,1.977,0.18,1.113,-0.923,0.728,0.248,0.447,-0.62,0.71,-0.587,1.297,0.345,-2.104,-1.016,0.771,0.082,1.0,-2.329,1.082,-0.05,1.665,-0.765,-0.536,-0.434,1.308,-0.482,0.033,0.141,0.476,0.797,0.96,0.747,2.108,0.329,-1.336,-0.779,-0.77,-1.192,-0.438,2.149,1
-1.109,0.75,-0.025,-0.648,-0.98,0.678,1.679,1.001,-1.838,0.237,-0.208,-1.639,-0.505,-0.832,-1.305,0.732,0.707,-0.028,0.971,1.184,-1.965,-0.379,-1.651,0.553,2.088,-0.042,-0.107,0.472,-0.342,-0.269,0.296,-0.263,-2.434,-1.534,-1.462,-1.225,0.468,-0.338,0.152,-0.348,1.301,1.863,1.13,-0.023,1.046,0.327,-1.384,-0.219,0.33,-0.427,0
-0.066,0.357,-0.487,1.374,0.89,-0.388,-1.63,-0.735,-0.545,1.133,-1.906,-0.62,0.379,0.037,0.921,-0.332,2.311,0.254,-1.289,-0.693,0.366,0.308,-1.738,1.542,1.711,-0.266,-0.686,0.46,0.409,0.384,1.13,1.726,1.152,-1.131,-0.631,-0.202,1.274,-0.364,-0.645,-3.057,-0.389,0.795,-1.898,0.657,1.196,-0.344,-0.406,0.728,1.792,1.007,0
-1.359,-2.696,-0.137,-0.634,0.785,0.489,-1.451,-0.322,0.015,-0.153,1.874,-2.115,-0.459,0.301,-0.364,0.445,0.786,-0.965,-1.242,-0.78,-0.508,-1.063,-0.853,0.596,0.901,-1.334,-0.1,-0.065,0.981,-0.98,0.288,-1.858,-1.58,1.175,-0.049,0.004,1.233,0.608,-0.109,0.979,0.767,-0.057,-1.099,2.648,-0.272,1.556,1.169,-0.011,0.158,-0.776,1
-0.864,0.473,-0.761,0.232,-0.328,-0.039,-2.19,1.493,-0.647,-0.153,-0.531,-1.315,-0.013,-0.397,0.123,0.796,0.939,0.675,0.217,-1.007,-0.285,0.344,-1.627,0.436,1.572,-0.021,-2.813,0.836,0.194,0.002,0.447,-0.422,0.735,-0.386,1.481,0.762,0.114,-0.815,-1.358,1.845,0.832,0.464,0.552,-1.843,0.958,-0.124,-1.136,-1.009,0.081,-0.52,0
-2.092,1.184,-1.297,-0.246,-0.796,-0.759,1.024,0.67,-0.482,0.043,-0.153,1.192,0.687,-1.84,0.887,0.119,-0.942,-0.523,-0.558,-0.118,0.085,-0.01,0.463,0.259,1.61,0.473,0.315,0.092,-0.605,1.863,-0.592,-1.081,-0.502,1.412,-0.985,0.204,-0.19,-0.177,0.136,0.421,0.837,0.285,2.946,-0.152,0.64,-1.815,-0.972,-2.811,0.86,0.264,0
-1.958,0.807,0.755,1.679,0.553,-0.262,-1.188,2.71,1.788,-0.703,2.302,-1.648,-0.913,1.044,0.105,-1.778,-0.187,0.579,0.009,-0.402,-0.5,-1.675,1.113,0.443,0.235,0.286,0.44,0.565,0.027,1.024,-0.78,-1.939,0.361,-3.277,2.638,1.034,0.882,0.903,0.978,-0.111,-0.627,0.548,-0.61,0.449,2.523,0.566,1.864,-1.213,-1.636,0.463,0
1.159,-0.046,-0.711,0.884,0.184,0.113,-0.848,1.174,-0.378,1.948,-1.195,-0.408,0.346,2.226,-0.702,-1.382,0.276,1.007,-1.361,0.319,-1.003,1.084,0.054,-1.702,0.466,-0.399,0.951,1.046,-0.199,0.959,1.708,-0.102,-1.05,0.503,0.559,1.031,-0.071,-0.919,1.098,0.155,-0.703,-0.032,1.527,-0.021,0.035,-0.214,-0.453,0.247,0.068,0.771,0
0.113,-0.396,-0.158,0.563,2.826,-1.012,0.361,1.846,0.224,1.022,-0.992,-1.253,-0.43,-0.681,1.959,-1.328,1.043,1.213,-0.23,0.451,-0.866,-2.383,-1.015,-0.296,-1.134,1.065,1.234,0.79,0.352,1.144,0.372,0.027,0.035,-0.902,1.22,-0.504,-0.97,-1.532,-0.854,1.157,-1.268,-0.29,-0.685,-1.91,0.325,0.289,-0.545,-0.686,-0.182,1.828,0
-1.24,-0.358,1.253,1.385,-0.97,-0.066,0.03,0.557,-0.051,0.392,-0.897,1.044,-2.2,-1.218,-0.23,-0.658,1.179,-0.357,0.18,0.472,1.289,0.089,1.546,0.841,0.363,-0.577,0.753,-0.973,-1.107,0.132,1.774,-0.947,-0.697,0.266,0.133,-0.371,-2.255,-0.977,-0.655,-0.569,0.449,0.415,-1.584,0.53,-0.151,0.188,1.321,0.118,-1.058,-1.727,0
-0.534,0.507,0.784,0.22,-0.184,0.493,-0.874,-2.322,0.846,-0.095,-0.041,-0.256,0.045,-0.562,1.062,-0.431,0.01,2.516,-0.47,1.284,-0.879,1.513,0.042,0.268,-0.479,0.958,-0.278,0.258,-0.026,1.837,1.431,-0.221,0.262,0.848,2.839,-0.585,-0.263,0.874,-0.162,0.029,0.687,-1.13,-0.112,0.218,0.394,-1.166,-2.265,0.686,-1.157,0.077,0
1.308,-0.024,0.549,0.984,0.524,0.088,-1.303,-1.489,1.391,0.153,-0.134,-0.092,-0.458,1.888,-0.776,-1.197,1.909,-0.013,1.321,0.415,0.635,0.537,-0.901,0.923,-0.007,0.728,-0.899,0.665,-0.479,0.536,-1.337,-0.361,1.619,0.538,-0.651,0.908,-0.195,0.52,1.871,0.697,1.216,0.236,-0.167,0.216,0.871,1.246,-1.426,0.361,1.426,2.568,0
0.355,-0.249,-1.496,0.481,-0.331,0.218,1.523,-0.946,0.285,-1.007,1.855,-0.797,0.788,-0.685,-0.239,0.566,-0.904,1.088,-1.035,-0.179,-0.206,0.566,0.471,1.201,1.206,1.239,-1.263,-0.521,0.367,1.758,0.471,0.574,0.505,-1.985,-0.601,0.493,-0.467,1.333,-0.984,-0.161,1.954,-1.497,0.031,-0.23,0.082,0.842,-0.882,-0.594,1.66,-0.973,0
-2.151,0.371,-0.686,-0.722,-2.539,1.506,0.001,-0.091,-0.35,-0.628,-1.547,-0.981,-0.317,-0.664,-0.743,-0.839,0.101,-0.273,-1.905,-0.02,0.853,0.469,-1.687,-1.07,0.826,1.227,-2.126,-0.134,-0.389,-1.406,-0.412,0.166,1.157,0.211,-0.972,0.2,1.001,1.671,-0.042,-0.226,-0.012,0.415,-1.455,-0.925,0.237,-0.124,-0.082,-0.456,-0.375,-0.408,0
1.829,-0.061,0.547,-1.022,1.541,0.322,1.745,-0.158,0.461,0.385,0.449,0.23,0.889,0.045,0.397,1.877,0.751,0.925,0.849,-0.641,-0.296,-0.695,0.695,-0.068,-0.242,-1.451,1.496,-1.024,-0.383,0.448,-0.15,0.411,-1.215,0.43,-2.06,-1.592,-1.098,0.746,-1.156,0.228,-1.265,0.346,-0.675,1.113,0.65,-1.078,0.704,0.377,-0.898,-0.399,0
1.111,-0.577,-0.931,1.185,-0.274,-0.905,-0.351,2.466,0.237,0.173,-0.958,0.099,-0.487,-1.018,-1.124,1.251,0.174,-1.327,0.776,-0.45,0.425,-0.172,0.807,-0.959,-1.293,0.339,0.955,-2.043,2.339,0.278,0.396,-0.639,-0.355,-1.923,0.698,-0.945,-1.087,1.225,-0.333,-0.139,1.37,0.151,1.176,0.924,1.138,2.854,-0.953,2.031,0.512,0.335,1
0.894,0.56,-0.075,-0.107,0.364,0.318,2.115,-1.065,-1.347,-0.754,-0.537,-0.296,-1.23,-0.331,1.002,-1.441,0.75,0.771,-0.804,3.134,0.468,-1.919,0.149,-0.648,0.916,-0.647,-1.465,0.581,-0.299,0.229,1.163,0.133,0.213,1.583,0.564,-0.057,0.137,-0.115,-0.515,0.16,-0.512,0.209,-1.272,0.564,-0.635,0.286,-0.219,-0.619,0.535,-0.865,1
-0.353,-1.109,1.13,-1.853,-1.389,0.161,-0.448,-0.21,2.901,0.997,0.798,1.281,-1.333,-0.446,0.328,0.725,-0.581,-0.054,0.172,1.681,-0.074,-0.045,-0.983,-0.135,0.696,-0.323,-1.005,0.273,-0.528,0.319,1.243,-0.134,1.156,-2.372,0.206,0.794,-1.31,-1.948,1.165,-0.54,-0.963,2.038,0.067,-0.025,2.224,0.117,-0.708,-0.098,1.178,0.716,1
-0.137,-0.23,-0.817,0.247,-0.92,-0.065,-0.018,-0.581,0.599,1.325,-0.479,-1.559,-1.189,-2.0,0.383,-0.269,-1.114,0.33,0.366,0.943,1.434,-0.794,0.384,1.122,1.789,0.031,-1.244,1.728,0.21,-0.44,0.402,-0.056,0.206,0.086,-1.171,0.629,0.526,0.885,1.88,-0.206,0.099,-0.8,-0.302,-0.497,-0.14,0.402,-0.451,1.179,-0.411,0.146,0
0.428,0.146,-0.692,-0.678,-1.15,-0.774,-0.021,-0.3,-2.398,0.765,0.354,-0.956,-0.072,-0.249,-0.263,-1.004,0.917,-0.23,1.696,0.241,-0.299,-1.091,1.187,-1.147,1.728,-0.054,-0.526,-0.552,1.754,-0.181,0.933,-1.645,-1.1,0.426,0.259,-0.612,2.359,0.033,1.371,-0.009,0.248,0.279,-0.057,0.584,-0.719,-0.602,0.304,0.538,0.712,0.87,1
0.033,1.141,-0.35,-0.382,0.478,-1.237,-1.66,-1.07,1.482,1.214,1.128,0.422,-1.002,0.873,-0.032,0.36,-1.485,0.413,-0.061,-1.541,-0.151,0.145,-0.837,-0.663,-0.634,-0.564,0.584,-0.952,0.118,-1.128,-0.431,0.377,-0.817,-0.038,0.275,2.039,1.262,-0.013,1.417,-1.775,-1.155,-0.14,2.575,-0.009,0.283,-0.792,1.022,-1.63,-0.243,0.417,0
0.144,-1.184,-0.025,-0.087,2.195,-0.959,-0.636,1.628,-0.265,1.167,0.083,0.987,1.745,0.067,0.537,1.663,-0.236,0.949,-0.959,1.485,-1.678,0.469,0.952,1.971,-0.561,0.882,-0.363,0.935,1.39,-0.911,-0.553,-1.806,0.806,0.688,0.767,-1.238,1.019,-0.971,-0.643,1.27,0.693,-0.723,0.025,-0.185,-0.464,1.104,-0.541,-1.721,0.361,1.114,0
-0.494,0.165,-0.261,-0.083,-0.202,0.55,-0.643,0.157,-0.305,0.753,1.338,3.093,-0.239,-0.437,0.712,-0.799,0.519,0.524,0.334,0.36,1.278,1.248,1.087,-1.047,-0.054,0.322,1.297,0.077,0.396,-0.81,-1.087,-2.594,-1.216,0.771,0.25,-0.506,0.298,-0.275,0.207,-0.909,1.41,0.98,0.027,0.633,-2.429,-0.714,0.701,-0.188,2.133,-0.667,1
0.298,0.452,-0.367,0.837,-0.549,0.778,1.894,-1.601,-1.337,0.262,-1.646,-1.578,0.808,-0.886,-1.143,-0.709,-0.231,2.161,0.022,0.398,1.069,0.377,0.617,0.973,-0.369,1.252,0.577,0.636,-0.112,0.49,-0.356,-0.103,-0.14,-0.531,0.073,-0.985,1.099,0.989,-1.489,-0.957,-2.154,-0.743,0.183,0.793,0.386,-0.138,-1.231,-0.043,-2.05,0.39,0
-0.669,0.499,0.241,0.729,0.219,0.174,0.299,-0.483,0.502,-1.496,1.052,-0.138,0.874,-0.115,0.283,-0.457,-0.415,1.016,-0.392,-1.804,-1.745,0.323,-0.979,-0.277,0.691,-1.131,-1.059,-1.0,-0.854,-0.217,1.672,0.069,-0.769,-0.277,1.812,0.644,-0.73,1.399,0.395,0.63,0.367,0.655,0.606,-1.044,-2.14,1.24,-0.036,0.365,-0.407,2.017,1
1.353,0.925,0.085,1.852,-0.713,-0.849,1.541,1.603,-0.182,-1.207,0.405,0.761,1.322,0.178,-0.383,0.296,-0.562,1.273,0.984,-1.877,-1.181,-0.647,-0.151,1.702,-0.075,0.955,-1.593,1.42,0.482,-0.4,-1.067,-0.335,-0.876,-0.13,-0.1,-0.514,-0.748,1.84,-1.627,-1.67,0.146,1.481,0.338,0.568,1.021,-2.02,-0.502,-2.853,-1.168,-0.74,0
1.619,-0.819,-0.378,0.108,-0.444,-0.756,1.553,-0.083,1.855,0.381,-1.753,-0.401,-0.408,-1.203,-0.653,-0.354,0.198,-0.197,0.688,0.043,-0.122,0.341,0.146,0.109,-0.856,0.27,1.227,0.521,-1.944,2.526,-0.051,0.601,0.066,0.248,-1.669,0.499,-1.246,0.112,-0.707,0.861,-0.115,0.48,-1.153,0.423,1.338,-0.543,-1.245,-0.232,0.24,-0.16,1
0.002,-0.476,-1.836,0.16,0.109,0.606,-1.127,0.91,-1.406,-0.096,0.178,0.817,0.57,-0.073,-1.485,-0.008,-0.015,0.158,-0.147,-2.066,-0.529,1.159,0.6,-0.723,2.015,-0.178,0.076,-0.878,1.067,-0.501,-0.254,-0.737,0.777,-1.103,-1.122,-1.893,0.729,1.167,-0.978,-0.229,1.321,0.461,-0.233,0.524,0.893,-1.925,0.515,0.421,-0.229,1.188,1
1.262,-0.637,-0.119,-0.959,0.311,1.197,-0.873,-0.101,1.439,-0.475,0.059,0.494,-2.139,0.514,0.452,0.633,-0.596,-0.664,1.068,0.341,0.298,-1.421,1.138,0.5,1.138,0.359,-1.517,0.239,0.007,1.112,-0.189,-0.271,0.844,1.967,-2.235,0.32,-0.588,0.032,-0.241,-0.176,-0.304,-0.657,0.194,0.584,-0.494,-1.358,-0.72,1.147,-0.768,-0.296,1
0.732,1.85,1.097,-0.496,-1.071,0.478,0.444,0.77,0.168,-1.455,-1.06,-1.654,0.427,0.601,-0.738,-0.552,-0.94,-0.024,-0.101,-1.013,-0.371,1.128,0.235,-0.373,-1.681,-0.402,-0.51,-0.378,0.572,-0.783,-0.739,1.495,1.826,0.591,-0.237,-0.156,1.03,-1.518,-0.918,1.553,-0.737,-0.072,-0.21,0.277,2.081,-0.696,-2.453,0.802,-0.152,-0.32,0
-0.243,0.934,1.344,-1.094,-0.001,-0.715,-0.005,0.213,1.418,0.89,0.1,1.65,2.356,0.334,0.851,0.163,1.521,0.287,1.509,0.674,-0.152,-0.681,0.299,1.857,-0.125,-0.619,0.651,-0.373,-0.208,-0.797,-0.473,0.124,-0.201,1.435,1.026,-1.077,0.104,-1.22,0.947,0.295,-1.307,-2.2,-0.738,-0.445,0.29,0.328,-1.803,1.136,1.814,-1.204,0
0.537,0.476,0.874,1.675,0.259,1.384,-0.839,0.339,-0.017,0.006,0.271,-0.536,-1.052,0.164,-0.104,-1.369,0.743,1.816,-0.368,-1.726,0.293,0.733,-0.384,0.358,-1.47,1.319,-0.724,-0.939,-0.252,-0.975,-0.137,-0.755,0.708,0.269,-0.325,0.131,0.413,-0.297,1.822,-1.585,-1.233,1.498,-0.33,-1.152,0.732,0.249,0.605,0.955,-0.432,-0.571,1
1.461,1.069,0.806,-0.586,-1.545,0.829,0.213,-0.378,-1.094,-0.741,-1.616,-1.628,-0.043,0.518,0.718,1.29,-0.102,1.0,0.71,0.614,-0.111,0.799,1.127,1.775,-0.966,1.708,-0.385,-0.97,-0.508,-0.208,0.819,1.447,-0.588,-0.138,0.435,0.394,2.305,0.785,0.396,-1.242,0.766,-1.613,1.62,-0.117,2.807,-0.577,-1.649,0.627,-1.097,-0.252,0
-0.228,0.053,0.085,-1.217,-0.548,0.793,-0.604,-0.391,-1.165,1.873,0.249,-0.079,1.225,-0.234,1.272,0.543,0.232,0.703,-0.264,-0.457,0.031,-1.266,1.579,0.571,-0.679,1.514,0.231,0.741,-0.493,-0.668,-0.704,1.132,0.371,-0.117,-0.562,-0.639,0.342,1.35,0.431,1.35,1.277,-0.087,-0.076,-0.15,0.228,-0.715,0.683,1.819,0.387,-0.451,0
-1.885,-1.527,0.227,-1.872,-1.557,0.311,-0.457,-1.802,0.004,0.182,0.467,-1.11,0.158,-1.004,0.969,-0.502,-0.093,1.696,-0.318,-0.987,0.593,-1.322,-0.909,-0.236,-0.255,-1.024,0.179,0.717,-0.503,-0.001,-0.405,-0.572,0.167,0.611,-1.105,1.039,-0.128,-0.289,-1.078,0.323,-1.557,0.311,1.045,-1.202,0.735,-1.419,-1.213,0.598,-1.141,0.679,0
-0.324,0.161,1.903,-0.72,1.289,-1.096,0.645,-1.142,0.149,0.943,0.217,-0.816,-0.709,1.339,-0.537,-0.718,-0.819,-0.475,0.011,0.643,0.746,0.844,0.493,0.454,0.574,-2.999,-0.999,0.343,-0.162,-0.682,-0.67,0.563,-0.531,-2.676,0.166,0.678,-1.484,0.053,1.166,-0.967,-0.835,-1.742,1.084,-1.759,-0.383,0.674,-1.252,-0.707,-1.274,0.379,1
-0.239,-0.898,-0.269,-0.848,-0.13,-1.843,0.171,-0.99,0.149,-0.246,0.099,-0.441,-0.069,0.833,0.416,-1.552,-1.899,-0.619,0.957,0.55,0.707,1.929,-0.397,-1.036,-1.171,-0.493,-0.271,0.424,-0.699,1.198,-0.171,-0.814,-0.935,-0.161,0.535,0.393,0.918,-0.334,-0.847,0.174,0.008,1.986,-0.626,-1.175,0.202,-1.569,0.334,-0.468,-0.402,-1.57,0
-0.575,1.167,0.319,1.879,-0.412,-0.023,-0.535,-1.784,0.356,-1.136,-0.209,0.061,0.6,0.671,0.431,-0.488,-0.06,0.086,0.726,0.613,-1.253,0.311,0.139,-0.238,-0.387,-1.058,-0.786,-1.023,1.239,-0.739,-0.242,-0.175,-2.092,0.14,0.324,-0.459,-0.715,-0.043,0.388,0.774,0.188,-1.116,-1.349,2.093,-0.855,-0.104,0.94,-0.659,1.01,-0.028,1
0.995,0.197,1.175,0.925,0.943,-1.35,-0.161,-0.136,-1.066,-1.14,0.172,0.47,-0.265,-1.128,-0.314,1.175,-0.722,-2.287,-1.444,0.274,0.591,0.178,-0.028,-0.632,1.047,0.138,-0.465,-0.464,1.937,-0.699,-1.128,0.032,1.266,-0.632,-0.198,0.15,1.107,-1.262,0.349,-0.311,-0.276,0.105,-0.803,0.886,1.37,-0.609,1.902,-0.781,1.821,1.462,0
0.677,0.098,-0.301,1.383,-0.639,-0.212,0.587,-0.732,-0.748,-0.58,-0.798,-0.367,-0.464,-0.087,-0.807,-1.46,0.846,-0.058,-0.681,0.266,-0.845,0.404,0.941,-0.263,-0.404,-0.677,-0.373,-1.431,1.445,-0.008,1.649,-1.184,0.381,0.519,0.831,1.956,1.314,0.683,-0.124,-1.706,1.005,0.337,0.554,1.541,-0.109,0.943,0.201,1.219,-1.329,-0.439,1
-1.58,-0.43,-1.332,0.166,1.314,0.131,0.114,-0.217,-1.993,-1.193,1.889,1.009,-0.53,-0.424,1.462,-1.489,0.549,0.339,0.112,0.002,0.084,1.054,0.145,-1.766,-0.346,0.066,0.478,-1.189,-0.36,-1.864,-2.128,0.05,-0.448,1.248,-0.957,1.185,-0.422,-0.382,-1.001,-0.768,1.629,0.882,-1.317,0.717,0.569,-0.757,1.953,0.603,1.483,0.181,0
1.734,-0.843,-1.186,-1.043,-0.58,-0.396,-0.676,0.671,-0.448,-0.337,0.242,-0.042,1.644,0.418,-0.524,0.801,0.246,1.606,1.364,-1.292,-1.913,-1.019,1.18,-0.8,-0.274,0.47,0.057,-1.231,-2.36,-0.089,-0.674,2.525,-0.791,-1.792,2.405,-2.076,-0.795,-0.496,0.023,1.352,-0.956,0.632,0.172,0.223,-0.438,-0.0,1.161,-0.034,-0.813,-0.45,0
0.555,0.157,-1.675,1.318,-0.124,-1.164,0.94,-0.337,0.765,0.304,0.207,0.874,-0.406,0.232,-1.075,-0.018,0.204,1.598,-0.425,0.262,-0.539,-0.302,0.988,0.622,1.152,0.237,-0.149,-0.024,-1.851,-0.022,0.647,0.266,1.233,0.41,-0.052,0.244,-0.157,1.151,0.625,1.557,-0.012,-0.541,0.104,0.864,-1.397,1.517,-0.509,-0.41,-1.857,0.981,1
1.65,0.014,0.543,-0.862,0.334,-1.299,0.632,0.262,1.213,0.189,0.604,-0.812,0.948,-0.802,-0.197,0.162,-0.273,0.6,0.543,-1.48,-0.058,-0.423,0.1,0.376,0.64,1.226,0.585,-0.773,-0.732,0.472,0.13,-0.172,0.785,-0.588,0.275,1.005,0.809,1.069,0.561,0.777,0.211,-0.031,0.177,-0.823,0.676,-1.412,1.162,-1.189,-1.704,1.902,0
0.142,0.147,0.396,0.19,-0.881,-1.948,-0.152,-0.472,-0.635,-0.465,1.511,-1.164,-0.98,2.256,-0.43,-0.354,0.199,-1.687,-0.913,0.362,0.125,-1.127,1.254,-0.727,-1.3,0.391,1.115,0.221,1.538,-1.675,2.274,-1.934,-0.469,0.014,0.226,0.371,0.031,-2.037,0.559,-0.494,-1.125,-0.235,-0.507,-0.009,-1.299,-0.645,0.315,-0.237,0.318,0.027,1
1.531,1.588,-0.096,0.418,0.752,0.789,-1.357,-0.071,-0.809,0.635,-0.683,0.045,0.092,-1.425,0.052,-0.256,-0.426,1.052,0.043,-0.96,-1.543,-0.635,-0.056,0.051,-0.094,-0.86,-0.15,0.495,1.848,-0.1,0.18,-1.683,0.682,1.758,1.131,-1.838,-0.861,2.5,-1.431,-0.009,0.109,-0.249,0.291,-0.661,1.091,0.879,0.05,-0.717,0.068,1.666,0
-1.588,-0.324,-0.242,2.506,0.172,-1.506,-0.286,-1.591,-0.051,-1.571,0.569,0.12,2.526,-0.089,0.552,1.32,0.329,-1.184,-1.188,0.827,-1.094,0.874,0.797,1.066,-1.077,0.679,-0.48,-1.268,1.589,2.659,-0.649,-0.257,-1.063,0.269,0.246,0.342,1.136,-0.364,-1.886,-0.422,0.939,-1.186,0.018,0.1,-1.254,-1.687,-0.977,0.212,0.672,0.223,0
0.642,-0.434,0.933,-0.689,-0.234,0.804,2.013,-0.608,-0.075,0.986,-0.072,-0.798,-0.565,1.427,1.539,-0.247,0.316,0.272,1.419,-0.088,-0.367,0.798,0.389,1.209,0.071,0.039,1.081,0.147,-0.216,1.638,-0.227,1.327,0.953,0.104,-0.363,1.537,0.155,-0.797,-0.081,1.406,0.155,1.102,-1.074,-0.691,1.635,0.339,-0.346,1.044,1.133,-1.99,0
-1.057,-0.108,1.302,1.417,0.549,0.13,-1.004,-0.27,-1.334,1.492,1.663,-0.942,-1.208,0.932,-0.566,-0.799,-0.413,-0.778,-0.51,1.669,0.104,-1.537,0.466,2.84,0.073,1.577,0.549,-0.899,-0.833,-0.493,1.926,-0.459,-0.295,0.49,-1.724,-4.08,0.407,-1.387,0.87,-0.244,0.766,-0.846,1.788,-1.622,-0.261,-0.224,-0.455,-0.246,-0.212,-1.137,0
-1.241,0.287,0.084,-1.858,-0.526,-0.869,0.73,0.116,-0.516,0.776,-0.535,0.867,-0.094,-1.129,0.002,1.978,-1.209,0.38,0.933,-1.821,0.554,-0.281,0.524,-0.191,-1.568,0.495,-0.105,-0.232,2.87,0.01,-0.796,-0.371,2.572,0.091,2.514,3.114,1.202,-2.666,1.598,0.387,-1.48,-0.888,1.726,0.3,-0.625,-0.25,-0.762,-0.583,1.173,0.522,1
-0.288,-0.792,0.548,2.115,0.68,0.093,-0.112,-1.01,0.7,-1.515,0.622,0.503,1.051,0.681,-0.218,0.203,-0.037,-1.158,-0.801,-0.551,0.17,-0.996,-0.756,-1.945,-0.212,0.203,-0.566,0.418,-1.686,-0.517,-0.007,1.42,-0.369,-0.59,-1.239,-0.533,0.986,-0.484,-1.403,-1.344,-0.566,0.275,-0.945,0.769,0.441,0.659,0.683,-0.663,-0.61,1.45,0
-0.728,-0.924,1.874,1.274,0.688,-0.811,-2.493,0.323,-0.551,0.818,-0.771,-0.257,2.05,-1.309,-0.974,-0.36,-1.569,0.637,-0.969,-0.683,0.934,1.166,-0.321,-0.292,0.079,-1.67,0.188,-0.003,-1.083,0.396,0.049,1.246,-0.091,-0.451,0.848,-0.47,-1.199,0.531,-0.415,1.627,0.756,2.298,-0.126,-0.7,1.4,-0.708,-0.259,-1.99,1.079,0.547,1
1.342,-0.977,1.395,-1.466,-0.532,1.54,-0.361,-0.501,-0.378,-0.982,0.839,3.053,0.512,1.302,2.105,0.989,1.577,-0.97,-0.411,-1.926,0.332,-1.153,1.269,-0.431,0.444,-0.571,1.276,-0.333,0.534,0.534,0.243,0.882,-1.558,0.796,-2.434,-1.449,-2.088,-0.843,-0.882,-0.386,-0.857,0.754,1.84,-0.824,-0.596,0.554,-0.591,-0.757,1.359,-0.88,1
-0.08,0.537,-2.1,0.405,0.642,0.294,-0.663,-0.868,1.955,0.109,-0.439,1.502,-0.628,2.149,1.218,0.502,1.544,-1.501,0.435,-1.246,-1.108,0.547,0.834,2.891,-0.36,-0.426,-1.054,1.024,0.388,-0.057,1.166,1.996,0.977,-0.324,-1.619,-0.312,-0.349,1.908,0.631,-0.549,0.17,-0.056,1.464,1.802,0.216,1.983,-1.525,0.739,-1.638,-1.72,0
-0.295,-0.115,0.438,1.254,-1.812,0.893,-0.829,-1.454,0.345,-0.122,0.854,-0.823,-1.443,0.424,-0.625,0.196,-0.045,1.107,-1.305,0.415,1.225,-0.311,1.775,0.624,-0.021,1.16,0.918,1.297,-1.466,0.064,1.452,-0.834,-0.154,0.065,-0.647,0.356,0.5,0.957,-1.217,1.913,-0.97,0.154,-0.558,0.492,-0.043,-0.019,-0.042,-1.654,1.082,0.693,1
-0.394,0.237,-1.018,0.218,0.38,-0.14,1.437,2.521,1.223,-0.191,0.924,0.642,-0.398,0.76,1.599,-0.969,-0.906,0.318,-0.932,0.15,1.656,0.136,1.893,0.677,-1.599,0.195,-0.557,-0.249,-1.496,2.077,0.438,0.635,0.191,-1.633,0.039,-0.061,0.552,-1.206,0.303,0.507,1.984,1.425,-1.498,2.128,-0.221,-0.934,-0.502,-1.126,-1.282,-0.315,1
-1.131,-2.139,0.705,-0.534,-0.935,-0.207,0.268,1.888,0.102,-0.155,-0.518,-0.16,1.719,-0.701,-0.72,0.328,-1.856,0.14,0.679,1.224,-0.279,1.203,0.044,0.056,-0.059,0.701,0.269,-1.644,-0.232,-0.167,-0.297,-1.5,-0.201,0.118,-0.11,0.502,2.27,-1.922,-0.496,0.172,0.545,-1.736,-0.324,1.187,-0.001,1.787,0.805,-0.737,0.257,0.775,1
0.672,-1.956,0.432,0.504,0.982,1.175,0.182,1.978,0.047,0.752,0.8,1.109,-0.399,-1.418,1.466,1.156,-0.024,-1.329,-1.579,0.363,0.035,0.432,-0.989,-0.203,2.629,0.975,0.575,1.348,-0.167,1.164,0.184,-0.025,-0.423,-0.857,-0.507,1.395,-0.778,0.511,-0.231,-1.533,-1.39,-1.604,-1.057,1.073,-0.311,-1.402,1.285,-0.123,-0.392,0.363,1
-1.186,-0.9,0.289,-0.602,-0.282,1.088,-0.74,-0.911,-0.625,-1.222,-1.697,-0.554,0.942,-0.736,0.385,-0.353,0.033,-0.727,0.38,0.194,0.099,0.159,0.825,3.209,-0.147,-0.935,1.316,-0.137,-0.863,0.473,0.078,2.037,-1.691,1.341,-0.143,-0.243,-0.28,-0.413,0.671,1.599,-1.645,-1.375,-1.772,0.588,1.503,-0.56,0.244,0.697,1.037,-0.108,1
-0.847,-0.324,0.639,2.032,1.327,1.445,-0.256,-1.276,-0.075,-0.257,-0.909,-0.2,0.43,-0.65,-1.178,0.101,1.485,-0.377,1.294,-0.555,-0.071,0.104,-0.703,0.424,0.33,0.594,0.346,-1.214,-2.361,0.16,0.492,-0.574,1.458,-0.284,0.389,-0.357,0.363,-0.356,-0.096,1.192,0.652,0.284,1.08,-0.098,0.255,-1.169,0.296,0.22,0.504,0.295,1
-0.366,0.203,-0.47,1.057,1.281,0.437,0.57,0.233,-1.939,-0.143,0.12,-0.625,0.129,0.062,0.309,-0.237,-1.36,-0.236,-1.111,-0.701,-0.394,1.609,-0.683,-0.205,-1.023,-0.108,-0.508,-0.366,0.337,0.693,0.432,-1.482,0.744,-0.105,-0.149,-1.642,0.73,-0.777,1.073,-0.857,-0.722,-0.133,1.674,-0.435,-0.304,0.293,-1.843,-0.979,-0.473,2.207,0
0.998,-0.362,-1.119,-0.769,-1.059,0.254,0.227,0.087,0.005,-0.77,0.953,0.476,-0.228,0.668,2.082,-0.549,-0.424,0.557,-0.178,-0.003,0.143,-1.567,-1.707,2.246,-0.376,0.848,-1.215,-1.211,-0.246,-0.527,-0.547,1.544,0.395,-0.797,-1.388,0.675,0.471,0.31,1.134,0.299,0.796,0.437,1.789,-0.79,-0.123,-0.527,0.007,0.81,-2.036,0.868,1
-0.114,0.0,-0.785,2.064,-0.952,0.747,0.293,-0.61,0.425,-0.937,-1.128,-1.796,-0.44,0.324,-0.272,0.341,0.288,-0.381,0.016,1.033,-0.88,-1.253,0.822,0.038,-0.586,-0.602,0.385,-0.518,1.52,0.35,0.78,0.443,-0.809,0.753,-0.694,0.059,-0.08,-0.764,0.036,-0.14,-1.934,1.084,1.532,-1.576,-0.376,-1.12,-1.369,0.533,1.293,1.121,1
0.089,1.168,0.267,0.722,-0.855,-0.732,1.011,-0.139,-0.263,1.431,-0.74,-1.578,0.428,0.024,0.638,-1.034,0.875,-0.022,0.998,0.291,0.491,0.421,-1.308,1.515,-0.21,0.35,-0.791,-0.176,-0.845,-0.063,0.183,-0.635,0.544,-0.267,-1.037,-0.737,-1.588,-0.374,-0.756,1.739,0.989,-0.465,0.958,-0.086,-1.667,1.286,-1.58,1.052,-0.071,-0.111,0
-0.001,0.058,1.525,-0.207,-1.32,-0.526,-0.521,0.841,-0.985,-1.766,-0.511,-0.772,0.167,-0.231,-0.444,-0.586,0.641,-0.951,-0.873,-1.036,-1.63,0.124,0.711,-2.231,-1.853,0.681,0.288,0.602,-2.038,-0.952,0.949,-1.073,0.825,0.8,-0.361,2.036,-2.142,-1.766,0.189,-0.07,0.928,-1.161,0.151,0.206,-1.269,-2.649,0.081,1.934,-0.21,-0.237,0
0.019,1.835,0.633,0.835,-0.829,-1.111,-2.208,-0.718,-1.068,-2.006,0.021,-0.844,-2.073,-0.545,0.719,-0.941,-0.228,0.378,-0.779,-0.19,0.291,-0.298,-1.654,1.929,-0.113,0.328,-0.123,-0.869,0.823,-0.29,0.655,1.965,0.052,1.019,1.468,0.288,0.679,2.142,-0.716,-1.126,0.47,0.382,0.433,1.634,0.293,-0.213,-0.483,-0.707,-0.211,1.5,1
-0.137,1.198,-0.602,1.324,-0.819,0.037,-0.812,0.132,-1.58,-0.665,-0.921,-0.566,-0.978,0.183,-1.883,1.585,-0.83,-1.181,-0.513,0.193,0.194,0.17,-0.561,-1.01,0.599,-0.017,-0.689,0.146,1.197,-0.101,-0.045,1.032,0.529,1.03,-0.642,-0.479,0.242,-0.839,0.168,1.848,0.37,0.246,-0.155,1.121,1.131,-0.56,0.757,1.221,-0.969,-0.539,0
0.12,-0.916,-0.284,0.766,-0.254,-0.0,-0.062,-0.032,-0.178,-1.795,0.223,2.112,1.604,0.007,-0.328,0.667,0.172,0.856,2.279,-0.396,-0.564,-0.356,-0.543,-0.826,0.389,-1.702,0.055,-1.553,1.556,0.943,1.144,-0.456,1.043,0.247,-0.631,-0.034,0.739,1.067,-1.086,-0.197,0.5,1.168,-0.541,-0.727,-0.214,-1.899,1.321,-0.555,-0.223,-0.92,1
0.25,-1.271,-0.059,0.149,-0.004,-0.052,0.975,-1.049,0.817,-1.146,-0.34,-0.573,0.963,-0.757,0.189,0.763,-0.376,-0.848,-1.008,1.08,0.451,1.822,-0.343,-1.463,-1.157,-2.274,-1.128,0.084,0.012,-0.519,-0.18,-1.529,-1.282,1.626,2.56,2.418,0.838,1.713,0.368,0.689,1.819,-0.245,2.764,-1.673,-0.864,-2.043,0.094,-0.469,1.368,-1.532,1
0.432,-1.053,-1.067,-0.741,-0.397,-0.8,-0.306,1.611,-1.101,1.055,-0.582,0.037,0.14,-1.948,0.319,0.585,0.661,-0.311,-1.699,-0.897,-1.456,-0.687,-0.487,-0.423,-0.877,0.447,0.668,2.79,0.402,-0.15,1.485,-0.653,0.3,0.195,0.742,-0.818,0.829,-1.7,-0.981,-0.277,-1.061,-0.414,0.937,0.894,-0.587,-0.475,1.115,-0.765,1.445,1.506,0
-1.336,0.202,-0.25,0.688,1.667,-0.675,0.235,0.445,0.641,0.929,-2.488,-0.464,-1.327,1.78,0.666,0.157,-0.836,-0.061,0.372,-1.518,-0.384,0.213,0.171,-2.047,-0.818,0.418,1.09,-0.346,-0.18,1.161,0.956,-1.136,-0.385,-2.98,-0.712,0.431,1.242,0.234,0.563,0.064,-0.033,0.193,-0.721,0.048,0.29,-0.539,0.55,0.179,0.724,-0.195,1
-0.321,-0.511,-1.538,0.435,0.782,1.007,1.228,0.673,0.032,-0.914,0.04,2.022,1.513,-0.377,1.947,0.523,-0.84,-1.565,0.531,-0.572,-0.107,1.973,-0.177,-1.651,-1.043,1.079,-0.203,0.602,0.597,0.09,0.302,-1.249,-1.843,-0.432,-0.119,-0.015,-1.181,0.589,0.082,0.128,0.567,0.19,0.203,0.342,0.615,-1.002,1.756,-0.2,-0.979,-0.811,1
-1.103,0.065,-0.621,-1.084,-1.872,-0.04,-2.99,0.425,0.872,-1.213,-0.655,-0.782,0.451,0.977,0.569,1.776,1.356,-0.31,0.584,-0.757,0.528,1.275,-0.864,1.095,0.18,-0.622,0.141,1.961,0.267,0.996,-1.626,-0.269,-0.076,-1.855,-1.694,-0.315,-0.621,-0.971,0.173,-0.866,-0.016,-0.1,-0.102,-1.311,-1.474,0.234,0.172,0.512,1.085,0.77,0
-1.724,1.379,0.549,0.332,-0.107,0.593,1.541,-0.636,1.126,-0.544,-0.367,1.696,1.119,0.271,-0.823,0.634,0.383,1.257,-0.508,-1.165,-1.869,-0.445,-1.342,-0.247,-1.724,0.338,1.243,0.349,0.001,2.688,-2.04,0.923,-0.045,0.084,0.549,0.94,0.555,0.324,-0.285,0.864,1.132,-0.027,0.518,-1.907,-0.614,1.596,2.316,0.086,-0.968,0.448,1
-0.54,-0.074,0.612,-0.696,0.497,2.056,-0.806,0.487,-0.416,0.512,0.42,-0.724,-1.026,-0.051,-0.156,-0.276,0.5,-1.564,0.053,-1.687,0.461,0.624,-1.027,1.543,-1.895,-2.353,-0.917,-0.861,0.19,2.144,-1.033,-1.273,-0.083,0.008,-1.431,0.969,1.066,0.463,-0.214,0.298,2.004,1.806,-0.864,0.159,-0.945,0.162,0.183,1.792,-0.538,0.454,1
0.011,-0.239,-0.076,-0.761,0.569,-1.072,-0.336,0.753,0.326,-2.004,0.488,-0.516,0.648,2.115,-0.899,0.785,-0.041,0.623,-1.27,1.367,-1.212,0.061,0.206,0.593,0.392,0.013,0.206,0.445,-0.294,0.309,0.289,1.615,1.039,0.416,-1.24,-0.038,-0.048,2.765,-1.159,-0.547,-1.009,0.831,1.406,-1.653,0.264,0.867,1.971,1.854,-0.468,-0.017,0
-1.352,-1.753,0.041,-0.988,0.868,-2.374,-0.787,0.614,-1.774,-0.796,0.096,0.559,0.568,0.27,0.064,-0.993,-1.567,-2.555,0.867,2.916,0.517,1.003,0.377,-1.421,1.143,-1.143,-0.112,-0.816,-0.013,-0.301,1.494,-0.609,-0.431,-1.642,0.065,-0.277,-0.398,0.98,0.33,0.902,-0.687,-0.703,1.154,1.0,-1.994,-0.012,0.329,-1.138,-1.569,-2.026,0
-0.873,-0.567,1.252,-0.01,0.191,1.219,-0.864,-0.096,0.538,-0.596,1.086,0.513,0.162,0.115,-1.265,-1.65,2.207,0.792,-1.63,0.18,-2.08,-0.907,-0.678,0.327,0.037,0.313,-1.273,0.072,-2.293,-0.789,-0.258,-0.722,-0.28,-0.623,1.467,0.435,-1.52,-0.449,-0.587,0.193,0.746,1.23,-0.631,-1.835,-0.837,1.126,-0.142,-1.169,1.052,0.441,1
0.308,0.787,-0.788,2.298,1.593,1.218,-1.288,-1.516,-0.321,-0.28,-0.422,0.685,1.227,-0.164,-0.625,-2.135,-1.274,0.233,0.548,1.628,0.233,-1.221,-0.311,0.436,-1.546,-1.123,-0.737,-0.876,0.136,-0.61,1.631,-0.581,0.931,0.019,0.463,-0.388,2.04,0.101,0.927,-0.378,0.227,-0.362,2.326,-1.042,0.237,-0.797,-0.362,0.443,-0.678,1.686,0
0.34,-0.067,0.43,1.155,0.341,2.087,-0.374,0.757,-0.039,1.533,-1.509,0.546,-0.347,-0.754,0.001,0.306,-0.619,0.356,-0.181,-0.125,-0.054,-0.852,1.994,-0.613,0.047,-0.352,0.424,-0.897,0.171,-0.368,0.582,1.785,-0.51,0.649,1.103,0.549,-0.735,2.231,1.873,1.387,1.271,-3.518,0.759,-3.126,0.913,1.372,-0.323,-0.645,0.345,1.053,0
0.313,-0.123,-1.056,-1.307,-0.195,-0.389,0.682,-0.296,-0.589,0.795,-0.396,1.288,-0.9,0.259,1.571,0.301,3.939,-1.127,-0.422,0.189,1.427,0.341,0.45,0.609,0.343,1.397,2.006,-1.848,0.846,1.194,-0.207,0.773,0.298,0.479,-0.414,-1.41,0.925,1.149,-0.861,1.378,0.918,1.954,0.108,-0.648,0.747,-0.724,0.194,2.223,1.061,-0.319,0
0.229,0.626,0.715,0.108,-0.046,0.595,-0.166,-1.434,-0.28,0.014,1.786,-0.608,1.251,-1.403,0.142,1.021,-0.579,0.556,-1.218,-0.131,-1.344,-2.414,0.134,-0.517,-0.054,0.143,-0.595,-1.615,-2.82,1.072,-1.494,0.307,-2.674,-1.38,-0.078,-0.353,-0.669,1.603,-0.757,1.424,0.378,2.757,-0.333,0.644,1.034,0.316,0.58,-1.503,0.515,2.231,0
-1.472,1.078,-2.663,0.528,-0.189,-1.638,0.14,-1.928,0.841,0.835,-0.765,0.46,1.878,-2.144,0.045,-0.579,-0.524,0.807,-0.252,-1.038,1.627,-1.05,0.488,0.8,2.187,1.658,1.547,-0.606,-0.083,0.378,0.131,0.47,0.079,0.239,-0.837,0.45,-0.138,-0.51,-0.461,-1.288,-1.954,0.816,-0.226,-1.534,1.619,0.617,0.524,2.188,-0.258,-0.839,0
0.269,-0.58,0.222,0.553,-0.098,-2.335,-1.181,-0.158,-1.17,1.257,-1.614,1.861,-0.591,-0.47,0.699,-0.379,0.472,-0.292,-2.947,0.316,1.163,0.668,-0.496,-0.628,0.541,1.269,0.461,-0.414,1.458,-0.961,-1.454,-0.254,0.197,0.812,0.661,-0.418,-1.323,0.745,-1.2,1.026,0.358,-1.774,-0.373,0.42,1.614,0.078,-0.25,-0.387,0.248,-0.528,1
-0.455,0.216,1.191,0.903,-0.644,-1.24,-0.241,-1.435,-0.466,-0.203,0.906,0.627,-1.135,0.179,-0.157,0.887,-0.811,-0.579,0.535,0.098,0.428,-1.652,2.141,-0.527,1.765,-1.014,0.776,0.082,2.367,0.557,-0.057,0.036,-0.341,-1.05,-1.933,0.183,0.63,0.35,0.428,-0.292,-0.579,0.968,0.604,0.579,-0.023,-1.78,-0.517,-0.201,-0.429,-0.234,1
0.398,-0.59,-0.404,-1.013,0.111,0.113,0.374,0.421,0.294,-0.823,-0.246,3.158,1.318,-0.325,0.336,-1.218,0.1,0.938,1.027,-0.423,-2.211,-0.905,-1.135,-1.358,-2.66,-0.418,0.109,-0.263,1.047,-0.445,-0.034,1.581,-0.707,1.173,-0.367,0.22,-1.192,-0.551,-0.455,-0.024,-1.147,-1.012,1.55,-0.957,-1.611,-0.387,0.66,-0.834,-0.969,-0.964,1
-0.471,0.728,-0.116,0.374,0.05,0.873,0.338,-0.825,0.454,-0.776,-0.815,0.65,0.338,-0.869,-1.755,0.965,-1.131,0.536,0.576,-0.793,0.601,-0.758,0.015,1.814,-0.261,0.262,-0.315,0.087,0.538,-1.6,-0.784,0.115,0.605,-0.187,0.009,-1.399,0.22,-0.813,-0.709,-1.613,0.247,0.775,-1.027,-1.741,-1.243,-0.596,1.756,-0.899,0.74,-0.007,1
-1.673,0.057,-0.888,-0.692,1.564,1.608,2.342,0.161,-1.073,1.326,1.36,1.324,-0.547,0.905,0.968,0.659,0.15,0.566,0.347,-0.822,0.116,-0.029,0.487,1.516,-0.478,0.87,0.028,0.559,1.388,-0.186,1.858,0.917,0.732,1.214,2.243,-0.259,1.124,-1.743,-1.621,-0.323,-1.302,1.953,1.312,1.998,-0.798,0.491,0.013,-0.883,1.015,-0.408,1
1.219,-1.3,0.679,-0.655,1.891,0.611,1.346,-1.346,1.821,-0.222,0.076,1.136,-0.204,1.725,-1.025,1.319,-0.02,1.498,1.123,2.343,-0.677,-0.79,0.783,0.422,-0.211,-0.074,-0.293,1.101,-0.226,-1.545,-0.045,-1.355,0.778,0.496,1.822,-1.287,0.401,1.2,-1.022,1.257,0.158,1.237,-2.651,-1.621,-0.208,0.024,-0.629,1.578,0.066,-1.616,0
-1.092,-0.423,1.3,0.456,0.066,-1.113,0.855,0.838,-2.448,-1.214,-0.416,0.43,-0.675,0.942,0.924,0.043,0.383,-0.111,-0.537,0.224,0.553,-2.79,-0.418,0.396,0.095,0.434,-0.123,1.672,-0.229,1.179,0.413,0.573,-1.197,1.406,-0.117,0.533,-1.105,0.796,-1.227,-0.744,-1.606,-0.362,1.003,-0.734,-0.695,-0.921,1.007,1.856,0.017,-1.567,0
-0.734,0.841,-1.514,0.718,0.374,1.328,-1.118,-1.487,-0.779,-0.058,-1.08,0.171,-0.17,-0.041,-0.559,-0.369,0.424,-0.575,0.503,-1.222,-0.069,0.093,0.688,-0.648,0.422,-0.932,1.162,0.087,0.008,0.706,2.421,0.918,-0.398,-0.328,-1.075,0.922,-0.211,0.098,2.264,0.612,0.134,0.058,-0.377,0.828,-0.911,-0.483,1.675,0.197,1.809,0.573,0
-1.074,-0.349,0.649,0.228,1.01,-0.689,-1.049,-0.152,-0.1,0.458,-0.556,-1.044,-0.467,-0.614,0.015,-2.213,0.193,-1.079,0.344,0.278,-0.62,-0.879,-0.472,-0.018,-0.518,-1.222,-1.169,1.501,1.677,0.766,-0.471,-0.468,1.195,-1.567,1.428,-0.889,-0.655,0.209,-1.203,1.398,-0.036,-0.793,-0.659,0.581,1.166,0.773,0.792,-0.69,-0.062,-0.817,1
-0.359,0.41,-0.907,-0.648,-0.072,-0.242,1.544,-1.061,1.303,-0.766,0.124,1.445,-0.999,0.504,-0.161,1.11,-1.384,1.52,2.113,-0.638,0.297,-1.197,0.074,-0.025,-1.546,-0.232,1.034,-0.214,-0.411,-0.897,0.355,0.133,1.975,-0.428,0.029,-1.803,0.03,-1.059,-0.73,0.822,0.155,0.649,0.117,0.016,0.572,0.498,-0.018,-1.096,-0.484,-0.937,1
0.095,-0.056,-1.444,-0.052,-0.221,1.723,1.965,-0.099,-1.108,1.621,-0.032,0.42,0.134,-0.639,-1.244,-0.381,0.29,-0.454,-1.085,-0.392,-0.531,1.396,0.479,0.981,0.019,-0.42,0.295,1.223,1.405,-1.534,-0.049,-0.928,-0.41,0.592,-0.098,-1.735,-0.396,-0.96,0.603,-0.083,0.797,1.408,-0.586,-1.556,-0.2,-1.784,-0.583,0.087,0.382,-1.037,0
0.663,1.689,-0.541,0.265,-1.394,-0.487,-2.534,-0.15,-0.39,-0.62,0.734,0.666,0.714,-0.638,-0.651,0.364,-0.597,0.687,0.246,-1.102,-0.783,-0.078,-0.272,-0.948,-0.151,0.228,-0.905,-0.882,-2.321,0.251,0.286,-0.575,-2.175,0.656,1.244,0.325,-0.957,0.502,-0.199,-0.002,0.433,0.174,0.112,-0.429,0.931,1.444,1.403,-0.098,-0.776,0.279,0
0.194,0.642,-0.975,-1.06,-0.915,-0.273,-0.431,0.737,1.523,-0.502,-0.035,1.543,-1.459,-0.858,-0.11,-1.276,0.155,-0.993,-2.042,-0.266,0.516,0.449,-0.533,1.546,-0.484,-0.919,-0.184,0.623,-0.858,0.761,-0.887,0.142,-1.848,-1.472,-0.069,0.608,0.63,-1.014,-0.04,-0.587,0.694,0.26,-1.083,-0.218,1.653,0.067,0.767,-0.18,-0.728,0.884,0
1.833,-0.084,0.271,-0.45,-0.978,0.423,-0.507,0.236,-1.127,0.115,1.976,-1.28,-2.591,2.127,1.784,1.016,-0.778,-1.452,-2.244,1.481,-0.103,-0.433,0.764,-0.015,-1.147,-2.091,-0.145,-0.819,-0.823,-0.389,0.819,0.311,0.375,-1.497,-0.289,-0.716,0.238,1.086,-1.132,-0.177,-1.547,-0.815,0.396,0.071,-0.472,-1.49,1.533,2.141,-0.445,0.123,1
-0.087,-0.521,-2.608,0.892,-1.815,-1.615,-0.155,1.626,0.354,-0.996,0.279,1.067,-0.96,-1.172,0.42,-0.148,-0.875,-1.35,-1.05,-1.682,-0.461,-0.395,1.823,-0.969,0.421,0.152,-2.295,-0.01,-3.433,1.453,-0.234,-0.865,-0.167,-0.265,-1.089,-0.129,-0.591,0.047,-0.763,-1.062,-0.149,0.968,1.006,0.64,-0.939,-0.01,1.863,0.103,1.452,-0.494,1
-0.154,0.315,-0.999,0.307,1.206,-0.96,-0.078,-0.905,-1.387,-0.585,-0.714,0.134,-0.201,-0.955,-1.089,1.025,-0.026,-0.984,0.524,-1.45,-0.269,0.606,-1.54,0.588,0.579,-0.432,0.818,-0.996,-2.171,0.445,1.594,-0.297,-0.88,-1.256,0.326,-0.747,0.713,-0.887,1.307,-0.893,0.781,-0.29,1.341,-1.259,0.643,-0.281,0.765,-1.057,1.112,-0.718,0
-0.648,-0.54,1.543,-0.031,0.229,-0.22,-0.01,0.656,0.009,-0.347,-1.878,0.895,-0.837,-0.806,-1.371,0.295,0.763,0.797,1.556,0.49,1.017,-1.062,0.701,1.718,-0.496,0.494,0.89,-0.317,-0.853,0.485,1.033,-0.969,1.359,1.071,1.718,1.385,-0.879,0.319,0.373,-0.275,-1.308,1.954,-0.009,-1.513,0.039,0.65,0.845,0.061,0.221,-0.317,0
0.458,-0.637,0.934,0.296,0.11,0.285,-0.282,0.464,0.626,0.459,0.069,0.264,0.092,0.211,-0.257,-0.187,0.275,1.666,-0.935,0.821,1.971,0.888,-0.79,-1.334,0.144,0.678,-2.435,1.205,0.362,-1.074,0.322,-0.092,0.855,-0.533,0.786,0.587,0.27,1.317,-0.927,-0.366,0.633,-0.675,1.373,-0.445,-0.587,0.189,-0.321,-0.096,-1.325,-0.081,0
-0.569,1.115,2.038,0.759,0.482,0.754,-1.381,0.411,-0.081,-1.704,2.354,-0.454,0.953,-0.167,-0.685,-1.166,-1.8,0.06,1.867,1.451,0.176,0.055,0.659,-1.16,0.891,2.91,-1.702,-0.652,-0.283,0.44,-0.275,0.69,-1.098,1.061,0.345,-0.521,0.174,0.61,-1.489,2.137,0.139,1.603,-0.087,-0.125,0.33,-0.248,-2.241,-0.326,-1.138,0.661,1
1.081,-1.909,-0.26,0.361,1.016,-0.369,1.874,0.885,-0.726,1.09,-0.665,1.318,-0.317,-1.016,0.706,-0.476,0.32,-0.917,0.373,1.255,1.224,0.6,-0.677,1.1,-0.591,-0.372,0.495,1.055,0.833,-0.005,0.74,-0.239,1.49,-2.163,0.422,0.432,0.906,0.655,0.072,2.077,-0.406,-0.406,0.379,0.286,0.595,0.048,-0.1,0.566,0.243,-0.664,0
-0.028,0.703,-0.22,-0.092,0.632,-0.725,-2.962,-0.727,-0.398,-1.336,1.712,0.149,1.328,-0.703,-0.884,-1.65,-0.421,0.907,0.285,0.339,-0.058,0.497,-1.81,0.082,0.696,-0.431,-0.445,0.192,0.977,-2.615,-0.393,-0.832,-0.42,-0.968,-0.477,0.905,-0.083,0.331,-0.641,-1.233,0.272,-0.386,-1.044,0.511,-1.207,-1.215,-0.419,-0.699,3.195,0.509,1
-0.544,-1.173,-1.697,-0.9,1.479,0.698,-0.982,0.334,-1.78,-0.154,0.428,1.032,-1.39,1.098,-0.839,-0.699,-0.102,0.885,-0.493,-0.948,-0.329,0.458,-0.301,3.133,1.784,-0.649,0.894,-0.936,0.501,0.553,0.638,1.587,-0.32,0.463,-0.346,-0.145,-2.197,1.647,1.788,-2.254,-1.816,-0.736,0.393,1.393,-0.021,-1.31,-0.052,0.754,0.519,-0.255,0
-1.426,0.866,0.204,-0.329,0.532,-0.022,-0.071,-0.975,-0.861,-0.408,-0.62,0.983,0.908,-1.033,-0.184,-0.923,0.547,0.636,-0.328,0.507,0.525,-0.349,-0.07,-0.238,-0.137,-1.286,-0.931,-1.475,0.314,0.269,-0.121,-0.267,-0.684,-0.968,-1.7,0.058,0.373,-1.467,0.622,0.95,-0.049,2.511,0.27,-0.059,-1.001,0.701,0.463,-1.035,1.036,0.701,1
-1.719,-0.451,-0.17,-0.453,1.003,-0.661,0.549,1.862,-3.247,-0.97,0.879,1.367,1.324,-0.411,1.057,0.864,-0.106,0.465,-1.865,-1.12,0.674,0.406,-1.646,0.44,-0.715,-1.73,-1.158,0.722,-0.354,0.723,-0.566,0.177,-1.446,-1.89,-2.357,1.128,-1.382,-0.746,0.784,0.215,0.117,0.285,-0.259,-0.55,1.361,0.872,-0.923,-0.594,1.262,-0.191,0
-2.049,0.287,1.461,0.002,1.088,0.055,-0.585,0.714,-1.377,0.728,-0.13,-2.363,0.296,-1.242,1.139,-0.128,-0.285,0.678,0.649,-1.553,-1.563,0.404,1.515,-1.35,0.105,-0.339,0.724,0.792,0.478,0.263,0.412,1.183,1.576,1.363,-0.451,0.999,2.138,1.407,-1.439,-0.455,-0.602,-0.198,0.988,-1.922,1.821,-0.369,0.139,0.244,-0.309,-1.909,1
0.582,-0.902,-1.842,0.174,0.888,-0.654,-0.067,-0.233,1.183,-0.13,-1.074,1.559,-1.033,0.919,0.834,-1.114,1.254,-0.059,0.274,0.181,1.957,0.269,0.47,-1.786,-0.779,-1.049,-0.2,0.945,-0.332,-1.653,-0.819,-1.876,-0.832,0.776,0.521,1.298,0.438,0.392,0.411,0.683,1.443,0.685,-0.258,-1.966,1.255,-1.515,0.901,-0.329,-1.537,1.055,0
-1.548,0.659,1.105,-1.434,-0.73,0.61,1.866,0.732,0.446,0.928,0.649,2.463,2.078,-0.13,1.085,-1.012,-0.223,0.484,0.773,-1.403,-1.104,0.457,-0.924,-0.108,3.303,-0.581,0.111,0.021,-0.507,-1.128,-2.082,0.907,-0.174,0.313,-0.273,2.398,0.368,0.04,-0.166,0.185,-1.014,0.184,-0.304,-0.474,-1.373,0.752,2.167,-1.368,-0.439,1.384,1
-1.259,-3.168,-0.44,-0.498,0.463,-0.288,-2.074,-1.025,-1.833,0.586,-0.794,1.534,-0.59,-0.295,-0.157,-0.246,-1.231,-1.786,0.192,0.523,0.487,0.734,1.859,0.341,1.454,-0.279,-0.875,0.265,-1.554,0.4,-0.32,-0.134,0.114,0.53,0.46,-0.259,-0.623,-1.37,-0.011,0.085,-0.264,-1.44,0.859,-0.912,-0.555,-0.45,0.936,-0.839,-0.555,-0.708,0
-1.487,-1.359,-1.343,0.424,-0.111,0.842,0.009,0.833,-0.121,1.997,0.449,0.637,0.425,-0.002,-0.201,1.124,-0.385,-0.459,-0.575,0.501,0.557,0.497,-1.287,-0.516,-1.292,-1.494,-1.763,0.261,-1.136,1.184,0.814,1.055,0.053,-0.713,0.066,-0.444,-1.513,0.241,0.506,-1.418,0.391,-1.68,1.558,-0.245,0.265,0.178,-0.253,0.401,-0.654,-0.212,1
-1.076,-2.362,-0.375,1.33,0.108,0.477,0.151,-0.135,0.393,1.263,-0.613,-1.576,1.109,-0.556,-1.973,0.323,-1.514,0.472,0.104,-1.099,-1.708,0.842,1.09,-0.029,-1.473,-0.58,1.487,-0.138,-0.542,-0.141,0.393,0.4,1.522,0.981,0.087,0.795,1.434,-1.392,0.445,0.715,-0.553,-0.839,0.719,0.521,-1.041,1.198,1.767,0.097,0.596,-0.094,1
0.996,0.911,1.664,-1.806,-0.7,0.309,-0.027,0.338,0.544,0.643,0.177,-0.061,-0.954,0.404,2.094,-1.091,0.198,-0.58,-0.543,-0.197,1.883,1.064,0.809,-0.455,-0.025,-0.691,-0.573,0.802,1.017,-1.779,-1.133,-1.309,0.919,-1.214,-0.861,-0.686,0.56,1.583,-0.327,1.914,-0.669,-0.037,0.072,1.46,-1.343,-1.175,-2.431,0.577,0.056,-2.049,0
0.407,-2.199,0.897,-2.179,-0.074,0.211,1.799,0.521,-0.532,-0.461,-0.977,-0.248,0.213,0.515,-0.206,-0.191,-0.165,0.61,-1.009,-0.185,-0.851,-0.355,0.866,0.21,-1.429,-0.47,-0.17,-0.655,0.732,0.112,0.167,-1.353,0.335,0.555,0.136,2.23,0.254,0.909,-0.659,0.125,0.25,-0.169,0.94,-0.191,0.453,-1.509,-0.652,1.748,-0.393,-1.301,1
-1.187,-0.16,0.349,0.304,-0.816,0.513,-1.382,1.285,-0.728,-0.139,-0.328,1.069,-0.767,-1.106,0.793,0.265,-2.01,0.522,-0.951,3.062,-0.271,1.241,-0.089,1.76,-1.579,0.617,-0.326,2.046,2.561,0.408,0.332,0.472,1.998,0.095,0.293,-0.001,0.593,-0.447,1.443,0.022,1.334,1.363,0.375,0.972,0.233,0.237,0.858,-2.176,0.335,-1.166,0
-0.595,0.342,-0.529,0.461,-2.053,-0.545,0.362,0.013,-0.588,-0.199,1.982,-0.178,-0.733,-0.086,0.697,-0.951,-1.09,0.056,-0.233,-0.074,1.316,-2.377,-0.036,0.069,1.978,0.572,-1.385,-2.019,0.415,-0.91,1.008,0.053,-1.187,-0.956,1.576,2.394,-2.105,-0.698,-0.727,-1.381,-0.178,0.114,-1.316,-0.367,-0.133,-0.036,0.671,0.861,-0.45,-0.619,0
0.998,-1.682,1.213,-0.23,1.603,-0.094,0.779,0.998,0.422,-1.306,-0.268,-1.147,0.524,-0.165,-1.213,1.843,-0.949,1.306,1.085,0.352,0.466,1.994,-0.18,0.26,1.232,0.304,-0.094,0.271,0.056,0.414,-0.161,-0.571,0.212,0.667,-0.142,-1.027,0.371,-1.423,-1.167,-0.266,2.646,2.498,1.162,0.754,0.265,-0.608,-0.2,0.459,0.335,0.809,1
0.683,1.598,1.309,-0.524,-1.154,0.032,0.077,-0.637,1.247,-0.764,-0.437,-0.307,1.121,-0.403,-1.049,0.741,1.2,-0.08,-1.342,0.207,1.504,0.839,-1.368,-2.548,0.651,-0.113,-1.465,0.111,0.421,0.398,0.406,0.964,-1.199,1.868,-1.081,-0.4,0.243,-1.006,1.064,-0.278,0.733,-1.501,1.365,-1.516,0.621,-1.258,-0.292,-1.394,0.31,-0.044,0
2.564,-0.405,0.699,-0.06,-1.294,1.767,0.681,-0.54,0.882,0.59,0.671,0.556,1.078,0.487,0.217,0.746,1.248,-1.76,0.161,-1.794,-0.158,1.047,0.455,0.093,0.22,0.008,0.339,-1.303,-0.91,-1.16,-2.096,1.106,-0.141,-1.153,0.541,1.035,-0.062,0.586,0.332,-0.327,-1.216,-1.201,-0.447,1.598,-0.651,0.18,0.325,-1.458,0.64,0.341,1
1.955,-0.322,0.295,-0.733,0.131,-0.79,-0.577,1.181,0.14,0.712,0.309,0.58,0.419,-1.498,0.629,-0.739,-0.767,-0.826,1.674,-0.529,-0.885,0.722,1.441,-0.317,-0.746,2.069,1.489,1.82,0.172,0.408,1.379,0.32,0.877,-1.1,-0.378,-1.886,0.019,-0.806,-0.194,-0.978,1.844,0.3,-1.317,-1.179,-0.155,0.352,0.461,-1.193,0.934,0.923,0
0.967,1.182,-1.273,0.217,-1.672,-0.785,0.344,-0.354,1.243,-0.649,0.212,-0.125,0.653,0.359,1.828,-0.909,-0.426,0.273,0.414,0.381,0.819,0.411,-0.211,-1.088,0.388,0.868,1.895,0.295,1.262,0.054,-0.142,1.29,0.557,0.391,-1.975,-0.277,-0.939,1.987,-0.614,-0.269,-1.221,-0.075,-0.589,-0.226,-0.948,0.569,0.612,-0.834,0.375,0.327,0
0.207,-0.983,-0.865,-0.955,-0.5,-0.424,-1.38,0.602,0.24,1.332,-0.885,-0.515,0.495,-0.093,-0.033,-0.764,-1.725,1.667,0.946,1.333,0.072,1.998,0.518,0.37,-1.125,-0.095,1.46,-1.041,0.322,0.843,0.277,-0.413,0.813,-0.245,0.657,0.604,-0.202,-1.434,-0.248,-1.191,0.929,0.346,-0.403,-1.582,0.641,0.096,0.93,-0.019,-0.24,1.794,1
0.206,1.07,1.497,-0.252,-0.004,0.112,1.078,0.203,-0.07,1.372,0.463,-0.846,0.287,1.522,-1.889,1.183,-0.044,-0.423,-1.358,-0.223,2.772,-0.829,1.364,0.458,1.298,-0.819,0.446,1.009,-1.242,-0.52,-0.189,1.729,-0.961,-0.323,0.232,0.805,-0.419,0.762,-1.092,-1.227,0.377,0.888,-0.825,0.518,0.502,-0.241,-0.591,1.563,-0.891,-0.763,1
1.649,-3.104,0.842,0.412,-0.738,1.385,-1.005,-0.716,0.492,0.935,-2.008,0.199,0.414,-1.209,1.148,0.33,1.698,-0.102,-1.094,0.256,-2.338,-0.45,-0.206,-0.66,1.277,0.196,0.07,0.534,-1.359,0.33,1.453,0.986,1.376,-1.717,-0.524,-0.527,0.682,-0.123,0.36,0.707,0.642,-2.131,2.605,2.627,-0.749,2.841,-0.144,-0.995,0.791,0.393,0
-1.878,1.068,-1.107,-1.743,-1.14,0.173,0.389,0.019,-0.526,-0.315,1.563,-0.186,2.702,-1.828,-0.034,1.032,-1.034,-0.964,1.241,0.879,1.138,0.526,-0.966,-0.551,-1.342,0.488,-0.095,-0.622,0.357,0.822,-0.558,-0.034,1.124,-0.505,-0.446,-0.176,-0.434,0.563,1.574,0.445,-0.216,0.197,0.074,0.478,-0.161,0.55,0.25,0.057,-0.775,1.421,0
-0.194,-1.413,-0.456,-0.342,0.94,0.602,-0.981,1.133,0.368,0.968,1.916,1.708,0.848,-0.534,1.305,1.613,-1.132,-0.304,0.581,1.15,0.342,-2.15,-0.539,0.289,-0.614,-0.448,-0.062,0.323,-0.985,0.032,0.262,-0.888,-0.946,0.627,-1.12,0.33,-0.897,0.309,2.423,-0.534,2.385,0.866,-1.441,-0.867,1.76,-1.1,-0.326,-1.157,-0.226,-1.01,0
-0.549,0.036,0.869,1.095,0.104,-0.403,0.506,1.561,-1.521,1.299,-0.241,-0.044,0.33,0.015,-0.273,1.057,0.718,-0.849,-1.331,-0.644,0.784,-0.641,-0.365,-0.623,0.518,0.872,0.518,-0.932,0.637,-0.342,1.147,1.762,1.296,0.321,-1.989,-0.472,0.503,-0.331,-0.88,1.038,-0.658,-0.756,-1.302,-2.004,1.98,1.257,1.858,-0.247,0.089,-0.14,1
0.001,-0.802,-0.977,-0.303,-0.773,2.403,-1.035,-0.24,-1.455,-0.525,0.673,1.016,-0.348,-0.585,0.617,-1.155,-0.658,-0.774,0.256,0.312,-1.084,0.541,-1.194,-0.364,0.565,0.894,-0.316,-0.807,1.423,-0.239,1.198,-0.613,0.094,0.16,-0.792,-1.548,-1.21,0.831,1.291,1.092,-1.388,0.563,0.899,-0.792,0.884,0.179,0.294,-0.147,1.174,0.85,0
0.526,-0.404,-1.205,-1.574,0.607,0.005,-0.389,-1.633,-0.071,-0.63,-0.562,-1.142,-0.558,-0.573,0.761,-2.123,-0.706,0.514,1.807,-0.983,0.223,-2.155,0.212,-0.273,0.434,-1.205,2.088,-0.739,-0.638,0.328,1.256,-0.511,0.396,0.037,-1.178,1.173,-0.019,-0.415,0.049,-1.712,1.227,0.49,-2.013,0.686,1.713,-0.161,-1.001,-1.176,0.371,0.721,1
-1.021,-1.277,-2.144,-0.445,0.108,-0.865,0.434,-0.896,-0.169,0.256,-0.661,1.528,-1.342,0.66,-3.907,0.575,0.344,2.011,1.076,2.612,0.174,0.413,-1.253,-1.619,0.423,-0.181,0.541,-1.416,-0.652,0.578,-0.591,1.058,-1.502,-0.837,1.655,1.109,-0.065,-0.098,-0.614,1.35,-0.411,0.993,0.418,-1.726,-1.268,-0.231,-0.46,-0.392,1.141,0.109,1
-0.021,1.324,-1.759,-0.279,1.3,-0.629,-1.642,-0.999,-0.428,0.605,-0.005,0.539,-0.477,-0.287,-0.123,0.003,1.296,0.157,-0.993,0.708,-0.091,-0.734,-0.306,1.307,1.312,-0.505,0.225,1.605,0.107,-1.064,-0.085,0.554,0.338,-1.0,0.146,0.676,-1.217,1.208,0.914,-0.36,1.709,-0.734,1.39,0.704,0.23,0.647,0.361,-1.74,-0.393,-1.511,0
0.406,-0.205,-1.371,1.118,0.38,0.508,-1.68,-0.415,-0.755,-1.183,2.979,0.191,-0.683,0.569,0.697,-1.462,0.329,1.058,-0.241,-0.384,-0.577,0.093,-0.057,-0.848,0.385,-0.079,-1.186,-0.549,0.269,0.372,0.357,-0.101,0.65,-1.246,1.528,-1.919,-0.57,-1.132,-0.017,0.052,-0.694,-0.259,-0.777,-0.868,-0.78,-0.679,-0.858,-1.177,-1.086,0.874,0
0.349,2.092,0.839,-0.434,-0.394,0.06,0.339,0.416,-1.259,-1.897,0.245,0.768,0.296,-0.997,-2.108,0.598,-1.066,-0.972,-0.57,1.128,0.684,1.995,-0.14,0.783,1.368,-0.122,0.037,1.217,-0.088,0.59,-0.932,-0.766,-1.433,-0.788,-0.175,-0.401,1.357,-0.767,0.567,-0.44,1.127,1.181,-0.019,1.162,-0.268,-1.228,-0.158,0.487,-2.246,1.215,0
0.127,1.617,-0.26,1.977,1.677,-0.576,-0.698,-2.478,-0.618,-1.032,-0.24,-0.376,0.594,0.322,-0.499,0.824,1.568,0.144,0.262,-0.871,-0.697,1.389,-0.302,-0.137,-0.497,0.936,0.992,-0.249,0.72,2.404,-0.663,-0.84,0.812,-1.067,-0.959,-1.613,-0.33,1.454,0.122,-1.967,0.617,-1.748,-1.294,0.288,-1.168,-1.307,1.41,-1.034,-1.977,1.579,0
-0.409,-0.337,0.506,-0.543,-1.138,1.121,-0.125,-0.231,0.426,-1.172,-1.131,-0.667,-0.704,-1.605,-1.37,-0.447,-0.512,0.793,-0.3,-0.976,-1.481,0.458,-0.46,-1.609,0.159,-0.92,-0.975,-1.626,0.824,0.056,-1.044,0.09,-0.209,0.227,-0.268,1.566,0.475,-0.065,1.9,-0.627,1.066,0.233,-0.043,2.03,-1.53,-0.94,-1.96,0.092,1.272,0.38,1
-0.426,1.532,1.582,1.265,-0.597,0.936,-1.463,-0.377,0.515,1.106,-1.663,1.518,-0.539,0.563,0.319,-0.494,1.567,1.142,-0.177,2.583,0.642,-0.978,0.229,2.251,-0.314,0.315,1.334,0.947,0.484,0.804,2.696,0.834,-0.624,-0.985,0.137,-1.506,0.451,1.85,1.817,-1.042,-0.75,-0.378,0.658,-0.537,-0.128,-0.326,0.68,0.861,-0.168,0.618,1
-0.296,1.033,-0.783,0.832,-0.525,0.151,-0.314,0.421,0.491,0.96,0.666,-0.795,0.768,0.026,-1.579,0.739,-0.767,0.734,0.435,0.443,0.429,0.27,0.829,0.734,-0.121,1.099,0.071,1.404,-0.893,0.099,-0.438,0.412,0.428,1.257,0.363,-0.596,-1.818,-0.226,-0.62,-1.509,0.139,-0.24,0.939,-0.909,-1.233,0.418,1.264,-1.494,-1.654,0.686,1
-0.863,-0.743,-0.105,0.328,0.057,-0.437,-0.667,-1.541,-0.283,1.619,-0.54,0.473,-1.632,0.49,-0.765,-0.158,0.252,0.57,-0.584,0.109,-0.577,-0.819,-0.605,0.114,-1.499,-1.046,0.601,0.842,-0.098,1.266,-2.376,-0.18,0.543,-0.941,0.258,-1.849,0.082,0.74,-0.491,0.163,-0.088,0.271,0.631,-1.368,0.457,0.014,1.1,0.52,1.312,-0.209,0
-0.093,-1.034,-0.275,-0.255,-1.709,0.463,0.07,1.168,1.273,-0.333,0.772,-0.626,-1.742,1.434,0.208,-0.059,1.16,1.123,-0.356,0.989,-0.206,1.349,0.348,-1.35,-0.388,0.834,-0.398,1.203,1.347,0.669,-1.873,1.642,-1.423,0.11,-0.238,0.915,-1.888,0.575,-0.197,-0.253,0.4,-0.543,0.327,-1.024,-1.231,-0.19,0.224,-0.947,0.731,0.128,1
-0.283,-1.138,-0.975,1.209,-0.171,0.487,-1.121,1.693,0.619,-1.577,1.185,-0.021,0.068,-2.711,0.037,1.476,-0.213,2.456,-0.006,-0.631,0.691,0.503,0.3,-1.385,-1.227,-0.785,0.72,-0.083,-0.357,-0.888,0.598,2.083,0.232,-0.237,-0.427,0.563,0.3,-0.958,0.859,-0.572,-0.594,1.602,0.836,-0.3,0.065,0.165,-1.81,0.332,-0.637,-0.041,0
-0.872,-0.146,-0.911,0.5,-0.928,1.207,0.124,-1.513,1.022,-0.379,-0.321,-0.003,0.95,0.395,-1.018,0.356,-0.79,1.247,0.687,-0.633,-0.531,0.357,-2.558,-1.053,-0.59,0.281,0.334,1.762,-1.825,-1.04,0.269,0.753,0.283,0.525,-0.318,1.021,-0.734,1.347,-0.413,-1.005,0.278,-0.242,-0.494,0.483,0.337,1.607,-0.073,0.915,1.394,0.233,0
-0.026,-0.009,-0.277,-0.296,-1.485,-0.523,1.142,0.775,-0.257,0.612,-0.075,1.486,-1.339,0.336,-2.085,-0.862,0.822,-0.658,-0.828,-1.214,1.387,2.497,1.051,0.3,-1.563,0.364,0.637,-0.465,-1.004,0.107,-0.195,-0.913,0.045,-0.023,0.418,0.156,0.177,-1.723,-1.287,0.715,-0.11,-1.007,1.031,0.537,0.004,1.625,-1.087,0.448,-0.833,-0.181,1
1.706,-0.819,-1.695,1.034,-0.657,0.84,-0.456,0.829,0.548,0.758,-0.588,-0.688,-0.289,-0.323,0.48,-1.527,0.693,-1.25,-1.239,-0.027,-1.956,-0.409,0.842,0.177,-1.101,0.404,-0.824,0.438,-0.558,0.228,-0.534,2.528,1.346,-0.576,-1.735,0.059,-1.831,-0.28,-0.74,-0.816,-0.758,-0.064,-0.337,0.788,-0.43,-0.223,0.895,0.282,1.75,-0.003,0
-0.007,-1.686,0.292,0.764,0.149,0.383,-1.847,-1.709,0.717,-0.436,0.741,1.32,0.319,-0.198,0.59,0.454,1.501,0.294,-1.267,-0.241,-1.286,0.54,0.233,-0.597,1.412,1.473,0.461,0.191,-1.134,-1.152,-0.761,-0.644,0.681,0.794,-0.756,1.199,-1.233,0.586,-0.589,-0.174,0.198,2.47,-0.213,0.667,-0.56,1.031,-0.262,-0.687,-0.727,0.919,0
0.384,1.089,-1.604,1.212,-0.04,-1.764,1.89,0.024,1.011,1.279,1.579,0.053,-1.259,1.352,2.424,-0.884,0.989,0.011,-1.783,-0.759,0.4,0.573,-1.824,0.513,0.281,1.076,1.383,-1.531,-0.751,-0.359,0.171,-1.172,-0.881,2.35,-1.044,0.671,0.45,-0.146,-1.398,-0.752,-1.871,2.035,0.87,-0.816,1.663,-0.906,-0.553,-0.84,1.017,-1.146,1
0.365,-0.004,1.926,-0.111,-0.713,0.916,0.32,-1.86,-0.153,-1.462,1.611,0.677,-1.879,-0.918,-0.52,-0.189,0.641,-1.335,-1.271,-0.714,0.693,-0.483,0.097,0.937,1.923,-0.467,0.632,1.378,0.945,0.18,-0.411,1.382,0.408,0.96,-0.102,-1.638,0.609,0.368,-1.362,1.01,-0.486,0.66,-1.89,0.075,-0.716,-1.268,1.643,-1.187,0.291,0.263,0
-1.246,0.031,0.712,-1.655,-0.958,-0.187,1.026,1.026,0.03,0.323,-0.829,-1.515,1.666,0.447,0.736,-1.17,0.784,-2.805,0.115,1.704,0.345,0.438,-0.753,1.161,-1.67,-0.45,-0.815,1.908,-1.059,0.507,-1.567,-1.066,1.701,0.291,-0.035,1.77,0.795,-1.215,-0.498,-0.362,0.718,0.984,0.984,-0.61,0.388,-0.372,-2.063,1.918,0.313,0.85,1
-0.068,1.553,0.291,1.442,-1.294,-0.552,0.559,0.462,1.064,0.438,-0.489,-0.402,-0.636,1.294,-1.758,-0.011,-0.107,0.571,1.662,-0.594,0.046,0.756,0.4,0.83,3.791,0.88,-0.376,-0.552,-1.265,1.122,-1.087,1.072,-0.761,-1.045,-0.423,0.401,-0.436,-0.559,-0.489,0.409,-0.129,-0.917,-1.183,0.692,0.725,0.204,0.461,-1.02,-1.645,0.244,0
-0.998,-1.592,-1.324,-1.234,-0.238,-0.227,-0.955,-0.089,1.29,-0.897,0.561,0.775,-0.736,-1.382,-1.12,1.271,0.74,-0.286,0.112,1.516,-0.973,0.3,1.487,-0.468,0.42,0.122,0.772,-0.414,-0.05,0.318,0.095,-1.388,-0.584,0.479,1.645,0.195,-0.009,-0.866,-0.479,-0.783,-0.494,0.904,0.909,-0.537,-1.069,0.728,0.081,-0.048,-1.18,0.363,0
1.138,-0.083,-1.388,0.233,-0.791,-0.472,0.771,-0.244,1.937,1.117,0.391,-0.998,-0.427,-0.17,-0.08,0.583,-0.036,-2.369,-0.847,-0.708,-0.145,1.593,-0.046,1.825,0.715,0.194,-0.576,0.424,0.373,-0.379,0.134,0.283,0.626,-0.985,-1.818,0.713,-1.988,-0.444,0.445,-0.181,0.475,-2.363,0.678,0.193,-0.003,0.272,0.829,0.08,0.269,-0.404,1
-0.964,0.171,0.047,0.95,0.631,0.877,-0.945,-0.457,1.222,-0.494,-0.485,-1.234,1.716,1.029,-0.636,0.157,1.742,0.731,-0.877,-0.043,1.503,-0.743,2.042,-1.531,0.863,0.206,-0.327,0.988,-1.871,-0.162,-0.147,1.148,-1.188,-0.086,0.341,-1.233,-0.32,-0.007,-0.674,0.287,-0.585,1.025,0.695,0.195,-0.157,0.008,-0.82,-1.665,0.347,1.305,0
0.141,2.127,-0.187,0.298,-0.618,1.194,0.482,-0.238,-2.059,0.989,-0.052,-0.328,1.437,1.883,0.219,-1.38,1.051,0.061,-1.353,-2.031,-1.612,1.629,-0.54,-0.113,0.189,0.787,-0.683,-1.362,-1.106,-0.239,1.122,1.425,0.463,-0.94,0.797,-0.463,-1.808,0.419,0.264,-0.297,-1.631,0.166,0.816,-1.221,0.791,1.631,-1.078,-0.672,1.477,-0.549,0
-0.675,0.023,0.203,0.263,0.972,2.321,0.134,-1.618,0.177,0.14,-1.049,0.393,-0.163,0.523,0.914,-0.896,-0.362,0.312,0.07,0.382,-1.813,-0.598,-0.321,0.008,0.417,-1.533,0.106,1.399,-0.261,-1.673,-0.736,0.911,-0.265,0.327,-0.251,0.321,0.297,-0.438,0.34,1.441,0.463,0.505,0.2,3.296,2.006,-0.609,1.465,1.354,-1.404,0.608,1
0.936,-0.231,0.038,-1.182,-0.217,1.551,-0.398,1.382,-1.437,0.574,0.041,0.018,-0.078,2.118,0.097,-0.845,0.403,-0.814,-0.764,-0.107,0.093,-1.264,-0.102,-1.087,1.586,0.263,0.354,-1.345,-0.862,-2.475,0.417,-0.817,0.08,1.803,-0.331,-0.408,-1.541,-1.033,0.014,0.515,0.34,-0.342,-0.116,1.032,0.332,-1.741,0.058,0.693,-0.315,-0.746,0
-0.433,-0.934,-1.959,-1.19,-1.613,-0.616,-0.974,-1.317,0.102,0.181,-0.156,0.107,0.426,-2.479,1.465,1.267,0.713,-0.493,-0.576,-0.1,-0.418,0.229,-0.065,-0.84,-1.553,-0.456,0.149,0.623,1.263,0.072,0.385,0.285,0.284,0.21,0.431,-0.565,-1.049,-0.348,-0.976,1.367,0.007,-1.337,-1.304,1.15,0.187,1.052,-1.735,0.917,0.075,-1.401,1
-0.75,0.327,0.163,1.421,1.612,-0.408,2.014,1.508,-1.856,0.47,1.599,0.064,-1.007,-1.23,1.148,0.418,-0.542,0.244,-0.329,-0.789,-0.05,-0.541,-1.817,0.079,-0.758,1.215,0.908,-1.23,-1.222,-2.186,-0.991,-0.818,1.507,-1.475,-0.773,-0.277,0.597,0.29,1.09,-1.252,-1.117,0.101,-0.163,-0.195,0.108,1.478,-0.261,-0.776,0.255,0.394,1
0.052,-0.422,0.488,-0.401,0.916,-1.015,1.494,-0.167,0.448,0.437,1.33,-1.759,0.195,0.579,-0.356,-0.491,-0.243,0.863,0.448,-1.12,-0.574,0.782,-0.401,0.37,-0.016,2.096,-0.758,1.695,-0.059,0.381,0.559,-0.423,-1.221,-0.077,1.963,-0.89,-0.048,1.682,-1.105,-1.304,0.788,-1.005,0.216,1.121,0.828,-2.934,1.222,0.773,0.73,-0.666,1
0.133,1.268,0.936,0.297,-0.188,-0.1,0.519,-1.087,-0.115,-0.646,-0.691,-2.695,-0.218,0.027,-0.476,-0.364,-0.776,0.308,0.471,0.408,0.503,-0.56,0.82,-0.157,-0.028,-0.218,-0.582,0.253,-1.29,0.038,-0.257,-1.748,0.389,-1.654,-0.654,-0.778,-0.03,-1.316,-0.896,-0.468,1.617,-0.393,-2.238,-0.139,-2.274,0.431,1.652,1.206,0.964,0.594,0
0.391,1.656,0.789,-1.506,0.596,2.015,-1.379,-1.449,-0.033,1.215,-1.4,-0.202,0.649,0.738,1.148,0.446,1.529,-0.46,1.698,0.479,-0.636,-0.861,0.174,-0.124,-0.786,-0.504,0.625,-1.529,0.777,1.123,-0.399,0.437,1.219,1.582,-0.132,-0.174,-0.225,-1.387,0.54,-0.311,0.951,-0.176,0.131,-1.022,1.42,-0.173,-1.154,0.048,0.582,-0.041,0
1.154,0.608,0.994,-1.654,0.403,-0.053,-0.192,-2.183,-0.531,0.84,2.534,3.523,0.844,-1.379,-0.834,1.782,1.16,-0.425,-0.356,-0.264,0.218,0.122,1.432,-0.131,0.632,-1.418,-1.54,0.834,0.229,0.53,0.315,-0.688,-1.135,-0.375,0.732,-0.664,-0.746,-0.243,1.167,-1.514,1.296,0.426,0.439,0.034,-0.041,0.965,1.354,1.236,1.307,-0.806,0
0.125,-0.004,0.991,0.186,-1.251,-0.866,-0.996,-0.299,0.048,0.727,-1.315,-0.495,-0.187,-1.592,0.259,-0.549,0.351,-0.933,0.156,0.742,0.12,-2.981,-0.459,2.458,-1.022,1.232,0.291,-0.506,0.701,2.069,0.006,-0.265,0.245,-1.281,0.223,0.094,0.339,-1.1,0.225,-2.04,-0.953,0.834,0.96,-0.397,0.795,1.003,-1.654,-1.105,-0.384,-1.271,0
0.464,1.275,2.005,-0.68,-0.657,0.031,-0.986,0.242,1.393,-0.076,1.631,-0.484,0.262,0.652,0.444,0.984,-0.624,-0.531,1.104,-1.178,0.662,-0.448,0.254,-1.781,-0.561,0.111,-0.336,-1.155,-0.073,0.407,0.49,-0.202,0.03,-0.193,0.03,-0.834,0.789,0.544,0.208,-0.441,0.713,-0.045,0.832,-0.093,-0.116,-0.409,0.857,0.442,-0.004,-0.817,0
-1.399,0.625,-0.104,1.095,-0.922,1.173,-0.398,-0.732,0.789,-0.347,0.317,-1.295,-0.785,0.06,-1.576,-0.85,0.382,-0.334,0.682,0.021,-0.282,1.43,-1.137,0.199,0.333,2.043,-1.342,-1.443,-0.954,-0.924,-0.797,0.021,-2.653,-0.482,0.398,-0.745,-2.474,0.153,0.636,0.958,-0.575,-1.441,-0.569,-0.04,0.892,-0.202,-0.584,-0.407,0.563,0.598,1
1.247,1.053,0.027,0.119,0.081,0.183,-1.08,-0.862,0.796,-1.954,0.407,0.414,1.208,0.231,1.436,-0.989,0.702,-0.766,0.547,-1.173,-2.067,0.876,0.604,0.073,-2.046,-0.839,1.721,1.21,-1.64,-1.198,0.598,-0.322,0.177,0.259,-2.362,0.432,-0.355,-0.965,-0.112,0.156,-0.112,-0.491,-1.939,-0.231,0.216,1.085,-0.695,2.477,-0.083,1.041,0
0.893,-0.842,1.152,-0.762,0.658,1.094,2.144,1.36,0.578,2.086,-0.786,-1.346,-0.85,0.599,-0.98,1.811,-0.069,1.06,0.62,2.003,-0.39,0.015,0.698,0.419,-0.123,1.808,-0.025,0.113,-0.24,-1.185,0.096,0.241,-1.444,-0.785,0.472,-1.207,-1.557,1.305,0.237,0.85,0.613,-0.787,-0.322,-0.885,-0.686,0.628,-0.665,-0.019,-0.899,0.523,1
0.777,0.026,0.225,-0.726,1.407,1.158,-0.3,0.95,1.056,0.098,-1.106,-1.0,0.231,1.196,1.679,-0.488,0.161,1.314,-0.042,-1.331,0.992,0.64,-1.155,-0.783,0.255,0.22,-0.594,-0.457,-0.541,0.594,0.342,-1.021,1.115,2.412,1.256,-0.799,0.957,0.867,0.27,0.589,0.703,-0.658,-1.365,-0.202,-0.229,1.305,-1.135,-0.477,0.612,-1.317,1
0.274,0.531,0.464,0.444,-0.222,0.004,0.469,0.834,1.411,-0.082,1.076,-0.845,-0.176,-0.71,-0.924,-0.775,0.387,1.582,0.495,0.492,0.32,1.022,0.294,1.053,0.51,0.195,-2.007,-0.503,-0.047,0.113,-2.062,0.117,-1.255,0.448,0.721,1.823,-1.508,0.921,-0.006,0.739,-0.19,0.068,0.451,-1.672,2.138,0.289,1.15,-1.081,-0.194,-0.057,0
-1.613,1.677,-0.071,1.074,0.044,1.33,0.559,-1.063,0.684,0.281,1.407,0.582,-1.201,-0.372,1.008,0.384,0.858,-0.523,0.047,-2.534,1.655,-1.186,-0.956,0.915,-1.324,-1.009,1.253,-1.966,-0.861,0.331,0.787,-0.176,1.486,0.48,-1.038,-0.145,-0.651,-0.154,-0.633,-1.433,-0.384,2.186,1.198,0.059,0.124,-0.489,-1.101,-0.829,-0.474,1.303,1
0.14,-0.762,-0.63,-0.459,-1.076,-2.381,1.015,0.432,0.849,-1.988,-1.005,0.224,-1.431,-0.857,-1.156,0.923,-0.755,0.156,-1.743,-1.01,-1.507,-0.385,-0.978,1.162,0.379,0.084,-0.515,0.868,-1.305,0.101,-0.307,-0.311,0.344,0.157,0.97,0.561,1.219,0.259,-0.395,-1.152,0.639,0.214,1.838,0.124,-1.31,0.831,0.114,-0.657,0.582,0.121,0
-1.034,1.566,1.038,0.587,-0.444,0.667,-0.888,-0.224,0.553,-0.79,-0.796,1.187,0.945,0.839,0.682,-0.988,-0.946,1.419,-0.805,-2.137,1.725,0.96,0.037,0.438,-0.784,-0.068,0.653,0.606,-0.406,0.255,0.273,-0.594,-0.731,-0.666,0.196,0.396,-0.633,-1.364,0.428,0.503,1.528,-1.492,0.937,-0.834,0.216,0.426,-1.137,-1.415,-0.1,-0.945,0
1.412,-1.081,-0.568,1.97,0.228,0.373,-0.032,-0.253,-1.379,-0.25,0.552,1.746,0.064,-0.05,-0.785,-1.07,-1.128,0.548,0.536,-1.141,-0.9,-0.168,-1.002,-0.267,0.396,1.345,-0.632,0.432,1.23,-1.575,0.687,0.558,-1.393,-0.779,-0.458,0.886,1.12,-1.0,-0.032,0.878,0.416,-1.064,0.049,-0.841,1.0,0.864,0.26,-1.148,1.834,0.373,1
1.853,-0.17,0.416,-0.802,0.721,0.844,0.558,0.081,-0.669,1.142,1.531,0.623,0.323,0.32,-0.347,0.503,0.728,-0.372,0.609,-0.591,-0.678,1.173,-1.098,0.576,0.332,-0.005,0.406,0.868,-0.722,-1.751,-0.467,-0.719,-0.394,-0.979,-1.049,-0.587,0.19,-1.636,-0.317,-1.774,0.047,-2.522,0.361,-0.861,-1.8,2.106,0.882,1.353,-0.218,0.886,0
-1.083,1.558,-0.642,-0.068,0.955,0.566,0.865,-0.527,0.829,-0.432,1.966,-0.506,-0.672,-2.068,0.131,0.338,0.414,0.518,-0.033,1.393,-0.461,0.0,-1.504,-0.618,-1.1,1.235,0.963,-1.762,-3.191,0.127,-0.875,0.93,-0.914,-1.106,-0.724,-0.439,0.37,-0.571,-0.652,0.612,-1.242,-0.187,0.088,-0.77,0.813,-0.714,0.513,-0.091,-2.031,-0.282,0
0.552,0.361,0.776,-0.654,-0.324,-1.48,0.774,0.096,-0.355,-0.137,1.479,1.712,-0.027,1.127,0.193,0.228,0.05,2.217,-0.813,-0.134,0.278,0.477,-1.434,0.746,-0.477,-0.712,1.614,0.991,-0.679,0.212,-1.325,0.564,1.562,-0.092,-0.019,0.328,-0.131,-0.476,-0.56,-0.482,0.493,0.658,-0.376,1.616,2.157,-0.204,1.218,1.66,0.602,0.577,0
0.674,-0.878,1.344,0.024,0.479,1.86,-0.937,0.572,0.138,0.296,1.083,0.875,0.828,-0.866,1.122,1.098,2.604,-1.255,0.243,-0.787,0.163,0.497,0.204,0.694,-0.096,1.038,-0.52,-0.316,-0.213,-0.211,0.448,-0.481,-1.232,1.365,-0.941,-0.174,-0.044,-0.683,-0.37,-0.008,0.348,-0.259,0.139,0.189,1.392,1.541,0.612,0.037,1.009,-0.34,0
0.805,0.656,0.63,0.893,0.438,0.945,-0.267,0.697,-0.34,2.162,0.784,1.909,-0.265,0.373,-2.038,0.461,0.181,0.042,-0.259,-1.754,0.065,-0.594,-1.266,0.566,1.111,-1.22,-1.141,-1.447,-1.461,0.399,0.197,0.369,0.4,-0.085,0.11,1.24,-0.222,-0.535,0.928,-0.249,-0.714,0.528,-1.584,-0.775,-0.47,1.219,-0.061,0.09,1.004,0.895,1
0.108,0.623,0.956,1.714,-1.029,-0.693,0.055,1.04,-0.561,0.083,0.002,0.056,-0.363,-1.713,0.069,1.22,1.839,-0.321,0.377,1.118,1.034,-0.705,-0.537,-0.79,-1.69,0.068,-1.165,0.089,0.458,-0.469,-0.595,0.64,0.849,-0.872,-0.095,-1.921,-2.092,-1.114,1.311,-0.995,0.792,-1.235,0.928,0.437,-1.594,1.095,-1.473,1.34,-1.026,0.693,1
-0.608,1.078,-0.138,-0.843,-1.718,0.364,0.648,0.947,-0.682,-0.116,-0.399,-0.491,-0.796,-1.121,2.072,1.184,0.811,1.458,-1.156,0.464,1.417,-0.491,-0.216,-1.035,-0.857,0.652,1.52,-0.288,-1.041,0.413,-0.438,0.016,0.26,-1.503,-1.069,0.194,-1.065,2.04,0.102,1.355,-1.939,2.355,-1.5,-0.73,-0.944,0.223,0.631,-0.445,-1.009,-0.246,1
0.357,1.282,-0.574,-0.459,-1.361,1.855,-1.67,0.72,1.156,-0.525,-0.336,0.083,1.332,0.509,0.465,0.137,1.516,0.721,-1.325,-0.607,-0.265,-0.831,-0.146,-0.664,-0.07,1.682,-1.976,-0.12,-0.101,-0.803,-1.402,-0.836,0.242,-0.472,-0.763,-1.021,-0.049,1.483,-0.63,-0.163,-0.107,0.526,-0.51,-0.922,-0.213,-0.159,0.189,0.882,0.835,-0.953,0
-0.195,-0.696,0.731,0.266,-0.193,1.317,1.406,0.589,1.656,0.24,-0.655,-1.379,1.538,-2.735,-0.172,-0.749,1.162,-0.369,0.927,0.4,0.526,-0.978,0.541,0.626,2.195,-1.093,-0.212,-1.213,-1.516,-0.188,-0.635,1.216,-0.874,0.314,0.297,0.155,1.098,0.872,-0.695,-1.946,-0.514,-0.29,1.092,-1.4,0.463,0.633,0.351,-0.893,-0.577,0.365,0
-0.209,1.862,-0.181,-0.466,0.289,0.57,-1.616,-0.28,1.749,-0.511,0.241,-1.936,1.097,1.182,0.057,-0.294,1.156,-1.326,0.355,-0.011,-0.61,0.25,0.151,0.153,-0.088,0.315,-0.591,1.119,-0.641,1.043,0.014,-0.482,-0.361,-0.859,-0.972,-0.996,0.782,0.189,0.419,1.022,0.656,-0.411,0.352,0.424,-0.028,1.19,0.984,0.643,-2.046,-1.622,0
1.439,0.96,1.043,0.8,0.355,-1.549,-0.229,0.072,0.158,-1.56,0.838,-0.799,-0.602,-1.304,-0.306,-0.11,-1.192,-0.691,0.89,0.75,0.403,1.19,0.103,2.499,1.923,-1.249,0.191,-0.496,1.547,-1.419,0.669,0.26,0.881,1.232,0.222,-1.21,0.131,-1.404,-0.347,1.392,-0.068,-1.323,-0.515,-0.437,-1.376,-1.358,1.747,0.762,0.911,-0.092,1
-0.44,0.524,0.065,0.531,0.248,2.44,1.883,-1.218,0.59,-0.144,0.332,-0.912,1.549,-0.029,0.039,1.343,-0.3,1.569,0.938,0.749,-0.575,0.587,1.991,-1.451,1.268,0.645,0.223,-0.053,-0.721,-0.672,-1.861,1.188,-2.51,-0.85,0.765,1.712,1.694,0.639,-1.304,-0.331,0.81,0.145,0.191,0.151,-1.037,0.018,-0.215,0.578,1.827,-0.125,0
0.478,-0.986,-0.094,-1.107,-0.521,-0.067,0.677,-0.345,0.099,0.374,0.712,2.261,-0.191,0.736,0.349,0.907,0.375,-1.86,0.148,-1.232,-0.65,-0.137,1.054,1.357,-1.764,-0.126,1.385,2.024,-0.36,0.019,-0.464,1.942,-1.636,-2.123,-0.172,0.975,0.796,-1.002,-0.335,-0.84,-0.593,1.952,0.175,0.33,-0.413,-0.077,-0.545,-0.661,0.467,-0.243,1
-1.062,0.887,-1.026,-0.346,0.245,-0.298,0.856,1.577,1.542,-0.044,-1.801,-0.984,-1.13,-1.169,-0.154,-1.21,-0.623,0.026,1.959,0.828,-0.38,0.332,-0.554,0.168,-1.001,2.678,-0.404,1.969,1.074,-0.832,1.062,-0.902,-0.114,1.376,-0.709,0.94,-0.15,-0.011,-0.202,-0.286,0.051,0.656,-0.323,0.051,0.509,0.236,0.704,0.97,-1.384,-0.026,1
0.144,-0.516,-0.368,-0.483,1.317,0.715,1.134,1.059,-0.713,-1.968,-1.107,0.034,0.314,-0.678,0.631,-0.265,-0.631,-0.398,-1.515,-0.539,-0.112,-0.303,-1.257,0.261,0.613,0.565,1.61,-0.699,3.245,0.82,0.155,1.21,-0.628,-0.337,0.906,-0.63,0.841,-0.567,-0.206,-0.09,1.171,1.173,1.12,-0.635,-0.986,0.715,-0.937,0.984,0.235,-0.881,1
0.019,0.068,-0.952,-0.874,-0.616,-0.582,-1.034,-0.591,0.553,-0.473,0.063,0.573,0.42,1.235,0.76,-1.84,-0.043,0.197,-1.274,2.173,0.493,-0.61,0.92,0.012,-0.557,0.02,-0.13,0.058,-0.248,-0.563,0.077,1.298,0.337,-0.117,2.402,0.17,1.054,-0.285,-1.33,0.728,1.752,-2.778,-1.15,0.335,-1.112,0.233,1.331,-0.799,0.788,-2.581,0
-1.153,1.093,1.396,1.359,1.521,1.819,0.026,-1.833,0.243,1.715,2.043,-0.554,0.392,0.077,-0.098,-0.868,0.43,1.778,0.251,0.798,-1.104,-0.279,-0.286,0.478,-0.297,0.958,1.067,-0.199,-0.928,-1.355,1.309,2.111,1.027,0.193,-0.614,-1.622,0.364,0.665,0.458,0.901,-1.1,1.257,0.204,-0.087,-0.144,1.113,0.635,-1.195,0.431,-2.044,0
-0.304,-0.48,0.753,1.727,-1.113,0.335,1.162,-0.758,-1.062,-1.699,-0.107,0.955,-0.642,-0.776,-1.187,0.24,1.79,0.281,0.308,1.014,-0.343,0.235,0.561,-1.28,0.062,0.153,1.41,0.238,1.352,0.868,-0.661,0.836,-0.612,0.919,-0.183,-0.43,0.877,-0.082,-0.484,-0.287,0.406,-0.581,0.051,-2.069,0.981,-0.43,-3.151,-0.232,0.076,-1.086,0
0.772,-0.539,-1.937,0.024,-0.378,0.73,0.319,-0.093,1.406,-0.882,0.879,0.177,1.12,-0.145,-0.426,-1.027,-0.361,1.545,1.073,0.395,-0.122,0.943,-1.103,-1.002,1.579,1.459,0.805,-0.657,-0.322,0.963,-2.242,1.3,0.124,0.257,-1.351,-0.17,-0.256,-0.169,-0.285,-3.011,0.385,1.551,-0.448,1.199,-1.941,-0.385,-0.893,-1.691,-0.353,1.2,1
-2.365,0.826,-1.294,-0.059,2.176,1.238,-0.173,0.205,0.154,0.093,-1.785,-0.591,0.31,-0.987,0.37,-1.265,-0.43,-0.486,-0.491,1.16,0.607,1.442,0.353,0.19,-1.099,0.564,-0.376,0.781,0.808,-1.078,0.178,3.202,-0.683,-0.651,-0.023,0.782,-2.754,2.294,0.564,0.063,0.707,-1.386,-0.838,-1.425,0.462,-1.361,0.352,0.942,0.07,-1.615,1
-0.835,0.122,0.368,-1.748,0.21,-0.131,0.652,0.974,-2.022,-0.017,0.417,0.937,0.655,-0.025,-0.511,-1.002,0.298,-1.9,-0.439,0.982,-0.483,-0.692,0.721,1.394,0.59,1.4,-0.581,-0.528,0.549,0.344,0.152,0.236,-0.163,-0.486,-0.976,-0.413,-1.219,-0.647,-0.327,-1.841,0.148,-0.162,-0.989,-1.444,-1.354,-1.381,-0.357,0.074,1.195,-0.738,0
-0.656,-1.573,1.6,-0.598,-1.034,1.011,0.709,-1.473,-1.057,0.056,0.266,-0.202,-0.909,-1.242,-0.295,-0.458,1.924,-0.377,-0.408,0.873,-0.017,-0.252,-0.586,1.412,1.851,-1.744,0.427,0.176,1.372,0.612,0.615,-1.004,0.884,-0.465,-1.079,1.297,-0.728,-0.983,0.751,-1.161,-0.435,-0.101,-0.232,-0.002,-0.824,-1.519,-0.776,-0.403,0.929,-1.37,1
0.044,0.896,1.516,-1.151,0.734,0.896,1.721,-1.329,-0.228,-0.337,0.452,0.806,-0.2,0.216,0.634,0.171,0.234,-0.659,1.413,0.317,-0.07,0.091,0.802,-0.027,1.351,0.442,0.837,-0.061,-0.602,0.207,0.575,-1.151,-0.638,0.26,-1.988,-0.627,-0.743,-0.094,1.607,-1.524,-1.094,-1.098,2.419,-0.619,-1.604,0.311,1.483,-0.722,-0.261,0.314,1
-0.026,-0.69,1.905,-1.272,-0.817,1.375,-0.809,-0.874,-0.746,-2.081,-0.297,0.661,-0.102,-1.593,0.902,0.865,0.231,1.066,-2.606,-0.91,0.848,-2.149,-0.01,-1.318,-0.696,1.083,0.607,1.47,-0.949,-0.444,-1.469,-0.103,0.55,-1.819,0.265,1.146,0.535,-0.26,-0.252,-0.867,0.019,-0.377,0.027,-0.802,1.452,-0.583,-0.314,-0.653,0.203,-0.394,1
-0.382,0.093,-0.183,-0.063,1.31,-1.555,-0.548,-0.448,0.977,1.39,-0.404,-0.058,-0.359,1.881,-0.426,0.139,0.168,-0.098,-0.433,0.153,1.922,-2.362,-0.664,1.957,1.265,0.337,0.825,1.806,0.024,-0.872,-0.041,-0.445,-1.168,-0.246,-0.808,0.646,-2.877,-1.402,0.568,0.142,0.816,1.106,0.321,-0.87,1.12,1.017,-0.979,1.032,1.007,-0.49,0
-0.216,-0.904,-1.177,-0.208,0.867,0.207,0.464,0.584,0.529,0.644,-0.117,-0.809,1.449,-1.015,-0.522,1.358,1.29,-0.677,-2.471,0.344,-1.689,0.126,1.066,0.639,-0.857,-0.916,-2.428,0.053,-0.116,0.056,1.021,0.115,-0.478,0.383,-0.303,-0.232,-0.32,0.264,-1.048,-0.333,-1.237,0.374,-0.038,0.787,0.165,0.117,-0.169,1.619,0.261,2.282,1
0.462,0.911,-0.237,-0.709,1.159,0.78,-0.542,0.843,-0.679,-1.248,0.193,0.486,0.681,0.78,-0.42,-1.035,0.98,0.091,0.144,-0.352,-1.781,1.132,1.261,0.792,-0.427,1.642,-0.855,-0.19,-0.19,0.693,-0.148,-0.735,-0.381,0.027,-2.516,-0.06,1.258,-1.179,-2.477,-0.817,-1.084,-1.61,0.252,-0.112,-0.888,-0.007,-0.514,-0.93,0.504,0.573,1
-0.888,1.272,-0.45,-1.766,-0.107,1.727,1.121,0.278,1.052,0.128,0.631,1.255,2.148,-1.137,-0.989,-0.551,-0.963,0.753,-0.693,-2.049,0.736,-0.53,0.375,0.521,0.01,-0.665,-1.151,0.139,-0.879,1.149,0.822,-1.777,-1.63,1.17,-0.83,1.86,0.27,0.522,0.875,-1.472,-0.467,-2.172,-0.378,-1.575,1.063,-0.435,-0.382,1.258,-1.206,-1.08,0
-0.059,0.538,-0.306,0.432,0.188,2.579,1.526,0.529,0.298,0.651,0.401,1.161,0.39,-0.641,1.165,-1.796,1.942,-0.781,-0.432,-0.232,-0.22,0.299,0.73,-1.368,-1.086,-1.862,1.018,0.618,-0.151,-0.928,-1.171,-0.337,0.183,-2.257,0.41,-0.154,-0.735,0.638,0.111,-0.042,0.74,0.369,-0.101,0.192,0.846,0.63,-2.144,-0.226,-1.523,2.344,1
0.036,0.192,1.452,-0.512,1.213,0.6,-0.057,-0.606,-0.434,-0.563,-0.11,1.613,-0.337,0.073,1.015,-0.602,-0.986,-1.859,-0.019,0.334,1.184,0.791,-0.782,-0.514,-0.812,-0.249,0.836,-0.375,0.599,0.651,-0.083,1.553,0.589,0.391,-0.05,-1.258,-0.283,0.094,0.007,-0.735,0.497,1.976,-1.359,0.0,1.153,-1.517,-0.325,-0.336,3.14,2.044,1
-2.154,-0.585,-1.026,-0.177,0.217,-1.527,-1.198,-0.905,2.615,0.39,0.07,0.591,0.2,1.427,-0.218,1.0,1.052,0.806,0.255,-0.708,-0.364,0.213,0.15,-0.186,0.504,1.176,1.348,-0.273,-0.026,-1.302,-1.042,0.88,-1.0,-1.051,-0.594,0.05,-1.747,-0.195,-0.739,-0.098,-0.073,0.479,0.314,1.349,-0.658,0.866,0.526,1.182,0.051,0.928,0
-0.688,-0.526,0.214,1.056,-0.627,-1.364,-0.821,0.86,-0.664,0.481,0.257,-0.834,0.331,-0.565,-0.429,-0.749,0.051,-1.08,1.637,0.824,0.213,-0.921,-1.117,-0.297,1.112,0.063,0.174,-0.113,-0.302,1.385,-1.137,0.219,-0.053,1.715,0.579,-0.077,1.17,-0.331,0.88,1.228,1.437,-0.305,1.275,0.369,0.013,0.504,-0.572,-0.425,-0.825,-0.099,0
-0.355,-0.282,-0.085,-0.572,1.443,1.068,-0.128,1.231,0.074,0.936,0.504,-1.389,-0.196,-0.035,0.315,0.66,0.256,-0.05,0.339,-0.186,-0.258,-1.953,2.01,-1.637,-0.338,-0.585,-0.113,0.686,-2.24,1.256,-0.993,-0.523,1.747,0.436,0.679,-0.155,-0.863,2.504,0.979,-2.078,1.127,0.59,0.784,0.984,-0.428,-0.175,0.059,-0.845,-0.253,0.872,0
0.032,-0.306,-0.166,0.329,-1.332,-1.356,0.033,-0.167,1.16,-0.549,1.17,-1.17,1.142,-2.405,-0.271,-0.997,-0.507,0.874,-0.131,-2.214,-0.203,0.028,-1.307,0.893,0.236,1.703,0.222,-0.365,0.202,-0.117,0.608,-0.105,-0.68,-0.723,0.528,0.408,-0.368,0.192,0.668,1.03,0.45,1.157,-0.29,-0.848,-1.081,0.414,0.053,-0.203,0.2,-0.309,1
0.505,-0.637,0.513,1.683,1.355,0.818,1.791,0.771,-0.644,-0.173,0.496,-0.877,0.855,1.217,1.269,-3.152,-0.2,2.124,0.48,0.803,-0.387,-1.856,1.203,0.061,0.574,-0.015,0.173,0.764,1.861,0.639,-0.18,1.839,-0.157,1.693,-0.942,-0.354,0.828,0.274,0.383,0.69,-0.26,-1.42,0.11,0.391,0.243,0.295,-1.142,-0.35,0.665,0.006,1
-0.105,-0.946,-0.714,-1.283,-0.931,0.483,0.719,0.769,-0.132,1.45,-0.431,0.108,0.676,0.458,0.488,0.134,1.063,1.24,-0.311,-2.214,-0.791,-0.774,1.118,-0.483,0.248,0.898,-0.902,-0.033,-1.586,0.301,-2.115,-0.686,0.445,0.477,0.726,0.785,-0.561,-1.708,-0.983,0.034,0.711,-0.8,1.625,-0.082,0.036,-0.796,0.542,1.11,0.7,0.079,0
0.725,-0.606,-0.763,1.312,-0.838,1.283,1.748,0.008,0.886,0.639,-0.753,-0.096,-0.439,-0.766,-0.237,-0.197,0.949,0.419,0.587,0.957,0.302,1.979,-1.145,-0.39,1.66,0.259,0.106,0.658,-1.065,-0.36,0.231,1.214,-0.824,0.06,1.737,0.046,2.239,-0.671,0.468,-0.057,0.577,0.625,0.147,0.709,1.053,-0.682,0.252,0.607,-0.956,0.002,1
-0.167,0.103,1.224,-1.858,0.171,0.097,-0.836,1.898,-0.039,-0.245,-0.256,-0.528,-1.052,-0.012,0.242,0.538,-0.227,0.266,1.04,0.302,-0.28,-0.272,0.306,-0.027,0.52,1.561,-0.05,1.19,-0.863,0.851,1.277,0.773,-0.254,-1.192,-2.019,0.644,0.541,0.139,0.363,-0.272,2.482,1.392,-0.501,0.347,-1.935,-2.038,0.069,1.621,0.751,0.347,0
0.076,1.287,-0.715,1.063,1.903,0.246,1.105,-0.726,-1.303,0.204,0.394,1.441,0.588,-0.768,-0.202,-0.554,1.736,-1.032,1.704,1.239,-0.401,-0.246,1.606,-1.552,-0.117,-0.235,-1.375,1.622,-0.573,0.342,0.138,0.516,-0.617,0.966,-0.358,0.542,0.253,1.736,0.231,-0.255,0.88,-0.547,0.278,-0.323,-0.295,-0.903,-0.393,-0.952,0.563,0.636,0
-0.135,-0.187,0.151,-0.326,1.182,0.803,-1.211,-1.051,-1.721,-0.792,1.084,-0.757,-0.471,-0.816,0.788,-0.623,0.089,2.492,-1.061,0.49,-0.363,-0.217,-0.456,-0.663,0.319,-0.402,0.203,1.557,1.33,2.014,1.679,-1.191,-0.616,0.482,-0.7,0.005,0.034,-1.321,-0.81,0.876,-0.6,0.594,-0.836,1.152,0.747,-1.154,0.575,0.141,0.217,0.361,1
0.754,0.574,0.479,1.883,-0.129,1.77,-0.863,-0.951,0.139,-0.416,0.923,-0.696,0.107,1.224,-1.646,-0.696,0.16,2.032,-1.35,0.976,-1.492,-0.756,-0.138,-0.831,-0.778,-1.064,0.816,0.4,0.752,0.776,1.49,0.747,-0.414,-0.793,1.399,-0.77,0.602,-1.388,0.981,-1.378,0.913,0.201,-1.011,-1.464,0.583,-0.759,-1.664,0.908,-0.962,0.363,1
2.375,0.16,-1.29,1.444,0.976,0.535,0.478,-1.308,-0.362,-1.047,0.7,1.024,0.529,-0.366,-1.767,0.603,0.009,2.135,1.453,0.184,1.919,1.144,0.514,-0.404,0.671,0.144,-1.748,-0.294,-0.023,0.214,0.525,-0.491,1.384,-2.038,0.896,1.325,-1.946,0.4,0.657,0.555,0.5,-0.369,0.236,-1.469,-2.023,0.05,-0.61,0.455,0.078,0.532,1
0.268,0.561,-0.433,0.43,0.173,-1.599,3.097,0.302,-0.486,0.026,0.625,0.73,1.131,-0.197,-1.369,-0.628,0.047,-1.17,1.118,-0.91,0.034,-0.272,1.696,0.799,0.814,-0.782,-0.379,1.076,1.752,0.48,1.719,-0.093,1.049,-0.735,0.078,0.185,0.431,-0.103,-0.025,-0.874,0.773,-0.096,0.822,0.819,-0.596,-1.331,0.851,0.427,0.382,0.287,1
1.942,1.389,0.054,0.925,-2.085,0.467,1.353,1.001,-0.891,-0.47,-0.577,-1.509,0.171,0.042,-0.027,-0.429,-3.417,0.368,-0.648,1.098,-0.11,0.193,0.034,0.924,-0.912,0.233,0.253,0.104,-1.411,-0.444,1.155,-0.705,-0.258,-1.842,-0.3,-0.198,-1.543,-1.096,-0.547,-1.247,0.706,-1.572,-1.414,3.369,0.53,-1.092,1.719,-0.05,-1.108,0.987,0
-0.521,-0.166,0.829,-0.385,-1.219,0.357,-0.996,0.373,-0.088,-0.068,0.904,0.132,-0.653,2.23,-1.672,0.738,0.52,-0.228,1.58,-0.056,0.639,0.187,0.121,0.44,0.938,0.54,0.308,1.089,-0.56,-0.452,-1.181,1.023,1.364,-1.819,1.661,-0.571,0.523,1.497,0.955,-0.783,0.792,0.142,2.109,0.638,0.127,-1.416,-0.167,-2.743,-1.348,0.278,1
-0.579,-0.346,-1.732,0.384,-0.289,-1.447,1.005,0.767,0.424,-0.983,0.081,-0.901,0.287,0.714,-1.17,-1.776,-0.401,-0.911,-0.314,1.216,0.994,-0.831,-0.577,1.803,-0.859,-1.025,0.687,-1.09,-1.017,-0.07,0.981,1.068,-1.569,-0.684,-0.531,-0.481,0.052,-0.958,-0.432,0.082,-0.852,-0.456,-0.115,0.93,0.374,1.406,0.408,-2.152,-1.351,-0.636,1
-1.122,-1.174,-1.087,-1.017,0.986,0.081,-0.046,-0.317,0.144,0.242,-0.492,-0.322,0.253,2.137,0.307,-0.733,0.828,-0.548,1.315,0.284,0.778,-0.544,1.883,-0.876,-0.785,1.076,-0.413,-0.142,-0.294,0.455,0.151,-1.627,0.545,1.008,-0.791,-0.772,0.661,1.468,-1.492,-0.172,0.585,-0.108,0.181,-0.513,0.216,0.55,-0.446,0.813,1.584,-0.46,1
-0.376,-0.948,-2.073,1.082,0.808,-1.049,-0.059,-1.375,-0.522,0.868,-0.993,-0.938,-0.064,-0.302,1.213,0.769,0.162,-1.225,2.093,-1.639,-0.647,0.891,-0.245,-1.232,-1.576,0.452,0.569,0.535,1.816,-0.954,-0.9,-1.21,-1.018,1.049,0.313,0.581,-0.412,-0.008,-0.507,0.615,-0.666,1.549,-0.123,-0.737,1.167,1.132,0.831,-0.395,1.13,0.363,0
-0.375,-1.243,-0.432,-0.56,0.052,0.611,0.521,-0.966,-0.423,-0.002,0.566,-0.502,0.164,-0.105,0.021,0.41,-0.515,1.243,-0.882,0.315,-0.283,-2.069,0.02,-0.298,0.81,-0.453,0.573,0.132,0.231,0.983,-1.33,0.327,0.696,-0.029,-3.356,0.276,-0.231,0.294,0.706,0.079,0.735,-0.293,-1.16,-0.236,-0.01,1.089,0.634,1.92,-0.398,-0.628,0
0.204,-1.929,-0.545,0.356,-0.407,1.084,0.446,-1.527,2.783,0.083,-0.747,1.165,0.501,-0.043,-0.965,-0.017,-0.886,-0.564,0.42,0.884,-0.773,1.172,-0.237,1.148,1.24,-0.015,0.525,0.05,-1.378,0.07,-0.199,1.84,-0.677,-3.316,0.978,1.261,-0.063,0.631,1.177,-1.535,0.705,0.736,-1.125,1.219,1.002,-0.598,0.839,-0.724,-0.954,0.104,0
-0.147,2.107,-0.335,-1.685,1.371,0.516,-0.321,0.645,-0.245,-0.714,0.163,0.441,0.142,0.62,-1.295,-1.415,0.649,0.652,1.749,1.084,-0.002,0.066,0.119,-1.011,-1.722,-0.8,2.398,-1.085,-0.185,2.479,0.475,1.319,0.923,0.346,0.731,-1.097,-1.333,-0.688,-0.539,-0.523,-0.053,-0.21,0.452,-1.045,-0.528,-0.754,0.378,1.973,-0.193,0.092,1
1.3,0.131,0.257,1.891,0.391,-1.023,0.911,0.147,-0.808,-0.527,-0.457,-0.627,1.683,1.147,-0.554,1.018,1.046,0.901,0.461,1.188,1.713,-0.423,1.29,-0.397,-1.196,-0.582,0.813,0.501,-1.428,-0.486,0.896,-1.148,-0.009,0.442,-0.212,-0.366,0.76,-1.544,-0.43,0.341,0.493,0.258,1.383,-0.538,1.343,0.414,0.841,1.234,1.219,-0.353,0
-1.104,-0.768,0.011,-1.512,-0.975,-0.273,-0.208,-0.214,-1.722,0.455,-1.126,0.437,1.127,0.369,-0.075,1.674,-2.276,-0.97,-0.387,-0.799,0.429,1.164,-2.159,0.171,-0.71,-0.124,-0.379,-1.023,-0.434,0.444,-0.182,-1.039,0.885,-1.75,0.346,1.23,-0.125,1.436,0.012,-2.221,1.418,-0.858,0.092,-1.48,0.705,1.222,-0.936,0.94,0.318,-1.22,1
0.928,-0.374,-0.875,-0.87,-0.548,0.349,0.243,0.749,2.624,-0.181,-0.713,0.317,-0.518,-1.138,-0.981,-0.785,0.672,0.666,0.654,-0.69,-1.335,0.705,-0.23,-0.704,-0.577,-0.016,0.66,-0.238,-0.669,-0.993,0.215,-0.878,-0.765,0.228,0.221,0.337,-1.049,0.064,-0.583,1.014,-0.55,-0.634,-0.269,-1.042,-0.983,0.189,2.295,1.921,0.409,0.364,1
-1.736,-1.082,0.266,-1.442,-1.035,0.588,0.237,-1.586,0.882,0.447,0.46,0.748,0.263,-1.098,1.224,0.526,0.021,-0.365,0.938,1.063,-0.415,-0.939,-0.86,0.56,1.853,-0.994,-1.064,0.069,1.354,1.115,-1.61,-2.335,2.005,-1.732,0.396,0.874,0.391,0.86,-0.143,0.326,-0.514,-0.266,2.063,-0.382,0.193,1.541,0.194,-0.493,0.272,-0.405,1
0.175,0.438,-0.724,1.961,-0.22,0.002,0.132,-0.594,0.463,-1.535,0.346,1.512,-0.803,0.577,-0.134,0.407,0.17,0.308,0.489,-1.516,-1.704,1.057,0.104,-0.192,-0.105,0.236,-1.05,-0.27,0.624,1.695,-1.174,0.219,0.655,0.961,0.067,-2.042,-1.024,0.957,1.589,-0.079,-1.073,0.769,0.299,0.348,-1.383,-0.949,0.29,-0.659,0.301,0.3,0
0.225,-0.804,-0.136,-0.435,0.039,0.589,-1.183,-0.964,-1.505,0.195,0.417,-0.694,0.029,0.09,-1.25,-0.214,-0.547,0.28,-0.111,1.087,0.106,1.75,-0.97,-0.659,1.556,0.21,0.341,-1.644,-0.362,0.587,-0.91,0.228,-2.014,1.147,-0.708,-0.883,1.252,-0.674,-0.702,-0.135,-0.609,-0.205,-0.156,-1.349,-1.571,-2.049,1.133,0.551,0.1,1.525,0
0.204,0.662,-0.35,-1.421,-0.483,1.163,-1.051,0.002,-0.685,1.77,-1.681,0.566,-0.928,-1.262,0.487,-0.22,0.171,0.471,0.81,0.913,-1.824,1.293,0.429,-0.673,-0.726,-0.251,0.637,1.759,0.548,0.353,0.676,1.026,0.224,-1.228,-0.662,-1.23,-1.548,0.119,1.813,-1.993,-0.606,-1.061,-0.117,-0.042,-0.042,-0.479,-0.939,-0.449,0.664,-0.899,0
0.982,-0.844,2.844,-1.196,-0.007,1.805,-0.489,-0.286,1.174,0.035,-0.819,-1.56,-1.599,-0.878,0.207,-1.626,-0.513,-0.82,0.458,0.788,0.527,-0.707,-0.518,-1.223,1.824,1.726,-1.237,-0.099,1.396,0.264,2.007,0.026,-0.454,-0.712,1.075,-0.206,-0.285,0.238,1.181,-0.525,0.797,0.011,-0.083,0.585,-1.473,-0.275,0.188,1.801,0.971,-0.154,0
-0.671,0.118,-0.432,-0.644,1.609,0.434,-0.319,0.776,0.362,0.231,-0.563,-1.455,-1.772,-0.201,0.278,0.135,0.543,-0.765,-1.055,-0.213,-0.067,1.692,-0.146,-0.395,-0.34,-0.659,-0.339,0.666,-1.974,0.95,-1.799,-0.242,-1.589,1.544,0.433,0.976,-1.027,0.767,-0.293,-1.251,-0.468,0.587,-1.274,-0.611,0.303,0.932,0.84,0.58,0.002,-1.044,1
-1.343,-0.291,0.004,-0.654,-1.162,-1.83,-2.047,-0.933,1.283,0.161,0.438,1.153,-0.524,0.326,1.61,-1.766,-0.787,0.299,1.352,-0.603,-0.628,0.121,1.993,-0.957,0.367,1.324,1.059,-1.045,1.509,1.621,0.464,-0.23,-1.138,-0.221,1.291,-0.814,0.263,-1.319,0.189,0.015,0.483,1.741,0.826,-0.098,-1.313,-0.1,-0.137,-0.331,-0.202,-0.571,1
0.796,0.308,-0.2,-1.506,0.171,0.436,-0.48,-0.001,0.624,0.923,-0.48,-0.371,1.188,-0.233,1.63,-1.746,-0.024,-0.08,0.045,-0.284,1.169,-0.025,1.204,0.022,0.634,2.15,0.326,1.047,0.647,0.681,-2.408,0.509,-1.543,-0.136,-1.069,-0.009,-0.284,1.158,0.311,1.779,0.126,0.685,-1.251,-0.094,-0.068,-0.708,-0.924,-0.719,1.295,0.536,1
1.348,0.88,2.494,-0.567,2.202,-0.339,0.795,0.67,0.22,-0.632,0.821,2.511,-0.399,-1.701,-0.084,0.34,-0.864,0.524,2.227,-1.683,0.725,-1.141,-0.518,1.045,0.276,-1.008,-1.33,0.424,0.469,-0.059,0.159,2.055,0.019,0.072,-0.601,-0.517,-0.461,0.571,-0.441,-0.275,0.277,-0.428,1.065,-1.538,-2.173,0.81,-0.045,-1.345,-1.248,0.662,0
0.798,0.184,2.221,1.834,1.241,1.609,-1.811,-0.151,0.312,-1.144,0.376,-0.212,-0.091,-2.212,-0.101,-0.885,-0.627,-1.375,-0.077,-0.604,0.735,-0.605,-0.542,0.073,-3.098,0.18,0.949,1.74,0.291,0.258,0.037,1.027,-1.264,-0.839,1.071,-0.561,-0.237,-0.977,0.617,-0.199,1.494,0.759,-0.217,1.086,-1.192,-0.639,-2.298,-2.08,0.226,-0.218,1
-1.11,0.387,0.069,-0.201,-0.673,0.503,-0.37,2.148,-0.488,-1.162,-1.772,-0.366,-1.007,-0.198,-0.397,1.708,2.844,-0.592,-1.536,0.062,1.423,0.981,-0.616,0.751,-0.283,-0.283,-0.912,0.874,0.515,-0.371,-2.111,0.636,0.605,0.14,-1.431,0.627,0.581,-1.446,-1.597,-0.584,-0.64,-2.025,-0.422,0.318,-0.641,-0.047,1.034,1.267,-1.749,-0.814,0
-0.848,-1.915,0.624,1.138,0.728,2.068,0.276,-0.409,0.629,-0.776,-0.995,0.354,0.622,-0.727,0.389,-1.119,0.324,0.29,-0.187,0.018,-1.91,-2.856,1.912,2.897,0.037,0.084,-0.279,0.257,-0.25,0.176,0.516,-0.867,-0.734,-1.008,0.514,0.79,0.767,-0.921,0.026,-1.9,-0.026,-1.596,0.055,1.977,-0.764,0.271,-0.723,-0.255,-0.488,0.107,0
0.458,0.247,0.259,-0.545,-1.45,-0.87,0.786,0.549,-0.169,-0.093,0.506,-0.197,0.719,0.61,1.391,-1.736,-0.923,-2.882,0.261,-0.731,-0.23,0.989,-0.11,-0.82,-0.838,1.687,-1.103,-0.68,-0.191,0.079,-0.023,-0.939,-1.209,-0.512,-0.284,-1.358,-0.137,-0.033,1.183,-0.614,1.625,-1.012,0.014,-1.084,0.058,-0.06,1.922,0.009,-0.485,-0.311,1
2.939,0.088,-0.12,-0.772,-2.045,0.851,2.15,-0.426,-0.165,0.408,0.641,-0.075,-0.941,-1.839,-0.007,1.038,0.9,-0.678,0.091,0.09,-1.851,-0.56,0.696,-1.048,-1.16,0.032,0.677,-1.465,0.129,-0.474,-0.14,1.395,-0.721,0.932,0.213,-1.667,-1.085,1.366,1.853,1.432,-0.29,0.566,-1.17,1.421,0.731,-0.269,-0.058,0.972,1.32,2.422,1
1.446,-0.947,-0.695,0.485,-0.38,-1.62,-1.618,-0.632,-0.793,-0.473,-2.514,-0.117,0.831,0.21,-0.35,1.148,-2.004,1.23,-0.972,1.409,-0.197,-0.543,0.874,1.025,0.515,1.77,-0.217,-1.337,0.548,-0.712,0.131,-0.758,0.366,-1.757,-1.8,-2.713,0.671,-1.366,-0.396,0.527,0.503,-1.641,0.06,1.165,-0.321,2.684,-1.114,-1.401,-2.438,0.24,1
1.314,1.308,1.683,0.186,-0.542,-0.26,-0.669,-0.982,0.291,1.402,1.484,-1.508,0.114,0.768,0.038,-1.052,0.542,0.08,-1.135,-1.229,0.399,-0.519,0.277,-0.007,-2.181,1.035,-2.834,-0.465,-0.773,-1.026,0.609,0.337,0.066,-0.942,0.461,1.431,-1.548,0.108,0.739,-1.402,0.415,-0.258,0.743,0.136,-0.136,1.993,-0.585,0.987,-0.395,-0.731,0
-0.16,-0.368,0.87,2.141,0.557,-0.11,2.262,1.867,2.191,0.42,0.481,1.423,-1.086,0.957,-0.212,-0.293,1.324,-0.144,-1.134,0.311,0.55,-0.234,0.895,-0.193,-0.745,0.732,-1.052,-0.117,1.168,-0.256,-1.821,-1.165,0.226,-0.228,-0.051,0.018,-0.072,0.188,-0.267,-0.352,-0.758,-0.676,0.092,0.401,0.065,-2.08,0.649,-1.418,0.517,-0.945,0
0.055,-1.135,-0.757,-0.407,0.605,-1.539,-2.309,-0.359,-0.464,-1.255,1.172,-0.333,1.85,0.11,-0.703,0.613,-0.803,-0.192,1.437,-1.527,0.172,2.429,2.118,0.365,0.192,1.059,-0.163,-1.3,0.71,1.307,0.22,-0.756,1.015,1.261,0.77,0.42,-0.01,0.531,-0.873,-0.524,0.989,-1.801,1.291,-2.218,-0.658,-1.129,-1.471,0.442,-0.949,-1.383,1
0.176,0.077,1.184,0.261,-1.407,0.172,1.953,0.175,0.649,-0.931,0.964,-1.101,0.936,0.296,-0.9,-2.277,1.233,-0.526,0.529,1.129,0.237,-0.58,0.659,0.612,0.944,-0.185,-0.996,-0.188,0.211,0.347,0.859,0.11,0.683,1.13,0.063,1.428,0.689,0.798,-0.17,-0.798,-2.274,-0.853,-0.357,-0.487,1.065,0.796,0.982,-0.561,1.041,0.253,0
0.662,-1.398,1.723,-0.704,-1.427,0.852,0.74,1.396,-2.304,3.11,-0.345,1.235,-2.226,0.367,1.021,0.6,1.189,1.991,-0.658,-0.349,-0.89,2.084,0.429,-0.047,-0.842,-0.05,0.154,1.747,0.632,-1.706,-0.472,0.304,-0.929,-1.694,-0.191,-0.399,-0.594,-0.299,-0.597,1.379,-0.535,-1.31,-0.608,0.376,-0.596,-0.514,0.855,-0.056,1.238,0.475,1
0.195,-0.324,1.568,-1.56,-0.752,0.49,0.532,-1.293,-1.644,0.407,0.359,-0.052,-0.135,0.138,-0.354,1.287,-0.375,0.088,0.806,0.176,-2.324,0.813,0.4,0.834,0.003,-1.534,0.692,0.877,0.384,0.759,2.637,-1.517,-1.223,-1.231,0.587,0.081,-0.155,0.752,-0.619,0.036,0.032,-1.013,0.814,-0.134,-1.415,0.931,-0.336,-1.114,-0.12,0.985,0
-0.7,-0.544,-0.862,0.538,1.214,-0.614,-0.735,-1.093,0.766,-0.812,1.259,-0.39,1.036,1.577,-1.259,0.98,-0.638,-0.498,-1.579,0.473,-1.02,0.252,-0.054,-0.809,-0.833,-0.262,1.259,0.736,0.282,0.091,-0.363,0.181,-2.509,2.236,-0.845,0.509,0.751,-0.648,0.601,0.164,-0.905,-1.248,-0.403,1.173,-0.582,0.567,0.058,-0.444,-0.612,0.36,1
0.963,-0.702,0.106,0.674,-0.714,-0.341,-1.398,1.384,0.122,-0.869,-1.296,0.736,-1.193,-0.07,0.093,-0.262,-0.026,-0.137,-0.254,0.892,0.574,-0.52,1.715,1.627,0.035,1.637,-1.332,-1.111,1.648,1.768,-0.583,1.844,0.171,-0.84,-2.854,-0.122,-0.393,-1.257,-0.883,-0.358,-0.024,-0.013,-0.463,-0.386,-1.212,0.525,0.018,-0.406,1.611,0.436,1
-1.194,-0.269,0.051,1.186,0.207,0.092,-0.223,-0.777,-1.171,1.005,-1.196,-1.3,-1.556,0.48,-0.082,-1.864,-0.203,-1.637,-0.389,-0.095,-1.261,1.17,-0.838,-0.324,0.474,0.034,1.72,-0.32,-1.453,1.628,0.352,-0.472,0.249,1.022,-0.744,-0.196,2.052,0.478,-1.959,1.95,-0.932,-0.955,-1.681,-0.318,0.007,-0.318,1.072,-0.119,-1.107,0.31,1
-1.358,-0.701,0.301,1.317,-0.856,0.837,-0.605,-0.262,-0.729,-2.326,0.93,0.264,-0.143,0.655,-0.598,0.021,-0.317,0.742,-0.498,0.386,1.0,-0.465,-0.206,1.069,0.38,-1.172,1.076,-0.561,0.68,-1.112,0.012,-1.004,-0.513,-2.068,1.764,1.04,0.301,0.154,0.461,-1.074,0.915,-0.998,-0.569,0.278,2.119,-0.898,-0.447,-1.236,1.938,0.688,0
-0.925,0.084,0.813,0.789,-0.74,-0.901,0.105,-0.086,-1.154,0.301,-0.708,1.076,-0.399,0.257,0.239,-0.346,0.79,-0.427,-0.08,0.34,2.505,-1.472,0.406,0.247,-0.939,-0.006,0.335,-0.43,0.294,-0.368,0.783,1.276,1.576,-0.346,0.739,0.045,-1.284,-0.471,2.215,-0.619,1.071,-1.442,-0.534,1.297,-0.085,0.645,1.719,-0.511,2.483,0.374,1
-0.186,-0.19,0.309,-0.297,-0.36,-1.538,0.291,-0.737,-0.18,1.685,-2.189,0.073,-1.378,-0.503,-2.155,-0.917,0.425,0.161,-0.253,-0.357,-0.31,-0.131,-1.387,-1.046,1.419,1.249,-0.389,-0.453,-0.202,-0.45,-1.822,2.363,0.727,0.595,-0.024,-0.336,0.11,-0.083,0.289,-0.618,0.255,0.642,-1.115,-0.247,-1.316,-0.827,-1.869,-0.559,-2.228,0.659,0
0.45,-0.234,2.106,1.081,-0.339,0.139,0.927,-0.188,-0.817,0.972,0.118,1.896,1.08,-0.038,0.766,-0.455,-1.496,-1.449,-0.998,0.614,0.607,0.808,1.56,-0.349,-0.496,-1.002,0.976,1.378,0.592,-1.29,0.528,-0.564,-0.743,0.207,-0.765,-2.248,0.692,1.113,-0.805,0.138,0.115,0.006,1.977,1.248,1.594,1.296,0.216,1.714,-3.244,0.73,0
1.117,0.845,0.326,-0.932,-0.715,0.174,0.197,0.728,-0.342,0.235,-0.305,-0.676,-0.024,-0.603,-1.388,1.27,1.002,-0.818,0.977,0.861,0.042,-0.535,-0.555,0.661,-1.347,0.639,0.777,0.483,0.038,1.064,0.432,-1.9,-0.84,0.894,-1.885,-0.389,-1.166,-0.31,-1.443,1.623,0.737,0.406,-2.134,0.084,1.763,1.096,0.239,1.247,0.333,1.043,0
-1.112,0.389,1.673,0.306,-0.014,1.629,-0.258,0.287,-0.815,-0.218,-0.202,-0.101,-1.851,-0.683,0.795,0.744,0.177,1.129,1.854,0.595,-0.747,-0.027,0.438,-0.89,0.631,0.893,-0.673,0.836,0.18,-0.491,1.258,1.703,0.059,-0.54,-0.676,-0.434,1.236,-0.67,1.026,-0.519,-0.742,0.424,0.803,0.408,-0.332,1.189,-0.023,-1.085,-0.105,-2.92,1
-2.268,-0.661,0.033,-0.125,0.458,0.662,-2.878,0.123,0.849,0.612,0.797,0.412,-1.31,0.459,1.663,-0.69,-0.928,-0.579,0.971,-1.416,-0.65,0.79,-1.263,-0.675,1.508,0.252,0.813,-0.542,-0.315,0.334,0.543,-0.157,1.1,1.559,-0.422,-0.514,0.513,-0.875,-1.097,-1.199,1.217,-1.103,-1.756,-0.195,-0.248,0.881,-0.02,2.167,0.548,-0.172,0
0.011,0.059,-0.628,0.993,0.648,0.419,1.144,-1.345,-1.599,-0.617,0.977,-1.157,-2.069,1.753,-0.238,-1.278,-0.741,-1.292,-0.61,0.854,0.722,0.895,-0.606,0.135,-1.383,0.547,1.544,0.886,-0.16,1.207,-0.912,-0.452,1.866,-0.789,1.133,0.424,1.742,-0.602,-0.394,-1.707,-0.019,-0.044,-0.455,1.05,-0.563,0.283,1.078,-0.495,0.532,-1.245,0
1.027,0.261,0.678,-0.61,0.405,0.239,-0.086,0.696,0.558,-0.225,-0.593,-0.599,1.314,-0.287,0.657,-0.563,-0.706,-1.879,-0.733,0.26,-0.498,0.759,-0.311,0.996,1.043,-0.219,-0.965,0.589,0.034,-1.026,0.811,0.537,0.533,-0.182,0.242,0.035,1.745,1.059,-1.364,-0.595,0.995,-0.291,-0.584,-0.48,-0.619,-1.036,-0.575,-1.03,-2.527,-1.703,0
-0.376,-1.207,-0.763,0.242,-0.626,1.679,0.031,1.524,-1.19,0.258,0.607,-1.379,0.946,-0.608,-0.651,0.421,-0.715,0.898,1.84,1.637,0.022,0.038,-0.495,-0.596,1.141,0.319,1.887,0.014,0.22,0.923,0.167,0.316,-0.69,0.107,-0.487,0.382,-0.092,-0.44,-0.326,0.019,-0.377,1.197,-0.406,-0.367,1.068,0.792,-1.903,0.833,-0.529,-0.318,0
0.671,-2.024,-1.078,0.445,0.149,-0.717,-0.813,0.517,-1.396,0.456,-0.307,1.208,1.077,1.915,0.798,-2.171,0.262,2.65,1.721,-1.462,1.039,-0.557,1.747,-0.497,-2.486,-0.46,-0.651,1.098,0.702,-2.2,1.322,-1.319,1.696,1.211,-1.084,-0.061,-1.292,-0.652,-0.751,-1.034,-0.156,1.062,1.738,0.325,2.006,1.393,-0.413,-1.916,-0.146,-0.001,0
0.099,0.525,0.475,-0.603,-0.66,0.893,-0.415,-1.681,-0.998,-0.666,0.197,0.821,-1.997,0.122,2.489,1.105,0.658,-0.396,0.229,-0.851,-1.12,1.996,-0.243,-1.33,-0.577,1.269,2.384,0.588,-0.282,0.78,1.466,0.718,1.109,-0.933,-0.597,1.143,-0.227,0.489,-0.229,-0.216,-1.813,0.356,-0.313,0.13,0.533,0.337,-0.516,-0.448,2.119,0.644,0
0.004,2.129,0.776,-0.238,0.674,1.572,0.345,2.552,1.151,-1.386,0.075,-0.778,-0.964,-0.165,-0.356,-0.357,0.516,1.088,1.676,-2.116,-0.354,0.957,-1.41,1.581,1.317,0.062,0.84,-0.511,1.177,-1.41,-1.285,0.316,0.343,-0.23,-0.936,-1.348,0.957,-1.668,0.39,1.957,0.364,-1.038,2.0,0.716,-0.641,-0.056,-2.283,-0.558,-0.111,-0.281,1
0.132,2.097,0.465,-0.088,0.974,1.369,0.388,0.921,-0.114,0.123,-0.306,1.126,2.152,0.114,-0.365,-0.107,0.307,-1.113,0.778,-0.853,0.928,0.548,-0.791,0.719,0.03,-1.472,1.314,1.596,-0.515,0.499,-0.264,-0.548,-0.989,-1.592,1.04,-1.213,0.801,-1.175,0.946,-1.335,-0.937,-0.696,0.032,-2.204,-0.564,-0.433,1.205,-0.008,-0.638,1.475,1
-0.178,-0.327,0.296,-0.433,0.385,-1.926,1.547,0.262,-1.043,1.173,-0.176,-0.938,-0.554,-0.55,1.131,-1.363,-0.166,-0.733,0.109,0.246,-1.486,1.29,-0.428,-0.912,0.559,-0.88,-1.39,-1.878,1.176,-0.402,1.191,0.069,-1.659,-1.523,0.802,0.572,-0.244,-1.114,0.424,0.165,0.251,-0.18,-0.267,1.463,-0.399,-0.989,-0.652,-1.212,-1.841,-0.202,0
0.573,0.039,0.266,-0.816,-0.35,1.113,-1.119,0.052,0.83,0.925,-1.683,-1.357,2.907,-0.773,-0.544,1.205,0.484,-0.531,1.38,0.417,-0.561,-0.605,0.462,0.593,1.853,1.47,-0.92,-0.528,1.107,0.574,0.805,-0.098,-0.868,0.53,0.858,-0.381,1.089,1.561,1.343,-0.022,0.184,0.755,0.74,-0.449,-0.218,0.8,1.299,1.392,0.785,-0.972,0
0.67,1.734,1.4,-1.434,0.776,-0.985,-1.873,0.212,0.999,-0.098,0.959,-0.628,0.862,0.063,0.579,1.102,0.379,-0.498,0.664,0.452,-0.483,0.089,0.285,-0.056,0.707,1.625,-0.256,-0.773,2.278,1.08,0.811,1.211,1.992,-0.08,-0.097,0.334,-0.536,-0.168,-0.379,-1.224,1.352,0.996,-0.498,-1.249,-0.694,0.508,2.691,1.623,1.219,0.04,0
-2.699,-0.531,-1.128,-1.119,-0.468,-0.234,-0.107,1.048,-0.898,0.591,-1.132,0.336,1.06,0.788,-0.587,-0.969,0.851,-0.475,0.921,0.787,-1.332,-1.095,-0.023,-1.818,0.342,0.346,-0.046,-0.554,1.288,1.05,1.574,-0.436,-0.739,-0.014,0.894,-1.575,0.032,-1.203,0.876,0.205,0.924,0.199,-0.508,0.313,0.832,1.354,1.078,0.106,0.708,-1.078,1
-0.151,1.082,1.135,1.436,-1.208,1.608,-1.202,1.558,1.146,0.156,-2.31,-0.063,1.231,-0.175,1.108,-1.232,0.788,-0.813,0.212,-0.09,0.221,0.249,0.735,-0.743,-0.327,1.848,0.727,0.641,-0.08,1.62,-1.182,0.786,-1.377,-0.435,0.567,-0.163,-1.243,0.289,0.087,-0.443,-1.507,0.706,-0.554,-0.101,-0.819,-0.362,0.885,0.109,-0.576,0.483,0
-0.076,-1.206,0.991,0.363,-0.929,0.998,-0.57,0.626,-1.002,-0.58,0.342,-0.764,0.165,-1.038,1.322,-0.033,-0.56,0.265,-0.928,0.847,0.442,-0.479,1.195,1.521,1.881,0.348,1.654,-0.608,-1.307,-0.845,-0.708,0.073,-0.286,2.061,-1.097,-1.613,0.763,0.702,-0.376,-0.656,-1.215,0.288,1.09,1.19,0.592,0.404,-1.068,1.758,-0.234,-0.593,0
-0.127,0.513,0.991,0.621,0.655,-0.274,-1.144,0.553,-1.563,0.751,0.094,0.17,1.093,-0.887,0.698,0.997,0.589,-0.329,-0.432,0.151,1.238,-0.348,1.674,0.591,2.103,0.607,-0.868,-1.264,0.222,-0.194,1.98,0.621,1.011,-0.412,-0.022,0.235,-0.848,-0.871,-0.864,-2.068,0.37,-2.364,-0.046,0.589,0.075,3.487,1.288,-0.33,-0.929,0.228,1
-0.352,0.809,-0.138,-0.135,2.34,0.028,-0.953,-0.424,-0.659,0.444,0.007,0.569,0.659,-0.306,0.921,0.712,0.373,-1.049,0.695,-1.126,1.086,0.236,-0.162,0.041,0.394,-0.205,1.031,-1.938,-0.827,0.799,-0.136,0.448,1.165,1.006,-1.019,2.203,-0.026,1.068,-0.691,-0.192,-2.18,-0.687,-0.794,0.815,-0.292,-0.974,0.031,1.942,0.726,-0.261,0
-0.879,0.126,-0.983,-0.256,1.745,-0.644,-0.647,-0.858,-0.026,-2.673,-0.972,0.6,0.951,1.841,1.204,1.243,0.657,1.007,-0.085,-2.009,-0.368,0.437,-0.559,1.208,0.872,-0.073,-0.932,-0.483,-0.597,0.616,0.866,0.209,0.658,-0.419,-0.596,-0.148,-0.619,-0.145,-0.178,0.176,-0.017,1.088,-0.526,-0.849,0.07,1.102,0.218,-0.544,-0.727,0.935,0
-0.923,2.032,1.169,0.277,1.298,-1.503,0.429,-0.138,0.555,0.905,-2.317,-0.446,0.322,2.042,0.584,-1.249,-1.625,1.274,1.235,0.226,0.651,0.417,0.412,-0.599,1.215,0.112,-1.208,0.816,-1.109,-1.286,-0.678,0.884,1.726,-0.78,0.703,0.635,-0.61,1.799,-1.416,0.038,-2.615,1.794,-0.107,0.463,-0.067,-2.804,-1.397,0.914,-0.261,-0.207,1
1.273,-0.517,0.452,0.429,-0.429,0.664,-0.56,0.755,0.523,-0.008,-2.395,-1.278,-1.524,-0.147,1.178,0.698,0.411,-1.217,0.687,-0.836,-0.585,-0.447,1.446,0.316,-0.123,-0.059,-0.94,-1.033,0.196,-0.274,-0.557,0.514,-1.4,0.763,0.567,0.435,-1.365,-0.861,-0.299,0.378,0.692,0.812,-1.752,-0.671,0.466,1.212,-0.155,-0.382,-0.129,1.832,1
-0.037,-0.027,0.583,-0.044,-1.528,0.888,0.161,-1.4,-2.033,-0.475,0.826,0.378,-0.721,-0.631,0.576,-0.805,-0.426,-0.507,0.195,0.224,-0.132,0.593,-1.891,-0.47,-0.046,-1.451,0.254,1.287,-1.444,0.148,0.668,0.441,-1.314,-1.068,-0.654,-0.99,0.636,1.301,1.834,0.499,-1.069,-1.517,-1.748,1.192,-0.966,-0.916,0.031,0.803,-0.653,0.451,1
-0.157,-0.504,0.418,1.998,0.297,0.502,1.043,-1.256,-2.352,-0.803,-1.345,-0.147,-0.123,1.366,-0.904,0.79,0.094,1.0,0.736,0.918,1.37,0.349,0.571,0.317,0.076,-1.006,-0.464,0.156,1.456,1.637,0.411,-1.83,-0.01,0.296,-0.688,-1.342,0.254,-0.007,0.763,0.735,-0.016,-1.633,0.623,-0.501,-0.079,0.402,0.118,-0.432,-0.707,-0.299,1
0.492,-0.004,1.407,1.264,-0.818,0.507,0.675,0.67,0.205,2.062,-1.213,0.536,-0.552,0.549,-0.649,-0.736,0.454,-1.848,-0.527,1.237,-0.918,-0.972,-1.257,-0.844,0.265,1.12,-1.351,0.146,-0.44,-0.576,-1.585,-0.682,-1.031,-0.951,-0.419,1.162,-0.216,0.193,-0.604,-0.661,0.178,-1.363,1.045,0.244,1.163,0.533,0.122,-0.77,0.272,0.001,1
1.135,-0.313,0.338,1.023,-1.049,1.14,1.933,0.165,-0.626,1.645,0.868,1.598,1.228,-0.376,0.14,0.295,-0.908,-0.152,-1.5,0.264,-1.093,0.467,-0.421,0.904,-1.085,0.857,0.079,0.345,-0.792,-0.131,2.164,-0.275,1.394,-2.356,0.868,0.127,0.681,-0.37,-1.326,0.644,0.409,0.433,0.755,0.559,0.298,-0.697,1.161,-0.361,-0.088,0.091,1
-1.811,0.139,-0.728,-0.067,1.254,-1.014,0.222,-0.487,-0.778,1.781,-0.005,-1.637,1.446,-0.169,-0.738,0.752,0.031,1.347,-0.191,0.265,-0.3,0.141,2.097,-1.555,-0.271,0.715,1.892,-1.13,-0.73,-1.071,-1.581,-1.046,-1.272,0.432,-0.358,-0.039,-1.248,0.899,-1.356,-0.141,0.775,-0.796,0.288,-0.591,-0.459,0.454,-0.732,1.034,-1.976,-0.418,0
1.178,0.323,-1.292,-0.819,0.109,-0.86,-1.388,-0.893,0.214,-1.089,-1.14,-0.667,-1.001,-1.068,-0.871,1.236,0.199,-1.514,0.417,-1.297,3.05,0.499,-0.927,-0.531,1.684,0.42,1.433,1.462,-1.585,-0.503,0.83,0.537,0.595,-1.255,0.681,0.104,-2.157,-0.687,-0.428,0.138,0.854,-0.366,2.566,-0.532,1.924,0.106,0.435,0.505,1.24,0.231,0
1.451,0.006,-1.164,1.305,0.132,0.908,-0.907,0.805,-0.701,0.408,0.014,-0.682,0.439,0.12,0.444,-0.429,-0.361,-0.353,-0.648,0.804,0.311,-0.307,-1.895,-1.054,-0.19,-0.594,0.07,-0.731,0.935,1.199,-2.718,0.482,-0.772,-1.883,0.237,-0.19,1.186,1.062,1.465,0.155,0.856,0.676,0.524,-0.132,0.052,1.06,0.163,0.546,0.743,-0.726,0
-0.254,0.329,1.461,0.675,0.538,1.567,0.541,-0.02,-0.969,-0.307,0.447,0.42,0.687,0.34,1.401,0.077,0.698,-0.996,-1.176,-0.088,-0.566,-0.544,-0.873,-0.051,-0.994,0.1,-0.379,-0.712,0.875,-0.21,2.229,0.581,0.359,-0.746,-0.725,-0.92,1.802,-0.525,0.359,0.577,0.378,-0.559,0.076,1.455,-1.189,2.08,0.074,1.642,0.278,-1.213,1
-0.819,-2.605,0.167,0.718,-0.761,-0.293,0.834,-0.623,-0.343,1.896,-0.383,-0.099,1.432,-0.451,-0.01,-0.76,0.495,0.137,1.094,-0.656,-1.982,0.371,-0.881,1.113,-0.784,-0.255,1.108,1.903,0.373,-0.227,-0.954,0.077,-0.161,-0.097,1.97,-1.056,0.317,-0.528,0.795,0.151,0.212,0.421,0.792,0.487,-0.517,0.97,0.379,-0.674,-1.122,-0.429,1
-0.967,-0.757,-1.618,-0.443,0.128,1.806,-0.063,0.296,1.853,0.778,-0.943,0.103,-0.18,-0.532,-0.857,-1.24,-0.967,1.428,0.324,-0.861,0.476,-0.921,1.647,-1.341,0.313,-0.894,0.665,-0.199,1.249,-2.183,-0.682,-3.097,1.557,0.282,-0.182,-0.891,-1.1,0.547,-1.243,-0.468,1.938,1.479,-0.855,1.992,-0.162,1.399,0.288,0.067,0.104,0.352,1
0.125,0.365,-1.577,0.213,-0.124,1.454,-1.078,-0.843,0.479,-2.546,-1.308,0.468,-2.419,0.072,0.169,1.421,0.39,-1.459,0.713,1.67,-0.963,0.979,-0.91,-0.403,-0.383,-0.572,0.863,-0.605,-0.011,0.098,0.493,-1.024,0.825,-1.644,-0.617,0.107,-0.267,-1.472,-0.623,0.105,0.032,-0.573,0.277,1.142,-1.523,0.086,2.253,-0.185,-1.067,-2.567,0
0.924,-0.019,0.55,-0.024,-1.337,0.308,0.149,0.434,0.178,0.238,-1.066,0.562,0.828,-0.18,1.187,0.265,2.079,-1.797,1.083,0.678,0.328,0.427,-0.835,-0.974,0.165,1.352,-0.483,1.291,-1.263,1.112,-0.462,0.977,0.932,0.059,-1.514,-0.498,0.275,-0.517,0.7,0.448,-0.737,-1.536,0.115,-1.009,-1.148,0.583,-0.338,1.446,-0.862,-0.484,0
0.616,0.205,-0.121,-0.685,0.022,-0.901,0.63,2.071,1.05,-0.669,2.495,1.303,0.523,0.992,-0.798,-0.21,-0.774,1.217,0.784,1.364,0.275,-1.352,-0.262,-0.81,-0.916,-2.061,0.375,0.735,-0.065,-0.155,-1.214,1.465,0.663,-0.724,-1.532,0.111,-0.03,0.152,-0.126,-0.56,0.014,0.827,0.303,-1.478,1.043,1.791,0.404,-0.258,1.15,0.155,0
0.061,0.147,0.539,-0.528,1.119,-1.43,-0.32,-0.464,-1.479,0.989,0.353,0.017,0.837,-0.49,0.561,0.821,-0.507,0.328,0.031,0.282,-0.644,0.218,0.647,0.473,1.462,0.983,0.994,-0.878,0.749,-0.681,2.4,-0.8,1.7,-0.248,-1.227,0.798,0.112,-0.012,-0.033,-1.314,-0.687,0.666,1.448,0.804,-0.039,0.408,0.324,2.517,1.031,-1.515,0
0.278,-0.807,0.58,-0.405,0.186,-0.319,-0.34,-1.011,-0.253,2.376,1.56,-0.496,-0.591,-0.323,1.842,0.394,0.758,-1.222,-0.901,0.966,-0.195,0.014,-0.755,1.581,0.135,1.223,-0.009,-2.704,-0.195,-0.317,-0.968,1.603,0.05,-0.954,1.375,-1.17,-0.297,-0.481,-0.025,0.95,-1.18,0.775,2.179,0.829,0.319,0.978,0.609,0.793,0.414,-0.403,1
0.121,0.018,0.696,0.066,0.306,-2.105,-0.487,-0.572,-1.803,-0.153,0.083,-0.211,-0.927,1.355,0.43,-0.334,-1.1,0.412,-0.925,0.532,-1.562,-1.523,0.063,0.282,-1.436,-0.578,-1.712,0.761,0.117,1.881,-1.703,-1.149,0.281,0.963,-0.004,-0.806,0.279,-0.208,-0.559,1.04,-0.775,-0.611,1.53,0.789,1.276,-0.912,-1.188,-0.774,-0.569,-1.017,0
-1.131,-0.043,-0.253,-0.394,0.639,-0.686,0.072,-0.337,1.596,-1.344,-1.253,0.292,0.478,-0.716,-0.006,0.276,-0.738,0.529,1.554,-0.102,-0.719,1.351,1.439,-0.537,-1.288,-0.555,1.583,-1.091,-2.138,-0.184,-0.191,-0.137,-0.788,0.198,-1.673,-0.158,-0.513,-0.017,-2.079,-0.162,0.063,-1.194,-0.184,0.858,0.534,1.04,-1.196,-0.346,0.084,0.039,1
1.498,0.878,1.177,0.52,1.263,0.684,1.142,0.095,1.01,0.391,-0.027,1.43,-1.278,-0.532,-0.119,0.441,1.644,1.271,-1.179,-0.279,0.137,-1.581,-1.077,1.373,-0.121,0.477,-0.687,0.733,0.257,0.602,0.419,0.166,-1.441,2.434,-1.929,-0.754,-0.952,1.262,1.119,-0.403,-0.642,-0.088,0.577,1.935,0.108,0.197,-1.772,1.991,-0.198,-3.014,1
1.073,-1.589,0.742,0.908,-0.92,-0.24,1.04,-1.136,-1.511,2.217,-1.163,1.143,-0.05,0.9,0.239,0.166,0.479,-1.691,-1.682,0.182,0.183,-0.736,-0.184,0.358,-0.103,2.239,-0.416,1.813,-1.921,-0.38,-0.761,-1.389,1.255,-0.319,-0.798,1.097,-0.418,-0.015,-0.462,0.444,0.28,-0.255,-0.06,0.373,0.583,0.883,0.163,-1.15,-1.504,-0.661,0
-1.944,0.065,0.267,0.793,-0.17,0.306,1.895,1.977,-0.319,0.117,-0.608,-0.831,-0.871,0.469,-1.098,-1.076,0.184,0.665,2.072,-1.089,-0.46,-0.133,0.058,0.758,-0.713,-1.148,-0.688,1.626,1.631,2.135,-0.012,-2.073,-0.495,0.995,-0.452,0.722,0.348,1.201,-0.309,0.196,0.33,-1.725,0.466,0.901,1.031,0.669,0.792,-0.509,1.5,-0.423,1
-0.437,-1.081,0.028,-0.847,1.382,1.279,0.949,-0.454,1.66,-1.289,-0.764,-0.15,-0.384,-0.005,0.564,-0.423,0.355,-2.359,0.302,-0.728,-0.338,1.794,0.063,1.188,-1.557,1.45,-0.529,0.454,1.365,-1.991,1.786,-0.017,-0.86,0.272,2.258,-0.529,0.692,-1.381,-0.394,0.328,0.192,-1.832,-1.034,-0.322,-0.727,0.32,-0.093,0.197,1.629,-0.2,0
-1.083,-0.414,-0.255,-0.127,1.59,0.193,-0.032,0.349,-1.368,-0.025,0.337,0.204,0.765,-0.922,0.223,0.425,0.639,-0.692,0.846,-1.016,0.295,1.109,1.141,-0.112,-0.058,-0.331,0.17,-2.067,0.665,0.94,-0.757,0.154,0.175,0.909,-0.254,1.981,1.328,-0.198,-0.091,1.691,-1.334,0.141,-0.625,-1.462,1.215,0.96,-1.512,0.271,-0.328,0.412,1
-0.19,0.213,-1.99,0.508,1.052,-0.21,-0.431,-0.187,0.949,0.696,0.919,0.984,0.945,-0.5,0.402,-1.762,1.005,-0.812,1.072,-0.016,0.698,-1.534,-0.325,-0.924,-0.073,1.019,0.875,-0.412,-0.025,0.282,0.124,-0.708,-1.032,-0.239,-0.451,-1.287,0.531,0.547,0.262,0.816,0.247,0.462,-0.877,0.123,0.212,-1.382,-0.316,-3.027,0.703,-1.053,0
1.208,-0.559,-1.51,1.647,0.197,0.243,-0.037,1.381,-0.32,1.513,-1.674,1.154,1.752,0.51,0.793,-0.33,0.268,0.726,-0.224,-0.319,-0.838,-0.777,-0.657,0.131,-2.866,-0.142,-1.464,-2.115,0.168,0.588,0.942,1.513,0.475,1.087,-1.171,-0.349,1.201,-1.051,0.186,0.851,1.433,1.234,1.824,-0.195,0.683,-0.306,-0.009,1.264,0.31,-0.528,1
-0.668,1.429,-1.619,-0.264,0.697,1.145,0.088,0.05,1.45,0.583,-1.354,-1.202,-0.197,-1.337,-0.131,1.565,-0.751,-0.319,-1.428,1.06,1.069,0.576,0.614,-0.406,2.218,1.144,-1.204,0.718,-0.445,1.134,0.593,-0.83,0.539,-1.45,-0.365,-0.956,0.256,-1.452,-1.78,0.763,0.273,0.572,-0.651,-1.511,1.514,0.253,0.372,-0.616,-1.502,-0.805,0
1.16,0.839,-0.56,1.221,-2.033,-2.62,-2.125,1.03,1.731,1.192,-0.957,1.349,0.369,-1.034,-0.82,0.24,0.277,-0.591,1.428,-1.063,1.747,-1.47,0.57,-2.031,-1.909,-1.265,0.156,0.647,1.023,-1.25,0.708,-0.435,-1.327,-0.476,-0.941,-1.505,-0.425,-0.147,-1.054,1.876,0.688,-1.106,-0.251,0.415,2.047,-1.782,0.275,0.866,0.339,-1.481,1
0.618,0.427,-1.258,1.747,-1.029,-1.275,0.338,1.721,-1.421,0.589,-0.629,-1.955,1.283,-0.357,-0.617,-0.707,0.227,-0.609,-1.116,-0.021,1.926,0.501,0.661,-0.119,-0.33,-0.401,1.254,1.225,0.795,1.325,-0.186,-0.883,0.763,-2.036,-1.451,-1.153,2.364,-0.232,1.036,0.825,0.111,-0.124,0.697,-0.449,-0.675,0.71,-0.795,0.027,2.253,-1.36,0
-0.026,-1.002,-0.091,-0.306,0.679,-1.129,1.322,-1.159,1.648,0.561,0.688,0.34,0.081,2.522,0.858,-0.442,0.118,-1.326,-0.034,1.145,0.679,1.422,-0.946,-0.729,0.048,0.561,-0.316,0.137,0.058,-0.845,-0.099,0.836,0.742,0.373,1.361,0.86,0.465,0.682,0.26,0.002,-0.557,1.47,1.247,-1.392,-0.742,0.107,-0.125,0.134,0.603,0.248,1
-1.251,-3.203,0.836,0.33,-1.264,-0.16,1.343,-0.249,1.085,0.214,-0.163,-0.174,-0.111,-0.559,-0.402,-0.25,-0.3,0.599,-0.744,0.146,-0.416,-1.331,0.678,0.152,-0.284,1.293,-1.185,-0.49,-1.231,-0.027,0.712,1.339,-1.403,1.45,0.142,0.608,0.766,-0.928,0.05,-0.437,-0.521,-1.393,0.541,-0.231,1.301,-0.831,-1.348,-0.831,-0.228,-0.428,0
3.059,0.051,-0.548,-1.365,0.525,1.965,0.318,0.175,1.269,-1.519,-0.669,-0.581,1.491,-0.989,-0.359,0.206,0.996,0.168,0.045,-0.069,-0.601,0.566,0.474,0.496,0.437,1.309,0.113,-2.458,1.065,0.604,-0.081,-1.457,-0.499,0.894,0.213,0.115,-0.381,0.414,0.405,1.196,1.076,-0.744,-0.346,0.713,-0.606,0.397,-0.174,-0.155,1.046,1.043,0
1.253,-0.879,1.972,-0.365,-0.193,-0.295,-0.58,-0.279,-1.206,-0.484,0.092,1.071,-0.02,0.104,-0.129,-1.433,-1.571,-0.735,0.361,-0.465,-0.995,-1.735,-0.092,0.129,0.569,0.002,0.99,-0.628,2.386,0.031,1.081,-1.847,-0.227,-1.039,-0.554,-0.078,-0.918,1.547,-0.08,-0.496,0.309,-0.237,-1.297,0.065,-0.005,-0.817,-0.804,-0.24,-1.904,0.105,0
-0.526,-0.369,-1.26,-0.555,-0.419,0.858,-0.705,0.102,-1.085,1.394,0.709,-1.896,1.722,-0.258,1.621,-0.231,0.67,-1.428,1.877,-0.531,-0.558,0.142,-0.536,0.038,0.246,-1.041,-0.034,1.269,0.533,-1.094,0.362,-0.805,0.2,-0.897,-0.38,0.524,-0.508,-0.185,1.317,0.317,-1.431,2.221,1.562,3.295,2.656,0.718,-0.798,0.883,-1.182,-0.633,0
1.682,0.421,1.184,0.479,-0.15,0.809,-0.954,0.063,0.726,-0.786,1.125,-0.838,0.473,0.312,0.24,2.359,1.338,0.221,1.835,-0.726,-0.251,-0.246,0.243,-1.04,-1.535,-1.482,-0.548,-0.675,-0.106,-2.667,-1.068,-0.193,-0.202,-1.279,0.016,1.43,0.847,-0.369,-0.586,-0.197,-0.425,-0.512,-0.146,2.088,-1.137,0.005,0.243,-1.647,0.318,-0.679,1
-0.495,0.899,-0.76,-0.176,0.895,0.78,-0.411,-0.584,0.337,0.237,0.797,0.333,0.515,-0.344,1.161,-0.76,0.539,-0.053,-0.393,-0.475,-0.708,-1.05,-0.571,-0.419,-0.555,1.714,0.588,0.831,1.579,-1.944,0.43,0.463,-0.956,-0.229,1.434,-1.569,-2.234,0.655,-0.574,-0.386,1.665,-2.181,0.54,-0.429,-0.398,-0.471,1.254,0.27,-0.828,-0.439,1
-0.1,0.248,-2.108,0.351,0.67,-0.346,1.642,0.581,0.134,-0.217,-0.15,0.127,0.773,-0.516,-0.382,-1.868,0.72,-0.983,0.125,1.477,-0.365,0.166,-0.558,0.066,1.505,-0.926,-0.191,-0.795,0.091,-0.03,0.295,-0.222,-0.925,0.197,0.636,0.154,1.535,-0.182,-1.057,-0.607,0.645,-0.048,-0.322,0.304,-0.605,1.371,-0.623,-0.588,-0.423,-0.04,1
1.039,-1.579,-1.624,-0.848,0.234,1.201,0.984,-0.51,-0.898,1.814,-1.723,1.552,0.748,-0.955,0.255,-0.056,-1.311,0.142,-0.455,1.307,0.756,-0.939,-0.964,-1.079,-1.65,1.428,0.391,0.39,0.76,1.54,0.559,0.823,0.326,0.152,0.908,0.175,-1.66,0.178,0.328,1.535,-0.325,1.386,-0.331,-0.71,-0.81,0.655,1.404,-0.71,-1.962,-0.423,1
-0.454,0.078,-1.682,1.554,-0.264,0.915,0.364,-0.79,0.68,-0.303,1.714,-1.013,-0.831,-0.392,-1.19,1.427,-0.093,-2.247,-0.133,1.527,-0.769,0.703,-1.26,-0.247,-0.116,-0.491,1.511,1.844,-0.719,0.869,0.533,0.231,0.147,-0.174,0.31,-1.34,-1.694,0.03,0.566,0.045,-0.131,0.363,-1.455,1.473,0.534,1.036,0.2,-1.11,0.261,-0.861,0
-2.016,-1.351,1.129,-1.267,1.923,1.6,-0.251,1.691,-0.036,2.032,0.805,1.378,1.389,-0.045,1.282,-0.031,1.024,0.128,-0.502,-1.206,-1.175,0.28,1.012,0.605,1.629,-0.973,-0.733,-0.497,-0.723,0.842,0.184,-1.564,-0.886,1.031,1.027,-1.129,1.535,-2.083,-2.089,-0.973,-0.066,-0.039,1.328,0.038,0.163,0.629,-0.569,-0.14,-0.474,-1.976,0
-0.649,1.338,0.532,0.466,-0.724,1.076,0.726,-0.096,-0.08,-0.552,0.035,-1.168,-1.771,-0.154,-1.602,0.147,-0.829,1.022,-0.852,-1.194,0.221,-0.109,-0.967,2.631,3.921,1.436,-0.952,-1.04,-0.397,0.106,0.406,-2.231,0.124,-1.591,1.783,0.608,0.13,0.206,-1.237,-0.536,-0.084,0.22,-0.015,1.939,1.387,-1.017,1.013,-0.346,0.43,-0.606,0
-1.699,-0.874,1.087,1.327,-0.927,0.695,-1.166,0.929,0.381,-2.205,-2.139,2.859,0.852,-0.896,-0.539,1.74,-0.963,1.767,-0.924,-1.059,0.925,-0.335,-1.846,-0.371,1.296,-0.659,0.903,0.255,0.676,0.008,1.096,-0.499,0.597,1.672,0.557,-0.947,0.108,-0.406,-0.712,-0.412,-1.004,0.955,0.666,-0.823,-0.624,0.891,-0.099,0.418,1.199,-0.133,1
-2.278,1.264,1.17,0.165,-0.329,0.199,0.736,-1.233,-0.177,0.218,-1.056,1.478,-0.814,-0.009,1.36,0.536,-0.219,-0.854,-0.706,-0.332,1.637,-0.853,1.16,0.158,0.106,0.286,-0.741,0.399,0.27,0.111,1.033,0.284,0.222,-0.099,0.544,-0.858,-1.271,-1.11,-0.695,-0.551,-0.252,0.505,-0.647,-0.953,1.089,0.559,0.171,0.28,-0.326,0.237,1
0.459,0.49,-0.307,-0.274,-1.034,0.236,-0.787,-1.284,0.43,0.503,0.183,0.032,1.284,0.708,-0.05,1.816,0.033,-0.15,-0.638,0.302,-1.58,-1.73,-1.114,1.992,1.308,-1.224,0.102,-1.703,1.529,0.11,-0.195,-0.542,0.181,-0.309,1.019,0.512,1.311,0.535,0.491,-2.318,-0.034,-0.574,-1.655,1.11,-0.054,-0.352,0.172,0.669,-0.567,-1.038,0
0.426,1.294,-0.053,0.981,-1.659,-0.287,0.416,0.77,0.174,1.32,1.451,-0.217,-0.33,-0.818,0.413,0.719,0.215,0.294,0.832,-0.416,-0.912,-0.619,0.053,-0.829,-0.057,-0.283,-1.142,0.574,-0.184,0.235,-1.125,0.444,-0.117,-0.528,0.077,0.721,-0.398,-1.439,-0.263,0.074,0.981,-0.086,0.428,0.507,-0.91,-0.645,-0.169,0.038,1.564,2.358,0
0.769,0.249,0.562,-1.788,-1.004,-1.36,-0.794,-0.035,0.092,0.056,-0.909,1.33,-1.324,-0.199,-0.905,-0.607,-1.274,0.735,0.404,0.753,-1.312,0.759,-0.178,0.474,1.634,0.11,1.38,-0.117,-0.403,2.147,1.407,-0.219,-1.978,-0.075,0.407,0.207,0.523,1.165,0.696,-0.325,0.921,0.55,-1.494,-1.531,-0.65,0.764,2.146,0.577,-1.895,-0.59,0
-0.262,-0.298,0.56,-0.586,-0.373,0.534,-0.281,-0.326,-0.153,0.388,-0.17,0.799,0.053,0.385,0.342,-0.683,-0.392,-2.37,-0.506,0.118,-0.084,0.883,0.434,-0.414,-0.107,1.37,-0.678,-1.063,-1.69,-0.804,-0.503,-0.384,-0.119,-1.577,-0.454,-2.621,-2.003,0.18,-1.062,-0.546,-0.51,-1.801,-0.006,-0.746,1.503,-0.738,-0.731,0.112,-0.078,-0.605,0
-1.229,-1.0,0.701,-1.685,0.638,1.074,1.006,0.932,-0.596,0.157,1.069,-0.203,-0.175,0.588,1.455,0.95,0.666,0.886,0.438,-0.002,-0.187,-0.215,1.13,-0.692,-1.678,-0.054,0.378,0.7,0.697,-1.282,0.629,1.053,1.974,2.323,0.838,-0.454,-0.505,-0.413,0.565,-0.218,3.331,0.585,1.108,1.612,0.324,1.005,-0.88,0.388,0.486,0.183,1
0.217,0.449,-0.553,0.924,-0.248,0.466,0.647,0.401,1.546,0.275,0.72,-0.601,0.596,-1.173,-0.478,-1.456,-0.16,-0.432,0.182,0.149,-1.447,0.904,-1.141,0.754,1.781,0.555,-0.458,1.057,-1.239,-0.3,-0.613,0.568,-0.081,1.71,1.168,-1.482,-0.223,-0.2,-1.503,0.452,1.658,0.173,0.393,0.049,-0.766,-0.02,-0.272,-1.24,0.128,0.711,0
-0.84,-0.293,-0.046,0.129,-0.226,-0.189,1.667,0.492,-1.509,0.372,0.638,-1.294,-0.49,0.944,-0.452,-1.517,0.205,-0.889,1.58,-1.809,-0.208,-0.269,0.913,-2.253,-0.976,-0.504,-2.671,1.327,0.693,1.863,-1.21,-0.195,-0.395,0.826,0.566,1.074,-2.056,-0.521,-1.262,0.217,1.021,-0.941,-1.49,1.278,-1.108,-0.352,1.012,-0.363,1.798,1.868,0
-1.019,-0.327,-1.443,-1.529,-0.411,0.88,0.318,-0.83,-1.066,0.524,-0.085,-1.717,0.268,0.423,-0.683,-2.137,0.095,-0.716,0.102,-3.158,0.08,-0.276,-0.215,1.34,-1.486,0.184,1.197,0.827,1.439,1.968,-0.891,0.854,-0.697,0.409,0.697,0.716,-0.333,-1.044,-0.824,0.582,0.298,-0.145,0.716,-2.528,0.997,-0.422,-1.874,0.471,-0.9,0.503,0
0.18,-0.81,0.708,-2.147,-0.44,0.628,-1.981,0.25,-0.336,0.868,-0.41,-0.796,-1.002,-0.459,1.007,0.704,0.474,0.414,-0.024,-1.406,-1.003,0.744,0.531,1.914,-0.808,0.294,0.109,0.086,-0.263,1.457,1.215,0.199,0.305,1.679,-0.915,-2.212,0.788,-1.812,-0.133,2.315,-0.187,0.544,1.097,-1.301,-0.114,-0.865,0.687,0.686,-0.182,1.575,0
0.646,-0.758,0.83,0.868,-0.789,1.312,1.521,-0.612,0.588,-0.358,-0.211,-0.944,-1.54,-0.508,-0.714,0.021,0.431,1.009,0.72,0.199,0.044,-0.068,-0.661,0.28,-0.028,0.39,-0.572,-1.589,2.12,-1.079,1.925,-0.779,-0.649,-0.986,-0.734,0.697,0.174,-1.188,-0.644,1.313,2.299,-0.229,-2.349,-1.104,-0.575,-2.264,-1.561,0.532,1.304,-0.376,0
0.443,-0.059,1.678,-2.11,-0.922,0.77,-1.462,-0.427,-0.321,-0.121,-0.848,0.555,0.079,0.398,-2.985,0.862,0.983,-0.834,0.278,1.115,0.239,-1.398,-0.109,0.141,1.664,-1.251,-0.046,0.143,-0.423,0.639,-2.515,1.635,1.998,-0.622,-0.374,0.974,1.674,-0.78,-0.478,0.95,-0.023,0.729,-1.383,0.201,0.107,1.288,-1.6,0.808,-1.438,-1.12,1
-0.427,0.85,0.357,0.585,1.668,-0.443,-0.43,0.462,-1.387,0.594,0.327,-0.695,1.253,0.584,0.439,-1.187,0.443,-1.201,0.312,-0.274,-1.295,1.298,-1.29,0.729,2.012,-0.439,0.827,-0.684,-1.147,-1.119,-0.069,1.589,1.678,-0.014,-0.993,3.294,-1.211,-0.253,-1.139,0.112,0.047,-1.483,0.972,0.928,-1.148,-0.142,-0.643,-0.597,1.228,0.268,1
1.417,0.492,-0.414,0.908,0.58,2.769,1.685,0.654,-0.599,-1.548,0.594,1.447,-0.52,-0.11,-0.157,-0.407,0.819,0.751,0.186,-0.634,1.41,0.979,-1.242,-0.672,1.659,0.173,-0.202,-1.375,0.101,-0.032,0.222,0.23,-1.727,0.909,-0.468,-0.465,0.158,0.369,-0.927,-1.009,-0.407,0.39,0.586,0.506,0.753,-1.212,-1.564,-1.019,-0.216,1.754,0
-1.143,-0.266,0.838,-1.483,-1.632,0.481,0.827,1.683,-0.66,-1.303,2.592,1.03,1.06,-0.373,-0.779,0.952,0.352,-0.375,0.577,-0.714,0.684,-1.1,0.361,-0.017,0.061,1.185,-1.294,0.003,-1.466,-0.219,1.269,-0.815,0.161,0.514,0.276,-0.625,0.349,-1.628,-0.427,-1.341,-0.226,-0.903,-0.175,-1.338,-0.148,0.807,-0.498,1.138,0.396,1.267,1
0.138,-1.146,-0.333,0.254,-0.604,0.569,-0.429,-1.432,-0.157,0.307,-0.764,1.853,1.265,-1.657,0.281,1.438,-0.237,0.785,-0.13,-1.247,-1.06,0.736,-1.137,0.199,-0.078,0.663,0.933,-1.407,0.239,-0.131,1.517,0.449,0.347,-0.268,1.707,-0.379,-1.378,0.69,0.219,1.376,-0.4,-1.156,1.861,0.187,-1.03,1.383,1.186,1.538,-1.029,-0.08,0
1.981,-1.122,0.944,-0.217,1.668,0.435,-0.644,1.861,-0.201,1.537,0.021,-1.746,-0.072,-0.949,-0.636,-0.842,-0.312,0.081,0.512,-0.309,-0.123,0.19,-0.547,-0.349,0.288,-0.92,-1.142,2.243,0.26,0.4,0.269,-1.46,2.478,-0.793,1.19,0.599,0.667,0.293,1.44,0.089,0.105,-1.185,-1.348,-1.184,-0.223,1.123,0.519,-1.489,-0.383,-1.419,0
0.495,0.219,-1.116,0.435,-0.7,1.494,1.871,0.489,-1.989,-2.21,0.102,1.456,-0.079,-0.168,-0.395,-0.871,1.408,0.601,-0.639,-1.448,0.142,-1.192,-1.808,-0.205,0.426,-0.17,-1.304,-0.002,0.216,2.3,-0.935,-1.31,-0.156,1.099,0.527,1.024,-0.83,0.6,-1.159,0.658,0.886,-2.187,1.121,-0.671,-0.061,-0.277,0.96,0.532,-0.54,0.492,0
0.946,0.015,1.957,1.196,1.347,-1.732,-0.96,0.745,-0.796,-1.388,-0.019,-1.317,0.183,-2.74,1.132,-0.056,0.541,1.399,0.105,0.885,0.56,0.669,0.468,0.975,1.347,-0.365,-0.2,1.71,-1.93,-0.771,0.145,-0.892,2.43,1.861,0.093,-0.781,1.448,-0.969,0.404,-0.75,-0.514,0.553,-0.491,0.521,-1.309,0.067,-0.993,-0.08,0.782,-0.186,0
-0.69,-0.634,-1.149,0.239,0.447,-0.444,-0.699,0.14,-1.594,-0.084,-0.184,-1.344,1.765,-2.34,-2.49,-1.898,-0.528,-1.15,0.307,-2.127,-0.752,2.028,0.174,-1.123,-0.156,-0.129,0.934,-0.17,0.897,-1.245,0.981,0.495,0.195,-1.959,2.017,-0.108,-0.126,-0.562,-0.923,1.137,-0.743,1.387,-0.919,-1.013,0.798,0.096,1.216,-2.353,0.199,0.482,1
-0.219,0.498,-1.914,0.799,1.451,-0.554,-0.598,-0.626,-1.026,0.044,-0.223,-0.456,3.246,-0.666,1.048,-0.666,0.308,0.072,-0.795,1.342,-0.959,0.44,0.755,1.827,0.055,-0.796,-0.606,-0.048,-0.321,-2.04,-2.467,-1.131,0.447,-1.315,-0.136,-1.477,1.656,-0.395,-0.781,-0.234,-0.525,-0.442,0.221,0.49,0.729,1.327,-1.162,-0.342,0.484,2.189,1
2.044,0.194,-1.167,0.152,-0.345,0.851,0.773,0.243,-0.663,-1.583,1.118,0.675,-1.232,1.548,0.09,-1.775,0.115,0.529,1.574,-0.935,0.786,-0.914,-0.202,1.42,2.063,-0.564,0.095,1.523,-1.36,0.408,1.297,-2.488,0.137,0.647,-1.72,-0.767,0.248,0.269,-0.368,0.521,-0.655,0.397,-0.948,0.431,0.477,-1.071,-1.703,1.135,0.579,0.2,0
-0.078,-2.802,1.155,0.481,2.438,-0.936,-0.333,-1.688,0.294,0.437,-1.858,-0.099,1.025,-0.727,-0.633,-0.557,-0.0,1.06,-1.509,-1.107,0.761,0.612,0.129,0.087,-0.318,-1.215,-0.845,-1.22,-1.064,0.083,0.004,0.334,-0.94,-0.942,0.073,-3.19,-0.018,-0.401,0.982,1.321,-1.169,0.615,0.63,0.823,0.53,0.56,0.487,-0.249,-0.912,-0.117,0
0.468,0.79,0.661,-0.904,-1.249,0.265,0.437,-0.207,0.214,0.115,-0.882,0.225,0.84,-1.162,-1.493,1.025,0.381,-1.048,0.901,-0.359,-0.272,0.312,0.005,0.488,-0.86,1.243,-0.362,-0.644,1.513,-1.171,-0.542,1.701,0.3,-1.201,0.82,-0.443,-0.55,0.543,0.73,1.636,-0.48,-0.202,0.871,0.715,-0.965,0.523,-0.388,-0.015,0.113,-0.413,1
0.577,-0.465,0.53,1.07,0.099,0.239,0.606,1.289,0.982,-1.608,1.015,-1.685,0.883,0.22,0.856,-1.089,-0.24,-0.279,-0.055,0.97,0.008,-0.475,-0.174,-0.799,-0.784,0.845,-0.897,-0.357,-0.308,-0.104,0.392,1.545,0.428,0.456,1.311,-0.745,1.504,1.045,-0.236,1.122,-0.716,-1.895,0.039,-0.288,-1.647,-0.624,-1.471,-2.289,-0.365,-1.411,0
-1.028,0.831,1.882,1.153,-0.698,0.111,-1.199,0.336,-1.525,0.602,-1.004,-0.832,0.691,-1.176,-1.599,-1.026,-0.269,0.61,-0.741,0.066,1.064,-1.573,-1.46,1.102,0.462,-1.001,-1.058,-0.749,1.145,2.104,-1.343,0.42,-0.543,-0.297,-0.083,0.642,-0.474,-0.016,0.465,0.667,0.025,0.469,0.666,1.071,-0.34,-1.037,0.542,-1.284,0.564,-1.762,0
0.251,1.707,0.034,0.079,0.684,1.175,-1.608,1.856,0.434,0.49,-0.977,-1.305,-0.899,0.362,-1.068,0.279,1.184,2.229,-0.076,1.079,-1.322,1.284,0.165,-0.497,1.579,-1.314,1.123,0.286,-1.76,-1.686,0.502,1.37,1.192,1.408,1.186,0.281,0.524,-1.385,-1.147,-0.429,0.066,-1.056,0.73,-1.233,-1.883,-0.168,0.515,0.192,-0.719,-1.23,1
0.566,0.811,-0.459,-1.91,1.113,0.075,-0.078,-0.479,-0.772,1.026,2.404,-1.225,0.237,-0.267,0.089,-0.339,-0.525,-0.095,0.199,0.915,-0.221,-0.152,0.079,-0.917,-0.371,-2.212,-0.713,-0.172,-0.742,-0.94,-0.381,-1.804,-1.958,1.352,0.33,-0.047,0.192,0.86,1.137,0.791,1.572,0.822,-2.331,0.359,1.07,-1.53,-2.105,-0.615,1.203,0.733,0
0.519,2.005,-0.672,-1.281,0.368,-0.168,-0.618,1.708,-0.671,-0.63,-0.341,-0.421,-0.909,1.75,0.933,-0.501,0.727,0.236,0.263,0.14,-0.774,-0.301,-1.983,0.837,-0.216,-1.632,-0.114,-0.592,1.111,0.646,-0.123,-0.2,0.184,-1.233,-1.035,-1.778,0.659,1.404,1.155,0.27,0.682,1.043,-1.732,-0.557,1.316,0.885,0.102,0.85,-0.226,0.017,0
-1.493,0.264,-2.561,-2.377,-1.531,1.499,-0.549,-0.575,-0.456,0.346,1.306,-0.027,-0.9,-1.217,-0.768,0.439,0.21,-0.952,-0.46,1.835,-2.607,-0.75,0.583,0.682,0.073,-0.301,-0.523,0.38,-0.954,0.092,-1.392,-1.004,0.425,-0.074,-1.091,0.8,-1.447,-0.685,0.03,-1.389,0.143,0.842,0.972,0.15,-0.137,0.225,-0.422,1.873,-2.386,0.558,0
0.727,1.465,1.595,0.121,0.583,-0.814,-0.918,0.008,-0.83,-0.783,0.37,-0.22,0.434,0.039,-0.333,-1.568,1.236,-0.072,-0.023,-1.045,-0.832,0.352,0.975,0.087,-0.591,0.703,-0.51,0.751,-1.472,0.68,0.633,1.164,-1.068,0.54,0.222,0.712,-0.502,-1.778,-0.584,-0.098,0.26,-0.397,-1.06,-0.097,0.978,-1.155,3.413,0.839,0.436,0.999,1
-0.317,-0.943,-0.147,1.795,1.57,-1.159,-0.265,0.545,0.149,0.854,-0.386,1.04,0.412,0.322,0.793,0.097,0.026,1.241,-0.592,-0.661,0.199,-0.552,0.16,1.217,0.123,-0.771,-0.032,-1.005,-0.138,0.252,-1.596,0.088,-0.657,-0.851,-0.995,1.125,-1.025,-1.756,-1.369,-1.48,-0.77,-0.608,-1.751,0.375,0.363,-0.639,-1.321,0.335,-0.932,1.118,0
0.812,-0.042,1.596,0.197,-0.338,0.504,-0.013,0.568,0.481,0.632,0.323,-1.334,-1.787,-0.218,-0.559,-0.387,-0.103,-1.159,1.045,-0.893,-2.127,-0.509,1.181,-0.184,0.28,1.431,0.711,-0.073,-1.051,-0.029,-0.251,-1.758,0.82,-0.079,-0.574,0.37,0.733,0.534,0.172,-0.974,1.0,0.523,-0.328,-0.165,1.169,-1.535,1.612,0.38,-1.157,-0.372,0
1.379,-0.155,-0.057,-0.376,0.252,0.635,0.645,1.596,0.355,-0.407,0.07,0.294,-0.539,-1.045,0.475,-2.374,1.299,0.336,1.306,-1.312,2.044,-1.004,1.519,1.287,-0.886,-1.529,-0.219,-0.195,0.663,0.036,-0.704,-1.542,-1.215,-1.109,0.922,-0.176,-0.034,-1.16,-0.705,-0.015,-0.092,-0.009,-0.063,0.227,0.632,-0.653,0.228,-1.497,-1.166,2.029,0
-1.054,0.751,-2.312,0.612,-0.068,-0.211,-1.415,0.366,-1.669,0.434,0.175,0.279,0.678,1.109,-1.36,-0.172,-0.756,0.241,0.302,-0.06,-1.4,-0.546,0.999,0.831,-1.593,-1.792,0.807,-0.145,-0.247,-0.753,-0.805,0.33,-0.364,-0.194,0.262,-0.396,2.005,-0.687,-0.11,-0.011,0.224,0.501,-1.361,-1.047,-0.493,1.358,0.89,0.442,0.747,0.743,0
-1.079,-0.54,1.972,0.16,1.835,0.305,-0.799,0.838,-0.484,-1.819,1.728,-1.872,0.153,-0.312,-1.321,0.496,1.005,0.111,-0.765,-1.314,0.081,2.005,-1.304,-0.106,0.332,-0.465,-0.469,-1.099,0.825,-0.82,1.514,0.731,-0.394,1.375,0.213,-0.46,0.557,-0.04,0.036,-2.061,1.697,1.928,-1.008,-0.142,-0.488,-1.274,-0.111,-0.571,-0.31,-0.826,0
1.644,-0.788,-1.122,-0.146,2.05,-0.709,2.396,-0.163,-0.641,0.777,-1.117,1.318,0.772,0.613,-0.158,-0.039,0.423,1.319,0.304,0.612,0.519,-1.176,1.464,-0.058,0.204,1.457,-0.837,-1.2,0.692,-1.093,0.651,-0.313,-0.897,1.113,1.192,0.34,-2.29,0.603,-0.795,-0.064,0.511,0.265,0.449,0.367,-1.491,-0.657,-1.777,1.213,-2.381,-0.494,0
-1.581,-0.913,-0.439,0.544,2.664,-2.187,2.334,-0.373,0.314,-0.556,-0.45,0.236,0.271,0.936,0.244,1.102,-1.029,1.314,0.6,0.559,0.474,-0.307,-0.706,-1.649,-1.119,0.19,1.449,-0.421,1.153,0.519,1.986,-0.647,1.21,0.069,-0.925,0.13,-1.046,0.307,0.617,-0.176,-1.023,-2.184,-0.243,-1.197,1.808,-0.735,-1.452,3.457,1.504,0.227,1
0.425,0.96,-1.282,-0.002,-0.173,0.745,-0.881,-1.207,-1.604,-1.399,-0.282,-0.774,0.002,-1.528,0.167,0.952,-0.126,1.379,0.091,-1.167,-1.885,0.712,-0.603,1.028,0.122,-0.805,0.338,1.446,2.504,0.537,-1.448,-1.479,1.344,-0.115,0.349,-0.441,0.108,0.974,-0.002,-1.326,0.236,0.101,0.3,0.944,-0.428,-0.551,0.56,0.174,0.067,0.701,0
-0.08,-0.056,-2.715,-1.261,-1.195,-0.361,0.962,0.062,0.654,-0.972,2.59,-0.022,1.14,-1.224,0.602,-0.245,1.417,-0.474,-0.568,-0.526,0.322,-0.745,0.039,0.72,-1.369,0.7,0.211,-0.138,-0.557,0.768,-0.464,0.265,-1.166,0.573,2.16,0.305,-0.811,-0.227,-0.08,-0.201,0.101,-0.705,-0.229,-0.446,1.638,1.547,0.321,-0.033,-0.404,-0.731,0
-0.819,1.159,-1.016,-0.276,-0.036,2.664,0.431,2.865,1.097,-0.252,0.534,-0.781,-1.529,0.545,0.547,-0.223,0.903,1.12,0.196,-1.734,-0.136,1.942,0.936,1.0,-0.317,-0.028,0.754,-0.999,0.224,0.502,-1.231,0.709,0.511,0.541,-0.618,1.066,0.233,-0.592,-0.554,0.285,-0.102,-0.047,-1.846,-1.368,0.687,-1.961,-0.164,-0.863,0.18,0.924,0
0.125,0.388,-1.694,-1.129,1.458,-0.096,-0.837,-0.184,0.563,2.185,1.329,-0.935,-0.545,0.149,-1.209,1.834,0.971,-1.291,1.157,0.366,-0.301,0.76,0.949,-0.614,0.349,1.549,-0.071,1.452,-0.157,0.922,2.096,2.002,-0.571,1.077,-0.152,0.811,-1.577,-0.527,-0.392,0.808,0.589,-1.163,-0.479,1.418,-2.049,0.639,0.366,1.06,0.766,1.479,1
0.788,1.516,0.205,-0.398,1.063,-0.93,-1.413,-0.427,-0.081,0.505,-0.788,1.985,-0.885,0.798,-0.835,-1.398,0.389,-0.466,-0.394,-0.942,-0.787,-0.094,-1.253,0.505,0.508,-1.16,0.75,0.505,-0.749,-0.665,0.218,-1.022,0.72,-0.978,-1.134,0.539,0.944,-1.362,0.732,0.077,-0.202,0.052,-0.168,0.162,-1.6,0.607,0.705,-1.48,-0.414,-1.148,0
0.811,-2.686,-2.858,0.648,-0.374,0.342,0.452,-1.093,-1.788,-0.043,0.981,0.84,-1.077,0.722,0.268,0.193,-1.037,-1.459,0.413,-1.257,-0.062,-1.218,0.208,0.203,-0.073,-0.882,1.8,0.405,-0.53,-0.762,0.15,-0.034,-0.145,-0.082,0.277,-0.918,1.731,-0.042,0.857,-1.813,-0.562,-1.647,-0.128,-0.555,0.333,-1.979,-1.26,-2.453,-1.012,-1.517,0
-0.515,1.028,-0.269,0.798,0.194,0.746,0.161,0.927,0.292,-0.946,0.748,-1.61,1.206,0.145,-2.047,0.329,-0.811,0.001,-0.083,-0.651,-0.107,-0.344,-1.011,-0.775,0.336,0.026,0.565,-1.243,-0.314,1.31,-0.065,-0.665,0.439,-0.608,0.016,0.075,0.065,0.706,0.694,0.787,1.535,0.573,-0.617,0.773,0.686,-1.074,-1.531,0.724,-1.113,0.42,0
1.138,-0.913,-0.009,0.18,-2.527,0.592,0.403,-0.607,0.626,0.187,1.824,-0.151,0.177,-0.368,-0.349,0.769,0.417,-0.047,-1.893,0.29,0.116,-0.233,0.379,-0.171,-1.774,-0.324,-1.665,1.516,0.405,1.134,0.172,-1.019,0.92,-1.031,1.326,0.97,0.128,2.333,1.308,-0.516,0.584,-0.402,-0.752,-0.007,0.841,-0.002,-0.262,0.968,0.584,1.004,1
-0.795,-0.019,0.941,1.288,0.697,-0.525,0.164,0.859,2.785,0.896,0.487,0.598,-0.574,-1.713,0.643,-1.7,0.789,0.379,0.408,-1.094,0.793,-0.726,-0.346,0.337,-0.887,1.38,1.974,-1.23,-0.777,0.531,-0.655,-0.946,0.226,-0.015,-1.345,-1.402,0.048,0.075,1.807,-0.699,0.913,1.64,-1.03,2.233,0.872,0.57,0.208,-0.029,-1.423,0.176,1
-0.443,1.319,0.205,-0.156,0.442,-0.034,1.241,-0.794,0.48,0.611,0.18,-0.534,1.344,-1.135,0.242,-0.264,-1.493,-0.143,-2.286,0.407,0.358,-0.012,-1.152,-1.048,-0.426,0.466,-0.952,-0.65,-0.097,0.799,0.029,-1.652,-1.105,0.546,0.803,-0.573,1.069,-1.569,-0.683,-0.028,-0.459,-0.353,3.237,-1.854,0.058,-0.981,-0.832,-0.365,0.67,-0.952,0
0.603,-0.858,1.416,-1.044,0.595,-2.086,0.562,1.268,1.72,1.432,-0.088,0.45,-0.633,0.122,-0.351,-0.908,0.613,1.647,0.692,0.078,0.019,-1.782,-0.596,-0.225,-1.021,-0.072,-1.201,-0.496,-0.877,-1.592,0.887,-0.408,0.099,-0.715,0.989,0.114,-0.024,-0.049,0.384,-0.993,0.111,0.562,-2.676,1.935,0.852,2.239,1.644,1.325,1.256,0.963,1
0.083,0.982,1.937,1.048,-2.249,-1.024,-0.732,-0.001,-0.913,1.473,-1.255,-1.427,-0.518,-1.456,0.735,-1.154,-0.149,0.197,-0.219,0.567,1.999,2.53,-0.771,-0.487,0.33,0.772,-0.516,-0.338,0.624,1.632,-1.022,-0.806,0.638,-0.481,1.74,-1.186,-1.473,-0.912,0.761,-0.023,1.827,-2.208,1.115,-0.665,0.957,0.107,-0.305,1.306,0.926,0.983,1
0.616,-0.457,0.693,0.916,-0.255,-1.557,-0.029,1.78,-2.491,-0.59,-1.271,0.031,-0.683,-0.192,-0.168,-0.762,0.165,-0.462,-1.877,-0.063,1.272,-0.263,0.192,-0.822,-2.741,2.187,-1.007,0.041,0.135,1.335,0.697,0.172,0.186,-1.905,0.068,0.739,2.906,0.476,-1.846,-0.92,0.6,-1.147,0.228,-1.853,1.29,1.239,1.46,-0.064,0.359,0.657,1
0.504,0.259,-1.037,-0.944,0.465,-0.256,2.001,-0.83,-0.961,0.555,-0.813,1.039,0.719,0.713,1.065,0.515,0.256,1.984,0.53,-1.469,-0.093,-0.609,1.022,0.19,-0.681,-1.3,-1.056,-1.729,1.137,0.016,-0.255,-1.202,1.28,-0.608,0.8,1.049,0.923,-0.32,0.779,0.936,0.014,0.034,0.411,2.456,0.711,0.162,-0.63,-0.431,0.165,-0.294,1
1.161,0.182,-0.372,-0.082,1.562,-0.836,0.813,-0.529,2.173,0.784,1.295,-1.136,-0.103,1.071,0.417,-0.537,0.076,-0.37,0.687,0.058,-0.27,0.764,-0.579,0.694,0.076,-0.246,-0.417,-0.933,-0.266,-2.198,0.075,2.36,0.819,-0.513,-1.233,-0.02,0.793,-0.162,-0.497,-2.51,-0.912,-0.12,2.349,-1.365,0.142,2.153,0.31,0.189,0.247,-1.107,0
0.829,2.819,-1.245,-0.798,1.581,1.348,0.018,0.274,-0.945,0.674,-0.225,-0.025,1.803,1.342,1.898,1.947,0.295,1.545,-0.461,-1.817,-1.424,0.172,0.906,-0.205,-0.432,0.296,-0.873,0.888,1.375,0.128,0.447,-0.681,-0.066,0.198,0.421,-1.086,-1.471,-2.162,0.919,0.008,0.712,1.953,0.452,-0.603,-0.268,0.411,-1.32,-0.654,-0.443,-1.341,0
-0.208,-0.335,-1.199,-1.242,-0.626,1.835,-0.522,-0.379,-0.286,0.035,-0.118,-1.567,-0.521,-0.413,0.685,0.279,-0.516,-0.814,1.323,-0.036,-0.044,1.643,1.386,-0.929,-0.527,1.042,1.334,-0.389,0.226,2.274,1.221,0.955,0.102,0.122,0.47,-0.489,1.516,1.069,2.377,-0.157,-0.038,-0.832,-2.398,0.515,0.934,0.596,-1.371,-0.22,-0.735,-0.569,0
0.423,-0.688,1.18,0.446,-0.229,0.521,-1.79,0.69,-0.222,-0.013,0.7,-1.207,2.141,1.328,-0.798,0.245,0.229,0.507,-0.844,-1.854,-0.523,-0.076,1.082,0.649,-0.692,-0.716,0.0,-1.323,0.442,-2.593,0.125,-1.118,-0.053,1.223,1.149,1.187,0.749,-0.948,0.539,-0.123,1.316,1.139,-2.002,0.541,1.994,-0.916,0.144,0.176,1.331,-0.418,1
-0.479,0.468,-2.093,-1.152,0.425,0.807,-0.04,0.872,0.554,-1.274,0.583,0.36,1.739,0.088,0.016,-0.032,1.148,-0.299,0.552,-1.302,-0.424,-0.561,0.071,0.241,-1.654,0.541,-0.465,0.352,-0.445,-0.947,0.716,-1.556,1.495,0.115,-0.264,-0.771,-0.542,-1.483,-0.154,0.013,0.52,-1.148,-0.852,0.575,-1.526,1.4,-0.771,-0.549,0.059,-0.129,0
1.858,0.302,-1.653,0.046,-1.565,-0.535,1.444,-0.497,1.652,0.264,0.437,-0.917,-0.271,-0.486,0.422,-0.158,0.578,0.463,1.654,-2.055,1.131,-0.848,1.117,-0.63,1.76,-1.737,-0.182,0.722,-0.52,-1.804,-1.064,0.188,0.269,0.648,1.024,-0.224,-0.681,0.075,-0.766,-1.24,2.09,-0.291,-0.758,0.089,-0.65,-1.258,0.459,-1.409,0.158,-0.661,1
-0.402,-0.523,0.097,-1.158,-1.444,1.122,2.238,-1.874,-0.142,-0.798,-0.517,0.969,-1.053,0.765,-0.972,-0.559,0.174,-0.648,1.139,0.129,0.003,0.584,-0.036,-0.743,0.935,-1.271,-0.194,-0.707,-0.95,-1.116,-0.869,-0.11,-2.378,0.193,-0.15,-0.437,-0.51,0.977,-0.402,-1.27,0.836,-0.102,1.126,1.605,-1.021,0.593,-0.401,0.303,0.619,-0.254,1
0.802,-1.026,0.528,0.313,-0.838,-0.244,0.465,-0.4,-0.898,0.544,-0.798,1.491,-0.449,1.8,1.27,-0.421,-0.85,-0.74,0.205,1.055,1.298,0.161,-0.42,0.066,-1.772,-0.453,0.085,-1.759,1.267,-1.762,-0.639,-1.558,-0.12,0.151,1.125,-1.375,1.529,0.956,0.896,-1.295,-1.253,0.555,1.943,-0.175,0.538,0.522,1.339,0.4,-0.919,0.459,1
-1.61,0.591,-0.127,-0.474,-0.388,1.14,0.567,-0.51,0.681,0.095,0.337,-1.398,0.214,0.814,0.833,1.186,1.662,0.894,-1.202,1.308,-1.689,-0.095,0.404,1.396,0.524,-0.36,-0.424,-0.707,0.108,1.36,1.245,0.785,-0.762,-0.426,-0.772,0.168,-0.29,1.059,0.391,1.636,-0.029,0.408,0.069,-1.158,0.72,0.954,0.283,0.009,0.405,0.836,1
0.501,-0.531,0.476,0.097,-0.494,-1.818,-1.347,-1.987,-0.927,-0.779,-1.142,-0.231,-0.052,0.26,0.281,0.69,-0.027,0.186,1.03,0.21,0.366,1.578,0.239,-0.168,-0.172,-0.245,-0.721,-0.94,-1.894,0.133,-0.567,0.626,-0.439,0.859,-0.456,1.173,0.537,0.486,1.183,0.388,1.109,-1.68,0.012,-0.158,-0.494,0.982,-0.401,-1.703,-0.092,1.335,1
0.327,-0.129,0.728,1.541,-0.039,0.816,-0.306,-1.969,1.438,1.52,-0.647,-0.848,1.045,0.633,0.228,-0.873,2.269,0.145,0.634,0.348,0.433,0.163,1.385,0.62,-0.254,-0.53,0.729,-0.76,-0.886,0.21,0.111,0.475,-0.467,0.676,-0.599,1.886,-0.151,0.308,-1.114,-1.215,0.46,1.218,0.665,1.123,0.401,0.077,1.484,2.042,-0.053,-0.492,1
0.913,0.716,-0.926,-0.076,0.027,0.776,-0.872,0.882,2.359,-0.07,-1.163,0.202,0.88,-0.339,0.962,-0.36,0.82,-0.753,1.274,1.499,1.037,-0.724,-0.975,1.424,-1.618,1.886,-1.29,1.0,-0.626,0.071,1.257,1.527,0.878,-0.286,-0.766,-0.751,0.785,0.993,-0.121,-2.333,-1.706,-0.533,-0.208,-0.201,0.171,0.974,0.3,-0.433,-0.804,-0.285,0
0.544,-0.807,1.126,0.597,0.587,-0.268,0.287,-0.319,1.674,1.708,0.501,-0.467,0.178,-1.468,0.334,-1.213,-1.677,3.717,0.199,1.55,0.637,-1.891,0.164,0.966,1.462,-1.171,0.856,-1.373,1.546,1.812,2.199,1.735,1.111,0.235,0.47,-1.301,1.104,-0.599,0.035,-0.98,-1.39,1.025,-1.951,-1.811,-1.727,1.191,0.343,0.404,0.872,0.527,0
-0.845,0.667,0.921,-1.373,-0.847,0.643,1.216,-0.39,-0.601,1.311,-0.949,-1.89,1.237,-1.367,1.646,0.907,0.079,2.035,-2.331,2.384,0.328,0.442,1.036,0.331,0.981,0.64,0.496,1.193,0.207,-1.609,0.434,0.566,0.662,0.289,0.183,0.101,1.542,-0.396,1.006,-1.047,0.539,1.059,-0.615,0.802,0.306,0.572,0.142,0.402,-0.073,0.622,1
-0.886,-0.24,-0.871,0.307,-0.041,0.079,-0.666,-1.368,1.709,0.299,-1.143,2.667,-1.754,-0.764,-1.003,1.678,-1.841,-0.0,1.843,-1.183,0.346,0.02,-0.7,0.812,0.219,0.704,-2.104,-1.114,1.945,1.617,1.185,0.043,-0.593,0.144,0.819,0.691,-0.031,0.877,-1.162,-1.448,0.331,-0.382,-1.413,-0.868,0.403,1.338,-0.558,1.126,0.291,0.757,0
0.536,-0.067,-0.999,0.494,-0.492,0.277,1.628,-0.836,-0.397,0.171,1.186,-1.131,-0.29,0.278,-0.936,-0.98,-1.319,-0.633,1.248,0.055,1.426,-0.497,0.462,-1.471,1.832,0.272,1.683,0.371,0.486,0.015,0.346,1.186,0.323,0.126,0.561,0.993,-0.539,2.869,0.442,-0.324,-1.308,-1.68,-0.19,0.338,-0.242,1.058,1.207,0.041,-0.379,0.119,0
0.766,-0.409,0.571,0.054,0.606,-0.779,0.466,0.612,-0.604,-0.96,1.263,-0.581,0.168,-0.076,-0.753,1.18,-1.647,-0.078,-1.147,-0.266,-0.13,0.723,1.018,-0.108,-1.215,0.013,-0.751,-0.02,-0.396,0.404,-0.275,-0.759,0.856,-1.772,0.093,2.032,0.471,-1.584,0.172,-0.243,2.084,-0.096,-0.881,0.647,0.888,0.11,1.678,0.458,0.161,0.896,0
-0.337,-0.719,-0.877,0.366,-0.303,0.856,0.313,-1.142,1.676,-0.183,0.403,-0.918,1.439,-0.11,2.339,1.649,0.372,1.53,0.268,-0.961,-0.692,0.047,-0.307,-0.669,0.128,-0.49,0.424,0.076,-0.229,-0.315,-0.468,1.347,0.081,-0.325,-0.242,-0.238,1.308,1.404,0.851,-0.515,-0.301,0.488,-1.398,-1.927,-0.91,-0.216,1.336,1.49,0.299,0.567,1
-0.141,1.065,-0.385,0.379,-1.035,-1.199,0.153,-0.207,0.636,-0.356,-1.457,-3.001,1.239,1.382,-0.887,-1.443,0.372,-1.545,0.066,-2.097,-1.196,-0.716,1.072,0.663,-0.776,0.055,0.292,-0.658,1.989,0.591,-0.158,-0.549,0.471,-0.502,0.361,-1.332,1.474,0.291,-0.288,-0.515,0.143,0.115,0.193,-1.373,-2.392,-0.413,0.596,-1.631,-0.409,0.909,1
0.811,-2.518,0.879,-1.841,0.543,-0.718,-2.339,-0.336,0.643,0.607,1.024,0.58,0.91,1.26,-0.332,0.775,2.067,0.19,0.835,1.492,0.877,-0.42,-0.733,1.186,-0.128,0.201,-0.721,0.468,-0.425,1.131,-1.827,0.293,-0.263,0.265,-0.02,1.643,-0.876,1.141,-1.338,-1.736,0.239,0.638,0.706,0.094,0.772,-3.292,-0.819,0.395,-0.044,-0.356,0
-2.496,1.355,1.304,-0.191,-1.436,1.293,-0.668,-1.701,1.81,0.565,1.061,0.427,0.742,2.08,0.134,0.053,0.185,0.266,-1.61,0.23,1.389,-0.67,0.247,0.576,-0.745,0.059,0.176,0.599,-0.061,-0.947,-0.647,-0.099,0.748,0.662,-2.016,0.094,-0.388,0.423,-0.876,0.244,0.316,1.541,0.836,1.179,0.67,1.248,0.157,0.883,-1.609,0.841,0
-0.23,1.578,1.295,1.282,-0.577,0.237,-0.978,0.387,0.72,2.214,0.295,-1.839,0.461,-1.385,0.6,-0.135,1.788,0.055,-0.578,0.892,0.338,1.339,-0.226,2.003,0.085,1.038,0.586,0.232,0.488,0.71,-0.668,0.213,-0.76,0.609,0.492,0.687,0.785,-0.947,1.775,0.122,0.559,1.105,1.861,-1.426,0.034,-1.692,0.053,0.548,-0.646,0.317,0
-0.71,1.021,0.069,0.468,-0.708,-0.591,0.287,-0.457,-0.017,-2.333,0.368,0.11,-0.21,-0.846,-1.331,-1.412,1.062,0.617,0.495,-1.138,-0.774,-0.637,0.75,-0.508,-0.295,0.075,0.251,-1.29,0.272,0.211,-1.102,0.208,-0.573,0.11,0.018,2.613,-0.601,0.729,0.237,0.835,0.941,-0.899,0.386,-0.485,-1.73,-0.536,1.119,-0.657,0.595,0.237,0
-0.909,-0.843,-0.277,-1.27,0.709,-0.702,0.595,-0.366,-1.158,0.283,1.011,-1.003,-2.158,-0.577,0.102,-1.407,0.04,0.618,1.616,-0.157,0.694,-0.88,-0.363,1.94,-1.377,-2.184,1.475,-0.875,-0.269,0.332,1.607,0.412,-0.281,-0.161,-1.651,-1.185,-2.066,1.886,-1.148,-0.762,0.968,-0.666,-0.042,-1.005,-0.694,-0.3,0.464,1.585,-1.668,0.762,1
0.183,0.418,0.642,0.414,-2.007,-2.551,1.345,0.251,1.63,1.316,-0.139,0.954,0.341,-1.51,0.07,0.431,0.018,-0.265,-0.312,-1.653,0.928,-0.198,0.555,0.697,0.031,-0.358,0.066,-2.375,-2.131,-0.056,0.266,-3.227,-0.404,0.736,-0.722,2.044,1.411,0.044,0.073,1.037,-1.007,-0.7,1.404,0.175,0.594,-0.505,0.115,1.608,-1.522,0.357,0
-0.206,2.005,-0.816,-0.638,0.127,-0.693,0.768,0.502,1.682,-0.865,1.259,-0.171,0.221,-0.402,0.108,-0.584,2.301,0.243,0.315,0.108,-1.135,1.007,0.277,-1.603,2.067,-0.997,-0.123,2.093,0.487,0.816,-0.419,1.783,0.638,-0.462,-1.671,1.684,1.493,0.924,-0.747,0.691,-0.887,-1.019,3.156,-0.291,0.784,0.755,-0.061,0.539,0.275,-1.125,0
-0.102,1.019,-0.014,-0.76,-1.571,1.401,-0.653,2.054,-1.232,-0.289,-1.471,-0.114,0.017,-0.123,-0.403,-0.589,-0.929,0.548,-0.331,-0.46,-0.216,0.667,0.343,0.45,-1.029,0.945,0.567,1.062,-0.181,-0.321,-0.914,0.976,-2.487,-1.006,0.822,1.088,-0.628,-0.322,0.346,-0.131,0.457,1.368,-0.505,-1.691,0.544,-0.548,0.325,-0.291,-0.31,-0.41,0
0.78,-1.101,-1.372,0.193,0.459,-0.991,-1.534,-0.675,-0.663,0.181,0.805,-1.504,0.821,-0.247,0.224,-1.184,0.103,0.164,-0.397,0.139,0.763,1.03,1.391,1.496,-3.203,0.832,-0.145,-0.289,0.278,-0.914,0.473,1.922,0.37,0.839,0.126,-0.97,-0.172,0.602,0.694,-0.363,-2.127,1.09,-1.582,1.314,1.038,-0.035,0.631,-0.149,0.402,0.709,0
-0.635,-0.393,0.956,-0.831,-0.456,-0.374,1.101,0.316,1.066,0.316,0.068,0.424,-0.412,0.432,-2.045,1.759,0.183,1.561,1.176,0.027,0.83,0.372,0.113,-0.779,0.865,1.615,-0.851,-1.008,0.09,-0.373,0.541,-1.503,-0.558,-0.88,-0.924,1.075,0.012,-0.94,-1.289,-0.356,1.468,-0.471,-0.558,-1.444,0.412,0.689,0.046,0.729,1.118,1.062,0
-1.786,0.16,1.325,-0.117,-0.122,-0.392,-0.389,0.544,0.706,0.103,3.038,2.292,-2.373,1.773,-1.842,-0.324,-0.285,0.233,1.165,-0.577,-0.523,-0.519,0.937,-0.169,-0.121,2.09,0.146,0.051,1.552,2.031,-0.052,-0.051,0.687,-1.082,-1.373,-0.798,0.577,1.956,-0.362,1.238,-0.228,-2.436,1.003,1.252,0.251,-0.247,0.664,2.198,-0.987,-0.394,0
0.752,1.595,0.011,1.024,1.655,0.454,-1.774,1.142,1.252,-0.777,0.497,-0.661,2.018,-0.292,1.166,-0.731,-0.767,0.632,-0.301,-0.301,1.766,0.433,-1.277,1.125,-1.663,-0.326,0.318,0.81,1.178,0.282,-1.782,-1.83,-0.218,-0.157,0.547,-0.708,0.683,0.69,-0.424,0.328,0.181,-0.782,-0.665,0.103,-0.734,1.395,1.408,0.131,1.274,3.629,1
0.266,-1.704,0.103,-0.602,1.768,0.389,0.801,-0.001,-0.184,-0.881,-0.06,-1.088,-1.148,1.592,2.033,-0.287,-1.568,-0.587,1.422,0.936,0.637,0.848,-0.383,0.673,-0.217,-0.45,-1.893,-0.7,-0.313,0.563,-0.79,0.787,-0.345,-0.588,1.519,-0.019,-0.198,-0.067,-0.806,0.814,-0.386,1.068,0.223,0.517,0.397,0.146,1.764,1.916,-0.102,-0.983,1
1.037,0.277,0.327,0.852,-1.743,1.822,-0.042,1.571,-0.843,0.74,0.337,0.811,-0.666,0.291,1.426,0.807,-0.594,0.756,0.494,-0.29,0.167,-0.162,0.393,1.053,-0.124,0.463,-0.57,-0.834,1.358,0.615,2.732,2.785,1.299,0.412,-1.604,0.24,1.621,1.514,-0.543,0.086,-0.384,0.29,-0.576,0.663,1.613,0.11,1.398,1.717,0.586,-1.792,1
-0.979,-1.335,0.1,-0.319,0.139,0.472,-0.645,0.045,0.188,-1.316,1.251,0.238,1.463,0.553,0.355,0.459,-0.412,-2.137,-1.038,0.531,1.045,-0.977,-0.238,1.111,1.803,1.191,0.366,1.015,0.029,-1.065,-1.312,0.102,0.706,1.401,-0.093,-0.617,0.325,0.765,-0.776,0.43,-0.244,0.922,-1.479,-0.212,-0.024,-1.461,0.608,0.781,-0.433,1.133,0
0.087,-0.024,-1.29,0.904,-1.113,-0.88,1.247,1.147,-0.501,-0.357,0.812,0.459,1.646,2.011,0.428,1.255,-0.812,1.018,0.443,0.883,0.2,-0.883,-0.297,0.769,0.677,-0.01,2.375,-0.037,-1.144,-0.001,-0.026,-1.531,1.336,0.838,0.147,1.653,-0.351,-0.928,1.391,2.292,1.302,-0.554,-2.002,0.7,1.296,-0.9,0.267,0.975,0.54,0.459,0
1.273,-0.884,0.125,0.631,-0.26,2.053,-2.107,0.605,0.969,0.545,0.45,-0.881,0.225,-0.096,-1.147,0.553,-0.226,0.269,0.001,-0.598,0.541,0.45,-0.868,0.008,0.544,0.313,1.948,1.052,1.689,0.891,0.148,-0.097,-0.914,-1.078,-1.209,-0.996,1.143,-1.801,0.028,0.856,0.004,-0.329,2.437,-0.217,0.121,0.964,-1.541,0.584,0.835,-0.454,0
0.869,0.182,0.726,2.734,-0.598,0.333,-0.418,-0.632,0.268,-0.438,1.154,0.393,-1.457,0.083,-0.121,-0.546,-0.839,-0.792,-0.792,-1.258,-0.684,0.982,-0.898,-0.696,-0.331,0.838,-0.469,2.171,-0.226,1.001,0.262,-1.359,-0.293,1.473,-0.209,-1.056,0.298,0.689,-1.033,1.878,0.799,-1.54,1.272,-0.553,-0.12,2.211,0.076,1.503,0.274,-1.859,1
-0.996,-0.235,0.893,-1.164,0.086,0.78,0.77,-1.819,0.395,-0.14,-0.384,-0.967,-1.575,-0.386,0.362,-2.354,0.024,0.166,-2.46,-0.162,-0.169,-1.329,-0.019,-1.215,0.605,0.561,-0.526,0.352,0.453,0.189,0.178,-1.147,-0.04,1.07,-0.513,0.206,1.743,1.149,-0.089,0.47,-0.673,-1.885,-0.887,-0.201,0.185,-1.379,0.179,0.14,-0.076,1.38,0
2.119,-0.57,-1.195,0.456,0.64,1.007,-0.6,0.552,1.655,0.04,-0.385,-0.302,0.985,1.533,0.651,0.245,-0.007,0.363,0.145,1.62,1.609,1.974,-0.408,0.818,0.135,-1.29,-0.339,-0.967,0.267,-1.094,0.191,-1.147,0.432,1.679,-1.529,0.044,-0.628,-0.288,0.629,-1.05,-0.282,-2.403,-0.015,1.029,0.158,0.13,0.984,0.16,0.75,0.298,0
-0.691,-1.459,0.964,2.0,-0.349,-0.753,0.238,-0.893,0.287,1.853,1.086,0.622,-0.44,-0.559,-2.674,2.098,0.859,-0.343,-1.158,0.639,0.471,1.208,0.068,0.839,0.121,-0.634,1.09,-1.671,-0.712,0.015,-0.399,0.326,-0.227,-0.578,0.44,0.138,1.977,0.893,-2.954,0.03,0.067,-0.766,-0.887,-1.191,1.072,-0.061,1.575,-0.207,-1.059,-0.486,1
0.876,0.712,1.176,0.89,0.59,-0.036,0.956,0.74,-0.232,-0.276,-0.001,0.286,0.171,-0.804,0.883,-0.181,-1.76,1.241,2.164,0.076,1.166,0.882,0.026,-1.745,-1.601,1.447,-0.537,-0.175,1.308,0.357,0.579,-1.446,0.824,0.266,-0.214,-0.372,0.673,0.375,0.405,0.837,-0.133,1.565,0.266,0.039,0.236,-0.768,-1.652,0.247,-0.908,0.542,1
-0.24,1.123,-0.673,-0.53,0.136,-0.317,-0.303,-0.204,0.962,-0.34,0.29,0.479,-0.666,-1.444,0.078,1.171,0.007,-0.086,0.708,-0.827,1.353,-1.437,0.953,-1.147,-1.735,0.057,-0.45,1.419,-0.964,1.15,-0.081,-2.655,-0.074,0.748,0.757,1.15,0.928,-1.359,1.67,-1.26,1.786,0.978,-0.931,-0.854,-0.347,0.784,0.579,0.344,-0.162,-0.967,0
-0.621,-0.351,1.143,0.02,0.387,-0.504,-0.43,-0.023,0.026,0.958,0.42,-0.16,1.071,-0.039,0.709,-0.536,-0.183,-0.68,-0.365,2.255,0.974,-0.534,-0.351,-1.148,-0.794,0.499,-0.087,-0.56,0.027,-0.046,0.329,3.0,-1.115,-0.422,1.209,2.54,0.588,-0.321,-0.626,-0.138,0.659,-1.021,-1.435,0.302,-1.313,-0.632,0.616,-0.293,-0.919,-0.992,0
2.124,-2.07,-0.052,-0.829,1.789,-0.321,-2.34,-0.764,-0.407,0.58,0.937,-2.644,-0.174,-2.022,0.015,-1.426,0.246,1.55,-1.361,-0.198,-0.728,1.494,-0.717,-0.503,-0.957,1.476,-0.656,-1.77,-0.715,-0.833,0.007,-0.623,-1.66,-0.848,0.55,-0.997,2.108,-0.246,0.421,2.044,-1.829,0.95,0.038,-0.642,0.313,0.583,-1.05,0.152,0.742,-0.333,0
-1.157,-0.123,-0.267,-0.491,1.759,-1.429,-0.361,1.35,1.039,-0.672,0.04,-0.15,-0.37,-0.785,1.818,-0.36,-0.128,-0.889,-0.742,1.449,-1.123,2.63,-0.369,0.655,-1.296,-1.552,-1.931,0.495,1.425,0.861,1.866,0.506,-1.07,-1.379,0.314,-0.156,-0.886,0.86,-1.228,-0.972,-1.363,0.594,0.035,0.297,-1.302,0.531,0.578,-1.108,0.523,-0.037,0
-2.018,0.362,-0.291,-0.115,-0.564,-0.097,0.771,-0.219,0.541,-0.907,1.822,-0.427,1.245,1.728,0.071,-0.539,-0.067,0.403,0.38,0.929,0.814,0.433,-0.283,0.285,-0.29,0.55,1.803,1.349,0.906,0.841,0.313,0.093,-1.251,-0.176,0.011,-0.903,0.505,-0.892,-0.933,1.144,-0.135,-0.148,-1.387,0.047,0.141,0.358,-1.585,0.763,0.854,-0.089,0
1.353,-1.725,0.634,3.104,-0.454,0.949,-0.501,0.478,1.623,-1.32,-0.97,2.783,0.687,-0.472,-0.501,-0.882,-1.37,0.805,1.627,0.722,0.557,-0.129,-0.258,-0.862,-1.251,-0.064,0.595,2.068,1.164,0.393,0.27,-0.374,-1.396,-1.785,-1.216,-0.151,0.196,0.182,0.363,-0.825,-2.032,-0.231,0.282,0.745,0.473,-0.844,0.503,-0.675,-1.776,0.221,0
-1.549,1.06,-1.726,-1.079,0.654,0.481,0.112,0.419,-0.24,-0.814,0.419,1.462,1.745,0.024,-1.02,0.884,1.495,-0.676,0.994,-2.0,1.528,0.216,-1.188,1.318,-0.437,-0.362,0.496,-0.296,1.439,0.518,-0.14,1.833,-0.328,0.23,0.373,0.862,-1.576,0.207,-0.288,-0.323,0.787,0.458,-0.186,-1.075,0.185,1.679,-0.761,0.225,-2.476,1.629,0
-0.304,1.831,1.825,0.027,0.596,0.758,0.074,-0.289,-0.292,-2.165,-0.945,0.562,1.042,0.849,-0.34,-0.447,1.857,-0.302,0.85,-1.432,0.807,-1.017,-1.447,1.658,0.431,-0.083,0.954,-0.58,2.287,-0.262,-1.203,-1.468,-2.455,-0.074,-0.299,0.144,0.367,1.291,-0.393,-0.266,0.063,1.86,-0.392,-0.486,1.161,0.076,-1.571,1.564,-0.111,1.56,0
-0.201,-0.886,-1.408,-0.884,0.38,0.414,0.787,0.654,1.401,0.652,-0.279,0.474,-1.426,-0.137,-1.538,-0.4,-0.454,-1.137,-0.053,0.197,-0.181,-0.527,1.452,0.649,0.486,-0.286,-0.758,0.195,-0.806,-1.012,1.515,1.183,1.84,-1.358,-1.108,-0.105,0.474,1.256,-0.163,0.904,-0.092,1.393,0.415,0.011,0.002,-1.459,-1.857,-0.115,1.134,-0.503,0
-1.616,-1.604,0.527,1.265,0.274,-0.836,-0.084,0.774,0.483,0.167,0.115,1.172,-0.492,0.43,-0.662,1.782,-1.012,1.703,0.886,-1.103,0.895,-0.896,-0.146,-0.134,-0.605,0.114,0.738,0.076,0.553,0.671,0.459,0.712,0.898,0.181,0.475,-0.344,0.545,0.939,0.966,1.68,-0.362,0.391,0.389,0.255,-0.118,0.553,-0.597,0.246,0.366,1.642,1
-0.522,0.892,-0.464,1.024,1.255,2.608,-0.096,-0.14,-1.594,-0.715,-0.353,0.467,0.034,0.835,-0.732,-0.979,-0.113,-0.881,-0.484,1.479,-0.009,-0.285,-1.858,1.557,1.612,1.267,0.227,-0.467,0.124,2.227,0.948,-0.009,-0.215,-0.993,0.228,1.115,0.676,0.956,-1.359,-0.686,-2.256,1.306,-1.581,0.397,0.207,-0.275,1.066,-0.241,-1.524,-0.616,0
0.802,-0.078,-1.22,-0.168,0.166,-0.824,0.345,1.045,-0.097,-1.119,-0.624,-1.496,1.885,0.463,0.731,-0.853,0.034,0.286,0.983,0.403,-1.143,-0.711,0.237,-0.124,1.673,-2.022,1.826,0.772,1.44,-0.33,-0.945,-0.517,-0.492,0.582,-0.875,1.16,-1.416,0.543,-0.417,-0.815,-0.022,0.586,-1.515,1.765,-0.067,1.808,-1.809,0.224,-0.428,0.27,0
-0.367,1.402,0.768,0.679,-0.31,-0.476,0.678,-0.046,-3.034,-1.103,-0.463,-0.448,-0.6,0.035,-0.294,0.404,1.582,0.209,-0.254,0.682,1.616,-2.633,0.329,0.161,-0.109,0.343,0.436,-0.996,0.938,-0.099,1.324,-0.027,-0.485,0.255,-1.726,-1.534,-0.057,-1.4,-1.067,-0.734,-0.126,0.747,0.984,-0.794,0.143,-0.098,0.124,1.495,0.145,1.849,1
-1.024,-1.124,0.312,-1.694,1.361,-1.447,0.622,-2.008,-0.363,-0.284,0.307,0.828,0.309,0.8,-0.145,0.103,-0.875,0.557,0.82,-0.854,1.742,0.067,0.928,1.058,-1.01,0.161,-0.328,-1.74,1.697,0.047,-0.089,-0.344,0.804,-0.263,-0.693,-0.396,1.716,-1.212,-0.223,1.203,1.485,-0.875,0.339,0.12,2.033,-0.01,-1.924,-0.262,-1.811,-0.898,1
1.22,0.935,1.327,0.492,1.86,-0.119,-0.772,-0.573,0.133,2.302,-0.018,-0.429,0.95,-1.437,-0.038,-0.757,0.656,0.739,-1.338,-0.043,-0.147,0.067,-1.325,1.157,0.435,-0.382,0.517,0.223,-0.429,0.036,-1.847,0.838,2.262,0.691,-0.153,0.876,-1.108,1.486,1.212,1.141,0.0,-1.505,0.468,0.9,-1.1,-0.396,0.134,-0.46,-0.805,-2.036,0
1.765,0.434,0.183,1.396,0.695,0.638,-0.099,1.192,-2.925,-0.177,0.495,0.102,-1.38,-0.476,0.206,1.077,-0.436,-0.494,0.825,-0.402,1.056,-0.671,-0.025,-0.236,0.362,1.213,0.769,1.108,-0.419,-0.143,-0.89,-2.238,-1.385,-0.882,-1.544,-0.617,-0.499,0.584,0.257,1.684,-1.511,-0.799,-1.367,-0.558,-0.516,0.525,0.582,-0.645,0.709,0.525,0
-0.73,0.486,-0.137,1.218,-0.867,-1.545,0.644,1.189,-1.124,0.657,0.193,0.865,0.705,1.182,0.064,1.26,-1.641,-0.026,-1.283,0.389,-1.124,-1.558,0.424,1.449,-1.259,0.171,-0.234,1.043,0.723,0.169,-2.718,-0.091,0.055,1.347,0.811,0.731,0.33,-2.008,0.753,-2.085,-0.169,0.747,0.049,-0.215,2.558,-0.428,-0.847,-0.424,-0.618,-0.608,1
-1.08,-0.647,-0.925,-0.262,-0.178,0.161,-2.1,-0.563,0.08,-1.491,0.473,0.234,0.04,1.431,0.304,0.423,0.705,0.796,-0.504,-0.117,0.544,0.481,0.253,0.995,1.089,-1.146,0.439,1.601,0.04,-1.306,0.275,2.24,-0.977,1.762,-1.1,0.762,-1.381,-0.221,1.54,2.262,0.748,-2.541,-0.67,0.633,-0.644,-0.443,2.125,0.437,2.373,-0.622,0
-3.059,0.823,1.129,1.006,-0.697,-1.125,-0.827,-1.171,-0.609,-0.096,0.992,0.247,-0.647,1.059,-2.886,-1.764,0.477,-0.737,0.781,0.713,0.282,-1.455,0.073,1.212,0.651,0.301,1.979,-0.34,-0.843,0.715,1.204,1.38,-0.198,0.015,0.641,1.319,0.161,0.414,-0.507,-1.223,0.866,0.238,1.126,0.38,-2.319,-0.793,-0.689,2.041,-1.334,1.74,1
-0.372,1.683,-0.516,0.775,-1.758,-0.058,-0.916,1.565,1.177,-0.699,0.09,-0.155,-0.234,0.412,0.588,-0.316,-0.06,1.965,-0.293,1.239,0.953,-0.016,1.632,-0.045,-1.018,0.989,0.211,-0.179,1.373,0.026,-0.352,-0.158,-2.505,0.028,0.349,0.381,1.108,-0.947,0.056,-0.143,1.187,0.327,-0.17,0.508,-0.491,-2.602,-1.471,1.079,-0.281,0.031,0
-0.028,-0.328,1.387,1.956,-1.158,-2.182,0.016,-0.838,0.452,0.172,-0.879,-0.538,-1.687,2.575,-0.56,-0.746,-0.584,0.644,-1.727,0.611,0.245,-1.304,0.29,0.807,0.278,0.92,-0.439,0.972,-0.934,0.556,0.468,0.831,-1.887,1.668,0.845,1.166,1.264,1.633,-1.19,-0.881,0.279,1.131,-0.969,-1.266,0.061,0.177,0.981,-0.576,1.276,-1.371,1
0.093,-0.111,-1.338,1.032,-0.157,-0.532,0.688,1.819,-0.669,-0.874,0.558,1.483,-1.719,-0.798,0.912,0.617,-0.511,0.484,0.919,1.199,-0.192,-1.1,0.203,1.958,-0.363,-0.969,1.059,-0.474,-0.947,0.354,1.1,-0.933,-1.239,-2.825,-0.939,0.22,1.004,0.309,-1.749,-1.359,-1.218,1.144,-1.213,1.115,0.239,0.2,0.026,-2.192,-1.17,-0.017,0
-1.538,0.089,1.11,-0.02,-1.187,1.197,-0.23,-0.542,-0.718,1.583,-0.088,-0.586,1.198,-0.203,0.507,0.742,0.274,-0.337,0.773,-0.633,0.593,0.442,-1.596,-0.399,0.386,-1.777,0.352,-0.159,1.612,-0.547,-1.319,1.237,0.172,-0.003,0.556,1.091,0.37,-1.343,-1.449,0.43,-0.736,0.514,0.985,-0.979,0.148,0.76,-0.199,-0.467,1.455,-0.005,0
0.987,-0.302,1.513,-0.288,0.085,0.911,0.403,0.196,0.299,-0.923,1.489,1.158,-0.535,0.185,0.776,-0.471,1.344,-1.855,1.086,-0.532,0.231,0.844,0.867,0.744,0.55,0.898,1.415,1.467,0.658,-0.389,-0.737,0.978,-1.92,0.927,-1.974,-0.139,-1.416,0.907,-0.239,-0.649,-0.273,-0.323,0.559,2.024,-0.123,0.463,0.455,-0.325,-0.126,-1.135,1
0.581,-0.061,0.97,0.01,-0.029,0.03,-1.289,0.96,0.32,0.606,-0.036,-0.813,-1.249,1.011,-0.873,-1.835,0.214,0.265,-0.257,0.615,1.187,-0.632,-0.559,-0.238,0.748,0.043,-0.497,1.235,-0.795,0.623,-1.574,-0.776,-0.226,-0.001,0.647,-1.966,-0.246,-0.764,-0.605,2.103,-0.669,0.621,-1.121,-0.859,1.016,-0.194,0.231,0.044,-0.346,-0.365,0
0.945,-0.864,-1.168,-0.585,-0.914,0.031,-2.41,-0.428,0.117,1.884,0.808,-1.69,-0.779,-1.007,0.971,0.714,-0.848,-1.066,0.029,-0.257,-0.576,-0.435,-0.352,-0.195,-1.193,0.364,0.644,-0.259,1.421,-0.084,1.439,-0.489,-1.091,1.136,-0.233,-0.635,0.878,1.014,0.481,-0.038,0.626,-0.172,-0.872,0.197,-1.456,0.778,-0.31,-0.21,1.953,-1.018,0
-1.074,0.624,0.474,-0.234,-1.068,0.69,0.958,0.298,1.331,0.346,-0.868,0.147,0.417,-0.815,-0.453,-0.788,0.666,-0.038,0.853,0.238,-0.548,0.636,-1.175,0.442,0.41,-1.583,0.306,0.317,-0.562,-1.199,-0.499,0.313,-1.253,-0.924,-0.8,-0.066,1.18,1.184,1.078,0.109,-0.832,0.41,0.767,-0.766,-0.698,-1.078,1.407,0.288,0.556,0.068,1
-1.574,-0.825,-2.251,0.146,0.146,2.982,1.003,-0.666,-0.729,-0.122,-0.315,1.136,-0.762,-0.111,-1.43,0.197,-1.686,-0.367,-1.071,1.186,-2.135,-0.108,-0.124,0.157,1.009,-0.986,-0.067,-0.751,1.06,0.325,1.29,-0.8,-0.69,1.452,1.573,0.183,-1.481,-0.253,1.365,0.227,-1.033,2.337,0.222,1.081,-1.149,0.385,1.271,0.531,-1.073,-0.11,0
-0.221,0.027,-0.408,0.83,-0.75,-1.03,-1.469,-0.945,-0.872,0.23,-0.755,-0.127,-1.898,-0.726,-1.002,-0.422,-1.098,0.907,0.724,0.457,-0.453,-0.81,1.296,0.244,1.264,-0.196,-0.339,-0.413,-0.754,0.163,-0.837,-0.501,-1.0,0.428,-1.302,-0.585,0.311,-1.002,0.106,-0.454,-0.069,-0.339,1.154,2.728,0.537,-0.182,-0.674,0.32,0.94,0.939,0
-1.043,0.532,0.651,0.76,-0.014,0.618,-0.405,-0.884,1.141,-0.446,-0.428,0.037,-1.238,0.878,-1.565,0.694,0.172,-0.814,0.579,0.545,-0.241,-1.738,-0.026,-0.331,-1.317,-0.508,-1.722,-1.356,-0.681,0.206,-2.831,0.625,1.299,-0.64,0.229,0.68,-0.907,0.659,-0.218,0.122,0.247,-0.421,-0.666,0.792,0.303,1.244,-0.601,-0.783,0.736,-0.138,0
0.224,0.636,-0.625,-1.582,-0.797,-0.141,-0.378,-1.378,0.16,-0.516,0.379,0.506,-0.677,-0.388,-1.162,1.703,-0.936,0.085,0.843,-0.018,1.497,0.277,-0.328,1.779,0.731,0.442,-1.041,0.299,1.357,0.682,0.49,-0.693,0.161,0.478,-0.665,0.635,-0.173,0.314,0.451,-1.655,1.08,-0.128,0.448,0.305,-0.743,-0.713,0.458,0.341,0.617,-0.78,0
0.808,-0.54,-0.547,1.032,-1.581,-1.517,1.218,0.048,1.112,1.307,0.87,-1.794,-0.108,-0.643,-1.556,0.578,-0.699,-0.943,0.683,-1.141,0.243,-0.285,-0.868,1.361,0.083,-0.106,1.165,0.455,-0.443,-0.242,0.641,1.633,-1.742,-0.198,0.658,-1.183,0.537,0.512,1.098,1.17,-0.724,0.681,-1.606,0.26,-0.054,-0.888,1.47,0.665,-1.131,-0.116,1
-0.32,-0.185,0.767,0.11,0.177,0.076,-0.738,0.968,-0.403,0.51,0.632,-0.86,-1.187,-0.267,-0.516,-0.088,0.603,-0.883,-0.038,-0.752,-2.017,-0.69,-0.601,-0.805,-0.712,-0.827,-0.146,-0.018,1.132,-2.551,-0.294,-1.034,0.709,2.749,1.117,-0.259,-0.796,-1.762,-0.519,1.737,1.028,-0.983,-0.252,-0.547,-0.409,-0.428,-0.574,0.348,0.575,1.31,0
-0.252,0.41,-0.289,-0.113,0.516,-0.337,0.661,1.23,0.055,-0.898,0.763,1.138,1.553,0.314,-1.518,-0.986,-0.032,1.003,1.307,0.096,-1.797,-0.336,-1.219,0.082,0.175,-0.404,-1.168,-0.647,0.73,-2.354,-1.928,-0.77,-0.973,0.5,-0.003,-1.371,-0.072,-2.623,1.034,-1.753,-1.413,-0.318,1.496,-0.721,-1.005,-0.195,0.314,-0.296,0.437,0.018,1
1.447,1.029,0.489,-0.301,-2.588,0.475,1.456,0.043,1.344,0.017,0.884,0.193,0.134,-0.291,0.025,-1.067,0.7,0.522,0.08,-0.824,1.091,0.546,-0.668,-0.342,-0.11,0.607,-0.654,-1.016,0.533,-0.47,-0.211,-0.827,-0.584,-1.4,1.551,-1.294,1.794,0.338,-0.313,-1.194,0.185,0.03,0.842,-0.409,-2.975,0.521,-1.151,-0.018,0.724,-0.162,0
-0.266,0.823,-0.46,-1.005,1.048,1.359,-0.347,-0.773,-1.546,0.121,0.274,-0.081,0.862,-1.411,-0.746,-0.134,-0.001,-0.423,0.234,0.91,0.885,-0.493,0.916,-0.594,0.049,1.164,-0.272,0.387,0.077,-0.919,1.647,-0.729,-1.756,-0.041,0.91,-0.796,0.071,-1.2,-1.668,-0.027,1.368,-0.365,0.142,0.084,0.8,1.983,-0.587,-1.663,0.929,1.588,0
-1.106,0.879,0.356,1.138,-1.124,0.03,0.864,-0.023,0.475,1.394,-1.491,-1.365,0.023,-0.26,-0.544,1.012,0.335,-1.53,0.704,-0.95,1.787,1.547,-0.697,1.333,1.516,-1.076,0.793,-0.896,-0.531,-0.764,-0.311,-0.387,0.48,0.918,0.382,-1.3,0.698,-1.871,0.463,-1.107,-1.017,0.99,-1.176,0.33,-0.572,-2.591,0.38,0.416,-1.077,0.577,1
1.152,-1.68,1.342,-1.105,-0.431,1.509,0.634,0.651,1.108,0.87,0.538,0.754,-1.26,0.772,-1.748,-0.324,1.575,-0.516,-0.446,-0.739,0.479,1.453,-1.5,0.539,-1.002,0.317,-1.246,-1.964,-0.268,0.272,-0.144,1.836,0.799,-1.697,-1.554,-0.785,2.011,0.424,2.391,-0.669,1.056,1.105,-1.395,1.665,0.704,0.569,1.85,1.3,0.812,1.471,0
-1.533,-0.087,-0.504,0.7,1.322,-0.143,-1.061,-0.07,-1.021,1.043,-0.889,1.769,2.323,1.386,0.685,-0.087,-0.564,-0.544,-1.099,-1.568,-0.886,-1.387,-0.594,2.671,-1.122,-0.667,0.868,1.928,-0.332,-0.056,0.238,-0.119,0.157,0.23,0.022,-0.085,-0.504,1.126,-1.783,-0.448,0.302,-0.936,0.442,-1.17,-0.985,-0.734,1.16,-1.427,-1.171,0.439,0
0.704,-0.401,1.149,1.738,-0.56,0.582,-0.119,-0.609,-0.665,-0.075,-0.509,0.855,-0.707,-0.405,-1.438,0.725,-0.154,-0.718,0.321,1.098,-0.745,-0.955,-1.4,1.403,-1.022,-1.117,-1.225,-1.459,1.191,-0.783,1.113,0.55,-1.062,-0.69,0.353,-1.358,-1.371,0.105,0.537,-0.162,0.694,0.121,0.162,0.358,0.781,0.417,1.088,1.323,-0.085,0.379,1
-1.605,1.47,-1.26,-0.635,-0.856,-0.076,0.13,-0.975,1.008,-0.253,2.04,0.6,-0.334,-0.13,0.274,0.474,-1.077,0.298,0.436,0.775,2.572,0.192,0.81,-1.052,0.849,-0.033,0.573,1.414,0.097,0.1,-0.952,-0.857,-1.508,-0.166,-0.89,1.505,0.682,1.398,-0.003,-1.194,0.967,-0.299,-0.515,-0.088,-1.158,-0.227,-1.27,-0.657,-0.26,-1.231,1
0.957,1.242,0.717,0.489,2.494,0.888,-0.399,-0.361,-0.641,0.544,1.525,0.623,-1.274,-0.18,1.421,-0.146,-1.277,0.67,-0.579,-1.069,-2.479,-1.292,0.433,-1.528,-1.299,0.467,-0.324,1.279,0.599,0.598,-1.908,0.452,-0.478,2.316,-1.163,0.339,0.279,-0.098,1.245,2.083,1.518,-0.642,-1.146,-1.207,-0.712,0.369,-0.336,0.322,0.211,1.235,1
1.772,0.661,-1.049,-1.545,0.781,1.127,0.101,0.231,0.101,0.138,-0.117,0.364,-0.408,-1.068,-0.103,-0.388,2.695,0.549,-1.913,-1.53,-0.929,-0.936,-0.977,1.138,0.448,-0.645,-0.031,-0.661,0.296,-1.135,0.378,1.473,-0.616,-0.399,0.633,-0.306,1.297,2.147,0.724,0.985,-1.279,-1.208,-1.83,1.709,0.023,-1.692,1.238,1.186,0.649,0.669,0
-1.094,0.602,0.525,0.081,1.123,-1.362,0.641,1.16,-0.376,-0.876,-0.058,-1.443,0.138,0.937,0.12,0.247,-0.661,-0.813,1.347,1.434,-0.164,-0.356,0.502,0.326,-0.25,1.269,-1.107,0.654,-0.885,-0.862,-1.451,-0.527,1.451,-0.877,-1.241,1.086,0.271,0.377,-0.651,0.724,-1.543,-1.12,2.001,2.026,-0.393,0.627,0.485,-0.557,0.03,-0.226,0
0.308,-0.023,-0.042,-0.911,-0.896,-0.508,0.334,2.485,-0.29,0.519,0.183,-0.173,1.257,1.479,0.331,-0.529,-0.627,0.156,-0.814,-0.2,-1.137,1.134,-1.126,1.136,0.433,0.814,1.325,0.665,-0.254,1.409,1.319,-0.729,-1.133,-1.113,-0.868,-0.063,0.449,-1.016,-1.257,1.527,0.936,0.09,-0.02,-0.707,0.975,-2.883,-1.529,-1.677,1.081,0.567,0
0.804,-0.556,-0.907,0.264,-0.945,0.801,1.287,0.785,-0.488,-0.851,-0.394,-0.798,1.527,-0.061,1.132,-0.394,-0.79,-0.057,0.965,1.854,0.149,0.015,-1.41,-0.569,0.918,1.137,-1.284,0.78,1.819,-1.626,-0.946,-0.78,0.762,-0.86,1.071,1.496,0.135,-0.924,1.298,0.367,0.744,-1.293,0.389,1.512,-1.646,-1.111,0.533,-0.039,0.524,-0.459,0
-0.149,1.156,0.246,-0.504,-1.221,-0.688,0.531,0.553,-0.312,1.161,0.267,1.166,1.411,-0.855,-0.63,0.767,-0.386,0.235,1.859,-0.067,0.284,-0.205,0.401,-0.865,-1.797,-0.266,1.495,0.441,0.494,0.444,2.632,0.404,0.075,1.098,-0.176,0.46,1.281,-0.919,1.304,-0.542,1.802,1.348,-1.028,-0.117,-1.366,-0.515,-0.076,1.172,0.996,1.789,1
-0.942,-0.877,0.491,1.642,0.579,0.788,-0.32,1.562,-1.019,-1.0,0.052,-2.036,0.057,-1.305,-0.005,-0.013,-0.546,-0.235,-0.371,-0.953,0.941,1.294,-1.22,0.068,-0.078,0.44,0.284,1.874,-1.338,0.975,0.744,1.65,-0.583,1.009,0.393,-0.574,-0.601,-0.242,2.174,-2.411,0.619,-0.33,1.147,-0.327,-0.536,0.93,-1.812,-0.193,0.663,-0.118,1
-1.233,0.321,-2.679,-0.607,-0.621,1.402,-0.511,1.19,0.325,2.178,-0.305,1.552,-3.0,1.303,0.43,0.715,0.559,-0.397,0.8,-1.513,-0.3,0.373,0.702,0.146,0.694,-0.568,0.917,0.423,-0.147,2.764,-1.62,1.11,1.715,0.021,1.779,0.69,-0.133,0.182,1.395,-0.593,0.23,0.249,2.091,-0.337,0.014,-0.04,-0.978,-1.299,-1.057,-0.811,0
0.735,1.037,0.271,0.192,2.559,-1.478,-0.751,-0.301,1.14,0.734,0.039,-1.087,-0.618,-1.057,0.293,1.256,-0.002,0.649,2.604,1.043,-1.023,0.209,-1.368,1.413,0.086,-1.488,-0.315,-1.184,1.579,0.189,-0.551,0.086,0.509,0.525,1.495,-0.211,-0.422,-0.717,-0.335,-0.225,-1.337,-2.783,0.851,2.05,2.122,-1.112,0.603,-0.278,-1.343,0.452,1
0.683,2.195,-1.345,0.726,0.843,-0.16,0.975,0.431,0.268,-0.523,0.803,-1.102,1.326,-1.307,-0.71,-0.74,0.388,0.467,-1.03,0.58,-0.35,0.274,0.128,1.568,-0.198,2.19,-0.288,-0.02,-0.626,0.549,2.943,0.277,-1.11,-0.138,-0.162,0.843,-0.126,0.369,0.25,0.749,0.304,-0.065,0.455,0.401,-1.016,0.882,-0.594,-0.879,-0.755,0.721,1
0.702,0.219,-2.456,2.551,-1.637,-1.538,0.288,0.379,0.933,-0.991,0.254,-0.909,-0.486,1.811,-1.274,1.375,0.02,-0.191,-0.463,1.101,-0.977,1.366,0.261,-0.662,-0.949,-0.791,0.403,-0.07,1.857,-0.312,-1.102,-1.182,0.233,0.772,-0.127,-2.435,-1.234,2.424,-0.206,0.229,-0.103,-0.939,1.667,0.226,0.447,0.039,-0.796,0.304,-0.772,0.294,1
-0.36,-0.825,-0.55,0.074,-0.782,-0.043,0.255,-0.33,0.393,1.008,-2.486,-0.637,-1.876,-1.617,0.91,1.055,-1.431,1.065,-0.164,0.433,0.478,0.338,1.347,0.678,-1.521,-0.073,-0.098,0.616,0.954,-1.728,0.211,-0.819,-0.52,0.178,-0.291,0.58,-0.244,0.434,0.466,0.738,1.067,0.36,-0.742,0.723,0.634,-2.635,1.027,-0.693,-0.327,-0.091,0
1.272,-0.804,1.734,2.267,-0.238,0.861,-0.257,-2.833,2.625,-1.508,1.444,0.058,0.128,0.1,0.787,0.222,0.525,0.464,0.467,-1.01,-0.11,-0.13,-0.792,0.412,-0.364,1.495,-0.55,1.555,0.059,0.847,-0.694,-0.196,-0.344,1.033,0.53,0.037,-1.842,-1.032,-0.765,0.287,-0.534,-0.237,-0.512,1.074,0.384,0.72,0.259,-0.689,-1.635,0.697,1
0.021,0.018,0.95,-1.046,-0.688,0.051,-0.274,-0.721,-1.493,-0.434,0.292,1.122,0.665,0.689,-1.479,-0.615,1.491,-0.134,2.159,0.083,0.169,0.354,0.112,-0.032,0.821,-1.207,-0.042,0.166,-0.565,1.155,0.754,-0.556,0.379,0.458,2.164,-0.371,-1.363,-0.66,1.25,-0.12,-0.208,-1.226,-0.349,0.387,-0.876,0.136,-1.407,1.467,-0.188,-1.191,0
0.496,-0.2,-1.76,-0.004,-0.547,1.486,1.262,-2.0,-0.128,-0.168,0.644,-1.267,-0.858,-1.334,0.691,1.687,-0.221,0.57,1.248,-1.077,-0.663,-0.264,-0.693,0.717,1.46,-1.313,0.318,0.671,-0.017,-0.076,1.611,-1.488,-0.288,1.838,-0.195,0.952,0.306,-1.684,0.782,-0.325,0.653,0.614,-2.001,-0.336,1.359,1.341,0.08,-1.031,-0.659,-1.583,0
-0.647,1.85,0.156,0.994,-0.085,-0.022,-0.436,1.228,3.149,-0.687,0.004,0.259,-1.119,1.185,0.729,-0.965,-1.169,0.106,0.472,0.975,-1.346,-1.301,1.577,-0.852,-1.578,-0.497,0.657,0.562,-0.523,3.023,0.154,-1.828,-0.723,0.961,-1.066,-0.845,2.195,0.867,0.368,-0.068,0.653,-0.598,0.667,-0.15,-0.412,-0.994,-0.061,0.503,-0.11,-1.8,1
0.743,-0.227,-0.401,-0.533,-0.916,-1.951,-0.754,0.66,0.68,-0.898,-0.655,-0.959,-1.279,-0.551,-0.13,0.332,-1.442,-1.107,-1.843,-2.196,1.1,-0.253,-0.541,-1.447,-0.609,-0.108,2.25,0.946,1.084,-0.575,-0.775,1.285,-0.083,-1.19,-0.388,-0.393,-0.9,1.838,0.284,0.496,-1.213,0.88,0.837,1.909,-1.211,-0.097,0.787,0.464,-0.853,-0.156,1
1.64,-0.751,0.165,0.004,0.612,-0.106,-1.003,2.181,0.479,0.702,-0.989,0.854,-1.467,0.19,0.364,-1.242,-0.092,-1.019,0.212,-0.559,0.964,0.38,1.047,-0.567,0.703,-0.731,-0.772,-1.295,0.309,-0.977,-1.229,1.653,-0.646,-1.377,0.92,-0.094,-1.33,1.732,0.634,-0.848,-1.092,0.002,-1.023,0.649,-0.421,0.205,-0.766,-1.298,-1.013,-1.0,0
-0.258,1.365,0.087,-0.38,-0.123,-0.591,0.3,-0.402,1.639,-0.637,-0.482,-0.541,1.004,0.633,2.785,-2.061,-1.213,-0.673,-1.38,0.703,-1.337,-0.806,-1.425,-0.322,1.017,-1.322,-0.657,0.655,0.258,-1.668,-1.599,-0.552,-0.949,0.174,-0.172,0.242,-1.828,-0.223,0.37,1.404,0.338,2.009,0.132,0.4,-0.157,-0.774,-0.121,-1.088,-0.151,-1.373,0
0.385,-0.24,-0.817,-0.168,0.007,0.726,-0.648,-0.669,0.474,-0.666,0.387,-0.513,1.221,-0.986,-0.426,-1.393,-0.178,-2.395,-0.252,-0.981,-0.996,0.067,0.271,-0.156,0.083,1.596,1.432,0.519,0.302,0.772,-1.032,0.12,-0.777,0.105,1.16,0.215,-1.059,-0.16,0.697,0.166,-0.87,-0.298,-0.06,-0.491,0.16,0.304,0.96,-1.377,-0.816,0.389,0
0.154,-1.616,1.534,-1.137,0.05,-0.044,-1.919,0.574,0.823,1.196,0.23,0.23,-1.043,0.484,2.358,0.035,-1.154,0.784,-0.761,0.977,0.732,1.858,0.512,-2.187,-1.247,0.179,2.563,-0.272,2.036,0.448,-0.946,-0.898,-0.007,-0.706,-1.544,-0.164,-0.594,0.005,-0.65,-0.192,1.418,0.072,1.371,-0.06,-0.196,1.962,0.179,0.266,-0.057,1.452,1
-0.116,-0.406,-0.788,0.768,0.282,-0.039,-0.651,-1.449,1.8,1.069,-1.985,-1.539,0.65,0.247,0.413,1.801,0.687,-0.212,1.28,-0.481,0.599,-0.601,-0.132,-2.102,0.599,1.079,1.014,1.904,-1.515,-1.696,0.485,2.161,0.58,-0.361,0.673,-0.264,-0.79,0.622,0.255,-0.549,-1.371,-1.205,0.09,-0.526,-0.208,-0.324,1.486,1.397,0.759,2.661,0
-0.099,-0.954,0.658,-0.532,0.095,-0.541,-1.139,0.53,-1.75,0.698,0.336,0.748,0.684,-0.36,-0.168,-0.247,-1.382,1.532,-1.409,-0.564,-0.005,-0.185,0.747,1.465,0.315,-1.117,0.198,-2.604,-1.575,-1.334,-0.328,1.138,2.2,-0.603,-1.741,1.177,0.29,0.067,2.104,1.018,-0.385,0.493,0.063,-1.033,-0.462,-1.259,-1.788,0.155,1.08,-0.249,0
-1.013,-1.365,0.117,-0.784,0.579,-0.415,-1.375,1.842,-0.128,-0.268,-0.871,0.523,-0.884,-0.213,-1.351,0.103,-0.358,0.369,-1.042,1.646,0.802,-1.035,-1.233,-0.36,-0.251,-0.396,-0.984,-1.042,-1.089,0.573,-0.915,-0.39,-1.076,-0.623,-0.959,-0.659,0.598,-0.916,0.419,0.509,1.757,-0.729,-1.055,-0.84,1.294,-0.705,1.128,-0.095,-0.024,0.307,0
0.016,1.911,2.413,-1.188,-0.042,-0.793,0.45,0.552,-1.324,1.256,-1.745,0.824,1.17,-1.149,-0.207,0.964,0.911,2.127,2.049,0.927,0.759,-0.032,0.092,-0.441,1.922,0.47,-0.227,0.995,-1.826,-1.089,0.459,-0.234,-0.101,1.099,-0.882,-2.243,0.549,2.159,-0.155,0.215,1.071,-0.602,1.394,-0.387,-0.809,-1.803,-1.286,0.214,0.459,1.165,1
-1.272,1.752,0.599,0.879,1.934,-1.109,-0.321,0.342,0.347,-0.669,-1.892,-0.243,-0.057,0.461,-0.166,-1.4,-0.026,-0.051,-0.22,-0.646,-0.323,-0.482,1.434,-0.881,0.542,0.347,-0.139,2.059,0.696,0.899,1.538,-0.357,-0.022,2.221,-2.022,-0.379,-1.058,1.521,0.225,-1.013,-0.446,1.465,-1.593,-0.72,-0.599,0.491,1.436,-0.655,0.794,0.243,0
-1.433,-1.737,0.601,-1.726,-0.109,0.483,0.486,-0.069,-1.83,0.314,1.525,0.797,-0.009,-0.76,-1.94,-1.059,1.174,-0.328,-1.05,0.452,-1.47,0.931,-1.134,-1.27,-1.095,0.683,-0.043,-2.288,1.5,0.679,-0.083,-0.893,-1.997,-0.22,1.292,-0.08,-1.87,0.466,0.399,-1.263,2.055,0.622,-0.234,-0.963,1.56,-0.783,-1.589,0.144,0.503,-0.712,0
-0.553,1.276,1.346,0.901,0.232,0.976,-0.372,-0.658,-0.001,0.776,-0.248,-1.428,-0.283,1.725,-1.05,0.987,1.156,1.531,0.699,-0.231,-1.036,-0.607,-0.705,0.25,-0.8,-0.773,0.574,-0.401,1.163,0.04,-1.096,-1.108,-0.363,-0.169,-1.666,-0.655,0.938,-1.155,-0.668,0.318,1.136,0.167,0.391,0.411,0.9,-0.158,-1.509,-0.196,-0.203,0.086,0
-1.276,2.951,-0.01,-0.344,-1.175,0.841,-0.693,-0.051,0.245,-0.999,-0.708,-0.584,1.555,-1.494,-0.467,0.182,-0.547,-0.581,-1.155,-1.187,0.545,2.589,-0.96,0.274,-0.017,-0.579,-1.174,2.552,1.222,-0.492,0.996,-0.412,-0.822,-1.281,-0.238,-0.212,1.162,0.821,0.676,-1.344,-0.293,1.389,-0.219,1.824,-1.238,0.973,0.799,-0.154,1.109,2.822,0
0.51,-1.435,1.612,0.305,0.987,0.816,-3.184,0.232,-1.056,-0.929,0.967,0.75,0.35,1.006,-0.182,-0.401,-0.949,2.731,-0.878,-1.945,-1.072,-1.5,-0.78,2.103,1.596,-0.179,0.096,-0.838,-0.047,0.526,0.828,0.21,1.068,0.724,0.19,-0.004,-1.184,1.153,2.316,0.877,-0.116,-2.332,-1.441,0.352,-0.153,1.351,-0.451,1.605,-0.838,1.044,0
-0.832,-0.024,0.137,-1.907,-0.826,-0.224,1.844,0.235,0.327,1.555,1.284,-1.713,-0.066,0.138,0.313,0.017,0.508,-0.768,0.563,-1.058,0.093,0.013,0.579,1.346,3.267,0.838,0.394,-0.796,0.142,-1.105,-0.22,-0.061,-0.388,-1.22,-0.107,1.834,-1.069,-1.026,1.108,-0.829,0.892,1.304,-1.782,-0.282,1.006,0.692,0.856,-1.388,-0.695,-0.236,1
0.433,-0.426,0.97,-1.878,1.589,0.34,0.389,0.435,-0.573,0.258,0.697,-0.955,0.411,-1.219,-1.352,0.932,-0.517,-0.147,-0.034,-0.865,0.001,-0.573,0.397,1.367,2.663,-0.502,-1.139,-0.724,-0.224,0.779,0.621,-2.109,1.392,-1.613,-0.578,1.183,1.597,1.362,-0.433,1.24,0.827,0.533,0.146,-0.765,0.673,-0.352,-2.325,-0.927,-0.962,-0.256,1
0.81,0.024,-0.265,0.457,1.081,-0.069,0.424,-0.561,0.634,-0.761,0.223,0.545,-0.946,-0.804,0.538,0.395,1.124,-0.606,-0.056,0.631,0.162,0.157,1.023,0.163,-0.76,1.384,1.34,-0.466,1.125,-0.074,1.493,0.248,-2.206,-0.808,1.147,-0.156,0.67,-0.697,0.201,-1.53,-2.029,0.295,-0.596,-0.689,-2.594,0.475,0.619,-1.233,1.264,-1.399,0
-0.392,0.787,0.961,-1.395,-0.02,-1.323,2.371,-0.334,-0.195,-1.074,1.474,0.542,-0.798,-0.159,-0.75,0.34,-0.302,0.387,-0.543,-0.268,-2.445,1.361,-1.165,-0.454,-1.381,-0.62,-0.76,-0.438,-1.424,0.895,-0.35,-0.241,-0.144,1.568,1.479,1.002,0.732,-0.278,1.218,-0.387,0.587,-0.288,0.47,-1.339,1.637,-1.076,-0.883,-0.491,1.554,-1.612,0
-0.257,-0.746,0.326,0.217,-0.531,1.29,-0.678,0.966,-1.866,-0.118,-1.708,-0.551,0.021,0.352,-2.277,-1.046,-0.079,-0.526,-0.86,0.615,0.643,0.099,-1.377,-0.338,1.577,-0.17,-1.206,0.897,-0.126,1.936,-0.657,0.154,-0.344,1.27,0.296,1.02,-0.854,-0.053,2.216,-1.136,-1.713,1.383,0.033,0.544,0.575,-1.045,1.346,-0.269,0.937,-0.467,0
1.699,-1.976,-0.211,0.823,-0.864,0.694,-1.985,0.689,-0.718,1.521,1.548,0.69,0.467,-2.256,1.205,-1.882,-1.656,-1.189,0.53,-0.5,-1.701,0.595,0.062,-0.575,-0.751,0.205,0.86,0.163,-1.184,-0.681,0.25,1.416,-0.631,-1.842,0.453,0.094,-1.865,-2.289,-1.966,0.012,-1.739,1.434,-0.038,1.509,-0.42,0.705,-0.088,-0.758,1.101,-1.008,0
-1.508,0.819,-0.097,0.123,0.088,0.984,-0.067,-0.419,1.201,2.481,0.7,0.374,-2.201,-0.139,-0.36,-1.909,-0.016,0.761,1.548,-0.449,-0.22,-0.818,-0.675,-0.933,-0.317,0.024,0.55,0.591,-0.771,0.644,-0.138,-1.028,-0.024,0.039,-0.458,-0.073,-1.919,1.104,0.515,1.504,-1.194,-0.308,-0.199,-0.58,0.472,0.837,-0.249,0.529,1.634,-0.043,1
-0.559,0.807,-0.355,0.38,-0.793,-0.276,-0.067,1.125,-0.254,0.559,-0.956,1.945,1.111,0.622,-1.444,-1.451,1.36,0.215,-2.257,-1.783,-1.005,0.72,-0.286,0.634,0.38,1.179,0.843,0.785,1.935,0.048,1.85,-0.441,-0.527,0.171,0.274,0.842,1.064,0.851,-0.371,0.741,-0.747,1.721,0.025,-0.027,-0.536,-0.207,0.381,-0.824,-1.118,-0.462,0
-0.231,-0.469,1.152,-0.307,0.559,0.176,0.316,0.846,-0.041,-0.332,-0.453,-0.14,-1.259,2.277,0.64,0.791,0.582,-0.805,-1.084,0.04,0.732,0.216,0.978,-2.0,-0.437,-1.565,0.48,2.305,0.017,0.058,0.009,0.551,-1.059,-0.174,0.074,0.642,-1.315,0.102,1.241,-0.668,0.358,-1.093,0.474,0.029,-1.171,-0.934,0.178,1.483,3.254,0.173,0
0.417,-0.618,-0.604,-0.624,0.442,0.131,1.092,0.364,0.841,-1.47,-0.644,0.119,0.31,0.224,1.733,-1.426,0.311,1.026,1.579,1.377,0.902,-0.398,0.254,2.469,0.229,-2.17,-1.308,-1.283,-0.689,-0.222,-0.985,1.608,-0.762,0.98,0.318,0.397,0.547,-0.15,0.6,1.885,-0.618,0.037,-0.332,0.117,1.028,0.017,1.569,-0.832,0.137,0.809,0
1.761,1.411,1.287,-0.406,-0.479,1.936,-0.842,0.5,-1.186,0.366,-0.491,0.307,0.486,0.103,0.89,-2.0,0.724,1.933,1.004,1.246,-0.36,-2.337,2.159,0.131,0.801,0.53,-0.993,1.59,0.406,0.203,-1.569,-0.764,-0.046,-0.308,0.656,-0.834,-1.545,-0.035,2.551,0.606,-0.073,0.234,-0.143,-1.152,0.182,0.099,0.851,-0.466,2.625,-1.852,1
0.064,0.402,-0.183,-0.311,0.895,-1.709,1.796,-0.566,-1.078,-0.367,-0.241,-2.101,-0.135,0.168,0.017,-0.605,-0.258,0.025,-0.272,-0.527,0.694,-1.131,0.441,0.344,0.868,-0.821,-0.348,-0.226,0.273,0.026,-0.517,-0.417,-1.075,-0.39,-1.309,-0.614,0.832,1.318,-0.115,0.269,-0.213,0.261,-0.032,0.81,-0.696,0.294,1.027,1.324,1.235,0.907,0
-1.182,0.432,0.469,1.61,0.607,0.043,-0.095,-1.712,1.05,1.092,0.306,-1.6,0.2,0.266,-0.349,-0.072,0.643,-0.316,0.248,-1.44,-1.406,-2.405,-0.103,-0.178,-0.268,1.049,0.727,-0.352,0.666,-0.667,-0.228,0.119,0.603,-0.552,-1.316,-0.594,-0.172,2.66,0.398,0.8,0.126,1.17,-0.916,-0.866,-1.028,-1.191,0.196,-0.055,0.776,-0.996,1
-0.375,-0.158,-1.675,0.205,0.088,0.846,0.727,-0.114,-0.194,0.131,-0.003,0.099,1.391,-0.048,0.469,0.366,1.232,-0.273,0.171,-0.266,-0.923,0.548,1.529,-1.816,-0.065,0.182,0.725,-0.964,-1.39,0.707,-2.491,-0.767,2.123,-0.357,0.165,-0.271,0.527,0.732,0.736,0.258,-0.019,0.066,-1.619,-0.419,-1.222,-1.612,-0.568,-1.772,0.462,1.16,0
0.204,0.4,0.346,0.923,-0.257,0.286,0.131,1.436,-0.026,1.361,0.676,-0.05,0.294,0.346,0.82,-0.762,0.483,0.345,0.299,-0.331,-1.411,1.609,-1.235,0.666,-1.038,-0.126,-0.308,-0.307,1.62,0.45,0.499,-2.283,-0.148,0.694,-0.892,0.586,-0.852,0.398,-2.32,0.629,-1.548,1.488,1.924,-1.852,0.491,-0.543,-2.609,-0.805,1.784,0.16,0
-0.448,1.466,-1.659,-1.762,1.353,0.464,-1.347,-0.539,-0.204,1.257,0.912,-0.612,-0.954,0.548,-0.447,0.205,1.03,-0.236,0.375,-0.342,1.729,0.638,0.335,0.061,0.095,-1.002,-0.387,-0.73,-1.272,0.496,-0.718,0.441,-0.249,0.176,-0.608,-0.822,0.513,0.127,-0.159,-1.382,1.637,0.091,-0.136,-0.097,-0.456,0.456,1.723,-3.02,1.178,1.563,1
1.404,0.542,0.367,-0.714,1.546,-1.481,-0.063,-0.851,1.987,0.251,-0.59,-1.566,-0.105,2.087,0.308,0.192,0.845,1.359,0.481,0.27,1.08,0.388,-1.897,-1.154,-1.176,-0.236,0.066,0.743,0.181,1.455,-0.845,1.437,0.02,1.066,-0.091,-0.438,-0.146,-1.488,1.235,2.403,0.19,0.968,0.282,3.466,0.556,0.109,-0.124,-1.217,-0.312,-0.367,1
-1.716,-0.371,-0.355,-1.463,-0.108,-0.299,-1.466,-1.62,1.832,0.431,-1.005,-1.546,0.341,0.721,-0.405,0.349,0.637,0.053,0.329,0.112,-0.294,-0.978,0.076,-0.793,1.072,0.138,-0.029,0.746,0.86,0.811,-0.044,0.851,-2.931,1.633,-0.219,0.766,0.315,-1.447,-0.887,-0.894,0.345,0.429,-0.623,-0.579,-0.006,-0.043,0.46,1.196,-0.101,0.742,1
2.45,0.399,-0.574,-0.761,0.574,-0.391,0.44,1.069,-1.135,-1.107,0.154,0.389,0.716,-1.53,-0.527,-0.096,1.422,0.984,2.524,-0.791,0.673,-1.225,-0.443,-0.906,-1.864,0.228,-0.334,0.379,-0.061,-2.033,0.649,0.308,0.475,-1.242,0.68,-1.188,0.285,-0.19,-0.124,0.033,0.93,0.537,-0.025,-0.636,1.141,-1.179,-0.633,0.648,-0.517,0.982,1
-1.043,1.54,-0.535,0.843,-0.013,1.24,0.808,0.3,0.059,0.388,-0.141,0.134,-0.27,-2.942,0.917,-0.544,-0.361,-0.363,0.4,0.764,0.834,0.061,-1.225,-2.16,1.673,0.817,0.052,0.546,0.798,0.119,-0.084,-0.719,-0.662,-0.839,-0.192,-1.179,-0.497,0.972,-0.666,-1.069,0.959,-0.856,-0.552,-0.456,0.272,0.13,-0.515,0.242,0.186,-0.694,0
-0.392,-0.334,1.016,-0.122,0.412,0.497,-0.139,0.321,0.014,-0.362,0.575,-0.77,0.029,0.706,0.63,0.512,1.068,0.232,0.516,-1.215,-0.497,0.445,-0.071,-0.085,-0.464,-0.491,0.271,-1.204,-1.959,-0.457,1.065,0.547,-1.126,-0.639,1.733,-0.453,-0.241,-0.317,-0.106,-1.649,0.327,1.038,-0.079,1.175,-0.412,-0.598,-0.548,-0.214,1.952,-1.141,0
-0.691,1.464,2.09,0.053,-0.555,-2.643,1.762,-0.251,1.996,-1.327,-0.541,0.504,0.601,2.321,0.971,0.101,-0.005,-0.484,-0.247,1.581,0.884,1.807,0.32,0.144,0.095,1.098,-0.921,-0.39,0.62,-0.635,2.012,-0.904,-0.179,0.379,1.896,-1.036,-0.372,1.523,-0.533,1.39,-0.02,2.039,0.328,0.547,-2.152,2.313,-0.809,1.106,1.222,0.756,0
-0.852,-0.075,0.407,0.083,-1.619,-1.333,1.831,-1.037,0.446,0.5,-2.276,1.166,0.545,-0.38,-1.103,-1.422,1.268,0.647,0.696,1.124,0.906,0.406,0.794,0.866,-2.019,1.23,0.073,1.232,-1.019,0.724,0.525,-0.08,-0.91,0.746,-0.48,-0.031,0.846,-0.664,-0.231,1.699,0.225,0.96,-1.057,1.71,-0.039,0.52,-0.162,-1.591,-3.065,0.023,0
0.185,1.43,2.141,-1.751,-1.246,-0.799,0.364,0.87,-0.176,-0.341,-0.129,0.502,2.074,-1.365,1.613,1.919,0.133,0.493,-0.818,-0.116,1.258,-0.333,-0.58,-0.705,-0.056,0.495,-0.816,-0.278,-0.611,-1.401,-1.543,0.511,-0.274,-1.466,-1.059,1.057,0.586,0.484,0.66,-0.408,0.019,0.358,-1.011,-0.02,-1.234,-1.011,-1.209,2.123,-0.089,1.847,1
-2.088,-0.194,-0.124,-0.197,-0.335,1.598,-1.324,-0.763,-0.109,-0.778,-1.21,0.359,2.076,1.473,-0.408,-1.253,0.253,-0.52,0.345,0.42,0.669,-0.416,-1.04,0.131,-0.005,0.337,0.207,-0.801,-0.146,0.084,0.279,1.196,0.005,0.841,0.906,-0.614,1.125,0.44,0.75,1.758,-1.034,0.26,1.191,-0.318,0.887,-0.44,-2.021,-0.25,-0.782,-1.433,1
1.007,2.092,-0.281,1.385,0.204,1.819,-0.752,-0.177,-0.399,-1.58,-1.21,-0.824,0.701,1.488,-0.477,0.492,-0.855,-0.09,0.859,0.454,-0.304,0.256,-0.947,-0.33,-0.563,1.185,-0.375,-0.755,-0.712,-0.841,0.051,0.632,0.057,0.289,-0.411,0.625,-2.363,1.305,-0.44,-0.145,-0.308,1.369,-1.32,-0.762,-1.233,-1.415,0.369,-0.218,-0.33,1.359,1
1.074,1.805,-0.019,-2.977,-0.499,-1.58,0.438,1.142,-1.178,0.506,0.543,1.397,0.343,1.643,-1.836,1.422,-0.181,0.527,1.601,1.828,1.599,0.126,0.545,0.352,1.555,-0.359,0.073,0.25,0.281,-0.889,1.236,-1.038,-2.711,0.235,0.872,-0.692,-0.605,0.854,1.417,-0.635,-0.163,0.346,1.45,0.182,-0.298,0.182,1.74,-0.592,-0.282,-0.563,0
0.809,0.05,-1.309,1.802,-0.357,-0.263,-1.365,0.516,0.543,1.417,1.053,-0.171,-1.801,-0.987,-1.438,1.908,1.259,-1.671,0.959,-0.181,-1.7,0.187,1.296,1.513,0.946,-1.586,-0.127,-1.725,-1.295,-0.737,-0.196,-1.203,-2.423,1.136,-0.012,-1.184,-0.149,1.44,1.091,-0.273,-1.014,-0.312,0.026,0.057,1.077,3.984,-0.316,0.321,-2.248,1.878,1
-0.775,2.095,-1.089,-0.585,0.724,0.164,-1.069,-0.484,1.693,-0.318,-0.351,-0.002,-0.939,-0.415,-0.365,0.063,2.75,0.723,-1.783,0.475,-0.258,-1.33,-1.012,-0.867,1.165,-2.003,-0.36,-1.027,0.688,-1.104,0.107,2.635,1.603,-1.609,-1.366,-0.688,-0.773,-0.989,1.583,0.517,0.671,0.187,0.96,1.464,0.843,-0.759,-0.978,-0.914,0.747,-0.499,1
-1.201,0.002,-3.265,-1.752,0.658,-0.079,-1.288,-2.132,-0.392,-0.611,0.474,0.458,0.355,-0.937,1.886,0.27,-0.099,0.641,1.442,-1.615,1.221,-0.046,-0.627,-0.159,0.909,1.687,-0.059,0.065,-0.133,1.185,-1.06,-2.502,0.242,-1.453,0.08,0.863,0.915,0.935,-1.233,1.45,-0.761,-0.113,-0.268,-0.854,0.096,-1.828,1.084,1.152,-0.732,1.938,1
-0.92,-0.404,0.165,0.14,-0.752,0.155,-0.195,0.322,-0.041,-0.223,0.477,0.062,-0.201,1.88,-0.12,0.609,2.177,-0.215,2.055,-1.298,1.167,1.303,1.146,1.155,0.368,-3.268,-0.379,-0.127,-0.288,-0.56,-0.303,0.353,-0.796,0.198,0.304,-1.446,0.515,0.325,0.251,-1.233,-1.222,0.482,-1.725,-1.187,0.982,1.428,-1.937,1.468,1.03,2.388,0
1.137,-0.309,-0.131,0.111,-0.221,0.625,1.01,0.806,0.291,0.464,1.607,-1.5,1.377,0.052,-1.328,-1.651,1.319,-0.748,1.001,1.617,1.942,-0.056,0.952,0.001,2.993,-0.191,0.788,-1.572,0.628,0.415,-0.395,1.453,0.281,1.076,1.583,-0.645,-0.971,-1.309,-0.216,0.042,-0.419,-1.116,1.558,-0.692,-1.455,-0.999,-0.908,1.207,1.104,0.703,0
1.502,-1.934,-1.343,0.8,-0.234,-0.827,-0.337,0.277,-0.073,-0.344,-0.044,-1.053,1.174,1.096,0.811,0.991,1.511,-0.113,-0.746,-0.723,-2.904,-0.708,0.259,1.801,-1.064,-2.282,0.575,-1.172,-0.302,-0.327,-2.19,0.974,1.044,0.258,-0.877,0.222,-0.788,0.999,0.981,-0.288,-0.528,-0.602,-1.163,-0.328,-1.169,-0.735,-1.386,-0.711,0.889,1.198,0
-0.048,-0.92,0.713,-0.752,1.164,-1.805,-2.049,0.96,0.212,0.348,-1.08,0.887,1.132,-0.059,0.811,0.153,-0.992,-0.471,0.007,-0.243,0.0,-1.015,-0.685,-0.224,-0.525,0.159,-1.729,-1.36,-0.395,-1.221,-1.635,-0.783,-0.226,-0.054,-1.5,-0.926,-1.642,-1.092,0.164,-0.623,-0.319,-0.821,-0.042,-1.764,0.396,0.171,-2.059,0.16,-1.129,0.21,0
-0.71,-0.441,1.025,-0.499,0.403,-1.821,0.146,0.632,0.179,-0.496,1.448,1.124,2.059,-0.097,0.451,-0.406,-0.313,0.805,0.211,-0.568,-0.62,2.475,-0.301,-0.182,1.802,-0.2,-1.157,-0.599,-0.873,1.835,-1.365,0.125,0.133,-1.601,-0.323,-1.98,-0.926,0.87,-0.064,-0.203,-0.379,1.346,1.139,1.213,1.43,0.082,-1.036,0.014,-0.015,-0.835,0
0.832,-0.204,-0.321,-1.449,0.355,0.966,-0.888,-0.283,0.503,0.155,0.212,-2.193,0.355,-1.172,-0.831,-0.94,-1.94,1.501,0.916,0.866,0.236,-1.175,1.751,0.308,-0.283,0.165,-1.046,0.267,-0.519,0.771,0.072,-0.35,-0.64,1.158,-0.546,0.62,1.306,-0.17,0.098,0.433,-0.784,-0.38,0.35,-0.743,0.248,-1.333,-0.946,-0.772,-0.251,0.653,0
-0.595,-0.27,1.154,-0.073,1.424,0.363,0.447,1.07,1.205,0.807,1.555,-0.655,2.026,-1.523,-0.472,-0.123,-0.529,-0.172,-1.16,-0.392,0.026,-0.791,1.237,-0.02,-0.998,0.06,-0.634,-0.14,0.315,-0.133,0.702,-0.177,0.313,-0.912,0.247,-0.929,-0.806,0.499,0.676,0.514,-0.018,0.774,-0.078,-0.238,1.507,-0.384,0.7,-0.957,0.434,1.469,0
0.389,-0.595,-0.774,-0.668,-1.893,0.828,-0.235,-0.001,-0.688,-0.854,-0.478,-0.131,-1.1,-0.507,-2.195,-0.63,1.517,-0.431,0.839,-0.317,-1.175,-1.462,0.844,0.872,-2.2,-0.536,0.444,0.22,0.256,-0.97,-0.038,-1.198,-0.74,0.597,2.128,-0.1,-0.22,0.787,-0.499,-0.278,1.396,1.482,1.786,-0.901,-0.767,0.358,-0.503,0.137,0.277,-0.339,1
0.93,0.084,-0.079,-0.034,0.287,0.452,1.192,0.796,0.25,-0.006,-0.646,0.483,-0.324,-1.119,-2.06,-0.683,2.33,-1.518,-0.116,0.765,0.153,1.852,0.053,-1.566,0.059,1.036,2.524,-0.789,0.748,0.384,-0.254,0.097,0.187,0.313,0.152,0.527,-2.557,0.821,0.537,-0.693,1.099,1.024,-0.704,-1.547,0.526,1.652,-1.389,1.033,1.023,-0.759,1
-0.934,0.14,1.455,-0.211,-0.459,1.488,-0.474,2.005,-0.628,-0.286,1.775,-1.951,-0.607,0.212,-0.552,-0.663,0.957,-0.102,1.035,-0.498,-1.927,0.524,-0.997,-0.137,-0.717,-0.515,0.843,0.687,1.117,-0.712,0.339,1.109,-0.047,-2.975,-0.343,0.168,-0.518,-1.189,-0.253,0.069,0.673,-0.982,-1.374,0.852,-1.314,-0.46,0.037,1.492,-0.356,0.783,1
-0.294,1.152,0.529,0.55,-0.047,0.168,0.506,-0.231,1.631,-0.577,0.572,0.843,0.525,0.279,1.238,-1.256,-1.499,-1.106,-1.133,-2.5,1.488,0.306,0.549,0.499,-0.108,-0.047,-1.416,0.116,-0.534,0.332,1.093,0.218,1.124,0.363,0.136,-1.453,3.908,0.748,0.676,-0.113,0.259,-1.242,-0.61,0.563,-0.85,-0.165,-0.815,0.356,-0.066,-0.164,0
0.586,-0.801,-0.512,0.224,1.213,-1.38,-1.42,-0.562,-2.162,0.701,0.962,-0.893,0.127,1.209,-0.046,2.881,0.228,-0.947,-0.699,1.006,-0.256,-0.473,-1.795,-1.522,0.183,-0.678,-0.139,0.657,0.853,-1.824,1.682,0.566,1.41,0.485,-0.595,-0.441,0.436,-0.866,0.311,1.19,-0.351,1.576,0.152,-0.064,0.088,0.664,0.784,-2.377,2.386,-0.412,1
0.022,0.123,1.315,-0.49,-0.71,-0.488,-0.382,-0.432,0.64,0.373,0.508,-0.228,0.631,0.042,-0.99,-0.322,0.843,0.065,0.581,0.187,-0.142,-1.426,0.846,1.325,0.969,1.001,1.426,-1.017,0.539,-2.171,0.554,-0.899,-0.559,2.517,-0.149,-0.303,0.728,1.39,-1.347,0.055,1.144,1.772,-0.154,-1.254,0.067,2.36,-0.476,-1.128,0.943,0.654,0
0.215,0.055,0.409,-2.608,-1.505,0.005,-0.673,0.588,-1.452,-0.913,-0.085,0.4,-0.128,1.133,-1.286,-0.407,0.989,-1.413,-1.945,-0.118,0.864,1.127,-1.545,0.585,-0.599,3.064,-1.056,1.885,0.423,0.762,-0.067,0.708,1.364,-0.545,0.043,-0.303,0.284,-1.192,-0.25,-1.061,-1.017,0.068,0.282,-1.089,0.716,0.796,-0.357,1.019,-0.261,-0.258,1
0.466,0.385,1.888,0.131,1.315,-0.414,-0.102,-0.861,-1.959,0.165,-0.918,-1.313,1.324,-0.577,-1.071,0.065,0.395,-2.2,-1.544,1.258,-1.289,-0.136,0.643,1.348,1.462,2.479,-0.54,0.816,-1.545,0.868,-0.712,-1.062,-0.321,1.603,0.79,0.489,1.531,-1.305,0.88,0.446,-0.058,-0.788,0.267,1.405,0.32,-0.245,1.609,0.302,-0.057,1.271,1
-0.945,2.007,0.479,-0.542,0.67,0.873,1.163,0.277,-0.281,0.01,0.979,0.614,0.554,-1.767,-1.926,-1.435,1.057,0.515,-0.874,1.007,-0.607,-0.66,0.93,-0.12,-2.509,-0.049,0.184,0.756,1.362,-0.372,-0.258,-0.318,-0.119,-0.435,-0.699,0.611,-0.436,-1.05,-0.207,0.757,0.76,-1.225,1.471,-0.633,-1.086,0.002,0.326,-0.329,0.049,-0.927,0
0.311,-1.675,1.626,0.818,-0.428,1.515,-0.902,-0.528,-0.827,0.203,1.216,1.435,0.867,0.12,-0.34,1.373,0.921,0.528,-0.19,-0.896,0.175,-2.092,-0.84,-1.079,-0.409,-0.694,0.308,0.192,-1.195,0.287,-0.271,1.837,0.033,-0.425,1.419,0.512,0.01,-0.524,1.4,-2.495,-1.541,2.016,0.464,-0.205,0.7,-0.004,-1.415,-0.278,-0.56,1.499,1
0.591,1.53,0.295,-1.637,0.361,-0.048,0.783,-0.342,-0.241,0.126,1.173,-0.352,1.126,1.729,1.502,0.928,-0.694,-0.401,0.367,-0.65,-1.677,0.116,0.879,0.701,-1.656,0.077,-0.296,-1.283,1.644,1.097,1.507,0.068,0.368,-1.426,-0.993,-0.618,0.814,-0.25,-0.713,-2.553,0.769,-1.039,0.098,-1.039,0.778,0.674,-0.918,-2.597,1.073,0.001,0
-1.787,0.985,0.052,-0.467,-0.783,0.835,-0.61,2.615,0.649,0.107,0.877,-0.729,0.82,0.548,0.682,0.731,-2.59,-0.58,-0.292,1.348,0.07,-1.153,0.766,0.545,-0.79,-0.358,-1.157,0.678,-1.164,1.019,0.332,-0.35,0.095,-0.499,-0.44,-0.647,0.268,0.89,0.375,0.726,0.314,-0.911,0.711,0.745,0.284,-0.524,1.051,-0.462,-0.383,-0.764,0
1.164,0.162,-0.715,-0.577,-1.346,-1.126,-0.027,0.495,-0.204,-0.26,1.461,0.319,1.434,-1.523,-0.071,-0.111,0.94,1.898,-0.15,-1.898,1.329,-0.23,0.903,0.342,0.649,-0.832,-1.521,-0.85,-0.348,-0.917,-0.677,0.111,-0.445,0.05,-1.207,1.227,-0.06,0.029,0.45,0.702,0.126,-0.927,-0.302,-1.604,0.506,0.942,1.095,0.821,-1.195,-0.668,1
0.356,-1.072,-0.306,0.745,1.353,0.069,-0.251,-0.916,2.223,1.174,0.428,0.202,-0.081,-1.054,-0.001,1.212,-0.132,0.6,1.426,2.329,1.393,-1.3,-0.695,0.605,-0.025,-0.814,-0.818,-0.853,-0.505,0.108,0.82,-0.891,0.318,0.359,-1.534,-1.043,-0.096,-0.244,1.039,-0.743,-0.22,-1.288,-0.373,0.326,1.052,-0.821,0.132,-1.177,0.246,0.562,0
-1.587,-0.268,-0.333,0.189,1.321,0.888,0.249,-2.604,1.284,0.109,-1.326,0.242,1.77,1.572,0.43,0.459,-1.543,-0.796,0.525,-0.053,-0.034,1.222,-1.338,-1.036,1.741,-2.027,-0.432,-0.067,0.103,2.631,0.371,1.125,0.25,0.622,-0.146,-1.174,-1.507,-0.051,0.745,0.588,-0.506,1.175,1.199,-0.247,0.535,-0.668,-0.705,-1.917,0.451,-0.967,1
0.346,0.246,0.067,-1.939,0.083,-0.776,-0.795,0.591,-1.619,-0.56,0.068,-0.54,1.031,0.288,-0.029,-0.316,1.334,-0.289,-1.104,1.211,-1.173,-0.414,-1.67,-1.28,-1.109,1.9,0.929,0.35,0.011,-0.367,-0.66,0.953,-0.195,1.129,-1.211,0.532,2.193,0.441,-0.024,-0.773,-0.629,-0.13,-1.293,-0.425,-0.009,-0.178,-0.146,-1.508,-1.986,2.626,1
0.38,0.228,0.582,1.21,1.574,-1.274,-0.576,0.341,-2.6,-1.567,-1.94,-0.636,-1.268,-1.654,-0.331,-0.361,0.273,-0.428,1.043,-0.33,-0.537,1.629,-0.49,1.773,1.136,0.971,0.301,-0.966,-1.545,1.785,-0.62,-1.198,-1.384,-0.181,0.145,-0.91,-0.966,0.592,-2.25,-0.322,-1.417,-1.042,1.086,1.391,0.135,-0.399,2.07,-0.967,0.048,1.077,1
-0.977,0.24,0.74,1.238,1.374,0.393,0.343,1.56,0.171,-1.415,-1.57,-0.944,1.122,1.488,-0.494,-1.596,0.249,-0.173,-0.203,1.071,0.095,-0.84,-1.097,-0.619,1.131,0.564,-0.141,-0.561,0.547,-1.359,-0.117,1.271,0.175,0.139,0.577,2.405,0.17,0.272,-0.869,-1.319,1.317,0.109,0.896,-1.144,-0.715,-0.615,1.752,-1.889,0.625,-1.181,1
0.219,-0.889,1.56,-0.187,0.571,0.146,-0.501,-1.657,0.703,-0.409,-0.105,-1.679,-0.024,0.44,1.78,-1.155,-1.461,-0.785,0.341,0.492,0.957,0.079,-0.585,0.088,-0.037,-0.371,-1.666,0.19,-0.087,1.48,-0.259,0.141,1.106,-1.59,-1.496,-0.564,0.573,1.139,-0.502,-1.001,2.156,0.471,0.134,1.133,1.447,-1.119,1.149,-0.2,2.068,1.341,1
0.512,-0.826,-0.837,-0.449,0.775,0.546,0.894,0.302,-0.679,0.077,-1.094,0.39,0.395,-0.918,-0.048,2.443,0.174,-0.95,1.49,0.58,1.115,0.591,0.729,-1.746,1.033,-0.303,0.592,-0.66,-0.343,-0.65,-1.657,0.865,0.293,0.395,-0.267,-1.042,-2.086,1.057,-0.35,1.768,1.254,0.211,-0.616,-0.395,-0.57,2.25,0.036,0.213,-1.133,-1.245,1
0.372,-0.001,-0.65,0.14,-0.283,1.318,-0.247,0.857,0.644,-1.185,0.819,1.502,0.797,-0.176,-1.145,-0.099,0.116,0.169,0.745,2.707,0.216,-0.102,0.616,-0.33,0.808,0.364,-1.774,-0.435,1.436,0.294,1.179,-1.817,0.407,-0.036,2.324,-1.284,-0.195,-0.429,0.042,0.227,1.324,-0.79,-1.092,-0.008,-2.108,0.071,-1.106,0.561,-1.524,0.969,0
-1.964,-0.81,1.139,-1.346,0.362,-0.295,0.28,0.279,-0.984,-0.891,1.199,0.48,2.313,-1.84,0.077,1.183,-0.471,-0.281,0.763,1.744,-0.942,0.292,-1.286,0.221,2.229,1.508,0.075,-1.021,-0.492,-0.997,0.6,-0.408,-1.818,-0.27,1.701,0.047,0.82,1.52,-0.781,0.394,-1.798,-0.946,0.451,-2.057,-0.709,-0.196,-1.505,-1.107,1.854,-0.071,1
1.821,1.475,-1.74,1.673,0.831,0.071,-0.27,0.422,-0.324,1.939,1.08,1.069,0.975,0.61,-0.017,-1.394,-0.483,1.416,1.173,1.553,1.27,-0.622,0.136,-0.526,1.795,-1.004,-1.734,0.404,0.114,-0.496,0.08,0.008,-0.591,-0.194,-0.87,0.488,0.174,0.843,0.212,0.021,-1.122,-0.822,-0.399,-0.074,1.728,2.769,0.41,0.369,0.694,0.948,0
-0.876,-0.382,-0.899,-0.229,1.329,1.234,0.005,1.745,-0.72,0.42,0.89,-0.659,0.274,0.845,-1.381,-0.394,-0.323,1.343,0.204,-0.697,1.432,0.545,-0.067,1.383,-0.107,-0.236,-0.215,0.314,0.277,0.511,-0.79,-1.38,1.741,0.957,-0.17,0.133,-1.942,0.936,-0.107,0.762,0.222,-1.554,1.311,-0.323,-1.534,-1.489,1.567,1.571,-0.254,0.381,1
-0.608,0.496,1.615,-0.159,0.453,-1.116,0.914,-0.504,-1.099,0.992,1.487,0.093,0.267,1.068,0.502,0.899,0.713,-0.309,-0.317,-0.061,0.291,1.269,0.308,-0.904,-1.372,-1.438,0.378,0.274,-0.433,0.36,0.419,1.739,0.555,0.311,-0.064,-1.06,0.454,-0.657,-0.18,0.562,-1.317,-1.177,0.77,-2.457,1.725,-1.615,0.303,-0.205,-0.187,0.655,1
0.949,-0.135,0.193,-0.096,1.727,-0.985,1.41,-1.091,2.112,0.31,0.812,0.372,0.407,1.249,0.253,-0.791,0.36,-0.009,-0.159,-0.823,1.302,1.142,-0.01,0.504,-1.563,-0.028,-0.31,-0.181,1.316,-0.151,0.906,-0.676,-0.632,0.797,-0.29,-0.668,-1.492,0.063,1.188,0.894,-0.353,0.454,0.909,1.939,-1.012,0.767,0.713,-0.043,0.183,-0.981,1
-0.33,-1.554,-0.053,1.656,0.063,-0.225,-0.692,-0.281,1.358,0.576,0.706,-1.589,0.531,0.133,-0.096,0.42,0.686,-0.757,1.923,0.83,-1.581,-0.122,-0.819,-1.622,0.087,0.279,-1.107,0.289,-0.806,-1.168,0.97,-0.694,-0.452,1.066,0.308,0.53,1.563,-0.17,-0.803,0.827,1.256,0.932,2.543,0.384,-2.392,-0.01,0.969,-0.332,0.766,-1.101,1
0.161,-0.545,-1.919,-0.195,-1.197,-0.882,0.313,-0.067,-0.673,-0.414,0.116,1.191,-1.193,-1.008,1.877,0.393,-0.264,-0.781,0.223,1.191,-1.647,1.151,-0.048,0.047,0.909,-0.363,-0.633,0.14,0.712,0.596,-2.05,0.854,0.497,0.885,-1.097,1.159,-0.423,-1.538,-2.088,-0.802,1.082,-0.208,-2.133,-2.046,2.189,0.099,-0.153,-0.623,-0.933,0.654,1
0.16,-0.211,0.028,-1.109,-0.285,1.089,1.836,0.235,-0.274,-0.708,-0.311,-0.755,-1.758,-0.72,-1.495,-0.499,1.999,0.143,-0.022,-0.186,-0.126,-0.198,-1.382,-1.182,-0.615,-0.381,-0.053,-0.378,0.031,1.762,1.639,1.635,0.209,2.333,0.254,0.435,0.837,0.439,1.65,-0.373,-1.065,1.677,-0.959,-1.922,-0.61,-0.452,0.926,-0.715,0.045,-0.296,0
-1.054,-0.148,0.846,-0.545,0.871,0.635,0.368,-2.03,-0.147,-0.333,0.183,-0.181,0.104,-0.043,-0.233,-1.006,-0.956,-1.056,-0.85,-1.337,-0.124,3.424,1.626,0.358,0.406,0.314,-0.956,0.511,-0.055,0.729,-0.955,-1.5,0.212,-0.422,0.365,1.08,-0.925,0.392,0.234,-1.11,0.371,0.523,-0.665,0.513,-0.212,-0.91,-1.969,-0.645,-0.191,-0.329,0
-1.04,2.2,-0.207,0.466,-0.974,0.343,0.058,-0.373,0.083,-0.401,0.91,1.601,-1.198,0.568,1.32,1.779,1.102,0.08,0.744,0.027,-1.472,0.223,0.179,-0.016,1.358,-1.929,0.154,-0.494,0.085,0.024,-0.306,0.532,-0.352,0.223,0.418,1.173,1.55,0.105,1.805,-0.273,-0.74,-0.957,0.514,1.361,-0.413,-0.525,0.554,-1.775,-0.017,0.768,1
1.089,-0.203,0.02,-0.306,1.331,1.42,2.411,0.395,-2.292,1.067,-1.989,1.079,0.01,0.139,-0.83,0.447,0.288,-1.347,-0.337,-0.682,-1.376,-0.01,0.83,-1.031,1.044,-0.617,0.446,1.007,-0.946,1.529,0.858,0.435,2.623,0.32,0.684,1.243,-1.45,1.01,0.146,-1.213,1.031,1.546,-0.187,1.155,-0.697,-0.697,-1.094,0.03,0.808,0.475,1
-0.5,-1.495,0.993,-1.506,0.093,-0.813,2.904,-0.083,0.369,1.863,-0.286,-0.895,-0.563,-1.564,0.229,-0.107,0.375,1.982,-0.012,0.167,0.298,0.663,0.073,0.062,0.635,-0.247,-0.466,1.308,0.277,1.882,-0.431,0.497,1.001,-0.009,-0.113,0.589,-1.251,0.843,0.838,0.736,-2.703,-0.328,-0.803,1.586,-0.609,-1.074,-1.508,0.284,-1.562,-0.971,0
-0.436,-0.405,-0.821,-1.39,-0.717,-0.383,1.038,0.271,0.352,0.564,-1.055,-0.084,0.244,0.543,0.508,0.537,-1.274,0.563,-0.487,0.141,0.43,-0.533,1.096,-0.087,1.513,0.188,1.437,0.22,-1.963,1.529,0.41,-0.573,1.064,-0.786,-0.485,-0.047,-1.023,-1.856,1.26,-0.903,-0.091,-1.202,-0.109,1.531,1.059,0.573,0.461,-1.468,-0.014,0.222,0
0.106,-0.126,1.131,-0.663,-0.133,0.94,0.126,0.848,-1.353,-0.128,0.894,0.88,0.16,-0.564,0.62,-0.144,0.872,-1.332,0.701,1.215,0.913,-0.095,1.353,-1.584,1.129,0.417,0.144,0.387,-0.735,0.461,0.087,-0.347,0.441,-0.329,0.516,-0.011,-2.95,0.238,2.199,0.57,0.631,0.426,0.336,1.421,-0.874,-1.181,0.649,0.567,0.09,0.586,0
0.885,-1.323,-0.455,0.382,-0.817,-0.28,-0.407,-1.266,1.406,-0.635,-0.111,0.251,-0.66,-0.31,1.563,-0.549,0.328,1.043,2.703,-0.224,-0.36,0.719,-0.217,-1.306,0.259,-0.961,0.133,-0.606,-0.449,0.01,0.599,-1.553,1.519,0.098,-1.288,0.572,-1.066,2.113,-0.458,0.207,0.695,0.581,0.868,2.095,1.033,0.541,-2.228,0.594,-1.745,1.104,0
-0.07,-1.25,2.359,-1.173,1.113,-0.423,0.098,-0.443,-0.188,0.058,0.079,0.633,-0.26,-1.186,-1.049,-0.953,-0.369,0.943,-0.188,1.078,0.308,-0.726,-0.664,-0.064,0.143,0.62,-0.44,0.622,-0.325,-0.252,0.443,-0.264,-0.576,1.331,-0.356,-0.295,0.493,-0.826,0.18,-0.727,-0.107,-1.033,0.652,0.078,-0.786,1.491,-1.223,-0.406,-0.528,0.357,1
-0.59,0.234,0.283,-0.465,-1.099,-0.444,-0.169,-1.995,0.523,1.081,-1.607,0.594,-1.372,-1.034,0.621,-1.459,-0.318,0.855,0.002,-0.865,0.889,0.562,-0.36,-0.186,0.034,-0.628,-0.266,-1.223,1.358,0.329,-0.027,2.059,-0.363,0.636,0.723,-0.711,-0.084,-1.115,-1.185,0.732,2.314,0.708,-0.176,-0.729,1.66,-0.858,-0.303,-1.153,-0.15,-0.923,1
-1.032,-0.041,0.831,0.098,-1.153,0.196,0.65,1.112,1.085,0.317,0.914,-0.242,0.595,0.869,0.772,-1.203,-1.066,0.77,0.061,1.106,-2.062,-1.053,-1.709,0.763,2.222,-0.652,1.387,0.489,-0.961,1.905,-0.248,-1.242,0.424,-0.542,-0.793,1.104,-0.325,-0.301,0.549,-0.703,-0.232,-0.079,-0.818,0.171,-0.086,-0.871,-1.197,1.282,1.411,-0.95,0
0.44,0.444,-1.867,-0.085,1.327,0.517,1.21,-0.625,0.043,2.345,0.592,1.078,1.493,-0.173,0.646,-0.797,0.227,1.014,-0.426,-0.751,-1.116,-0.002,-0.86,0.187,-0.484,-0.887,0.72,-1.354,-1.849,-0.222,-0.681,1.817,-0.272,0.449,-1.413,1.311,0.545,-0.076,-1.071,-1.888,0.352,1.54,-1.721,1.037,1.238,0.39,1.285,-1.488,-0.64,-1.464,0
1.43,-0.397,-0.118,1.257,0.946,-1.56,0.735,1.04,-0.003,-0.019,0.024,-0.377,0.381,0.586,-0.772,-1.603,0.556,-0.57,-0.367,1.816,-0.083,-0.82,0.379,-0.196,0.603,0.213,1.315,-1.326,-1.014,0.741,0.192,-0.421,1.753,0.479,0.085,-2.518,-1.126,0.651,-1.893,-0.153,0.993,-0.214,-0.714,1.49,-0.603,0.294,-0.163,-1.018,0.69,-0.897,0
1.532,-1.415,-0.07,0.177,-1.035,-0.4,0.555,-0.002,-0.182,0.887,-0.705,-0.415,-0.1,-1.458,-1.041,-0.982,-0.079,-0.113,-2.243,0.581,1.026,1.171,1.902,0.298,-0.533,-0.407,1.539,0.542,-2.104,0.391,0.58,0.904,-1.483,0.685,1.466,-0.348,-0.31,0.23,-1.058,1.573,0.196,-0.386,0.232,-0.488,0.363,0.075,-1.019,0.061,-1.36,-0.42,0
-0.378,-0.886,-0.787,1.286,0.737,-0.48,0.599,0.808,1.21,-0.344,1.069,2.458,0.935,0.161,-0.34,1.165,0.884,-0.187,1.785,1.076,-0.539,1.614,-0.348,1.836,-0.671,0.245,1.307,-1.874,-0.302,0.832,-0.23,0.741,-1.702,-0.539,-2.797,-1.22,-0.487,1.081,-2.244,0.034,-2.616,-0.382,0.533,-0.359,0.945,0.715,0.677,0.002,-1.162,-0.478,1
-1.605,-0.567,1.622,-1.587,0.204,0.785,-0.722,-1.073,1.475,-1.584,0.632,-0.405,1.476,-1.926,-0.728,-0.757,0.236,0.185,-0.085,-1.591,1.46,0.806,0.595,0.266,-0.149,-0.468,-1.181,1.035,0.867,-1.494,0.05,-2.436,1.672,1.234,-2.861,2.349,-0.545,-0.798,0.419,-0.809,-0.385,-0.747,-1.613,1.151,1.247,0.369,-0.372,0.381,0.054,0.175,0
0.033,0.98,-0.15,-0.446,0.004,1.713,-1.944,0.726,0.903,-0.218,0.086,-0.664,-0.066,0.184,-0.648,0.738,-1.582,0.544,1.008,-2.258,-1.128,-0.489,0.337,1.101,1.788,-0.059,-0.512,1.047,-0.076,1.024,0.945,0.403,0.013,-1.26,-1.456,-0.372,0.712,0.055,-1.771,0.885,0.282,1.188,-0.08,0.618,0.434,-0.886,-0.885,0.795,-0.409,0.448,0
-0.423,-0.527,-0.772,0.088,0.75,0.486,0.645,-1.388,-1.301,0.194,0.375,-1.643,0.214,-0.164,0.562,-0.429,0.177,-0.002,0.891,0.038,1.658,-1.437,-1.155,0.578,0.843,-0.412,1.427,-0.3,1.079,-0.387,1.79,0.218,-2.396,-1.497,-1.405,0.621,-1.603,0.859,1.802,0.223,1.312,0.629,-0.979,0.989,0.362,0.765,0.489,-0.337,0.415,-0.288,0
-0.828,0.875,-0.302,-1.208,0.891,0.496,2.306,1.218,-1.78,0.879,-1.039,1.007,0.046,-0.019,0.563,2.649,-1.534,-0.42,0.391,0.777,2.212,0.366,0.935,0.782,0.629,-0.048,0.392,-0.562,-1.092,1.208,0.809,-0.144,0.136,-0.042,1.486,0.468,0.369,-0.06,-0.182,1.05,0.037,0.495,0.078,0.904,-0.645,-0.578,0.271,-1.344,0.163,-1.083,1
-0.823,1.537,2.566,1.134,0.009,0.439,-1.141,0.958,-0.323,0.249,0.299,-0.409,0.219,-0.311,0.05,-0.519,0.84,-0.914,-0.8,-1.42,-0.355,-1.89,-1.45,-1.02,-1.062,-0.983,0.099,-1.797,-0.671,1.312,0.819,0.971,0.015,-0.135,-1.004,1.444,0.346,0.574,0.448,0.645,1.913,-0.746,1.723,1.16,0.81,-0.26,-0.598,-0.014,0.92,0.115,0
0.22,0.054,-1.049,0.38,-0.663,2.04,-1.356,0.71,-1.685,-0.289,0.166,0.763,-0.648,2.227,0.919,2.287,0.494,0.821,-0.913,0.944,2.241,-0.017,0.132,-0.27,-1.335,0.152,0.366,0.025,-0.411,0.561,0.086,0.46,0.446,-0.481,-0.501,0.006,-0.273,0.9,1.129,0.8,1.085,0.632,0.79,0.09,-0.656,0.913,1.86,-0.383,1.355,-0.321,1
-0.364,1.12,0.014,2.064,0.861,-0.188,-0.462,1.043,-0.855,-0.229,0.45,0.436,-0.129,0.883,0.805,-1.706,0.649,0.171,-0.741,-0.853,-1.099,-1.836,2.051,-1.235,0.471,-0.097,-2.357,-0.59,-0.951,-0.321,-0.928,1.379,0.05,1.012,1.357,0.167,1.571,0.425,0.054,0.25,-0.119,-0.776,-0.997,-0.13,0.573,-0.403,-0.172,-1.084,0.135,0.852,0
0.082,-1.525,-0.478,-1.404,-0.772,-2.186,1.202,-0.695,0.912,-1.568,0.129,0.479,-0.647,0.313,-1.506,-1.709,0.635,-0.507,-0.787,-0.1,1.826,1.66,1.935,-1.165,-0.85,1.992,1.3,-0.74,-0.736,-0.353,-1.382,-1.215,-1.141,0.494,-0.52,-0.666,-0.739,-0.002,2.615,-0.32,0.672,-1.536,-0.122,-0.899,-0.106,0.885,-0.67,-2.398,1.268,-1.184,0
-1.235,-0.795,1.223,-1.429,-1.464,0.237,-1.381,-1.022,0.301,-0.247,-0.978,0.466,-1.471,0.31,-0.796,-0.487,0.379,1.067,0.093,2.773,-0.205,0.425,0.853,-0.592,0.815,2.249,-0.639,0.251,0.387,-2.102,-0.599,-0.792,0.879,2.369,-1.121,-0.706,-0.258,1.438,-0.682,-0.866,-2.189,1.083,0.204,0.219,1.655,-0.181,1.67,1.009,-0.124,-0.103,1
-1.107,1.106,1.324,0.14,-1.031,-0.627,0.729,-0.051,-0.098,-1.466,0.647,0.899,1.569,0.579,2.473,1.73,-0.194,-0.149,0.375,0.687,-0.876,1.956,0.531,0.603,-2.076,0.095,-1.853,0.862,0.274,0.561,-1.363,-0.529,0.964,-1.328,-0.629,-0.285,-1.405,1.457,0.206,0.171,-0.494,0.801,1.776,-1.804,0.261,-0.318,-0.574,-0.358,-1.108,-0.388,1
1.156,-0.135,1.507,-1.25,-0.54,0.644,1.279,0.405,-1.087,0.739,0.331,-0.235,2.504,0.51,1.938,1.344,-0.035,-2.755,1.187,-0.768,-1.556,-0.606,1.843,0.991,1.082,0.236,-0.243,1.028,-0.868,1.002,-1.532,-1.146,-1.61,0.511,-0.352,-1.916,-0.803,1.234,-1.478,-0.84,1.603,-0.074,1.991,0.068,0.865,-0.941,-0.051,1.124,0.035,1.042,1
-1.768,0.556,0.243,-0.734,1.667,-0.508,-0.472,0.878,-2.062,-0.963,0.447,-0.991,-1.183,0.613,-0.779,-1.468,-0.359,0.303,0.027,0.135,-0.445,-0.179,0.599,-1.132,-1.646,-0.782,0.035,0.335,-0.036,0.813,-0.01,0.686,0.158,-0.184,0.165,2.27,1.305,-1.329,-0.884,-0.119,-0.487,-0.471,-1.304,-1.138,-1.55,-0.474,-0.355,0.282,-0.358,0.491,0
-1.672,0.871,0.906,1.95,0.157,1.816,1.492,1.351,1.065,0.35,-1.164,0.179,-0.813,0.471,0.247,1.069,-0.408,-1.478,0.627,2.03,-1.2,0.95,-1.255,-0.716,0.492,-0.177,0.308,0.463,-0.43,-0.602,-1.172,0.251,-0.13,0.024,-1.242,0.128,-0.598,2.406,0.301,-1.079,0.13,0.03,1.026,-0.081,-0.053,-0.109,-0.87,0.438,-0.211,-0.318,0
0.084,0.037,0.374,0.475,0.395,1.053,-0.557,0.793,0.385,-0.339,0.242,-0.868,0.137,-2.456,1.142,-0.534,-0.393,-0.958,0.592,-0.822,0.504,0.822,-0.867,0.554,-0.012,-0.6,-0.391,-1.31,-1.534,0.592,0.345,-0.535,-0.527,-1.159,-2.998,-1.02,0.125,0.583,2.963,-0.447,-1.082,-0.644,0.525,-0.131,0.151,-0.156,0.934,-0.824,-0.821,0.742,1
1.132,-0.52,-0.706,-1.625,3.155,-0.76,0.439,1.723,-0.24,0.223,0.083,-0.599,0.023,1.0,-0.923,-0.072,-0.203,0.741,-1.374,-0.628,-0.518,-0.607,1.179,0.809,0.147,0.044,0.979,0.33,-1.772,-0.904,0.104,0.114,0.026,0.587,0.834,0.04,-2.063,-1.278,-0.473,0.048,-1.242,0.825,2.021,0.21,1.214,0.077,-0.566,-0.013,-0.241,-2.04,1
-0.193,1.079,0.727,1.514,1.7,1.007,0.729,0.862,1.465,-1.808,0.388,0.407,-0.576,0.539,0.811,-0.09,0.21,0.326,-1.225,1.752,0.575,0.938,0.556,-0.29,-0.513,-1.803,0.267,-0.155,-0.23,0.447,0.084,-1.472,-2.642,0.695,0.319,-0.752,1.557,1.09,-1.824,0.957,0.388,-0.515,0.244,0.187,0.193,0.792,-0.021,-1.08,-1.035,0.044,1
0.056,-0.785,0.577,-0.635,0.678,-0.361,-0.375,-0.155,-0.124,1.013,0.546,-0.412,-0.208,1.013,1.425,1.074,1.095,-1.523,0.379,-0.561,0.912,0.702,-1.002,0.251,0.006,-1.177,-0.206,-0.854,-0.116,0.1,2.01,0.062,0.054,-0.87,-0.229,0.255,0.627,-0.361,0.663,0.054,0.132,0.502,0.413,0.854,-1.14,-1.151,-0.691,-0.471,-1.478,-0.786,1
0.801,-0.951,-1.347,-0.954,0.083,0.498,-1.14,1.246,-0.288,0.103,-1.086,-0.863,0.171,0.467,0.219,-0.309,1.499,-0.265,-0.995,-0.618,-1.558,0.019,-0.643,0.961,0.226,0.347,1.118,0.588,0.354,-1.745,0.255,1.419,-0.684,0.495,-0.406,0.186,0.521,-0.077,0.894,-0.544,0.464,0.54,-0.204,-1.317,1.339,-0.799,0.95,0.447,0.844,-0.164,1
1.304,-0.699,2.047,1.084,1.952,0.664,1.093,-0.767,0.358,0.167,-1.893,-0.291,-0.536,-0.412,-1.822,-0.385,1.585,-0.74,0.77,1.077,0.433,-1.382,0.847,0.805,0.819,-0.741,-1.639,-0.614,-0.383,-0.373,-0.537,-1.279,0.161,0.017,0.576,0.355,-0.345,-0.847,0.561,0.229,-0.578,1.165,-0.254,0.018,1.252,0.647,-1.287,-0.333,-0.221,0.391,1
0.026,0.3,-0.241,0.208,-1.359,-0.085,-2.1,-1.584,0.371,1.537,0.522,0.365,1.873,0.401,2.146,-0.766,0.225,0.82,0.301,0.864,0.301,-0.811,0.209,1.239,0.497,-1.032,0.452,1.116,1.734,-1.111,-0.271,-1.333,0.531,-0.853,-0.58,1.174,-0.636,-1.442,1.349,0.205,1.558,-1.403,-0.145,-1.723,-0.374,-1.362,-1.219,0.229,-1.508,-0.78,0
-0.941,-0.673,-0.1,-1.335,0.898,0.013,-0.559,-1.145,1.199,-0.077,0.316,0.603,1.944,-0.226,-0.364,-0.677,-0.012,-0.019,-0.488,-0.562,-0.323,0.044,0.54,0.06,-0.431,-0.552,-1.133,1.718,0.972,-0.084,0.24,-0.256,0.303,0.033,-0.956,-0.732,-0.463,-0.517,0.193,0.827,-0.523,-0.322,-0.877,0.133,0.699,-0.239,-1.311,0.248,0.151,-1.863,0
-0.96,-0.404,-0.457,0.538,0.768,0.604,-0.115,0.569,-1.011,-0.026,0.311,0.144,-0.142,-1.117,-0.142,-0.425,-0.66,2.199,1.133,0.374,0.005,1.491,-0.362,0.254,-0.019,1.088,-0.073,-0.87,-0.171,0.54,0.616,1.24,-1.616,0.122,1.491,-1.247,-0.098,-0.052,0.195,-2.122,0.913,-2.301,-0.246,0.679,2.051,-0.046,1.465,-0.581,-0.647,0.372,1
1.402,1.778,0.522,-0.008,1.328,1.087,0.615,-0.135,-0.374,1.315,0.236,0.187,0.165,0.671,-0.851,-0.478,0.762,-0.857,0.197,0.147,1.785,1.158,-0.198,-0.631,0.935,0.59,-1.556,0.597,2.042,-1.622,-1.591,-0.297,0.405,-0.385,-0.319,0.011,-0.407,-0.839,-0.338,-0.205,0.86,-0.594,0.078,0.894,1.308,0.857,0.597,0.153,-0.15,1.848,1
-0.843,0.239,1.468,0.757,-1.437,-0.139,1.306,1.836,-0.822,0.085,0.711,-0.448,-0.191,0.693,0.506,1.174,0.105,1.127,-0.267,-0.271,-1.55,0.212,-1.366,0.946,1.808,1.155,0.848,-0.483,0.206,-0.125,0.297,1.414,-0.131,0.277,-0.541,0.8,2.269,1.04,0.504,-1.468,0.262,0.174,-1.152,-0.27,2.369,-0.464,0.833,-1.368,-0.364,0.604,1
-0.763,0.301,1.673,-1.918,-0.383,-0.635,0.445,-0.296,1.165,-0.59,1.075,1.207,0.764,-0.025,0.152,-0.883,1.309,-1.088,-0.467,1.359,0.131,0.271,0.568,0.092,0.374,0.055,-0.156,-0.167,-0.817,-2.36,0.226,-0.406,0.97,-0.03,-0.493,1.698,-0.042,-0.331,-1.64,-0.063,0.799,-0.044,0.731,-1.611,1.783,1.472,0.56,-0.587,-0.487,0.597,1
0.587,0.546,-0.354,-1.333,0.647,1.933,-0.583,0.632,0.96,1.129,-0.688,1.025,-1.859,0.869,0.971,-0.723,-3.209,0.374,-0.3,-0.638,0.051,1.449,-0.041,0.459,0.747,0.589,-0.125,-0.76,0.59,0.505,0.514,0.93,0.506,0.265,1.33,0.857,-0.71,0.655,-0.233,0.051,1.278,0.294,1.244,-0.847,-0.63,0.734,-0.304,1.814,0.05,0.605,0
-0.345,0.574,-1.214,-1.255,-0.358,-0.312,-1.204,0.631,-0.596,-0.154,-1.089,-0.66,1.478,1.893,0.029,-0.09,0.73,-1.401,-0.808,-0.557,1.083,-0.852,0.946,-0.18,0.745,-1.117,-0.874,-1.241,0.621,-1.679,-0.384,0.202,0.392,0.411,-0.237,-1.396,-0.739,2.25,-1.131,1.036,0.124,-0.663,0.752,1.359,-2.176,0.498,-1.785,0.583,-0.357,1.367,0
-1.019,1.096,-0.1,1.318,-0.772,-0.26,-0.327,-0.376,0.261,0.31,-0.404,-0.498,0.029,0.635,0.441,-1.76,0.106,-0.195,0.896,-0.729,-0.489,1.149,0.971,0.343,-0.501,0.547,0.162,0.079,0.393,-0.166,0.94,0.657,0.899,0.957,0.737,-0.457,-1.429,0.002,1.679,1.505,-0.655,0.988,-1.003,-0.578,1.052,-0.347,1.251,-0.74,1.301,-0.147,1
1.103,1.347,0.522,0.947,-1.601,-1.731,-0.043,0.054,1.603,-1.015,0.849,1.245,1.777,-1.89,-0.439,0.509,-0.543,1.031,0.517,0.158,-1.835,1.14,-0.859,-0.118,0.061,-2.218,1.757,-0.845,-0.654,-0.627,-1.57,0.716,-0.683,0.297,0.146,-1.419,1.028,0.032,0.233,-0.384,-0.918,-1.196,0.129,0.57,1.421,-0.046,-0.344,-0.36,-0.357,1.17,0
0.221,-0.564,1.16,0.479,0.542,1.016,0.785,-1.599,1.351,-0.686,-0.791,1.452,2.727,-0.153,-0.236,0.595,0.184,-0.578,1.063,0.457,-2.018,-0.414,0.852,0.264,-1.39,-0.815,-0.028,-0.127,-0.533,-0.782,-0.467,0.499,-0.055,0.166,1.144,-0.347,-0.421,0.572,1.384,0.493,0.61,0.605,1.18,-1.057,0.057,-0.027,-0.282,-0.072,-0.991,-1.701,0
0.002,-0.235,0.78,-0.38,-1.336,-1.146,-0.755,-0.99,-0.441,-1.589,0.241,0.111,-0.765,-1.449,-0.121,1.908,0.315,0.047,1.075,-0.806,0.044,-0.733,-0.029,-0.159,1.001,1.932,0.857,0.488,-0.093,0.628,-0.242,-0.275,0.423,-1.574,1.338,0.189,2.309,0.265,-1.294,1.06,-0.117,0.06,-0.607,0.643,0.128,-0.048,0.086,-1.163,0.133,-0.377,1
1.462,0.173,0.181,-0.414,0.011,-0.387,-0.769,-0.429,1.098,-0.088,-1.65,0.763,-1.078,1.556,-0.45,0.799,-0.5,0.455,-1.045,-0.948,-0.465,0.94,0.669,1.869,1.588,-0.45,2.175,1.854,1.294,0.349,-1.666,0.545,-0.283,-1.096,-1.869,0.05,0.488,0.084,-1.544,-1.089,0.397,-0.293,-1.393,-0.683,0.484,2.437,0.399,-0.276,-0.382,-0.997,1
0.924,1.075,0.751,-1.377,-1.103,-0.577,1.13,-0.977,1.744,-1.852,0.437,-0.108,0.203,-0.346,0.693,-0.496,-3.252,-0.502,-1.396,-0.49,0.939,-0.371,-0.179,-0.502,0.279,-0.507,1.068,-1.453,-1.077,-0.252,-0.818,0.978,-0.8,-0.293,0.472,0.339,0.457,-0.156,0.594,2.165,0.828,-0.07,-0.052,1.653,1.133,1.438,1.877,-1.033,-1.218,0.521,0
-2.118,-0.329,1.146,0.222,1.098,0.579,-0.138,-1.597,-0.197,1.355,-1.357,-0.197,-0.237,0.49,-1.742,-0.678,-3.305,-0.895,-2.514,0.79,1.676,0.234,1.205,-0.319,1.795,-0.54,0.444,-1.126,0.711,-1.512,-1.421,0.224,1.793,0.703,1.171,-1.645,1.819,0.782,0.33,-0.169,0.404,-0.504,0.951,0.935,0.036,-1.518,0.14,0.248,0.116,0.395,0
0.069,-0.256,0.212,0.63,2.718,-0.945,-0.81,-1.121,0.015,1.298,-0.815,-0.776,0.88,-0.192,0.334,0.854,0.439,1.493,0.078,1.44,0.557,-0.935,-0.151,-2.761,0.371,0.652,-0.545,-0.146,0.514,-0.944,0.734,-0.61,-0.827,-1.886,-1.911,1.468,-1.261,-0.374,-0.018,-1.755,-0.356,-0.76,1.665,0.638,-0.737,1.51,-1.553,-1.346,1.181,-2.034,1
-0.277,0.272,0.34,-0.831,-0.092,0.343,1.641,1.418,0.996,-0.033,-1.035,0.241,-1.837,2.253,-0.493,0.769,0.591,0.39,-0.966,-1.074,-0.118,1.243,-0.603,0.573,-1.021,0.533,0.985,1.241,0.959,-0.27,0.694,-0.307,-0.063,-2.338,-1.527,-0.33,-0.116,0.088,0.34,1.405,1.248,-1.391,0.695,1.056,0.738,-0.244,1.665,1.118,-0.249,1.143,1
0.29,2.714,0.532,-1.433,-0.261,-1.094,1.362,-0.401,-0.28,0.414,-0.216,0.0,-1.473,0.07,-0.551,0.514,0.348,-0.094,0.46,0.123,0.461,-1.113,-0.265,-0.383,-0.683,-1.296,-1.961,0.995,-0.452,-0.208,-0.821,0.362,-1.476,1.565,-0.585,0.609,-0.555,0.44,0.542,-1.764,-0.822,0.638,0.828,-1.719,0.622,0.696,-1.775,0.271,-0.159,0.83,0
0.54,0.742,0.709,-0.358,0.117,0.279,-0.507,1.121,0.285,0.838,-1.248,0.39,-1.999,0.64,-0.463,-0.86,0.151,2.259,-0.662,0.976,0.664,1.553,0.578,-1.562,-1.087,0.814,-0.348,-0.005,0.372,0.849,1.061,0.611,-0.56,-0.304,1.761,0.387,1.205,0.524,0.906,-0.093,0.096,0.41,-1.657,1.147,-0.718,-0.579,2.084,0.974,0.34,1.222,0
-0.323,-1.443,0.456,-1.01,0.877,0.032,-1.435,0.237,-0.62,-1.194,-0.216,0.223,0.118,0.36,1.353,-1.017,1.115,0.118,-2.352,-0.123,-0.906,-0.926,-0.938,0.35,-0.452,-1.489,1.898,-0.688,-0.177,-0.809,2.288,-0.12,1.323,0.643,-1.34,-0.528,0.43,1.246,-1.428,0.297,0.723,0.429,-0.417,1.192,0.351,1.198,-0.27,0.053,0.377,-0.585,1
0.61,0.633,-0.083,-0.206,0.82,-0.64,0.443,-1.611,2.161,-3.313,0.14,-0.067,-0.271,-1.481,-1.246,1.238,-1.169,2.15,-0.361,-0.248,0.043,-0.239,0.411,1.524,-1.553,0.388,0.245,1.673,0.045,-0.831,1.172,-1.063,-0.245,-0.174,0.873,1.098,-0.308,-2.647,-1.509,-0.102,0.005,-0.192,-1.401,-0.064,0.164,0.441,0.702,1.595,-1.485,0.165,0
-0.091,-1.04,-0.259,-1.549,1.089,0.948,-0.265,0.199,-1.798,-1.048,-0.525,0.347,-0.064,-0.424,-1.701,0.687,-0.137,-0.774,1.741,-0.62,-0.605,1.006,0.904,0.988,0.478,-0.495,1.244,0.432,1.164,0.145,-0.129,0.473,-0.406,-1.983,-0.903,0.547,1.286,-1.757,1.688,0.16,-0.417,0.172,-0.604,0.563,0.639,1.04,-1.593,1.14,0.326,0.646,1
2.054,-0.309,0.639,-0.215,0.079,1.594,-0.577,-0.941,0.078,-0.945,1.602,-0.546,0.264,0.016,0.016,-2.751,0.066,-0.064,0.277,-0.82,-1.167,-0.136,1.3,-0.242,-1.821,0.159,-1.974,-0.625,-0.057,0.651,0.242,-1.184,-0.597,-0.873,0.083,1.511,0.005,-1.166,0.035,-1.233,-1.041,1.525,0.607,-0.561,-1.326,0.809,0.571,0.092,-0.886,-0.34,1
-1.341,0.269,-1.131,0.975,-0.026,-0.77,-0.817,0.741,-0.461,0.862,-0.183,-0.66,-1.018,-0.232,0.294,-1.364,1.632,-1.464,-0.739,-0.112,-0.08,1.747,0.558,-0.189,-0.701,-0.919,-0.219,0.603,-0.521,0.414,0.239,0.368,0.908,-1.947,-0.102,0.28,-2.525,2.012,-0.062,-0.821,0.86,-0.366,0.463,0.417,-0.854,0.1,0.854,1.004,1.829,2.062,0
0.396,-1.423,-0.807,-0.975,-1.568,-0.762,0.349,-0.048,-0.028,-0.285,0.212,-0.656,1.321,-0.204,1.749,-0.157,-1.277,1.794,0.233,1.206,-0.663,0.449,-0.41,-0.144,-0.912,0.32,0.337,-1.14,0.477,-1.815,0.621,-0.714,-0.209,-1.64,0.397,0.048,0.314,-2.183,1.535,-0.171,-0.328,-3.262,-0.509,1.978,0.298,0.048,-0.817,0.216,-0.043,-0.08,0
0.573,-0.864,0.536,0.06,-0.313,-0.356,-1.486,-0.243,0.977,0.779,-0.88,2.052,1.161,-0.12,-0.112,-1.812,1.461,0.508,0.405,-0.001,2.561,0.078,0.135,-0.067,-0.519,-0.131,-1.977,-0.465,-0.833,1.138,1.809,-0.325,0.864,1.051,-0.82,-0.179,1.275,1.635,1.922,1.284,0.372,3.337,-0.012,0.04,0.051,1.306,-0.246,1.936,0.276,0.203,1
-0.181,0.843,-0.658,0.11,-0.334,0.225,-1.489,-0.985,1.371,0.02,-0.892,-0.58,-0.436,-1.871,-2.443,-0.604,-0.286,-0.883,-0.168,1.311,-1.176,0.939,0.538,-0.854,-0.711,-1.029,-0.361,-2.548,-0.467,2.267,0.191,0.203,-0.29,-0.305,0.467,-0.985,-1.149,-1.254,-1.056,-0.489,-0.103,0.4,-1.608,-0.538,-0.67,0.338,-0.287,0.901,-0.484,-0.273,0
0.226,-1.041,1.5,0.344,-0.234,0.806,1.668,0.205,0.497,-1.023,1.151,-1.613,0.166,-1.468,0.908,-1.146,0.6,-0.723,1.231,-1.708,-0.245,-0.58,0.194,-0.211,-0.64,1.175,0.262,-0.776,0.418,1.223,0.879,1.998,0.046,-1.106,-0.233,-0.739,0.668,1.444,-0.604,-0.431,-1.219,0.037,0.065,1.281,-1.453,1.394,1.025,-2.865,-0.016,-0.802,1
0.623,-0.051,0.118,-0.653,-0.95,-0.282,0.88,-0.562,-1.796,0.574,0.742,0.685,-0.218,-1.66,0.052,-0.114,1.596,1.512,-0.296,0.086,0.262,0.578,-0.47,-0.479,1.29,-1.448,-0.093,1.37,-0.744,0.47,2.027,0.129,2.241,0.314,0.39,-0.415,-0.947,-1.324,-0.343,0.457,-0.327,-0.062,0.61,0.414,-1.398,0.297,0.033,0.748,0.948,0.383,0
0.08,1.63,-1.004,-0.398,-0.043,-0.604,-0.89,-0.107,1.106,0.289,-0.879,-1.688,1.51,1.3,-1.142,-0.936,2.221,1.162,0.407,-0.006,0.583,0.196,-0.948,0.528,2.479,1.077,1.169,0.433,0.813,-2.385,0.31,1.709,1.113,1.786,-1.576,-1.178,0.956,0.669,-0.136,1.039,-0.926,1.743,-0.025,1.662,-0.271,-0.168,-1.816,-1.459,-1.552,-1.199,1
0.745,1.447,-0.295,-0.742,-0.828,0.678,0.706,0.418,1.615,-0.894,1.65,0.253,-1.833,-0.793,2.424,-0.193,0.238,1.889,0.193,-0.905,0.181,0.96,0.363,0.388,-1.991,-0.137,-0.263,0.521,-0.007,0.946,0.581,-0.58,-0.226,0.101,-0.333,-3.115,0.326,-0.011,-0.34,0.01,0.114,0.913,-0.277,1.5,0.781,-0.895,0.686,0.064,1.493,-0.23,0
-1.633,-0.51,1.135,0.468,-1.642,-0.454,-0.489,1.079,-0.801,-0.301,-0.869,0.108,-0.924,-1.03,0.474,0.418,-0.003,-1.116,1.297,0.804,-0.798,1.168,-0.139,-0.476,0.335,-0.934,0.997,-0.12,0.693,1.499,0.219,1.273,-0.21,-0.612,-0.977,0.125,-0.1,0.407,0.285,0.384,-0.359,0.274,-1.135,-0.084,0.588,1.337,0.642,0.968,0.438,0.133,1
1.255,1.425,0.764,-0.037,-0.675,0.768,-0.391,0.135,-1.481,1.83,-0.849,0.513,0.365,-1.268,-0.056,1.183,-1.61,-0.227,-0.642,0.086,-0.272,-0.451,-0.622,-0.378,-2.91,0.833,0.734,-1.123,-0.632,-0.418,0.029,0.932,0.432,-0.144,-0.014,0.733,0.207,0.972,0.837,-0.001,-0.715,-0.588,1.283,-0.984,-1.088,-0.287,-0.187,0.036,0.885,0.684,1
-1.434,-0.752,-0.878,2.296,-0.955,-0.301,-0.538,0.454,0.022,-0.251,0.48,0.505,1.093,-0.491,0.005,0.156,1.422,2.134,-2.146,0.269,0.899,0.806,-0.615,-0.717,-1.606,-0.836,-1.917,-0.824,0.229,-0.119,-0.987,0.137,-1.743,1.059,0.114,0.387,0.757,0.554,0.581,-0.813,-1.207,0.379,1.666,0.742,0.311,-1.265,0.34,-0.983,-1.325,0.151,1
1.178,-1.177,-0.464,-0.696,-0.548,1.763,-1.092,-0.25,0.378,-1.554,0.513,0.555,-0.626,-0.842,1.211,-0.857,2.228,-0.221,0.176,-0.068,0.024,1.986,0.737,-0.385,-0.542,0.159,-0.614,-0.005,0.299,-0.012,-0.538,-1.08,0.485,-0.558,-1.432,1.019,0.606,0.327,-0.115,-0.282,-0.228,0.03,-0.236,0.505,0.873,-0.181,0.163,0.177,0.998,0.16,1
-1.023,-0.829,0.778,1.132,0.109,0.701,-0.672,0.248,-0.391,0.697,1.243,-0.877,0.716,0.46,-0.14,0.907,1.128,-0.975,-1.063,0.634,-0.436,-0.325,-0.773,0.271,-2.324,-0.223,-0.262,1.803,0.398,-0.963,-0.098,-1.61,0.223,0.674,-0.565,-1.817,-0.26,0.131,0.646,0.561,-2.604,-0.828,-0.396,-0.296,0.813,0.25,0.433,-0.135,0.001,1.605,0
-1.069,-0.287,1.653,-0.716,-0.167,0.464,-0.198,-0.899,1.512,-0.421,-1.952,0.009,0.563,0.579,-0.619,-0.382,0.923,0.275,-0.295,-0.97,-0.896,-1.622,1.171,-0.724,-0.269,0.806,-0.525,1.199,-0.473,-0.839,-0.699,-1.089,-1.786,0.634,0.302,0.951,-0.123,-1.314,-0.827,1.68,1.002,0.806,0.917,-0.924,-0.785,0.536,2.074,-0.414,-1.58,0.877,1
-1.638,0.835,-1.691,0.222,-0.932,0.179,0.727,-0.207,-1.296,-1.152,0.821,1.463,-0.236,-1.772,0.376,-0.044,-0.087,-0.942,1.199,-0.576,0.062,0.493,0.163,1.525,0.478,0.733,0.231,-0.337,0.171,-0.779,0.178,1.176,-0.524,0.33,-0.251,0.436,-0.223,-0.778,1.738,-1.451,-0.262,0.861,-0.572,1.018,0.327,-0.346,-0.467,0.449,-0.808,0.893,1
-0.433,1.31,1.126,-2.052,0.588,0.738,-2.916,1.412,0.956,0.036,-2.05,-0.07,0.784,-0.841,0.116,1.151,0.13,-1.066,0.114,-1.967,1.092,0.819,-0.598,1.313,-0.673,1.483,-0.778,-1.251,0.615,-1.306,-0.048,-1.147,-0.144,0.206,1.499,-1.453,1.435,-1.172,-2.791,0.092,0.365,-0.403,-0.135,-0.615,0.124,-0.955,-0.404,-1.283,-0.264,0.271,0
0.314,-0.146,0.509,-0.096,0.385,-1.524,-1.456,-1.269,-2.483,-0.123,-0.777,0.764,-1.103,-0.508,0.816,-0.653,-0.638,-0.102,-0.577,0.866,0.369,-0.365,-0.414,-0.583,-2.621,0.011,1.196,0.527,-0.317,-0.379,0.204,1.108,0.888,-0.139,-0.318,-0.243,0.846,-0.223,1.21,0.023,0.934,-0.024,-0.019,0.772,-2.592,1.154,0.125,0.457,-1.319,1.067,1
0.932,-0.593,0.676,-0.782,0.05,-1.318,1.105,0.581,1.171,0.109,-1.342,0.066,-0.781,-1.395,-0.67,0.254,0.166,1.39,0.346,2.667,0.899,0.186,-0.903,-0.023,-0.117,0.481,0.049,1.163,0.545,0.112,0.9,-0.237,-1.452,-0.273,0.043,-0.493,-2.366,1.542,0.414,-0.062,0.501,-0.462,0.677,-1.463,-0.693,0.891,-1.104,1.73,0.141,-0.439,0
1.252,0.821,1.955,0.281,-1.677,0.683,0.526,0.264,0.402,-0.791,1.752,0.794,-0.558,0.274,-0.448,-1.399,-1.064,1.0,-2.471,-0.101,-0.93,1.71,0.694,-1.255,-0.542,-1.651,-0.255,1.276,-0.243,0.476,0.017,3.341,0.046,-1.299,0.798,0.13,-0.206,-1.206,0.796,1.552,1.198,0.519,-0.024,1.254,1.156,1.894,-0.303,-0.593,-0.173,0.121,1
1.006,-0.599,-1.333,-1.223,1.402,1.693,0.609,0.185,0.469,0.615,0.218,-0.76,1.083,1.972,-1.487,0.635,-1.108,0.248,1.217,-0.49,1.419,0.792,-0.528,2.338,0.171,1.364,-0.223,-0.83,-0.672,-0.695,-1.464,-1.776,-1.227,-1.239,0.557,0.343,-2.051,-0.837,-1.155,-0.458,-0.225,0.589,0.333,0.603,0.658,-1.132,-1.299,-0.397,0.226,-0.299,1
0.105,-0.383,-0.625,-1.581,0.085,-0.402,-0.711,-0.255,0.651,-0.107,-1.761,-0.227,0.284,-0.589,0.828,-0.163,-0.54,-0.867,-0.08,1.59,-0.103,-0.184,0.063,0.373,0.139,1.618,-1.646,-0.16,1.158,0.571,-1.063,-0.203,1.29,-0.053,0.425,0.232,3.805,-0.825,-0.584,-1.034,0.817,0.924,0.436,-1.581,-0.148,0.772,1.966,0.242,0.672,-1.432,1
-0.333,-1.802,-1.147,-0.902,-1.306,1.49,-0.068,1.045,0.399,-1.562,0.008,0.249,0.351,0.471,-1.442,-1.343,-0.092,-0.584,-0.824,2.487,0.575,0.621,0.181,0.161,-1.123,-1.968,-1.75,-1.031,-0.565,-0.457,-0.781,-0.111,-1.243,0.684,0.115,1.67,0.541,0.586,-0.262,-0.864,-0.704,0.161,-0.038,1.24,-0.814,0.835,-1.54,0.538,-0.928,0.399,1
1.109,-1.545,-1.498,-1.478,1.204,-0.895,-0.922,-0.769,0.397,0.099,-0.862,-0.935,-0.666,-0.651,-0.053,0.065,0.839,-0.597,0.454,0.381,0.105,-0.624,1.817,0.505,-1.978,-1.641,-0.323,2.921,2.178,0.908,0.558,-0.265,-0.695,-1.051,1.329,-0.415,0.305,0.355,1.039,-0.155,0.426,-1.082,-1.099,-1.014,-0.292,-0.717,1.839,-0.304,-0.699,0.666,1
-0.722,0.286,-0.008,-2.387,-0.459,-0.34,0.631,1.374,0.426,-0.92,-0.886,0.677,0.143,0.453,-0.14,1.75,0.165,0.193,-0.876,-0.461,0.393,-1.978,1.184,0.813,0.331,-0.125,0.405,-0.989,-0.574,0.77,1.373,0.815,0.138,-1.261,-2.183,0.934,0.763,-1.229,-1.089,1.896,-1.88,-0.573,-0.222,0.146,-0.384,-1.003,0.616,1.469,-1.268,1.158,1
-0.371,1.522,-0.289,-2.309,-1.127,0.63,-2.51,-0.792,-0.816,-0.153,-0.634,-0.369,-0.922,-1.634,1.25,1.642,-1.132,-0.631,0.598,-1.815,-0.491,-1.283,-0.189,-1.015,0.391,0.048,0.627,1.024,0.728,1.026,0.094,0.049,0.233,0.264,-0.758,-0.983,1.051,-1.101,-0.484,0.356,-0.307,0.403,0.057,0.721,-0.503,0.687,1.119,0.222,1.201,1.752,0
-1.341,1.724,-1.408,-0.305,-1.297,-0.858,-1.18,-1.13,-0.33,1.226,-1.011,-1.283,-2.267,0.633,-0.267,-1.838,0.8,0.222,0.612,0.406,-0.962,0.244,-0.662,-0.332,-0.582,0.352,0.785,0.85,-0.974,0.554,0.318,-0.966,0.521,0.084,-0.702,-0.956,-0.569,-0.203,-0.419,0.64,-0.006,0.503,-1.11,0.276,-1.113,-2.3,-0.768,0.845,-0.369,-0.094,1
-0.318,1.252,-0.044,0.868,0.748,-1.122,1.054,0.272,0.508,0.468,-0.133,-1.839,0.723,1.156,-1.488,-0.138,0.276,0.933,1.343,0.023,-2.096,0.703,-0.128,0.636,-0.377,-2.538,-0.898,1.613,0.715,0.117,-1.054,-0.418,-0.02,-0.458,1.001,1.325,-0.564,0.726,1.95,-0.361,-0.507,-0.982,-0.724,0.752,1.443,-0.666,-1.95,0.423,-0.272,-0.104,0
-0.597,0.881,-2.215,-0.371,-0.302,-0.525,-0.837,-1.555,-2.107,-0.07,1.031,0.751,0.477,-0.031,0.397,-0.82,0.865,-0.338,0.711,-0.987,0.389,1.22,-1.521,-0.442,0.628,-0.574,0.691,-0.675,1.176,0.651,-0.068,-0.383,0.475,-0.398,1.137,1.921,-0.606,0.255,-1.189,-0.442,-0.086,-0.422,-0.31,0.592,0.193,-0.548,0.675,0.564,0.399,1.7,1
-1.767,0.911,0.221,-0.256,0.9,0.125,-1.093,-0.839,1.43,-1.2,-0.252,-1.332,-1.159,1.621,-0.711,0.635,-0.256,-1.573,0.773,0.33,1.333,1.153,0.474,1.305,-0.016,-1.35,-1.418,-0.298,-2.148,0.667,1.84,0.961,-0.067,-1.329,-0.953,0.794,0.822,0.618,0.731,1.884,-0.009,-0.142,-0.809,-2.296,-2.064,0.057,-1.472,0.436,1.697,-2.086,1
1.307,-0.588,0.517,0.794,2.049,-1.168,1.871,-0.235,-1.283,1.718,-0.262,-1.612,0.548,1.17,-1.611,2.272,-1.851,0.493,1.791,-2.177,1.023,-1.538,0.429,-1.509,-1.244,1.601,-0.311,0.32,0.734,0.794,1.105,-1.487,-0.663,-0.759,-1.339,0.15,0.84,-0.525,0.612,0.027,1.699,-1.414,0.691,-0.519,-0.506,0.446,2.217,0.08,-0.275,-0.866,1
0.573,0.359,-1.152,-0.865,-0.302,0.998,1.218,1.581,-1.142,1.811,-1.321,-0.745,-0.097,0.375,1.156,0.773,1.663,-0.09,0.893,0.581,-0.459,0.737,-0.383,1.067,0.01,-0.587,0.892,0.022,-0.073,0.663,1.129,-0.11,0.902,-0.866,-0.375,0.913,0.102,-0.527,-1.459,0.492,-0.563,0.783,0.669,-1.633,1.195,0.689,-1.276,0.856,-0.094,-0.585,1
0.213,0.487,1.218,0.049,0.47,0.173,-1.399,0.775,-0.968,-0.283,-0.674,-0.781,-1.019,0.259,0.374,1.067,0.856,0.152,1.598,-0.33,-1.413,0.065,-0.562,-1.061,0.8,1.011,1.443,-2.255,0.296,0.772,-0.482,0.569,0.742,-0.703,-0.529,1.004,-1.303,-1.716,1.872,0.89,1.569,-0.577,0.766,-1.766,-0.305,0.3,0.232,0.429,0.489,0.832,0
-0.502,-1.074,-0.173,0.415,0.32,-0.27,1.103,-1.62,0.741,-2.183,1.485,-0.456,-0.725,-0.529,-0.609,0.577,1.172,-1.866,0.531,0.543,1.408,-0.779,0.239,-0.547,0.305,-1.091,-0.682,0.203,0.206,-0.432,1.817,-0.929,-2.413,0.101,0.189,0.849,0.627,-0.258,-0.564,-0.128,-1.133,-0.66,-0.223,1.403,1.089,-0.429,-1.004,1.376,-0.246,-0.523,1
0.058,0.548,0.281,-1.451,-0.173,-0.094,-1.013,2.172,-1.42,0.908,-1.237,1.426,-0.112,-0.599,0.295,1.03,0.262,0.075,-0.431,-0.138,-1.002,-1.038,-0.293,-2.253,2.751,0.782,-1.361,1.317,-0.553,-1.488,-0.152,-1.462,0.501,0.286,-0.659,0.719,-0.266,0.651,0.052,-0.654,-0.693,-0.663,0.43,0.556,-1.848,1.597,1.224,-0.159,0.703,0.514,1
0.315,1.403,1.318,0.242,0.521,0.185,-0.716,-2.295,1.023,-0.002,-0.714,-0.307,0.947,1.549,-1.947,0.602,0.784,0.099,0.916,-0.982,-0.907,-1.297,-0.127,-3.257,0.186,-1.013,-1.066,0.02,0.966,-0.544,1.637,-0.629,2.044,-0.291,-0.161,2.02,-0.076,-0.788,1.082,0.272,-0.732,-1.407,-0.446,1.444,0.724,-0.27,0.525,1.135,0.328,-0.202,1
-0.706,-0.476,0.912,-1.544,1.24,-0.498,-0.109,-1.644,0.916,1.193,-0.791,-1.503,-0.232,0.467,-0.245,0.756,1.352,0.503,-0.756,-0.753,-0.31,-0.516,-0.905,-0.578,0.817,0.152,-0.08,0.357,1.188,0.442,-1.92,0.885,-0.643,-1.156,-0.879,-0.645,-1.398,-0.56,0.106,-2.576,1.562,-0.145,0.577,-0.263,-0.175,0.787,0.404,0.075,0.507,-0.053,0
0.578,1.393,-0.285,0.399,1.85,0.784,0.01,0.896,0.522,1.349,-0.576,-1.43,0.887,0.246,0.327,-0.753,1.122,0.522,0.648,0.446,0.953,-1.565,0.823,-0.19,1.048,-1.024,-0.378,-0.964,2.773,-0.888,1.038,-0.08,-1.092,0.231,-0.127,0.481,-1.35,-0.169,0.94,-0.345,1.27,1.409,0.293,1.673,-0.988,0.523,-1.145,-1.183,2.044,-1.919,0
-3.169,0.901,-3.016,-0.435,0.342,0.052,-0.152,1.86,-0.904,1.723,0.345,-0.127,-1.455,-1.004,-0.241,1.589,0.729,1.131,0.532,0.061,-1.315,1.006,-0.619,0.309,-1.473,1.371,-0.082,2.432,0.131,0.742,0.267,0.104,1.167,0.539,1.3,0.382,-0.37,0.123,-0.977,0.393,1.452,-0.652,-1.143,0.947,0.098,-0.349,0.857,-1.591,-0.324,-0.357,1
-1.816,-0.394,1.444,-2.043,1.823,0.974,0.281,0.348,-0.841,0.081,1.775,1.67,-0.623,-2.814,1.071,-1.253,-0.896,-2.225,0.698,-2.516,1.316,1.346,0.737,-1.326,0.388,0.768,-0.716,0.383,0.228,-0.777,0.329,0.781,-0.413,-0.422,0.939,-0.939,0.261,-0.457,-1.115,-0.345,0.066,0.61,1.836,-1.002,1.251,-0.394,-0.825,0.863,0.684,0.461,1
1.056,-1.562,0.039,0.095,0.207,2.817,-0.88,-1.023,-1.007,-1.258,-0.486,0.367,-0.333,-0.622,-0.746,1.182,-1.359,1.481,-0.389,-1.486,-0.622,-1.62,-0.983,-0.767,1.327,0.378,0.096,0.57,-1.432,0.774,0.589,-1.844,0.087,0.353,-0.515,-0.693,1.197,1.289,0.19,-1.068,-1.173,-0.63,0.53,-0.53,-0.513,0.118,-0.193,-0.311,1.24,0.027,1
-0.275,0.412,1.736,0.583,0.419,-0.106,1.581,2.041,0.994,0.365,-0.073,-0.117,0.49,-0.194,0.75,-0.038,-0.841,-0.197,-0.557,1.204,2.841,0.887,-1.229,0.414,-0.089,0.164,0.676,0.987,0.514,0.109,1.407,0.766,2.167,-1.031,0.358,-0.69,1.143,0.31,-0.005,1.291,-0.316,-0.216,-0.546,-0.837,-1.377,-0.341,0.128,0.135,1.894,-0.047,1
0.339,-0.43,-1.869,0.005,-0.561,0.59,-1.515,1.477,1.44,-0.246,-0.041,-1.398,0.313,-0.982,-0.829,0.862,1.682,-0.22,0.623,0.581,-0.079,0.837,0.774,1.384,1.238,0.296,1.153,-1.505,0.599,0.585,0.077,0.687,0.307,-0.852,-0.198,-0.494,-1.233,0.64,-0.411,0.728,-0.983,0.403,0.942,0.61,-1.302,0.867,1.465,-0.65,1.006,0.187,0
0.388,0.996,0.489,1.62,0.072,0.749,-0.176,-0.936,0.291,-0.574,0.359,0.803,1.068,-0.372,-0.526,-0.137,0.22,0.305,0.401,0.178,-1.405,1.06,-0.019,-1.891,-1.45,-1.803,-0.808,-0.336,1.319,0.167,-0.023,1.062,0.694,0.314,-0.594,-0.332,1.046,0.491,-0.748,-0.606,0.87,-2.102,-2.643,1.018,-0.062,0.092,-1.476,-0.058,-0.579,1.235,0
-0.299,0.243,0.0,1.009,1.773,-0.021,0.37,-0.629,-2.072,-0.729,2.056,0.166,-0.126,-1.125,1.413,0.063,1.182,-0.02,1.404,-1.766,-0.106,-0.261,1.335,-0.831,1.802,0.114,0.535,0.075,-0.701,-0.132,-1.1,-0.793,0.1,-1.534,0.864,-0.67,0.713,-1.685,1.188,-0.793,1.172,-0.883,-0.375,1.738,-0.765,0.042,-0.36,0.594,-2.328,0.37,0
0.387,-1.075,-0.282,0.378,1.228,-1.418,-1.212,-1.239,0.794,1.8,-0.544,-1.722,0.299,1.252,-0.166,1.17,1.913,-1.687,0.326,-0.186,-1.397,1.936,1.434,0.206,2.229,-0.309,-0.529,0.547,0.094,-0.745,0.693,0.214,0.359,-0.527,0.484,0.387,-1.378,-0.479,-0.877,-0.001,-1.541,0.054,-1.646,-0.431,-0.741,-0.107,-1.48,0.216,-0.02,1.617,0
-1.514,0.312,1.812,0.544,0.649,1.599,-0.158,-1.674,1.466,-0.86,-1.164,-1.05,-1.422,-0.569,0.309,-1.254,1.504,-2.252,0.766,0.113,0.842,-0.325,0.055,-0.955,-0.239,0.065,-0.166,-0.561,1.033,-1.508,-0.32,-1.382,1.674,0.783,1.005,-0.978,-0.377,-2.19,0.503,-0.33,-1.138,0.291,-0.024,-0.45,1.042,-1.517,-1.413,-1.084,1.097,0.942,0
1.688,0.72,-1.217,1.186,-1.074,-1.1,1.297,0.067,1.47,-0.055,-0.026,-0.079,2.215,2.947,-0.406,-1.282,-0.41,-0.631,-0.479,-0.795,-1.038,0.529,-0.761,1.879,-0.419,-1.14,0.719,-0.815,0.414,0.901,-0.446,-1.739,-1.592,0.259,0.093,0.465,1.012,2.274,-0.733,-0.414,-0.864,0.561,-0.795,-0.532,0.163,-0.492,-0.681,-0.579,0.227,0.44,0
1.593,-0.503,0.404,-0.719,-1.477,-1.177,-0.984,-0.888,-1.007,-1.33,1.231,-0.197,2.155,-0.596,-2.599,0.634,0.092,0.515,-0.223,0.406,-0.212,-0.115,0.326,1.124,-0.378,1.393,-2.089,0.41,-1.613,-2.081,0.232,0.111,-1.188,1.941,-1.576,0.482,-1.336,-0.709,-1.804,-0.568,-0.635,-1.207,1.052,-0.168,0.877,-1.213,-1.671,-0.201,0.172,-0.783,0
-0.582,-0.241,-1.607,0.912,0.878,0.673,1.097,0.665,-1.49,-1.467,-0.517,-0.303,0.244,-1.432,-1.419,0.551,0.039,0.461,1.007,1.181,-0.441,1.085,0.195,0.07,0.843,-0.36,-0.083,2.199,1.272,-0.775,-1.116,0.542,0.158,0.3,-0.68,-1.027,0.195,-0.695,0.466,-0.596,0.853,-0.165,-0.035,-0.995,-0.198,0.491,0.115,2.033,-0.544,0.487,0
1.739,0.97,0.049,1.811,-1.848,0.677,1.014,0.861,-1.583,1.3,-0.111,0.556,3.012,1.494,0.801,-0.25,-0.511,1.687,-0.851,2.291,0.724,0.294,-1.105,-0.394,1.067,0.792,-0.963,-2.394,0.506,1.601,1.429,1.065,0.141,-0.452,-1.248,0.431,0.8,0.876,0.581,-0.446,1.294,0.605,-0.21,0.143,-0.28,-0.031,-0.542,-0.403,-2.87,1.033,0
1.623,1.809,0.538,-0.932,-0.123,0.778,0.26,-1.768,0.779,0.413,-0.968,0.431,-0.978,0.333,-0.046,0.823,-1.087,0.678,0.46,0.802,1.703,-0.363,-0.116,-2.319,-1.517,-0.958,-0.42,0.233,-0.829,-1.246,0.493,-1.001,-1.128,-0.845,-0.394,-0.249,-0.015,0.979,0.822,0.852,0.307,0.584,-0.994,-1.396,0.103,-0.101,0.421,1.558,-1.391,-0.605,0
-0.865,-1.975,1.025,-2.176,-0.027,1.274,-0.492,-0.279,0.203,0.487,0.738,2.539,0.115,-1.021,-0.958,-1.368,-1.086,-0.828,1.236,-0.774,1.452,1.574,0.756,-0.696,0.208,2.04,2.47,2.059,-1.735,-1.171,-0.538,1.377,1.997,-0.597,0.33,-0.172,-0.465,0.649,0.906,-0.401,0.58,-1.295,0.175,0.595,0.93,0.404,-0.251,0.538,-0.796,-0.0,0
0.353,-0.509,-0.431,0.916,-1.048,-0.678,-0.967,0.348,-0.243,-1.186,-2.105,0.217,-1.311,0.228,1.371,-1.012,-2.052,-0.56,-0.236,0.209,-0.812,-0.217,-0.594,0.554,0.7,0.307,1.298,-2.076,-0.486,-0.006,-0.095,0.977,-0.243,0.572,-0.695,-1.374,0.015,0.445,-0.323,0.188,-0.2,0.761,-0.089,0.367,0.658,1.106,-0.064,-0.826,1.415,2.394,1
-0.447,1.243,0.753,-0.685,1.317,0.893,1.773,0.142,0.07,-2.22,0.248,0.498,-0.869,-1.251,-0.842,0.58,0.764,2.394,1.334,-0.244,-2.445,-0.814,-0.272,-0.241,-0.484,-1.058,-0.985,-0.101,-0.262,-0.766,-0.33,-1.724,-0.021,1.752,-0.684,-0.193,1.1,-0.417,0.036,1.572,-0.344,-0.707,0.001,1.461,0.911,1.057,-0.053,-0.785,-0.425,-0.513,0
0.105,-0.951,0.947,0.81,0.557,0.183,-1.119,0.63,-1.017,-0.297,-1.333,-0.169,-0.574,-0.21,0.082,-0.754,1.158,-0.214,0.288,0.284,2.217,0.356,-1.653,-0.855,-0.202,1.422,-0.763,0.056,0.471,-0.72,0.239,-0.835,0.322,2.479,0.865,-0.742,1.625,0.677,-1.885,1.793,1.468,0.807,1.322,0.89,-0.436,0.051,1.617,0.142,-0.619,-0.001,1
-0.664,1.393,1.077,0.108,0.329,0.962,1.552,0.504,0.975,-0.06,0.972,1.887,-0.541,1.932,-0.201,0.02,0.834,0.493,1.216,0.923,0.639,-0.689,-2.244,0.622,-0.758,0.57,-0.531,0.413,-0.238,0.175,-0.54,0.289,-0.737,1.881,-0.916,0.129,-0.645,0.194,-0.355,-1.15,1.027,-0.752,0.796,0.196,2.222,0.195,-1.624,-0.813,0.489,-0.476,0
0.035,-1.439,-0.372,-1.182,1.181,0.619,0.541,-0.339,0.416,0.294,-1.408,-1.508,-0.127,-1.131,0.369,-0.173,-0.426,-0.201,-0.192,-0.69,-1.296,0.376,-1.191,-0.85,0.396,-0.137,-1.144,-0.07,0.917,-0.004,-1.866,0.109,0.969,1.747,0.3,0.351,0.201,-0.931,0.881,-0.71,0.254,-0.614,-1.071,1.771,-0.086,1.226,-0.364,-0.629,0.691,-0.467,0
0.409,0.35,0.149,-0.179,1.169,-0.264,1.207,-1.425,0.268,1.74,0.805,1.107,1.503,-1.047,0.285,-0.231,1.089,0.628,0.817,0.365,-0.096,-1.925,-0.674,1.291,1.011,-0.41,-1.105,-0.673,-0.467,-0.72,1.221,-2.14,-0.316,1.573,-1.668,-0.367,-0.422,-0.569,-0.162,0.386,-0.918,-0.312,-0.482,-0.315,0.857,-1.344,-0.336,-0.259,1.186,-0.015,1
-1.182,-0.246,-0.403,1.028,-0.291,-0.398,0.338,2.707,0.542,1.174,-1.552,-1.11,-0.453,-0.949,-0.259,1.447,-0.429,0.642,0.951,-0.854,1.235,-0.998,-0.147,-0.352,0.664,0.669,1.682,0.765,0.653,0.425,1.441,0.889,2.504,0.072,-0.671,1.171,-0.707,-0.708,0.434,-1.14,0.724,-0.302,2.303,1.359,1.954,0.499,-0.537,0.271,-0.532,-1.03,0
0.969,1.363,-0.839,-0.206,1.429,0.858,-1.176,0.252,-1.53,0.516,-0.024,-0.099,-0.634,0.79,-0.589,1.109,0.667,0.035,-0.412,-1.138,2.411,0.535,0.41,-0.481,0.183,-2.159,-0.488,-1.994,0.028,0.746,0.396,1.389,-0.526,-0.173,-1.053,-0.969,-0.244,0.248,0.245,-0.679,1.084,1.038,0.569,-1.033,-0.974,0.85,0.256,2.574,0.335,0.291,1
0.549,0.112,1.267,-0.281,0.989,0.382,-0.78,-0.785,0.859,0.124,-0.088,0.203,0.435,0.901,-0.609,-0.558,-0.297,0.112,-0.547,0.258,-2.414,-1.334,0.143,-1.118,-0.997,-0.805,0.543,1.562,-0.009,-3.298,-0.609,1.439,-0.352,-0.169,-0.107,-0.895,1.114,-1.035,-2.029,1.546,0.375,-0.642,0.259,-1.442,-1.282,-1.46,-0.025,-0.416,-0.382,0.511,0
0.439,-0.427,-0.78,0.095,-0.818,0.286,0.024,0.53,0.171,1.644,1.727,-0.631,0.669,1.597,-0.818,-1.098,-0.199,0.569,-0.78,-0.022,0.722,-0.235,1.951,1.355,-0.008,-0.966,1.22,-0.524,0.331,1.71,0.999,-0.503,-0.881,1.048,-0.19,2.739,-0.165,-2.738,-0.692,0.115,0.724,0.635,0.243,0.713,-1.98,0.884,-2.337,0.65,0.337,0.089,1
2.615,0.491,-1.775,0.836,0.603,-0.767,0.678,-0.764,-0.38,-1.521,-1.85,1.596,-0.716,1.174,-0.271,-0.735,0.421,-0.231,-1.632,-0.824,-0.71,-1.346,-0.437,0.366,-0.673,0.656,-0.811,0.234,1.198,0.005,0.781,1.272,-0.382,1.058,-0.33,-0.497,1.565,0.492,-0.142,-0.107,-0.302,0.447,1.631,-0.569,1.259,-0.793,1.086,1.14,0.892,-0.841,0
1.106,0.578,0.375,-0.435,-1.885,-0.827,-0.101,-1.159,-1.422,-0.411,0.118,-1.026,-0.058,0.494,-0.173,-1.184,-0.095,-2.256,-1.479,0.409,-0.353,-1.034,-1.101,0.547,0.692,-0.236,1.439,-0.755,-0.285,-1.552,0.631,-0.732,-1.052,1.08,-0.166,1.05,1.459,1.542,0.6,-0.931,1.828,0.103,0.292,0.197,0.918,-0.721,-0.773,-0.01,0.376,-1.474,1
0.561,0.384,-1.493,0.222,-1.215,-1.234,-1.977,0.555,0.356,-0.377,0.571,-1.669,0.405,-1.435,-2.172,-0.294,-1.423,-0.668,0.635,0.271,1.292,0.201,0.157,-0.862,-0.601,-1.53,-0.996,1.414,0.101,-0.3,-0.247,0.235,0.691,-0.439,1.504,1.574,0.972,-2.231,-0.02,1.712,-2.211,1.595,0.772,2.606,0.651,-0.858,-0.901,0.01,0.119,-0.162,0
-0.813,-0.382,-0.478,0.687,0.86,1.024,0.369,-0.352,0.555,-0.016,-1.344,-0.098,-0.404,-1.339,1.4,-1.117,-0.669,0.615,-2.152,-0.13,-0.223,-0.142,-0.888,-0.211,0.024,-1.104,-0.168,0.03,-0.02,0.642,0.579,0.332,0.922,-1.798,0.08,-0.003,-1.371,-0.21,-1.483,1.018,1.868,-1.383,-2.046,1.848,1.978,0.564,1.47,-0.602,-0.047,-0.048,1
1.744,-0.893,0.559,-0.539,-0.667,1.411,-1.503,1.217,0.424,2.104,-0.69,-1.144,0.212,0.763,0.081,-0.352,1.733,0.298,-1.508,-0.282,-0.021,-0.209,1.141,-0.18,-0.471,0.267,-1.953,-2.443,-0.654,0.478,-1.09,2.158,0.973,1.024,0.316,0.28,-0.241,-1.165,0.656,0.265,1.271,1.376,-0.611,0.717,0.749,-1.093,-1.055,-0.187,1.064,-0.445,0
-0.94,-1.444,-0.042,0.857,-0.731,-1.625,-0.351,-1.209,-0.247,-1.139,1.392,2.658,1.684,-1.602,2.072,-0.59,0.05,0.691,0.848,-0.558,-0.285,0.956,0.446,0.951,-0.469,-0.012,-0.7,1.516,-0.122,-0.268,-0.451,0.547,0.268,-1.222,-0.425,-1.143,-0.373,-1.635,-0.81,0.436,0.154,-1.759,0.115,-0.693,1.396,-0.482,1.565,-0.208,0.553,-0.054,0
0.023,0.587,-0.195,0.438,1.707,-1.843,0.884,0.481,-0.007,-0.312,1.61,-1.351,0.39,1.281,0.788,-1.58,-1.072,2.229,1.571,-0.028,0.753,0.755,-0.271,-0.386,0.702,1.0,0.678,0.722,-0.222,0.084,-0.396,0.196,0.357,0.409,-0.449,1.136,0.875,-0.715,-1.521,0.187,0.885,-1.238,1.265,-0.765,-0.437,1.508,-0.025,-1.353,0.44,-1.246,0
0.469,0.245,0.786,1.393,0.858,0.443,-0.04,-1.231,-0.98,0.966,0.108,-2.015,0.528,0.377,0.799,-0.392,0.225,-0.345,-0.139,0.414,0.012,-0.195,-0.367,0.87,-0.79,-0.195,0.659,0.212,0.737,0.689,1.175,-1.039,0.039,0.243,0.002,-1.941,0.48,0.446,1.539,-0.888,0.229,-0.24,-1.279,1.84,2.223,-0.078,-2.54,-0.553,-1.497,2.292,1
1.037,-1.365,-1.726,0.376,-0.145,-1.478,1.114,-0.554,-1.118,-0.173,-0.351,-2.504,-0.737,1.367,1.419,-1.391,-0.654,0.698,-0.575,0.771,0.824,-1.294,-0.717,-0.809,1.089,0.521,-0.308,-0.079,-0.065,0.505,1.511,1.203,-1.357,0.932,-0.065,0.012,-0.238,-2.651,-0.078,1.294,-0.914,0.243,-1.475,-0.584,0.022,-0.866,-1.41,-0.977,-0.164,-0.261,1
-2.835,-0.707,1.266,-0.891,0.663,0.521,0.814,-0.782,1.147,1.24,-0.797,-1.076,-0.352,-0.916,-1.107,0.506,-1.894,-1.603,1.42,0.551,-1.337,-2.002,0.615,-0.612,-0.658,0.862,1.217,-0.401,0.752,0.471,-0.811,-0.63,-0.125,-1.759,1.186,-0.203,-0.482,-0.59,0.969,-1.65,-1.691,1.117,0.266,-0.294,-1.837,0.78,1.335,0.444,3.162,-1.005,1
-0.431,0.886,2.049,0.323,0.565,1.754,-1.732,1.087,-0.32,-0.264,0.431,-0.634,0.898,-0.628,0.465,0.43,-0.617,0.444,-0.616,0.146,-1.363,0.078,-0.326,-0.222,2.331,0.625,-1.357,-0.197,-1.322,0.779,-0.41,-0.037,0.839,0.134,-1.036,-1.001,-0.324,0.05,0.689,-0.389,1.224,-1.632,-0.519,1.718,-1.162,0.554,1.385,-0.137,0.322,0.15,0
-0.598,-1.07,0.864,0.709,-0.181,0.128,-1.62,2.776,-1.403,0.897,-1.144,-1.709,-0.762,-0.148,-0.799,-0.48,-0.066,0.021,1.157,-0.035,-0.619,-1.521,1.593,-0.586,0.276,0.953,-0.85,1.049,-0.275,-1.261,-0.917,2.302,-0.625,0.665,0.957,0.121,0.875,1.063,-0.54,-0.019,-0.246,0.064,-2.017,0.968,-1.599,-1.217,1.488,-1.047,0.451,-0.04,0
1.115,1.449,0.263,-0.591,0.328,1.689,-0.683,-1.227,-1.057,-1.214,-1.331,1.013,0.263,1.941,-2.2,1.767,0.947,-0.104,-0.504,-0.135,0.081,0.401,0.253,-2.352,-0.264,-0.147,-0.208,0.243,-0.242,-0.019,0.551,-0.937,-0.636,-1.177,0.311,1.372,-1.071,-0.988,0.258,-1.201,-0.263,-0.012,1.264,-0.793,-0.966,-0.457,-0.479,-0.777,-1.765,0.353,0
-0.73,-0.086,-1.144,0.666,-0.858,1.709,-1.063,0.128,-0.999,0.838,1.06,-0.045,0.594,0.485,0.821,0.555,0.748,0.616,0.616,0.157,1.683,-0.407,-0.608,0.755,1.844,-0.191,-1.126,-0.848,0.516,-1.407,0.112,-0.235,-0.258,-0.354,-0.723,1.416,-0.246,0.342,0.608,-0.385,-0.131,-0.905,0.217,-0.069,1.037,0.867,-1.664,0.615,-0.978,1.093,0
-0.882,0.932,-1.028,0.882,0.735,0.455,1.672,1.923,1.028,2.203,-0.623,0.29,0.924,1.039,-0.295,-1.296,0.864,0.412,0.694,0.622,0.353,1.161,-0.411,1.72,-0.21,1.662,1.243,1.104,-1.5,1.93,-0.773,0.769,0.398,-1.101,-0.091,-0.671,-1.425,-0.79,0.696,-0.284,-1.257,0.636,-1.349,-1.349,-0.209,-0.669,0.664,0.091,-0.705,0.547,1
-2.327,-0.002,-1.064,-2.195,-0.038,1.666,-2.256,-0.385,-0.682,-1.017,0.281,0.972,-1.278,-0.251,-0.009,0.113,-0.609,-0.701,-0.177,-0.751,-1.147,0.973,0.252,0.061,0.009,-0.704,2.399,0.008,1.03,-0.664,-1.503,-0.388,-0.58,0.651,-1.444,-0.289,0.115,-0.533,0.264,0.228,-0.545,0.864,0.762,0.1,-2.738,0.356,0.886,-0.298,-0.635,0.857,0
-0.16,-0.09,-0.359,-0.758,-0.369,0.273,0.845,-0.084,0.262,0.029,0.572,-0.438,0.636,-0.651,0.302,-0.294,0.924,1.297,-0.341,-0.619,0.518,2.93,-0.877,-0.159,0.131,-0.181,1.15,-0.37,0.052,-0.189,0.378,-0.659,0.28,-0.046,-0.017,-0.352,0.707,-0.999,0.935,-0.412,-0.526,-0.729,0.003,1.506,-0.654,0.131,-0.348,-0.046,-0.307,1.331,1
0.129,0.361,1.318,-0.423,-0.267,0.95,0.45,1.16,0.093,-0.304,-0.734,1.054,0.265,-0.583,0.87,-0.796,-0.319,-0.604,0.895,-0.617,0.118,1.093,-0.694,-0.029,0.005,-1.059,-0.937,-0.253,-0.111,-0.184,-0.621,-0.178,-0.538,0.085,0.485,0.888,-0.605,-0.846,1.805,-0.092,0.644,-0.422,-0.597,0.112,-0.121,-0.708,-0.596,0.345,-0.74,-1.113,1
-2.093,0.1,-0.003,-0.252,-0.708,-1.545,-0.308,0.377,-0.035,0.671,-0.071,-0.082,-1.71,0.779,-3.081,0.898,-2.292,-0.397,-0.123,-1.072,0.235,0.06,-1.539,-0.21,-0.171,1.51,1.492,-0.445,1.557,0.997,-0.333,1.659,-0.121,-0.551,0.379,-0.826,-0.553,-0.525,0.668,-0.085,-0.419,0.041,0.01,-1.154,-1.301,-0.613,-0.047,0.017,-1.181,1.398,1
0.059,-0.499,-0.203,-0.338,0.383,-1.058,0.832,0.737,-0.732,0.326,-1.099,0.147,0.239,-0.4,-0.05,0.691,-0.222,-0.861,-0.393,-2.65,-0.917,-0.688,0.275,-0.171,1.431,-0.405,-0.494,-0.063,-0.706,-0.169,0.699,0.557,-0.66,2.487,-0.698,-0.23,-1.754,0.354,0.185,0.503,-0.759,-0.064,-0.75,-0.974,0.113,-0.992,-0.079,0.789,1.093,-0.44,0
0.988,-0.374,-0.665,0.7,-0.327,-0.484,-2.392,-1.175,0.733,-0.616,-0.925,-2.016,-2.221,-0.306,0.095,-0.516,1.096,-0.822,0.233,-0.024,2.229,0.725,-1.349,-0.596,-0.902,0.627,-0.077,0.666,-1.655,0.752,-2.102,-1.761,1.19,1.486,0.507,-2.334,0.156,-1.349,-1.1,0.72,-1.294,-1.004,0.756,0.778,-0.132,-0.369,-0.145,0.025,0.986,-0.718,1
-1.391,0.852,-0.319,1.288,-1.184,0.286,-1.185,1.042,-1.435,-1.179,0.592,-1.685,1.689,0.579,0.957,-0.17,1.21,-0.484,-0.288,-0.427,-1.607,0.608,0.47,0.113,-2.929,-1.15,-1.101,-1.005,-0.496,-0.68,0.425,-0.571,0.621,-0.585,0.581,-0.836,1.154,0.2,-2.587,0.73,-1.595,-0.053,1.259,0.574,-1.324,0.887,0.618,0.93,-1.651,-0.483,0
1.568,-0.993,-0.256,0.161,-0.939,0.289,0.721,0.871,0.278,0.519,-1.665,2.328,0.571,-0.039,-0.336,0.979,0.156,-0.208,0.348,0.229,-0.934,1.308,-0.21,0.438,0.027,-0.776,-1.678,-0.855,0.817,-1.144,-0.874,-0.306,-1.101,-0.884,-0.229,0.018,-0.624,-0.111,1.961,-0.975,-0.354,0.119,-0.879,0.84,0.697,1.739,1.31,0.259,-0.402,1.426,1
0.553,-1.334,0.734,-0.504,1.852,-1.147,1.018,-0.363,-1.198,1.455,1.744,-1.099,-0.262,1.303,-0.208,0.134,-1.473,-0.308,-0.469,-0.377,-0.794,2.303,-0.425,-0.937,-0.41,-0.958,-0.759,-0.824,0.503,-0.899,-0.274,-1.269,1.823,-1.492,0.089,0.997,0.071,-1.155,-0.248,0.25,-0.647,-1.022,-0.814,-1.536,-0.313,-1.138,-0.143,0.344,-0.981,-0.586,0
0.692,-0.761,0.008,-0.069,-0.253,-0.605,0.703,-2.725,0.132,0.667,-0.229,-0.325,0.152,0.053,-0.702,0.538,0.26,0.837,-0.34,-0.877,-1.759,1.072,-1.719,-1.259,-0.865,0.666,0.971,0.363,-0.161,0.731,1.846,0.726,-0.801,-0.077,0.034,0.583,0.634,0.012,-0.951,-0.714,-0.636,1.435,0.092,-0.181,-1.239,0.235,-0.88,-0.85,-0.367,0.65,0
0.007,1.534,1.11,0.815,-1.517,-0.709,-1.132,1.047,0.711,0.84,0.412,1.141,-0.145,-0.522,-2.346,0.043,0.597,-0.075,0.055,-0.832,-0.603,0.837,-0.216,1.078,0.472,0.227,0.068,-1.029,0.38,0.387,1.497,-0.466,-0.339,-1.743,-0.052,-0.877,0.132,-0.759,0.45,-0.731,-1.542,1.689,-1.002,-1.116,-0.002,-1.567,-0.247,0.772,0.429,-0.175,1
-2.486,-0.963,0.347,-2.116,-0.164,1.258,-0.454,0.803,-0.672,2.359,-0.065,-0.12,0.604,-0.827,1.599,-0.725,1.989,-0.007,0.005,-0.618,-0.359,-1.247,-1.617,-0.986,0.092,-0.101,1.21,1.444,-0.105,-0.842,1.076,1.377,1.256,0.576,0.933,-0.866,0.314,-0.353,-0.823,-0.287,0.671,-0.002,0.385,-1.843,-0.6,-1.169,-0.477,1.021,0.16,0.259,0
0.793,1.045,0.32,0.769,-0.628,0.015,-1.268,-1.509,0.821,0.55,-0.405,-0.061,0.751,-1.059,-0.759,0.093,0.381,0.562,-0.848,-1.348,-0.573,1.042,-2.057,-1.283,1.351,-0.821,0.519,1.397,0.05,-0.052,0.755,-0.347,-0.944,0.058,-0.111,0.736,0.581,0.747,1.279,-0.385,0.449,-0.514,0.559,0.015,-1.271,1.095,-0.552,-1.48,0.786,0.357,0
0.283,-0.649,1.103,0.628,0.775,-0.278,-0.622,-0.623,-2.133,0.257,0.043,-0.808,0.165,-1.167,0.563,-1.092,-0.53,-1.082,0.139,-0.923,-0.651,-1.497,0.696,-1.48,0.901,-0.365,1.014,1.1,0.702,-0.09,1.217,0.045,0.105,-0.145,0.632,1.26,0.259,-1.03,-1.299,-1.046,0.116,-0.138,-0.222,0.173,0.409,-1.364,-0.195,1.611,-0.783,-0.34,0
2.136,-0.261,-0.831,-0.795,-1.548,0.432,-1.135,1.579,-0.211,-1.779,-0.044,-1.435,0.743,0.166,0.395,-1.29,-1.234,0.308,0.753,0.803,1.328,0.398,-1.014,1.524,-0.286,1.067,0.811,-0.807,-0.225,1.496,-0.594,0.663,0.27,0.507,-0.983,0.633,-2.213,-0.678,0.867,-0.461,-0.391,-0.045,0.091,-0.052,-0.243,0.56,-1.131,0.294,-0.493,1.068,1
-1.193,-1.397,-1.04,1.943,-0.954,1.407,1.319,-1.048,-1.161,0.14,1.809,1.657,-0.914,1.038,-0.175,0.497,-2.853,1.025,-0.655,0.772,-1.186,0.959,1.212,-0.62,0.714,1.323,-1.158,0.564,-1.8,-0.941,-0.579,-1.109,1.093,-1.42,-0.169,-1.094,-1.1,-0.398,0.41,-0.131,-0.302,0.229,-1.032,-0.593,0.768,-0.709,1.043,-2.422,0.286,0.447,0
-0.098,1.932,0.042,0.021,-1.199,-0.194,-0.959,-1.124,-2.036,-1.416,0.072,2.119,-0.235,-1.738,0.091,-0.092,-0.491,0.299,1.012,-0.119,0.714,0.252,0.455,0.725,0.26,0.345,0.058,-0.791,-0.331,1.637,0.041,-2.231,0.033,0.239,-1.718,-1.722,-0.012,1.608,0.098,-0.918,1.247,-1.408,-2.482,1.499,-0.128,-0.765,-0.072,-0.404,0.006,-0.315,1
-1.801,1.315,-0.23,-0.125,-0.086,1.363,1.488,-0.099,1.321,-0.009,1.359,-0.017,-1.559,-0.44,2.241,2.001,0.037,-0.355,-0.557,3.057,0.144,1.134,-1.103,1.634,0.558,-0.368,-1.183,-0.334,0.147,1.718,-0.728,1.762,-0.098,0.589,1.728,-1.066,0.829,1.147,-0.322,-0.367,1.027,0.427,1.227,2.132,0.583,1.588,-0.988,0.73,0.435,-0.169,0
0.229,1.569,0.692,1.4,-0.069,-1.102,1.796,-0.668,0.906,0.687,0.991,-1.359,-0.015,1.812,-0.624,0.485,1.01,-0.905,0.78,1.105,0.517,-2.032,1.056,-0.949,-1.081,-0.265,1.364,0.897,1.629,-0.582,-1.464,-1.117,0.831,-0.861,1.45,-0.915,-0.61,0.472,1.039,0.075,0.237,0.225,0.326,-0.638,1.085,-1.235,0.077,-1.256,0.373,0.795,1
-0.488,0.902,0.442,0.603,-1.311,0.567,-0.018,-1.367,0.759,0.307,-0.365,0.392,-0.097,0.812,-1.484,-1.237,1.052,-0.208,-0.149,1.78,-0.062,1.605,0.026,0.517,-0.328,-1.146,-0.156,0.329,0.181,1.071,1.221,-0.509,-1.1,-1.418,-0.144,0.505,1.697,0.304,0.09,0.337,-1.586,-1.698,0.369,1.527,0.614,-0.734,-0.102,-0.942,-0.687,-1.03,0
0.699,-0.047,1.099,-0.096,-1.348,0.169,0.615,-0.65,0.156,-0.395,0.063,1.284,-1.047,-0.807,-0.704,1.629,0.586,-0.229,0.642,0.761,0.554,-1.781,-0.765,0.844,-1.129,1.178,1.193,0.872,0.778,-0.316,-0.58,0.954,-1.773,0.357,1.411,0.07,0.115,-0.761,0.639,2.083,0.046,0.161,-1.417,0.72,-1.768,0.066,-0.666,-0.135,0.632,0.0,1
1.016,-0.869,0.765,-2.64,-1.84,0.308,-2.103,-0.436,-0.618,-0.867,-0.663,-1.206,-0.548,-0.563,-0.086,-0.402,-0.573,-0.72,-0.678,0.21,-3.161,-0.374,-1.347,-1.172,0.999,-2.029,0.248,-0.035,-1.15,-0.541,-1.401,0.266,0.229,0.848,-1.062,-0.055,-2.793,-1.907,0.37,0.565,1.718,0.191,-1.429,0.939,0.217,-0.377,-0.307,0.1,1.012,2.608,0
2.5,1.621,-0.388,-0.892,-0.381,-0.023,-0.665,-0.154,-0.973,-2.377,0.314,-0.612,-0.089,2.177,0.109,0.178,2.265,-0.998,0.201,-0.669,-0.649,-0.219,0.065,-0.807,1.578,0.55,-0.001,0.651,1.329,-1.726,-0.421,0.601,-1.454,-1.088,1.555,0.099,1.037,-2.258,-0.631,-0.183,-0.708,0.587,-0.532,-0.869,0.164,0.25,-1.627,-1.049,1.289,2.067,0
-0.504,0.921,0.496,0.063,-1.558,-0.541,0.36,0.246,-0.37,0.457,-1.283,0.157,-1.273,0.541,0.437,-1.221,1.395,1.951,2.603,1.457,0.196,0.032,-1.823,1.284,0.262,0.036,-1.239,-0.939,1.012,-0.829,0.746,-0.86,-0.887,0.717,-0.312,2.892,0.665,-1.33,0.443,1.133,-1.084,0.438,0.754,-0.62,2.908,0.662,0.192,-0.45,-1.043,0.12,1
1.477,-0.299,-0.161,0.883,0.188,2.193,0.43,0.968,0.352,0.644,-1.202,1.499,0.904,-0.406,-1.359,-2.357,1.627,-1.412,0.743,0.178,1.058,-0.637,0.61,-0.64,-0.28,0.57,-0.732,0.292,0.817,0.285,0.809,0.458,0.104,-1.718,0.241,-0.048,1.316,-0.336,0.303,-0.643,-1.058,0.68,-0.949,-0.346,0.955,-0.373,-0.649,-0.573,-0.727,-0.415,0
0.146,-0.418,0.216,-0.367,-0.495,0.741,0.651,1.267,0.583,0.115,1.527,-0.504,-1.545,0.388,-0.571,1.589,-1.124,-0.379,-0.727,0.692,1.401,-0.199,0.411,-0.765,-1.42,1.0,-1.743,-0.882,0.202,0.663,1.833,-1.731,-0.437,-0.141,-0.406,1.549,-0.736,-0.94,-0.28,1.957,-0.13,-0.732,0.365,-1.64,0.719,0.453,-1.023,0.23,-1.156,0.657,1
0.658,-1.521,-1.38,-1.168,-2.384,0.4,-1.123,1.003,2.457,0.219,-0.11,-1.264,-0.673,-1.288,-0.47,-1.446,-0.671,-0.283,-0.269,-1.018,1.855,0.751,-1.008,0.476,-0.188,1.147,0.23,1.428,0.457,-0.235,-1.376,0.526,2.196,0.652,-1.152,0.313,0.288,-1.969,0.608,-0.514,-1.998,0.26,1.971,-0.717,-0.773,-1.272,0.99,0.273,-1.215,-1.367,1
1.164,-1.017,-0.594,1.529,-0.542,-0.631,-0.178,1.086,0.965,-1.052,1.013,0.405,-2.621,0.123,-1.464,0.044,0.329,-1.385,-1.645,0.341,-0.212,-0.197,1.235,0.387,-0.67,-1.082,-0.62,-0.975,-1.37,1.331,1.589,1.415,-1.542,-0.241,-0.444,0.266,0.055,-0.977,0.052,-1.853,-0.112,-0.85,0.698,-0.415,0.629,-0.78,-0.696,-0.44,-0.337,-0.342,0
0.433,-0.455,-0.964,0.382,-1.228,-0.913,1.21,-0.017,0.681,-0.118,0.214,-0.018,0.615,0.012,-0.95,-0.111,0.409,1.288,0.718,1.303,-0.822,0.243,2.07,-0.951,-0.848,-0.308,2.162,-0.601,-0.86,-0.429,-0.579,1.955,0.138,-2.291,0.241,1.39,-1.771,-0.271,-0.569,0.638,-0.856,-1.123,-1.173,-0.809,-1.413,-0.133,-0.365,-0.111,-2.447,-0.361,0
1.896,0.856,-0.439,-1.033,0.015,0.472,-0.193,-0.927,0.249,-0.298,-0.272,2.053,-0.431,-0.109,0.605,-1.061,0.032,0.569,1.255,2.359,1.808,0.604,1.526,0.663,0.88,1.162,-0.229,1.094,0.203,-0.932,-0.071,0.159,1.133,1.727,-0.933,-0.196,0.896,0.792,1.62,-0.467,0.945,-1.755,0.285,1.04,-2.033,0.724,-2.059,-0.198,-0.518,-2.088,0
0.795,-0.033,-0.908,-0.293,1.268,-1.446,-0.253,1.114,1.908,-0.539,0.159,-1.142,0.368,0.634,-0.183,-2.483,-0.389,0.069,-1.168,-0.866,1.718,0.45,0.275,-0.095,0.271,0.69,-0.56,0.011,1.435,-0.333,1.023,1.243,-1.252,1.336,-1.316,-0.96,-1.592,0.72,0.483,-1.179,-0.279,0.096,0.018,-0.113,-1.117,-0.183,0.467,0.507,-0.348,-0.066,0
0.81,-1.428,-2.084,-0.387,0.335,-0.171,0.612,0.168,0.635,0.732,2.454,0.451,0.027,0.926,-1.596,0.768,-0.773,-0.628,-0.675,-0.949,1.218,-1.554,0.805,1.591,-0.239,0.372,1.69,0.584,0.87,-0.86,-2.079,2.894,-0.471,0.001,1.241,-0.105,-0.611,2.156,3.112,-2.446,-1.292,0.307,-0.823,-0.024,-1.103,0.13,0.44,0.045,0.104,-0.215,1
0.114,1.648,0.075,0.368,-0.985,-1.669,1.018,-2.539,2.622,0.237,-1.585,-0.794,-0.053,1.456,-2.227,1.373,-1.577,-0.985,1.506,0.263,-1.096,-1.416,-0.687,0.652,-0.596,0.914,0.931,0.24,-0.178,-0.695,0.812,3.387,0.14,-0.16,1.102,0.251,0.232,1.038,1.389,1.284,-0.252,0.974,0.601,2.76,1.512,-0.007,-0.461,-1.439,0.84,1.03,1
0.287,0.895,0.233,0.584,-2.08,0.93,-0.434,0.265,0.619,-0.042,-0.238,0.992,-0.984,-0.006,-0.53,1.035,0.515,-0.581,-0.828,1.429,1.479,2.098,1.663,-1.244,1.166,-0.637,1.077,1.772,-0.248,-0.99,1.491,0.671,-0.878,-2.154,-1.213,0.715,0.666,1.046,0.13,0.972,1.956,1.365,-2.56,-0.247,-0.282,-0.407,0.485,-1.46,-0.783,0.502,0
-0.677,-0.905,-2.099,1.434,0.838,0.206,0.301,-0.243,0.693,1.448,0.035,-0.086,0.365,-0.205,0.128,1.764,-0.885,1.269,0.517,0.322,-0.949,1.064,-0.091,1.011,-1.693,0.529,0.511,-0.833,0.505,1.736,0.425,0.07,-0.9,-2.202,1.234,0.296,-1.811,-0.074,0.424,-1.396,-0.408,0.67,1.129,0.942,0.292,-1.834,0.765,-1.113,1.089,-0.284,0
0.032,0.782,0.786,0.494,-0.417,-0.783,-0.029,1.24,0.795,0.255,-3.007,-0.186,-0.921,0.017,0.187,0.144,0.522,-1.468,-0.619,0.918,0.133,-0.364,-0.108,-0.285,1.61,1.254,-0.827,-1.152,-0.181,-0.715,-0.116,-1.09,0.936,-1.657,-0.251,-0.247,0.949,-0.8,-1.125,0.534,-1.137,0.828,0.138,0.541,-0.006,0.425,0.235,0.204,0.297,0.652,1
-0.417,0.012,-0.233,0.164,-0.003,0.756,-0.067,-0.609,0.62,-0.031,0.184,0.39,1.72,-0.43,0.208,0.378,-0.398,0.329,-0.818,-0.193,-1.602,-1.043,-0.149,-2.346,0.667,-1.671,-0.32,-0.419,-0.264,0.541,0.305,-0.947,0.584,0.211,-1.699,-0.153,-0.545,-0.033,-3.077,-0.697,-0.493,0.491,0.144,-1.351,-0.772,0.336,-0.18,-0.837,-0.21,-0.901,0
-1.303,-0.726,2.68,-0.004,-1.632,-0.117,-1.345,0.011,-0.851,0.36,0.967,-1.485,0.166,0.923,0.766,-0.72,-1.16,1.138,-0.093,2.152,0.961,-1.113,-0.387,0.477,1.662,2.251,-1.721,-1.099,1.266,-0.377,-0.328,2.009,0.316,-0.866,-0.01,0.154,1.101,-0.21,-0.409,1.97,-0.915,1.562,-1.574,0.735,1.601,1.664,0.497,0.156,0.435,-1.072,1
-1.868,-0.795,-0.382,-0.032,0.461,0.043,1.547,0.142,0.594,-3.098,0.69,-0.166,0.306,0.257,0.207,-0.736,-0.236,-0.971,0.247,-0.735,-1.985,0.962,-0.438,-0.388,0.058,0.792,-1.832,0.451,1.258,0.785,-1.494,-0.17,-0.808,0.584,-2.65,0.563,-0.408,-0.93,0.303,-0.83,-3.004,0.682,-2.051,0.567,-0.515,-0.995,-0.266,-0.438,-0.555,1.698,0
-0.237,-0.799,1.326,0.66,0.053,-1.085,-0.019,-1.5,-0.797,-1.277,0.722,0.91,-0.106,-0.19,0.47,1.666,1.15,-0.04,1.722,-1.288,0.702,1.787,1.242,0.276,1.396,0.152,-0.309,1.562,1.018,2.081,1.631,-0.858,0.489,-1.331,0.35,1.293,-0.791,0.183,-2.528,1.616,-1.82,1.572,0.884,0.888,-0.005,1.196,-1.337,-0.278,0.664,1.063,1
-0.94,-0.803,0.528,0.697,-0.121,0.403,1.437,1.73,-0.834,0.359,-1.33,-1.694,-0.436,1.204,1.643,1.637,0.153,0.128,-0.584,1.026,-2.209,-0.489,-0.269,-0.326,0.379,0.229,-0.183,-0.282,0.992,1.352,-0.217,-0.179,2.397,-0.446,-0.186,-1.28,1.114,-1.796,-0.791,-1.23,0.234,-0.886,-1.904,0.191,1.195,1.332,-2.125,-1.325,0.027,0.158,1
0.787,0.306,-1.291,0.636,1.132,-0.841,-0.975,-1.342,0.406,0.495,0.488,0.346,-0.231,0.262,-0.136,0.68,-1.441,0.58,0.095,0.516,-0.874,-0.869,0.592,0.695,0.222,0.741,0.111,-1.908,0.669,0.632,0.122,1.511,-0.403,1.239,1.431,0.209,0.847,-0.986,0.779,0.454,0.223,0.681,-0.271,0.232,0.998,-1.347,0.411,0.507,-0.736,0.775,0
1.927,1.345,0.449,-1.678,-1.028,0.571,2.113,0.434,0.332,-0.217,0.569,0.614,0.752,-0.419,-1.546,0.278,0.333,-0.776,1.679,-0.345,-1.125,0.591,0.314,0.758,2.916,-0.099,0.818,-0.738,0.485,0.48,-0.682,-0.426,-1.429,1.655,-0.092,0.519,-1.484,0.116,0.342,2.128,-0.727,0.571,0.579,-0.648,-0.712,0.7,-1.346,-1.078,0.058,0.256,0
0.626,0.87,-1.564,-1.207,0.929,-2.177,0.358,-0.936,1.486,1.028,-0.375,-0.282,1.706,1.114,-0.229,0.132,-0.588,-0.445,-0.723,-0.722,-0.064,-0.612,-0.356,-1.545,1.266,-0.4,-0.17,0.475,-0.397,-1.802,0.49,-0.152,-3.074,0.247,-0.777,2.62,0.897,-0.186,1.371,0.46,-1.419,0.555,-0.185,-1.423,1.235,0.576,0.314,1.216,-0.965,-0.222,1
0.248,0.097,0.327,-0.168,0.673,0.237,0.067,-0.146,-0.945,-0.4,1.704,-1.216,-0.717,0.662,-0.752,0.536,0.116,-1.51,-0.162,1.311,-0.738,1.095,-1.375,0.991,1.164,0.605,-0.676,-0.276,-0.992,-0.856,-0.635,1.398,-0.3,-0.263,0.453,-0.126,0.684,-0.596,0.166,-0.09,1.232,-1.059,0.017,1.163,-0.37,-0.34,-0.313,1.119,-0.1,1.834,0
-0.663,0.686,-0.057,-0.93,1.212,0.792,-0.115,-1.445,0.284,1.839,0.268,0.655,-0.711,1.321,-0.532,0.708,-0.921,0.137,0.269,0.779,0.822,-0.979,2.2,0.692,-0.276,-0.258,0.19,2.596,-0.989,1.53,-1.531,0.68,2.002,0.604,-1.294,1.926,0.058,0.577,-0.495,-1.453,0.212,-0.638,0.01,-1.485,-1.324,-1.063,2.526,0.211,-0.331,-0.637,0
1.185,-0.584,-0.787,0.121,0.027,0.468,-2.464,0.11,-0.124,-2.153,0.567,-0.368,2.08,-1.251,2.276,1.322,-1.729,2.156,-1.213,-0.113,0.802,0.733,1.018,1.338,-0.444,0.542,2.38,-2.189,0.02,0.056,0.596,-0.059,1.31,-1.121,0.321,-0.634,0.275,2.254,-0.669,0.584,2.198,0.12,-1.005,0.104,2.219,-0.54,1.395,0.346,-1.332,-0.022,1
-0.422,-0.724,-1.596,-1.067,0.831,0.831,1.013,-0.038,1.804,1.178,0.885,-0.166,-2.082,1.096,0.263,0.925,0.996,-1.456,0.549,0.026,0.098,-0.99,0.599,1.113,-1.71,-2.084,-2.176,-0.352,0.286,-0.433,-1.69,0.235,-0.149,-0.124,-0.558,0.374,0.214,1.673,-1.236,0.123,1.478,1.378,-0.138,0.259,0.396,0.686,2.821,0.123,0.029,1.555,0
-0.049,-0.294,-0.363,1.19,-0.665,0.115,-0.333,1.597,0.413,-1.075,-0.83,-1.262,1.721,-1.223,1.085,-0.358,0.628,-1.213,0.377,0.427,-0.823,-0.139,0.618,0.186,0.359,0.475,-1.569,-1.085,-0.321,0.848,-0.068,0.872,0.946,-0.287,-1.03,1.459,-0.048,0.189,0.927,-0.149,1.514,-1.271,-1.572,0.096,-1.068,0.161,1.072,0.607,-0.71,-0.802,0
1.058,-0.462,-0.364,-1.643,-0.228,-0.211,-0.654,-1.134,-0.303,0.032,0.059,2.769,0.472,-0.164,0.378,1.774,-0.639,0.709,0.511,0.481,0.41,0.735,0.382,-0.275,0.923,2.348,0.768,0.738,0.261,-0.023,-0.341,-1.597,-0.178,1.814,-0.755,0.636,-1.328,-0.656,0.1,0.589,0.025,1.777,0.307,-1.921,-0.196,0.833,0.106,-2.647,0.182,0.294,0
0.837,1.087,-0.818,-0.261,0.385,1.063,-0.716,0.573,-0.33,-1.346,-0.135,-0.691,0.203,-1.597,0.348,1.343,2.104,-0.97,1.575,-1.51,-0.983,-0.237,-1.207,0.338,2.075,0.529,-0.741,-0.243,1.847,-1.053,0.856,0.009,-1.411,-0.719,-0.8,0.157,0.229,0.158,1.225,0.186,-1.825,0.037,0.775,-2.176,-0.243,1.859,-0.082,0.444,-0.043,0.111,0
-0.382,-0.549,-0.309,0.096,0.267,-0.565,0.815,-1.532,0.04,0.078,0.976,-1.784,-0.153,-0.238,-1.569,0.553,0.979,0.568,0.372,1.132,-0.239,-1.519,0.032,-0.266,-1.659,0.962,1.386,0.293,-0.187,1.976,-0.729,0.116,0.499,-0.425,-0.859,0.445,1.008,0.093,0.377,-0.198,-0.063,-0.81,0.669,1.429,-0.556,0.476,1.48,-0.192,-0.095,0.399,1
-0.416,-0.221,-0.794,-0.696,-0.289,-0.607,-1.248,0.942,0.252,-1.384,-1.616,-0.12,0.504,-0.904,2.003,-0.42,0.985,1.002,0.805,0.052,-0.705,0.599,0.017,-2.03,-1.328,0.447,-2.967,-1.015,1.043,1.278,1.095,-1.118,0.109,-0.461,0.978,0.113,-1.066,0.207,-1.552,-0.259,0.699,1.221,-1.024,-1.124,-0.101,-1.65,-1.563,1.02,-1.717,1.677,0
-1.02,0.951,1.03,0.956,-0.96,2.137,-0.956,-0.336,-1.408,-0.753,-0.831,-1.877,-0.604,-0.61,0.264,-0.111,-1.682,-0.058,0.785,0.892,0.217,0.562,0.481,-0.885,1.705,-0.512,-1.114,-1.289,-0.52,0.77,0.839,0.082,-0.493,0.348,1.893,-0.286,-0.528,-1.443,0.292,0.109,0.149,1.356,-1.609,0.121,0.584,-1.576,0.735,0.393,0.713,0.253,1
-0.696,-0.844,-2.404,-0.515,1.748,1.961,2.717,-0.739,-0.545,1.502,0.462,0.391,-0.17,-0.378,-0.273,0.241,0.322,-1.041,0.808,1.504,0.684,-1.293,0.515,-0.082,-0.063,1.402,0.503,1.574,0.885,0.332,0.062,1.053,-2.009,-0.203,0.485,0.512,-2.028,0.416,0.01,-0.637,0.04,-0.301,-0.521,0.77,-0.382,2.191,-0.145,1.536,-0.88,1.565,1
-1.935,0.023,1.288,-1.412,-0.114,0.183,2.043,1.644,0.935,-1.34,1.387,0.362,1.491,-2.139,1.248,0.207,-0.037,-0.343,-0.066,0.699,0.734,2.523,-1.036,-0.181,-0.789,1.341,1.269,0.38,-1.851,-1.595,-0.691,0.685,-0.392,-1.667,0.28,1.145,-1.473,-0.013,0.332,0.795,-0.136,0.232,-0.118,-0.342,-0.401,-1.562,-0.025,-1.603,-0.449,-1.432,1
1.198,-1.431,0.152,-1.143,1.431,-1.518,-0.595,-0.896,-0.66,0.571,-0.946,2.002,0.53,-1.354,-0.506,1.807,-1.265,0.57,-0.749,-0.316,0.667,0.942,1.428,-0.294,0.417,-0.274,-0.28,0.258,0.414,-0.415,-0.393,0.514,0.807,0.549,-0.142,1.586,0.554,0.87,1.155,-1.194,0.722,0.156,1.355,-0.925,-0.23,0.003,-0.052,0.993,1.383,0.12,1
-0.531,0.501,-0.93,0.473,1.015,-0.239,-0.58,1.1,-0.978,-0.035,-0.96,-0.794,2.367,0.715,0.7,2.1,1.413,-1.229,0.194,-0.641,-0.694,-1.991,-1.077,-0.576,1.467,-0.109,1.773,0.191,0.464,1.845,-0.194,-0.242,-0.186,-0.577,0.627,-0.127,-1.517,0.341,0.828,-0.937,1.985,-1.071,0.91,-0.143,-0.612,-0.941,-2.485,0.376,-0.482,-0.238,1
0.16,-0.073,-1.78,-0.006,0.121,-0.767,-0.096,0.13,0.482,2.02,-1.196,0.229,0.946,-1.36,0.773,0.834,0.275,-0.186,0.132,-0.158,-0.005,-0.9,0.347,-0.587,-1.1,1.483,1.706,0.469,0.513,-0.486,0.973,-2.356,1.397,0.466,0.054,-0.433,-0.564,-0.945,-0.172,-0.887,-0.719,1.639,-0.153,-1.109,1.112,-0.453,-0.313,1.717,-1.866,0.075,1
-0.939,0.032,-1.247,-0.358,-0.857,-1.072,-1.12,-0.451,1.005,1.806,-0.257,-0.467,-0.702,-0.355,1.848,-1.209,0.659,-0.333,-0.241,1.208,-1.288,1.207,-0.172,0.062,-0.316,1.645,-1.934,-2.051,0.351,-1.435,0.874,-0.049,0.027,0.076,0.747,-1.721,0.021,-1.311,-0.713,-1.29,-1.343,1.004,-0.763,-0.795,-0.437,1.347,0.299,0.982,-0.62,0.537,0
0.136,0.322,-0.62,0.734,0.088,-0.819,0.943,0.857,-0.274,1.559,1.349,0.58,0.949,-2.138,-0.269,0.006,-2.28,-1.973,1.828,-0.15,0.565,1.473,-1.193,0.286,-1.379,0.762,-0.377,1.214,0.301,-0.604,-0.195,-1.406,0.499,-0.06,0.616,-0.691,2.328,0.294,0.039,1.81,0.21,0.69,-0.933,-0.622,1.303,0.714,0.233,1.223,-0.079,-2.25,1
-0.827,-0.124,0.34,0.596,0.812,-1.568,0.963,2.263,-2.018,0.089,0.426,-1.292,-0.063,-0.826,-0.753,0.986,-0.401,0.199,0.579,0.207,-0.86,0.853,0.184,-0.622,0.441,-0.042,0.924,-1.811,1.754,1.843,-0.135,1.99,-2.19,-0.269,-0.556,0.099,-0.494,-0.159,-1.218,1.076,-0.599,-0.252,-0.357,0.309,-1.885,-0.2,2.495,0.607,1.068,-1.332,1
0.727,-1.114,0.571,-0.266,0.748,-1.779,1.308,-0.273,-1.797,0.264,-0.376,-1.064,0.173,0.292,-1.274,-0.221,-0.947,-0.524,0.511,0.94,-2.225,-0.954,0.425,0.479,0.359,0.757,-1.186,-2.596,-0.066,-1.817,0.129,-1.022,0.354,0.016,0.605,-0.944,-0.213,-0.405,-0.664,0.001,-0.688,1.391,-0.447,-0.171,0.973,-1.595,0.137,0.962,-0.726,0.564,0
-0.724,-0.606,-0.377,-0.811,-1.362,1.727,-1.52,1.001,1.196,1.473,0.017,-0.183,0.092,-0.507,-1.531,-0.502,-1.137,-0.12,-0.237,-0.265,-0.12,0.359,-0.455,-1.048,-1.676,-0.7,0.659,2.016,0.792,0.402,-0.252,0.664,-0.861,0.85,-0.479,-0.372,-0.559,1.991,0.937,1.171,-0.232,-1.076,1.018,-0.735,0.434,1.625,0.206,-0.082,-0.298,0.033,0
-2.469,-0.532,-0.125,-1.137,0.826,0.878,1.195,1.147,0.14,2.969,0.048,1.687,0.219,-0.62,-0.724,-0.276,0.042,0.903,0.228,0.793,1.321,-0.965,-0.039,-1.727,0.993,-1.584,-1.139,-0.699,0.029,0.573,0.633,-0.244,-1.379,0.294,0.824,1.766,-1.621,-1.018,1.263,0.297,0.296,-1.111,0.352,-0.515,1.6,-1.246,-0.396,0.691,0.726,-0.075,0
-0.164,-0.903,1.224,0.694,-0.395,-0.811,-0.426,-2.106,-0.259,0.424,-0.324,0.298,-1.822,0.232,-0.092,-0.217,-1.529,-1.054,1.09,0.931,0.033,-0.089,-0.132,-0.77,-0.623,0.52,0.337,-0.366,1.442,0.587,-0.723,-0.611,1.467,1.062,0.946,1.138,0.586,0.076,1.132,-0.892,0.139,-0.987,-0.252,1.836,-0.058,0.215,1.213,1.869,0.298,-0.966,1
-0.854,-0.575,0.439,-0.956,3.022,0.022,0.193,0.077,0.392,-0.155,-1.221,0.79,0.036,0.762,0.984,-0.406,-1.355,-1.362,0.224,0.893,1.178,-0.009,-0.399,-2.008,-0.683,0.9,-0.132,0.935,-0.535,1.003,-1.669,0.132,-1.225,-0.119,0.05,-0.081,0.381,-0.626,-2.212,-0.573,-0.367,0.049,0.03,1.452,-0.088,1.72,0.487,2.135,-0.945,-0.57,0
-1.225,-1.786,0.697,1.431,-0.395,2.272,1.115,0.007,0.178,0.43,-0.172,1.428,0.634,0.677,0.736,0.833,1.923,0.731,-1.019,0.343,1.52,-1.061,0.935,-2.376,1.131,-0.756,0.49,-0.269,-0.096,0.947,0.288,-0.724,-0.764,-0.433,0.462,1.566,1.072,0.745,-2.989,0.579,0.351,0.09,0.133,0.853,0.456,1.251,-0.649,-0.643,-0.37,-1.459,0
-0.821,-0.122,0.549,2.964,2.932,1.137,-0.263,1.013,1.082,-1.982,1.575,-0.225,-1.364,0.058,-0.057,0.675,-0.73,0.073,-0.354,1.151,0.362,1.029,-0.454,-1.546,0.14,0.913,-0.472,-0.118,-0.782,-0.454,0.139,0.231,-1.696,-0.913,0.874,-0.411,0.836,-1.064,-1.625,-0.642,1.695,-0.47,-1.281,0.758,-0.965,0.437,-0.585,-0.493,-0.579,-1.411,0
0.093,1.352,-0.944,0.828,-0.386,-0.045,-0.687,-0.098,-0.195,1.032,-0.518,-0.908,1.276,-0.778,0.028,-0.262,-0.345,-0.423,0.326,-0.666,1.78,-1.059,-0.193,0.139,0.429,1.695,0.905,-0.235,0.948,0.167,1.107,0.663,0.112,0.152,-0.281,-0.289,-0.016,-0.737,-0.485,2.241,0.762,-1.12,1.819,0.467,-0.92,-0.473,-2.144,-0.706,-2.694,-0.207,0
-1.097,-0.421,0.125,0.623,0.83,-0.205,-1.674,0.272,-0.387,0.127,1.222,0.262,0.278,-0.828,-0.04,-2.056,-0.088,1.104,-0.346,-1.17,0.478,0.337,0.932,-0.462,-1.599,-1.078,-0.003,0.468,2.626,-0.528,-0.404,0.343,0.31,0.228,1.87,-0.73,-0.412,1.681,-1.053,0.497,-1.012,1.067,0.004,0.76,-0.923,-0.25,-0.471,-0.039,0.224,-2.107,1
-0.592,1.2,-0.789,-0.013,-0.527,-0.479,3.179,0.228,0.528,-0.622,-1.321,-0.347,0.626,0.095,-0.434,1.698,-0.138,0.017,-0.482,1.106,-1.493,-0.688,-1.762,1.245,-0.626,0.248,-1.709,-0.19,-0.494,-0.776,-0.504,-0.457,-1.264,-0.722,-0.239,0.36,0.42,0.414,0.99,0.845,-0.41,0.272,0.012,-0.358,-0.637,-1.209,-0.53,1.667,-0.131,0.268,0
0.724,-1.083,-1.579,0.671,-0.324,1.072,0.368,-0.703,0.791,0.797,0.448,-0.9,-0.555,0.904,0.435,1.86,0.193,0.008,-1.74,-0.756,1.086,-1.623,0.747,0.791,0.742,-0.863,1.053,-1.826,1.062,-0.29,0.514,1.713,-1.416,-0.452,-1.41,-0.49,0.477,-0.436,0.504,-0.007,1.159,0.185,1.725,-0.038,-0.259,0.68,-1.186,1.348,-0.073,0.418,0
-0.561,-1.865,-1.766,0.889,-0.06,-0.173,0.125,0.914,0.376,1.281,1.643,-0.639,0.663,0.776,0.924,1.116,1.253,-2.443,-0.005,-0.978,1.652,-0.954,-2.312,-0.669,0.642,0.299,-1.013,-1.136,-0.104,-1.322,-0.368,-0.293,0.518,-3.014,-1.202,-0.696,-0.562,0.649,0.033,0.289,-0.281,1.754,0.091,-0.706,1.068,-0.394,1.144,-0.435,1.08,-2.328,0
0.771,0.074,-0.995,-0.18,2.106,-1.291,-0.704,-0.989,-0.401,0.393,2.909,0.402,-1.765,0.838,-0.561,0.169,-1.133,0.225,0.757,1.265,-0.57,-1.044,-0.666,0.406,0.729,0.687,-0.408,-0.028,-0.683,-0.242,0.848,-0.257,0.072,-0.438,2.135,1.218,-0.735,0.748,-1.512,-0.192,-0.436,0.275,-0.294,-0.603,-0.325,1.213,-0.99,0.63,1.448,0.219,0
-0.145,2.904,0.317,0.163,-1.042,0.317,-0.927,0.36,0.037,0.61,-0.42,0.119,1.126,-0.227,0.023,0.975,0.135,-0.278,-0.031,-0.575,-0.942,0.566,0.066,-0.616,1.911,0.622,-0.522,0.788,1.192,-0.317,0.954,2.367,-0.365,0.992,-0.865,-2.45,-0.445,-0.16,0.775,-0.443,1.36,-0.894,0.254,-0.72,-0.808,0.938,-0.039,-1.852,-1.975,-1.464,1
-0.754,-0.076,-0.766,-0.439,-1.595,-1.19,-0.419,-0.981,3.157,0.79,1.77,0.318,-1.051,0.481,-1.175,0.957,0.5,0.228,1.044,1.063,1.519,1.856,-0.258,0.812,0.403,0.038,0.744,-0.534,1.369,1.121,0.325,-0.305,-0.746,0.821,1.811,-0.264,0.207,0.524,0.899,0.06,0.65,-0.454,0.067,-2.235,-1.538,0.024,0.364,1.398,-0.47,0.679,1
0.492,0.07,-1.981,0.627,1.923,0.775,-0.177,-0.345,1.35,1.023,-0.904,-0.576,0.943,-0.34,1.965,0.924,0.508,-1.099,1.046,0.027,-0.455,-2.054,2.276,0.344,-0.96,-0.226,0.741,0.691,-2.964,0.981,0.935,0.244,0.289,-0.185,0.069,-0.559,-0.096,-0.046,-0.029,1.021,-0.07,-0.864,-0.397,0.053,-0.359,-0.45,0.01,-0.247,0.564,0.472,0
-1.018,-1.165,0.275,0.659,-0.91,2.274,0.412,0.363,0.927,0.489,-0.552,0.643,0.131,0.527,-1.336,-0.847,0.964,-0.576,0.387,0.522,-1.324,-1.627,-0.886,-1.7,0.269,-0.275,-0.675,-0.196,-0.609,0.013,-0.242,-0.33,0.853,-1.272,-1.795,0.328,-0.067,-0.582,-0.525,0.425,0.345,-0.24,0.137,-0.063,-0.295,-1.174,0.911,1.005,-1.357,3.409,0
-0.82,-0.941,-0.307,-0.864,-1.345,-1.379,2.887,1.012,-1.572,0.691,-1.507,-0.215,-0.027,0.204,-0.6,0.667,0.552,0.052,1.172,-0.669,-0.508,0.871,0.173,0.823,0.774,0.973,-0.965,-1.554,-0.177,1.356,-0.742,0.599,-0.45,-0.992,-1.983,-0.883,1.049,-1.746,-0.321,-0.794,-1.622,-0.792,-0.057,-1.534,-0.379,0.426,-1.668,0.125,2.931,1.92,1
-0.845,-0.653,-0.896,-0.159,-0.242,1.133,-1.788,-0.855,0.03,0.803,0.506,1.253,0.879,0.047,-0.556,-1.856,-0.656,-0.45,0.366,-1.612,1.24,0.117,1.07,-1.535,0.378,-0.516,-0.092,0.456,0.297,-0.5,-1.116,0.777,-0.409,-0.012,-1.561,-1.132,1.778,0.223,2.437,-1.707,0.661,1.16,0.377,2.389,-0.637,-1.113,0.774,0.564,0.127,-0.992,0
0.372,-0.161,0.84,-1.818,-0.45,-1.51,-0.531,0.627,-0.097,1.079,2.247,-0.016,0.152,-0.677,1.957,-0.516,0.12,-0.832,0.833,1.246,0.564,0.52,-0.737,0.88,0.684,0.223,-0.886,-0.664,-0.95,1.455,1.662,-0.368,0.127,1.099,-0.567,0.047,0.85,0.878,-0.82,-1.142,0.721,1.042,-1.978,1.237,0.303,-0.435,0.109,0.121,-1.282,1.63,1
0.044,0.316,-0.243,0.135,1.297,-0.123,-0.899,-1.872,-1.876,0.239,0.663,-0.606,0.339,-0.188,0.306,-1.691,1.613,-0.614,-0.809,-0.756,0.02,-0.669,-1.554,0.878,0.11,1.263,-1.778,-1.013,1.547,0.244,-0.027,0.204,1.117,0.251,0.13,-1.004,0.763,0.257,0.336,-0.38,-0.665,0.716,-0.474,1.201,-0.882,0.608,-1.09,-0.307,-0.187,1.185,0
1.715,0.718,0.657,-0.523,-1.48,0.336,1.14,-0.366,0.762,1.185,-0.402,-0.456,0.36,-0.05,1.242,-1.445,0.219,1.221,-0.174,-0.035,0.939,0.08,0.235,1.513,-1.041,-1.721,1.883,-0.723,1.678,1.207,-1.481,-1.317,1.059,0.967,-0.103,-0.402,-0.632,-0.316,-0.104,0.625,1.865,-0.885,2.221,-2.098,-1.533,-0.345,-0.517,-0.961,0.221,-0.883,1
-0.067,1.694,-0.989,0.737,0.446,-0.347,-1.057,-0.814,0.675,-0.442,-1.07,-0.201,0.466,0.196,-1.323,-0.908,-0.674,-0.733,-0.562,0.397,-0.193,1.926,-0.573,-0.967,0.702,-1.184,0.414,0.692,1.26,1.885,0.177,-0.681,-1.381,-0.347,0.103,0.079,-0.525,1.477,-0.85,-1.03,-0.905,-0.122,1.272,-1.789,0.622,-0.529,1.833,-0.303,-0.316,0.369,0
-0.919,-0.918,-0.312,0.126,-0.181,0.368,-0.126,1.376,-0.814,0.488,0.543,0.949,-2.077,-0.645,1.015,-1.388,0.789,-1.245,1.595,-0.072,0.136,0.286,0.75,0.21,0.326,0.921,-0.126,0.152,0.588,-0.437,0.592,0.083,1.877,-0.276,0.492,-0.018,1.443,-0.45,-0.143,-0.158,-1.775,1.28,-0.509,-2.229,-0.663,1.396,-0.633,-1.384,0.164,-0.292,0
-0.622,-0.486,0.521,0.277,0.307,1.262,-0.887,-1.313,-1.498,-1.68,0.741,-0.762,0.851,-0.267,-2.163,-1.39,-0.15,-1.011,0.495,0.836,0.289,1.169,1.296,0.678,1.553,-0.517,-0.296,1.515,0.641,0.745,-0.365,-0.193,-1.142,-0.962,0.842,0.733,-0.281,0.385,1.311,-1.329,0.237,0.881,-0.839,-0.286,0.49,0.273,0.184,0.617,-0.877,-0.507,0
0.178,-1.039,-0.708,0.678,0.85,0.753,0.167,0.963,-1.368,-0.199,-0.038,-0.92,1.242,0.876,0.129,-0.211,-0.691,-0.202,-3.051,0.542,0.793,1.262,1.286,-0.855,0.091,-1.144,-0.797,0.911,-0.795,0.554,-2.579,0.098,0.463,0.287,0.454,0.389,-0.664,-0.387,-0.957,0.75,1.563,0.365,-1.241,1.65,0.368,-0.464,-0.535,1.185,-0.732,-0.321,0
-1.183,0.893,-0.271,-0.893,-0.025,-0.238,0.956,1.151,-0.194,-0.305,-0.24,0.071,-0.067,0.013,0.462,0.148,-0.532,1.541,0.517,0.567,-0.412,1.33,-0.795,-0.687,-0.686,0.824,2.373,-1.287,0.128,-0.525,-0.345,0.76,-1.0,0.907,0.412,-0.788,-0.768,-1.435,1.94,1.801,-2.354,-1.239,-0.691,-0.517,0.301,-0.182,0.264,-0.865,0.766,0.63,0
0.837,1.517,1.648,-1.381,1.078,0.423,1.755,0.078,0.218,1.922,-2.075,1.375,0.736,-0.717,-1.243,-1.642,1.08,-0.257,-0.046,-0.131,-1.026,0.833,-0.261,-0.6,-0.216,-0.695,0.35,0.575,0.003,0.153,-0.828,0.026,-0.777,-1.645,-1.019,-0.901,0.621,-0.626,-0.146,0.423,0.88,-1.623,0.503,-0.979,0.291,0.553,-1.088,0.095,0.323,-2.906,1
-0.758,0.32,0.168,1.364,0.995,-0.306,-0.418,-1.733,1.516,-0.547,-0.504,1.718,-0.497,0.562,-0.07,-0.253,0.058,0.163,-0.54,-1.298,1.665,1.556,-0.456,1.611,-0.313,-1.8,-0.063,-0.561,-1.777,0.121,0.338,0.231,-0.264,1.387,-1.151,0.562,-1.945,1.84,0.194,0.666,-1.342,1.913,0.654,-0.534,-0.86,-1.988,0.125,0.813,-1.742,1.397,1
-0.083,-0.721,1.463,0.632,-0.005,-0.587,-0.392,-0.973,0.839,-0.475,0.146,0.653,-0.036,0.701,0.587,-1.945,-0.484,0.202,-1.169,1.535,-1.115,0.863,-0.374,-0.766,-0.815,0.814,0.286,0.537,2.356,-0.03,0.371,0.098,-0.652,0.516,1.058,0.412,1.169,-0.295,-0.23,0.278,0.675,-0.136,-0.048,-1.44,-0.424,-0.078,-0.911,0.512,0.077,0.573,0
-1.85,-0.308,0.782,0.837,-0.471,0.482,-1.46,1.426,-2.033,-0.103,1.624,0.734,0.387,-0.153,-2.306,-0.447,0.409,-0.311,0.016,0.059,-0.365,-2.116,-0.069,1.073,-0.3,0.899,-0.751,2.02,-2.28,-0.239,-0.025,-0.179,0.884,-0.611,-0.903,-1.0,-1.732,0.238,1.524,0.107,1.95,0.294,-0.229,-0.426,-0.571,-2.354,-0.251,0.496,-1.116,-0.955,1
0.63,-1.272,-0.905,1.012,0.444,3.512,-1.063,-1.964,0.052,0.571,0.075,-0.352,1.979,0.471,-0.574,0.773,-0.501,0.174,0.59,1.218,-0.357,-0.712,-0.853,0.611,0.616,0.014,1.324,1.31,0.213,0.851,0.26,-0.514,0.63,0.692,2.256,0.568,-2.418,0.024,-0.255,0.658,-0.045,-0.683,-1.149,-0.509,-0.476,-1.265,-0.707,0.026,-0.015,-1.907,0
-0.266,-0.249,0.701,1.153,0.521,-0.667,0.252,-1.167,-0.366,1.008,-0.612,-0.363,-0.68,1.376,-0.785,0.923,0.259,-0.502,-1.148,-0.741,1.062,1.496,-1.012,0.48,2.389,0.812,-0.299,-1.814,-0.518,-1.912,-0.867,-0.597,0.092,1.055,0.507,0.246,-1.504,-0.834,1.009,3.026,1.606,-0.78,0.408,-0.73,-0.654,2.279,-1.852,0.67,-2.144,0.652,1
0.02,1.462,-0.175,0.113,-1.096,0.151,-1.218,0.087,-0.479,0.47,-1.669,-0.574,-1.492,-0.546,-1.755,-0.27,0.279,0.583,-0.412,-0.081,0.682,1.267,1.047,-1.057,-0.216,1.512,-1.089,-1.226,0.588,0.207,0.959,0.792,1.88,-1.384,-1.048,-0.668,-0.253,-0.379,-0.622,0.172,-0.81,-1.115,-1.121,1.107,-0.334,0.162,0.715,1.035,0.667,-1.445,0
0.102,-0.864,0.749,-0.209,0.819,0.887,-0.585,-0.501,-0.671,-0.691,-1.311,0.619,-1.986,0.594,-1.033,-0.977,0.585,-0.698,0.23,-2.081,0.497,0.199,-2.584,0.15,-1.694,-0.873,1.576,0.177,-1.031,-1.332,0.318,-1.314,0.931,0.83,-0.464,0.658,0.398,0.06,-1.1,-0.141,0.209,-1.109,-0.138,-1.441,0.116,1.187,-0.644,-1.018,-0.052,0.006,1
-0.461,-0.13,-0.015,-0.496,-0.002,-0.584,-0.079,-0.634,0.39,0.027,0.769,-0.593,0.031,0.939,0.313,-0.615,0.659,0.869,0.111,-0.034,0.38,0.508,-1.237,1.082,-0.602,0.002,0.466,-1.256,0.251,1.479,-0.986,-0.401,-0.125,2.008,-0.597,-0.289,-0.753,2.57,1.149,-0.362,-0.574,-0.703,0.009,-0.313,0.788,-0.527,-1.01,0.563,-1.274,-0.69,0
0.085,1.191,-1.105,-0.384,1.08,0.023,-0.346,1.131,-1.204,-0.616,0.297,0.508,-1.747,0.929,0.027,1.15,0.436,0.827,2.038,-0.472,-0.063,-0.194,0.988,-0.397,-0.335,0.298,0.123,1.616,-0.502,-0.433,0.376,0.765,0.768,0.599,-0.172,-0.13,-0.286,1.18,-0.245,-0.973,0.4,-0.151,1.41,0.13,1.086,-1.912,0.083,1.04,0.927,-0.922,1
1.648,0.217,-0.837,-0.629,1.468,1.552,0.812,-1.06,0.113,-2.775,-1.344,-1.321,0.04,1.033,-0.599,1.613,-0.279,1.599,-0.679,-0.329,1.077,-0.845,0.448,-0.414,0.371,-1.077,-0.309,-0.706,0.258,0.724,1.099,-0.557,0.889,-0.659,-2.088,0.497,-0.723,0.421,0.346,1.478,-0.064,1.035,1.019,0.095,-2.012,0.77,-0.75,0.129,0.849,-0.854,0
1.204,-1.29,-0.548,1.376,-1.866,-0.862,-0.248,-0.111,0.452,-2.421,0.207,0.94,0.167,-0.837,-1.671,0.499,-0.607,1.305,0.291,0.737,0.587,-0.393,-1.49,0.533,-0.474,-0.443,0.517,0.042,-0.66,-0.29,-0.48,0.772,1.28,-0.393,0.452,0.609,-0.73,-1.111,-0.726,1.943,0.871,-1.012,1.134,0.362,-0.491,-0.676,0.278,-0.737,-1.529,0.722,0
-0.824,0.037,-0.413,-1.025,0.163,1.0,-0.721,-0.937,0.775,-0.439,0.429,0.994,0.145,1.613,-0.376,-1.046,0.403,-1.212,1.342,0.511,1.021,-1.26,1.036,-1.387,0.001,-0.966,-0.68,-0.539,1.03,0.805,0.569,-1.074,-0.535,-1.281,1.233,0.358,0.602,-0.321,0.953,-0.772,-0.846,0.264,1.43,0.005,0.331,-1.763,0.657,0.508,-1.284,1.313,1
-2.006,-1.051,0.051,-0.587,0.927,0.888,1.002,0.285,-0.032,0.091,0.09,-1.176,0.379,0.983,-1.223,-0.519,-0.847,1.727,0.591,1.619,-1.396,0.905,-0.565,1.652,0.717,-0.975,-1.027,1.751,0.411,0.75,0.784,1.615,0.609,0.187,-1.239,-1.717,-1.885,-0.059,0.679,-0.178,-0.727,1.991,-0.523,1.034,-0.49,-1.945,0.14,0.613,0.318,-0.52,0
0.431,-0.296,0.741,2.336,-0.497,-1.459,-0.227,0.474,-2.185,-1.37,0.743,1.18,-1.165,1.053,1.341,1.473,-0.326,-0.887,-0.475,-0.483,0.118,-0.684,-0.699,-1.199,-1.101,0.513,-0.598,0.466,1.584,1.179,1.797,-0.083,1.153,-0.313,-0.889,-0.742,-0.666,-1.293,1.313,-0.533,-0.146,-1.841,0.467,-1.662,1.065,0.382,-0.195,-0.507,0.25,2.058,1
