,Unnamed: 0,Debt,Overdue days,Initial limit,BIRTHDATE,SEX,EDU,INCOME,TERM,Credit history rating,LV_AREA,LV_SETTLEMENTNAME,INDUSTRYNAME,PDN,UNDERAGECHILDRENCOUNT,FAMILYSTATUS,target
0,11703,2103.22,3,2700.0,1998-01-29,Male,High school,976.41,24,C3,g. Minsk,MINSK,Production,0.4,3,2,0
1,14004,94.06,0,1300.0,1978-01-25,Male,University,2057.12,24,A1,g. Minsk,Minsk,Medicine and healthcare,0.03,2,1,1
2,12865,14962.39,0,20000.0,1985-11-18,Female,University,1917.35,60,B3,g. Minsk,MINSK,Finance and Insurance,0.31,2,1,1
3,14413,10965.96,0,12350.0,1993-09-22,Male,College,1608.59,36,B1,g. Minsk,Minsk,Construction,0.4,0,2,1
4,9502,3800.0,215,3800.0,1975-10-21,Female,College,1253.78,60,C3,MINSKAJa,PRUSY,Agriculture,0.09,0,2,0
5,10878,905.38,0,1000.0,1974-05-23,Male,University,1956.31,60,C1,g. Minsk,MINSK,Production,0.37,0,1,1
6,18401,1500.0,0,1500.0,1991-12-19,Male,College,3254.39,60,C1,g. Minsk,MINSK,Construction,0.03,0,1,1
7,15114,2571.26,0,2725.0,1987-12-21,Female,College,698.42,60,B3,BRESTSKAJa,PINSK,Retired,0.12,0,2,0
8,18407,0.0,0,2000.0,1995-12-17,Female,University,1659.5,24,B1,Gomel'skaja oblast',SVETLOGORSK,Production,0.07,0,1,1
9,15857,2264.64,0,2400.0,1982-05-03,Male,High school,1074.69,60,D3,Brestskaja oblast',Oktjabr',Agriculture,0.07,0,1,0
10,14784,3259.76,0,4000.0,1982-10-04,Male,"Incomplete, University",655.96,24,B3,g. Minsk,Minsk,Transport/Logistic,0.34,2,1,1
11,12444,6899.69,0,7500.0,1985-04-13,Female,College,1029.83,60,D3,GRODNENSKAJa,RAJTsA,Production,0.22,1,2,0
12,17775,17514.96,0,18100.0,1970-04-15,Female,University,1389.83,60,B2,MINSKAJa OBLAST',MIHALOVO,Science and Education,0.4,0,2,1
13,13802,9123.13,0,10000.0,1980-09-14,Male,College,1708.83,60,A3,g. Minsk,MINSK,Production,0.33,2,1,1
14,17335,12655.43,0,13250.0,1986-03-28,Female,College,1872.82,60,A3,Brestskaja oblast',SMOLJaNY,Agriculture,0.4,3,1,1
15,16043,10143.61,0,10750.0,1995-04-13,Female,University,1336.8,60,B2,Brestskaja oblast',BARANOVIChI,Production,0.4,0,1,1
16,11666,9199.62,0,10000.0,1980-07-15,Female,High school,1730.68,60,C3,Gomel'skaja oblast',PETRIKOV,Agriculture,0.3,1,1,0
17,17042,18906.39,0,20000.0,1988-04-12,Female,University,3514.6,60,B3,Minskaja oblast',Kuchkuny,Transport/Logistic,0.21,1,1,1
18,17040,12370.74,0,13050.0,1981-06-16,Male,College,1118.0,60,A2,Minskaja oblast',LOGOJSK,Production,0.4,1,1,1
19,11382,3679.85,0,4000.0,1971-05-27,Female,University,1305.72,60,D2,GRODNENSKAJa,GRODNO,Production,0.09,0,1,0
20,11531,4599.81,0,5000.0,1980-06-04,Female,College,872.61,60,C3,Brestskaja oblast',UZhOVO,Agriculture,0.17,0,2,0
21,11733,1839.9,0,2000.0,1998-04-30,Male,College,1210.87,60,D3,Minskaja oblast',MAR'INA GORKA,Production,0.16,0,1,0
22,14396,943.59,0,1000.0,1996-07-07,Female,College,1029.16,60,D2,g. Minsk,MINSK,Trade,0.14,1,2,0
23,10030,1397.95,0,2000.0,1997-01-30,Female,University,1071.82,24,E2,Brestskaja oblast',KUPJaTIChI,Science and Education,0.35,1,1,0
24,16436,6552.65,0,7000.0,1969-09-13,Male,College,828.01,60,D3,Vitebskaja oblast',KOVALI,Agriculture,0.32,0,1,0
25,12105,1557.92,3,2000.0,1998-10-24,Female,College,919.14,24,D1,Vitebskaja oblast',POLOTsK,Trade,0.39,0,2,0
26,13625,1956.87,0,2100.0,1977-08-26,Female,College,836.7,60,D2,VITEBSKAJa,VITEBSK,Trade,0.4,0,1,0
27,16447,2101.37,0,2200.0,1966-01-13,Male,College,636.92,60,B3,Gomel'skaja oblast',REChITsA,Trade,0.4,0,2,1
28,14819,990.79,0,1050.0,2003-10-01,Female,College,1222.62,60,C1,Mogilevskaja oblast',Osipovichi,Ministry of Internal Affairs/Ministry of Emergency Situations/Ministry of Defense,0.4,0,2,1
29,17965,1450.0,0,1500.0,1992-07-09,Male,High school,2277.99,60,B2,g. Minsk,MINSK,Trade,0.25,1,2,1
30,11469,7359.74,3,8000.0,2003-04-17,Male,"Incomplete, University",1063.4,60,B3,GRODNENSKAJa,GRODNO,Trade,0.32,0,2,0
31,16851,4433.98,0,5200.0,1975-05-26,Male,College,747.75,60,C3,MOGILEVSKAJa,MILOSLAVIChI,Agriculture,0.21,0,2,0
32,15452,817.05,0,1000.0,1991-04-19,Male,College,3461.19,24,B2,g. Minsk,Minsk,Trade,0.02,1,1,1
33,13687,931.85,0,1000.0,1998-06-30,Male,High school,1077.87,60,C2,Mogilevskaja oblast',BYHOV,Trade,0.39,1,1,0
34,11044,905.39,0,1000.0,1996-09-04,Female,University,1795.78,60,D2,g. Minsk,MINSK,Finance and Insurance,0.28,0,2,0
35,15369,1225.58,0,1500.0,1997-10-29,Male,College,2028.71,24,D2,g. Minsk,MINSK,Trade,0.09,0,2,0
36,14322,3805.01,0,4050.0,1987-07-29,Female,College,1463.55,60,B3,Gomel'skaja oblast',Rogachev,Trade,0.4,2,2,1
37,18337,1500.0,0,1500.0,1985-12-01,Female,College,1865.0,60,B1,Brestskaja oblast',BREST,Ministry of Internal Affairs/Ministry of Emergency Situations/Ministry of Defense,0.18,0,2,1
38,18209,3495.0,0,3500.0,2001-07-02,Male,College,2086.75,60,C1,GRODNENSKAJa,GRODNO,Production,0.15,0,2,1
39,17482,978.17,33,1000.0,1999-02-10,Male,University,2160.8,36,D2,MINSKAJa,GATOVO,Ministry of Internal Affairs/Ministry of Emergency Situations/Ministry of Defense,0.4,0,2,0
40,15971,9435.92,0,10000.0,1977-11-17,Female,High school,984.25,60,C2,Minskaja oblast',SOLIGORSK,Production,0.38,0,1,0
41,17358,3338.89,0,3500.0,1993-08-18,Male,High school,1933.34,60,C3,g. Minsk,MINSK,Construction,0.4,0,2,0
42,14184,1604.12,3,1700.0,2001-11-21,Male,University,1810.4,60,D1,Mogilevskaja oblast',OSIPOVIChI,Ministry of Internal Affairs/Ministry of Emergency Situations/Ministry of Defense,0.4,0,2,0
43,17484,15435.67,0,16000.0,1980-12-07,Female,University,4832.1,60,B2,MOGILEVSKAJa,MOGILEV,Transport/Logistic,0.21,1,2,1
44,11219,4648.38,156,4700.0,2003-02-12,Male,High school,1655.9,60,E3,Vitebskaja oblast',VJaTERO,Public Administration,0.4,0,2,0
45,15101,1792.2,0,1900.0,1995-08-06,Male,College,677.43,60,C2,BRESTSKAJa,OSNEZhITsY,Trade,0.08,1,2,0
46,15578,1226.68,0,1300.0,1980-01-25,Male,College,563.13,60,B2,Gomel'skaja oblast',ZARECh'E,Public services,0.4,0,1,1
47,11255,9199.62,62,10000.0,1996-12-23,Male,University,4813.06,60,C1,g. Minsk,MINSK,Information Technology,0.31,0,1,1
48,16931,1910.31,0,2000.0,1973-09-07,Male,College,1180.22,60,B3,g. Minsk,MINSK,Trade,0.38,0,2,0
49,13131,1025.05,0,1100.0,1993-11-08,Male,College,1860.0,60,C1,Brestskaja oblast',IVATsEVIChI,Ministry of Internal Affairs/Ministry of Emergency Situations/Ministry of Defense,0.4,3,1,1
50,12828,931.85,0,1000.0,1989-04-05,Male,College,1570.19,60,C3,Minskaja oblast',Vygonichi,Production,0.36,2,1,0
51,9912,5608.56,0,6200.0,1980-04-25,Male,University,1328.61,60,A2,Minskaja oblast',STARYE DOROGI,Science and Education,0.4,0,2,1
52,16653,1061.45,0,1200.0,1986-07-19,Male,College,1832.86,60,C2,Vitebskaja oblast',VITEBSK,Production,0.4,0,2,0
53,12168,2522.97,0,3000.0,1992-07-30,Female,University,3103.36,36,C2,g. Minsk,MINSK,Information Technology,0.34,0,2,1
54,15434,1415.37,0,1500.0,2002-05-03,Male,High school,2669.99,60,E1,Mogilevskaja oblast',ShKLOV,Transport/Logistic,0.29,0,1,0
55,10613,812.15,0,1000.0,1993-11-01,Female,College,1164.91,36,D1,MINSKAJa OBLAST',ChAChKOVO,Public Administration,0.26,1,2,0
56,12340,10840.3,0,15000.0,1984-12-17,Male,University,2436.67,60,B1,g. Minsk,MINSK,Public services,0.24,0,1,1
57,13854,3554.6,0,4000.0,1994-07-27,Male,College,1350.79,60,C1,VITEBSKAJa,VITEBSK,Production,0.16,0,1,0
58,13442,9784.46,0,10500.0,1992-11-09,Female,High school,1325.05,60,D3,Minskaja oblast',OZERO,Agriculture,0.35,3,1,0
59,11053,1537.74,124,1600.0,1985-08-23,Female,College,971.11,60,B1,Mogilevskaja oblast',HOTIMSK,Trade,0.05,3,1,1
60,17096,1044.83,0,1100.0,2002-10-19,Female,College,1251.73,60,E1,Minskaja oblast',Sloboda,Construction,0.17,0,1,0
61,18359,2300.0,0,2300.0,1993-11-26,Male,College,1769.64,60,C2,g. Minsk,MINSK,Production,0.38,1,1,0
62,10362,8354.39,0,9500.0,1986-03-27,Male,University,1432.15,60,C2,GOMEL'SKAJa,GOMEL',Production,0.39,0,2,0
63,13404,224.62,0,1000.0,1979-10-21,Male,High school,1732.67,24,E3,GOMEL'SKAJa,GOMEL',Construction,0.16,2,1,0
64,17044,2674.49,0,2800.0,1996-04-20,Female,High school,1294.87,60,A1,g. Minsk,Minsk,Production,0.09,0,2,1
65,10440,3515.4,0,3900.0,1981-08-09,Female,University,1745.8,60,B3,BRESTSKAJa,BREST,Public Administration,0.38,3,1,1
66,9667,698.97,0,1000.0,1980-01-18,Female,University,1407.47,24,B3,Brestskaja oblast',Baranovichi,Trade,0.04,0,2,1
67,17234,854.62,0,1000.0,1990-10-18,Male,University,1456.19,24,A3,Gomel'skaja oblast',DOBRUSh,Science and Education,0.14,1,1,1
68,11941,12971.49,0,14100.0,1992-12-22,Female,University,2241.5,60,D2,g. Minsk,MINSK,Production,0.4,0,2,0
69,13178,1869.53,0,2400.0,1976-09-13,Male,University,2499.98,24,C2,Minskaja oblast',Logojsk,Medicine and healthcare,0.4,1,2,0
70,11602,1839.9,0,2000.0,1981-03-29,Male,High school,3287.82,60,E1,Minskaja oblast',BORISOV,Production,0.4,1,1,0
71,17085,955.17,0,1000.0,1991-07-06,Female,College,1007.64,60,E1,Mogilevskaja oblast',KRIChEV,Public services,0.4,0,1,0
72,10051,746.71,33,1000.0,1990-06-03,Female,College,985.63,24,B1,BRESTSKAJa,POLESSKIJ,Agriculture,0.05,2,1,1
73,9736,4526.97,0,5000.0,1960-02-24,Female,University,630.82,60,B1,g. Minsk,MINSK,Retired,0.23,0,2,1
74,15488,7513.78,0,8000.0,1985-07-14,Male,College,1363.1,60,B3,BRESTSKAJa,RJaSNA,Transport/Logistic,0.18,2,1,0
75,10602,0.0,0,1500.0,2000-04-08,Male,College,1656.55,60,D3,Minskaja oblast',MOLODEChNO,Public Administration,0.16,0,2,0
76,17412,23162.99,0,24250.0,1996-09-30,Female,University,1802.53,60,B1,g. Minsk,MINSK,Construction,0.4,0,1,1
77,14356,10426.7,0,11050.0,1961-12-24,Male,College,821.47,60,D1,Brestskaja oblast',BARANOVIChI,Production,0.4,0,2,0
78,17047,6686.21,0,7000.0,1972-08-25,Female,High school,1471.46,60,A3,Vitebskaja oblast',POLOTsK,Trade,0.4,0,2,1
79,12799,4821.85,124,5000.0,1990-10-16,Male,University,1281.4,24,C3,Minskaja oblast',VILEJKA,Construction,0.33,0,2,0
80,13832,1124.02,0,1300.0,1989-05-28,Male,High school,1467.14,36,A3,Gomel'skaja oblast',Kalinino,Production,0.09,2,2,1
81,10695,3167.28,0,3500.0,1969-04-16,Female,College,933.03,60,B3,BRESTSKAJa,BREST,Trade,0.4,0,2,0
82,10060,1395.74,0,2000.0,1992-01-10,Female,University,1342.14,24,E3,g. Minsk,MINSK,Public Administration,0.33,2,1,0
83,16970,804.62,0,1000.0,1995-04-07,Male,College,2313.0,24,E3,g. Minsk,MINSK,Construction,0.26,0,2,0
84,17302,2277.37,0,2500.0,1987-11-18,Male,High school,1629.24,36,B1,Mogilevskaja oblast',OKTJaBR'SK,Agriculture,0.16,0,2,0
85,12064,2299.87,0,2500.0,1988-12-21,Male,University,1363.39,60,C2,Grodnenskaja oblast',SMORGON',Production,0.34,0,2,0
86,9681,1764.82,0,2000.0,1979-01-15,Male,University,1712.05,60,A3,g. Minsk,MINSK,Medicine and healthcare,0.28,1,1,1
87,18188,14000.0,0,14000.0,1988-05-02,Male,University,1622.53,60,B2,GRODNENSKAJa,GRODNO,Trade,0.27,2,1,1
88,12951,7443.22,0,8000.0,1999-03-05,Female,University,1528.16,60,B3,Minskaja oblast',Borisov,Finance and Insurance,0.18,0,2,1
89,9880,1476.49,3,2000.0,1994-03-16,Male,"Incomplete, University",2083.75,24,D2,g. Minsk,MINSK,Public services,0.19,0,2,0
90,12181,1261.44,0,1500.0,1996-05-21,Male,College,1228.95,36,D1,Minskaja oblast',BORISOV,Public Administration,0.27,0,2,0
91,18304,2000.0,0,2000.0,1994-01-24,Female,College,1663.98,24,C2,Minskaja oblast',LOGOJSK,Trade,0.22,2,1,0
92,16001,1900.0,124,1900.0,1978-09-07,Female,College,703.87,60,C3,Vitebskaja oblast',ORShA,Medicine and healthcare,0.4,1,2,0
93,9705,8329.7,0,9200.0,2002-02-02,Male,College,1700.0,60,D2,Minskaja oblast',SMOLEVIChI,Public Administration,0.36,0,2,0
94,12800,2642.06,3,2800.0,1995-12-04,Female,High school,1188.64,60,C1,Gomel'skaja oblast',KOMARIN,Production,0.4,0,1,1
95,12091,740.41,0,1000.0,1983-11-27,Male,University,1255.21,24,D1,GRODNENSKAJa,GRODNO,Transport/Logistic,0.13,1,1,0
96,12546,18140.9,0,20000.0,1994-09-22,Female,University,1779.97,60,B2,g. Minsk,MINSK,Public Administration,0.34,2,1,1
97,10115,903.19,0,1300.0,1968-01-22,Male,College,2692.47,24,C3,g. Minsk,Minsk,Transport/Logistic,0.37,0,1,0
98,13272,10716.31,0,11500.0,1981-07-31,Male,College,1425.85,60,C2,Vitebskaja oblast',STUKANY,Agriculture,0.4,0,1,0
99,16338,8548.79,0,8950.0,1975-03-10,Male,University,2406.57,60,C2,g. Minsk,Minsk,Trade,0.4,0,1,1
100,10128,6337.81,0,7000.0,1988-07-04,Female,University,1536.85,60,A1,g. Minsk,MINSK,Medicine and healthcare,0.13,1,1,1
101,13796,1887.04,3,2000.0,1982-02-28,Female,College,1320.47,60,E2,Gomel'skaja oblast',GOMEL',Production,0.22,0,1,0
102,14999,6605.13,0,7000.0,1972-07-28,Female,College,1395.85,60,B1,g. Minsk,MINSK,Medicine and healthcare,0.38,0,2,1
103,10607,5884.16,0,6500.0,1985-02-23,Female,College,770.74,60,C1,VITEBSKAJa,MAZOLOVO,Science and Education,0.25,2,2,0
104,12061,18399.24,0,20000.0,1966-04-11,Female,High school,2264.59,60,A1,g. Minsk,MINSK,Production,0.31,0,2,1
105,12074,3026.16,3,3500.0,2004-06-20,Male,High school,850.79,36,A3,g. Minsk,Minsk,Production,0.4,0,2,1
106,15356,18871.85,0,20000.0,1990-11-01,Male,College,3206.06,60,D3,Brestskaja oblast',ZhABINKA,Transport/Logistic,0.4,2,1,0
107,15931,1532.06,0,4500.0,1999-04-08,Male,University,2000.0,60,B2,g. Minsk,Minsk,Ministry of Internal Affairs/Ministry of Emergency Situations/Ministry of Defense,0.25,0,2,1
108,15643,8879.32,0,10000.0,1989-02-05,Female,College,2538.68,36,A1,Minskaja oblast',Soligorsk,Agriculture,0.16,2,2,0
109,14691,887.92,0,1000.0,1978-12-29,Female,College,660.16,36,B3,Vitebskaja oblast',VJaTERO,Production,0.37,0,1,1
110,10195,2716.22,0,3000.0,1985-03-12,Female,College,1829.27,60,E3,MINSKAJa OBLAST',SLUTsK,Trade,0.39,0,2,0
111,13902,778.98,0,1000.0,1989-11-29,Female,High school,3027.83,24,B3,Mogilevskaja oblast',KRASNOPOL'E,Public services,0.18,0,2,1
112,17888,929.09,0,1000.0,2003-09-16,Male,College,1988.12,24,C1,g. Minsk,MINSK,Production,0.19,0,2,1
113,14781,18857.67,0,20000.0,1996-08-23,Male,University,2712.84,60,B3,g. Minsk,Minsk,Trade,0.33,2,1,1
114,13496,5187.69,0,6000.0,1974-04-23,Male,College,874.33,36,D1,VITEBSKAJa,VITEBSK,Trade,0.35,0,1,0
115,9577,1907.75,95,2000.0,1987-03-05,Female,College,593.73,60,C2,BRESTSKAJa,HOTYNIChI,Agriculture,0.1,3,1,0
116,16924,7565.55,0,8000.0,1986-09-25,Female,High school,1800.36,60,C1,g. Minsk,Minsk,Trade,0.38,1,2,0
117,12255,14347.48,0,20000.0,1991-04-23,Male,University,2237.43,60,B1,g. Minsk,MINSK,Production,0.3,0,1,1
118,12890,4286.55,0,4600.0,1996-02-05,Male,High school,2214.48,60,C3,Minskaja oblast',BORISOV,Production,0.4,2,2,0
119,10049,905.38,0,1000.0,2002-10-07,Male,College,924.88,60,C1,BRESTSKAJa,BREST,Trade,0.37,0,2,0
120,10162,12041.79,0,13300.0,1987-03-20,Female,University,1679.74,60,C2,g. Minsk,MINSK,Public services,0.4,0,1,1
121,12448,4139.84,0,4500.0,1977-10-29,Male,College,2748.27,60,C3,g. Minsk,MINSK,Transport/Logistic,0.2,1,2,0
122,14266,1331.87,3,1500.0,1982-08-28,Female,High school,729.9,36,B3,Vitebskaja oblast',ZADOROZh'E,Science and Education,0.08,1,1,1
123,16137,1814.64,3,1900.0,1998-01-15,Female,High school,718.86,60,E1,BRESTSKAJa,NOVOSELKI,Trade,0.4,1,2,0
124,15217,2663.81,0,3000.0,1979-07-27,Male,College,1225.58,36,B1,g. Minsk,Minsk,Construction,0.4,0,1,0
125,10114,1193.05,3,1300.0,2003-07-10,Female,"Incomplete, University",975.68,60,D3,VITEBSKAJa,VITEBSK,Trade,0.4,0,2,0
126,16606,2865.54,0,3000.0,1974-01-29,Male,High school,1165.71,60,C1,Vitebskaja oblast',Kamenpol'e,Agriculture,0.3,0,1,1
127,15306,943.59,0,1000.0,1997-05-17,Male,College,2221.12,60,E2,Grodnenskaja oblast',KORELIChI,Medicine and healthcare,0.2,0,2,0
128,10687,1747.43,0,2500.0,1984-03-24,Female,University,889.93,24,B1,MINSKAJa,LESNOJ,Science and Education,0.36,1,1,1
129,17472,35574.64,0,37250.0,1985-08-28,Male,University,2768.0,60,B1,g. Minsk,MINSK,Ministry of Internal Affairs/Ministry of Emergency Situations/Ministry of Defense,0.4,1,1,1
130,15137,3343.12,33,3500.0,1985-08-20,Female,College,523.21,60,C3,Minskaja oblast',VILEJKA,Trade,0.2,1,1,1
131,9706,3771.27,3,4500.0,1989-01-10,Male,University,868.0,36,A1,Vitebskaja oblast',VITEBSK,Science and Education,0.21,0,1,1
132,14218,817.05,3,1000.0,1997-04-13,Male,College,2732.97,24,D1,MINSKAJa,POTEJKI,Public services,0.15,0,2,0
133,10918,3621.59,0,4000.0,1998-06-05,Female,University,2490.44,60,B2,g. Minsk,Minsk,Finance and Insurance,0.05,0,2,1
134,16506,3820.7,0,4000.0,1998-06-10,Male,College,1760.0,60,E1,Brestskaja oblast',MALAJa VOLOHVA,Ministry of Internal Affairs/Ministry of Emergency Situations/Ministry of Defense,0.39,0,2,0
135,13356,1886.32,0,2850.0,1986-06-16,Male,College,974.67,36,B2,Minskaja oblast',OZERO,Production,0.21,2,2,0
136,15640,1698.48,0,1800.0,2000-11-30,Male,College,954.77,60,C3,Minskaja oblast',DUShEVO,Agriculture,0.25,1,1,0
137,13254,6925.21,0,7500.0,1970-11-29,Male,College,1242.39,60,C3,BRESTSKAJa,MOTOL',Agriculture,0.18,1,2,0
138,11452,909.67,0,1000.0,1976-04-26,Male,College,2307.57,60,C2,Brestskaja oblast',TIUNTsY,Trade,0.18,0,1,0
139,16427,5730.3,0,6000.0,1975-05-22,Female,University,1540.56,60,E2,Brestskaja oblast',PINSK,Trade,0.3,0,1,0
140,8914,814.46,0,1000.0,1981-09-23,Female,High school,615.8,36,D2,Grodnenskaja oblast',POLIPNITsA,Science and Education,0.1,0,1,0
141,13754,4323.05,0,5000.0,1985-01-27,Male,College,1752.15,36,D1,Gomel'skaja oblast',TUROV,Public services,0.35,0,2,0
142,17700,19353.55,0,20000.0,1992-11-18,Female,University,2150.0,60,B3,g. Minsk,Minsk,Finance and Insurance,0.29,0,2,1
143,14024,3963.06,3,4200.0,1983-07-11,Male,College,534.6,60,C2,MOGILEVSKAJa,MOGILEV,Public services,0.4,1,1,0
144,17931,1432.72,0,1500.0,1992-05-29,Male,High school,1618.46,36,B2,g. Minsk,Minsk,Trade,0.04,0,2,1
145,18143,1385.13,0,1400.0,1991-12-25,Male,College,1565.0,60,B1,VITEBSKAJa,VITEBSK,Ministry of Internal Affairs/Ministry of Emergency Situations/Ministry of Defense,0.35,0,2,1
146,13747,5777.52,0,6200.0,1999-07-16,Male,University,2025.2,60,C2,Brestskaja oblast',BARANOVIChI,Ministry of Internal Affairs/Ministry of Emergency Situations/Ministry of Defense,0.4,0,2,1
147,17115,891.69,3,1000.0,2001-09-09,Male,High school,4564.69,24,D3,GRODNENSKAJa,GRODNO,Trade,0.17,0,2,0
148,17612,237.46,0,1500.0,1981-10-04,Male,University,3018.0,24,C1,BRESTSKAJa,BREST,Production,0.1,1,1,1
149,14422,4408.75,0,5000.0,1995-06-22,Male,University,615.06,60,C1,g. Minsk,Minsk,Production,0.38,1,1,0
150,15418,0.0,0,6000.0,1999-07-09,Female,College,1616.58,60,B1,Minskaja oblast',ZAOSTROVECh'E,Medicine and healthcare,0.35,0,2,1
151,15041,2736.43,0,2900.0,1978-07-12,Male,College,1818.74,60,E3,GOMEL'SKAJa,KRASNOE,Trade,0.4,1,1,0
152,18047,4946.89,0,5000.0,1999-11-14,Female,University,1160.99,60,C1,BRESTSKAJa,BREST,Science and Education,0.25,0,1,1
153,11446,3219.88,0,3500.0,1994-04-05,Male,College,2734.96,60,C3,g. Minsk,MINSK,Production,0.2,0,1,0
154,12463,1011.97,0,1100.0,1996-04-09,Male,"Incomplete, University",1810.4,60,C3,Mogilevskaja oblast',ShKLOV,Ministry of Internal Affairs/Ministry of Emergency Situations/Ministry of Defense,0.4,1,1,1
155,10893,2587.79,33,3000.0,1965-08-06,Male,College,1474.23,36,C1,GRODNENSKAJa,VASILEVIChI,Agriculture,0.25,0,2,0
156,10829,3983.79,0,4400.0,1998-10-16,Male,High school,2414.21,60,C3,g. Minsk,MINSK,Production,0.4,0,2,0
157,11518,1800.0,0,2250.0,2001-12-16,Female,High school,570.67,60,C1,g. Minsk,MINSK,Trade,0.4,1,1,1
158,13587,1642.35,0,1900.0,1988-11-28,Female,College,1556.61,36,D3,Vitebskaja oblast',BARAN',Transport/Logistic,0.4,2,1,0
159,16742,955.17,0,1000.0,1990-11-30,Female,University,3472.59,60,C3,g. Minsk,MINSK,Finance and Insurance,0.4,0,2,1
160,13744,2150.0,0,2500.0,1994-11-05,Female,University,1619.93,60,C3,g. Minsk,MINSK,Finance and Insurance,0.26,0,1,1
161,16329,8119.0,0,8500.0,1972-01-05,Female,College,1855.57,60,C1,MINSKAJa,NAROCh',Agriculture,0.14,0,1,1
162,16848,3534.13,0,3700.0,1994-04-21,Female,University,1759.94,60,C1,Minskaja oblast',STOLBTsY,Production,0.4,0,2,1
163,12042,919.95,0,1000.0,2001-07-25,Male,College,1400.0,60,B3,Minskaja oblast',MAR'INA GORKA,Ministry of Internal Affairs/Ministry of Emergency Situations/Ministry of Defense,0.31,0,2,1
164,18003,6920.32,0,7000.0,1993-04-24,Female,College,1659.03,60,A1,g. Minsk,MINSK,Construction,0.13,0,2,1
165,16902,10697.67,0,11200.0,1962-10-20,Male,College,1141.56,60,A3,MOGILEVSKAJa,MOGILEV,Production,0.4,0,1,1
166,16334,5322.61,0,6000.0,1970-04-25,Female,College,1139.58,60,B3,g. Minsk,MINSK,Public services,0.16,0,2,0
167,16535,4775.87,0,5000.0,1981-04-02,Female,University,989.2,60,B1,Mogilevskaja oblast',Chausy,Construction,0.15,1,1,1
168,16103,1994.51,0,10500.0,2004-01-03,Male,College,1755.72,60,C2,Minskaja oblast',SLUTsK,Agriculture,0.26,0,2,0
169,13827,1287.48,3,1450.0,1993-06-05,Male,University,3293.97,36,D1,g. Minsk,MINSK,Trade,0.4,1,1,0
170,13463,2900.0,156,2900.0,1977-08-04,Female,College,1088.45,60,D1,GOMEL'SKAJa,AZDELINO,Agriculture,0.18,0,2,0
171,10275,2518.46,0,2800.0,1989-09-20,Female,University,1323.34,60,C2,g. Minsk,MINSK,Science and Education,0.36,0,2,0
172,9336,6609.44,0,7300.0,1981-05-12,Male,College,2527.54,60,B2,g. Minsk,MINSK,Construction,0.4,2,1,0
173,12790,1585.3,0,3500.0,1989-10-15,Male,University,1792.26,36,A1,Minskaja oblast',MAR'INA GORKA,Information Technology,0.08,0,2,1
174,12454,5979.73,0,6500.0,1975-10-18,Male,College,1867.8,60,D2,Minskaja oblast',Dzerzhinsk,Production,0.36,1,2,0
175,13763,9784.46,0,10500.0,1987-09-19,Female,College,783.85,60,A3,Vitebskaja oblast',ORShA,Trade,0.4,0,2,0
176,11747,2756.1,0,3000.0,1996-12-29,Female,College,590.88,60,D1,Mogilevskaja oblast',KRASNOPOL'E,Medicine and healthcare,0.38,1,1,0
177,12479,977.88,124,1000.0,1973-01-30,Male,College,760.25,60,C3,VITEBSKAJa,BEREZKI,Agriculture,0.29,0,2,0
178,15148,14153.88,0,15000.0,1994-04-05,Male,College,2180.39,60,C1,Minskaja oblast',BOL'ShEVIK,Trade,0.33,0,1,1
179,10103,1358.07,0,1500.0,1995-12-21,Male,College,1289.76,60,C1,GRODNENSKAJa,GRODNO,Medicine and healthcare,0.4,0,2,1
180,12075,919.95,0,1000.0,1984-09-09,Male,College,2849.5,60,D3,g. Minsk,MINSK,Transport/Logistic,0.33,3,1,0
181,18018,16902.69,0,17100.0,1994-03-26,Female,University,1567.68,60,A1,g. Minsk,MINSK,Medicine and healthcare,0.4,0,1,1
182,14235,4109.18,0,5200.0,1971-05-16,Male,College,1885.12,60,B3,MINSKAJa,ZABOLOT'E,Production,0.16,0,2,0
183,14886,2387.92,33,2500.0,1999-08-26,Female,"Incomplete, University",1198.0,60,E2,g. Minsk,Minsk,Ministry of Internal Affairs/Ministry of Emergency Situations/Ministry of Defense,0.22,0,2,0
184,15404,4717.96,0,5000.0,1971-01-28,Male,College,1739.69,60,A2,MINSKAJa,MIHANOVIChI,Production,0.25,0,1,1
185,11987,2795.59,3,3000.0,2001-07-16,Male,"Incomplete, University",1700.0,60,D3,Minskaja oblast',BYTChA,Ministry of Internal Affairs/Ministry of Emergency Situations/Ministry of Defense,0.4,0,2,0
186,17438,1432.75,0,1500.0,1969-01-09,Female,University,1736.48,60,D3,g. Minsk,MINSK,Trade,0.28,0,2,0
187,16781,2865.54,0,3000.0,1998-02-08,Male,University,2616.71,60,D3,Vitebskaja oblast',SENNO,Construction,0.16,0,2,0
188,15438,817.05,0,1000.0,1993-10-05,Female,High school,984.03,24,A3,Gomel'skaja oblast',ROGAChEV,Trade,0.18,2,2,1
189,15390,7076.92,0,7500.0,1973-09-06,Female,College,1898.23,60,C1,Vitebskaja oblast',BOGUShEVSK,Production,0.12,1,2,1
190,16593,19103.5,0,20000.0,1962-07-31,Male,College,3400.76,60,B3,GOMEL'SKAJa,NIVY,Production,0.31,0,1,1
191,18034,4698.55,0,4750.0,1985-07-19,Male,College,3610.28,60,B2,g. Minsk,MINSK,Trade,0.4,2,1,1
192,17800,2446.51,0,2500.0,1990-01-14,Male,University,2824.01,60,B2,Gomel'skaja oblast',Mozyr',Production,0.33,1,1,1
193,15059,7548.77,0,8000.0,1981-06-13,Male,College,1299.75,60,C3,Minskaja oblast',MOLODEChNO,Production,0.18,0,2,0
194,12897,3727.42,0,4000.0,1984-06-16,Female,College,854.46,60,C2,Gomel'skaja oblast',SALTANOVKA,Public services,0.14,0,1,0
195,16310,10853.23,0,12000.0,1968-01-21,Male,College,1455.51,60,C1,MINSKAJa,VESEJa,Public services,0.25,0,2,0
196,14536,5736.37,62,6000.0,1986-03-06,Male,University,2829.36,36,D1,Gomel'skaja oblast',BEREZKI,Medicine and healthcare,0.09,1,2,0
197,9849,9054.02,0,10000.0,1983-07-01,Male,College,2356.96,60,D2,VITEBSKAJa,VITEBSK,Agriculture,0.36,1,1,0
198,12912,930.77,0,1000.0,1963-12-27,Female,High school,630.82,60,B2,Minskaja oblast',RADOShKOVIChI,Retired,0.4,0,1,1
199,16556,15282.79,0,16000.0,1977-10-12,Female,College,1948.7,60,B2,g. Minsk,Minsk,Trade,0.35,0,2,0
200,12034,6000.0,185,6000.0,1979-08-01,Male,College,1569.5,60,C1,MOGILEVSKAJa,MOGILEV,Production,0.4,1,2,0
201,13740,1256.31,0,1350.0,1976-03-27,Female,University,1086.55,60,D1,g. Minsk,MINSK,Medicine and healthcare,0.24,0,1,0
202,17444,1910.34,0,2000.0,1989-02-17,Male,High school,1258.56,60,C1,g. Minsk,MINSK,Production,0.3,1,1,1
203,16077,817.05,0,1000.0,1982-01-29,Male,College,1619.06,24,D2,Grodnenskaja oblast',LIDA,Production,0.29,2,2,0
204,9049,6081.13,0,8700.0,1987-05-01,Female,University,2710.08,24,B2,g. Minsk,Minsk,Finance and Insurance,0.4,0,1,1
205,15232,14153.88,0,15000.0,2004-12-24,Female,College,2420.77,60,C2,g. Minsk,Minsk,Trade,0.28,1,1,1
206,14654,943.59,0,1000.0,1996-09-06,Male,College,1858.27,60,D1,Grodnenskaja oblast',Baranovichi,Transport/Logistic,0.4,1,1,0
207,16901,1910.34,0,2000.0,2000-12-02,Female,High school,1172.63,60,C3,Minskaja oblast',ZADOR'E,Finance and Insurance,0.33,0,2,1
208,13382,1887.17,3,2000.0,2003-06-26,Male,College,1900.0,60,C3,Minskaja oblast',ZhODINO,Ministry of Internal Affairs/Ministry of Emergency Situations/Ministry of Defense,0.11,0,2,0
209,16219,955.17,0,1000.0,1976-12-26,Male,College,2287.53,60,B2,GOMEL'SKAJa,GOMEL',Public Administration,0.2,0,1,1
210,11563,1257.9,0,1400.0,1990-04-20,Female,College,895.91,60,D2,Minskaja oblast',SOLIGORSK,Trade,0.24,1,2,0
211,17602,1931.17,0,2000.0,1990-12-18,Male,College,3497.52,60,B3,Vitebskaja oblast',MIORY,Construction,0.2,2,1,0
212,13279,6522.61,0,7000.0,2000-06-02,Male,College,1691.96,60,B1,g. Minsk,MINSK,Production,0.28,0,2,1
213,11770,5923.17,0,8000.0,1996-02-21,Male,University,3556.61,24,A3,g. Minsk,MINSK,Trade,0.19,0,2,1
214,17816,928.75,0,1000.0,2002-03-22,Female,"Incomplete, University",1337.97,24,A3,g. Minsk,Minsk,Trade,0.14,0,2,1
215,18231,2500.0,0,2500.0,1995-08-04,Male,College,2381.17,24,C1,Mogilevskaja oblast',BOBRUJSK,Construction,0.33,0,1,0
216,10382,917.72,3,1000.0,1994-01-30,Female,College,787.7,60,B3,BRESTSKAJa OBLAST',MIKAShEVIChI,Production,0.39,2,1,1
217,13565,931.85,0,1000.0,1991-07-02,Female,College,927.34,60,C2,Vitebskaja oblast',POLOTsK,Trade,0.4,1,2,0
218,17322,1858.99,0,2000.0,1988-04-22,Female,University,1776.66,60,B2,Vitebskaja oblast',KOHANOVO,Information Technology,0.17,0,2,1
219,15181,817.05,0,1000.0,1986-08-26,Female,High school,1670.94,24,C2,GRODNENSKAJa,OZERY,Agriculture,0.32,2,1,1
220,16078,1415.37,0,1500.0,2003-05-18,Male,College,1286.54,60,E2,Gomel'skaja oblast',ZJaBROVKA,Production,0.24,0,2,0
221,16977,955.17,0,1000.0,1985-11-23,Male,High school,1906.45,60,B2,Minskaja oblast',BORISOV,Production,0.31,1,1,1
222,17474,18187.17,0,19200.0,1967-07-27,Female,College,1428.12,60,A1,g. Minsk,Minsk,Trade,0.4,0,2,1
223,16259,12283.33,0,14000.0,2000-08-27,Male,College,1785.3,60,D1,Brestskaja oblast',HVOROSNO,Ministry of Internal Affairs/Ministry of Emergency Situations/Ministry of Defense,0.38,0,2,0
224,12738,18623.68,0,20000.0,1981-12-07,Male,High school,3839.3,60,A3,Brestskaja oblast',ZAKROSNITsA,Agriculture,0.37,3,2,1
225,13934,943.59,3,1000.0,1992-10-08,Male,College,1348.41,60,C3,Vitebskaja oblast',SVISTELKI,Trade,0.33,0,2,0
226,13511,1397.76,0,1500.0,1991-03-17,Female,College,1172.0,60,E1,Vitebskaja oblast',POLOTsK,Finance and Insurance,0.21,1,2,0
227,12660,4450.57,124,4500.0,1990-03-17,Female,College,857.69,60,D1,Minskaja oblast',SOLIGORSK,Trade,0.35,1,2,0
228,13376,10250.4,0,11000.0,1980-03-21,Female,College,1510.69,60,A2,Mogilevskaja oblast',GORODETs,Agriculture,0.32,0,2,1
229,13213,2143.28,0,2300.0,1968-02-09,Female,College,691.93,60,D1,VITEBSKAJa,TULOVO,Production,0.4,0,1,0
230,13713,3026.16,0,3500.0,1989-06-05,Male,University,4016.2,36,D2,Gomel'skaja oblast',REChITsA,Production,0.4,1,2,0
231,10473,12947.16,0,14300.0,1972-01-10,Female,College,1506.08,60,B1,MINSKAJa,LESNOJ,Medicine and healthcare,0.4,0,2,1
232,17080,955.17,0,1000.0,1995-01-26,Male,University,1702.62,60,C2,Brestskaja oblast',Bol'shie Vikorovichi,Science and Education,0.33,0,2,0
233,13066,5591.12,0,6000.0,1994-03-11,Male,University,1193.03,60,B3,g. Minsk,MINSK,Science and Education,0.34,0,1,1
234,17113,1187.92,0,1500.0,1991-11-21,Male,College,3271.12,24,C1,g. Minsk,MINSK,Production,0.12,1,2,0
235,13515,3115.89,0,4000.0,1996-03-01,Male,College,1105.06,24,C3,Vitebskaja oblast',STAROE SOKOLINO,Agriculture,0.2,2,1,0
236,16998,955.17,0,1000.0,1984-09-09,Male,College,2510.59,60,E1,g. Minsk,MINSK,Transport/Logistic,0.4,3,1,0
237,13649,1289.86,0,1500.0,1967-03-16,Female,College,824.73,36,C1,Minskaja oblast',Janovichi,Trade,0.37,0,2,1
238,13775,6398.16,0,7400.0,1979-06-01,Female,High school,754.03,36,B3,Vitebskaja oblast',GLINNOE,Agriculture,0.4,1,2,0
239,17902,978.61,0,1000.0,1989-11-04,Male,University,1585.31,60,C3,Brestskaja oblast',DROGIChIN,Production,0.4,1,2,0
240,16091,7100.0,124,7100.0,2000-06-22,Male,High school,1210.96,60,C1,VITEBSKAJa,BORZDOVKA,Agriculture,0.4,0,2,0
241,16250,4298.17,0,4500.0,1969-07-07,Female,High school,835.53,60,C2,Minskaja oblast',KUPNIKI,Public services,0.16,0,2,0
242,11870,1379.92,0,1500.0,1990-03-02,Male,High school,2106.5,60,D1,g. Minsk,MINSK,Production,0.39,2,1,0
243,10863,4662.78,0,5150.0,1984-05-05,Male,University,637.17,60,A2,g. Minsk,MINSK,Science and Education,0.4,0,2,1
244,14164,1509.74,3,1600.0,1971-04-25,Female,High school,838.44,60,D3,Gomel'skaja oblast',MOISEEVKA,Agriculture,0.06,0,2,0
245,15288,3774.37,0,4000.0,1976-05-12,Male,University,4957.35,60,D3,GRODNENSKAJa,GRODNO,Construction,0.33,0,2,0
246,11367,1379.92,0,1500.0,1974-08-18,Male,College,711.78,60,B3,MINSKAJa,URECh'E,Transport/Logistic,0.19,0,1,0
247,16732,5364.64,3,5550.0,1998-03-29,Male,University,1534.02,60,D3,Grodnenskaja oblast',LIDA,Science and Education,0.4,0,2,0
248,12193,1742.63,0,3000.0,1993-10-08,Female,University,860.79,24,C1,Grodnenskaja oblast',SLONIM,Public services,0.19,1,2,0
249,10517,5643.7,124,6000.0,1983-07-13,Female,College,1103.04,60,B3,MINSKAJa,ZAJaMNOE,Production,0.16,2,1,0
250,13600,2096.66,0,2250.0,1984-05-14,Male,High school,891.02,60,C1,Minskaja oblast',Ravnopol'e,Production,0.4,2,1,0
251,12006,1839.9,0,2000.0,1975-01-16,Female,College,948.63,60,B2,Minskaja oblast',KOREN',Trade,0.29,1,1,1
252,12305,1682.01,0,2000.0,1998-07-12,Male,University,1337.93,36,B3,GOMEL'SKAJa OBLAST',BOTVINOVO,Trade,0.24,0,2,1
253,12719,2336.89,0,3000.0,2000-09-13,Female,University,1940.59,24,B1,BRESTSKAJa,BEREZhNOE,Finance and Insurance,0.24,0,2,1
254,11348,1209.42,0,1500.0,1983-09-27,Male,College,1660.63,36,D2,Minskaja oblast',GORA,Production,0.38,2,1,0
255,15695,1329.15,0,1500.0,1997-04-07,Male,College,2028.21,60,D2,Brestskaja oblast',PINSK,Production,0.25,0,1,0
256,16832,6896.67,62,7000.0,1976-10-29,Female,College,1154.61,60,D3,GOMEL'SKAJa,DEMIDOV,Agriculture,0.18,0,2,0
257,10288,3983.79,0,4400.0,1992-05-19,Male,University,1151.09,60,B2,g. Minsk,MINSK,Construction,0.4,1,1,1
258,11966,189.69,0,1000.0,2000-06-09,Male,College,1500.0,24,C2,GRODNENSKAJa,GRODNO,Ministry of Internal Affairs/Ministry of Emergency Situations/Ministry of Defense,0.35,1,1,1
259,13478,931.85,0,1000.0,1995-07-10,Male,College,2015.04,60,E1,g. Minsk,Minsk,Production,0.37,0,2,0
260,17772,3458.91,0,3700.0,1991-01-17,Male,University,1434.32,36,A3,MOGILEVSKAJa,LENINO,Medicine and healthcare,0.11,2,1,1
261,12115,4599.81,0,5000.0,1991-08-27,Male,University,3120.93,60,E2,BRESTSKAJa,BREST,Medicine and healthcare,0.3,0,2,0
262,14240,864.6,0,1000.0,1992-05-09,Male,University,2814.04,36,C2,g. Minsk,MINSK,Public services,0.2,0,2,0
263,14497,916.09,0,1000.0,1980-10-08,Female,College,894.33,60,E3,Vitebskaja oblast',MIORY,Agriculture,0.16,0,2,0
264,15530,966.6,33,1000.0,2003-07-10,Female,"Incomplete, University",1643.37,60,C3,VITEBSKAJa,VITEBSK,Trade,0.38,0,2,0
265,12266,13799.43,0,15000.0,1974-01-13,Male,"Incomplete, University",3174.07,60,A3,g. Minsk,MINSK,Trade,0.24,1,1,1
266,15028,6416.44,0,6800.0,1980-01-13,Female,College,835.68,60,B2,GRODNENSKAJa,MOZhEJKOVO,Public services,0.24,0,2,1
267,16617,7532.18,0,7900.0,2002-07-05,Male,High school,589.69,60,C3,g. Minsk,MINSK,Public services,0.4,0,2,0
268,9977,698.97,0,1000.0,1987-02-17,Female,University,2110.32,24,B3,Minskaja oblast',FANIPOL',Information Technology,0.34,1,1,1
269,13229,1331.29,3,1500.0,2005-01-02,Male,College,538.21,36,D2,MINSKAJa,URECh'E,Public services,0.39,0,2,0
270,16956,955.17,0,1000.0,1996-10-11,Female,College,2065.34,60,D1,Brestskaja oblast',KVASEVIChI,Agriculture,0.3,0,2,0
271,12985,1600.0,156,1600.0,1994-02-15,Male,College,649.54,60,C1,GRODNENSKAJa,DVORETs,Agriculture,0.09,0,2,0
272,14153,4659.28,0,5000.0,1983-10-24,Male,University,3348.73,60,C1,Gomel'skaja oblast',REChITsA,Production,0.24,1,1,1
273,10021,1358.07,0,1500.0,1967-11-12,Female,College,1121.18,60,C3,Brestskaja oblast',DROGIChIN,Medicine and healthcare,0.21,0,2,0
274,16642,955.17,0,1000.0,1994-01-18,Male,College,3744.87,60,E3,Gomel'skaja oblast',SVETLOGORSK,Production,0.26,2,1,0
275,11687,5519.76,0,6000.0,1974-02-19,Female,College,734.77,60,C2,Minskaja oblast',MOLODEChNO,Trade,0.29,0,2,0
276,10094,2850.69,0,3500.0,1986-05-06,Male,College,1589.88,36,C2,g. Minsk,MINSK,Production,0.09,2,1,0
277,9661,905.38,0,1000.0,1987-01-19,Female,College,1076.03,60,C2,g. Minsk,MINSK,Trade,0.25,2,1,1
278,14053,4717.96,3,5000.0,1971-03-20,Female,College,1074.91,60,D2,MOGILEVSKAJa,MOGILEV,Medicine and healthcare,0.14,0,2,0
279,10778,18351.57,3,20000.0,1966-01-19,Male,College,1714.87,60,A1,MINSKAJa,JuZUFOVO,Transport/Logistic,0.34,0,1,1
280,13042,1956.87,0,2100.0,1963-07-25,Female,College,821.78,60,B3,GRODNENSKAJa,GRODNO,Science and Education,0.23,0,1,1
281,17855,2740.09,0,2800.0,1987-02-06,Female,University,1292.47,60,B3,MINSKAJa,URECh'E,Science and Education,0.4,2,1,1
282,12383,1194.67,0,1480.0,2001-08-17,Male,University,1407.0,36,D1,Mogilevskaja oblast',GORKI,Ministry of Internal Affairs/Ministry of Emergency Situations/Ministry of Defense,0.16,0,2,0
283,13196,3913.76,0,4200.0,1970-09-30,Male,College,1580.91,60,D2,Mogilevskaja oblast',Bobrujsk,Production,0.08,1,1,0
284,18000,14049.18,0,14200.0,1981-10-20,Male,High school,6136.1,60,B3,g. Minsk,MINSK,Production,0.4,3,1,0
285,14350,3349.74,0,3550.0,1983-11-08,Female,University,962.06,60,B2,Vitebskaja oblast',VASIL'KI,Public services,0.4,2,1,1
286,15159,8100.0,124,8100.0,1986-10-16,Male,University,1065.66,60,D3,g. Minsk,Minsk,Production,0.4,2,2,0
287,12842,1487.04,0,1600.0,1985-11-16,Female,College,589.16,60,D1,Minskaja oblast',KAZEJKI,Science and Education,0.08,0,1,0
288,16921,10029.32,0,10500.0,1997-11-26,Male,College,1000.0,60,B3,VITEBSKAJa,POD'EL'TsY,Public services,0.31,0,1,0
289,17883,1148.25,0,1200.0,1997-10-19,Male,College,1784.64,36,C1,Mogilevskaja oblast',ChAUSY,Medicine and healthcare,0.4,1,1,1
290,10338,6790.5,0,7500.0,1988-03-30,Female,College,1471.79,60,B2,Mogilevskaja oblast',KLIMOVIChI,Trade,0.26,2,1,1
291,9286,6337.81,0,7000.0,1984-08-28,Female,College,2121.69,60,A1,g. Minsk,MINSK,Medicine and healthcare,0.12,2,1,1
292,11865,2299.87,0,2500.0,1991-05-12,Female,College,977.96,60,D1,Gomel'skaja oblast',KORMA,Science and Education,0.1,1,2,0
293,14011,2225.28,124,2250.0,1974-01-08,Female,College,843.98,60,D2,VITEBSKAJa,VITEBSK,Medicine and healthcare,0.4,1,1,0
294,18372,1000.0,0,1000.0,1993-06-30,Male,College,2778.22,60,E2,g. Minsk,MINSK,Construction,0.37,1,1,0
295,11314,891.68,0,1500.0,1998-05-16,Male,College,1045.0,24,C2,Vitebskaja oblast',BARAN',Trade,0.4,0,1,0
296,11574,6834.85,0,8500.0,1973-06-15,Female,College,1734.4,36,A3,Brestskaja oblast',PINSK,Production,0.4,0,2,1
297,14828,4552.99,3,5000.0,1986-09-21,Male,"Incomplete, University",5940.77,36,E2,Gomel'skaja oblast',SVETLOGORSK,Production,0.36,2,1,0
298,16264,909.14,0,1000.0,1986-01-06,Male,College,4137.75,60,C2,Minskaja oblast',Staro-Borisov,Construction,0.16,1,1,0
299,10761,4526.97,0,5000.0,1983-11-03,Male,College,2691.56,60,D1,GRODNENSKAJa OBLAST',LESchENJaTY,Production,0.34,0,1,0
300,11909,2759.91,0,3000.0,2002-04-04,Male,High school,2098.79,60,D3,g. Minsk,MINSK,Production,0.34,0,2,0
301,15871,943.59,0,1000.0,2002-09-07,Male,College,537.47,60,D1,Grodnenskaja oblast',IV'E,Public Administration,0.26,0,2,0
302,11763,9199.62,0,10000.0,2002-10-15,Male,High school,1324.72,60,D2,GRODNENSKAJa,BAKUNY,Agriculture,0.23,2,1,0
303,16964,1910.34,0,2000.0,1986-05-16,Female,"Incomplete, University",2152.69,60,C2,MOGILEVSKAJa,MOGILEV,Trade,0.4,0,2,0
304,14569,5834.41,0,6200.0,1994-06-04,Male,College,1098.26,60,A3,Gomel'skaja oblast',BRAGIN,Culture and Art,0.24,0,2,1
305,11959,5519.76,0,6000.0,1996-02-16,Female,University,1076.4,60,C1,MOGILEVSKAJa,MOGILEV,Production,0.36,1,1,1
306,10970,917.72,3,1000.0,1987-08-08,Male,University,2181.15,60,D2,g. Minsk,MINSK,Production,0.3,1,1,0
307,14111,1304.56,0,1400.0,1988-04-07,Male,University,2164.62,60,C2,BRESTSKAJa,BREST,Production,0.39,0,2,1
308,8645,1204.06,0,1350.0,1975-08-22,Female,High school,767.46,60,B3,Brestskaja oblast',GANTsEVIChI,Medicine and healthcare,0.15,0,1,1
309,16866,854.62,0,1000.0,2005-01-25,Male,High school,801.78,24,D1,Minskaja oblast',SMOLEVIChI,Trade,0.29,0,2,0
310,18083,1403.61,0,1500.0,1996-06-14,Male,College,1800.0,36,B3,Mogilevskaja oblast',BOBRUJSK,Ministry of Internal Affairs/Ministry of Emergency Situations/Ministry of Defense,0.32,1,1,1
311,10011,3712.16,0,4100.0,2004-02-18,Male,High school,1249.22,60,C3,Minskaja oblast',PETRIShKI,Trade,0.4,0,2,0
312,16258,6925.0,0,7250.0,1977-06-16,Female,College,1731.68,60,C3,Minskaja oblast',FANIPOL',Public services,0.4,0,1,1
313,12601,1168.48,0,1500.0,2001-08-01,Male,College,1500.0,24,B3,VITEBSKAJa,VITEBSK,Ministry of Internal Affairs/Ministry of Emergency Situations/Ministry of Defense,0.25,1,1,1
314,12056,6341.24,0,6900.0,1988-04-20,Female,College,1661.91,60,C3,Mogilevskaja oblast',BYHOV,Trade,0.18,2,1,0
315,17734,4015.86,0,4150.0,1996-10-02,Male,College,1586.41,60,C2,Mogilevskaja oblast',Krasnopol'e,Production,0.4,0,1,0
316,11468,2471.67,156,2500.0,1971-03-13,Female,College,703.91,60,C1,Brestskaja oblast',MALORITA,Public services,0.11,1,2,0
317,12998,7936.05,62,8500.0,1994-09-20,Male,High school,2181.44,36,C2,Minskaja oblast',Cherven',Trade,0.4,0,2,0
318,9848,1710.46,0,2100.0,1998-10-28,Male,College,633.5,36,A3,Gomel'skaja oblast',GOMEL',Production,0.4,0,2,1
319,10940,814.46,0,1000.0,1984-10-06,Female,University,2839.35,36,E3,g. Minsk,Minsk,Construction,0.19,1,2,0
320,16610,2382.97,0,2500.0,1992-09-16,Male,High school,834.97,60,B2,Gomel'skaja oblast',ZhLOBIN,Production,0.09,0,2,0
321,13422,1397.76,0,1500.0,2000-12-14,Male,College,853.5,60,D2,Minskaja oblast',NOVOE POLE,Finance and Insurance,0.05,0,2,0
322,10279,5432.43,0,6000.0,1976-10-20,Female,College,1770.17,60,E2,g. Minsk,MINSK,Production,0.38,1,1,0
323,12280,919.95,0,1000.0,2003-05-28,Male,"Incomplete, University",975.07,60,C1,g. Minsk,MINSK,Finance and Insurance,0.06,0,2,1
324,13546,11648.18,0,12500.0,1980-06-20,Female,University,6501.85,60,C1,Minskaja oblast',DROZDOVO,Production,0.4,1,1,1
325,16540,7163.79,0,7500.0,1989-07-23,Male,College,848.53,60,C2,Minskaja oblast',UZDA,Production,0.27,0,2,0
326,18150,1000.0,0,1000.0,1995-01-05,Female,College,1294.25,24,C3,g. Minsk,MINSK,Science and Education,0.38,0,2,0
327,10083,1810.84,0,2000.0,1973-05-21,Male,High school,1941.55,60,C1,Minskaja oblast',PLASTOK,Agriculture,0.36,0,2,0
328,14263,9318.55,0,10000.0,1988-05-03,Female,College,2832.21,60,C1,Minskaja oblast',Senitsa,Production,0.34,3,1,1
329,13895,5468.74,0,6000.0,1972-07-14,Male,College,1634.09,60,C3,Minskaja oblast',SOSNOVYJ BOR,Production,0.12,0,2,0
330,10064,1358.07,0,1500.0,1986-11-18,Female,High school,1529.8,60,B3,Vitebskaja oblast',PRUDINKI,Agriculture,0.24,1,1,1
331,11709,1839.9,0,2000.0,2000-03-14,Male,College,1278.87,60,D1,g. Minsk,Minsk,Production,0.3,1,1,0
332,18045,24734.47,0,25000.0,1987-08-19,Female,University,9012.66,60,B1,g. Minsk,MINSK,Finance and Insurance,0.32,1,1,1
333,10306,12043.56,0,15000.0,1964-06-01,Male,University,2231.43,36,A2,Gomel'skaja oblast',BEREZINA,Science and Education,0.33,0,2,1
334,10062,1720.27,0,1900.0,1979-10-17,Female,University,1330.58,60,C3,GOMEL'SKAJa,GOMEL',Production,0.38,1,2,0
335,11577,7359.74,0,8000.0,1982-09-26,Female,High school,1286.35,60,C3,Gomel'skaja oblast',HOJNIKI,Agriculture,0.19,0,2,0
336,15587,1062.16,0,1300.0,1966-11-23,Male,College,2259.85,24,C2,g. Minsk,MINSK,Trade,0.21,0,1,1
337,11864,1251.35,0,1500.0,1968-08-16,Male,High school,740.0,36,C2,Mogilevskaja oblast',ZAGAT'E,Public services,0.38,0,1,0
338,14998,1887.17,0,2000.0,1999-02-10,Male,College,684.18,60,A3,Grodnenskaja oblast',VOLKOVYSK,Science and Education,0.09,1,1,1
339,13357,774.61,0,1000.0,1976-05-02,Female,High school,511.56,24,C1,Minskaja oblast',Dzerzhinsk,Production,0.11,0,2,0
340,9891,3621.59,0,4000.0,2004-07-29,Male,College,913.54,60,C1,MOGILEVSKAJa,MOGILEV,Transport/Logistic,0.29,0,2,0
341,15699,943.59,0,1000.0,1999-01-15,Male,College,1651.11,60,E2,Minskaja oblast',BORISOV,Production,0.25,0,2,0
342,14865,2358.96,0,2500.0,1999-07-28,Male,College,1715.99,60,C1,BRESTSKAJa,BREST,Transport/Logistic,0.1,0,2,0
343,15231,6605.13,0,7000.0,2001-08-03,Male,College,2000.0,60,E1,g. Minsk,MINSK,Ministry of Internal Affairs/Ministry of Emergency Situations/Ministry of Defense,0.32,0,2,0
344,17545,4833.02,0,5000.0,1992-02-06,Male,College,1603.29,60,D3,Vitebskaja oblast',NOVOPOLOTsK,Public Administration,0.38,1,1,0
345,11832,981.91,0,2000.0,1991-03-17,Female,College,1574.51,60,D3,Vitebskaja oblast',POLOTsK,Finance and Insurance,0.13,1,2,0
346,15551,8162.02,62,8500.0,1992-05-29,Male,College,2269.97,60,D1,Minskaja oblast',ZAOSTROVECh'E,Agriculture,0.23,0,1,0
347,18070,2473.45,0,2500.0,1986-03-15,Female,University,4312.36,60,B3,Minskaja oblast',TARASOVO,Trade,0.4,2,1,1
348,10533,1448.64,0,1600.0,1971-01-21,Male,College,1178.97,60,B3,Minskaja oblast',MOLODEChNO,Production,0.4,0,1,0
349,13246,931.85,3,1000.0,2000-01-03,Male,College,1450.0,60,C3,GRODNENSKAJa,SEN'KOVSchINA,Ministry of Internal Affairs/Ministry of Emergency Situations/Ministry of Defense,0.39,0,2,1
350,14973,836.2,0,1000.0,1999-01-17,Male,College,2228.49,36,C2,BRESTSKAJa,BREST,Transport/Logistic,0.18,0,2,0
351,11439,2932.39,3,3200.0,1980-07-29,Female,High school,1500.0,60,C3,Minskaja oblast',ZARECh'E,Production,0.06,0,1,0
352,13615,934.73,0,1200.0,1996-07-10,Male,University,1932.97,24,B3,g. Minsk,MINSK,Medicine and healthcare,0.12,0,2,1
353,10380,1038.55,0,1500.0,1989-01-20,Female,College,2429.94,24,D2,g. Minsk,MINSK,Trade,0.32,1,2,0
354,15830,2416.5,33,2500.0,1974-01-13,Female,University,1135.63,60,D3,Mogilevskaja oblast',KRIChEV,Trade,0.38,0,1,0
355,14224,14672.79,3,15550.0,1994-09-12,Male,College,5324.88,60,D1,Brestskaja oblast',Skoki,Production,0.4,2,1,0
356,14414,1331.87,0,1500.0,1996-10-18,Female,University,1187.64,36,A2,Gomel'skaja oblast',ZhLOBIN,Production,0.22,1,2,0
357,12339,2221.16,0,3000.0,2002-08-17,Male,College,1447.47,24,C2,MINSKAJa,VIShNEVETs,Agriculture,0.11,0,2,0
358,11976,1439.0,156,1500.0,2002-09-15,Male,High school,2398.73,24,E1,g. Minsk,MINSK,Public Administration,0.21,0,2,0
359,15730,9907.7,0,10500.0,1988-05-18,Male,College,1703.06,60,C3,Minskaja oblast',MOLODEChNO,Production,0.4,0,1,0
360,11251,980.0,185,1000.0,2003-08-24,Male,High school,1400.0,60,D3,Minskaja oblast',HATEZhINO,Ministry of Internal Affairs/Ministry of Emergency Situations/Ministry of Defense,0.35,0,2,0
361,15899,1032.06,0,2500.0,1988-06-08,Male,University,2463.59,24,A2,g. Minsk,MINSK,Transport/Logistic,0.37,0,2,1
362,13124,12327.28,62,13000.0,1984-07-07,Female,College,1128.29,60,C1,Minskaja oblast',TROJChANY,Agriculture,0.36,0,1,0
363,12620,4193.36,0,4500.0,1995-10-29,Male,College,1261.28,60,C3,Vitebskaja oblast',KIROVSKAJa,Production,0.26,0,2,0
364,17097,6686.21,0,7000.0,1997-11-06,Male,High school,1233.88,60,C1,MINSKAJa,KOLODISchI,Trade,0.34,0,2,0
365,16015,13823.62,0,14650.0,1983-10-14,Male,College,3401.33,60,D2,Gomel'skaja oblast',Zhlobin,Production,0.4,2,1,0
366,18074,7712.39,0,7800.0,1987-02-26,Male,University,1761.0,60,C1,g. Minsk,Minsk,Trade,0.4,0,1,1
367,16634,4324.18,0,5000.0,1978-11-28,Female,College,2166.25,36,C2,Minskaja oblast',TJuRLI,Trade,0.09,1,2,0
368,14412,2972.33,0,3150.0,1988-02-26,Male,College,516.0,60,D1,g. Minsk,MINSK,Transport/Logistic,0.4,0,1,0
369,12669,13977.83,0,15000.0,1986-01-19,Male,College,3402.0,60,B2,g. Minsk,MINSK,Production,0.29,2,1,1
370,14122,1863.69,0,2000.0,1991-12-19,Male,College,2223.9,60,C2,g. Minsk,MINSK,Construction,0.03,0,2,0
371,12123,4599.81,0,5000.0,1991-04-02,Female,College,1003.51,60,B2,Minskaja oblast',SOROChI,Trade,0.16,1,2,1
372,14964,8020.55,0,8500.0,2003-03-20,Male,College,1286.4,60,C1,Grodnenskaja oblast',SKIDEL',Science and Education,0.39,0,2,0
373,15904,1837.17,0,2000.0,1980-12-15,Male,University,2581.29,60,D1,BRESTSKAJa,BREST,Production,0.37,2,1,0
374,17050,954.53,0,1000.0,1994-08-23,Male,College,1880.44,60,E1,g. Minsk,MINSK,Transport/Logistic,0.35,1,1,0
375,13102,3115.89,0,4000.0,1984-02-25,Female,University,1479.46,24,C1,g. Minsk,MINSK,Trade,0.33,2,1,1
376,11576,740.41,0,1000.0,1999-12-17,Male,College,746.22,24,C1,GOMEL'SKAJa,GOMEL',Trade,0.36,0,2,0
377,13220,3019.48,33,3200.0,1984-05-04,Male,College,1321.42,60,D2,VITEBSKAJa,VERETEI,Public services,0.1,0,1,0
378,10756,3621.59,0,4000.0,1982-08-17,Male,College,2753.77,60,C1,Minskaja oblast',SOLIGORSK,Production,0.34,2,1,1
379,10972,2850.69,0,3500.0,1980-07-12,Male,University,2663.45,36,A3,g. Minsk,MINSK,Production,0.4,1,1,1
380,14629,3347.51,0,3800.0,2003-12-18,Male,University,1688.58,60,B3,g. Minsk,MINSK,Construction,0.12,0,2,0
381,9883,1810.84,0,2000.0,1967-11-24,Female,High school,972.13,60,D1,Minskaja oblast',HVOJNIKI,Public Administration,0.37,0,1,0
382,13368,18637.11,0,20000.0,1982-03-28,Female,University,2148.48,60,C3,g. Minsk,Minsk,Agriculture,0.39,1,2,1
383,10988,1397.95,0,2000.0,1994-12-24,Male,College,1630.71,24,B2,Minskaja oblast',NOVOKOLOSOVO,Production,0.28,2,1,0
384,16729,5152.98,0,6000.0,1994-05-10,Male,College,1630.67,60,D2,g. Minsk,MINSK,Production,0.13,0,2,0
385,15415,1886.63,0,2000.0,1988-11-26,Male,College,1086.19,60,B2,Minskaja oblast',PLESchENITsY,Trade,0.29,0,2,1
386,16562,2651.24,0,2850.0,1998-03-01,Male,University,1610.1,60,C2,Gomel'skaja oblast',ZhLOBIN,Production,0.4,0,2,0
387,9754,5432.43,0,6000.0,1974-11-26,Female,College,1577.55,60,C1,Minskaja oblast',Pjatevschina,Agriculture,0.31,0,2,0
388,17351,5127.62,0,6000.0,1992-05-21,Female,College,1340.17,24,A2,g. Minsk,MINSK,Trade,0.25,1,2,1
389,15771,1226.68,0,1300.0,1994-12-05,Male,University,2895.53,60,B3,GOMEL'SKAJa,GOMEL',Medicine and healthcare,0.37,1,1,1
390,12881,1947.4,0,2500.0,2001-08-04,Male,High school,4067.61,24,D3,g. Minsk,MINSK,Production,0.14,0,2,0
391,15463,6605.13,0,7000.0,1986-12-30,Male,College,2967.0,60,C3,MINSKAJa,OZERTsO,Trade,0.32,0,1,0
392,16112,644.98,0,5000.0,2003-05-11,Male,College,807.31,60,B2,Vitebskaja oblast',LIOZNO,Science and Education,0.2,0,2,1
393,17156,2387.92,0,2500.0,1986-11-03,Male,High school,1343.2,60,B3,GRODNENSKAJa,OZERY,Agriculture,0.22,0,1,0
394,13576,11787.99,0,12650.0,1979-06-17,Female,University,2800.0,60,D1,g. Minsk,Minsk,Ministry of Internal Affairs/Ministry of Emergency Situations/Ministry of Defense,0.31,2,1,1
395,12941,2325.73,0,2500.0,1982-01-22,Male,High school,1165.84,60,D3,Minskaja oblast',MAR'INA GORKA,Production,0.24,0,2,0
396,12219,491.54,3,1000.0,1991-03-08,Male,University,2548.07,24,D1,g. Minsk,MINSK,Production,0.34,1,1,0
397,16601,3008.81,0,3150.0,1992-06-15,Male,University,696.6,60,D3,Minskaja oblast',Kopische,Trade,0.4,1,2,0
398,14534,1632.65,0,2000.0,1991-02-11,Male,University,1787.56,24,B2,g. Minsk,MINSK,Finance and Insurance,0.39,2,1,1
399,10263,18107.96,0,20000.0,1993-07-06,Male,University,2936.07,60,B3,Minskaja oblast',Juhnovka,Sports and Tourism,0.2,0,2,1
400,10302,1810.84,0,2000.0,1960-11-14,Female,College,515.0,60,C3,GRODNENSKAJa,MATVEEVTsY,Retired,0.3,0,1,0
401,12320,4996.52,0,5500.0,1981-08-14,Male,University,1353.69,60,C2,g. Minsk,MINSK,Construction,0.4,0,2,0
402,16846,1576.51,62,1600.0,1999-05-17,Female,College,1818.16,60,D3,g. Minsk,MINSK,Production,0.3,0,2,0
403,16681,556.22,0,1300.0,1991-02-19,Male,University,3006.27,24,D1,g. Minsk,Minsk,Construction,0.12,0,1,0
404,17719,6773.73,0,7000.0,2001-08-29,Female,"Incomplete, University",1280.82,60,C3,Minskaja oblast',BORISOV,Medicine and healthcare,0.4,0,2,1
405,14617,3620.36,0,3850.0,1972-11-16,Male,High school,850.86,60,A3,Vitebskaja oblast',GLUBOKOE,Medicine and healthcare,0.4,1,1,1
406,12360,1287.9,0,1400.0,1968-06-02,Male,College,686.82,60,A3,Vitebskaja oblast',ORShA,Science and Education,0.4,0,1,1
407,10946,8148.56,0,9000.0,1991-06-30,Male,College,2065.4,60,C1,g. Minsk,MINSK,Trade,0.4,0,2,0
408,14778,2830.8,0,3000.0,2001-08-04,Male,High school,3099.12,60,E1,g. Minsk,MINSK,Production,0.22,0,2,0
409,15893,2223.5,0,2550.0,2001-02-11,Male,College,1350.18,60,E1,Vitebskaja oblast',ORShA,Public services,0.4,0,2,0
410,12133,1546.56,95,1600.0,1993-02-06,Female,College,1073.89,60,D2,Gomel'skaja oblast',Sekerichi,Agriculture,0.32,1,2,0
411,17391,9551.74,0,10000.0,1996-04-29,Male,College,3571.17,60,C1,g. Minsk,Minsk,Production,0.22,0,2,1
412,16722,13363.32,0,14000.0,1988-07-18,Male,College,2104.01,60,B1,Minskaja oblast',ZEN'KOVIChI,Public services,0.27,1,1,1
413,13396,930.81,0,1000.0,1995-12-11,Male,University,2043.51,60,D1,Vitebskaja oblast',Novopolotsk,Production,0.4,1,1,0
414,18180,2000.0,0,2000.0,1984-04-17,Male,University,2049.23,60,B3,Minskaja oblast',Dzerzhinsk,Production,0.25,1,2,1
415,10242,2716.22,0,3000.0,1989-10-06,Female,University,1900.0,60,C2,g. Minsk,MINSK,Ministry of Internal Affairs/Ministry of Emergency Situations/Ministry of Defense,0.3,1,1,1
416,16422,940.06,0,1100.0,1991-04-19,Male,College,3091.93,24,B2,g. Minsk,Minsk,Trade,0.04,1,1,1
417,12484,6899.69,0,7500.0,1981-07-12,Male,University,1733.88,60,A1,g. Minsk,MINSK,Information Technology,0.31,1,1,1
418,9850,1177.01,0,1300.0,1986-03-01,Female,University,1143.1,60,D2,MINSKAJa OBLAST',BORISOV,Production,0.4,2,1,0
419,14730,1887.17,0,2000.0,2000-07-03,Male,University,1750.0,60,D2,Gomel'skaja oblast',BUDA-KOShELEVO,Transport/Logistic,0.3,0,2,0
420,11543,2759.91,0,3000.0,1983-08-24,Female,High school,1502.97,60,D2,Mogilevskaja oblast',BOBRUJSK,Construction,0.16,1,1,0
421,14531,1854.14,0,2650.0,1996-02-16,Female,University,1076.4,60,C1,MOGILEVSKAJa,MOGILEV,Production,0.4,1,1,1
422,13582,5650.11,0,8000.0,1995-04-27,Male,College,1949.47,60,C2,VITEBSKAJa,VITEBSK,Public services,0.39,0,2,0
423,11505,14000.0,0,20000.0,1982-02-17,Male,College,2763.93,24,A1,g. Minsk,Minsk,Production,0.4,1,1,0
424,10053,905.38,0,1000.0,1996-07-06,Female,University,1573.83,60,C2,BRESTSKAJa,BREST,Trade,0.27,1,2,0
425,10936,953.86,0,1000.0,2001-12-05,Male,College,2603.32,60,D2,Minskaja oblast',ZhODINO,Production,0.28,0,2,0
426,12175,766.42,3,1000.0,2000-04-19,Male,University,1121.97,24,D1,g. Minsk,MINSK,Trade,0.19,0,2,0
427,10120,529.37,0,5000.0,1976-12-09,Female,University,1420.05,36,D1,g. Minsk,Minsk,Trade,0.24,1,1,0
428,18080,1250.0,0,1300.0,1985-01-13,Female,University,1978.27,60,B3,Vitebskaja oblast',Postavy,Production,0.4,0,2,1
429,10804,12675.62,0,14000.0,1988-11-11,Male,College,2259.35,60,D3,g. Minsk,MINSK,Transport/Logistic,0.22,2,1,0
430,10786,2716.22,0,3000.0,1965-02-27,Male,High school,1081.99,60,C2,MOGILEVSKAJa,ZASTENOK USTERHI,Agriculture,0.28,2,1,0
431,9792,2239.8,0,2750.0,1970-08-03,Female,College,2098.96,36,D1,BRESTSKAJa,BEREZA,Production,0.4,0,1,0
432,12609,1396.15,0,1500.0,1980-10-22,Male,High school,1898.35,60,E1,Brestskaja oblast',MIKAShEVIChI,Construction,0.25,1,1,0
433,11497,919.95,0,1000.0,1997-04-28,Male,College,949.12,60,C1,Gomel'skaja oblast',PETRIKOV,Public services,0.27,1,1,0
434,10124,2036.23,0,2500.0,1981-03-25,Female,College,885.31,36,C3,Brestskaja oblast',IVANOVO,Trade,0.34,1,2,0
435,11033,1376.58,3,1500.0,2001-11-29,Male,College,1550.0,60,D3,Vitebskaja oblast',BESEDA,Ministry of Internal Affairs/Ministry of Emergency Situations/Ministry of Defense,0.17,0,2,0
436,10898,992.82,0,2000.0,1984-10-02,Male,College,760.5,24,B2,MOGILEVSKAJa,MOGILEV,Agriculture,0.3,2,1,0
437,11480,4001.86,0,4350.0,1977-01-28,Female,High school,1994.65,60,C2,Minskaja oblast',SLUTsK,Production,0.4,0,1,0
438,13420,10382.0,0,11200.0,2001-10-18,Male,College,1600.0,60,C1,Brestskaja oblast',BARANOVIChI,Ministry of Internal Affairs/Ministry of Emergency Situations/Ministry of Defense,0.4,0,2,1
439,17310,3295.33,0,3450.0,1983-07-08,Female,University,1020.5,60,B1,Vitebskaja oblast',ShARKOVSchINA,Medicine and healthcare,0.4,2,2,1
440,10783,4526.97,0,5000.0,1969-09-02,Male,College,1956.29,60,B3,Minskaja oblast',OREShNIKI,Transport/Logistic,0.36,0,1,0
441,10842,4072.46,0,5000.0,1983-02-07,Male,University,3291.7,36,B1,Minskaja oblast',Borovljany,Science and Education,0.28,3,1,1
442,17299,582.99,0,1000.0,2002-03-05,Male,College,1274.39,60,B3,g. Minsk,MINSK,Trade,0.25,0,2,1
443,17656,12932.37,0,15000.0,1990-06-05,Male,University,2180.22,36,A1,Gomel'skaja oblast',Zhlobin,Information Technology,0.29,1,2,1
444,14668,1908.2,3,2000.0,1978-07-26,Female,High school,1268.96,60,D3,g. Minsk,MINSK,Production,0.35,0,2,0
445,15364,19088.68,3,20000.0,1964-05-07,Male,University,2621.8,60,C1,g. Minsk,Minsk,Production,0.25,0,1,1
446,17217,15282.79,0,16000.0,1994-06-27,Female,"Incomplete, University",1189.71,60,A2,g. Minsk,MINSK,Science and Education,0.4,1,1,1
447,17422,953.07,0,1000.0,1996-12-23,Female,College,1321.13,60,E2,Vitebskaja oblast',Knjazhitsy,Medicine and healthcare,0.06,1,2,0
448,17213,2292.43,0,2400.0,1974-02-16,Male,College,1572.52,60,A1,Mogilevskaja oblast',BOBRUJSK,Finance and Insurance,0.17,2,1,1
449,14017,3890.75,0,4500.0,1980-06-22,Male,College,2309.0,36,B2,Mogilevskaja oblast',LEBEDJaNKA,Production,0.25,2,1,1
450,14876,12219.52,0,12950.0,1995-10-29,Male,University,1619.9,60,B3,g. Minsk,MINSK,Transport/Logistic,0.4,0,1,1
451,12560,2800.0,0,4200.0,1978-02-12,Female,University,1792.2,60,A1,g. Minsk,Minsk,Transport/Logistic,0.39,0,2,1
452,11830,919.95,0,1000.0,1983-06-28,Female,College,1851.97,60,D2,Brestskaja oblast',IVATsEVIChI,Science and Education,0.4,0,2,0
453,14982,817.05,0,1000.0,2001-09-26,Female,College,1103.74,24,D3,Minskaja oblast',Slutsk,Trade,0.12,0,2,0
454,9245,2263.53,0,2500.0,2000-05-27,Male,College,1840.22,60,C2,Minskaja oblast',MOLODEChNO,Production,0.26,0,2,0
455,16398,6686.21,0,7000.0,1980-12-30,Female,High school,2019.3,60,C1,Minskaja oblast',BORISOV,Ministry of Internal Affairs/Ministry of Emergency Situations/Ministry of Defense,0.23,2,2,1
456,17906,978.61,0,1000.0,2004-02-07,Female,College,1350.9,60,B3,MINSKAJa,POUS'E,Finance and Insurance,0.25,0,2,1
457,10973,2443.46,0,3000.0,1997-07-05,Male,University,2500.0,36,B3,g. Minsk,MINSK,Ministry of Internal Affairs/Ministry of Emergency Situations/Ministry of Defense,0.08,0,2,1
458,11970,4599.81,0,5000.0,1989-07-21,Male,University,4697.6,60,E3,g. Minsk,Minsk,Public services,0.35,2,1,0
459,11559,740.41,0,1000.0,1982-04-14,Male,University,1500.0,24,D1,Grodnenskaja oblast',VOLKOVYSK,Ministry of Internal Affairs/Ministry of Emergency Situations/Ministry of Defense,0.3,0,2,0
460,16452,2915.04,0,3200.0,1992-03-23,Male,College,571.9,36,C1,Minskaja oblast',Pravdinskij,Trade,0.23,1,2,0
461,17898,1172.39,0,1200.0,1988-11-26,Male,College,1094.42,60,C1,Minskaja oblast',PLESchENITsY,Trade,0.37,0,2,0
462,14565,2307.68,0,2600.0,2000-08-29,Female,University,2210.72,36,C1,g. Minsk,MINSK,Finance and Insurance,0.1,0,1,1
463,10076,5883.54,0,6500.0,1977-01-25,Female,University,588.69,60,C3,BRESTSKAJa,BELOOZERSK,Medicine and healthcare,0.32,0,1,1
464,14098,11461.83,0,12300.0,1979-03-07,Female,College,1801.7,60,D1,Gomel'skaja oblast',REChITsA,Production,0.23,1,1,0
465,14526,6686.21,3,7000.0,1985-02-25,Female,University,1594.03,60,E1,g. Minsk,MINSK,Public services,0.18,1,1,0
466,12584,1729.26,0,2000.0,1994-06-12,Female,College,1718.82,36,D2,g. Minsk,MINSK,Finance and Insurance,0.39,0,2,0
467,17549,967.68,0,1000.0,2004-04-05,Male,High school,1691.48,60,C2,Minskaja oblast',MOLODEChNO,Transport/Logistic,0.4,0,2,0
468,14080,1863.69,0,2000.0,1974-10-29,Female,High school,925.33,60,A1,Minskaja oblast',MOLODEChNO,Production,0.06,0,1,0
469,16647,2865.54,0,3000.0,1992-07-14,Male,College,2300.0,60,E1,g. Minsk,Minsk,Ministry of Internal Affairs/Ministry of Emergency Situations/Ministry of Defense,0.4,0,2,0
470,14842,4387.7,0,4650.0,1987-01-26,Male,High school,1747.46,60,C2,Gomel'skaja oblast',REChITsA,Production,0.4,3,1,0
471,11607,8417.66,0,9150.0,1968-03-01,Male,College,1165.4,60,B2,MOGILEVSKAJa,OREHOVKA,Agriculture,0.4,0,2,0
472,17835,7339.55,0,7500.0,2000-09-26,Male,University,1139.16,60,A3,Minskaja oblast',BOROVLJaNY,Construction,0.39,0,1,1
473,10044,11000.0,215,11000.0,1986-09-18,Male,College,883.46,60,D2,Gomel'skaja oblast',KOZENKI,Agriculture,0.36,1,1,0
474,11975,906.89,0,1000.0,2002-07-28,Male,College,1921.11,60,E1,Minskaja oblast',BORISOV,Construction,0.15,0,1,0
475,17296,8198.51,0,9000.0,1989-01-19,Male,College,3233.17,36,A3,g. Minsk,MINSK,Production,0.32,0,1,1
476,11356,740.41,0,1000.0,2001-02-08,Male,University,1855.27,24,B1,BRESTSKAJa,BREST,Construction,0.09,0,1,1
477,11366,5519.76,0,6000.0,1980-01-23,Female,College,675.6,60,B1,Minskaja oblast',MOLODEChNO,Public services,0.36,0,1,1
478,11706,2512.91,0,3500.0,1992-06-03,Female,University,1935.38,24,C1,Mogilevskaja oblast',BOBRUJSK,Trade,0.2,1,1,1
479,15970,18871.85,0,20000.0,1985-09-05,Male,College,2083.48,60,B3,Mogilevskaja oblast',RODNJa,Agriculture,0.32,0,2,1
480,10428,995.95,0,1100.0,2002-05-12,Female,University,988.13,60,C2,g. Minsk,MINSK,Finance and Insurance,0.15,0,2,1
481,10433,1397.95,0,2000.0,2002-01-09,Male,College,2496.26,24,B3,Mogilevskaja oblast',GLUSK,Construction,0.12,0,2,0
482,14588,2830.8,0,3000.0,1984-06-30,Male,High school,1437.47,60,C2,Vitebskaja oblast',VATsLAVOVO,Production,0.35,1,1,0
483,15641,955.17,3,1000.0,2001-07-21,Male,College,1112.28,60,D2,GRODNENSKAJa,GRODNO,Production,0.16,0,1,0
484,11948,10487.54,0,11400.0,1971-08-18,Male,College,883.52,60,B2,Vitebskaja oblast',VITEBSK,Trade,0.39,0,1,0
485,10537,6337.81,0,7000.0,1990-11-24,Female,College,1410.65,60,B3,MINSKAJa OBLAST',DZERZhINSK,Trade,0.24,0,1,0
486,10066,5975.61,0,6600.0,2002-02-14,Male,High school,1658.0,60,C2,Vitebskaja oblast',POBEDA,Ministry of Internal Affairs/Ministry of Emergency Situations/Ministry of Defense,0.23,0,2,0
487,10671,1267.58,0,1400.0,2003-11-23,Male,College,678.03,60,D1,Grodnenskaja oblast',SNIGJaNY,Science and Education,0.4,1,1,0
488,16778,4466.33,0,5000.0,1968-10-13,Female,High school,634.62,60,C2,Minskaja oblast',BYSTRITsA,Trade,0.24,0,1,0
489,15099,764.21,0,1000.0,1989-08-20,Female,"Incomplete, University",970.98,24,C3,Vitebskaja oblast',JaNOVIChSKIJ,Production,0.14,1,2,0
490,10993,1614.36,3,2200.0,1970-08-29,Male,University,2632.13,24,C1,g. Minsk,Minsk,Sports and Tourism,0.4,1,2,1
491,16619,3335.64,0,3500.0,1970-07-08,Female,College,1202.09,60,C2,Minskaja oblast',BEREZINO,Medicine and healthcare,0.36,0,2,1
492,16834,19103.5,0,20000.0,1972-01-15,Male,College,1593.64,60,C1,g. Minsk,Minsk,Production,0.38,0,1,1
493,10547,12675.62,0,14000.0,1995-12-26,Male,College,1578.15,60,D1,Mogilevskaja oblast',Slavgorod,Production,0.4,1,1,0
494,14255,778.98,0,1000.0,1990-11-05,Female,College,1286.43,24,D1,Mogilevskaja oblast',BYHOV,Production,0.32,0,1,0
495,13540,7781.55,0,9000.0,1987-06-28,Male,University,1414.05,36,C2,MOGILEVSKAJa,MOGILEV,Production,0.39,2,2,0
496,17430,955.17,0,1000.0,1994-10-29,Male,University,2043.71,60,D1,g. Minsk,MINSK,Trade,0.36,0,2,0
497,17330,1686.04,0,2100.0,2003-10-08,Male,College,2522.49,60,C2,Minskaja oblast',VILEJKA,Production,0.39,0,2,0
498,17648,4838.37,0,5000.0,1998-07-02,Female,College,1804.72,60,A2,g. Minsk,MINSK,Public services,0.29,0,1,1
499,17832,1457.68,0,1600.0,1988-04-19,Male,College,2233.03,24,B3,Minskaja oblast',Zhodino,Production,0.3,1,1,1
500,15983,1634.06,0,2000.0,1989-06-09,Male,University,3395.7,24,A2,Minskaja oblast',Olehnovichi,Finance and Insurance,0.07,0,2,1
501,12204,1110.62,0,1500.0,1990-09-25,Female,University,2162.75,24,D1,g. Minsk,MINSK,Production,0.39,0,1,0
502,14571,2147.65,0,2300.0,1990-08-30,Male,College,3096.0,60,C3,Mogilevskaja oblast',MOGILEV,Production,0.06,0,2,0
503,14386,7926.18,0,8400.0,1976-04-19,Female,High school,1172.81,60,A2,MOGILEVSKAJa,MOGILEV,Production,0.24,0,2,1
504,14195,9318.55,0,10000.0,1984-03-16,Female,University,2639.85,60,C1,Grodnenskaja oblast',DULEVTsY,Agriculture,0.11,0,1,1
505,9372,3168.9,0,3500.0,1977-10-07,Female,High school,1921.31,60,B1,Grodnenskaja oblast',SAVOLEVKA,Agriculture,0.08,1,1,1
506,10403,14758.0,0,16300.0,1990-06-28,Male,College,1304.43,60,A2,MOGILEVSKAJa,NESJaTA,Transport/Logistic,0.36,0,2,1
507,13351,11648.18,3,12500.0,1975-06-28,Female,College,1330.78,60,D2,Mogilevskaja oblast',BOBRUJSK,Production,0.4,0,1,0
508,11541,13799.43,0,15000.0,1992-10-15,Female,College,1281.56,60,A2,Grodnenskaja oblast',GUSchITsY,Trade,0.35,0,2,1
509,10823,2389.28,0,3000.0,1996-01-15,Male,University,3884.03,36,A1,Minskaja oblast',Slutsk,Finance and Insurance,0.07,0,2,1
510,14788,6605.13,0,7000.0,1989-08-10,Male,College,1677.65,60,D3,Minskaja oblast',SMOLEVIChI,Construction,0.13,2,1,0
511,17189,2337.8,0,2500.0,1990-10-11,Male,College,1477.2,60,D1,Grodnenskaja oblast',SMORGON',Agriculture,0.39,3,1,0
512,16359,5496.07,0,5900.0,1999-04-29,Male,College,1600.0,60,E2,Gomel'skaja oblast',NAROVLJa,Ministry of Internal Affairs/Ministry of Emergency Situations/Ministry of Defense,0.4,3,1,0
513,16268,955.17,0,1000.0,1994-12-08,Male,College,1500.0,60,D1,Gomel'skaja oblast',REChITsA,Ministry of Internal Affairs/Ministry of Emergency Situations/Ministry of Defense,0.37,1,1,0
514,17807,1130.69,0,1200.0,1994-09-21,Male,"Incomplete, University",1459.56,60,C3,Gomel'skaja oblast',SOLONOE,Production,0.4,0,1,0
515,17978,800.0,0,1000.0,1989-09-09,Female,University,1834.05,36,C3,Grodnenskaja oblast',LIDA,Finance and Insurance,0.32,1,1,1
516,14943,5657.91,0,6000.0,2002-04-08,Female,University,1439.48,60,D2,g. Minsk,MINSK,Public Administration,0.22,0,1,0
517,16628,4584.82,0,4800.0,2004-03-17,Male,College,1642.26,60,D3,Brestskaja oblast',STRIGANETs,Ministry of Internal Affairs/Ministry of Emergency Situations/Ministry of Defense,0.28,0,2,0
518,10096,1328.1,0,1900.0,1981-02-27,Male,University,1941.86,24,B2,g. Minsk,MINSK,Trade,0.27,2,1,1
519,14486,4717.96,0,5000.0,1991-03-22,Male,College,1841.83,60,D3,Vitebskaja oblast',DOKShITsY,Production,0.11,2,2,0
520,15362,16701.58,0,17700.0,1995-08-11,Male,College,1978.55,60,C1,Mogilevskaja oblast',Shklov,Production,0.4,2,1,0
521,9072,2716.22,0,3000.0,1986-10-21,Female,University,2893.3,60,B1,g. Minsk,MINSK,Transport/Logistic,0.23,1,1,1
522,13975,1955.66,0,2100.0,1991-01-11,Female,College,813.01,60,B2,Vitebskaja oblast',KOVALEVSchINA,Sports and Tourism,0.4,2,1,1
523,9769,917.72,3,1000.0,2001-11-29,Male,College,1152.48,60,D1,Mogilevskaja oblast',BOBRUJSK,Production,0.09,0,2,0
524,17768,9676.78,0,10000.0,1999-08-13,Male,College,1513.01,60,B2,Grodnenskaja oblast',MOSTY,Agriculture,0.37,0,2,0
525,17637,2371.5,0,2500.0,1994-06-22,Male,College,1495.1,60,B3,g. Minsk,MINSK,Construction,0.24,1,2,0
526,14151,1397.76,0,1500.0,1981-05-27,Male,College,1324.68,60,B1,Vitebskaja oblast',Postavy,Production,0.25,1,1,1
527,12233,9297.49,3,10000.0,1973-12-18,Female,High school,1095.09,60,D2,Minskaja oblast',Smolevichi,Trade,0.27,0,2,0
528,14394,1509.74,0,1600.0,1974-09-02,Female,College,1594.16,60,B2,Minskaja oblast',OTRADNOE,Culture and Art,0.4,0,2,1
529,17056,955.17,0,1000.0,2002-03-15,Male,College,1813.32,60,D3,Minskaja oblast',SOLIGORSK,Science and Education,0.24,0,2,0
530,11779,3818.08,95,3950.0,1980-09-27,Male,College,1352.39,60,C3,Minskaja oblast',NEGORELOE,Trade,0.21,0,2,0
531,9793,677.76,0,1000.0,1998-10-25,Male,College,2083.34,24,D1,g. Minsk,MINSK,Production,0.03,0,1,0
532,10619,995.23,0,1100.0,1993-07-11,Female,College,566.28,60,A3,Gomel'skaja oblast',MOZYR',Science and Education,0.4,1,2,1
533,14666,887.92,0,1000.0,1991-06-09,Female,College,693.19,36,C2,Vitebskaja oblast',ORShA,Trade,0.23,2,1,0
534,18207,1500.0,0,1500.0,1998-11-24,Female,University,1999.73,36,C3,g. Minsk,Minsk,Trade,0.35,0,2,1
535,18338,2400.0,0,2400.0,1972-03-02,Male,University,1534.22,60,C2,g. Minsk,MINSK,Public services,0.4,0,2,0
536,15619,1792.85,0,1900.0,1986-03-05,Female,College,1188.71,60,C2,Grodnenskaja oblast',KRON'KI,Agriculture,0.23,1,2,0
537,14336,1225.58,0,1500.0,1995-11-09,Male,College,953.41,24,B3,Gomel'skaja oblast',ZhLOBIN,Production,0.2,0,2,0
538,15213,16984.48,0,18000.0,1977-04-17,Male,College,1366.12,60,A1,Gomel'skaja oblast',Buda-Koshelevo,Construction,0.4,0,2,1
539,16208,2674.49,0,2800.0,1989-06-29,Female,College,570.63,60,C2,Brestskaja oblast',NOVYE ZASIMOVIChI,Science and Education,0.15,3,2,0
540,9965,2676.61,0,3300.0,1990-10-28,Female,College,2245.85,36,C2,Minskaja oblast',ZhODINO,Production,0.24,2,1,0
541,11474,840.75,0,1000.0,1998-06-04,Female,College,1301.41,36,D1,GRODNENSKAJa,OBUHOVO,Trade,0.29,0,2,0
542,16072,4717.96,0,5000.0,1971-01-08,Female,College,793.56,60,D3,Gomel'skaja oblast',VETKA,Medicine and healthcare,0.33,0,1,0
543,13321,9268.06,0,20000.0,1978-09-28,Male,University,5899.89,60,C2,g. Minsk,MINSK,Construction,0.24,2,1,0
544,13096,3820.64,0,4100.0,1990-05-08,Female,University,1269.31,60,E1,VITEBSKAJa,VITEBSK,Production,0.4,2,1,0
545,10157,18107.96,0,20000.0,2001-01-10,Male,University,5400.0,60,B1,g. Minsk,MINSK,Information Technology,0.11,0,2,1
546,14321,7450.37,3,7800.0,1980-09-13,Female,High school,761.12,60,D3,Brestskaja oblast',KOBRIN,Trade,0.4,0,1,0
547,11669,4599.81,0,5000.0,1998-10-27,Male,College,1591.34,60,A3,g. Minsk,MINSK,Trade,0.11,0,2,1
548,12827,6522.97,0,7000.0,1997-02-22,Female,University,1742.38,60,B1,BRESTSKAJa,BREST,Trade,0.32,0,1,1
549,18058,5936.27,0,6000.0,1993-07-10,Male,"Incomplete, University",1256.98,60,C2,BRESTSKAJa,BREST,Trade,0.33,1,1,0
550,11487,919.95,0,1000.0,2004-09-28,Male,College,595.04,60,C1,Vitebskaja oblast',Oktjabr'skij,Production,0.12,0,2,0
551,17511,2675.03,0,3000.0,1991-06-10,Male,College,1934.45,24,D3,Mogilevskaja oblast',BOBRUJSK,Construction,0.28,0,2,0
552,12535,2609.2,0,2800.0,2000-04-03,Male,College,1500.0,60,C2,Mogilevskaja oblast',OSIPOVIChI,Ministry of Internal Affairs/Ministry of Emergency Situations/Ministry of Defense,0.14,0,1,1
553,16148,3640.54,0,4100.0,1994-05-09,Female,College,651.88,36,C2,Minskaja oblast',SOLIGORSK,Public services,0.4,1,1,0
554,15410,5850.29,0,6200.0,1979-09-07,Male,College,713.71,60,A1,VITEBSKAJa,BARSUKI,Public Administration,0.4,0,2,1
555,17989,2968.14,0,3000.0,1990-07-26,Male,University,2811.02,60,B2,g. Minsk,MINSK,Finance and Insurance,0.27,0,1,1
556,9946,3111.19,0,3500.0,1984-06-07,Female,College,582.77,60,C1,Gomel'skaja oblast',REChITsA,Public services,0.17,2,2,0
557,17611,9289.71,0,9600.0,1994-09-25,Male,College,1691.8,60,D1,Minskaja oblast',Pleschenitsy,Production,0.4,0,2,0
558,12252,2157.17,3,2500.0,1974-09-29,Male,College,865.42,36,C2,Mogilevskaja oblast',VOLOSOVIChI,Agriculture,0.12,0,2,0
559,11418,1839.9,0,2000.0,1999-04-17,Male,College,1000.0,60,C1,Brestskaja oblast',BARANOVIChI,Production,0.06,1,1,0
560,17665,1071.23,0,1200.0,1999-01-02,Male,"Incomplete, University",1249.57,24,C2,Vitebskaja oblast',LEPEL',Agriculture,0.27,0,2,0
561,17304,1600.0,0,2000.0,1992-08-02,Female,University,2227.27,60,B2,Mogilevskaja oblast',BOBRUJSK,Finance and Insurance,0.26,0,1,1
562,12433,2758.09,0,3000.0,1965-05-02,Female,College,778.99,60,C3,Grodnenskaja oblast',RANEVIChI,Medicine and healthcare,0.12,0,2,1
563,13507,300.0,0,3000.0,1983-09-09,Female,University,967.07,24,B2,g. Minsk,MINSK,Finance and Insurance,0.17,3,1,1
564,9791,698.97,0,1000.0,1984-01-29,Male,High school,1463.95,24,D2,Brestskaja oblast',GANTsEVIChI,Public Administration,0.14,2,1,0
565,9795,698.97,0,1000.0,1999-04-16,Male,College,1845.77,24,D1,Brestskaja oblast',REChITsA,Production,0.26,0,2,0
566,10082,1053.96,0,1300.0,1996-03-12,Female,University,1088.01,36,C1,GOMEL'SKAJa,GOMEL',Finance and Insurance,0.4,0,1,1
567,16009,5661.54,0,6000.0,1977-02-03,Female,University,2146.09,60,D3,Minskaja oblast',JuBILEJNYJ,Transport/Logistic,0.2,1,1,0
568,10879,905.38,0,1000.0,1990-01-27,Male,University,2985.47,60,C2,g. Minsk,MINSK,Production,0.11,0,2,0
569,13577,1444.4,0,1550.0,2003-03-31,Male,University,1083.14,60,B1,Minskaja oblast',GORKI,Trade,0.07,0,2,1
570,15725,1296.73,0,1500.0,1978-03-19,Female,High school,1318.67,36,B2,g. Minsk,MINSK,Production,0.34,0,2,0
571,12249,919.95,0,1000.0,1989-01-02,Male,University,2112.98,60,C2,Gomel'skaja oblast',PETRIKOV,Production,0.35,2,1,0
572,15914,3302.58,0,3500.0,1969-08-16,Male,College,643.11,60,A3,GOMEL'SKAJa,GOMEL',Science and Education,0.31,1,2,1
573,11820,1655.95,0,1800.0,1980-10-15,Female,College,1290.79,60,D3,Mogilevskaja oblast',Bobrujsk,Production,0.4,0,2,0
574,10967,1397.95,0,2000.0,2003-10-23,Male,"Incomplete, University",1200.0,24,D2,BRESTSKAJa OBLAST',RUBEL',Ministry of Internal Affairs/Ministry of Emergency Situations/Ministry of Defense,0.4,0,2,0
575,11605,0.0,0,1300.0,1984-05-04,Female,College,1441.92,60,B3,Brestskaja oblast',FEDJuKI,Agriculture,0.03,0,2,1
576,11869,1934.29,0,2300.0,1991-01-15,Male,College,1380.0,36,A3,Brestskaja oblast',BARANOVIChI,Ministry of Internal Affairs/Ministry of Emergency Situations/Ministry of Defense,0.4,1,2,0
577,11917,778.98,33,1000.0,2001-09-02,Male,University,2000.0,24,E3,g. Minsk,MINSK,Ministry of Internal Affairs/Ministry of Emergency Situations/Ministry of Defense,0.33,0,2,0
578,10509,1810.84,0,2000.0,1996-05-07,Male,University,2331.18,60,C3,MOGILEVSKAJa,MEZhISETKI,Agriculture,0.38,0,2,0
579,11475,737.77,0,1000.0,1994-10-26,Female,University,1373.91,24,B2,GRODNENSKAJa,GRODNO,Medicine and healthcare,0.24,2,1,1
580,10835,1747.43,0,2500.0,1990-11-27,Male,College,1810.93,24,B2,Minskaja oblast',Kozlovka,Construction,0.38,1,1,0
581,15227,943.59,0,1000.0,1978-07-17,Male,College,1498.95,60,C3,g. Minsk,MINSK,Production,0.28,3,1,0
582,10909,5000.0,0,20000.0,1976-05-13,Female,College,3930.86,60,B3,GOMEL'SKAJa OBLAST',HOJNIKI,Agriculture,0.17,1,2,1
583,10084,1626.78,0,2000.0,1968-01-14,Male,College,502.29,36,A1,VITEBSKAJa,VITEBSK,Public services,0.16,2,2,1
584,14821,12738.51,0,13500.0,1990-02-01,Male,College,1296.05,60,B2,Gomel'skaja oblast',MOZYR',Medicine and healthcare,0.31,0,2,1
585,17155,13515.72,0,14150.0,2004-04-10,Male,College,1239.6,60,C1,GOMEL'SKAJa,GOMEL',Production,0.4,0,2,0
586,9919,1376.58,3,1500.0,2001-07-15,Male,University,1322.14,60,D1,Minskaja oblast',STOLBTsY,Construction,0.27,0,2,0
587,16933,2975.69,0,5950.0,1974-10-13,Male,College,2078.36,60,B1,Brestskaja oblast',REChITsA,Public Administration,0.23,0,1,1
588,14644,13219.94,3,13950.0,1983-06-16,Female,University,1247.34,60,D1,Brestskaja oblast',PINSK,Production,0.4,1,1,0
589,17235,3343.12,0,3500.0,1999-04-06,Male,High school,2518.7,60,C3,Minskaja oblast',SOLIGORSK,Construction,0.29,0,2,0
590,18348,1500.0,0,1500.0,1992-05-09,Male,High school,1390.06,60,D1,Brestskaja oblast',OSTROMIChI,Information Technology,0.36,0,2,0
591,10075,18107.96,0,20000.0,1977-01-26,Male,College,2732.96,60,A3,MINSKAJa,MARKOVO,Agriculture,0.28,0,1,1
592,18096,1447.21,0,1500.0,1993-01-18,Male,University,2156.89,24,B2,g. Minsk,Minsk,Production,0.08,0,2,1
593,10395,1358.07,0,1500.0,1998-06-19,Male,College,1669.15,60,A3,g. Minsk,Minsk,Information Technology,0.04,1,1,1
594,16304,3868.46,0,4050.0,1978-01-10,Female,University,768.09,60,C1,MOGILEVSKAJa,MOGILEV,Information Technology,0.4,0,1,1
595,16576,7346.18,3,7600.0,1988-06-20,Male,University,1172.3,60,D2,Minskaja oblast',KOPYL',Science and Education,0.4,0,2,0
596,17228,2387.92,0,2500.0,1979-01-01,Male,College,1196.83,60,C2,Minskaja oblast',SOLIGORSK,Trade,0.33,3,1,0
597,11819,840.97,0,1000.0,1991-05-28,Male,University,1248.7,36,B3,g. Minsk,MINSK,Science and Education,0.4,0,2,1
598,12315,5611.77,0,6100.0,1989-03-05,Male,High school,1294.76,60,D2,Gomel'skaja oblast',BORSchOVKA,Agriculture,0.4,2,1,0
599,13985,5960.32,0,6400.0,1979-11-23,Male,University,1244.34,60,C2,VITEBSKAJa,VITEBSK,Public services,0.4,1,1,1
600,12120,1257.57,0,1700.0,1986-04-01,Male,College,2465.55,24,D3,g. Minsk,MINSK,Production,0.27,2,1,0
601,12922,942.43,3,1000.0,1992-06-17,Female,High school,2508.12,60,D2,Brestskaja oblast',Malorita,Trade,0.31,3,1,0
602,14406,7831.82,0,8300.0,2004-07-29,Male,College,732.46,60,D1,Brestskaja oblast',IVATsEVIChI,Agriculture,0.4,0,2,0
603,16260,2244.65,0,2350.0,1981-06-21,Female,College,967.14,60,D1,Vitebskaja oblast',BARAN',Medicine and healthcare,0.4,1,2,0
604,13531,9293.99,0,10000.0,1977-08-21,Male,College,1061.31,60,A1,Grodnenskaja oblast',KULEShI,Agriculture,0.28,0,1,1
605,15238,18871.85,0,20000.0,1986-09-14,Male,College,2110.04,60,A3,VITEBSKAJa,VITEBSK,Construction,0.28,1,1,1
606,9630,1358.07,0,1500.0,1995-01-15,Male,College,1074.73,60,D2,Vitebskaja oblast',GLUBOKOE,Medicine and healthcare,0.27,3,1,0
607,14282,7076.92,0,7500.0,1994-07-23,Male,College,2546.01,60,E1,Vitebskaja oblast',OBOL',Construction,0.37,2,1,0
608,13722,3056.99,0,4000.0,1984-11-29,Male,College,1500.81,24,B1,Vitebskaja oblast',KOHANOVO,Production,0.35,0,2,1
609,9967,1710.46,0,2100.0,1971-02-06,Female,College,752.69,36,B1,Grodnenskaja oblast',GRODNENSKIJ,Science and Education,0.4,0,1,1
610,12910,906.96,62,1000.0,1990-07-03,Male,University,1800.0,36,D3,Grodnenskaja oblast',Vizgirdy,Ministry of Internal Affairs/Ministry of Emergency Situations/Ministry of Defense,0.21,0,2,0
611,12858,777.0,0,1000.0,2000-07-05,Male,College,1405.72,24,C1,g. Minsk,MINSK,Trade,0.36,0,2,0
612,13760,13977.83,0,15000.0,1995-08-07,Female,University,3128.7,60,C2,g. Minsk,Minsk,Medicine and healthcare,0.32,0,2,1
613,10389,4625.44,0,5200.0,1973-08-23,Female,University,1139.98,60,B1,Mogilevskaja oblast',SLAVGOROD,Public Administration,0.27,0,1,1
614,13153,1329.06,0,1500.0,1993-10-23,Male,College,1943.77,60,A3,Brestskaja oblast',BARANOVIChI,Construction,0.08,0,2,1
615,12940,2329.61,0,2500.0,2000-12-26,Male,College,1308.64,60,C3,Minskaja oblast',BORISOV,Science and Education,0.3,1,1,1
616,17595,850.0,0,1000.0,1971-07-31,Female,University,1248.21,60,C3,VITEBSKAJa,VITEBSK,Public services,0.2,0,2,1
617,10746,6883.06,3,7500.0,1976-05-08,Female,College,1706.77,60,C2,GOMEL'SKAJa,VELIKIJ BOR,Agriculture,0.13,2,1,0
618,16658,4775.87,0,5000.0,1976-10-16,Male,College,2101.55,60,C1,Gomel'skaja oblast',KALINKOVIChI,Construction,0.09,0,1,1
619,12359,3679.85,0,4000.0,1991-01-20,Female,University,1036.39,60,D2,Gomel'skaja oblast',UT',Agriculture,0.12,0,2,0
620,16493,18912.44,0,19800.0,1995-10-20,Male,University,3071.77,60,C1,Minskaja oblast',DRUZhNYJ,Production,0.4,1,1,1
621,11131,6439.71,0,7000.0,1976-07-23,Male,College,1646.96,60,C2,Minskaja oblast',UGLY,Production,0.23,0,1,0
622,15239,15569.25,0,16500.0,1989-11-15,Male,University,8439.07,60,B2,g. Minsk,MINSK,Production,0.22,2,1,1
623,16212,2542.5,33,2600.0,1997-11-26,Male,College,1439.32,60,E2,Vitebskaja oblast',GORODOK,Ministry of Internal Affairs/Ministry of Emergency Situations/Ministry of Defense,0.17,1,1,0
624,10316,1222.25,0,1350.0,1992-09-19,Male,High school,643.45,60,C1,Gomel'skaja oblast',ZELENYJ DUB,Production,0.4,1,1,0
625,15197,943.59,0,1000.0,1997-09-09,Male,College,2867.53,60,D1,g. Minsk,MINSK,Trade,0.31,0,2,0
626,13852,1863.69,0,2000.0,2001-02-18,Male,College,1634.27,60,D2,g. Minsk,MINSK,Production,0.36,0,2,0
627,17175,3820.7,0,4000.0,1964-07-17,Male,High school,1595.99,60,B2,Gomel'skaja oblast',GOMEL',Production,0.3,0,1,1
628,10711,11750.5,0,15000.0,2000-09-18,Male,High school,1745.8,60,B3,BRESTSKAJa,BREST,Ministry of Internal Affairs/Ministry of Emergency Situations/Ministry of Defense,0.29,0,2,1
629,12642,1168.48,0,1500.0,1998-03-26,Male,University,2303.63,24,D2,g. Minsk,MINSK,Trade,0.28,0,1,0
630,9993,2354.81,0,20000.0,1986-03-14,Male,University,6897.39,60,C1,g. Minsk,MINSK,Science and Education,0.24,2,1,1
631,10501,905.38,0,1000.0,1976-05-02,Male,College,1150.17,60,D2,GOMEL'SKAJa,KRIVSK,Agriculture,0.22,3,1,0
632,10928,10182.79,0,12000.0,1983-11-08,Male,College,4776.97,60,B1,g. Minsk,MINSK,Construction,0.16,3,1,0
633,13731,5139.75,3,5500.0,1983-06-07,Male,College,2042.15,60,C1,GRODNENSKAJa,DEREVJaNChITsY,Agriculture,0.34,0,1,1
634,12919,2050.07,0,2200.0,1982-09-28,Male,High school,1850.0,60,C3,MOGILEVSKAJa,MOGILEV,Ministry of Internal Affairs/Ministry of Emergency Situations/Ministry of Defense,0.4,2,1,1
635,10281,5447.18,3,6500.0,1989-09-29,Female,College,1810.57,36,D3,MOGILEVSKAJa,MOGILEV,Construction,0.35,1,1,0
636,11130,3248.17,3,3500.0,1983-03-25,Male,College,961.59,60,A1,Brestskaja oblast',LUNINETs,Agriculture,0.11,1,1,0
637,11040,1629.69,0,1800.0,1987-02-08,Female,College,1025.93,60,C2,MINSKAJa OBLAST',KOREN',Public services,0.13,0,1,1
638,16974,1432.75,0,1500.0,1996-07-06,Female,University,1861.92,60,C2,BRESTSKAJa,BREST,Trade,0.33,1,2,0
639,16914,7163.79,0,7500.0,1971-12-09,Female,College,1838.81,60,C2,g. Minsk,MINSK,Agriculture,0.27,0,2,1
640,10229,3837.38,0,5500.0,1977-12-22,Male,University,2414.58,24,B2,MOGILEVSKAJa,MOGILEV,Construction,0.31,1,1,0
641,15439,15042.35,0,16000.0,1984-03-26,Male,College,1966.53,60,B3,Brestskaja oblast',GANTsEVIChI,Construction,0.27,0,2,0
642,13581,5591.12,0,6000.0,1990-08-06,Male,College,2428.98,60,C2,MINSKAJa,ChAChKOVO,Public Administration,0.31,3,1,0
643,10266,814.46,0,1000.0,1993-06-03,Male,University,1527.79,36,C2,Vitebskaja oblast',Borovka,Trade,0.24,1,1,1
644,10213,2130.62,0,2500.0,2003-10-30,Male,College,1314.21,60,B3,MINSKAJa,DOBRINEVO,Transport/Logistic,0.28,0,2,0
645,14908,8879.32,0,10000.0,1989-02-04,Male,College,5556.17,36,C3,g. Minsk,MINSK,Construction,0.24,0,2,0
646,15851,6686.21,3,7000.0,1974-12-29,Female,College,897.97,60,A3,MOGILEVSKAJa,MOGILEV,Medicine and healthcare,0.29,0,2,1
647,15049,8775.4,0,9300.0,1960-03-20,Male,University,692.48,60,A2,VITEBSKAJa,OKTJaBR'SKAJa,Retired,0.4,0,1,1
648,12610,930.31,0,1000.0,1980-08-24,Male,College,881.98,60,A2,g. Minsk,MINSK,Public services,0.3,1,2,1
649,12655,778.98,0,1000.0,1996-03-12,Female,College,1543.82,24,B3,BRESTSKAJa,SUHOPOL',Agriculture,0.27,3,1,1
650,11722,4723.87,0,6500.0,1992-05-11,Female,High school,2957.13,24,C1,Gomel'skaja oblast',EL'SK,Trade,0.21,1,2,0
651,17269,6733.99,0,7050.0,1987-10-25,Male,College,2312.61,60,B2,g. Minsk,MINSK,Trade,0.17,3,1,1
652,10324,905.38,0,1000.0,1990-07-23,Male,College,1832.41,60,C1,Gomel'skaja oblast',PROSKURNI,Trade,0.19,0,2,1
653,16017,5000.0,124,5000.0,1996-09-13,Male,College,1171.66,60,D2,Mogilevskaja oblast',ORDAT',Agriculture,0.13,1,1,0
654,12086,4043.7,0,4400.0,1976-09-11,Female,College,543.78,60,B1,Gomel'skaja oblast',KORMA,Public services,0.24,2,1,1
655,14176,1863.69,0,2000.0,1983-03-09,Male,High school,2380.46,60,B3,MOGILEVSKAJa,MOGILEV,Production,0.26,2,1,1
656,10463,1856.41,0,3000.0,1996-01-10,Female,High school,1708.3,24,A3,MINSKAJa,ZhDANOVIChI,Trade,0.12,0,2,1
657,14319,5755.91,0,6100.0,1982-03-20,Male,College,1093.45,60,B2,Mogilevskaja oblast',OSIPOVIChI,Production,0.38,2,1,1
658,16324,955.17,0,1000.0,1988-04-13,Female,High school,1344.1,60,E3,Minskaja oblast',Radoshkovichi,Production,0.38,0,2,0
659,10179,4662.78,0,5150.0,1987-11-10,Male,College,3412.08,60,B1,g. Minsk,Minsk,Construction,0.15,2,1,1
660,13199,2266.59,0,2450.0,1981-11-09,Male,College,1145.83,60,D1,Mogilevskaja oblast',Amhovaja 1,Transport/Logistic,0.4,0,1,0
661,9983,5885.12,0,6500.0,1982-07-22,Female,College,1192.36,60,C1,MOGILEVSKAJa,KOVALI,Agriculture,0.16,1,1,1
662,15797,1709.69,0,3500.0,1980-05-22,Female,College,1227.48,24,B3,Brestskaja oblast',LJaHOVIChI,Trade,0.17,0,2,1
663,16238,1153.17,0,1500.0,1985-10-29,Male,College,1855.05,24,B1,g. Minsk,MINSK,Production,0.27,1,2,1
664,11471,840.97,0,1000.0,1981-07-25,Female,College,612.69,36,B3,BRESTSKAJa,BREST,Trade,0.13,0,2,0
665,12590,1025.05,0,1100.0,1991-02-03,Male,College,645.0,60,D3,g. Minsk,MINSK,Trade,0.39,1,1,0
666,9743,698.97,0,1000.0,1998-12-20,Female,College,907.84,24,B2,GOMEL'SKAJa,KUZ'MINIChI,Trade,0.19,1,2,1
667,14308,1415.37,0,1500.0,2000-05-27,Male,College,1725.56,60,C2,Minskaja oblast',MOLODEChNO,Production,0.38,0,2,0
668,13979,7827.59,0,8400.0,1987-01-15,Male,College,1080.48,60,D2,Vitebskaja oblast',MIShKOVIChI,Agriculture,0.4,3,1,0
669,9827,2753.24,3,3000.0,1993-11-18,Female,College,564.13,60,E3,Gomel'skaja oblast',BUDA LJuShEVSKAJa,Public Administration,0.36,2,1,0
670,13434,931.85,0,1000.0,1976-10-14,Female,College,1900.0,60,C3,GRODNENSKAJa,GRODNO,Ministry of Internal Affairs/Ministry of Emergency Situations/Ministry of Defense,0.39,0,2,1
671,16713,8596.58,0,9000.0,1974-02-05,Female,College,1207.38,60,B2,g. Minsk,MINSK,Medicine and healthcare,0.22,0,1,1
672,11268,919.95,0,1000.0,1993-07-28,Male,University,2300.0,60,C3,g. Minsk,MINSK,Ministry of Internal Affairs/Ministry of Emergency Situations/Ministry of Defense,0.38,0,2,1
673,13842,4351.67,124,4400.0,1989-12-04,Female,University,744.12,60,C2,Gomel'skaja oblast',KOSAKOVKA,Production,0.18,0,1,1
674,17141,1910.34,0,2000.0,1985-09-12,Male,University,1008.36,60,D3,Brestskaja oblast',MALECh,Science and Education,0.31,2,1,0
675,13656,1296.89,0,1500.0,1996-02-16,Female,College,1976.38,36,C3,Vitebskaja oblast',BOChEJKOVO,Trade,0.1,1,2,0
676,8819,658.32,0,1000.0,1990-07-23,Female,High school,1732.11,24,C2,g. Minsk,MINSK,Trade,0.37,0,2,0
677,12191,4229.82,0,4600.0,1990-01-26,Male,College,830.92,60,B1,Vitebskaja oblast',Dolzha,Production,0.17,1,1,0
678,10545,1720.27,0,1900.0,1971-01-19,Female,High school,848.93,60,B1,MOGILEVSKAJa,MOGILEV,Production,0.4,1,1,1
679,16062,1887.17,0,2000.0,2002-11-20,Male,College,1138.96,60,D1,VITEBSKAJa,VITEBSK,Production,0.26,0,1,0
680,14467,2972.33,3,3150.0,1991-04-13,Female,University,1124.73,60,C1,Gomel'skaja oblast',BRAGIN,Trade,0.4,0,1,1
681,10358,1537.72,0,2200.0,1990-02-25,Female,University,1779.12,24,C1,g. Minsk,MINSK,Transport/Logistic,0.25,2,1,1
682,15605,3265.26,0,4000.0,2001-12-28,Male,High school,2150.0,24,B3,g. Minsk,MINSK,Ministry of Internal Affairs/Ministry of Emergency Situations/Ministry of Defense,0.17,0,2,1
683,15030,3302.58,0,3500.0,1976-06-25,Male,High school,777.12,60,C3,Vitebskaja oblast',NOVOPOLOTsK,Science and Education,0.15,0,2,0
684,14088,4397.42,0,5000.0,1983-04-12,Female,College,881.56,60,B2,BRESTSKAJa,GLINNAJa,Production,0.17,0,2,1
685,15006,1062.16,0,1300.0,1991-07-12,Male,College,2467.79,24,C2,g. Minsk,MINSK,Trade,0.34,0,2,0
686,8691,856.79,0,1500.0,1983-07-14,Male,College,1204.29,36,E3,Brestskaja oblast',LJaHOVIChI,Production,0.29,0,1,0
687,10219,4526.97,0,5000.0,1962-02-14,Male,College,2282.76,60,B1,Mogilevskaja oblast',OSIPOVIChI,Production,0.13,0,1,1
688,12210,1839.9,0,2000.0,1977-06-23,Male,College,874.41,60,C1,Brestskaja oblast',BARANOVIChI,Trade,0.18,0,2,0
689,10769,905.38,0,1000.0,1984-02-15,Male,College,717.95,60,B3,MOGILEVSKAJa,MOGILEV,Agriculture,0.16,0,2,0
690,11491,6439.71,0,7000.0,1982-06-16,Female,University,1985.51,60,A2,Grodnenskaja oblast',OShMJaNY,Construction,0.25,1,1,1
691,12295,1977.94,0,2150.0,2001-11-02,Male,"Incomplete, University",1406.46,60,E1,BRESTSKAJa,BREST,Information Technology,0.4,0,2,0
692,14639,9435.92,0,10000.0,1986-09-09,Male,University,1047.63,60,B1,g. Minsk,MINSK,Construction,0.29,1,1,1
693,15379,6605.13,0,7000.0,1987-01-03,Male,High school,1277.55,60,B2,Grodnenskaja oblast',ROSS',Science and Education,0.31,2,1,1
694,17129,17193.01,0,18000.0,1988-11-18,Female,University,1384.6,60,B1,Brestskaja oblast',VORONI,Trade,0.39,0,2,1
695,14686,7548.77,0,8000.0,1995-10-31,Male,College,1822.88,60,D2,Brestskaja oblast',Baranovichi,Production,0.17,1,1,0
696,18129,3376.81,0,3500.0,1999-11-03,Female,University,1891.19,24,B1,VITEBSKAJa,VITEBSK,Medicine and healthcare,0.1,0,2,1
697,9522,607.26,0,1000.0,1982-11-28,Female,College,734.73,36,B3,Minskaja oblast',ChEPELI,Public services,0.05,0,1,0
698,17858,3327.26,0,3400.0,2002-06-29,Male,College,1393.37,60,C2,Vitebskaja oblast',ORShA,Agriculture,0.35,0,2,0
699,12594,2436.48,3,3000.0,1990-10-23,Male,University,1057.37,24,E1,g. Minsk,MINSK,Trade,0.16,0,2,0
700,15206,5087.94,0,6000.0,1989-10-29,Male,University,3500.01,60,C2,g. Minsk,MINSK,Information Technology,0.36,0,2,1
701,12334,99.43,0,1500.0,1987-02-04,Female,University,2306.46,24,C1,MOGILEVSKAJa,POLYKOVIChI,Trade,0.15,2,1,1
702,9872,6800.0,0,10000.0,1973-12-26,Female,College,2303.72,36,A1,g. Minsk,Minsk,Construction,0.17,0,2,1
703,13986,2726.39,0,3500.0,2002-10-10,Male,High school,1600.0,24,C2,g. Minsk,MINSK,Ministry of Internal Affairs/Ministry of Emergency Situations/Ministry of Defense,0.18,0,2,0
704,12959,10402.31,0,11900.0,1999-03-01,Male,University,1269.93,60,B2,Grodnenskaja oblast',Novogrudok,Construction,0.4,0,2,1
705,18093,964.8,0,1000.0,1983-07-13,Male,High school,1337.7,24,C1,Vitebskaja oblast',KOLLEKTIVNAJa,Construction,0.37,1,2,0
706,14225,3969.67,0,5500.0,1988-02-12,Male,College,1310.2,60,C2,g. Minsk,MINSK,Construction,0.24,2,1,0
707,9758,6066.18,0,6700.0,1989-09-28,Female,High school,671.34,60,C2,BRESTSKAJa OBLAST',ZADVOR'E,Trade,0.4,2,1,0
708,10579,18102.2,0,20000.0,1994-03-14,Male,University,3996.13,60,B2,Minskaja oblast',SONEChNYJ,Information Technology,0.15,0,2,1
709,11303,1184.62,0,1600.0,1967-03-20,Female,College,748.31,24,B1,Minskaja oblast',MOLODEChNO,Public Administration,0.4,0,2,1
710,16488,2865.54,0,3000.0,1997-02-22,Male,College,2825.85,60,C1,VITEBSKAJa,SLOBODA,Production,0.21,1,1,1
711,17872,20159.28,0,20600.0,1998-08-14,Male,College,2151.87,60,A3,GOMEL'SKAJa,ROGIN',Construction,0.4,0,2,1
712,13007,2795.59,0,3000.0,1996-03-10,Male,College,2615.7,60,D2,Gomel'skaja oblast',JuBILEJNYJ,Construction,0.29,2,1,0
713,12621,4659.28,0,5000.0,1992-12-04,Male,High school,3555.19,60,D2,Minskaja oblast',BORISOV,Construction,0.19,2,1,0
714,11456,2851.85,0,3100.0,1987-08-11,Male,High school,2097.54,60,C1,Vitebskaja oblast',ZhIGULI,Agriculture,0.07,0,1,0
715,13015,14909.68,0,16000.0,1996-11-14,Female,College,1211.37,60,B3,Minskaja oblast',Tychinki,Production,0.4,1,1,0
716,11737,10119.57,0,11000.0,1993-01-22,Male,High school,3833.34,60,C1,BRESTSKAJa,LUKA,Agriculture,0.09,3,1,0
717,10827,3621.59,0,4000.0,1974-10-30,Female,University,2185.82,60,C1,Mogilevskaja oblast',BOBRUJSK,Medicine and healthcare,0.28,1,2,1
718,16283,1241.73,0,1300.0,1972-09-16,Male,College,636.98,60,B2,MOGILEVSKAJa OBLAST',VIShOV,Production,0.4,1,1,1
719,12384,919.95,0,1000.0,2002-04-12,Male,College,1838.82,60,B3,Minskaja oblast',Soligorsk,Transport/Logistic,0.18,0,2,0
720,14459,3268.16,0,4000.0,1977-08-21,Female,University,1401.8,24,C1,MINSKAJa,LESNOJ,Public services,0.2,1,2,1
721,16718,14327.62,0,15000.0,1989-09-26,Male,College,2522.92,60,C3,g. Minsk,MINSK,Trade,0.18,3,1,0
722,16676,4775.87,0,5000.0,1975-03-10,Female,College,1811.4,60,B2,Brestskaja oblast',PINSK,Medicine and healthcare,0.34,1,2,1
723,12950,1454.06,0,2000.0,1992-08-28,Female,College,781.23,24,C2,Minskaja oblast',SLUTsK,Trade,0.28,2,2,0
724,13574,5241.78,124,5300.0,1999-11-13,Male,College,1053.87,60,D2,VITEBSKAJa,BABINIChI,Trade,0.4,0,2,0
725,10910,9825.43,0,11000.0,1977-03-29,Male,High school,1947.0,60,C3,Minskaja oblast',GORKI,Agriculture,0.27,1,1,0
726,12070,2759.91,0,3000.0,1989-02-26,Male,College,1149.0,60,B3,Minskaja oblast',KOREN',Production,0.08,2,2,0
727,17390,1709.2,0,2000.0,1996-12-22,Female,College,2029.34,24,E2,g. Minsk,MINSK,Trade,0.21,0,1,0
728,13509,5125.2,0,5500.0,1988-05-26,Female,High school,2104.97,60,D3,g. Minsk,MINSK,Trade,0.24,0,1,0
729,10364,1791.91,0,2600.0,1988-04-07,Female,University,1669.15,60,D2,g. Minsk,MINSK,Information Technology,0.24,0,2,0
730,13951,778.98,0,1000.0,1991-06-19,Female,"Incomplete, University",1044.42,24,C2,Mogilevskaja oblast',TAJMONOVO,Agriculture,0.18,0,2,0
731,14219,3261.5,0,3500.0,2002-02-12,Male,College,920.27,60,D3,Mogilevskaja oblast',MOGILEV,Agriculture,0.32,0,2,0
732,13483,10130.05,62,10550.0,2003-06-11,Male,College,1100.0,60,B3,Gomel'skaja oblast',REChITsA,Ministry of Internal Affairs/Ministry of Emergency Situations/Ministry of Defense,0.4,0,2,1
733,12237,5972.55,0,6600.0,1979-06-20,Female,University,2049.66,60,A3,MOGILEVSKAJa,MOGILEV,Medicine and healthcare,0.4,2,1,1
734,9588,4688.76,0,5300.0,1960-07-28,Female,College,839.64,60,A1,MINSKAJa,NOVOSEL'E,Medicine and healthcare,0.4,0,1,1
735,18394,4400.0,0,4400.0,1991-07-25,Male,College,3946.18,36,C1,g. Minsk,Minsk,Construction,0.4,2,1,1
736,14395,4717.96,0,5000.0,1962-01-27,Female,College,692.48,60,A1,Minskaja oblast',KRUPKI,Retired,0.31,0,2,1
737,17160,8166.74,0,8550.0,1986-11-10,Male,College,1564.34,60,C3,Minskaja oblast',Mar'ina Gorka,Production,0.4,1,1,0
738,9719,2263.53,0,2500.0,1999-05-07,Female,University,1804.82,60,B2,Minskaja oblast',SONEChNYJ,Medicine and healthcare,0.37,0,2,1
739,13080,2795.59,0,3000.0,1978-02-11,Female,College,582.13,60,C3,VITEBSKAJa,VEREMEEVKA,Production,0.22,0,1,0
740,11318,1103.97,0,1200.0,1999-07-01,Female,University,1801.08,60,C1,Brestskaja oblast',Pinsk,Finance and Insurance,0.23,0,2,1
741,12167,2115.63,0,2300.0,1993-07-20,Male,University,2057.24,60,C3,VITEBSKAJa,VITEBSK,Production,0.4,2,1,1
742,11639,5657.73,0,6150.0,1985-10-06,Female,University,602.15,60,C1,g. Minsk,MINSK,Trade,0.4,2,1,1
743,13599,6243.43,0,6700.0,1996-04-14,Female,University,1778.84,60,B3,g. Minsk,MINSK,Finance and Insurance,0.4,0,1,1
744,11509,1839.9,0,2000.0,1995-09-11,Male,University,2218.55,60,E2,Grodnenskaja oblast',OSTROVETs,Ministry of Internal Affairs/Ministry of Emergency Situations/Ministry of Defense,0.22,0,2,0
745,15673,2830.8,0,3000.0,1993-07-02,Male,University,2300.0,60,B2,g. Minsk,MINSK,Ministry of Internal Affairs/Ministry of Emergency Situations/Ministry of Defense,0.31,2,1,1
746,10500,1900.39,0,2100.0,1981-04-13,Female,College,1175.69,60,B2,Minskaja oblast',SNOV,Agriculture,0.37,0,2,1
747,13281,931.85,0,1000.0,1998-09-23,Female,University,763.28,60,C2,Vitebskaja oblast',VITEBSK,Finance and Insurance,0.32,0,2,1
748,18264,15000.0,0,15000.0,1987-09-08,Male,University,5365.07,60,B3,g. Minsk,Minsk,Science and Education,0.14,1,1,1
749,13527,18637.11,0,20000.0,1960-03-21,Male,University,3078.34,60,B1,Minskaja oblast',NESVIZh,Medicine and healthcare,0.19,0,1,1
750,9348,905.38,0,1000.0,1995-04-06,Male,University,2538.68,60,C3,Minskaja oblast',MAChULISchI,Finance and Insurance,0.4,0,2,1
751,10759,905.38,0,1000.0,1994-12-29,Male,University,1745.8,60,A3,Brestskaja oblast',BARANOVIChI,Ministry of Internal Affairs/Ministry of Emergency Situations/Ministry of Defense,0.04,1,1,1
752,16339,8119.0,0,8500.0,1981-12-31,Female,High school,1450.99,60,B2,Minskaja oblast',BORISOV,Medicine and healthcare,0.34,0,1,1
753,10204,905.38,0,1000.0,1993-08-02,Female,College,1064.87,60,D1,g. Minsk,MINSK,Trade,0.3,1,1,0
754,15846,1887.17,0,2000.0,1994-12-28,Female,University,777.42,60,C1,Minskaja oblast',BORISOV,Science and Education,0.28,1,2,1
755,10953,905.38,0,1000.0,1989-01-02,Male,University,1921.08,60,C2,Gomel'skaja oblast',PETRIKOV,Production,0.34,2,1,0
756,18169,11500.0,0,11500.0,1993-10-08,Male,University,1732.97,60,B2,Gomel'skaja oblast',Mozyr',Trade,0.4,1,1,0
757,12445,8698.24,0,9455.0,2001-11-17,Male,High school,1498.0,60,C2,Vitebskaja oblast',POLOTsK,Ministry of Internal Affairs/Ministry of Emergency Situations/Ministry of Defense,0.39,0,2,1
758,15855,7029.76,0,7450.0,2000-09-29,Male,High school,691.92,60,C2,Grodnenskaja oblast',VOLKOVYSK,Production,0.4,0,2,0
759,12725,4985.44,0,5350.0,1991-04-12,Male,College,1843.89,60,B3,Minskaja oblast',Fanipol',Agriculture,0.34,1,1,0
760,13683,7454.88,0,8000.0,1998-09-28,Female,College,1228.48,60,C2,Brestskaja oblast',LJaHOVIChI,Production,0.31,0,2,0
761,9804,5432.43,0,6000.0,1980-11-01,Male,High school,2458.08,60,B2,g. Minsk,Minsk,Transport/Logistic,0.17,3,1,1
762,10325,2443.63,0,2700.0,2000-04-26,Male,University,1578.83,60,D1,g. Minsk,MINSK,Finance and Insurance,0.21,0,2,0
763,17955,4844.09,0,4950.0,1984-11-15,Female,University,1311.5,60,B3,g. Minsk,Minsk,Trade,0.4,3,1,1
764,17142,9453.02,0,9900.0,1991-08-23,Male,University,6833.85,60,C1,g. Minsk,Minsk,Finance and Insurance,0.27,2,1,1
765,14128,18637.11,0,20000.0,1981-08-24,Male,College,3189.64,60,B3,Minskaja oblast',Trubenok,Public Administration,0.19,1,1,1
766,11668,1332.73,0,1800.0,1989-07-19,Female,College,1175.23,24,D3,Minskaja oblast',Turets-Bojary,Trade,0.31,2,1,0
767,17124,4419.01,0,5000.0,1986-07-18,Male,University,2756.48,36,A3,VITEBSKAJa,VITEBSK,Production,0.38,2,1,1
768,17190,955.17,0,1000.0,1986-05-03,Female,University,1314.03,60,B2,Mogilevskaja oblast',ChAUSY,Production,0.4,0,2,1
769,17782,3263.91,11,3400.0,1985-09-25,Male,College,2098.67,60,C1,Minskaja oblast',LITVA,Production,0.4,1,1,0
770,10404,698.97,0,1000.0,1984-11-05,Female,University,8345.73,24,B2,g. Minsk,MINSK,Finance and Insurance,0.01,1,2,1
771,17933,4644.5,0,5000.0,2004-04-30,Female,College,1266.1,24,C1,Minskaja oblast',BORISOV,Medicine and healthcare,0.39,0,1,1
772,12049,13799.43,0,15000.0,1997-12-13,Male,College,1343.3,60,C3,Minskaja oblast',Soligorsk,Trade,0.33,0,2,0
773,17823,3827.47,0,4000.0,1968-07-23,Female,University,1647.61,36,C1,g. Minsk,Minsk,Science and Education,0.24,0,1,1
774,12202,2161.55,3,2500.0,1987-09-19,Female,University,2434.24,36,D2,Minskaja oblast',RUDNJa,Trade,0.28,3,1,0
775,14441,13209.47,0,14000.0,1985-09-03,Female,University,2531.77,60,B3,Gomel'skaja oblast',MOZYR',Trade,0.33,1,1,1
776,10305,876.11,0,1000.0,1982-01-03,Female,College,1199.6,60,C2,VITEBSKAJa,VITEBSK,Trade,0.4,0,1,1
777,10373,1743.72,3,1900.0,1988-04-25,Female,High school,1021.7,60,D3,BRESTSKAJa,LOSINTsY,Agriculture,0.4,3,1,0
778,17143,9551.74,0,10000.0,1984-05-24,Male,University,3068.31,60,E1,Vitebskaja oblast',NOVOPOLOTsK,Production,0.31,2,1,0
779,14447,2530.35,0,2800.0,2003-10-01,Female,College,1165.92,60,A3,g. Minsk,MINSK,Public Administration,0.17,0,2,1
780,16806,1910.34,0,2000.0,2001-09-11,Male,"Incomplete, University",1716.84,60,C1,g. Minsk,MINSK,Trade,0.2,0,2,1
781,13735,1202.12,0,1400.0,1978-04-20,Male,College,1487.55,60,A2,Mogilevskaja oblast',DAN'KOVIChI,Production,0.12,3,1,1
782,8850,2285.46,124,2700.0,1998-01-04,Male,University,1960.24,24,C2,g. Minsk,MINSK,Science and Education,0.4,0,2,0
783,16411,8357.8,0,8750.0,2000-12-09,Male,University,1563.9,60,D2,g. Minsk,MINSK,Public Administration,0.4,1,1,0
784,10410,698.97,0,1000.0,1995-11-03,Male,University,807.47,24,C2,g. Minsk,MINSK,Science and Education,0.28,1,2,0
785,10586,16297.21,0,18000.0,1972-01-13,Female,College,1427.55,60,C2,BRESTSKAJa,LINOVO,Agriculture,0.37,0,2,0
786,13111,931.85,0,1000.0,1982-11-17,Female,University,1299.58,60,C3,g. Minsk,MINSK,Public Administration,0.39,1,1,1
787,16454,5536.68,0,6000.0,1996-07-06,Male,College,2000.0,60,C3,g. Minsk,MINSK,Ministry of Internal Affairs/Ministry of Emergency Situations/Ministry of Defense,0.39,1,1,1
788,13134,289.5,0,1000.0,1993-07-29,Male,College,2267.18,24,D1,MINSKAJa,KRASNAJa SLOBODA,Production,0.32,1,1,0
789,10833,1629.0,0,2000.0,1987-02-12,Male,College,3959.26,36,C3,MINSKAJa OBLAST',NOVYJ SVERZhEN',Trade,0.29,1,2,0
790,10744,1629.0,0,2000.0,1964-07-31,Male,High school,674.12,36,B2,GOMEL'SKAJa,BORSchOVKA,Agriculture,0.38,0,2,0
791,16621,3820.7,0,4000.0,1990-07-26,Male,University,2375.74,60,B1,g. Minsk,MINSK,Finance and Insurance,0.29,0,1,1
792,17966,19784.17,0,20000.0,1985-09-22,Male,College,1790.03,60,A2,Minskaja oblast',DZERZhINSK,Production,0.35,0,1,1
793,16663,1719.33,0,1800.0,2000-05-11,Male,College,861.08,60,B3,Mogilevskaja oblast',SLAVGOROD,Trade,0.4,0,1,1
794,11715,8458.21,0,9200.0,1981-11-11,Female,University,691.59,60,B2,g. Minsk,MINSK,Science and Education,0.4,1,2,1
795,13142,5500.0,156,5500.0,1988-01-23,Female,College,1001.01,60,C1,Grodnenskaja oblast',LIDA,Medicine and healthcare,0.4,0,1,1
796,10843,2644.22,0,3000.0,1999-04-21,Male,University,1654.8,60,B3,Vitebskaja oblast',ZASLONOVO,Ministry of Internal Affairs/Ministry of Emergency Situations/Ministry of Defense,0.4,0,2,1
797,10001,697.65,0,1000.0,1998-01-23,Female,College,1309.93,24,B1,Minskaja oblast',KONSTANTINOVO,Medicine and healthcare,0.07,1,1,1
798,10498,908.68,0,1300.0,1999-05-13,Female,University,1598.46,24,B2,g. Minsk,MINSK,Finance and Insurance,0.29,0,1,1
799,12777,3894.81,0,5000.0,1999-07-07,Male,College,1653.87,24,A3,GRODNENSKAJa,VASILIShKI,Agriculture,0.17,0,2,1
800,9874,905.2,0,1000.0,1994-06-29,Male,High school,968.33,60,C3,GOMEL'SKAJa,GOMEL',Construction,0.37,1,1,0
801,12639,2795.59,0,3000.0,1987-10-28,Male,High school,2469.4,60,B1,g. Minsk,MINSK,Production,0.25,0,1,1
802,17184,1241.73,0,1300.0,1992-08-09,Male,College,1987.68,60,B3,g. Minsk,MINSK,Trade,0.36,0,2,1
803,15524,790.0,0,1000.0,1989-04-24,Female,University,2594.48,60,D1,g. Minsk,MINSK,Finance and Insurance,0.3,0,2,1
804,10283,5432.43,0,6000.0,2002-02-26,Male,University,2000.0,60,D3,g. Minsk,Minsk,Ministry of Internal Affairs/Ministry of Emergency Situations/Ministry of Defense,0.13,0,1,0
805,11585,925.9,3,1000.0,1993-01-16,Female,High school,719.26,60,D2,Mogilevskaja oblast',KIROVSK,Agriculture,0.14,2,1,0
806,15420,18871.85,0,20000.0,1984-04-08,Female,University,4459.88,60,A2,g. Minsk,MINSK,Production,0.13,1,1,1
807,16086,663.17,0,1000.0,1991-03-23,Male,College,2106.64,24,D3,Gomel'skaja oblast',ZhLOBIN,Production,0.23,1,1,0
808,9865,3167.95,0,3500.0,1985-12-20,Male,High school,786.9,60,B3,Gomel'skaja oblast',Semenovka,Production,0.13,2,1,0
809,9807,6156.75,0,6800.0,1987-12-15,Male,College,1547.93,60,B2,Minskaja oblast',MOLODEChNO,Production,0.25,0,2,0
810,15528,7784.61,3,8150.0,1991-07-24,Male,College,911.21,60,D3,MOGILEVSKAJa,REKTA,Public services,0.4,0,1,0
811,15600,4246.17,0,4500.0,1979-06-26,Male,University,512.4,60,D2,g. Minsk,MINSK,Public services,0.4,3,1,0
812,17329,955.17,0,1000.0,2001-09-23,Male,High school,1500.0,60,B3,g. Minsk,MINSK,Ministry of Internal Affairs/Ministry of Emergency Situations/Ministry of Defense,0.35,0,1,1
813,13190,775.03,0,1000.0,1981-08-06,Male,University,4426.42,24,D1,g. Minsk,MINSK,Information Technology,0.12,2,1,1
814,10299,3487.43,62,3800.0,1961-01-18,Female,College,598.32,60,A1,GRODNENSKAJa,GRODNO,Science and Education,0.18,0,1,1
815,18281,5000.0,0,5000.0,1966-08-23,Female,College,1348.14,60,A1,MINSKAJa,PRILUKI,Production,0.23,0,1,1
816,18357,2500.0,0,2500.0,1993-02-15,Male,University,2112.9,60,C1,Vitebskaja oblast',Novopolotsk,Production,0.4,0,2,1
817,13075,3772.89,3,4000.0,1995-05-15,Male,University,1457.79,60,B2,Minskaja oblast',Smolevichi,Trade,0.08,0,2,1
818,17636,892.87,0,1000.0,2002-06-29,Male,College,1172.35,24,C1,g. Minsk,MINSK,Transport/Logistic,0.05,0,2,0
819,12304,2557.13,0,2800.0,2003-02-14,Male,College,2182.29,60,B3,Brestskaja oblast',JaGLEVIChI,Production,0.4,0,2,0
820,15825,9435.92,0,10000.0,1968-12-09,Female,College,1283.9,60,C2,MINSKAJa,UDARNYJ,Agriculture,0.23,0,2,0
821,18069,3119.24,0,3200.0,1978-08-24,Male,University,5572.26,36,A1,g. Minsk,MINSK,Transport/Logistic,0.14,2,1,1
822,18257,1000.0,0,1000.0,1991-02-15,Male,University,3613.39,24,C2,Mogilevskaja oblast',MOGILEV,Medicine and healthcare,0.36,1,1,1
823,17384,5720.71,0,6000.0,1986-06-21,Female,College,1729.7,60,C2,Vitebskaja oblast',POSTAVY,Medicine and healthcare,0.24,2,1,1
824,11490,4139.84,0,4500.0,1990-03-14,Male,College,2404.84,60,D3,Minskaja oblast',Borisov,Production,0.12,0,2,0
825,17501,966.6,0,1000.0,2000-06-10,Male,College,1894.62,60,D3,g. Minsk,MINSK,Production,0.25,0,2,0
826,12246,1681.97,0,2000.0,1971-08-03,Female,College,894.11,36,C3,Gomel'skaja oblast',GOMEL',Medicine and healthcare,0.09,0,1,1
827,12088,4599.81,0,5000.0,1993-01-07,Male,High school,2427.87,60,C1,Minskaja oblast',SLUTsK,Public Administration,0.1,0,2,0
828,10354,2127.71,0,2350.0,1980-07-27,Female,University,1971.75,60,E1,MINSKAJa OBLAST',LESKOVKA,Science and Education,0.4,1,1,0
829,13344,1863.69,0,2000.0,1966-11-06,Male,College,1936.58,60,B1,g. Minsk,Minsk,Production,0.19,1,1,1
830,9873,905.38,0,1000.0,1993-03-31,Male,College,2238.66,60,C1,g. Minsk,MINSK,Production,0.38,1,1,0
831,10989,8148.24,0,9000.0,1970-04-14,Male,College,1569.17,60,B2,GOMEL'SKAJa,KORMA,Agriculture,0.38,1,1,1
832,11544,1261.44,0,1500.0,2001-06-12,Male,University,1200.0,36,C1,Minskaja oblast',SLUTsK,Medicine and healthcare,0.06,0,2,1
833,12172,2299.87,0,2500.0,2002-09-03,Male,High school,902.96,60,D3,Gomel'skaja oblast',MOZYR',Trade,0.15,0,2,0
834,16872,2704.9,3,2800.0,1979-12-15,Male,College,1035.33,60,B2,Vitebskaja oblast',Rudnja,Agriculture,0.31,1,1,0
835,15333,7548.77,0,8000.0,1997-09-07,Male,University,2519.0,60,D3,g. Minsk,MINSK,Finance and Insurance,0.21,0,1,1
836,15929,12266.71,0,13000.0,1980-06-03,Female,College,1546.28,60,A1,Mogilevskaja oblast',PETROVIChI,Agriculture,0.25,0,1,1
837,13144,6713.29,0,7300.0,1974-01-11,Female,College,1312.62,60,B2,Mogilevskaja oblast',TsEL',Ministry of Internal Affairs/Ministry of Emergency Situations/Ministry of Defense,0.4,0,1,1
838,10467,927.51,156,1000.0,1975-12-27,Female,College,1907.71,24,C3,Brestskaja oblast',BREST,Production,0.4,0,1,1
839,9569,3168.9,0,3500.0,2000-04-28,Male,University,2575.0,60,B2,g. Minsk,MINSK,Ministry of Internal Affairs/Ministry of Emergency Situations/Ministry of Defense,0.15,0,1,1
840,13861,6196.81,0,6650.0,2003-04-13,Female,College,1346.81,60,C1,MINSKAJa,RUDENSK,Medicine and healthcare,0.4,0,2,0
841,10248,7319.54,0,8150.0,1992-03-27,Male,"Incomplete, University",1654.8,60,B2,Minskaja oblast',BORISOV,Ministry of Internal Affairs/Ministry of Emergency Situations/Ministry of Defense,0.4,1,2,1
842,13425,1257.99,0,1350.0,1982-08-04,Male,University,4499.43,60,C1,g. Minsk,MINSK,Production,0.4,1,1,1
843,16227,1910.34,0,2000.0,1975-08-29,Male,University,1190.39,60,C3,Gomel'skaja oblast',SVETLOGORSK,Transport/Logistic,0.4,1,2,0
844,15053,1402.06,0,1500.0,1992-07-09,Male,High school,2388.88,60,B2,g. Minsk,MINSK,Trade,0.2,1,1,1
845,10825,930.23,0,2200.0,1967-06-09,Female,University,1434.55,24,B1,Minskaja oblast',SLUTsK,Science and Education,0.23,0,1,1
846,17721,1785.76,0,2000.0,1983-12-29,Male,University,3415.85,24,A2,Vitebskaja oblast',NOVOPOLOTsK,Production,0.21,2,1,1
847,15435,1884.61,0,2000.0,1989-01-26,Male,University,1086.92,60,E2,Gomel'skaja oblast',REChITsA,Production,0.15,0,1,0
848,9904,698.97,0,1000.0,1996-03-01,Female,College,1511.35,24,E2,g. Minsk,MINSK,Transport/Logistic,0.14,1,1,0
849,11961,740.41,0,1000.0,2002-04-27,Male,College,918.21,24,B3,Brestskaja oblast',OSNEZhITsY,Sports and Tourism,0.09,0,2,0
850,15754,3821.55,0,4050.0,1996-12-06,Male,College,2235.0,60,C3,g. Minsk,MINSK,Ministry of Internal Affairs/Ministry of Emergency Situations/Ministry of Defense,0.3,0,2,0
851,13305,14723.28,0,15800.0,1998-05-01,Male,College,1185.61,60,A3,Minskaja oblast',MAR'INA GORKA,Construction,0.4,0,1,1
852,17892,929.09,0,1000.0,1991-04-19,Male,College,3180.36,24,B1,g. Minsk,Minsk,Trade,0.07,1,1,1
853,12796,2797.8,3,3000.0,1984-10-21,Male,University,1304.33,60,B3,Grodnenskaja oblast',OZERY,Trade,0.39,2,1,0
854,10622,2716.22,0,3000.0,2003-12-10,Male,College,886.38,60,C1,Brestskaja oblast',LUNINETs,Agriculture,0.16,0,2,0
855,12905,1931.79,62,2000.0,1998-10-06,Female,College,2287.97,60,D1,g. Minsk,Minsk,Public services,0.03,0,2,0
856,16044,798.46,0,1000.0,1976-08-08,Female,College,1880.63,24,A3,BRESTSKAJa,BREST,Medicine and healthcare,0.08,0,1,1
857,15739,4717.96,0,5000.0,1991-10-15,Male,University,3383.42,60,E1,Vitebskaja oblast',Janino,Construction,0.1,0,2,0
858,13029,4378.68,0,4700.0,1984-03-27,Male,College,1357.48,60,B3,Mogilevskaja oblast',Bobrujsk,Production,0.2,0,2,0
859,16986,3643.76,0,4000.0,1995-09-28,Male,University,2280.98,36,B3,g. Minsk,MINSK,Medicine and healthcare,0.12,0,1,1
860,13984,3727.42,0,4000.0,1983-11-22,Male,High school,2344.73,60,B2,VITEBSKAJa,VITEBSK,Production,0.39,0,2,0
861,15786,2830.8,0,3000.0,2001-12-18,Female,College,1953.3,60,D1,MINSKAJa,LESNOJ,Medicine and healthcare,0.24,0,2,0
862,14376,3302.58,0,3500.0,2001-01-13,Male,College,1253.62,60,D2,VITEBSKAJa,VITEBSK,Production,0.26,0,2,0
863,13298,6516.0,0,7000.0,1981-09-21,Female,University,1814.89,60,B2,VITEBSKAJa,VITEBSK,Trade,0.4,2,1,1
864,13390,1677.36,0,1800.0,1995-07-24,Male,University,4944.44,60,C3,g. Minsk,MINSK,Transport/Logistic,0.19,0,2,0
865,14060,931.85,0,1000.0,1986-11-18,Female,High school,1271.62,60,C1,Vitebskaja oblast',PRUDINKI,Agriculture,0.4,1,1,1
866,13513,2970.22,0,3200.0,1990-10-17,Female,High school,656.33,60,D1,Mogilevskaja oblast',OSOVETs,Agriculture,0.15,3,2,0
867,10446,905.38,0,1000.0,1989-04-06,Male,College,1550.0,60,E3,Brestskaja oblast',IVATsEVIChI,Ministry of Internal Affairs/Ministry of Emergency Situations/Ministry of Defense,0.37,3,1,0
868,10397,10250.37,3,11200.0,1990-06-25,Male,University,3166.06,60,D2,Grodnenskaja oblast',SMORGON',Agriculture,0.21,1,1,0
869,16643,2550.2,0,3000.0,2002-05-30,Male,College,2099.94,24,E3,Minskaja oblast',JaZOVKI,Trade,0.21,0,2,0
870,12906,1863.69,0,2000.0,1978-07-30,Male,University,1518.27,60,C1,Minskaja oblast',Borisov,Trade,0.4,3,1,1
871,18417,0.0,0,3500.0,2002-11-05,Male,College,3363.05,24,C2,Minskaja oblast',Soligorsk,Construction,0.19,0,2,0
872,10862,1806.11,0,2000.0,1989-03-22,Male,University,2390.92,60,B3,Minskaja oblast',MOLODEChNO,Production,0.36,0,2,1
873,10308,6790.5,0,7500.0,1981-09-22,Male,College,1267.31,60,B3,Vitebskaja oblast',Verhov'e,Agriculture,0.17,3,1,0
874,10063,4300.67,0,4750.0,1977-11-09,Female,College,1674.39,60,C3,Vitebskaja oblast',SENNO,Medicine and healthcare,0.4,2,2,1
875,12132,1397.76,3,1500.0,1993-07-10,Female,High school,919.86,60,C3,BRESTSKAJa,LENINSKIJ,Ministry of Internal Affairs/Ministry of Emergency Situations/Ministry of Defense,0.4,0,2,1
876,15442,1887.17,0,2000.0,1988-10-15,Male,College,3506.99,60,C1,Minskaja oblast',Smol'govo,Construction,0.23,0,1,0
877,17799,5376.9,0,5500.0,1985-07-14,Female,High school,1241.45,60,B1,Grodnenskaja oblast',SVISLOCh',Transport/Logistic,0.32,0,1,1
878,11696,9199.62,0,10000.0,1998-03-13,Male,College,1728.45,60,D1,Minskaja oblast',SLOBODA,Agriculture,0.29,1,1,0
879,17429,1528.27,0,1600.0,2001-11-02,Male,"Incomplete, University",1857.28,60,E1,BRESTSKAJa,BREST,Information Technology,0.35,0,2,0
880,14112,7954.49,0,9200.0,1996-11-20,Male,College,1810.12,36,C1,Minskaja oblast',SOLIGORSK,Trade,0.4,0,2,0
881,12284,13463.21,3,14450.0,1990-04-16,Male,College,1087.4,60,B1,GRODNENSKAJa,KEMELIShKI,Construction,0.4,0,2,0
882,16435,13850.04,0,14500.0,2001-03-26,Male,University,2200.0,60,E1,g. Minsk,MINSK,Ministry of Internal Affairs/Ministry of Emergency Situations/Ministry of Defense,0.31,0,2,0
883,11584,1261.44,0,1500.0,2000-08-15,Male,High school,1436.42,36,B3,Vitebskaja oblast',POLOTsK,Production,0.08,0,2,0
884,10803,2716.22,0,3000.0,1974-04-28,Male,High school,1647.5,60,C3,MOGILEVSKAJa OBLAST',BOBRUJSK,Ministry of Internal Affairs/Ministry of Emergency Situations/Ministry of Defense,0.35,2,1,1
885,16189,7626.39,3,8000.0,1972-08-23,Male,College,1180.51,60,C3,Minskaja oblast',MOLODEChNO,Production,0.24,0,1,0
886,10100,905.38,0,1000.0,2003-10-19,Female,College,1381.62,60,B2,Minskaja oblast',FANIPOL',Science and Education,0.09,0,2,1
887,11589,3784.42,0,4500.0,1979-03-31,Male,High school,1387.47,36,D2,Minskaja oblast',BOL'ShIE NOVOSELKI,Trade,0.28,0,1,0
888,14329,1209.7,0,2000.0,1968-06-03,Female,College,888.67,60,B3,g. Minsk,Minsk,Public services,0.4,2,1,1
889,15793,2865.54,3,3000.0,1968-02-27,Female,High school,610.68,60,D3,Vitebskaja oblast',ROSSONY,Public Administration,0.16,0,1,0
890,15106,2340.1,0,2480.0,1990-09-08,Female,University,710.39,60,B3,g. Minsk,MINSK,Medicine and healthcare,0.1,1,1,1
891,12303,1682.01,0,2000.0,1990-09-24,Male,College,1817.1,36,C2,Gomel'skaja oblast',REChITsA,Ministry of Internal Affairs/Ministry of Emergency Situations/Ministry of Defense,0.37,0,2,1
892,16031,3858.92,33,4000.0,1992-03-30,Female,College,922.18,60,C1,Minskaja oblast',SOLIGORSK,Trade,0.18,0,2,1
893,13939,9318.55,0,10000.0,1998-03-24,Female,University,1785.45,60,E1,g. Minsk,MINSK,Trade,0.34,0,2,0
894,15184,1634.06,0,2000.0,1971-10-14,Male,High school,797.13,24,A2,MINSKAJa,STAROSEL'E,Production,0.14,0,1,1
895,12385,919.95,0,1000.0,1986-06-06,Male,High school,1119.83,60,C3,Gomel'skaja oblast',GOMEL',Trade,0.4,0,2,0
896,11508,9199.62,0,10000.0,1987-10-28,Male,High school,2639.25,60,A3,g. Minsk,MINSK,Production,0.32,0,1,1
897,10851,1810.84,0,2000.0,1998-05-21,Male,College,663.94,60,E2,Minskaja oblast',BORISOV,Science and Education,0.35,2,1,0
898,11203,4767.95,0,5200.0,1995-08-23,Male,College,1822.63,60,B2,Minskaja oblast',MJaDEL',Trade,0.09,0,2,0
899,12145,7300.0,0,13000.0,1990-06-01,Female,University,1669.15,60,A3,g. Minsk,MINSK,Information Technology,0.3,0,2,1
900,16697,3820.7,0,4000.0,1977-11-21,Female,High school,683.04,60,C1,Mogilevskaja oblast',Bobrujsk,Medicine and healthcare,0.37,0,1,1
901,9928,5613.21,0,6200.0,1978-07-06,Male,College,3043.35,60,B2,Vitebskaja oblast',ORShA,Public services,0.06,1,2,1
902,14143,2795.59,0,3000.0,1988-04-18,Male,College,1693.99,60,D1,Minskaja oblast',Zaslavl',Production,0.37,0,1,0
903,9107,5363.16,0,6000.0,1998-07-14,Male,High school,1557.68,60,C1,Grodnenskaja oblast',MALINOVAJa,Agriculture,0.11,0,2,0
904,13927,778.98,0,1000.0,1991-06-20,Male,College,1416.71,24,C1,Minskaja oblast',KORSAKOVIChI,Production,0.27,2,2,0
905,14572,3418.43,3,4000.0,1994-02-21,Female,High school,983.4,24,C3,Gomel'skaja oblast',UVAROVIChI,Agriculture,0.22,1,2,0
906,11027,698.97,0,1000.0,1986-08-02,Female,College,1334.86,24,B3,Mogilevskaja oblast',ShKLOV,Production,0.38,3,1,1
907,16430,6681.59,0,7000.0,1998-05-05,Male,College,4119.77,60,C3,Gomel'skaja oblast',Novaja Mil'cha,Trade,0.21,0,2,0
908,12060,2422.81,3,2600.0,1998-10-10,Male,College,1783.9,60,C1,GRODNENSKAJa,VORONA,Public Administration,0.4,0,1,1
909,9861,4074.28,0,4500.0,1987-07-04,Female,High school,1142.12,60,B3,BRESTSKAJa OBLAST',TURNAJa,Agriculture,0.26,1,2,0
910,18022,977.18,0,1000.0,1979-10-13,Female,College,1199.65,36,A3,g. Minsk,MINSK,Trade,0.04,1,1,1
911,17313,6282.83,0,7000.0,1978-11-01,Female,University,1496.49,36,B2,g. Minsk,Minsk,Science and Education,0.26,2,1,1
912,11717,4233.24,33,4500.0,1982-03-28,Female,College,1689.6,60,B3,GOMEL'SKAJa,GOMEL',Medicine and healthcare,0.15,0,2,0
913,13781,931.85,0,1000.0,1997-07-13,Male,University,2500.0,60,D1,g. Minsk,MINSK,Ministry of Internal Affairs/Ministry of Emergency Situations/Ministry of Defense,0.37,1,1,0
914,16232,2817.75,0,2950.0,1966-03-27,Male,"Incomplete, University",988.96,60,C2,VITEBSKAJa,VITEBSK,Production,0.4,0,1,0
915,13657,3075.13,0,3300.0,1981-10-02,Female,High school,709.1,60,D2,g. Minsk,MINSK,Science and Education,0.14,2,2,0
916,18190,8000.0,0,8000.0,2000-06-12,Male,University,1468.5,60,B1,BRESTSKAJa,BREST,Finance and Insurance,0.34,0,1,1
917,17448,6590.73,0,6900.0,1986-07-14,Male,University,1571.39,60,B2,Mogilevskaja oblast',BUJNIChI,Information Technology,0.4,1,2,1
918,15884,871.74,0,1000.0,1998-08-25,Male,High school,1623.54,36,D2,g. Minsk,MINSK,Trade,0.37,0,2,0
919,10670,6678.85,0,8200.0,1996-04-04,Male,College,1683.77,36,C2,Gomel'skaja oblast',SVETLOGORSK,Production,0.38,0,1,0
920,9683,9297.45,33,10000.0,1983-12-02,Female,High school,3737.86,60,C3,g. Minsk,MINSK,Transport/Logistic,0.4,2,1,0
921,16591,6686.21,0,7000.0,1986-07-03,Female,College,1504.68,60,B1,g. Minsk,MINSK,Trade,0.4,0,1,0
922,17403,27823.17,0,30000.0,1990-09-20,Male,University,4385.38,60,B1,BRESTSKAJa,BREST,Construction,0.37,2,1,1
923,17563,892.87,0,1000.0,1991-12-17,Female,University,2046.19,24,C3,g. Minsk,MINSK,Sports and Tourism,0.19,0,2,0
924,10494,6518.87,0,7200.0,1972-09-22,Male,College,1259.15,60,D2,Minskaja oblast',KRUPKI,Agriculture,0.17,0,1,0
925,12201,919.95,0,1000.0,1984-05-10,Male,University,1721.44,60,C1,Mogilevskaja oblast',BOBRUJSK,Production,0.12,1,2,0
926,9889,5885.12,0,6500.0,1984-02-17,Male,High school,1240.77,60,B3,Brestskaja oblast',KOBRIN,Production,0.27,1,2,0
927,16820,3266.21,0,3500.0,1984-04-28,Male,College,595.12,60,C3,Vitebskaja oblast',POLOTsK,Production,0.18,2,1,0
928,9634,6790.5,0,7500.0,1962-07-27,Male,High school,1429.15,60,D3,Brestskaja oblast',VEZhKI,Agriculture,0.31,0,1,0
929,18097,12861.93,0,13000.0,1983-05-28,Female,University,3523.15,60,B2,g. Minsk,Minsk,Trade,0.3,2,1,1
930,9693,1810.84,0,2000.0,1987-06-22,Male,High school,2527.15,60,C2,g. Minsk,MINSK,Production,0.14,2,1,0
931,15088,1910.34,3,2000.0,1969-09-02,Male,College,1078.32,60,D3,Minskaja oblast',Mar'ina Gorka,Production,0.28,0,1,0
932,14070,7774.96,0,8550.0,1997-09-11,Male,High school,2300.0,60,C2,g. Minsk,Minsk,Ministry of Internal Affairs/Ministry of Emergency Situations/Ministry of Defense,0.4,0,1,1
933,9780,1258.07,3,1500.0,2000-10-05,Male,"Incomplete, University",1556.67,36,E2,Minskaja oblast',BORISOV,Trade,0.3,0,2,0
934,12247,5517.93,0,6000.0,2003-07-12,Male,College,570.63,60,D2,Mogilevskaja oblast',GLUShA,Trade,0.32,0,2,0
935,18411,0.0,0,1500.0,1990-08-07,Male,College,2750.89,36,C2,g. Minsk,MINSK,Construction,0.39,1,1,0
936,12270,1838.69,0,2000.0,1974-12-17,Female,College,547.33,60,A2,BRESTSKAJa,MOGILEVTsY,Science and Education,0.11,1,2,1
937,12407,6439.71,0,7000.0,1983-09-28,Male,College,1573.56,60,B2,BRESTSKAJa,BELOOZERSK,Transport/Logistic,0.26,0,2,0
938,12300,1849.1,0,2500.0,2001-03-19,Female,College,1309.63,24,B2,g. Minsk,MINSK,Construction,0.33,0,2,0
939,14201,2329.61,0,2500.0,1992-09-14,Female,College,603.84,60,C2,BRESTSKAJa,BOGDANOVKA,Science and Education,0.12,0,2,0
940,13415,9318.55,0,10000.0,1964-10-22,Female,University,2702.55,60,C2,Minskaja oblast',SLOBODKA,Agriculture,0.37,0,1,1
941,17576,2678.66,0,3000.0,1993-03-02,Female,University,1316.81,24,C1,g. Minsk,MINSK,Trade,0.27,2,2,1
942,9367,905.38,0,1000.0,1987-08-01,Female,University,1198.95,60,B3,VITEBSKAJa,VITEBSK,Public Administration,0.24,2,1,1
943,17387,2382.71,0,2500.0,2002-10-28,Male,College,1600.0,60,B3,Gomel'skaja oblast',ZhITKOVIChI,Ministry of Internal Affairs/Ministry of Emergency Situations/Ministry of Defense,0.36,0,2,1
944,13964,5535.5,0,5950.0,1981-08-27,Male,College,964.63,60,D3,Vitebskaja oblast',POSTAVY,Agriculture,0.4,1,1,0
945,16105,6332.57,0,6850.0,1964-11-02,Female,University,509.0,60,B1,MINSKAJa,RATOMKA,Retired,0.4,0,1,1
946,9592,1470.53,3,2000.0,1993-04-01,Female,University,1238.51,24,C3,VITEBSKAJa,VITEBSK,Science and Education,0.16,0,2,0
947,13958,931.85,0,1000.0,1989-03-13,Female,University,2606.65,60,C3,Vitebskaja oblast',NOVOPOLOTsK,Production,0.4,1,1,1
948,9842,1873.31,0,2300.0,1992-03-18,Male,College,901.27,36,C2,MOGILEVSKAJa OBLAST',KAMENIChI,Agriculture,0.14,0,2,0
949,11515,5653.19,0,6150.0,1985-07-21,Female,High school,778.51,60,C3,VITEBSKAJa,POLOTsK,Trade,0.4,0,1,0
950,17758,1935.37,0,2000.0,1994-12-01,Male,College,1794.41,60,C1,Mogilevskaja oblast',BOBRUJSK,Public services,0.37,1,1,1
951,16198,1893.69,0,2000.0,1987-02-18,Male,University,2479.56,60,D3,g. Minsk,MINSK,Transport/Logistic,0.17,2,1,0
952,17320,9551.74,0,10000.0,1994-05-08,Female,College,2813.69,60,C2,Minskaja oblast',ZASLAVL',Medicine and healthcare,0.38,0,2,1
953,15153,4775.87,3,5000.0,1998-11-22,Male,College,1231.74,60,C3,Minskaja oblast',SMOLEVIChI,Trade,0.12,1,1,0
954,10475,1177.01,0,1300.0,1967-08-07,Female,University,982.32,60,B2,Vitebskaja oblast',GLUBOKOE,Transport/Logistic,0.04,0,1,1
955,16651,4666.14,0,5200.0,2002-01-08,Male,"Incomplete, University",977.07,60,B2,g. Minsk,MINSK,Public services,0.19,0,2,1
956,14124,1557.92,0,2000.0,1989-07-23,Male,College,1852.24,24,D3,g. Minsk,Minsk,Production,0.4,1,1,0
957,16603,11015.68,0,11600.0,1986-11-30,Male,University,1903.23,60,A3,g. Minsk,MINSK,Production,0.4,0,2,1
958,10978,3621.59,0,4000.0,1983-03-03,Male,High school,635.64,60,C3,Minskaja oblast',KOPYL',Production,0.29,0,2,0
959,11762,1747.96,0,1900.0,1986-02-01,Male,College,1905.06,60,C2,Minskaja oblast',BORISOV,Agriculture,0.21,1,2,0
960,12287,17912.06,0,20000.0,1984-09-24,Female,University,3974.45,60,D3,g. Minsk,MINSK,Trade,0.27,2,1,0
961,16472,19103.5,0,20000.0,1995-08-17,Male,University,4026.91,60,E1,g. Minsk,MINSK,Production,0.29,0,2,0
962,16161,2663.81,0,3000.0,2000-03-23,Male,University,1626.5,36,A2,MOGILEVSKAJa,MOGILEV,Science and Education,0.08,0,2,1
963,10246,1747.43,0,2500.0,1989-01-05,Male,University,2126.74,24,B2,Brestskaja oblast',Mikashevichi,Production,0.31,0,2,1
964,13362,9318.55,0,10000.0,1990-08-08,Female,High school,2984.1,60,B3,Minskaja oblast',VILEJKA,Trade,0.32,1,2,0
965,17263,955.17,0,1000.0,1994-07-23,Male,College,2546.01,60,E1,Vitebskaja oblast',OBOL',Construction,0.18,2,1,0
966,17098,955.17,0,1000.0,1991-01-08,Male,College,1514.33,60,D2,g. Minsk,Minsk,Production,0.39,0,2,0
967,14584,943.59,0,1000.0,1989-11-04,Male,University,1867.46,60,D1,Brestskaja oblast',DROGIChIN,Production,0.29,1,2,0
968,15782,2451.1,0,3000.0,1997-12-08,Male,College,1343.74,24,C2,Vitebskaja oblast',Andreevschina,Trade,0.4,2,1,0
969,18125,4452.21,0,4500.0,1990-04-16,Male,University,2702.18,60,B3,Brestskaja oblast',PINSK,Construction,0.4,0,2,0
970,18134,4303.8,0,4350.0,1995-06-23,Female,University,1769.87,60,A2,Grodnenskaja oblast',SchUChIN,Public Administration,0.4,0,2,1
971,16379,1480.54,0,1550.0,1983-09-20,Female,High school,792.21,60,C2,MOGILEVSKAJa,PROTASEVIChI,Medicine and healthcare,0.4,2,1,0
972,16248,2226.53,0,2500.0,1990-07-09,Male,College,2463.99,36,D2,Minskaja oblast',SMILOVIChI,Transport/Logistic,0.13,1,1,0
973,16671,5465.66,0,6000.0,1999-11-12,Female,University,1733.13,36,B2,MINSKAJa,RATOMKA,Trade,0.14,0,2,1
974,13918,931.85,0,1000.0,1990-07-23,Male,College,1773.5,60,C2,Gomel'skaja oblast',PROSKURNI,Trade,0.34,0,2,0
975,9944,4526.97,0,5000.0,2002-06-29,Male,College,1720.0,60,D3,Brestskaja oblast',KOBRIN,Ministry of Internal Affairs/Ministry of Emergency Situations/Ministry of Defense,0.27,0,2,0
976,10965,3498.71,0,13000.0,1977-04-09,Male,College,2324.68,60,D3,Minskaja oblast',ChERVEN',Transport/Logistic,0.28,1,1,0
977,16204,3594.21,0,3800.0,1994-12-30,Male,University,1657.45,60,C1,g. Minsk,MINSK,Production,0.35,0,2,1
978,9448,6337.81,0,7000.0,1983-02-07,Male,College,1608.16,60,D1,Minskaja oblast',DUKORA,Production,0.13,3,1,0
979,17616,2896.64,0,3000.0,1984-08-10,Male,College,1280.96,60,A3,g. Minsk,MINSK,Production,0.13,1,2,1
980,15712,2637.26,0,2800.0,1980-01-23,Male,College,1630.3,60,D1,Brestskaja oblast',GRUShEVO,Production,0.05,0,1,0
981,13000,1549.66,0,2000.0,1988-11-27,Male,College,2201.21,24,C1,MOGILEVSKAJa,MOGILEV,Production,0.17,3,1,1
982,14512,6605.13,0,7000.0,1979-04-16,Female,University,2776.31,60,B2,Minskaja oblast',Kopische,Transport/Logistic,0.4,1,1,1
983,12162,5427.76,0,5900.0,1992-01-02,Male,College,2255.54,60,C3,g. Minsk,MINSK,Production,0.4,0,2,0
984,14016,1573.72,0,2000.0,1961-02-04,Female,University,535.0,36,B2,g. Minsk,Minsk,Retired,0.15,0,2,0
985,13749,6699.14,0,8600.0,2003-10-08,Male,College,2290.39,24,C2,Minskaja oblast',VILEJKA,Production,0.4,0,2,0
986,11773,1379.92,0,1500.0,1984-08-01,Male,High school,2159.66,60,D3,g. Minsk,Minsk,Trade,0.32,1,1,0
987,15850,7076.92,0,7500.0,1976-01-28,Female,College,900.28,60,D3,Minskaja oblast',UZNATsK,Agriculture,0.37,0,2,0
988,17406,954.57,0,1000.0,1999-07-16,Female,High school,1326.76,60,C3,GOMEL'SKAJa,GOMEL',Trade,0.39,0,2,0
989,10095,4074.28,0,4500.0,1998-05-21,Male,"Incomplete, University",1450.0,60,C2,Mogilevskaja oblast',BOBRUJSK,Ministry of Internal Affairs/Ministry of Emergency Situations/Ministry of Defense,0.35,1,2,0
990,10661,2716.22,0,3000.0,2002-12-13,Male,High school,973.41,60,E2,Mogilevskaja oblast',KOSTJuKOVIChI,Production,0.17,1,1,0
991,11774,1633.88,0,8300.0,1971-11-11,Male,University,1942.28,60,B3,Grodnenskaja oblast',DJaTLOVO,Science and Education,0.4,0,2,1
992,16364,3093.13,3,3200.0,1979-09-23,Female,College,1762.76,60,D3,g. Minsk,MINSK,Medicine and healthcare,0.05,0,2,0
993,11408,0.0,0,1800.0,1993-02-09,Female,University,2129.8,36,C3,g. Minsk,MINSK,Science and Education,0.31,0,1,1
994,17454,854.62,0,1000.0,1983-10-01,Female,College,1374.62,24,C2,g. Minsk,MINSK,Medicine and healthcare,0.39,2,1,0
995,16403,1431.46,0,1500.0,1998-10-26,Male,College,2488.14,60,C1,g. Minsk,MINSK,Production,0.19,0,2,0
996,15495,9254.37,0,10000.0,1985-07-18,Male,College,1270.0,60,A2,g. Minsk,Minsk,Construction,0.24,0,2,0
997,18320,1000.0,0,1000.0,1992-07-13,Male,College,1339.13,60,C1,Minskaja oblast',STOLBTsY,Public Administration,0.4,1,1,1
998,13167,1177.23,0,1317.0,2001-08-17,Male,University,1497.0,60,D3,Mogilevskaja oblast',GORKI,Ministry of Internal Affairs/Ministry of Emergency Situations/Ministry of Defense,0.2,0,2,0
999,16192,14153.88,0,15000.0,1980-09-04,Male,College,2289.66,60,C2,VITEBSKAJa,VOLOHI,Agriculture,0.2,1,2,0
