Date,Primary Type,Description,Location Description,Domestic,Beat,District,Ward,Community Area,FBI Code,X Coordinate,Y Coordinate,Year,Latitude,Longitude,target
01/22/2025 09:50:00 PM,BATTERY,SIMPLE,NURSING / RETIREMENT HOME,0,2013,20,48,77,08B,1167328.0,1936340.0,2025,41.980874051,-87.659992014,0
01/04/2025 10:00:00 PM,THEFT,OVER $500,STREET,0,1232,12,25,28,06,1170877.0,1893167.0,2025,41.862327927,-87.64820859,0
01/11/2025 03:30:00 PM,BATTERY,DOMESTIC BATTERY SIMPLE,GAS STATION,1,623,6,6,69,08B,1180265.0,1853045.0,2025,41.752019022,-87.614977963,0
01/13/2025 09:30:00 PM,OTHER OFFENSE,TELEPHONE THREAT,APARTMENT,0,1512,15,29,25,08A,1138578.0,1900413.0,2025,41.88285803,-87.766599362,0
01/12/2025 12:00:00 AM,BATTERY,DOMESTIC BATTERY SIMPLE,CTA BUS,1,2535,25,26,23,08B,1149765.0,1909950.0,2025,41.908818472,-87.725271645,0
01/06/2025 08:00:00 AM,THEFT,OVER $500,RESIDENCE - PORCH / HALLWAY,0,2433,24,48,77,06,1168110.0,1941511.0,2025,41.995046487,-87.656965907,0
01/16/2025 08:25:00 PM,THEFT,RETAIL THEFT,DEPARTMENT STORE,0,112,1,34,32,06,1176364.0,1900524.0,2025,41.882394062,-87.627844798,0
01/25/2025 03:38:00 AM,THEFT,$500 AND UNDER,BAR OR TAVERN,0,2413,24,40,2,06,1158106.0,1939768.0,2025,41.990474552,-87.693813313,0
01/16/2025 01:44:00 PM,CRIMINAL TRESPASS,TO LAND,SMALL RETAIL STORE,0,2032,20,47,3,26,1164633.0,1931946.0,2025,41.968874463,-87.670028413,1
01/14/2025 03:25:00 PM,THEFT,$500 AND UNDER,RESIDENCE - PORCH / HALLWAY,0,2013,20,48,77,06,1166936.0,1937810.0,2025,41.984916218,-87.661391241,0
01/19/2025 02:37:00 AM,OTHER OFFENSE,VEHICLE TITLE / REGISTRATION OFFENSE,STREET,0,1532,15,37,25,26,1142624.0,1902464.0,2025,41.888411942,-87.751691042,0
01/23/2025 12:30:00 AM,THEFT,$500 AND UNDER,RESTAURANT,0,1221,12,36,24,06,1162746.0,1905337.0,2025,41.895897635,-87.677715036,0
01/09/2025 04:41:00 PM,ASSAULT,SIMPLE,APARTMENT,0,631,6,8,44,08A,1183477.0,1850812.0,2025,41.74581724,-87.603276976,0
01/12/2025 02:43:00 AM,PUBLIC PEACE VIOLATION,RECKLESS CONDUCT,STREET,0,312,3,20,69,24,1177349.0,1862968.0,2025,41.779315147,-87.625364423,1
01/23/2025 12:30:00 PM,CRIMINAL TRESPASS,TO STATE SUP LAND,LIBRARY,0,1221,12,27,23,26,1154906.0,1904762.0,2025,41.894480568,-87.706525192,1
01/19/2025 06:35:00 AM,WEAPONS VIOLATION,UNLAWFUL POSSESSION - HANDGUN,STREET,0,822,8,23,62,15,1151118.0,1865189.0,2025,41.785962291,-87.721472861,1
01/16/2025 06:15:00 PM,THEFT,OVER $500,STREET,0,1212,12,1,24,06,1160890.0,1906741.0,2025,41.899789041,-87.684492727,0
01/22/2025 04:30:00 PM,THEFT,RETAIL THEFT,SMALL RETAIL STORE,0,123,1,34,32,06,1175696.0,1895352.0,2025,41.86821682,-87.6304532,1
01/19/2025 05:00:00 AM,CRIMINAL SEXUAL ASSAULT,NON-AGGRAVATED,OTHER (SPECIFY),0,2031,20,40,4,02,1157125.0,1934423.0,2025,41.975827666,-87.697567585,0
01/15/2025 05:00:00 PM,CRIMINAL DAMAGE,TO VEHICLE,STREET,0,2535,25,36,23,14,1150154.0,1908031.0,2025,41.903544972,-87.723892717,0
01/07/2025 04:00:00 PM,THEFT,OVER $500,APARTMENT,0,1934,19,44,6,06,1170804.0,1920691.0,2025,41.93785702,-87.647669039,0
01/27/2025 12:33:00 AM,BATTERY,AGGRAVATED - HANDGUN,STREET,0,933,9,20,61,04B,1171782.0,1872943.0,2025,41.806811598,-87.645480967,0
01/23/2025 04:00:00 AM,CRIMINAL DAMAGE,TO PROPERTY,APARTMENT,0,1034,10,25,31,14,1163085.0,1889070.0,2025,41.851252435,-87.676926858,0
01/18/2025 09:44:00 PM,DECEPTIVE PRACTICE,THEFT OF LABOR / SERVICES,PARKING LOT / GARAGE (NON RESIDENTIAL),0,2533,25,37,25,11,1144093.0,1910396.0,2025,41.91015079,-87.746096896,0
01/02/2025 08:20:00 PM,BATTERY,DOMESTIC BATTERY SIMPLE,RESIDENCE,1,2515,25,31,19,08B,1140329.0,1916447.0,2025,41.92682528,-87.759775857,0
01/08/2025 11:30:00 PM,BATTERY,DOMESTIC BATTERY SIMPLE,RESIDENCE,1,611,6,18,71,08B,1164040.0,1853258.0,2025,41.752959884,-87.674429372,0
01/18/2025 08:00:00 AM,THEFT,OVER $500,APARTMENT,0,1412,14,35,22,06,1154236.0,1918213.0,2025,41.931404684,-87.708626091,0
01/02/2025 09:00:00 PM,BATTERY,DOMESTIC BATTERY SIMPLE,APARTMENT,1,1031,10,22,30,08B,1149201.0,1884014.0,2025,41.837658045,-87.728015438,1
01/19/2025 11:48:00 PM,NARCOTICS,POSSESS - CANNABIS 30 GRAMS OR LESS,VEHICLE NON-COMMERCIAL,0,132,1,3,33,18,1177435.0,1894259.0,2025,41.865178311,-87.624102208,1
01/11/2025 02:31:00 AM,OTHER OFFENSE,FALSE / STOLEN / ALTERED TRP,STREET,0,2521,25,31,19,26,1143953.0,1916893.0,2025,41.927981856,-87.746447869,1
01/22/2025 06:30:00 PM,CRIMINAL DAMAGE,TO VEHICLE,PARKING LOT / GARAGE (NON RESIDENTIAL),0,1212,12,1,24,14,1161104.0,1907941.0,2025,41.903077492,-87.683673325,0
01/07/2025 05:45:00 PM,CRIMINAL TRESPASS,TO LAND,RESIDENCE - GARAGE,0,224,2,3,38,26,1178875.0,1872394.0,2025,41.805146371,-87.619483046,0
01/16/2025 04:04:00 PM,THEFT,$500 AND UNDER,SMALL RETAIL STORE,0,1713,17,33,14,06,1153430.0,1931699.0,2025,41.968427294,-87.71122829,0
01/06/2025 11:30:00 PM,THEFT,OVER $500,APARTMENT,0,1935,19,43,7,06,1171138.0,1918097.0,2025,41.930731638,-87.646517907,0
01/17/2025 06:01:00 PM,ASSAULT,AGGRAVATED - HANDGUN,APARTMENT,1,631,6,6,44,04A,1181962.0,1851780.0,2025,41.748508676,-87.608798314,0
01/01/2025 03:00:00 AM,BATTERY,DOMESTIC BATTERY SIMPLE,STREET,1,1531,15,37,25,08B,1143176.0,1905526.0,2025,41.896804144,-87.749587373,0
01/28/2025 01:44:00 AM,MOTOR VEHICLE THEFT,AUTOMOBILE,STREET,0,225,2,3,40,07,1178063.0,1869670.0,2025,41.797689933,-87.622543713,0
01/15/2025 12:00:00 AM,CRIMINAL TRESPASS,TO RESIDENCE,RESIDENCE,0,512,5,9,49,26,1177140.0,1835117.0,2025,41.70289329,-87.626968729,0
01/13/2025 01:00:00 AM,BATTERY,DOMESTIC BATTERY SIMPLE,RESIDENCE,1,431,4,7,51,08B,1195162.0,1837559.0,2025,41.709169802,-87.560897353,1
01/10/2025 01:45:00 PM,ASSAULT,SIMPLE,COMMERCIAL / BUSINESS OFFICE,0,122,1,34,32,08A,1175230.0,1898963.0,2025,41.87813609,-87.632055653,0
01/21/2025 02:00:00 PM,ASSAULT,SIMPLE,APARTMENT,1,1024,10,24,30,08A,1154028.0,1889550.0,2025,41.852754781,-87.710155469,0
01/05/2025 09:15:00 AM,ASSAULT,SIMPLE,SMALL RETAIL STORE,0,2532,25,37,25,08A,1139885.0,1910104.0,2025,41.909427524,-87.761562781,0
01/23/2025 10:30:00 AM,BATTERY,SIMPLE,RESIDENCE - PORCH / HALLWAY,0,421,4,7,43,08B,1196084.0,1853450.0,2025,41.752753312,-87.556996069,0
01/25/2025 12:30:00 AM,ASSAULT,SIMPLE,CHA APARTMENT,1,1034,10,24,30,08A,1158115.0,1886845.0,2025,41.845249591,-87.69522861,1
01/02/2025 06:26:00 PM,ASSAULT,SIMPLE,APARTMENT,0,314,3,5,42,08A,1187984.0,1862596.0,2025,41.778047465,-87.586387726,0
01/08/2025 06:30:00 PM,THEFT,$500 AND UNDER,APARTMENT,0,1412,14,35,21,06,1153209.0,1919534.0,2025,41.935050084,-87.712364994,0
01/05/2025 11:27:00 PM,WEAPONS VIOLATION,UNLAWFUL POSSESSION - HANDGUN,STREET,0,123,1,4,32,15,1176899.0,1897311.0,2025,41.873565321,-87.625977531,1
01/25/2025 04:40:00 PM,THEFT,THEFT FROM MOTOR VEHICLE,VEHICLE NON-COMMERCIAL,0,334,3,7,43,06,1194643.0,1856170.0,2025,41.760252758,-87.562187291,0
01/19/2025 12:00:00 PM,THEFT,$500 AND UNDER,STREET,0,1215,12,27,24,06,1166257.0,1904779.0,2025,41.894292098,-87.664835891,0
01/19/2025 10:50:00 AM,THEFT,RETAIL THEFT,DEPARTMENT STORE,0,112,1,34,32,06,1176365.0,1900502.0,2025,41.88233367,-87.627841791,1
01/19/2025 01:00:00 PM,CRIMINAL DAMAGE,TO VEHICLE,STREET,0,1422,14,26,23,14,1152550.0,1909413.0,2025,41.907290263,-87.715055025,0
01/26/2025 09:08:00 AM,NARCOTICS,POSSESS - CRACK,STREET,0,1131,11,24,25,18,1145140.0,1897160.0,2025,41.873809964,-87.742585361,1
01/06/2025 08:00:00 AM,MOTOR VEHICLE THEFT,AUTOMOBILE,PARKING LOT / GARAGE (NON RESIDENTIAL),0,2513,25,29,25,07,1136098.0,1912178.0,2025,41.915187259,-87.775425225,0
01/20/2025 05:01:00 AM,ROBBERY,ARMED - KNIFE / CUTTING INSTRUMENT,CTA TRAIN,0,1732,17,45,16,03,1148252.0,1926266.0,2025,41.953620328,-87.730408248,0
01/11/2025 02:20:00 PM,OTHER OFFENSE,TELEPHONE THREAT,APARTMENT,0,532,5,9,53,08A,1179335.0,1828232.0,2025,41.68395019,-87.619140257,0
01/01/2025 09:00:00 AM,DECEPTIVE PRACTICE,FORGERY,RESIDENCE,0,813,8,13,62,10,1149307.0,1867634.0,2025,41.792706926,-87.728049843,0
01/28/2025 12:30:00 AM,THEFT,POCKET-PICKING,OTHER (SPECIFY),0,2222,22,21,71,06,1171001.0,1847130.0,2025,41.735994703,-87.649098615,0
01/22/2025 10:45:00 AM,BATTERY,SIMPLE,SCHOOL - PUBLIC BUILDING,0,1221,12,27,23,08B,1155300.0,1902803.0,2025,41.889096979,-87.705130816,0
01/13/2025 12:00:00 PM,CRIMINAL DAMAGE,TO PROPERTY,RESIDENCE,0,2532,25,37,25,14,1139860.0,1907794.0,2025,41.903089073,-87.761711171,0
01/22/2025 08:00:00 PM,CRIMINAL DAMAGE,TO PROPERTY,APARTMENT,1,624,6,8,69,14,1184561.0,1853994.0,2025,41.754523667,-87.599205549,0
01/09/2025 08:25:00 PM,ROBBERY,ARMED - HANDGUN,SIDEWALK,0,2534,25,37,23,03,1149478.0,1908442.0,2025,41.904685949,-87.726365155,0
01/08/2025 07:40:00 PM,ROBBERY,ARMED - HANDGUN,SIDEWALK,0,1214,12,27,24,03,1172168.0,1903316.0,2025,41.890149107,-87.643169967,0
01/05/2025 05:10:00 AM,BATTERY,DOMESTIC BATTERY SIMPLE,RESIDENCE,1,512,5,9,49,08B,1181071.0,1836520.0,2025,41.706653929,-87.612531464,0
01/22/2025 03:35:00 PM,THEFT,FROM BUILDING,COLLEGE / UNIVERSITY - GROUNDS,0,1833,18,42,8,06,1176455.0,1906042.0,2025,41.89753369,-87.627343939,0
01/23/2025 06:22:00 PM,BATTERY,DOMESTIC BATTERY SIMPLE,APARTMENT,1,912,9,11,59,08B,1165813.0,1881522.0,2025,41.830482318,-87.667129375,0
01/22/2025 11:55:00 PM,BATTERY,"AGG. DOMESTIC BATTERY - HANDS, FISTS, FEET, SERIOUS INJURY",APARTMENT,1,422,4,7,46,04B,1195901.0,1852269.0,2025,41.749517088,-87.55770569,0
01/07/2025 07:28:00 PM,OTHER OFFENSE,HARASSMENT BY TELEPHONE,APARTMENT,1,1033,10,25,30,26,1156473.0,1885657.0,2025,41.842022902,-87.70128667,0
01/19/2025 05:42:00 PM,OTHER OFFENSE,LICENSE VIOLATION,COMMERCIAL / BUSINESS OFFICE,0,1731,17,30,16,26,1145137.0,1924961.0,2025,41.950098862,-87.74189252,1
01/03/2025 09:00:00 PM,CRIMINAL DAMAGE,TO VEHICLE,STREET,0,623,6,6,69,14,1178240.0,1855309.0,2025,41.758277853,-87.62233006,0
01/28/2025 09:00:00 AM,CRIMINAL DAMAGE,TO VEHICLE,STREET,0,1222,12,27,28,14,1160383.0,1901019.0,2025,41.884097895,-87.686513378,0
01/10/2025 11:59:00 PM,THEFT,OVER $500,RESIDENCE,1,511,5,9,49,06,1179967.0,1840467.0,2025,41.717510301,-87.616453912,0
01/01/2025 04:58:00 AM,BATTERY,SIMPLE,CTA TRAIN,0,113,1,34,32,08B,1176417.0,1899156.0,2025,41.878638996,-87.627691486,0
01/19/2025 03:00:00 PM,THEFT,FROM BUILDING,RESIDENCE,0,1412,14,35,21,06,1152842.0,1919165.0,2025,41.934044805,-87.713723539,0
01/26/2025 01:30:00 PM,CRIMINAL DAMAGE,TO PROPERTY,OTHER (SPECIFY),0,511,5,9,49,14,1176730.0,1837750.0,2025,41.710127832,-87.628391117,0
01/27/2025 01:00:00 PM,THEFT,OVER $500,COMMERCIAL / BUSINESS OFFICE,0,122,1,34,32,06,1175138.0,1900243.0,2025,41.881650549,-87.632355065,0
01/23/2025 08:45:00 AM,BATTERY,"PROTECTED EMPLOYEE - HANDS, FISTS, FEET, NO / MINOR INJURY",SCHOOL - PRIVATE GROUNDS,0,1034,10,25,31,08B,1160771.0,1887127.0,2025,41.845968863,-87.685473571,0
01/04/2025 11:45:00 AM,CRIMINAL DAMAGE,TO VEHICLE,STREET,0,1224,12,27,28,14,1169960.0,1901141.0,2025,41.884229207,-87.651342177,0
01/13/2025 11:00:00 PM,MOTOR VEHICLE THEFT,AUTOMOBILE,STREET,0,213,2,3,35,07,1176682.0,1880467.0,2025,41.827349091,-87.627282713,0
01/20/2025 11:00:00 PM,MOTOR VEHICLE THEFT,AUTOMOBILE,STREET,0,2012,20,40,77,07,1164457.0,1936263.0,2025,41.980724205,-87.670552748,0
01/11/2025 02:30:00 PM,MOTOR VEHICLE THEFT,AUTOMOBILE,STREET,0,324,3,8,43,07,1187463.0,1857072.0,2025,41.762901537,-87.588473086,0
01/08/2025 08:30:00 AM,THEFT,OVER $500,SCHOOL - PUBLIC GROUNDS,0,1012,10,24,29,06,1148414.0,1891042.0,2025,41.856958971,-87.730722361,0
01/26/2025 09:00:00 PM,THEFT,$500 AND UNDER,VACANT LOT / LAND,0,1222,12,27,27,06,,,2025,,,0
01/14/2025 10:37:00 PM,SEX OFFENSE,NON-CONSENSUAL DISSEMINATION OF PRIVATE SEXUAL IMAGES,APARTMENT,0,1732,17,45,16,17,1151356.0,1925928.0,2025,41.952632342,-87.719006461,0
01/09/2025 01:00:00 PM,THEFT,OVER $500,STREET,0,2213,22,19,72,06,1166485.0,1837635.0,2025,41.710036289,-87.665913332,0
01/20/2025 02:00:00 PM,CRIMINAL DAMAGE,TO VEHICLE,STREET,0,1811,18,2,7,14,1167607.0,1915079.0,2025,41.922526968,-87.65958064,0
01/11/2025 11:58:00 AM,THEFT,RETAIL THEFT,OTHER (SPECIFY),0,1824,18,2,8,06,1175324.0,1908199.0,2025,41.903478069,-87.631433102,0
01/24/2025 02:36:00 AM,NARCOTICS,POSSESS - CRACK,STREET,0,1021,10,24,29,18,1154245.0,1893601.0,2025,41.863866859,-87.709250933,1
01/08/2025 01:48:00 PM,THEFT,OVER $500,ALLEY,0,122,1,34,32,06,1174617.0,1898485.0,2025,41.87683815,-87.634320718,0
01/06/2025 03:35:00 PM,OTHER OFFENSE,TELEPHONE THREAT,APARTMENT,0,1523,15,37,25,08A,1141144.0,1903464.0,2025,41.891183464,-87.757101543,0
01/01/2025 12:00:00 PM,OFFENSE INVOLVING CHILDREN,OTHER OFFENSE,POLICE FACILITY / VEHICLE PARKING LOT,0,531,5,9,50,20,1183356.0,1831503.0,2025,41.692833841,-87.60431945,0
01/18/2025 05:50:00 PM,THEFT,OVER $500,STREET,0,2232,22,9,73,06,1173777.0,1837059.0,2025,41.708297459,-87.639225865,0
01/23/2025 12:00:00 AM,MOTOR VEHICLE THEFT,AUTOMOBILE,STREET,0,1522,15,29,25,07,1140916.0,1897825.0,2025,41.875713539,-87.758077708,0
01/18/2025 05:03:00 PM,THEFT,RETAIL THEFT,SMALL RETAIL STORE,0,823,8,14,66,06,1156125.0,1863120.0,2025,41.78018541,-87.703170178,0
01/24/2025 09:03:00 PM,THEFT,RETAIL THEFT,DEPARTMENT STORE,0,1913,19,46,3,06,1168469.0,1929861.0,2025,41.963070794,-87.655984213,0
01/03/2025 07:40:00 AM,SEX OFFENSE,CRIMINAL SEXUAL ABUSE,HOTEL / MOTEL,1,1934,19,44,6,17,1171406.0,1918849.0,2025,41.932789263,-87.645510903,0
01/22/2025 06:07:00 PM,BATTERY,DOMESTIC BATTERY SIMPLE,APARTMENT,1,332,3,5,43,08B,1187180.0,1858432.0,2025,41.766640218,-87.589467208,0
01/02/2025 02:00:00 PM,THEFT,$500 AND UNDER,RESIDENCE - PORCH / HALLWAY,0,322,3,6,69,06,1178758.0,1860294.0,2025,41.771945467,-87.6202802,0
01/22/2025 05:15:00 PM,ASSAULT,SIMPLE,APARTMENT,1,731,7,6,69,08A,1175227.0,1856271.0,2025,41.760985498,-87.63334368,0
01/22/2025 04:45:00 AM,MOTOR VEHICLE THEFT,AUTOMOBILE,STREET,0,511,5,9,49,07,1176370.0,1838985.0,2025,41.713524924,-87.629672531,0
01/14/2025 08:48:00 AM,NARCOTICS,POSSESS - HEROIN (WHITE),SIDEWALK,0,1135,11,28,27,18,1157518.0,1896243.0,2025,41.87105086,-87.697163991,1
01/05/2025 01:40:00 AM,THEFT,$500 AND UNDER,STREET,0,224,2,3,38,06,1178861.0,1872902.0,2025,41.806540687,-87.619518918,0
01/10/2025 07:00:00 PM,THEFT,$500 AND UNDER,STREET,0,2412,24,50,2,06,1160678.0,1942466.0,2025,41.997824864,-87.684277713,0
01/01/2025 02:31:00 AM,WEAPONS VIOLATION,RECKLESS FIREARM DISCHARGE,SIDEWALK,0,912,9,12,59,15,1165627.0,1880021.0,2025,41.826367373,-87.667854475,1
01/19/2025 11:00:00 AM,THEFT,RETAIL THEFT,SMALL RETAIL STORE,0,1234,12,25,31,06,1165285.0,1891456.0,2025,41.85775341,-87.668784595,0
01/26/2025 02:00:00 PM,OTHER OFFENSE,TELEPHONE THREAT,CHA PARKING LOT / GROUNDS,1,1225,12,27,28,08A,1160842.0,1898642.0,2025,41.877565688,-87.684893829,0
01/13/2025 10:30:00 AM,BATTERY,DOMESTIC BATTERY SIMPLE,APARTMENT,1,2535,25,26,20,08B,1149755.0,1911981.0,2025,41.914391925,-87.725255486,0
01/25/2025 11:59:00 PM,DECEPTIVE PRACTICE,THEFT OF LOST / MISLAID PROPERTY,BAR OR TAVERN,0,1832,18,42,8,11,1175825.0,1904582.0,2025,41.893541578,-87.629701805,0
01/05/2025 09:17:00 PM,CRIMINAL TRESPASS,TO LAND,RESIDENCE - YARD (FRONT / BACK),0,1111,11,37,23,26,1149236.0,1905272.0,2025,41.89599184,-87.727336352,1
01/22/2025 11:07:00 AM,OFFENSE INVOLVING CHILDREN,SEXUAL ASSAULT OF CHILD BY FAMILY MEMBER,RESIDENCE,1,411,4,8,43,02,1187299.0,1854890.0,2025,41.756917825,-87.58914335,0
01/29/2025 07:04:00 PM,NARCOTICS,POSSESS - CANNABIS 30 GRAMS OR LESS,STREET,0,1723,17,33,14,18,1148925.0,1929329.0,2025,41.962012411,-87.727854654,1
01/02/2025 07:15:00 PM,CRIMINAL TRESPASS,TO LAND,CONVENIENCE STORE,0,111,1,42,32,26,1176338.0,1901346.0,2025,41.884650262,-87.627915459,0
01/18/2025 12:00:00 AM,CRIMINAL DAMAGE,TO PROPERTY,RESIDENCE,0,2413,24,40,2,14,1161704.0,1940305.0,2025,41.991873608,-87.680564028,0
01/14/2025 08:45:00 PM,NARCOTICS,MANUFACTURE / DELIVER - CANNABIS OVER 10 GRAMS,ALLEY,0,1532,15,28,25,18,1142220.0,1900980.0,2025,41.88434717,-87.753211536,1
01/29/2025 02:00:00 PM,THEFT,$500 AND UNDER,STREET,0,1911,19,47,5,06,1159335.0,1928816.0,2025,41.960396482,-87.689595497,0
01/04/2025 12:01:00 AM,OFFENSE INVOLVING CHILDREN,AGGRAVATED SEXUAL ASSAULT OF CHILD BY FAMILY MEMBER,RESIDENCE,1,811,8,23,56,02,1139248.0,1869400.0,2025,41.797741557,-87.764892755,0
01/11/2025 01:58:00 PM,ASSAULT,SIMPLE,APARTMENT,1,732,7,6,68,08A,1173000.0,1856957.0,2025,41.762917405,-87.641485525,0
01/14/2025 05:00:00 PM,CRIMINAL DAMAGE,TO VEHICLE,VACANT LOT / LAND,0,1433,14,32,24,14,1165409.0,1911586.0,2025,41.912989064,-87.667756356,0
01/03/2025 09:00:00 AM,THEFT,RETAIL THEFT,SMALL RETAIL STORE,0,1624,16,45,15,06,1143644.0,1926627.0,2025,41.954698652,-87.747338823,1
01/16/2025 11:00:00 PM,BATTERY,DOMESTIC BATTERY SIMPLE,APARTMENT,1,1733,17,33,16,08B,1154037.0,1925373.0,2025,41.951056226,-87.709165799,0
01/23/2025 12:00:00 AM,SEX OFFENSE,SEXUAL EXPLOITATION OF A CHILD,STREET,1,1511,15,29,25,17,1136838.0,1906349.0,2025,41.899178534,-87.772846431,0
01/06/2025 12:30:00 AM,BATTERY,DOMESTIC BATTERY SIMPLE,APARTMENT,1,333,3,7,43,08B,1190612.0,1856624.0,2025,41.761596782,-87.57694609,1
01/11/2025 03:40:00 AM,BATTERY,SIMPLE,SIDEWALK,0,1424,14,1,24,08B,1165352.0,1908069.0,2025,41.903339394,-87.66806597,0
01/22/2025 01:00:00 PM,DECEPTIVE PRACTICE,FINANCIAL IDENTITY THEFT OVER $ 300,APARTMENT,0,1121,11,27,23,11,1154241.0,1904762.0,2025,41.894493874,-87.708967553,0
01/29/2025 05:00:00 AM,OTHER OFFENSE,OTHER WEAPONS VIOLATION,POLICE FACILITY / VEHICLE PARKING LOT,0,913,9,11,60,26,1171479.0,1884120.0,2025,41.837489008,-87.646264459,0
01/22/2025 12:00:00 PM,OTHER OFFENSE,OTHER CRIME AGAINST PERSON,APARTMENT,0,1511,15,29,25,26,1137123.0,1906068.0,2025,41.898402321,-87.771806371,0
01/22/2025 04:30:00 PM,CRIMINAL TRESPASS,TO LAND,APARTMENT,0,1224,12,27,28,26,1165833.0,1900435.0,2025,41.882380888,-87.666517086,0
01/18/2025 07:22:00 PM,ASSAULT,AGGRAVATED - HANDGUN,STREET,1,423,4,7,48,04A,1196516.0,1843177.0,2025,41.724552668,-87.555753144,0
01/10/2025 03:15:00 PM,THEFT,RETAIL THEFT,SMALL RETAIL STORE,0,111,1,34,32,06,1176352.0,1900927.0,2025,41.883500187,-87.627876698,0
01/11/2025 10:00:00 AM,NARCOTICS,FOUND SUSPECT NARCOTICS,VACANT LOT / LAND,0,1011,10,24,29,18,1150592.0,1893546.0,2025,41.86378802,-87.72266245,1
01/04/2025 04:00:00 AM,THEFT,THEFT FROM MOTOR VEHICLE,STREET,0,1933,19,32,6,06,1167117.0,1921127.0,2025,41.939133547,-87.661206839,0
01/29/2025 07:00:00 PM,CRIMINAL DAMAGE,TO VEHICLE,PARKING LOT / GARAGE (NON RESIDENTIAL),0,1231,12,27,28,14,1165169.0,1896776.0,2025,41.872354422,-87.669059283,0
01/09/2025 09:00:00 AM,NARCOTICS,MANUFACTURE / DELIVER - CANNABIS OVER 10 GRAMS,SIDEWALK,0,1532,15,37,25,18,1143352.0,1902559.0,2025,41.888659061,-87.749015157,1
01/22/2025 12:54:00 PM,THEFT,OVER $500,GAS STATION,1,524,5,21,53,06,1173048.0,1828494.0,2025,41.684809877,-87.642147208,0
01/15/2025 06:10:00 PM,THEFT,RETAIL THEFT,DEPARTMENT STORE,0,513,5,9,50,06,1185440.0,1832668.0,2025,41.695982095,-87.596653142,1
01/26/2025 07:36:00 PM,ROBBERY,VEHICULAR HIJACKING,PARKING LOT / GARAGE (NON RESIDENTIAL),0,212,2,3,35,03,1178293.0,1881834.0,2025,41.831063762,-87.621330678,0
01/08/2025 03:44:00 PM,THEFT,RETAIL THEFT,CONVENIENCE STORE,0,1732,17,35,21,06,1152928.0,1921067.0,2025,41.939262335,-87.71335694,0
01/21/2025 01:00:00 AM,CRIMINAL DAMAGE,TO VEHICLE,STREET,0,1411,14,35,21,14,1156335.0,1918472.0,2025,41.932073172,-87.70090559,0
01/05/2025 11:00:00 PM,THEFT,OVER $500,STREET,0,412,4,8,45,06,1187042.0,1847992.0,2025,41.737995133,-87.590303498,0
01/02/2025 09:20:00 PM,BATTERY,SIMPLE,RESTAURANT,0,432,4,10,52,08B,1204706.0,1835284.0,2025,41.70268678,-87.526025149,0
01/28/2025 10:31:00 PM,BATTERY,DOMESTIC BATTERY SIMPLE,APARTMENT,1,823,8,15,66,08B,1157435.0,1863820.0,2025,41.782079867,-87.698348521,0
01/16/2025 01:27:00 AM,CRIMINAL TRESPASS,TO LAND,APARTMENT,0,1214,12,27,24,26,1169842.0,1905074.0,2025,41.895024194,-87.65166075,0
01/27/2025 03:30:00 PM,MOTOR VEHICLE THEFT,AUTOMOBILE,STREET,0,511,5,9,49,07,1180280.0,1841114.0,2025,41.719278594,-87.615287767,0
01/02/2025 04:00:00 PM,THEFT,THEFT FROM MOTOR VEHICLE,ALLEY,0,312,3,20,42,06,1180387.0,1861158.0,2025,41.774279153,-87.614282368,0
01/27/2025 02:30:00 AM,MOTOR VEHICLE THEFT,AUTOMOBILE,VEHICLE NON-COMMERCIAL,0,214,2,4,36,07,1183393.0,1878975.0,2025,41.823100956,-87.602707889,0
01/18/2025 11:47:00 AM,ASSAULT,AGGRAVATED - OTHER DANGEROUS WEAPON,STREET,0,1233,12,25,31,04A,1167207.0,1891266.0,2025,41.857190995,-87.661735179,1
01/03/2025 02:25:00 PM,CRIMINAL DAMAGE,TO VEHICLE,APARTMENT,1,1023,10,25,29,14,1158324.0,1890847.0,2025,41.856227252,-87.694352315,1
01/09/2025 12:34:00 PM,OTHER OFFENSE,LICENSE VIOLATION,COMMERCIAL / BUSINESS OFFICE,0,1222,12,27,27,26,1158250.0,1901899.0,2025,41.886556545,-87.69432194,0
01/24/2025 10:03:00 PM,BATTERY,AGGRAVATED - HANDGUN,SIDEWALK,0,2424,24,49,1,04B,1160766.0,1948476.0,2025,42.014314646,-87.683786255,0
01/23/2025 09:30:00 PM,BURGLARY,FORCIBLE ENTRY,RESTAURANT,0,1811,18,2,7,05,1166785.0,1916057.0,2025,41.925228338,-87.662572803,0
01/08/2025 09:00:00 PM,ROBBERY,ARMED - HANDGUN,GAS STATION,0,1531,15,37,25,03,1144151.0,1907349.0,2025,41.9017884,-87.745960471,0
01/28/2025 11:00:00 PM,CRIMINAL DAMAGE,TO VEHICLE,STREET,0,822,8,23,62,14,1151116.0,1866516.0,2025,41.789603822,-87.721445568,0
01/08/2025 10:00:00 PM,THEFT,FROM BUILDING,RESIDENCE - PORCH / HALLWAY,0,2433,24,40,77,06,1164352.0,1941699.0,2025,41.995642982,-87.670784242,0
01/02/2025 01:13:00 PM,NARCOTICS,POSSESS - CRACK,ALLEY,0,1122,11,27,23,18,1151293.0,1903272.0,2025,41.890463519,-87.719833886,1
01/08/2025 09:00:00 PM,THEFT,OVER $500,GAS STATION,0,1131,15,24,25,06,1144812.0,1896930.0,2025,41.873185004,-87.743795434,0
01/08/2025 05:24:00 PM,NARCOTICS,MANUFACTURE / DELIVER - CANNABIS OVER 10 GRAMS,SIDEWALK,0,1532,15,37,25,18,1143338.0,1902559.0,2025,41.888659323,-87.749066571,1
01/13/2025 10:25:00 PM,MOTOR VEHICLE THEFT,AUTOMOBILE,STREET,0,334,3,7,43,07,1193759.0,1857389.0,2025,41.763619486,-87.56538722,0
01/20/2025 10:39:00 AM,BATTERY,SIMPLE,CAR WASH,0,1221,12,36,24,08B,1162691.0,1903481.0,2025,41.890805777,-87.677969106,0
01/09/2025 01:58:00 AM,ROBBERY,AGGRAVATED VEHICULAR HIJACKING,GAS STATION,0,621,6,17,71,03,1172289.0,1854291.0,2025,41.755617231,-87.644169735,0
01/04/2025 11:51:00 AM,DECEPTIVE PRACTICE,ILLEGAL USE CASH CARD,RESIDENCE,0,812,8,13,64,11,1132484.0,1862478.0,2025,41.778866365,-87.789858447,0
01/18/2025 08:52:00 AM,ASSAULT,AGGRAVATED POLICE OFFICER - OTHER DANGEROUS WEAPON,STREET,0,2422,24,49,1,04A,1165525.0,1950528.0,2025,42.019844934,-87.666216277,1
01/20/2025 08:00:00 PM,ASSAULT,SIMPLE,APARTMENT,0,231,2,20,40,08A,1179001.0,1867736.0,2025,41.792361522,-87.61916287,0
01/25/2025 04:30:00 AM,THEFT,$500 AND UNDER,APARTMENT,0,2012,20,40,77,06,1164205.0,1937254.0,2025,41.983448889,-87.671451352,0
01/11/2025 04:39:00 AM,HOMICIDE,FIRST DEGREE MURDER,STREET,0,1133,11,24,29,01A,1153217.0,1894674.0,2025,41.866831736,-87.71299623,0
01/05/2025 11:44:00 PM,ASSAULT,SIMPLE,STREET,1,812,8,13,64,08A,1132621.0,1861004.0,2025,41.77481905,-87.789390362,0
01/18/2025 02:06:00 PM,THEFT,RETAIL THEFT,DEPARTMENT STORE,0,1432,14,32,22,06,1160867.0,1917657.0,2025,41.929743818,-87.684273777,1
01/02/2025 08:00:00 PM,ASSAULT,AGGRAVATED - KNIFE / CUTTING INSTRUMENT,TAVERN / LIQUOR STORE,0,1511,15,29,25,04A,1136597.0,1907384.0,2025,41.902023021,-87.773706834,0
01/12/2025 05:52:00 PM,ASSAULT,SIMPLE,APARTMENT,1,825,8,16,66,08A,1160315.0,1862793.0,2025,41.779202789,-87.687817874,0
01/20/2025 02:50:00 PM,SEX OFFENSE,CRIMINAL SEXUAL ABUSE,CTA TRAIN,0,813,8,13,62,17,1146457.0,1864995.0,2025,41.785519673,-87.738567526,0
01/08/2025 11:20:00 PM,BATTERY,DOMESTIC BATTERY SIMPLE,RESIDENCE,1,1522,15,29,25,08B,1140229.0,1899130.0,2025,41.879307235,-87.760568178,0
01/10/2025 04:42:00 AM,CRIMINAL DAMAGE,TO PROPERTY,STREET,0,621,6,17,71,14,1172644.0,1853474.0,2025,41.753367468,-87.642892778,0
01/15/2025 05:49:00 PM,BATTERY,DOMESTIC BATTERY SIMPLE,APARTMENT,1,1622,16,41,11,08B,1132879.0,1931838.0,2025,41.969193334,-87.786791172,0
01/11/2025 11:30:00 AM,BURGLARY,FORCIBLE ENTRY,CHURCH / SYNAGOGUE / PLACE OF WORSHIP,0,2022,20,48,77,05,1168358.0,1937375.0,2025,41.983691836,-87.656173946,0
01/14/2025 12:30:00 PM,THEFT,FROM BUILDING,RESTAURANT,0,122,1,42,32,06,1174413.0,1901724.0,2025,41.885730721,-87.634972962,0
01/26/2025 02:42:00 AM,WEAPONS VIOLATION,UNLAWFUL POSSESSION - HANDGUN,STREET,0,321,3,20,42,15,1182687.0,1861814.0,2025,41.7760262,-87.605830727,1
01/29/2025 08:30:00 PM,BATTERY,SIMPLE,RESIDENCE,0,423,4,10,46,08B,1197280.0,1847679.0,2025,41.736887555,-87.552805142,0
01/18/2025 07:00:00 PM,CRIMINAL DAMAGE,TO VEHICLE,STREET,0,1712,17,39,14,14,1149463.0,1933771.0,2025,41.974191117,-87.725760824,0
01/13/2025 03:00:00 PM,THEFT,$500 AND UNDER,RESTAURANT,0,824,8,14,63,06,1156030.0,1866339.0,2025,41.789020724,-87.70343201,0
01/19/2025 05:00:00 PM,OTHER OFFENSE,TELEPHONE THREAT,RESIDENCE,0,2211,22,19,74,08A,1156938.0,1832740.0,2025,41.696801258,-87.701007913,0
01/18/2025 01:00:00 AM,THEFT,FROM BUILDING,RESIDENCE - PORCH / HALLWAY,0,1935,19,43,7,06,1171844.0,1916431.0,2025,41.926144513,-87.643972752,0
01/26/2025 12:04:00 AM,BATTERY,DOMESTIC BATTERY SIMPLE,RESIDENCE,1,631,6,6,44,08B,1178124.0,1851091.0,2025,41.746705803,-87.622882835,0
01/21/2025 12:25:00 PM,ASSAULT,SIMPLE,APARTMENT,1,631,6,8,44,08A,1183298.0,1851901.0,2025,41.748809737,-87.603899033,0
01/13/2025 12:00:00 AM,MOTOR VEHICLE THEFT,AUTOMOBILE,STREET,0,812,8,13,64,07,1136569.0,1861120.0,2025,41.77506794,-87.774914491,0
01/25/2025 08:30:00 PM,THEFT,$500 AND UNDER,STREET,0,631,6,6,44,06,1182619.0,1851944.0,2025,41.748943503,-87.606385782,0
01/12/2025 03:24:00 PM,THEFT,RETAIL THEFT,GROCERY FOOD STORE,0,1832,18,42,8,06,1176106.0,1905725.0,2025,41.896671699,-87.628635323,0
01/07/2025 08:33:00 AM,NARCOTICS,SOLICIT NARCOTICS ON PUBLIC WAY,CTA BUS,0,1214,12,27,24,18,1168519.0,1904430.0,2025,41.893285756,-87.656538409,1
01/20/2025 12:00:00 PM,THEFT,$500 AND UNDER,CTA BUS,0,825,8,16,66,06,1160040.0,1862784.0,2025,41.779183752,-87.688826305,0
01/20/2025 02:10:00 PM,ROBBERY,ARMED - HANDGUN,PARKING LOT / GARAGE (NON RESIDENTIAL),0,913,9,11,60,03,1171478.0,1884155.0,2025,41.837585073,-87.646267101,0
01/25/2025 11:12:00 AM,ASSAULT,SIMPLE,APARTMENT,0,1812,18,43,7,08A,1172270.0,1915222.0,2025,41.922817554,-87.642443213,0
01/25/2025 05:03:00 PM,OTHER OFFENSE,FALSE / STOLEN / ALTERED TRP,STREET,0,433,4,10,52,26,1202204.0,1832386.0,2025,41.694798415,-87.535284919,1
01/21/2025 01:36:00 AM,OTHER OFFENSE,VEHICLE TITLE / REGISTRATION OFFENSE,STREET,0,123,1,4,32,26,1175757.0,1897652.0,2025,41.874526794,-87.630160089,0
01/21/2025 03:18:00 PM,NARCOTICS,FOUND SUSPECT NARCOTICS,STREET,0,1532,15,28,25,18,1142583.0,1900989.0,2025,41.884365126,-87.751878314,1
01/18/2025 08:04:00 PM,OTHER OFFENSE,VIOLATE ORDER OF PROTECTION,RESIDENCE,1,431,4,7,51,26,1193242.0,1840761.0,2025,41.718003458,-87.567824228,1
01/26/2025 01:30:00 PM,ASSAULT,SIMPLE,RESIDENCE,1,2525,25,35,22,08A,1151656.0,1915285.0,2025,41.923421197,-87.718184386,0
01/26/2025 05:00:00 PM,BATTERY,DOMESTIC BATTERY SIMPLE,RESIDENCE,1,2212,22,19,75,08B,1166007.0,1830250.0,2025,41.689780772,-87.667872821,0
01/05/2025 08:20:00 PM,ROBBERY,AGGRAVATED VEHICULAR HIJACKING,STREET,0,822,8,14,63,03,1155307.0,1868329.0,2025,41.794496075,-87.706029789,0
01/27/2025 09:22:00 AM,CRIMINAL DAMAGE,TO PROPERTY,APARTMENT,0,421,4,7,43,14,1194534.0,1854130.0,2025,41.754657524,-87.562653749,0
01/19/2025 03:41:00 AM,OTHER OFFENSE,VIOLATE ORDER OF PROTECTION,APARTMENT,1,321,3,6,42,26,1182056.0,1860407.0,2025,41.772179881,-87.608187389,0
01/28/2025 01:00:00 AM,ROBBERY,STRONG ARM - NO WEAPON,CTA TRAIN,0,123,1,4,32,03,1176516.0,1895374.0,2025,41.868258726,-87.627442185,0
01/09/2025 04:00:00 PM,THEFT,OVER $500,SCHOOL - PUBLIC BUILDING,0,714,7,16,67,06,1164741.0,1863948.0,2025,41.782279941,-87.671559063,0
01/24/2025 10:15:00 PM,ROBBERY,STRONG ARM - NO WEAPON,CTA PARKING LOT / GARAGE / OTHER PROPERTY,0,113,1,4,32,03,1176427.0,1898772.0,2025,41.877585052,-87.627666361,0
01/28/2025 10:27:00 AM,MOTOR VEHICLE THEFT,AUTOMOBILE,STREET,0,1233,12,28,28,07,1165981.0,1892242.0,2025,41.859895453,-87.666207446,0
01/26/2025 08:00:00 PM,THEFT,$500 AND UNDER,APARTMENT,0,233,2,20,41,06,1183236.0,1870863.0,2025,41.800844679,-87.603536578,0
01/02/2025 09:15:00 AM,CRIMINAL DAMAGE,TO PROPERTY,RESIDENCE,0,524,5,21,53,14,1171772.0,1826887.0,2025,41.680428005,-87.646865171,0
01/13/2025 11:20:00 AM,BATTERY,SIMPLE,SCHOOL - PRIVATE GROUNDS,0,131,1,3,33,08B,1176341.0,1890924.0,2025,41.856051578,-87.628218813,0
01/24/2025 01:29:00 AM,BATTERY,"AGGRAVATED P.O. - HANDS, FISTS, FEET, NO / MINOR INJURY",STREET,0,233,2,20,40,08B,1181892.0,1871351.0,2025,41.802214999,-87.608450329,1
01/04/2025 09:50:00 AM,THEFT,THEFT FROM MOTOR VEHICLE,STREET,0,233,2,20,41,06,1183055.0,1871351.0,2025,41.802188005,-87.604185177,0
01/20/2025 11:00:00 PM,MOTOR VEHICLE THEFT,THEFT / RECOVERY - AUTOMOBILE,STREET,0,925,9,20,37,07,1175330.0,1876384.0,2025,41.816175363,-87.632365176,0
01/25/2025 02:05:00 AM,BATTERY,SIMPLE,"VEHICLE - OTHER RIDE SHARE SERVICE (LYFT, UBER, ETC.)",0,1522,15,29,25,08B,1139100.0,1898196.0,2025,41.876764817,-87.764736463,1
01/21/2025 10:05:00 AM,ASSAULT,SIMPLE,SMALL RETAIL STORE,0,823,8,14,66,08A,1156143.0,1862448.0,2025,41.778340981,-87.703122242,0
01/29/2025 05:27:00 PM,BATTERY,SIMPLE,APARTMENT,0,423,4,7,46,08B,1196948.0,1844748.0,2025,41.728852906,-87.554118677,0
01/27/2025 10:30:00 AM,MOTOR VEHICLE THEFT,AUTOMOBILE,OTHER (SPECIFY),0,114,1,42,32,07,1179263.0,1902486.0,2025,41.887711996,-87.617139647,0
01/01/2025 11:10:00 AM,BATTERY,SIMPLE,APARTMENT,0,1031,10,22,30,08B,1150973.0,1886444.0,2025,41.844291824,-87.72144959,0
01/28/2025 06:44:00 AM,BATTERY,DOMESTIC BATTERY SIMPLE,RESIDENCE - PORCH / HALLWAY,1,733,7,17,68,08B,1171575.0,1856225.0,2025,41.760940037,-87.646729798,1
01/26/2025 09:54:00 PM,OTHER OFFENSE,OTHER CRIME AGAINST PERSON,SIDEWALK,0,1013,10,22,30,26,1150615.0,1886436.0,2025,41.844276863,-87.722763609,1
01/01/2025 05:54:00 PM,ASSAULT,AGGRAVATED - HANDGUN,RESIDENCE,0,624,6,6,44,04A,1182272.0,1852524.0,2025,41.750543123,-87.607639382,0
01/05/2025 02:00:00 AM,THEFT,THEFT FROM MOTOR VEHICLE,STREET,0,1235,12,25,31,06,1167039.0,1889518.0,2025,41.852397931,-87.662401967,0
01/03/2025 12:00:00 AM,DECEPTIVE PRACTICE,FINANCIAL IDENTITY THEFT OVER $ 300,APARTMENT,0,2512,25,29,18,11,1131571.0,1914340.0,2025,41.921199662,-87.792007111,0
01/15/2025 05:30:00 PM,CRIMINAL TRESPASS,TO LAND,SMALL RETAIL STORE,0,623,6,17,69,26,1176778.0,1852607.0,2025,41.75089628,-87.627769334,0
01/14/2025 12:52:00 PM,DECEPTIVE PRACTICE,THEFT OF LOST / MISLAID PROPERTY,RESIDENCE - YARD (FRONT / BACK),0,2432,24,49,1,11,1164144.0,1944893.0,2025,42.004411811,-87.67145855,1
01/03/2025 11:39:00 PM,BURGLARY,FORCIBLE ENTRY,APARTMENT,1,725,7,15,67,05,1165758.0,1862569.0,2025,41.778474249,-87.667869578,0
01/17/2025 04:00:00 PM,THEFT,$500 AND UNDER,STREET,0,1935,19,43,7,06,1170157.0,1917850.0,2025,41.930075366,-87.650130077,0
01/10/2025 08:00:00 AM,DECEPTIVE PRACTICE,ATTEMPT - FINANCIAL IDENTITY THEFT,APARTMENT,0,2031,20,40,4,11,1157235.0,1933762.0,2025,41.974011608,-87.697181124,0
01/29/2025 04:45:00 PM,BATTERY,DOMESTIC BATTERY SIMPLE,STREET,1,2523,25,35,21,08B,1151716.0,1918712.0,2025,41.932823993,-87.717873537,1
01/09/2025 08:56:00 PM,BATTERY,DOMESTIC BATTERY SIMPLE,RESIDENCE,1,1632,16,38,17,08B,1133056.0,1923055.0,2025,41.945088772,-87.786346471,0
01/01/2025 11:39:00 AM,BATTERY,SIMPLE,RESTAURANT,0,1434,14,32,22,08B,1160053.0,1913029.0,2025,41.917061131,-87.687393113,1
01/18/2025 11:00:00 PM,BATTERY,SIMPLE,OTHER (SPECIFY),0,915,9,11,60,08B,1172358.0,1884345.0,2025,41.838087088,-87.643032408,0
01/13/2025 03:40:00 AM,SEX OFFENSE,CRIMINAL SEXUAL ABUSE,SIDEWALK,0,1733,17,35,16,17,1156068.0,1924141.0,2025,41.947634706,-87.701733287,0
01/10/2025 12:15:00 PM,CRIMINAL DAMAGE,TO PROPERTY,RESIDENCE,1,321,3,5,43,14,1186716.0,1860027.0,2025,41.771028038,-87.591117472,0
01/25/2025 09:17:00 PM,THEFT,RETAIL THEFT,TAVERN / LIQUOR STORE,0,1111,11,28,25,06,1144216.0,1904687.0,2025,41.894482351,-87.745788678,1
01/09/2025 10:30:00 PM,THEFT,FROM BUILDING,APARTMENT,0,1413,14,35,22,06,1152266.0,1914391.0,2025,41.920955955,-87.715966658,0
01/18/2025 12:00:00 AM,CRIMINAL DAMAGE,TO VEHICLE,STREET,0,324,3,8,43,14,1186318.0,1857197.0,2025,41.763271679,-87.592665704,0
01/12/2025 07:36:00 PM,NARCOTICS,POSSESS - CANNABIS MORE THAN 30 GRAMS,STREET,0,1011,10,24,29,18,1147282.0,1892830.0,2025,41.861887194,-87.734831722,1
01/24/2025 12:00:00 AM,THEFT,THEFT FROM MOTOR VEHICLE,RESIDENCE,0,735,7,17,67,06,1163947.0,1856612.0,2025,41.762165693,-87.674676077,0
01/05/2025 01:30:00 PM,OTHER OFFENSE,TELEPHONE THREAT,APARTMENT,1,1225,12,28,28,08A,1161196.0,1895797.0,2025,41.8697514,-87.683673099,0
01/08/2025 05:00:00 PM,OTHER OFFENSE,TELEPHONE THREAT,APARTMENT,1,1124,11,28,27,08A,1155455.0,1899367.0,2025,41.879665142,-87.704654033,0
01/18/2025 06:12:00 PM,BATTERY,SIMPLE,APARTMENT,0,1834,18,2,8,08B,1177997.0,1903665.0,2025,41.890976131,-87.621752835,0
01/26/2025 10:51:00 AM,OTHER OFFENSE,OTHER VEHICLE OFFENSE,STREET,0,222,2,4,39,26,1183101.0,1874422.0,2025,41.810613999,-87.603920894,0
01/21/2025 03:40:00 PM,NARCOTICS,MANUFACTURE / DELIVER - CANNABIS OVER 10 GRAMS,SIDEWALK,0,1532,15,37,25,18,1143318.0,1902558.0,2025,41.888656952,-87.749140044,1
01/29/2025 04:40:00 AM,THEFT,$500 AND UNDER,CTA TRAIN,0,1623,16,45,15,06,,,2025,,,0
01/24/2025 10:00:00 PM,BATTERY,DOMESTIC BATTERY SIMPLE,APARTMENT,1,1135,11,28,29,08B,1157035.0,1895237.0,2025,41.868300102,-87.698964559,0
01/17/2025 04:30:00 PM,MOTOR VEHICLE THEFT,AUTOMOBILE,STREET,0,1531,15,37,25,07,1143789.0,1907547.0,2025,41.902338528,-87.747285189,0
01/01/2025 09:45:00 PM,MOTOR VEHICLE THEFT,AUTOMOBILE,STREET,0,231,2,3,40,07,1178690.0,1868597.0,2025,41.794731271,-87.620277064,0
01/27/2025 08:30:00 PM,MOTOR VEHICLE THEFT,AUTOMOBILE,PARKING LOT / GARAGE (NON RESIDENTIAL),0,1134,11,24,29,07,1155175.0,1895761.0,2025,41.869775529,-87.705778966,0
01/03/2025 09:00:00 AM,CRIMINAL TRESPASS,TO RESIDENCE,RESIDENCE,0,2432,24,49,1,26,1165745.0,1943674.0,2025,42.001032737,-87.665603433,0
01/15/2025 12:50:00 PM,CRIMINAL DAMAGE,CRIMINAL DEFACEMENT,DEPARTMENT STORE,0,111,1,34,32,14,1176352.0,1900927.0,2025,41.883500187,-87.627876698,0
01/29/2025 08:40:00 PM,MOTOR VEHICLE THEFT,AUTOMOBILE,STREET,0,2413,24,50,2,07,1158266.0,1942393.0,2025,41.997674376,-87.693152616,0
01/10/2025 08:00:00 PM,CRIMINAL DAMAGE,TO VEHICLE,STREET,0,222,2,5,39,14,1188165.0,1871757.0,2025,41.803181616,-87.585432024,0
01/26/2025 07:49:00 PM,OTHER OFFENSE,TELEPHONE THREAT,APARTMENT,1,823,8,14,66,08A,1156476.0,1862473.0,2025,41.778402881,-87.701900763,0
01/20/2025 12:00:00 AM,DECEPTIVE PRACTICE,COUNTERFEIT CHECK,OTHER (SPECIFY),0,122,1,34,32,10,1175138.0,1900243.0,2025,41.881650549,-87.632355065,0
01/19/2025 04:18:00 PM,BATTERY,SIMPLE,SMALL RETAIL STORE,0,924,9,15,61,08B,1167567.0,1873583.0,2025,41.808659359,-87.660921846,0
01/04/2025 04:30:00 AM,BATTERY,AGGRAVATED - OTHER DANGEROUS WEAPON,RESIDENCE,0,623,6,6,44,04B,1179866.0,1851871.0,2025,41.748806566,-87.616475951,0
01/17/2025 01:04:00 PM,NARCOTICS,POSSESS - PCP,SIDEWALK,0,1011,10,24,29,18,1150137.0,1893749.0,2025,41.864353945,-87.724327457,1
01/16/2025 08:09:00 PM,ARSON,BY FIRE,CONVENIENCE STORE,0,732,7,6,68,09,1172163.0,1858942.0,2025,41.768382919,-87.644495002,0
01/24/2025 04:11:00 PM,WEAPONS VIOLATION,UNLAWFUL POSSESSION - HANDGUN,ALLEY,0,623,6,6,44,15,1175188.0,1851232.0,2025,41.747158743,-87.633636815,1
01/28/2025 08:05:00 PM,ROBBERY,ATTEMPT STRONG ARM - NO WEAPON,SMALL RETAIL STORE,0,2234,22,21,75,03,1167351.0,1830170.0,2025,41.689532641,-87.662954683,0
01/10/2025 02:24:00 AM,CRIMINAL DAMAGE,TO VEHICLE,STREET,0,813,8,13,62,14,1149013.0,1866262.0,2025,41.788947619,-87.729163273,0
01/27/2025 06:50:00 PM,THEFT,RETAIL THEFT,SMALL RETAIL STORE,0,712,7,16,68,06,1171593.0,1863070.0,2025,41.779723151,-87.646463474,0
01/06/2025 04:29:00 PM,NARCOTICS,POSSESS - CRACK,ALLEY,0,122,1,42,32,18,1175093.0,1901978.0,2025,41.886412499,-87.632468271,1
01/27/2025 08:49:00 PM,WEAPONS VIOLATION,UNLAWFUL POSSESSION - HANDGUN,OTHER (SPECIFY),0,1022,10,24,29,15,1155476.0,1893284.0,2025,41.862972332,-87.704740491,1
01/12/2025 08:39:00 AM,THEFT,RETAIL THEFT,SMALL RETAIL STORE,0,933,9,20,61,06,1171764.0,1873607.0,2025,41.808634077,-87.645527495,0
01/08/2025 12:00:00 PM,THEFT,RETAIL THEFT,SMALL RETAIL STORE,0,1214,12,27,24,06,1169507.0,1905538.0,2025,41.896304737,-87.652877593,0
01/29/2025 08:31:00 AM,OTHER OFFENSE,FALSE / STOLEN / ALTERED TRP,STREET,0,1722,17,39,16,26,1146802.0,1929104.0,2025,41.961435894,-87.735665879,0
01/17/2025 03:00:00 AM,BURGLARY,FORCIBLE ENTRY,SMALL RETAIL STORE,0,1933,19,44,6,05,1168973.0,1918770.0,2025,41.932625696,-87.65445418,0
01/28/2025 08:00:00 AM,MOTOR VEHICLE THEFT,AUTOMOBILE,PARKING LOT / GARAGE (NON RESIDENTIAL),0,122,1,34,32,07,1174780.0,1898776.0,2025,41.877633028,-87.633713529,0
01/24/2025 08:00:00 PM,BURGLARY,HOME INVASION,APARTMENT,1,1522,15,29,25,05,1139957.0,1897361.0,2025,41.874457845,-87.7616102,0
01/21/2025 09:26:00 PM,ASSAULT,SIMPLE,DEPARTMENT STORE,0,922,9,15,61,08A,1161131.0,1874302.0,2025,41.810768138,-87.684507864,1
01/22/2025 06:00:00 PM,BATTERY,"AGG. DOMESTIC BATTERY - HANDS, FISTS, FEET, SERIOUS INJURY",APARTMENT,1,832,8,16,66,04B,1161086.0,1858828.0,2025,41.768306354,-87.68510086,0
01/13/2025 07:00:00 AM,THEFT,$500 AND UNDER,APARTMENT,1,2531,25,29,25,06,1138737.0,1908985.0,2025,41.906377779,-87.765807291,0
01/11/2025 12:00:00 PM,OTHER OFFENSE,HARASSMENT BY TELEPHONE,APARTMENT,0,921,9,12,58,26,1156805.0,1877949.0,2025,41.820864505,-87.700276773,0
01/08/2025 12:00:00 AM,THEFT,$500 AND UNDER,STREET,0,2413,24,40,2,06,1158892.0,1940126.0,2025,41.991440776,-87.690912351,0
01/14/2025 08:29:00 PM,OTHER OFFENSE,VEHICLE TITLE / REGISTRATION OFFENSE,STREET,0,1832,18,42,8,26,1175527.0,1904468.0,2025,41.893235456,-87.630799671,0
01/28/2025 10:45:00 AM,THEFT,THEFT FROM MOTOR VEHICLE,STREET,0,2234,22,21,75,06,1169177.0,1829457.0,2025,41.687536862,-87.656290202,0
01/23/2025 04:45:00 PM,BATTERY,SIMPLE,SMALL RETAIL STORE,0,821,8,12,58,08B,1155614.0,1875367.0,2025,41.813803157,-87.704715262,1
01/11/2025 04:30:00 PM,MOTOR VEHICLE THEFT,AUTOMOBILE,SMALL RETAIL STORE,0,124,1,28,28,07,1173307.0,1895355.0,2025,41.868278395,-87.639223526,0
01/20/2025 05:45:00 PM,THEFT,$500 AND UNDER,RESTAURANT,0,112,1,34,32,06,1176988.0,1900419.0,2025,41.882091837,-87.62555667,0
01/23/2025 09:00:00 PM,MOTOR VEHICLE THEFT,AUTOMOBILE,DRIVEWAY - RESIDENTIAL,0,825,8,16,66,07,1161089.0,1863977.0,2025,41.782435869,-87.684947566,0
01/19/2025 03:30:00 PM,BURGLARY,BURGLARY FROM MOTOR VEHICLE,PARKING LOT / GARAGE (NON RESIDENTIAL),0,123,1,4,32,06,1176456.0,1897484.0,2025,41.874050049,-87.627598768,0
01/21/2025 05:05:00 PM,MOTOR VEHICLE THEFT,AUTOMOBILE,STREET,0,2011,20,40,2,07,1158773.0,1939779.0,2025,41.990491043,-87.691359635,0
01/01/2025 09:00:00 AM,THEFT,$500 AND UNDER,STREET,0,1711,17,39,12,06,1146570.0,1941762.0,2025,41.996174759,-87.736194424,0
01/22/2025 06:22:00 AM,THEFT,$500 AND UNDER,RESIDENCE,0,523,5,9,53,06,1173907.0,1822440.0,2025,41.668177768,-87.639181185,0
01/23/2025 02:00:00 PM,ASSAULT,SIMPLE,SMALL RETAIL STORE,0,1232,12,34,28,08A,1171070.0,1899648.0,2025,41.880108035,-87.647309981,0
01/09/2025 11:20:00 PM,MOTOR VEHICLE THEFT,AUTOMOBILE,VEHICLE NON-COMMERCIAL,0,1132,11,24,26,07,1148979.0,1896576.0,2025,41.872134031,-87.728505368,0
01/09/2025 09:14:00 AM,ASSAULT,SIMPLE,APARTMENT,1,321,3,20,42,08A,1182684.0,1861922.0,2025,41.776322631,-87.605838376,0
01/09/2025 07:37:00 AM,BATTERY,DOMESTIC BATTERY SIMPLE,RESIDENCE,1,1222,12,27,27,08B,1157252.0,1900552.0,2025,41.882880585,-87.698023476,0
01/01/2025 12:15:00 PM,BATTERY,DOMESTIC BATTERY SIMPLE,APARTMENT,1,1011,10,24,29,08B,1151611.0,1892782.0,2025,41.861671564,-87.718941798,0
01/16/2025 03:40:00 PM,ASSAULT,SIMPLE,SCHOOL - PUBLIC GROUNDS,0,1532,15,28,25,08A,1142367.0,1900240.0,2025,41.882313791,-87.752690113,0
01/04/2025 07:25:00 AM,ASSAULT,SIMPLE,APARTMENT,0,311,3,20,40,08A,1178263.0,1863570.0,2025,41.780946398,-87.621995369,0
01/12/2025 02:36:00 PM,OTHER OFFENSE,HARASSMENT BY TELEPHONE,APARTMENT,0,332,3,5,43,26,1186707.0,1860391.0,2025,41.772027099,-87.591138947,0
01/16/2025 06:09:00 AM,HOMICIDE,FIRST DEGREE MURDER,APARTMENT,1,1633,16,30,15,01A,1136879.0,1922345.0,2025,41.943072654,-87.772311463,0
01/18/2025 09:20:00 PM,OTHER OFFENSE,VIOLATE ORDER OF PROTECTION,SIDEWALK,1,1915,19,46,3,26,1169166.0,1928428.0,2025,41.959123447,-87.653463411,1
01/25/2025 10:39:00 PM,THEFT,RETAIL THEFT,DEPARTMENT STORE,0,1431,14,1,22,06,1159682.0,1913243.0,2025,41.917656022,-87.688750258,1
01/14/2025 12:00:00 AM,THEFT,OVER $500,RESIDENCE,0,632,6,6,44,06,1179142.0,1846338.0,2025,41.733639879,-87.619297162,0
01/08/2025 01:00:00 PM,OTHER OFFENSE,HARASSMENT BY ELECTRONIC MEANS,RESIDENCE,1,523,5,9,53,26,1174964.0,1820191.0,2025,41.661982712,-87.635379456,0
01/21/2025 02:05:00 AM,BATTERY,SIMPLE,APARTMENT,1,934,9,16,61,08B,1166834.0,1868249.0,2025,41.794037951,-87.663762731,0
01/04/2025 05:00:00 PM,ASSAULT,SIMPLE,STREET,0,1934,19,44,6,08A,1172532.0,1919109.0,2025,41.93347785,-87.641365287,0
01/04/2025 09:35:00 AM,THEFT,RETAIL THEFT,SMALL RETAIL STORE,0,432,4,10,52,06,1204206.0,1835283.0,2025,41.702696883,-87.527856005,0
01/14/2025 08:24:00 PM,NARCOTICS,POSSESS - METHAMPHETAMINE,VEHICLE NON-COMMERCIAL,0,735,7,17,67,18,1164903.0,1858007.0,2025,41.765973624,-87.671132841,1
01/19/2025 05:30:00 AM,BATTERY,AGGRAVATED OF A SENIOR CITIZEN,RESIDENCE,1,2531,25,29,25,04B,1136136.0,1911004.0,2025,41.911964984,-87.775313677,0
01/06/2025 07:00:00 PM,THEFT,RETAIL THEFT,SMALL RETAIL STORE,0,413,4,8,48,06,1188353.0,1846118.0,2025,41.732821527,-87.585560041,0
01/22/2025 01:30:00 PM,THEFT,RETAIL THEFT,SMALL RETAIL STORE,0,2023,20,48,77,06,1167370.0,1934861.0,2025,41.976814727,-87.659880317,0
01/24/2025 05:37:00 PM,BATTERY,"AGG. PROTECTED EMPLOYEE - HANDS, FISTS, FEET, SERIOUS INJURY",CTA BUS,0,835,8,18,70,04B,1161673.0,1852174.0,2025,41.750034642,-87.683133558,0
01/12/2025 03:44:00 AM,THEFT,OVER $500,STREET,0,632,6,6,44,06,1178624.0,1849049.0,2025,41.74109097,-87.621112653,0
01/10/2025 03:32:00 PM,OFFENSE INVOLVING CHILDREN,ENDANGERING LIFE / HEALTH OF CHILD,CHA APARTMENT,0,1211,12,26,24,20,1156188.0,1907011.0,2025,41.900626231,-87.701755961,0
01/27/2025 09:50:00 AM,ASSAULT,SIMPLE,APARTMENT,1,1511,15,29,25,08A,1137759.0,1904757.0,2025,41.894793327,-87.769501996,0
01/25/2025 12:00:00 AM,DECEPTIVE PRACTICE,FINANCIAL IDENTITY THEFT OVER $ 300,RESTAURANT,0,131,1,3,33,11,1177083.0,1890123.0,2025,41.853836827,-87.625519566,0
01/23/2025 12:43:00 PM,NARCOTICS,POSSESS - CRACK,ALLEY,0,2532,25,37,25,18,1141328.0,1910138.0,2025,41.909494306,-87.756260918,1
01/08/2025 03:30:00 PM,THEFT,DELIVERY CONTAINER THEFT,WAREHOUSE,0,1034,10,12,31,06,1160795.0,1886446.0,2025,41.844099629,-87.685404348,0
01/09/2025 06:10:00 AM,CRIMINAL DAMAGE,TO PROPERTY,RESIDENCE,0,734,7,17,67,14,1168435.0,1857677.0,2025,41.764992714,-87.658196316,0
01/14/2025 04:59:00 PM,DECEPTIVE PRACTICE,FORGERY,STREET,0,1013,10,22,29,10,1147893.0,1889022.0,2025,41.851425852,-87.732686605,1
01/26/2025 07:03:00 PM,WEAPONS VIOLATION,RECKLESS FIREARM DISCHARGE,STREET,0,324,3,8,43,15,1186934.0,1856876.0,2025,41.762376249,-87.590418138,0
01/01/2025 02:45:00 AM,CRIMINAL DAMAGE,TO VEHICLE,STREET,1,1132,11,24,26,14,1149843.0,1896127.0,2025,41.870885174,-87.725344907,0
01/18/2025 02:00:00 AM,BATTERY,SIMPLE,APARTMENT,0,211,2,4,35,08B,1181143.0,1882133.0,2025,41.831818944,-87.610864733,0
01/10/2025 02:50:00 PM,BATTERY,SIMPLE,STREET,0,914,9,11,60,08B,1172771.0,1885457.0,2025,41.841129392,-87.641484059,0
01/10/2025 05:00:00 PM,BURGLARY,UNLAWFUL ENTRY,RESIDENCE,0,2221,22,18,71,05,1166109.0,1845659.0,2025,41.732063387,-87.66706289,0
01/09/2025 05:25:00 AM,CRIMINAL DAMAGE,TO PROPERTY,APARTMENT,0,222,2,4,39,14,1183103.0,1874341.0,2025,41.810391682,-87.60391608,0
01/22/2025 11:00:00 PM,BURGLARY,UNLAWFUL ENTRY,APARTMENT,0,2013,20,48,77,05,1165662.0,1936630.0,2025,41.981705594,-87.666110673,0
01/08/2025 12:04:00 AM,CRIMINAL DAMAGE,TO VEHICLE,STREET,0,1214,12,27,24,14,1171910.0,1903307.0,2025,41.890130101,-87.644117719,0
01/30/2025 12:00:00 AM,THEFT,THEFT FROM MOTOR VEHICLE,STREET,0,1533,15,28,25,06,1144189.0,1899224.0,2025,41.879491742,-87.746025164,0
01/25/2025 04:46:00 PM,CRIMINAL TRESPASS,TO RESIDENCE,APARTMENT,1,1122,11,27,23,26,1151938.0,1904018.0,2025,41.89249794,-87.71744546,0
01/18/2025 07:00:00 AM,CRIMINAL DAMAGE,TO PROPERTY,RESIDENCE,0,934,9,20,61,14,1171197.0,1870107.0,2025,41.799042141,-87.647709523,0
01/14/2025 07:10:00 PM,HOMICIDE,FIRST DEGREE MURDER,STREET,0,1122,11,37,23,01A,1150308.0,1902771.0,2025,41.889107991,-87.723464378,0
01/21/2025 09:20:00 PM,THEFT,RETAIL THEFT,GROCERY FOOD STORE,0,1922,19,32,6,06,1165085.0,1921399.0,2025,41.939923405,-87.668667203,0
01/17/2025 04:00:00 PM,BATTERY,SIMPLE,STREET,0,1512,15,29,25,08B,1138238.0,1903158.0,2025,41.890396818,-87.767781443,0
01/01/2025 04:00:00 PM,THEFT,OVER $500,STREET,0,123,1,34,32,06,1174377.0,1897616.0,2025,41.874458919,-87.635227868,0
01/09/2025 10:06:00 AM,OTHER OFFENSE,HARASSMENT BY ELECTRONIC MEANS,RESIDENCE,0,1112,11,27,23,26,1151212.0,1906026.0,2025,41.898022364,-87.720059066,0
01/24/2025 10:00:00 PM,MOTOR VEHICLE THEFT,ATTEMPT - AUTOMOBILE,DRIVEWAY - RESIDENTIAL,0,231,2,3,40,07,1179363.0,1871081.0,2025,41.801532247,-87.617733375,0
01/01/2025 08:15:00 AM,THEFT,OVER $500,STREET,0,731,7,6,69,06,1177127.0,1855680.0,2025,41.759321089,-87.626397903,0
01/24/2025 12:00:00 PM,THEFT,ATTEMPT THEFT,RESIDENCE,0,1923,19,44,6,06,1169287.0,1924338.0,2025,41.947897701,-87.653137911,0
01/01/2025 08:00:00 PM,ROBBERY,ARMED - OTHER FIREARM,SIDEWALK,0,735,7,17,67,03,1166881.0,1858647.0,2025,41.767687852,-87.663864512,0
01/24/2025 08:45:00 PM,CRIMINAL DAMAGE,TO PROPERTY,APARTMENT,1,1632,16,38,17,14,1130450.0,1922700.0,2025,41.944159847,-87.795933477,0
01/09/2025 03:55:00 AM,CRIMINAL DAMAGE,TO PROPERTY,RESTAURANT,0,1212,12,36,24,14,1161230.0,1905291.0,2025,41.895803062,-87.683284258,0
01/14/2025 06:48:00 PM,THEFT,OVER $500,CASINO/GAMBLING ESTABLISHMENT,0,1834,18,42,8,06,1176631.0,1904280.0,2025,41.892694698,-87.626750816,0
01/02/2025 08:10:00 AM,BATTERY,SIMPLE,STREET,0,1724,17,33,14,08B,1154176.0,1929065.0,2025,41.961184538,-87.708555894,0
01/13/2025 09:00:00 AM,MOTOR VEHICLE THEFT,AUTOMOBILE,STREET,0,1032,10,22,30,07,1153163.0,1884925.0,2025,41.840080404,-87.713452839,0
01/28/2025 01:00:00 PM,ASSAULT,SIMPLE,OTHER (SPECIFY),0,1412,14,35,22,08A,1154448.0,1917894.0,2025,41.930525082,-87.707855577,0
01/25/2025 10:09:00 AM,BATTERY,DOMESTIC BATTERY SIMPLE,APARTMENT,1,2433,24,48,77,08B,1167960.0,1941343.0,2025,41.994588742,-87.657522554,0
01/12/2025 11:00:00 PM,BATTERY,DOMESTIC BATTERY SIMPLE,RESIDENCE,1,822,8,14,63,08B,1155008.0,1867034.0,2025,41.790948391,-87.707160812,0
01/16/2025 09:25:00 PM,BATTERY,AGGRAVATED - KNIFE / CUTTING INSTRUMENT,CHA APARTMENT,0,533,5,10,54,04B,1183554.0,1817482.0,2025,41.654353626,-87.604029006,0
01/15/2025 07:36:00 PM,NARCOTICS,MANUFACTURE / DELIVER - CANNABIS 10 GRAMS OR LESS,STREET,0,513,5,9,49,18,1176887.0,1832416.0,2025,41.695487048,-87.627976149,1
01/01/2025 02:00:00 AM,BATTERY,DOMESTIC BATTERY SIMPLE,RESIDENCE,1,2212,22,19,72,08B,1168716.0,1834693.0,2025,41.701915232,-87.657827545,0
01/09/2025 10:00:00 PM,CRIMINAL DAMAGE,TO VEHICLE,STREET,0,1423,14,1,24,14,1159141.0,1909584.0,2025,41.907626584,-87.690838617,0
01/08/2025 10:00:00 PM,OTHER OFFENSE,OTHER CRIME AGAINST PERSON,OTHER (SPECIFY),1,1911,19,47,4,26,1158227.0,1929909.0,2025,41.963418503,-87.693639053,0
01/21/2025 08:00:00 PM,BATTERY,DOMESTIC BATTERY SIMPLE,RESIDENCE,1,2233,22,21,49,08B,1175143.0,1832624.0,2025,41.696096845,-87.634355318,0
01/23/2025 05:32:00 AM,THEFT,FROM BUILDING,APARTMENT,0,332,3,5,43,06,1189417.0,1858715.0,2025,41.767363413,-87.581258802,0
01/16/2025 06:00:00 PM,THEFT,$500 AND UNDER,RESIDENCE - PORCH / HALLWAY,0,1215,12,1,24,06,1164605.0,1904731.0,2025,41.894195542,-87.670904525,0
01/28/2025 07:00:00 PM,CRIMINAL DAMAGE,TO VEHICLE,STREET,0,1834,18,2,8,14,1178198.0,1903963.0,2025,41.891789281,-87.621005586,0
01/13/2025 09:00:00 AM,THEFT,$500 AND UNDER,STREET,0,2433,24,48,77,06,1167150.0,1942281.0,2025,41.997180136,-87.660474975,0
01/22/2025 05:30:00 PM,NARCOTICS,POSSESS - HEROIN (WHITE),APARTMENT,0,1112,11,27,23,18,1151191.0,1906684.0,2025,41.899828393,-87.720118924,1
01/04/2025 12:00:00 PM,DECEPTIVE PRACTICE,THEFT OF LABOR / SERVICES,RESTAURANT,0,2022,20,48,77,11,1167720.0,1937355.0,2025,41.983650773,-87.658520968,0
01/17/2025 08:40:00 AM,NARCOTICS,POSSESS - CRACK,SIDEWALK,0,1121,11,27,23,18,1153400.0,1905123.0,2025,41.895501245,-87.712046714,1
01/19/2025 01:00:00 PM,THEFT,$500 AND UNDER,APARTMENT,0,1133,11,28,26,06,1150911.0,1897750.0,2025,41.875318043,-87.72138139,0
01/05/2025 01:00:00 AM,BATTERY,DOMESTIC BATTERY SIMPLE,SIDEWALK,1,821,8,14,57,08B,1151504.0,1872917.0,2025,41.807161523,-87.719855368,0
01/03/2025 05:35:00 AM,THEFT,RETAIL THEFT,DEPARTMENT STORE,0,234,2,4,41,06,1185977.0,1870393.0,2025,41.799490663,-87.593499384,1
01/02/2025 11:00:00 AM,THEFT,OVER $500,STREET,0,213,2,3,38,06,1179099.0,1878287.0,2025,41.82131215,-87.618481727,0
01/19/2025 06:30:00 PM,THEFT,OVER $500,CTA TRAIN,0,2023,20,48,77,06,1167668.0,1937354.0,2025,41.983649153,-87.658712242,0
01/24/2025 03:00:00 PM,CRIMINAL SEXUAL ASSAULT,AGGRAVATED - HANDGUN,APARTMENT,0,1925,19,46,6,02,1170987.0,1926180.0,2025,41.952915022,-87.646834914,0
01/01/2025 09:00:00 AM,OTHER OFFENSE,TELEPHONE THREAT,RESIDENCE,1,2531,25,29,25,08A,1138386.0,1909649.0,2025,41.908206239,-87.767080568,0
01/15/2025 01:57:00 PM,DECEPTIVE PRACTICE,ILLEGAL USE CASH CARD,GROCERY FOOD STORE,0,524,5,21,53,11,1174316.0,1825972.0,2025,41.677861099,-87.637579966,0
01/05/2025 02:02:00 AM,CRIMINAL DAMAGE,TO PROPERTY,SMALL RETAIL STORE,0,114,1,34,32,14,1177271.0,1901522.0,2025,41.885112119,-87.624484053,0
01/10/2025 03:56:00 PM,BATTERY,DOMESTIC BATTERY SIMPLE,RESIDENCE,1,1732,17,35,16,08B,1153078.0,1923923.0,2025,41.947096433,-87.71272965,0
01/17/2025 06:05:00 PM,MOTOR VEHICLE THEFT,AUTOMOBILE,STREET,0,432,4,10,52,07,1200888.0,1833003.0,2025,41.696524877,-87.540082262,0
01/05/2025 03:15:00 PM,THEFT,$500 AND UNDER,APARTMENT,0,421,4,7,43,06,1193527.0,1854795.0,2025,41.756507031,-87.566322303,0
01/06/2025 01:50:00 AM,MOTOR VEHICLE THEFT,AUTOMOBILE,STREET,0,1125,11,27,27,07,1158701.0,1899586.0,2025,41.880200232,-87.692729156,0
01/06/2025 12:11:00 AM,DECEPTIVE PRACTICE,STATE BENEFITS FRAUD,APARTMENT,0,2524,25,35,22,11,1151447.0,1917709.0,2025,41.930076972,-87.718888508,0
01/08/2025 03:30:00 PM,DECEPTIVE PRACTICE,FRAUD OR CONFIDENCE GAME,RESIDENCE,0,931,9,15,61,11,1163525.0,1871888.0,2025,41.8040939,-87.675794617,0
01/08/2025 06:25:00 AM,ASSAULT,AGGRAVATED - KNIFE / CUTTING INSTRUMENT,RESIDENCE,1,434,4,10,51,04A,1194867.0,1835721.0,2025,41.704133403,-87.562037942,0
01/19/2025 01:00:00 AM,CRIMINAL SEXUAL ASSAULT,NON-AGGRAVATED,STREET,1,2432,24,40,1,02,1164377.0,1942660.0,2025,41.99827946,-87.670664922,0
01/09/2025 01:31:00 AM,BATTERY,DOMESTIC BATTERY SIMPLE,APARTMENT,1,2412,24,50,2,08B,1159812.0,1942646.0,2025,41.998336759,-87.687458424,0
01/11/2025 06:27:00 PM,BATTERY,SIMPLE,CTA BUS,0,132,1,3,33,08B,1177904.0,1893030.0,2025,41.861795213,-87.622417878,0
01/23/2025 12:24:00 PM,WEAPONS VIOLATION,UNLAWFUL POSSESSION - HANDGUN,STREET,0,1832,18,42,8,15,1175015.0,1904866.0,2025,41.894339078,-87.632668103,1
01/01/2025 02:00:00 AM,CRIMINAL DAMAGE,TO VEHICLE,STREET,0,613,6,17,71,14,1169400.0,1847086.0,2025,41.735908739,-87.654965372,0
01/19/2025 06:00:00 PM,OTHER OFFENSE,OTHER VEHICLE OFFENSE,STREET,1,813,8,13,64,26,,,2025,,,0
01/16/2025 05:30:00 PM,CRIMINAL TRESPASS,TO LAND,LIBRARY,0,823,8,14,66,26,1156105.0,1863802.0,2025,41.78205732,-87.70322518,0
01/08/2025 08:00:00 PM,MOTOR VEHICLE THEFT,AUTOMOBILE,STREET,0,1215,12,27,24,07,1167516.0,1905478.0,2025,41.896183191,-87.660191848,0
01/08/2025 09:00:00 AM,ASSAULT,SIMPLE,RESIDENCE,0,1233,12,28,28,08A,1167921.0,1893766.0,2025,41.864035852,-87.659042335,0
01/01/2025 02:25:00 AM,BATTERY,SIMPLE,BAR OR TAVERN,0,1831,18,42,8,08B,1175463.0,1903198.0,2025,41.889751946,-87.631072891,0
01/07/2025 07:39:00 PM,OTHER OFFENSE,HARASSMENT BY ELECTRONIC MEANS,OTHER (SPECIFY),0,1733,17,35,21,26,1157854.0,1921316.0,2025,41.939846421,-87.695245673,0
01/03/2025 09:45:00 PM,MOTOR VEHICLE THEFT,AUTOMOBILE,STREET,0,1623,16,45,15,07,1139012.0,1931358.0,2025,41.967766598,-87.764251532,0
01/06/2025 06:00:00 PM,THEFT,RETAIL THEFT,DEPARTMENT STORE,0,2521,25,31,20,06,1144951.0,1918212.0,2025,41.931582515,-87.742747165,1
01/10/2025 11:40:00 AM,DECEPTIVE PRACTICE,FINANCIAL EXPLOITATION OF AN ELDERLY OR DISABLED PERSON,APARTMENT,0,1624,16,45,15,11,1143361.0,1927818.0,2025,41.957972164,-87.748349302,0
01/01/2025 09:00:00 PM,MOTOR VEHICLE THEFT,AUTOMOBILE,STREET,0,314,3,20,42,07,1184405.0,1863856.0,2025,41.781589574,-87.599468869,0
01/20/2025 05:00:00 AM,CRIMINAL DAMAGE,TO VEHICLE,STREET,0,2535,25,26,23,14,1150776.0,1909380.0,2025,41.907234611,-87.721572616,0
01/05/2025 10:00:00 PM,MOTOR VEHICLE THEFT,AUTOMOBILE,STREET,0,1512,15,29,25,07,1137694.0,1900366.0,2025,41.88274503,-87.769846629,0
01/14/2025 11:30:00 PM,THEFT,OVER $500,STREET,1,2233,22,21,49,06,1174559.0,1832999.0,2025,41.697138887,-87.636482444,0
01/27/2025 08:30:00 PM,DECEPTIVE PRACTICE,FRAUD OR CONFIDENCE GAME,STREET,0,121,1,42,28,11,1173178.0,1899203.0,2025,41.878840427,-87.639582928,0
01/11/2025 02:15:00 PM,ROBBERY,VEHICULAR HIJACKING,STREET,0,2222,22,21,73,03,1168654.0,1842145.0,2025,41.722366012,-87.657840504,1
01/03/2025 02:21:00 PM,THEFT,$500 AND UNDER,APARTMENT,1,2531,25,29,25,06,1137069.0,1909556.0,2025,41.907974791,-87.77192087,0
01/23/2025 09:30:00 PM,CRIMINAL SEXUAL ASSAULT,NON-AGGRAVATED,HOSPITAL BUILDING / GROUNDS,0,1933,19,44,6,02,1169981.0,1920130.0,2025,41.936335635,-87.650710119,0
01/23/2025 10:14:00 PM,BATTERY,AGGRAVATED DOMESTIC BATTERY - OTHER DANGEROUS WEAPON,APARTMENT,1,331,3,5,43,04B,1192074.0,1859473.0,2025,41.769379258,-87.571495332,1
01/02/2025 04:51:00 PM,THEFT,RETAIL THEFT,DEPARTMENT STORE,0,234,2,4,41,06,1187537.0,1871358.0,2025,41.802101704,-87.587747851,0
01/20/2025 09:00:00 AM,THEFT,OVER $500,BAR OR TAVERN,0,131,1,3,33,06,1177273.0,1892452.0,2025,41.860223458,-87.624751657,0
01/01/2025 01:30:00 AM,BURGLARY,HOME INVASION,RESIDENCE,0,713,7,16,67,05,1167612.0,1867907.0,2025,41.793082799,-87.660919654,0
01/03/2025 12:30:00 PM,DECEPTIVE PRACTICE,FRAUD OR CONFIDENCE GAME,GROCERY FOOD STORE,0,2032,20,47,4,11,1163385.0,1931915.0,2025,41.968815819,-87.674618145,0
01/09/2025 08:20:00 AM,THEFT,THEFT FROM MOTOR VEHICLE,STREET,0,1414,14,1,22,06,1156450.0,1914947.0,2025,41.922397978,-87.700578573,0
01/08/2025 10:30:00 AM,THEFT,FROM BUILDING,APARTMENT,0,1413,14,35,22,06,1152302.0,1914391.0,2025,41.920955243,-87.715834385,0
01/10/2025 02:25:00 PM,MOTOR VEHICLE THEFT,AUTOMOBILE,STREET,0,715,7,15,67,07,1164009.0,1866527.0,2025,41.789372478,-87.674170297,0
01/23/2025 05:25:00 PM,DECEPTIVE PRACTICE,CREDIT CARD FRAUD,OTHER (SPECIFY),0,1923,19,46,6,11,1170231.0,1925787.0,2025,41.9518532,-87.649625519,0
01/25/2025 12:00:00 AM,ASSAULT,SIMPLE,RESIDENCE,1,533,5,10,54,08A,1183713.0,1818838.0,2025,41.658071001,-87.603405215,0
01/24/2025 03:36:00 AM,CRIMINAL DAMAGE,TO CITY OF CHICAGO PROPERTY,STREET,0,624,6,6,69,14,1182022.0,1854767.0,2025,41.756703937,-87.608486242,0
01/12/2025 10:22:00 AM,NARCOTICS,FOUND SUSPECT NARCOTICS,SIDEWALK,0,1531,15,37,25,18,1141703.0,1907504.0,2025,41.90225938,-87.754948556,1
01/15/2025 10:40:00 AM,OTHER OFFENSE,HARASSMENT BY ELECTRONIC MEANS,OTHER (SPECIFY),1,1235,12,25,31,26,1170360.0,1889613.0,2025,41.852586768,-87.650210212,0
01/29/2025 03:00:00 PM,CRIMINAL DAMAGE,TO PROPERTY,APARTMENT,0,221,2,4,39,14,1182971.0,1874433.0,2025,41.810647211,-87.604397372,0
01/16/2025 12:00:00 PM,DECEPTIVE PRACTICE,FORGERY,RESIDENCE,0,822,8,14,63,10,1155326.0,1867618.0,2025,41.792544609,-87.705979142,0
01/03/2025 12:00:00 PM,BATTERY,SIMPLE,ALLEY,0,1712,17,33,14,08B,1149081.0,1931603.0,2025,41.968249403,-87.72722196,0
01/03/2025 09:00:00 AM,DECEPTIVE PRACTICE,FORGERY,RESIDENCE,0,523,5,9,53,10,1177459.0,1824383.0,2025,41.673430417,-87.626123311,0
01/19/2025 12:30:00 AM,MOTOR VEHICLE THEFT,AUTOMOBILE,VEHICLE NON-COMMERCIAL,1,524,5,21,53,07,1173161.0,1825111.0,2025,41.675523891,-87.641832941,0
01/13/2025 10:56:00 AM,WEAPONS VIOLATION,UNLAWFUL POSSESSION - AMMUNITION,APARTMENT,0,211,2,4,35,15,1180652.0,1882807.0,2025,41.833679765,-87.612645497,1
01/26/2025 05:41:00 AM,BATTERY,DOMESTIC BATTERY SIMPLE,APARTMENT,1,1034,10,25,31,08B,1162396.0,1888059.0,2025,41.848492573,-87.679483897,0
01/18/2025 10:00:00 AM,MOTOR VEHICLE THEFT,THEFT / RECOVERY - AUTOMOBILE,STREET,0,1632,16,38,17,07,1129099.0,1923492.0,2025,41.946356322,-87.800881172,0
01/08/2025 03:00:00 PM,OTHER OFFENSE,HARASSMENT BY ELECTRONIC MEANS,APARTMENT,0,2412,24,50,2,26,1162247.0,1942516.0,2025,41.997929286,-87.678504523,0
01/18/2025 05:03:00 AM,BATTERY,DOMESTIC BATTERY SIMPLE,APARTMENT,1,212,2,4,36,08B,1181525.0,1879930.0,2025,41.825764931,-87.609531252,0
01/06/2025 02:42:00 PM,NARCOTICS,POSSESS - HEROIN (WHITE),SIDEWALK,0,1122,11,27,23,18,1152271.0,1903971.0,2025,41.892362401,-87.71622372,1
01/05/2025 03:00:00 AM,MOTOR VEHICLE THEFT,AUTOMOBILE,STREET,0,1422,14,26,23,07,1153742.0,1909109.0,2025,41.906432399,-87.710684368,0
01/02/2025 12:00:00 AM,THEFT,OVER $500,APARTMENT,0,1923,19,44,6,06,1167537.0,1924712.0,2025,41.948961902,-87.659559666,0
01/02/2025 06:00:00 PM,CRIMINAL DAMAGE,TO VEHICLE,RESIDENCE - YARD (FRONT / BACK),0,1124,11,28,27,14,1155239.0,1898952.0,2025,41.878530679,-87.705458306,0
01/04/2025 12:50:00 PM,THEFT,RETAIL THEFT,DRUG STORE,0,2413,24,40,2,06,1159208.0,1940733.0,2025,41.993099897,-87.689733236,0
01/10/2025 04:00:00 AM,CRIMINAL DAMAGE,TO PROPERTY,RESIDENCE,0,523,5,9,53,14,1178418.0,1825199.0,2025,41.675647994,-87.622588673,0
01/26/2025 01:51:00 AM,BATTERY,DOMESTIC BATTERY SIMPLE,RESIDENCE,1,824,8,15,63,08B,1159039.0,1865846.0,2025,41.787606839,-87.692412421,1
01/03/2025 01:30:00 PM,CRIMINAL TRESPASS,TO LAND,APARTMENT,0,314,3,20,42,26,1185274.0,1862873.0,2025,41.778871742,-87.59631384,0
01/18/2025 01:02:00 AM,MOTOR VEHICLE THEFT,AUTOMOBILE,PARKING LOT / GARAGE (NON RESIDENTIAL),0,915,9,11,60,07,1173801.0,1884216.0,2025,41.837701156,-87.637741232,0
01/16/2025 06:21:00 PM,THEFT,RETAIL THEFT,BARBERSHOP,0,1234,12,25,31,06,1165585.0,1891464.0,2025,41.857768985,-87.667683189,0
01/17/2025 04:00:00 PM,THEFT,$500 AND UNDER,APARTMENT,1,313,3,20,42,06,1180636.0,1864409.0,2025,41.783194497,-87.613269795,0
01/24/2025 09:15:00 AM,OTHER OFFENSE,OTHER VEHICLE OFFENSE,STREET,0,1633,16,30,17,26,1134722.0,1923301.0,2025,41.945734485,-87.780216963,0
01/23/2025 12:00:00 AM,THEFT,$500 AND UNDER,STREET,0,914,9,11,34,06,1174644.0,1885471.0,2025,41.841126202,-87.634610448,0
01/19/2025 11:00:00 PM,THEFT,$500 AND UNDER,OTHER (SPECIFY),0,234,2,4,41,06,1187157.0,1871298.0,2025,41.801946097,-87.58914335,0
01/25/2025 05:00:00 AM,CRIMINAL DAMAGE,TO VEHICLE,STREET,0,432,4,10,52,14,1201863.0,1833600.0,2025,41.698138401,-87.536492269,0
01/05/2025 09:31:00 PM,OTHER OFFENSE,VIOLATE ORDER OF PROTECTION,APARTMENT,1,1915,19,46,3,26,1170510.0,1927981.0,2025,41.957867498,-87.648535477,0
01/04/2025 12:30:00 AM,BATTERY,DOMESTIC BATTERY SIMPLE,APARTMENT,1,1225,12,28,28,08B,1160516.0,1896205.0,2025,41.870885086,-87.686158283,0
01/16/2025 12:00:00 AM,THEFT,OVER $500,VEHICLE NON-COMMERCIAL,0,1424,14,1,24,06,1160463.0,1910116.0,2025,41.909059158,-87.685967552,0
01/16/2025 07:30:00 PM,BATTERY,SIMPLE,CTA BUS,0,2012,20,40,77,08B,1165050.0,1934711.0,2025,41.976452854,-87.66841621,0
01/19/2025 01:00:00 AM,CRIMINAL SEXUAL ASSAULT,NON-AGGRAVATED,HOTEL / MOTEL,0,1824,18,43,8,02,1176046.0,1909144.0,2025,41.906054951,-87.628752556,0
01/27/2025 07:30:00 AM,THEFT,$500 AND UNDER,CTA TRAIN,0,2433,24,48,77,06,1167594.0,1939683.0,2025,41.990041584,-87.65891695,0
01/03/2025 12:33:00 PM,BATTERY,DOMESTIC BATTERY SIMPLE,RESIDENCE,1,2223,22,21,71,08B,1173169.0,1846907.0,2025,41.735335188,-87.641162432,0
01/26/2025 03:48:00 PM,ASSAULT,SIMPLE,APARTMENT,0,2431,24,49,1,08A,1166749.0,1946368.0,2025,42.008403575,-87.661832175,0
01/03/2025 09:00:00 AM,DECEPTIVE PRACTICE,FINANCIAL IDENTITY THEFT OVER $ 300,RESIDENCE,0,812,8,13,64,11,1132466.0,1863016.0,2025,41.780343052,-87.789911974,0
01/03/2025 02:30:00 PM,ASSAULT,SIMPLE,COMMERCIAL / BUSINESS OFFICE,0,2012,20,40,77,08A,1165050.0,1934711.0,2025,41.976452854,-87.66841621,0
01/21/2025 03:00:00 AM,CRIMINAL DAMAGE,TO PROPERTY,APARTMENT,1,414,4,8,46,14,1192605.0,1851349.0,2025,41.747073428,-87.569813263,0
01/13/2025 09:48:00 PM,BATTERY,SIMPLE,RESIDENCE,1,2212,22,19,75,08B,1165467.0,1830696.0,2025,41.691016103,-87.669837199,0
01/06/2025 05:45:00 PM,THEFT,RETAIL THEFT,DEPARTMENT STORE,0,1834,18,42,8,06,1176796.0,1903917.0,2025,41.891694878,-87.626155832,1
01/17/2025 12:35:00 PM,BATTERY,"PROTECTED EMPLOYEE - HANDS, FISTS, FEET, NO / MINOR INJURY",SCHOOL - PUBLIC BUILDING,0,1533,15,29,25,08B,1143347.0,1897111.0,2025,41.873709176,-87.749169703,0
01/12/2025 06:00:00 PM,CRIMINAL DAMAGE,TO PROPERTY,APARTMENT,0,2532,25,37,25,14,1140408.0,1909695.0,2025,41.908295599,-87.75965153,0
01/03/2025 02:40:00 PM,THEFT,OVER $500,PARKING LOT / GARAGE (NON RESIDENTIAL),0,2533,25,36,19,06,1144091.0,1912424.0,2025,41.915715874,-87.74605323,0
01/29/2025 11:30:00 AM,THEFT,RETAIL THEFT,COMMERCIAL / BUSINESS OFFICE,0,2512,25,36,19,06,1133317.0,1916205.0,2025,41.926287021,-87.785547998,1
01/04/2025 07:14:00 AM,BURGLARY,FORCIBLE ENTRY,SMALL RETAIL STORE,0,1224,12,27,28,05,1169980.0,1901223.0,2025,41.884453785,-87.651266342,0
01/29/2025 05:00:00 PM,THEFT,$500 AND UNDER,OTHER (SPECIFY),0,311,3,20,40,06,1179974.0,1864409.0,2025,41.783209684,-87.615696882,0
01/23/2025 06:45:00 AM,ROBBERY,AGGRAVATED VEHICULAR HIJACKING,STREET,0,523,5,9,53,03,1176447.0,1825185.0,2025,41.675653963,-87.629803336,0
01/11/2025 09:29:00 AM,ASSAULT,AGGRAVATED - HANDGUN,STREET,0,1934,19,44,6,04A,1171721.0,1920469.0,2025,41.937227668,-87.644305471,0
01/10/2025 04:00:00 PM,BATTERY,SIMPLE,SCHOOL - PUBLIC GROUNDS,0,1033,10,24,30,08B,1157723.0,1887796.0,2025,41.847867226,-87.696641335,0
01/27/2025 05:30:00 PM,THEFT,OVER $500,BARBERSHOP,1,815,8,23,62,06,1150607.0,1868962.0,2025,41.796325943,-87.723248291,0
01/22/2025 07:45:00 PM,OTHER OFFENSE,VIOLATE ORDER OF PROTECTION,APARTMENT,1,2511,25,30,19,26,1133211.0,1919736.0,2025,41.935978351,-87.785854655,0
01/01/2025 12:54:00 PM,OTHER OFFENSE,HARASSMENT BY ELECTRONIC MEANS,APARTMENT,1,114,1,42,32,26,1179256.0,1902052.0,2025,41.88652124,-87.617178654,0
01/18/2025 07:07:00 PM,NARCOTICS,MANUFACTURE / DELIVER - CANNABIS OVER 10 GRAMS,GAS STATION,0,424,4,7,46,18,1197409.0,1850508.0,2025,41.744647338,-87.552238463,1
01/12/2025 04:04:00 PM,THEFT,OVER $500,RESTAURANT,0,1812,18,43,7,06,1170470.0,1914840.0,2025,41.921808932,-87.649068157,0
01/01/2025 11:39:00 PM,OFFENSE INVOLVING CHILDREN,ENDANGERING LIFE / HEALTH OF CHILD,APARTMENT,1,1823,18,27,8,20,1172329.0,1907062.0,2025,41.900424796,-87.642467932,0
01/16/2025 03:30:00 PM,MOTOR VEHICLE THEFT,ATTEMPT - AUTOMOBILE,STREET,0,1522,15,29,25,07,1139476.0,1897462.0,2025,41.874743781,-87.763373783,0
01/11/2025 07:00:00 PM,THEFT,OVER $500,PARKING LOT / GARAGE (NON RESIDENTIAL),0,1731,17,30,16,06,1148673.0,1922113.0,2025,41.942216025,-87.728968248,0
01/21/2025 12:44:00 PM,OTHER OFFENSE,GUN OFFENDER - DUTY TO REGISTER,SIDEWALK,0,2531,25,29,25,26,1137808.0,1910823.0,2025,41.911438284,-87.769175514,1
01/16/2025 07:10:00 PM,THEFT,$500 AND UNDER,RESTAURANT,0,922,9,12,58,06,1158043.0,1873362.0,2025,41.808252074,-87.695859994,0
01/25/2025 06:00:00 AM,DECEPTIVE PRACTICE,FORGERY,APARTMENT,0,1833,18,2,8,10,1178255.0,1906686.0,2025,41.899260019,-87.620713192,0
01/09/2025 04:00:00 AM,BURGLARY,FORCIBLE ENTRY,APARTMENT,1,1133,11,24,26,05,1151219.0,1896319.0,2025,41.871385188,-87.720288053,0
01/29/2025 11:00:00 AM,THEFT,FROM BUILDING,RESIDENCE,0,2514,25,30,19,06,1136896.0,1918304.0,2025,41.931983414,-87.772346173,0
01/11/2025 10:30:00 AM,THEFT,POCKET-PICKING,STREET,0,122,1,42,32,06,1175099.0,1901781.0,2025,41.885871785,-87.632452147,0
01/25/2025 06:12:00 PM,THEFT,RETAIL THEFT,DEPARTMENT STORE,0,1822,18,27,8,06,1169206.0,1910721.0,2025,41.910533752,-87.653832316,0
01/12/2025 11:26:00 AM,INTERFERENCE WITH PUBLIC OFFICER,OBSTRUCTING JUSTICE,STREET,0,825,8,16,66,24,1159993.0,1862783.0,2025,41.779181975,-87.68899864,1
01/16/2025 04:30:00 PM,CRIMINAL TRESPASS,TO RESIDENCE,APARTMENT,0,1234,12,25,31,26,1165010.0,1890119.0,2025,41.854090394,-87.66983193,0
01/14/2025 10:00:00 AM,BATTERY,"AGGRAVATED - HANDS, FISTS, FEET, SERIOUS INJURY",SCHOOL - PUBLIC BUILDING,0,421,4,7,43,04B,1196066.0,1854156.0,2025,41.754691074,-87.557038686,0
01/25/2025 06:13:00 PM,BATTERY,AGGRAVATED - HANDGUN,VEHICLE NON-COMMERCIAL,0,215,2,3,38,04B,1178783.0,1875643.0,2025,41.814064004,-87.619721517,0
01/24/2025 09:35:00 PM,ASSAULT,SIMPLE,RESIDENCE,1,735,7,17,67,08A,1163420.0,1856895.0,2025,41.762953342,-87.676599689,0
01/21/2025 05:30:00 PM,ASSAULT,AGGRAVATED - HANDGUN,APARTMENT,1,1513,15,29,25,04A,1137519.0,1895679.0,2025,41.86988642,-87.770602086,0
01/14/2025 05:24:00 PM,ASSAULT,SIMPLE,RESIDENCE,1,613,6,17,71,08A,1171747.0,1849558.0,2025,41.742641156,-87.646294529,0
01/11/2025 12:00:00 AM,OTHER OFFENSE,HARASSMENT BY TELEPHONE,APARTMENT,0,1122,11,27,23,26,1152197.0,1903092.0,2025,41.889951797,-87.716518699,0
01/29/2025 05:00:00 PM,BATTERY,DOMESTIC BATTERY SIMPLE,RESIDENCE,1,1634,16,30,15,08B,1141435.0,1924116.0,2025,41.947849399,-87.755521801,0
01/15/2025 02:33:00 AM,OTHER OFFENSE,GUN OFFENDER - DUTY TO REGISTER,STREET,0,821,8,14,57,26,1152385.0,1872679.0,2025,41.806491115,-87.716630355,1
01/03/2025 10:13:00 PM,CRIMINAL DAMAGE,TO PROPERTY,OTHER (SPECIFY),0,1823,18,27,8,14,1172755.0,1905735.0,2025,41.896774009,-87.640942565,0
01/06/2025 02:00:00 PM,THEFT,$500 AND UNDER,RESIDENCE,0,915,9,11,60,06,1173420.0,1879719.0,2025,41.825369453,-87.639272605,0
01/13/2025 04:53:00 PM,NARCOTICS,POSSESS - METHAMPHETAMINE,GOVERNMENT BUILDING / PROPERTY,0,1654,16,41,76,18,1098012.0,1926026.0,2025,41.953783081,-87.915105451,1
01/23/2025 12:05:00 AM,NARCOTICS,MANUFACTURE / DELIVER - CANNABIS OVER 10 GRAMS,PARK PROPERTY,0,1925,19,46,6,18,1172031.0,1924865.0,2025,41.949283608,-87.643036076,1
01/15/2025 01:54:00 PM,OTHER OFFENSE,GUN OFFENDER - DUTY TO REGISTER,STREET,0,1421,14,26,23,26,1155800.0,1910485.0,2025,41.91016702,-87.703087361,1
01/24/2025 08:27:00 AM,THEFT,$500 AND UNDER,RESTAURANT,0,835,8,18,70,06,1161740.0,1852591.0,2025,41.751177563,-87.682876487,0
01/15/2025 08:00:00 AM,ASSAULT,SIMPLE,SCHOOL - PUBLIC BUILDING,0,225,2,3,40,08A,1177170.0,1870046.0,2025,41.798741929,-87.62580711,0
01/14/2025 10:30:00 AM,CRIMINAL DAMAGE,TO PROPERTY,SCHOOL - PUBLIC BUILDING,0,624,6,8,69,14,1183899.0,1853859.0,2025,41.754168689,-87.601635756,0
01/14/2025 07:00:00 PM,CRIMINAL DAMAGE,TO PROPERTY,ALLEY,0,1031,10,22,30,14,1150196.0,1883998.0,2025,41.837594839,-87.724364717,0
01/27/2025 01:15:00 AM,ROBBERY,ARMED - HANDGUN,APARTMENT,0,1024,10,24,30,03,1153750.0,1889542.0,2025,41.85273836,-87.711176035,0
01/27/2025 01:10:00 PM,ASSAULT,SIMPLE,OTHER (SPECIFY),0,1713,17,33,14,08A,1155225.0,1930687.0,2025,41.965614351,-87.704655441,0
01/13/2025 05:35:00 PM,BATTERY,SIMPLE,SIDEWALK,0,313,3,20,42,08B,1180322.0,1863768.0,2025,41.781442741,-87.61444066,0
01/05/2025 09:05:00 AM,ASSAULT,SIMPLE,CHURCH / SYNAGOGUE / PLACE OF WORSHIP,0,2024,20,46,3,08A,1168379.0,1932394.0,2025,41.97002338,-87.656241512,0
01/16/2025 12:00:00 AM,CRIMINAL SEXUAL ASSAULT,NON-AGGRAVATED,HOSPITAL BUILDING / GROUNDS,0,235,2,5,41,02,1182884.0,1867234.0,2025,41.790894592,-87.604940233,0
01/23/2025 08:23:00 PM,OTHER OFFENSE,VIOLATE ORDER OF PROTECTION,RESIDENCE,1,321,3,20,42,26,1181708.0,1861134.0,2025,41.774182884,-87.609440608,0
01/03/2025 01:34:00 AM,ROBBERY,STRONG ARM - NO WEAPON,CTA TRAIN,0,925,9,20,37,03,1175476.0,1873816.0,2025,41.809125265,-87.631906508,0
01/16/2025 02:00:00 PM,BURGLARY,UNLAWFUL ENTRY,APARTMENT,0,2033,20,47,3,05,1166516.0,1933680.0,2025,41.973592405,-87.663054812,0
01/11/2025 05:12:00 PM,NARCOTICS,POSSESS - PCP,STREET,0,1135,11,28,27,18,1157815.0,1896728.0,2025,41.872375703,-87.696060374,1
01/06/2025 01:00:00 PM,CRIMINAL DAMAGE,TO PROPERTY,RESIDENCE,1,612,6,17,71,14,1170327.0,1853408.0,2025,41.753237067,-87.651385629,0
01/07/2025 09:00:00 AM,CRIMINAL DAMAGE,TO VEHICLE,PARKING LOT / GARAGE (NON RESIDENTIAL),0,114,1,42,32,14,1178293.0,1900315.0,2025,41.881776822,-87.620767948,0
01/20/2025 02:30:00 PM,DECEPTIVE PRACTICE,ATTEMPT - FINANCIAL IDENTITY THEFT,APARTMENT,0,1915,19,46,3,11,1170129.0,1929242.0,2025,41.961336068,-87.64989918,0
01/03/2025 09:00:00 AM,MOTOR VEHICLE THEFT,AUTOMOBILE,STREET,0,111,1,42,32,07,1175800.0,1900817.0,2025,41.883210775,-87.629906972,0
01/06/2025 04:20:00 PM,THEFT,FROM BUILDING,APARTMENT,0,1823,18,27,8,06,1174359.0,1907687.0,2025,41.902094726,-87.634993034,0
01/24/2025 04:30:00 PM,OTHER OFFENSE,HARASSMENT BY ELECTRONIC MEANS,OTHER (SPECIFY),0,511,5,9,49,26,1176002.0,1840443.0,2025,41.717534122,-87.630976715,0
01/16/2025 03:38:00 PM,OTHER OFFENSE,VIOLATE ORDER OF PROTECTION,APARTMENT,1,2512,25,36,19,26,1133069.0,1913488.0,2025,41.91883559,-87.786522961,0
01/10/2025 09:44:00 PM,NARCOTICS,MANUFACTURE / DELIVER - COCAINE,SIDEWALK,0,1614,16,38,76,18,1119320.0,1929780.0,2025,41.96377246,-87.836692619,1
01/27/2025 12:00:00 AM,WEAPONS VIOLATION,UNLAWFUL POSSESSION - HANDGUN,STREET,0,424,4,10,46,15,1198019.0,1843875.0,2025,41.726430651,-87.550224537,1
01/19/2025 03:08:00 PM,ASSAULT,SIMPLE,LIBRARY,0,914,9,11,34,08A,1175371.0,1890116.0,2025,41.853856172,-87.631803395,0
01/27/2025 12:30:00 AM,THEFT,$500 AND UNDER,GAS STATION,0,131,1,34,33,06,1176963.0,1894862.0,2025,41.866843668,-87.625816668,0
01/19/2025 08:36:00 AM,ASSAULT,AGGRAVATED - HANDGUN,RESIDENCE,0,724,7,16,68,04A,1170475.0,1860093.0,2025,41.771578336,-87.650648841,0
01/09/2025 05:20:00 PM,CONCEALED CARRY LICENSE VIOLATION,PROHIBITED PLACES,AIRPORT TERMINAL UPPER LEVEL - SECURE AREA,0,813,8,13,56,15,1145654.0,1866253.0,2025,41.788987036,-87.74147999,1
01/09/2025 04:51:00 PM,BURGLARY,BURGLARY FROM MOTOR VEHICLE,STREET,0,524,5,21,53,06,1169733.0,1828294.0,2025,41.684333387,-87.654288307,0
01/14/2025 10:29:00 AM,NARCOTICS,MANUFACTURE / DELIVER - CANNABIS OVER 10 GRAMS,SIDEWALK,0,1533,15,29,25,18,1144126.0,1897572.0,2025,41.874959634,-87.746297982,1
01/20/2025 12:05:00 PM,BATTERY,DOMESTIC BATTERY SIMPLE,APARTMENT,1,732,7,6,68,08B,1173383.0,1857496.0,2025,41.764388024,-87.640065846,0
01/18/2025 04:05:00 PM,OTHER OFFENSE,FALSE / STOLEN / ALTERED TRP,STREET,0,321,3,6,42,26,1181069.0,1860491.0,2025,41.772433165,-87.611802816,0
01/18/2025 08:46:00 AM,WEAPONS VIOLATION,UNLAWFUL USE - OTHER DANGEROUS WEAPON,STREET,0,1524,15,37,25,15,1141534.0,1905169.0,2025,41.895854992,-87.755627082,1
01/16/2025 03:34:00 PM,BATTERY,SIMPLE,SCHOOL - PUBLIC GROUNDS,0,1215,12,27,24,08B,1166316.0,1905110.0,2025,41.895199124,-87.664609728,0
01/26/2025 04:05:00 PM,ASSAULT,SIMPLE,STREET,0,1414,14,1,22,08A,1157345.0,1914452.0,2025,41.921021491,-87.69730355,0
01/23/2025 08:30:00 PM,CRIMINAL DAMAGE,TO PROPERTY,RESTAURANT,0,1824,18,2,8,14,1175568.0,1908361.0,2025,41.903917122,-87.630531971,0
01/10/2025 05:00:00 PM,CRIMINAL DAMAGE,TO PROPERTY,COMMERCIAL / BUSINESS OFFICE,0,1811,18,2,7,14,1168487.0,1912658.0,2025,41.915864592,-87.656417477,0
01/28/2025 09:00:00 AM,MOTOR VEHICLE THEFT,AUTOMOBILE,STREET,1,323,3,6,69,07,1182127.0,1857901.0,2025,41.765301526,-87.608004595,0
01/23/2025 12:01:00 AM,MOTOR VEHICLE THEFT,AUTOMOBILE,STREET,0,2432,24,49,1,07,1164204.0,1943320.0,2025,42.000094189,-87.671282557,0
01/17/2025 07:20:00 PM,OTHER OFFENSE,HARASSMENT BY ELECTRONIC MEANS,APARTMENT,0,1133,11,24,26,26,1151208.0,1896632.0,2025,41.872244311,-87.720320231,0
01/03/2025 06:15:00 PM,BURGLARY,BURGLARY FROM MOTOR VEHICLE,ALLEY,0,632,6,6,44,06,1179045.0,1849740.0,2025,41.742977584,-87.61954915,0
01/11/2025 01:00:00 AM,BATTERY,DOMESTIC BATTERY SIMPLE,APARTMENT,1,2535,25,26,23,08B,1151418.0,1909979.0,2025,41.908865735,-87.719198499,0
01/06/2025 01:26:00 PM,NARCOTICS,POSSESS - HEROIN (WHITE),ALLEY,0,1112,11,27,23,18,1151587.0,1904673.0,2025,41.894302232,-87.718717316,1
01/15/2025 03:00:00 PM,SEX OFFENSE,CRIMINAL SEXUAL ABUSE,RESIDENCE,0,915,9,11,60,17,1172859.0,1882096.0,2025,41.831904573,-87.641260505,0
01/10/2025 02:12:00 PM,THEFT,RETAIL THEFT,DEPARTMENT STORE,0,1832,18,42,8,06,1175023.0,1904549.0,2025,41.893469034,-87.632648229,0
01/02/2025 11:00:00 PM,BURGLARY,FORCIBLE ENTRY,RESIDENCE - GARAGE,0,1031,10,22,30,05,1147854.0,1884728.0,2025,41.8396433,-87.732939924,0
01/22/2025 12:43:00 AM,CRIMINAL TRESPASS,TO VEHICLE,STREET,0,2031,20,47,4,26,1159497.0,1931913.0,2025,41.968891468,-87.68891427,1
01/03/2025 07:48:00 AM,CRIMINAL DAMAGE,TO CITY OF CHICAGO PROPERTY,CTA TRAIN,0,724,7,16,67,14,1169405.0,1862845.0,2025,41.779153403,-87.65449147,0
01/03/2025 07:00:00 PM,THEFT,THEFT FROM MOTOR VEHICLE,STREET,0,2535,25,26,22,06,1151402.0,1912666.0,2025,41.916239425,-87.719186597,0
01/19/2025 01:47:00 AM,ASSAULT,SIMPLE,APARTMENT,0,222,2,4,39,08A,1186235.0,1871461.0,2025,41.802415236,-87.592519489,0
01/02/2025 09:22:00 PM,NARCOTICS,POSSESS - CANNABIS MORE THAN 30 GRAMS,STREET,0,1113,11,28,26,18,1146869.0,1899295.0,2025,41.879635827,-87.736182698,1
01/04/2025 08:00:00 AM,BATTERY,SIMPLE,NURSING / RETIREMENT HOME,0,835,8,18,70,08B,1158265.0,1846779.0,2025,41.735299884,-87.695768531,0
01/01/2025 06:15:00 PM,BATTERY,AGGRAVATED DOMESTIC BATTERY - OTHER DANGEROUS WEAPON,APARTMENT,1,1723,17,33,16,04B,1151632.0,1927892.0,2025,41.958016264,-87.717940022,0
01/08/2025 08:15:00 PM,ROBBERY,ARMED - HANDGUN,RESIDENCE,0,223,2,4,38,03,1181090.0,1872425.0,2025,41.805180668,-87.611358479,0
01/08/2025 03:05:00 PM,THEFT,RETAIL THEFT,DEPARTMENT STORE,0,1424,14,1,24,06,1164808.0,1908052.0,2025,41.903304304,-87.670064675,0
01/08/2025 01:24:00 PM,BATTERY,SIMPLE,STREET,0,1631,16,38,17,08B,1127366.0,1925249.0,2025,41.9512071,-87.807211623,0
01/05/2025 10:00:00 PM,THEFT,THEFT FROM MOTOR VEHICLE,VEHICLE NON-COMMERCIAL,0,1021,10,24,29,06,1154243.0,1893666.0,2025,41.864045266,-87.70925654,0
01/03/2025 08:40:00 AM,OTHER OFFENSE,TELEPHONE THREAT,APARTMENT,0,613,6,17,71,08A,1169738.0,1850777.0,2025,41.746030039,-87.653620257,0
01/11/2025 11:36:00 PM,WEAPONS VIOLATION,UNLAWFUL POSSESSION - HANDGUN,STREET,0,2232,22,9,73,15,1174714.0,1839122.0,2025,41.713937849,-87.635733314,1
01/08/2025 03:40:00 PM,THEFT,$500 AND UNDER,RESIDENCE - PORCH / HALLWAY,0,1722,17,39,14,06,1148568.0,1930333.0,2025,41.964774375,-87.729141176,0
01/24/2025 12:52:00 PM,CRIMINAL TRESPASS,TO LAND,RESTAURANT,0,922,9,12,58,26,1158043.0,1873362.0,2025,41.808252074,-87.695859994,0
01/03/2025 10:00:00 PM,BATTERY,DOMESTIC BATTERY SIMPLE,APARTMENT,1,1123,11,28,27,08B,1154607.0,1901814.0,2025,41.886396959,-87.707702279,0
01/15/2025 05:00:00 AM,THEFT,OVER $500,CTA TRAIN,0,113,1,4,32,06,1175986.0,1898799.0,2025,41.87766908,-87.629284766,0
01/09/2025 05:10:00 PM,THEFT,RETAIL THEFT,SMALL RETAIL STORE,0,1434,14,32,24,06,1163938.0,1910686.0,2025,41.9105506,-87.673185901,0
01/11/2025 08:53:00 PM,WEAPONS VIOLATION,UNLAWFUL POSSESSION - HANDGUN,RESIDENCE,0,825,8,16,66,15,1160757.0,1863873.0,2025,41.782157342,-87.686167649,0
01/16/2025 02:00:00 PM,BATTERY,SIMPLE,STREET,0,1123,11,28,23,08B,1154714.0,1903150.0,2025,41.890060933,-87.707273553,0
01/20/2025 12:00:00 AM,OTHER OFFENSE,TELEPHONE THREAT,APARTMENT,0,414,4,8,43,08A,1189894.0,1853457.0,2025,41.752923554,-87.579679271,0
01/23/2025 07:47:00 PM,SEX OFFENSE,NON-CONSENSUAL DISSEMINATION OF PRIVATE SEXUAL IMAGES,RESIDENCE,0,1414,14,1,22,17,1155559.0,1913974.0,2025,41.919745982,-87.703878633,0
01/09/2025 02:45:00 PM,THEFT,RETAIL THEFT,DEPARTMENT STORE,0,1834,18,2,8,06,1177303.0,1905177.0,2025,41.895140898,-87.624255632,0
01/26/2025 08:08:00 PM,NARCOTICS,POSSESS - HALLUCINOGENS,STREET,0,1533,15,28,25,18,1144172.0,1899587.0,2025,41.880488177,-87.746078466,1
01/26/2025 05:38:00 PM,CRIMINAL DAMAGE,TO VEHICLE,ALLEY,0,633,6,6,49,14,1180537.0,1843774.0,2025,41.72657208,-87.614265084,0
01/13/2025 06:30:00 PM,THEFT,OVER $500,OTHER (SPECIFY),0,1654,16,41,76,06,1108491.0,1934242.0,2025,41.976182125,-87.876421145,0
01/20/2025 03:17:00 PM,THEFT,RETAIL THEFT,SMALL RETAIL STORE,0,1824,18,2,8,06,1175711.0,1908536.0,2025,41.904394115,-87.630001432,0
01/04/2025 04:00:00 PM,ASSAULT,SIMPLE,APARTMENT,0,733,7,17,68,08A,1169921.0,1856220.0,2025,41.760962384,-87.652791946,0
01/10/2025 07:35:00 PM,CRIMINAL DAMAGE,TO PROPERTY,SIDEWALK,0,1911,19,47,4,14,1159806.0,1931130.0,2025,41.966736495,-87.687799776,0
01/16/2025 04:00:00 PM,ROBBERY,STRONG ARM - NO WEAPON,STREET,0,2522,25,31,19,03,1143166.0,1915509.0,2025,41.924198765,-87.74937447,0
01/04/2025 08:11:00 PM,CRIMINAL DAMAGE,TO VEHICLE,RESIDENCE - PORCH / HALLWAY,1,523,5,21,53,14,1173517.0,1824273.0,2025,41.673216434,-87.64055457,0
01/07/2025 09:00:00 AM,BATTERY,DOMESTIC BATTERY SIMPLE,RESIDENCE,1,822,8,23,62,08B,1152037.0,1865641.0,2025,41.787184653,-87.718091461,0
01/19/2025 02:58:00 PM,NARCOTICS,POSSESS - CANNABIS MORE THAN 30 GRAMS,STREET,0,1021,10,24,29,18,1153932.0,1892921.0,2025,41.862007101,-87.710418059,1
01/01/2025 12:00:00 AM,BATTERY,SIMPLE,BAR OR TAVERN,0,914,9,11,34,08B,1173417.0,1888352.0,2025,41.849059202,-87.639027598,1
01/29/2025 04:52:00 AM,BATTERY,DOMESTIC BATTERY SIMPLE,APARTMENT,1,311,3,20,40,08B,1178263.0,1863570.0,2025,41.780946398,-87.621995369,0
01/18/2025 10:00:00 PM,BATTERY,DOMESTIC BATTERY SIMPLE,RESIDENCE,1,2222,22,21,73,08B,1170882.0,1845520.0,2025,41.731579232,-87.649581447,0
01/23/2025 03:00:00 PM,MOTOR VEHICLE THEFT,AUTOMOBILE,COMMERCIAL / BUSINESS OFFICE,0,1731,17,30,16,07,1149133.0,1922111.0,2025,41.942201625,-87.727277582,0
01/26/2025 06:00:00 PM,DECEPTIVE PRACTICE,CREDIT CARD FRAUD,DRUG STORE,0,124,1,28,28,11,1173209.0,1894980.0,2025,41.867251542,-87.639594427,0
01/05/2025 04:12:00 PM,MOTOR VEHICLE THEFT,AUTOMOBILE,STREET,0,1924,19,44,6,07,1170042.0,1922779.0,2025,41.943603269,-87.650408381,0
01/05/2025 03:01:00 AM,MOTOR VEHICLE THEFT,THEFT / RECOVERY - AUTOMOBILE,APARTMENT,1,1522,15,29,25,07,1140840.0,1899144.0,2025,41.879334442,-87.758324311,1
01/22/2025 04:14:00 PM,NARCOTICS,POSSESS - CRACK,SIDEWALK,0,1135,11,28,27,18,1158253.0,1896258.0,2025,41.871077041,-87.694465123,1
01/11/2025 10:09:00 PM,BATTERY,"PROTECTED EMPLOYEE - HANDS, FISTS, FEET, NO / MINOR INJURY",HOSPITAL BUILDING / GROUNDS,0,1211,12,26,24,08B,1156861.0,1906972.0,2025,41.900505589,-87.699285044,0
01/25/2025 10:57:00 PM,ASSAULT,AGGRAVATED POLICE OFFICER - OTHER DANGEROUS WEAPON,STREET,0,1112,11,27,23,04A,1151088.0,1905077.0,2025,41.895420644,-87.720539406,0
01/12/2025 01:12:00 PM,BATTERY,DOMESTIC BATTERY SIMPLE,APARTMENT,1,821,8,12,58,08B,1153814.0,1875052.0,2025,41.812974697,-87.711326225,0
01/09/2025 12:03:00 AM,PUBLIC PEACE VIOLATION,TIRE DEFLATION DEVICE DEPLOYMENT,STREET,0,124,1,28,28,24,1172744.0,1894970.0,2025,41.867234401,-87.641301791,0
01/13/2025 06:00:00 PM,CRIMINAL TRESPASS,TO LAND,PARKING LOT / GARAGE (NON RESIDENTIAL),0,114,1,42,32,26,1177306.0,1900580.0,2025,41.882526427,-87.624384106,0
01/24/2025 08:44:00 AM,OTHER OFFENSE,TELEPHONE THREAT,APARTMENT,0,1513,15,29,25,08A,1137164.0,1899648.0,2025,41.880784275,-87.771810089,0
01/01/2025 11:59:00 PM,CRIMINAL DAMAGE,TO VEHICLE,CTA BUS,0,1531,15,37,25,14,1144183.0,1906031.0,2025,41.89817106,-87.74587608,1
01/25/2025 03:30:00 PM,THEFT,$500 AND UNDER,GROCERY FOOD STORE,0,1533,15,28,25,06,1143578.0,1899572.0,2025,41.880458148,-87.748259978,0
01/05/2025 03:14:00 AM,CRIMINAL DAMAGE,TO PROPERTY,APARTMENT,0,411,4,8,43,14,1186990.0,1854883.0,2025,41.756905945,-87.590275988,0
01/27/2025 08:49:00 AM,BURGLARY,FORCIBLE ENTRY,RESIDENCE,0,2514,25,30,19,05,1135928.0,1917538.0,2025,41.92989875,-87.775921794,0
01/14/2025 02:16:00 PM,BATTERY,DOMESTIC BATTERY SIMPLE,APARTMENT,1,1511,15,29,25,08B,1138202.0,1904183.0,2025,41.893210199,-87.767888847,0
01/14/2025 04:05:00 AM,THEFT,OVER $500,RESIDENCE,0,433,4,10,55,06,1204544.0,1816604.0,2025,41.651431329,-87.527258234,0
01/10/2025 11:44:00 PM,WEAPONS VIOLATION,UNLAWFUL POSSESSION - HANDGUN,STREET,0,815,8,14,56,15,1145858.0,1871561.0,2025,41.803549175,-87.74059778,1
01/25/2025 03:38:00 PM,ASSAULT,SIMPLE,APARTMENT,0,612,6,17,71,08A,1170559.0,1853092.0,2025,41.752364872,-87.650544628,0
01/01/2025 07:00:00 PM,THEFT,$500 AND UNDER,APARTMENT,0,421,4,7,43,06,1195252.0,1854729.0,2025,41.756283546,-87.560002816,0
01/13/2025 06:50:00 AM,BATTERY,DOMESTIC BATTERY SIMPLE,RESIDENCE,1,735,7,17,67,08B,1166245.0,1857399.0,2025,41.764276734,-87.666231218,0
01/09/2025 08:20:00 PM,BATTERY,DOMESTIC BATTERY SIMPLE,STREET,1,131,1,34,33,08B,1177419.0,1894900.0,2025,41.866937617,-87.624141504,0
01/16/2025 10:02:00 AM,ASSAULT,AGGRAVATED - HANDGUN,RESIDENCE,0,712,7,16,68,04A,1171600.0,1867481.0,2025,41.791827281,-87.646308595,0
01/23/2025 03:15:00 PM,ROBBERY,STRONG ARM - NO WEAPON,RESTAURANT,0,731,7,6,69,03,1177024.0,1859232.0,2025,41.769070498,-87.626668445,0
01/02/2025 05:30:00 PM,MOTOR VEHICLE THEFT,AUTOMOBILE,STREET,0,422,4,7,46,07,1194235.0,1852791.0,2025,41.750990548,-87.563793363,0
01/27/2025 08:30:00 AM,DECEPTIVE PRACTICE,FRAUD OR CONFIDENCE GAME,RESIDENCE,0,2411,24,50,2,11,1157418.0,1945685.0,2025,42.006725101,-87.696181985,0
01/23/2025 01:03:00 AM,WEAPONS VIOLATION,RECKLESS FIREARM DISCHARGE,ALLEY,0,835,8,18,70,15,1162130.0,1851219.0,2025,41.747404489,-87.681485412,0
01/04/2025 05:27:00 PM,OTHER OFFENSE,HARASSMENT BY TELEPHONE,APARTMENT,0,323,3,6,69,26,1180515.0,1856486.0,2025,41.761455767,-87.613956391,0
01/25/2025 06:43:00 PM,THEFT,RETAIL THEFT,SMALL RETAIL STORE,0,1712,17,39,14,06,1144494.0,1934166.0,2025,41.975370278,-87.744023432,0
01/17/2025 10:50:00 AM,ASSAULT,SIMPLE,GAS STATION,0,1135,11,28,27,08A,1157803.0,1897162.0,2025,41.873566886,-87.696092602,0
01/04/2025 07:20:00 AM,THEFT,THEFT FROM MOTOR VEHICLE,ALLEY,0,812,8,13,64,06,1133198.0,1861019.0,2025,41.774850179,-87.787274766,0
01/03/2025 01:00:00 AM,CRIMINAL DAMAGE,TO VEHICLE,STREET,0,634,6,9,49,14,1176188.0,1844163.0,2025,41.727738136,-87.63018419,0
01/17/2025 05:07:00 PM,BATTERY,SIMPLE,RESTAURANT,0,324,3,7,43,08B,1188063.0,1857349.0,2025,41.763647371,-87.586265199,0
01/14/2025 09:10:00 PM,BATTERY,SIMPLE,STREET,0,1925,19,44,6,08B,1171684.0,1921595.0,2025,41.940318272,-87.644408194,1
01/06/2025 02:30:00 PM,BATTERY,SIMPLE,SCHOOL - PUBLIC BUILDING,0,1622,16,45,10,08B,1134900.0,1937097.0,2025,41.983588891,-87.779234753,0
01/29/2025 06:30:00 PM,MOTOR VEHICLE THEFT,AUTOMOBILE,STREET,0,225,2,3,40,07,1178081.0,1869018.0,2025,41.795900375,-87.622497476,0
01/19/2025 10:25:00 PM,WEAPONS VIOLATION,UNLAWFUL POSSESSION - HANDGUN,STREET,0,732,7,6,68,15,1172519.0,1859119.0,2025,41.768860797,-87.643184887,1
01/16/2025 04:00:00 AM,THEFT,FROM BUILDING,APARTMENT,0,1924,19,44,6,06,1167653.0,1923819.0,2025,41.946508968,-87.659159092,0
01/26/2025 12:00:00 AM,THEFT,OVER $500,APARTMENT,0,1813,18,2,7,06,1171364.0,1911305.0,2025,41.912089093,-87.645887496,0
01/17/2025 12:00:00 AM,BURGLARY,FORCIBLE ENTRY,APARTMENT,0,223,2,4,39,05,1183003.0,1873107.0,2025,41.807007819,-87.604321257,0
01/10/2025 05:45:00 PM,MOTOR VEHICLE THEFT,AUTOMOBILE,STREET,0,1121,11,26,23,07,1154660.0,1906475.0,2025,41.899186129,-87.707382781,0
01/04/2025 01:20:00 PM,ROBBERY,STRONG ARM - NO WEAPON,CTA TRAIN,0,123,1,4,32,03,1176838.0,1895074.0,2025,41.867428235,-87.626269143,0
01/21/2025 02:00:00 AM,BATTERY,SIMPLE,CTA TRAIN,0,1732,17,30,16,08B,1151466.0,1923690.0,2025,41.946488939,-87.718661096,0
01/05/2025 05:43:00 PM,ARSON,BY FIRE,ALLEY,0,2433,24,48,77,09,1167154.0,1942207.0,2025,41.996976992,-87.6604624,0
01/11/2025 11:24:00 AM,DECEPTIVE PRACTICE,FRAUD OR CONFIDENCE GAME,APARTMENT,0,1232,12,34,28,11,1170067.0,1898367.0,2025,41.876614821,-87.651030247,0
01/13/2025 01:11:00 AM,OTHER OFFENSE,VEHICLE TITLE / REGISTRATION OFFENSE,STREET,0,1122,11,28,26,26,1150239.0,1899373.0,2025,41.879784857,-87.723806409,0
01/23/2025 03:40:00 PM,DECEPTIVE PRACTICE,THEFT OF LOST / MISLAID PROPERTY,STREET,0,1233,12,28,28,11,1163257.0,1893622.0,2025,41.863739949,-87.676167707,0
01/26/2025 10:03:00 PM,NARCOTICS,POSSESSION OF DRUG EQUIPMENT,SIDEWALK,0,1012,10,24,29,18,1148699.0,1890015.0,2025,41.854135261,-87.729702744,1
01/01/2025 12:02:00 AM,BATTERY,SIMPLE,BAR OR TAVERN,0,1832,18,42,8,08B,1175651.0,1904471.0,2025,41.893240902,-87.630344179,0
01/03/2025 05:13:00 PM,OTHER OFFENSE,TELEPHONE THREAT,DEPARTMENT STORE,0,222,2,4,39,08A,1185796.0,1874102.0,2025,41.809672703,-87.594046153,0
01/15/2025 12:00:00 AM,ASSAULT,AGGRAVATED - HANDGUN,STREET,0,324,3,8,43,04A,1186922.0,1856876.0,2025,41.762376533,-87.590462119,0
01/19/2025 01:13:00 AM,BATTERY,SIMPLE,STREET,0,1022,10,24,29,08B,1155132.0,1893275.0,2025,41.86295454,-87.706003528,0
01/02/2025 10:00:00 PM,THEFT,THEFT FROM MOTOR VEHICLE,VEHICLE NON-COMMERCIAL,0,713,7,16,67,06,1167300.0,1867338.0,2025,41.791528086,-87.662080016,0
01/11/2025 12:00:00 AM,OTHER OFFENSE,FALSE / STOLEN / ALTERED TRP,STREET,0,1033,10,25,30,26,1156725.0,1888407.0,2025,41.849564124,-87.700287513,0
01/07/2025 08:00:00 PM,BATTERY,SIMPLE,RESIDENCE,0,832,8,17,66,08B,1160590.0,1857931.0,2025,41.7658551,-87.686943658,0
01/23/2025 11:46:00 AM,THEFT,RETAIL THEFT,SMALL RETAIL STORE,0,1933,19,44,6,06,1170283.0,1920956.0,2025,41.93859561,-87.649576033,0
01/20/2025 11:00:00 PM,THEFT,$500 AND UNDER,RESIDENCE,0,811,8,23,56,06,1134619.0,1868432.0,2025,41.795167937,-87.781891179,0
01/26/2025 07:00:00 PM,CRIMINAL DAMAGE,TO VEHICLE,STREET,0,324,3,7,43,14,1189959.0,1857411.0,2025,41.763772107,-87.579314074,0
01/14/2025 05:43:00 PM,THEFT,RETAIL THEFT,GROCERY FOOD STORE,0,1733,17,35,21,06,1154298.0,1923613.0,2025,41.946221444,-87.708253555,1
01/11/2025 01:35:00 PM,BATTERY,DOMESTIC BATTERY SIMPLE,APARTMENT,1,131,1,3,33,08B,1176701.0,1888182.0,2025,41.848519218,-87.626980235,0
01/15/2025 01:59:00 AM,BATTERY,SIMPLE,DEPARTMENT STORE,0,1832,18,42,8,08B,1175416.0,1904883.0,2025,41.894376732,-87.631194856,1
01/15/2025 05:13:00 PM,THEFT,OVER $500,APARTMENT,1,1013,10,22,30,06,1148790.0,1886819.0,2025,41.845363273,-87.729451227,0
01/21/2025 07:55:00 PM,ASSAULT,AGGRAVATED - HANDGUN,ALLEY,1,431,4,7,51,04A,1195141.0,1838277.0,2025,41.711140581,-87.560950671,1
01/17/2025 08:40:00 PM,BATTERY,SIMPLE,STREET,0,1433,14,1,24,08B,1166750.0,1908103.0,2025,41.903402827,-87.662929863,0
01/10/2025 11:14:00 PM,OTHER OFFENSE,VEHICLE TITLE / REGISTRATION OFFENSE,STREET,0,2533,25,36,19,26,1141845.0,1912826.0,2025,41.916860912,-87.754294994,1
01/06/2025 09:06:00 PM,BATTERY,AGGRAVATED DOMESTIC BATTERY - KNIFE / CUTTING INSTRUMENT,APARTMENT,1,513,5,9,49,04B,1181184.0,1832540.0,2025,41.69572968,-87.612239695,0
01/01/2025 12:10:00 AM,CRIMINAL DAMAGE,TO PROPERTY,APARTMENT,0,624,6,8,69,14,1183260.0,1853266.0,2025,41.752556325,-87.603995878,0
01/23/2025 01:15:00 PM,BATTERY,DOMESTIC BATTERY SIMPLE,STREET,1,734,7,17,67,08B,1168192.0,1858832.0,2025,41.768167414,-87.659053795,0
01/08/2025 09:24:00 AM,DECEPTIVE PRACTICE,WIC FRAUD,OTHER (SPECIFY),0,812,8,13,64,11,1132799.0,1863005.0,2025,41.780307084,-87.788691366,0
01/16/2025 08:28:00 PM,NARCOTICS,FOUND SUSPECT NARCOTICS,ALLEY,0,1135,11,28,27,18,1157831.0,1896133.0,2025,41.870742637,-87.69601785,1
01/19/2025 12:09:00 AM,NARCOTICS,POSSESS - CANNABIS 30 GRAMS OR LESS,STREET,0,131,1,3,33,18,1177593.0,1888318.0,2025,41.848872232,-87.623702444,1
01/25/2025 09:23:00 AM,ASSAULT,AGGRAVATED - OTHER FIREARM,OTHER COMMERCIAL TRANSPORTATION,0,124,1,34,28,04A,1172257.0,1897564.0,2025,41.874363279,-87.643013039,0
01/05/2025 05:30:00 PM,OTHER OFFENSE,LICENSE VIOLATION,GAS STATION,0,421,4,7,43,26,1195776.0,1855003.0,2025,41.75702248,-87.558073456,1
01/06/2025 11:24:00 AM,THEFT,$500 AND UNDER,RESIDENCE,0,825,8,16,66,06,1160815.0,1861860.0,2025,41.776632193,-87.68601056,0
01/02/2025 12:40:00 PM,THEFT,RETAIL THEFT,SMALL RETAIL STORE,0,824,8,14,63,06,1155991.0,1867743.0,2025,41.792874284,-87.703537299,0
01/06/2025 09:39:00 PM,HUMAN TRAFFICKING,COMMERCIAL SEX ACTS,STREET,0,1131,11,24,25,26,1145523.0,1895958.0,2025,41.870504286,-87.741209597,0
01/25/2025 06:16:00 PM,THEFT,RETAIL THEFT,DEPARTMENT STORE,0,1232,12,34,28,06,1168933.0,1898798.0,2025,41.877822179,-87.655181405,1
01/01/2025 04:20:00 AM,BATTERY,AGGRAVATED - HANDGUN,RESIDENCE,0,735,7,17,67,04B,1163554.0,1858803.0,2025,41.768186352,-87.676055116,0
01/03/2025 06:59:00 AM,ASSAULT,AGGRAVATED - HANDGUN,STREET,0,1122,11,37,26,04A,1150561.0,1902184.0,2025,41.887492263,-87.722550599,0
01/26/2025 10:18:00 PM,BATTERY,AGGRAVATED DOMESTIC BATTERY - OTHER DANGEROUS WEAPON,APARTMENT,1,334,3,7,43,04B,1194878.0,1857803.0,2025,41.764728045,-87.561272312,1
01/16/2025 08:00:00 PM,CRIMINAL TRESPASS,TO VEHICLE,RESIDENCE,0,1433,14,32,24,26,1165548.0,1911393.0,2025,41.912456498,-87.667251211,0
01/05/2025 09:55:00 AM,BATTERY,DOMESTIC BATTERY SIMPLE,APARTMENT,1,914,9,11,60,08B,1173060.0,1887019.0,2025,41.845409256,-87.64037729,1
01/04/2025 12:00:00 PM,OTHER OFFENSE,HARASSMENT BY TELEPHONE,APARTMENT,0,123,1,4,32,26,1177400.0,1896564.0,2025,41.871504164,-87.624160788,0
01/27/2025 03:00:00 PM,CRIMINAL DAMAGE,TO VEHICLE,PARKING LOT / GARAGE (NON RESIDENTIAL),0,123,1,4,32,14,1176909.0,1896905.0,2025,41.872451006,-87.625953101,0
01/14/2025 12:06:00 PM,ASSAULT,SIMPLE,SMALL RETAIL STORE,0,923,9,15,63,08A,1161020.0,1870793.0,2025,41.801141301,-87.685012091,0
01/18/2025 02:34:00 AM,OTHER OFFENSE,OTHER VEHICLE OFFENSE,STREET,0,732,7,6,68,26,1172582.0,1857446.0,2025,41.764268496,-87.643003179,1
01/06/2025 02:45:00 PM,BATTERY,DOMESTIC BATTERY SIMPLE,RESIDENCE,1,1014,10,24,29,08B,1151628.0,1892175.0,2025,41.860005552,-87.71889534,0
01/24/2025 04:25:00 PM,MOTOR VEHICLE THEFT,THEFT / RECOVERY - AUTOMOBILE,STREET,0,214,2,4,36,07,1184444.0,1877137.0,2025,41.818032768,-87.598909869,0
01/15/2025 11:35:00 AM,BATTERY,"AGGRAVATED P.O. - HANDS, FISTS, FEET, NO / MINOR INJURY",SCHOOL - PUBLIC GROUNDS,0,314,3,5,42,08B,1187940.0,1864073.0,2025,41.78210152,-87.586502002,1
01/23/2025 12:10:00 PM,CRIMINAL TRESPASS,TO LAND,LIBRARY,0,2033,20,48,3,26,1167282.0,1932906.0,2025,41.971452044,-87.660260415,1
01/17/2025 07:15:00 AM,THEFT,$500 AND UNDER,BAR OR TAVERN,0,1821,18,2,8,06,1174477.0,1908808.0,2025,41.90516817,-87.634526065,0
01/03/2025 08:02:00 PM,WEAPONS VIOLATION,UNLAWFUL POSSESSION - HANDGUN,STREET,0,1623,16,45,11,15,1138757.0,1934430.0,2025,41.976201076,-87.76511424,1
01/09/2025 01:31:00 PM,THEFT,RETAIL THEFT,SMALL RETAIL STORE,0,1922,19,32,6,06,1165066.0,1922064.0,2025,41.941748603,-87.668718084,0
01/12/2025 12:52:00 AM,WEAPONS VIOLATION,UNLAWFUL POSSESSION - HANDGUN,STREET,0,1832,18,42,8,15,1176262.0,1904268.0,2025,41.8926701,-87.628106353,1
01/24/2025 06:05:00 PM,OTHER OFFENSE,FALSE / STOLEN / ALTERED TRP,STREET,0,512,5,9,49,26,1177095.0,1836324.0,2025,41.706206481,-87.627097262,1
01/25/2025 05:00:00 PM,DECEPTIVE PRACTICE,COMPUTER FRAUD,RESIDENCE,0,2221,22,19,72,11,1163027.0,1841966.0,2025,41.72199412,-87.678456515,0
01/10/2025 11:47:00 AM,WEAPONS VIOLATION,UNLAWFUL POSSESSION - HANDGUN,STREET,0,2432,24,40,1,15,1164303.0,1942584.0,2025,41.998072486,-87.670939306,1
01/08/2025 05:01:00 PM,OTHER OFFENSE,VEHICLE TITLE / REGISTRATION OFFENSE,STREET,0,1431,14,1,22,26,1159943.0,1916472.0,2025,41.926511241,-87.687702015,1
01/03/2025 08:15:00 AM,ASSAULT,SIMPLE,APARTMENT,0,2532,25,37,25,08A,1139822.0,1910282.0,2025,41.909917129,-87.761789862,0
01/28/2025 12:30:00 AM,NARCOTICS,POSSESS - SYNTHETIC DRUGS,STREET,0,1014,10,24,29,18,1150183.0,1891089.0,2025,41.857053691,-87.724227868,1
01/03/2025 10:45:00 AM,CRIMINAL DAMAGE,TO PROPERTY,APARTMENT,1,2532,25,37,25,14,1141226.0,1907824.0,2025,41.903146309,-87.756692771,0
01/12/2025 02:27:00 PM,ASSAULT,AGGRAVATED - KNIFE / CUTTING INSTRUMENT,APARTMENT,1,631,6,8,44,04A,1184330.0,1850557.0,2025,41.745097591,-87.600159412,1
01/10/2025 12:00:00 PM,ASSAULT,SIMPLE,GAS STATION,0,935,9,20,61,08A,1171836.0,1870955.0,2025,41.801355133,-87.645341277,0
01/27/2025 08:57:00 PM,STALKING,VIOLATION OF STALKING NO CONTACT ORDER,STREET,1,1832,18,42,8,26,1175432.0,1904246.0,2025,41.892628411,-87.63115524,0
01/18/2025 10:29:00 AM,THEFT,RETAIL THEFT,SMALL RETAIL STORE,0,2531,25,29,25,06,1138712.0,1909741.0,2025,41.908452786,-87.765880756,1
01/25/2025 12:00:00 AM,ROBBERY,STRONG ARM - NO WEAPON,STREET,0,933,9,20,61,03,1166858.0,1871290.0,2025,41.802382299,-87.663587841,0
01/21/2025 02:00:00 AM,BATTERY,DOMESTIC BATTERY SIMPLE,APARTMENT,1,314,3,20,42,08B,1184146.0,1863171.0,2025,41.779715936,-87.600439817,0
01/06/2025 05:34:00 PM,CRIMINAL DAMAGE,TO PROPERTY,ALLEY,0,1012,10,24,29,14,1148989.0,1891490.0,2025,41.858177245,-87.72860019,0
01/26/2025 02:15:00 AM,OTHER OFFENSE,LICENSE VIOLATION,SMALL RETAIL STORE,0,1531,15,37,25,26,1143369.0,1904863.0,2025,41.89498119,-87.748895094,0
01/01/2025 08:00:00 AM,THEFT,OVER $500,STREET,0,1231,12,27,28,06,1164761.0,1895624.0,2025,41.869201889,-87.670589881,0
01/29/2025 01:00:00 PM,DECEPTIVE PRACTICE,THEFT OF LABOR / SERVICES,CURRENCY EXCHANGE,0,924,9,15,61,11,1166402.0,1875862.0,2025,41.814938122,-87.665129821,0
01/19/2025 12:00:00 AM,DECEPTIVE PRACTICE,CREDIT CARD FRAUD,CONVENIENCE STORE,0,1412,14,35,21,11,1153004.0,1921069.0,2025,41.939266315,-87.713077565,0
01/11/2025 05:55:00 AM,BATTERY,DOMESTIC BATTERY SIMPLE,STREET,1,114,1,42,32,08B,1179167.0,1902430.0,2025,41.887560528,-87.6174939,0
01/23/2025 09:00:00 AM,DECEPTIVE PRACTICE,FINANCIAL IDENTITY THEFT OVER $ 300,RESIDENCE,0,711,7,20,68,11,1175288.0,1866119.0,2025,41.788008141,-87.632826115,0
01/09/2025 11:02:00 AM,THEFT,$500 AND UNDER,GROCERY FOOD STORE,0,313,3,20,42,06,1181520.0,1863375.0,2025,41.780336744,-87.610060681,0
01/04/2025 11:30:00 PM,OTHER OFFENSE,VIOLATE ORDER OF PROTECTION,RESIDENCE,0,823,8,15,66,26,1156436.0,1863832.0,2025,41.782132982,-87.702010828,0
01/10/2025 07:25:00 PM,ASSAULT,SIMPLE,DRUG STORE,0,1834,18,42,8,08A,1176505.0,1904202.0,2025,41.892483509,-87.627215916,0
01/23/2025 03:59:00 PM,WEAPONS VIOLATION,UNLAWFUL POSSESSION - HANDGUN,STREET,0,2522,25,31,19,15,1145118.0,1915557.0,2025,41.92429378,-87.742200726,0
01/09/2025 06:33:00 AM,ASSAULT,SIMPLE,APARTMENT,0,234,2,5,41,08A,1188587.0,1869139.0,2025,41.795987556,-87.583968081,0
01/28/2025 03:28:00 PM,NARCOTICS,MANUFACTURE / DELIVER - CANNABIS OVER 10 GRAMS,PARKING LOT / GARAGE (NON RESIDENTIAL),0,2531,25,29,25,18,1136670.0,1910029.0,2025,41.909279917,-87.773375269,0
01/25/2025 11:01:00 PM,WEAPONS VIOLATION,UNLAWFUL POSSESSION - HANDGUN,STREET,0,2432,24,49,1,15,1167864.0,1944260.0,2025,42.00259512,-87.657791029,1
01/01/2025 08:13:00 AM,BATTERY,AGGRAVATED - HANDGUN,STREET,0,713,7,16,67,04B,1168619.0,1867414.0,2025,41.791708277,-87.65724131,0
01/01/2025 01:10:00 AM,CRIMINAL DAMAGE,TO PROPERTY,PARKING LOT / GARAGE (NON RESIDENTIAL),0,1834,18,42,8,14,1176771.0,1904213.0,2025,41.892507682,-87.626238686,0
01/06/2025 10:35:00 PM,WEAPONS VIOLATION,UNLAWFUL POSSESSION - HANDGUN,STREET,0,2424,24,49,1,15,1162899.0,1949798.0,2025,42.017897558,-87.675900335,1
01/07/2025 05:00:00 PM,OTHER OFFENSE,HARASSMENT BY ELECTRONIC MEANS,RESIDENCE,1,2533,25,37,25,26,1142570.0,1910502.0,2025,41.910470142,-87.751689223,0
01/01/2025 01:15:00 AM,DECEPTIVE PRACTICE,THEFT OF LOST / MISLAID PROPERTY,OTHER (SPECIFY),0,1821,18,2,8,11,1174673.0,1910994.0,2025,41.911162274,-87.633740611,0
01/08/2025 09:23:00 AM,BATTERY,"AGGRAVATED - HANDS, FISTS, FEET, NO / MINOR INJURY",APARTMENT,0,223,2,4,39,08B,1182985.0,1873844.0,2025,41.809030623,-87.604364347,0
01/21/2025 09:00:00 PM,THEFT,$500 AND UNDER,STREET,0,1913,19,46,3,06,1168195.0,1930423.0,2025,41.964618881,-87.656975296,0
01/14/2025 09:00:00 AM,DECEPTIVE PRACTICE,UNLAWFUL USE OF A COMPUTER,HOSPITAL BUILDING / GROUNDS,0,1022,10,25,30,11,1157372.0,1890584.0,2025,41.855524939,-87.6978538,0
01/03/2025 12:30:00 PM,CRIMINAL DAMAGE,TO PROPERTY,APARTMENT,0,1131,11,28,26,14,1146319.0,1898306.0,2025,41.876932377,-87.738227419,0
01/12/2025 03:30:00 AM,BATTERY,DOMESTIC BATTERY SIMPLE,RESIDENCE,1,624,6,6,69,08B,1180552.0,1855082.0,2025,41.757602192,-87.613863821,0
01/17/2025 12:00:00 AM,DECEPTIVE PRACTICE,ATTEMPT - FINANCIAL IDENTITY THEFT,APARTMENT,0,1914,19,46,3,11,1168776.0,1931588.0,2025,41.967803073,-87.654805207,0
01/25/2025 11:55:00 AM,CRIMINAL TRESPASS,TO LAND,SMALL RETAIL STORE,0,1832,18,42,8,26,1175023.0,1904549.0,2025,41.893469034,-87.632648229,0
01/25/2025 09:00:00 PM,MOTOR VEHICLE THEFT,ATTEMPT - AUTOMOBILE,STREET,0,823,8,15,66,07,1157746.0,1864547.0,2025,41.784068551,-87.697188584,0
01/03/2025 04:30:00 PM,CRIMINAL DAMAGE,TO VEHICLE,VEHICLE NON-COMMERCIAL,0,1822,18,27,8,14,1170994.0,1908951.0,2025,41.905637717,-87.647315925,0
01/01/2025 09:27:00 AM,WEAPONS VIOLATION,UNLAWFUL POSSESSION - HANDGUN,STREET,0,1122,11,28,26,15,1149903.0,1901428.0,2025,41.885430544,-87.724986676,0
01/19/2025 02:51:00 AM,PUBLIC PEACE VIOLATION,TIRE DEFLATION DEVICE DEPLOYMENT,STREET,0,114,1,4,32,24,1178412.0,1895425.0,2025,41.868355679,-87.620480116,1
01/04/2025 10:30:00 AM,BATTERY,SIMPLE,"VEHICLE - OTHER RIDE SHARE SERVICE (LYFT, UBER, ETC.)",0,2512,25,36,19,08B,1132733.0,1913610.0,2025,41.919176245,-87.787754631,0
01/29/2025 09:15:00 PM,CRIMINAL DAMAGE,TO VEHICLE,STREET,0,2413,24,50,2,14,1155899.0,1940618.0,2025,41.992851928,-87.701908113,0
01/27/2025 03:00:00 PM,THEFT,OVER $500,RESTAURANT,0,114,1,42,32,06,1177258.0,1901860.0,2025,41.886039903,-87.624521539,0
01/17/2025 05:39:00 PM,THEFT,FROM BUILDING,STREET,0,222,2,4,39,06,1184985.0,1875781.0,2025,41.814299104,-87.596967962,0
01/29/2025 11:10:00 AM,ASSAULT,SIMPLE,APARTMENT,1,1511,15,29,25,08A,1136180.0,1906278.0,2025,41.898995472,-87.775264985,0
01/27/2025 09:32:00 PM,THEFT,RETAIL THEFT,CONVENIENCE STORE,0,111,1,42,32,06,1176338.0,1901346.0,2025,41.884650262,-87.627915459,0
01/21/2025 12:00:00 AM,THEFT,OVER $500,APARTMENT,0,2032,20,47,4,06,1161016.0,1931853.0,2025,41.968695338,-87.683330616,0
01/11/2025 10:55:00 AM,THEFT,RETAIL THEFT,GROCERY FOOD STORE,0,411,4,8,43,06,1188123.0,1855151.0,2025,41.757614433,-87.586115266,1
01/20/2025 05:45:00 PM,ASSAULT,SIMPLE,APARTMENT,0,1135,11,28,27,08A,1156840.0,1895896.0,2025,41.870112418,-87.699662588,0
01/14/2025 11:57:00 AM,WEAPONS VIOLATION,UNLAWFUL POSSESSION - HANDGUN,STREET,0,523,5,9,53,15,1174213.0,1820663.0,2025,41.663294616,-87.638113755,1
01/13/2025 11:10:00 PM,THEFT,OVER $500,APARTMENT,1,1233,12,28,28,06,1168181.0,1893869.0,2025,41.864312885,-87.658084916,0
01/29/2025 05:30:00 PM,CRIMINAL DAMAGE,TO VEHICLE,STREET,1,522,5,9,49,14,1177967.0,1830039.0,2025,41.688939876,-87.624093584,0
01/20/2025 12:15:00 PM,THEFT,RETAIL THEFT,DRUG STORE,0,1223,12,27,28,06,1160781.0,1899960.0,2025,41.881183664,-87.685081252,0
01/08/2025 10:50:00 AM,BATTERY,AGGRAVATED PROTECTED EMPLOYEE - OTHER DANGEROUS WEAPON,CTA BUS,0,1911,19,47,4,04B,1162149.0,1931680.0,2025,41.968196955,-87.679169474,0
01/08/2025 03:19:00 PM,OTHER OFFENSE,OTHER VEHICLE OFFENSE,STREET,0,711,7,16,68,26,1172650.0,1864280.0,2025,41.783020294,-87.642552749,1
01/10/2025 12:00:00 PM,OTHER OFFENSE,HARASSMENT BY TELEPHONE,APARTMENT,0,1424,14,1,24,26,1162574.0,1909428.0,2025,41.907127255,-87.678232016,0
01/01/2025 02:00:00 AM,THEFT,FROM BUILDING,APARTMENT,0,1932,19,43,7,06,1168348.0,1917427.0,2025,41.928953995,-87.656789919,0
01/17/2025 12:00:00 PM,THEFT,OVER $500,RESTAURANT,0,1712,17,39,14,06,1148851.0,1931958.0,2025,41.96922801,-87.728058442,0
01/14/2025 07:30:00 PM,PUBLIC PEACE VIOLATION,ARSON THREAT,STREET,0,1033,10,24,30,24,1157863.0,1887277.0,2025,41.846440182,-87.696141661,0
01/19/2025 08:00:00 AM,THEFT,$500 AND UNDER,HOSPITAL BUILDING / GROUNDS,0,1023,10,28,29,06,1157917.0,1893055.0,2025,41.862294538,-87.695786038,0
01/10/2025 02:00:00 AM,THEFT,$500 AND UNDER,STREET,0,813,8,13,62,06,1148699.0,1865572.0,2025,41.7870602,-87.730332364,0
01/06/2025 07:10:00 AM,ASSAULT,AGGRAVATED - OTHER DANGEROUS WEAPON,STREET,0,833,8,18,65,04A,1148217.0,1854117.0,2025,41.755635034,-87.732393134,0
01/14/2025 02:36:00 PM,CRIMINAL TRESPASS,TO LAND,GAS STATION,0,1134,11,24,27,26,1153993.0,1897159.0,2025,41.873635421,-87.710081187,1
01/21/2025 11:28:00 PM,ASSAULT,AGGRAVATED - KNIFE / CUTTING INSTRUMENT,APARTMENT,1,1034,10,25,31,04A,1161407.0,1888220.0,2025,41.84895498,-87.683109125,0
01/16/2025 06:00:00 PM,DECEPTIVE PRACTICE,ATTEMPT - FINANCIAL IDENTITY THEFT,NURSING / RETIREMENT HOME,0,1821,18,27,8,11,1172740.0,1909425.0,2025,41.906899902,-87.640888264,0
01/28/2025 03:58:00 PM,OTHER OFFENSE,VIOLATION OF SMOKING BAN,SIDEWALK,0,131,1,3,33,26,1177496.0,1891882.0,2025,41.858654288,-87.623950378,1
01/27/2025 05:00:00 PM,ASSAULT,AGGRAVATED - HANDGUN,STREET,0,2222,22,21,73,04A,1167975.0,1842724.0,2025,41.723969469,-87.660311012,0
01/05/2025 12:50:00 AM,OTHER OFFENSE,LICENSE VIOLATION,COMMERCIAL / BUSINESS OFFICE,0,2413,24,40,2,26,1158106.0,1939768.0,2025,41.990474552,-87.693813313,0
01/18/2025 03:00:00 PM,THEFT,$500 AND UNDER,DEPARTMENT STORE,0,1934,19,44,6,06,1171721.0,1920469.0,2025,41.937227668,-87.644305471,0
01/07/2025 12:00:00 AM,OFFENSE INVOLVING CHILDREN,AGGRAVATED SEXUAL ASSAULT OF CHILD BY FAMILY MEMBER,RESIDENCE,1,2221,22,21,73,02,1167989.0,1842161.0,2025,41.722424211,-87.660275854,0
01/25/2025 03:38:00 PM,OTHER OFFENSE,OTHER VEHICLE OFFENSE,STREET,0,2533,25,37,23,26,1146819.0,1907714.0,2025,41.902739453,-87.736151141,0
01/26/2025 08:39:00 PM,NARCOTICS,POSSESSION OF DRUG EQUIPMENT,SIDEWALK,0,1135,11,28,27,18,1157831.0,1896133.0,2025,41.870742637,-87.69601785,0
01/22/2025 12:45:00 AM,CRIMINAL DAMAGE,TO PROPERTY,RESIDENCE,1,813,8,13,64,14,1145779.0,1862850.0,2025,41.77964628,-87.741107593,0
01/27/2025 12:00:00 AM,BURGLARY,FORCIBLE ENTRY,RESIDENCE,0,711,7,20,68,05,1175143.0,1865830.0,2025,41.787218336,-87.633366396,0
01/21/2025 12:00:00 PM,ASSAULT,SIMPLE,SMALL RETAIL STORE,0,2412,24,50,2,08A,1159060.0,1942416.0,2025,41.997721162,-87.690231142,0
01/09/2025 12:01:00 AM,OTHER OFFENSE,TELEPHONE THREAT,RESIDENCE,0,1632,16,38,17,08A,1132759.0,1922242.0,2025,41.942863006,-87.787457178,0
01/18/2025 12:51:00 PM,MOTOR VEHICLE THEFT,AUTOMOBILE,STREET,0,1711,17,39,13,07,1152347.0,1937826.0,2025,41.985261655,-87.715047843,0
01/27/2025 04:15:00 PM,BATTERY,"AGGRAVATED P.O. - HANDS, FISTS, FEET, NO / MINOR INJURY",ALLEY,0,1531,15,37,25,08B,1142733.0,1904851.0,2025,41.894960125,-87.751231281,1
01/13/2025 04:05:00 PM,THEFT,RETAIL THEFT,SMALL RETAIL STORE,0,1733,17,35,21,06,1153997.0,1921094.0,2025,41.939315143,-87.70942733,0
01/17/2025 05:22:00 PM,OTHER OFFENSE,GUN OFFENDER - DUTY TO REGISTER,STREET,0,1135,11,28,27,26,1156909.0,1896561.0,2025,41.871935847,-87.699391236,1
01/28/2025 12:00:00 AM,NARCOTICS,MANUFACTURE / DELIVER - CANNABIS OVER 10 GRAMS,TAVERN / LIQUOR STORE,0,611,6,17,71,18,1166922.0,1852328.0,2025,41.75034678,-87.663894471,1
01/03/2025 07:20:00 PM,BATTERY,DOMESTIC BATTERY SIMPLE,PARKING LOT / GARAGE (NON RESIDENTIAL),1,1931,19,32,7,08B,1163748.0,1915979.0,2025,41.925078949,-87.673734337,1
01/10/2025 11:00:00 AM,CRIMINAL DAMAGE,TO PROPERTY,APARTMENT,1,621,6,17,71,14,1172101.0,1853798.0,2025,41.754268506,-87.644873166,0
01/17/2025 10:00:00 AM,THEFT,$500 AND UNDER,STREET,0,1214,12,27,24,06,1168715.0,1904143.0,2025,41.892493963,-87.655826899,0
01/18/2025 02:01:00 PM,ASSAULT,SIMPLE,DEPARTMENT STORE,0,1931,19,32,7,08A,1163748.0,1915979.0,2025,41.925078949,-87.673734337,0
01/25/2025 11:30:00 AM,THEFT,$500 AND UNDER,APARTMENT,0,2413,24,50,2,06,1157200.0,1941293.0,2025,41.994677734,-87.697104113,0
01/16/2025 05:50:00 PM,DECEPTIVE PRACTICE,FRAUD OR CONFIDENCE GAME,GROCERY FOOD STORE,0,811,8,23,56,11,1137711.0,1868195.0,2025,41.794462581,-87.770558224,0
01/03/2025 08:07:00 PM,THEFT,OVER $500,DEPARTMENT STORE,0,234,2,4,41,06,1187537.0,1871358.0,2025,41.802101704,-87.587747851,0
01/08/2025 07:34:00 AM,NARCOTICS,POSSESS - HEROIN (WHITE),SIDEWALK,0,1135,11,28,27,18,1157823.0,1896437.0,2025,41.871577007,-87.696038934,1
01/05/2025 04:00:00 PM,BATTERY,SIMPLE,CONVENIENCE STORE,0,312,3,20,42,08B,1180027.0,1862432.0,2025,41.777783389,-87.615563072,0
01/01/2025 12:00:00 AM,CRIMINAL DAMAGE,TO VEHICLE,OTHER (SPECIFY),0,131,1,3,33,14,1177559.0,1889561.0,2025,41.85228388,-87.623789532,0
01/14/2025 10:15:00 AM,OTHER OFFENSE,LICENSE VIOLATION,GAS STATION,0,2211,22,19,74,26,1153491.0,1830735.0,2025,41.6913679,-87.713681763,1
01/20/2025 12:15:00 AM,ROBBERY,ARMED - HANDGUN,STREET,0,1221,12,36,24,03,1162692.0,1905336.0,2025,41.895896023,-87.677913394,0
01/12/2025 03:00:00 AM,DECEPTIVE PRACTICE,THEFT OF LOST / MISLAID PROPERTY,BAR OR TAVERN,0,813,8,13,62,11,1149219.0,1867798.0,2025,41.793158667,-87.728368301,0
01/29/2025 12:25:00 PM,OTHER OFFENSE,LICENSE VIOLATION,SMALL RETAIL STORE,0,1513,15,29,25,26,1138864.0,1899459.0,2025,41.880234943,-87.765572318,1
01/22/2025 11:44:00 PM,BATTERY,"AGGRAVATED P.O. - HANDS, FISTS, FEET, NO / MINOR INJURY",SIDEWALK,0,2223,22,21,71,08B,1173744.0,1847115.0,2025,41.735893258,-87.63904972,0
01/25/2025 12:49:00 PM,THEFT,RETAIL THEFT,DEPARTMENT STORE,0,1432,14,32,22,06,1160867.0,1917657.0,2025,41.929743818,-87.684273777,1
01/18/2025 02:36:00 PM,MOTOR VEHICLE THEFT,AUTOMOBILE,STREET,0,812,8,13,64,07,1139742.0,1864528.0,2025,41.784362971,-87.763199627,0
01/10/2025 11:50:00 AM,BATTERY,SIMPLE,APARTMENT,0,1811,18,2,7,08B,1165441.0,1915547.0,2025,41.923857611,-87.667525821,0
01/29/2025 01:04:00 PM,NARCOTICS,POSSESS - CRACK,ALLEY,0,934,9,16,61,18,1166578.0,1869406.0,2025,41.797218365,-87.664668469,1
01/10/2025 01:00:00 PM,ASSAULT,SIMPLE,APARTMENT,1,1533,15,28,25,08A,1142758.0,1900033.0,2025,41.881738489,-87.751259495,0
01/14/2025 11:00:00 AM,THEFT,OVER $500,RESTAURANT,0,1935,19,43,7,06,1172296.0,1917337.0,2025,41.928620632,-87.642285052,0
01/27/2025 04:00:00 PM,OTHER OFFENSE,VIOLATION OF CIVIL NO CONTACT ORDER,APARTMENT,0,624,6,6,69,26,1181091.0,1854736.0,2025,41.756640344,-87.611899108,0
01/14/2025 12:00:00 PM,CRIMINAL DAMAGE,TO VEHICLE,PARKING LOT / GARAGE (NON RESIDENTIAL),0,1813,18,43,7,14,1170652.0,1913056.0,2025,41.916909559,-87.648451793,0
01/10/2025 12:00:00 AM,BATTERY,SIMPLE,APARTMENT,0,1821,18,27,8,08B,1173068.0,1909520.0,2025,41.907153315,-87.639680572,0
01/14/2025 04:40:00 PM,BATTERY,SIMPLE,GROCERY FOOD STORE,0,1821,18,27,8,08B,1173175.0,1908290.0,2025,41.903775756,-87.639324074,0
01/24/2025 08:54:00 PM,THEFT,FROM BUILDING,RESIDENCE,0,1931,19,32,5,06,1163384.0,1919945.0,2025,41.935969567,-87.674959935,0
01/03/2025 04:26:00 AM,CRIMINAL DAMAGE,TO VEHICLE,STREET,0,513,5,9,49,14,1180501.0,1833192.0,2025,41.697534522,-87.614720461,0
01/08/2025 04:54:00 PM,OTHER OFFENSE,OTHER VEHICLE OFFENSE,STREET,0,324,3,8,43,26,1186262.0,1855532.0,2025,41.758704087,-87.592923477,1
01/29/2025 10:00:00 PM,OTHER OFFENSE,HARASSMENT BY TELEPHONE,RESIDENCE,0,824,8,14,63,26,1157544.0,1867362.0,2025,41.791797406,-87.697852914,0
01/06/2025 06:53:00 PM,OTHER OFFENSE,FALSE / STOLEN / ALTERED TRP,STREET,0,1031,10,22,30,26,1147980.0,1883690.0,2025,41.836792471,-87.732504198,0
01/28/2025 12:00:00 PM,OTHER OFFENSE,VIOLATE ORDER OF PROTECTION,COMMERCIAL / BUSINESS OFFICE,1,512,5,9,49,26,1181732.0,1836703.0,2025,41.707140896,-87.610105293,0
01/24/2025 01:00:00 AM,BATTERY,DOMESTIC BATTERY SIMPLE,APARTMENT,1,211,2,4,35,08B,1178310.0,1884498.0,2025,41.838373592,-87.62118727,1
01/15/2025 05:16:00 PM,NARCOTICS,POSSESS - HEROIN (WHITE),SIDEWALK,0,1135,11,28,27,18,1157471.0,1896242.0,2025,41.871049071,-87.697336573,1
01/25/2025 08:48:00 PM,CRIMINAL DAMAGE,TO VEHICLE,APARTMENT,0,223,2,4,38,14,1181077.0,1872960.0,2025,41.806649052,-87.611389675,0
01/26/2025 04:38:00 PM,CRIMINAL DAMAGE,TO PROPERTY,RESIDENCE,0,234,2,5,41,14,1186233.0,1869445.0,2025,41.796883229,-87.592590538,0
01/06/2025 07:08:00 AM,BATTERY,SIMPLE,HOTEL / MOTEL,0,633,6,8,44,08B,1183159.0,1844621.0,2025,41.728835841,-87.604634255,0
01/18/2025 09:50:00 PM,BATTERY,DOMESTIC BATTERY SIMPLE,APARTMENT,1,212,2,4,35,08B,1180162.0,1881716.0,2025,41.830697249,-87.614476891,0
01/26/2025 12:15:00 PM,BATTERY,SIMPLE,RESIDENCE - PORCH / HALLWAY,0,1222,12,27,28,08B,1158925.0,1900589.0,2025,41.882947966,-87.691879124,0
01/26/2025 10:30:00 PM,THEFT,$500 AND UNDER,CTA TRAIN,0,2433,24,48,77,06,1167594.0,1939683.0,2025,41.990041584,-87.65891695,0
01/15/2025 10:15:00 AM,NARCOTICS,MANUFACTURE / DELIVER -  HEROIN (WHITE),ALLEY,0,1121,11,27,23,18,1153379.0,1905787.0,2025,41.897323742,-87.712106184,1
01/20/2025 03:34:00 AM,THEFT,$500 AND UNDER,RESIDENCE,0,431,4,7,51,06,1195059.0,1841458.0,2025,41.719871565,-87.561146488,0
01/11/2025 12:00:00 AM,BATTERY,SIMPLE,RESTAURANT,0,124,1,28,28,08B,1173111.0,1895890.0,2025,41.869750819,-87.63992721,0
01/25/2025 05:00:00 AM,THEFT,THEFT FROM MOTOR VEHICLE,STREET,0,222,2,4,39,06,1183416.0,1873693.0,2025,41.808606225,-87.602788251,0
01/26/2025 12:30:00 AM,MOTOR VEHICLE THEFT,AUTOMOBILE,STREET,0,2032,20,40,4,07,1162695.0,1934552.0,2025,41.976066385,-87.677080976,0
01/14/2025 03:00:00 AM,BATTERY,AGGRAVATED - KNIFE / CUTTING INSTRUMENT,STREET,0,712,7,16,68,04B,1170035.0,1864052.0,2025,41.782451884,-87.652146777,0
01/13/2025 10:00:00 AM,DECEPTIVE PRACTICE,"THEFT BY LESSEE, MOTOR VEHICLE",RESIDENCE,0,1732,17,30,21,11,1149114.0,1922813.0,2025,41.944128339,-87.727329175,0
01/10/2025 08:00:00 PM,CRIMINAL DAMAGE,TO PROPERTY,APARTMENT,1,812,8,13,64,14,1136402.0,1862109.0,2025,41.777784913,-87.775503186,0
01/23/2025 07:30:00 PM,CRIMINAL DAMAGE,TO VEHICLE,STREET,0,833,8,23,65,14,1153288.0,1856398.0,2025,41.761795766,-87.713748709,0
01/26/2025 06:00:00 PM,THEFT,$500 AND UNDER,APARTMENT,1,725,7,17,67,06,1166521.0,1859362.0,2025,41.769657589,-87.665163715,0
01/28/2025 07:30:00 PM,THEFT,RETAIL THEFT,CONVENIENCE STORE,0,111,1,42,32,06,1176338.0,1901346.0,2025,41.884650262,-87.627915459,0
01/29/2025 07:21:00 PM,NARCOTICS,POSSESS - HEROIN (WHITE),RESIDENCE,0,211,2,3,35,18,1178163.0,1882297.0,2025,41.832337226,-87.621793581,1
01/21/2025 04:00:00 PM,BATTERY,DOMESTIC BATTERY SIMPLE,APARTMENT,1,1024,10,24,30,08B,1154028.0,1889550.0,2025,41.852754781,-87.710155469,0
01/19/2025 09:38:00 PM,BATTERY,DOMESTIC BATTERY SIMPLE,RESIDENCE,1,2234,22,21,75,08B,1167979.0,1828463.0,2025,41.684834911,-87.660704364,0
01/13/2025 06:00:00 AM,BATTERY,DOMESTIC BATTERY SIMPLE,RESIDENCE,1,1722,17,39,16,08B,1144175.0,1931142.0,2025,41.967078204,-87.745272852,0
01/13/2025 10:00:00 AM,OTHER OFFENSE,TELEPHONE THREAT,APARTMENT,1,1123,11,28,27,08A,1153421.0,1898476.0,2025,41.877260787,-87.712146307,0
01/06/2025 12:01:00 AM,BURGLARY,FORCIBLE ENTRY,RESTAURANT,0,1831,18,42,8,05,1175078.0,1902532.0,2025,41.887933042,-87.632506739,0
01/04/2025 01:00:00 AM,BATTERY,DOMESTIC BATTERY SIMPLE,APARTMENT,1,113,1,34,32,08B,1175999.0,1898331.0,2025,41.876384567,-87.62925113,1
01/24/2025 11:46:00 PM,NARCOTICS,POSSESS - COCAINE,STREET,0,122,1,42,32,18,1174369.0,1899091.0,2025,41.878506591,-87.635213191,1
01/06/2025 11:38:00 AM,WEAPONS VIOLATION,UNLAWFUL POSSESSION - HANDGUN,SIDEWALK,0,632,6,8,44,15,1183792.0,1849484.0,2025,41.742165726,-87.602164113,1
01/05/2025 07:00:00 PM,CRIMINAL DAMAGE,TO VEHICLE,STREET,0,624,6,6,69,14,1180682.0,1854722.0,2025,41.756611329,-87.613398433,0
01/15/2025 12:00:00 PM,THEFT,RETAIL THEFT,DEPARTMENT STORE,0,1822,18,27,8,06,1172111.0,1908362.0,2025,41.903996883,-87.643230238,1
01/12/2025 04:44:00 AM,BURGLARY,ATTEMPT FORCIBLE ENTRY,TAVERN / LIQUOR STORE,0,834,8,18,70,05,1150595.0,1851864.0,2025,41.749406503,-87.723736721,0
01/26/2025 06:35:00 PM,BURGLARY,FORCIBLE ENTRY,RESIDENCE - GARAGE,0,632,6,6,44,05,1179701.0,1847372.0,2025,41.736464555,-87.617217759,0
01/10/2025 05:21:00 PM,NARCOTICS,POSSESS - CRACK,SIDEWALK,0,1135,11,28,27,18,1157586.0,1896245.0,2025,41.871054965,-87.696914283,1
01/29/2025 03:53:00 PM,DECEPTIVE PRACTICE,FINANCIAL IDENTITY THEFT OVER $ 300,DRUG STORE,0,2524,25,35,22,11,1149541.0,1915660.0,2025,41.924491602,-87.725945966,0
01/14/2025 05:36:00 AM,ASSAULT,SIMPLE,APARTMENT,1,432,4,10,52,08A,1201799.0,1840482.0,2025,41.717024802,-87.536493427,1
01/25/2025 11:10:00 AM,THEFT,OVER $500,RESIDENCE,0,221,2,3,38,06,1180418.0,1876614.0,2025,41.816691091,-87.613694419,0
01/22/2025 07:00:00 PM,CRIMINAL DAMAGE,TO PROPERTY,CHA APARTMENT,1,1231,12,28,28,14,1166546.0,1895280.0,2025,41.868219921,-87.664046556,0
01/09/2025 09:00:00 PM,DECEPTIVE PRACTICE,FORGERY,CHURCH / SYNAGOGUE / PLACE OF WORSHIP,0,1622,16,38,15,10,1134222.0,1928797.0,2025,41.960824917,-87.781924841,0
01/08/2025 12:37:00 PM,THEFT,OVER $500,SCHOOL - PUBLIC GROUNDS,0,1212,12,1,24,06,1160197.0,1907701.0,2025,41.902437713,-87.687011559,0
01/22/2025 09:00:00 PM,THEFT,OVER $500,STREET,0,1813,18,43,7,06,1172640.0,1912573.0,2025,41.915540387,-87.641162282,0
01/06/2025 01:34:00 PM,DECEPTIVE PRACTICE,STATE BENEFITS FRAUD,SMALL RETAIL STORE,0,524,5,21,53,11,1174316.0,1825972.0,2025,41.677861099,-87.637579966,0
01/24/2025 08:00:00 AM,THEFT,THEFT FROM MOTOR VEHICLE,STREET,0,1214,12,34,28,06,1173048.0,1902595.0,2025,41.888151171,-87.63995963,0
01/27/2025 11:00:00 AM,ASSAULT,AGGRAVATED - HANDGUN,RESIDENCE,1,824,8,15,63,04A,1158024.0,1866446.0,2025,41.789274025,-87.696117723,0
01/19/2025 01:20:00 PM,ASSAULT,SIMPLE,PARKING LOT / GARAGE (NON RESIDENTIAL),1,1413,14,35,22,08A,1153500.0,1915754.0,2025,41.924671673,-87.71139632,0
01/08/2025 08:00:00 AM,BURGLARY,ATTEMPT FORCIBLE ENTRY,RESIDENCE,0,812,8,13,64,05,1130951.0,1862170.0,2025,41.778047603,-87.795485755,0
01/22/2025 11:58:00 AM,THEFT,$500 AND UNDER,CONVENIENCE STORE,0,821,8,14,57,06,1150702.0,1873176.0,2025,41.807887928,-87.722790148,0
01/21/2025 08:42:00 AM,CRIMINAL DAMAGE,TO VEHICLE,STREET,0,2213,22,19,72,14,1165343.0,1836362.0,2025,41.706567182,-87.670131443,1
01/18/2025 09:07:00 PM,LIQUOR LAW VIOLATION,LIQUOR LICENSE VIOLATION,BAR OR TAVERN,0,321,3,5,69,22,1185453.0,1858150.0,2025,41.765907195,-87.595806104,1
01/15/2025 11:44:00 AM,WEAPONS VIOLATION,UNLAWFUL POSSESSION - HANDGUN,STREET,0,624,6,6,69,15,1180881.0,1855140.0,2025,41.757753793,-87.612656309,1
01/22/2025 09:27:00 AM,NARCOTICS,POSSESS - CRACK,PARK PROPERTY,0,1523,15,37,25,18,1139827.0,1902193.0,2025,41.88771985,-87.761969397,1
01/06/2025 10:30:00 PM,ASSAULT,SIMPLE,RESIDENCE,1,432,4,10,52,08A,1202167.0,1836308.0,2025,41.705561658,-87.535287326,0
01/23/2025 09:45:00 AM,ASSAULT,SIMPLE,APARTMENT,1,312,3,20,69,08A,1180047.0,1861688.0,2025,41.775741321,-87.615512519,0
01/11/2025 02:00:00 AM,DECEPTIVE PRACTICE,FRAUD OR CONFIDENCE GAME,SMALL RETAIL STORE,0,812,8,13,64,11,1132359.0,1861994.0,2025,41.777540344,-87.790327923,0
01/28/2025 12:05:00 AM,MOTOR VEHICLE THEFT,AUTOMOBILE,STREET,0,112,1,34,32,07,1176814.0,1900257.0,2025,41.881651236,-87.626200491,0
01/01/2025 06:30:00 AM,BATTERY,DOMESTIC BATTERY SIMPLE,RESIDENCE,1,822,8,23,62,08B,1153127.0,1869232.0,2025,41.797017413,-87.714000017,0
01/01/2025 04:50:00 AM,ASSAULT,SIMPLE,APARTMENT,1,1723,17,33,16,08A,1150778.0,1926992.0,2025,41.955563385,-87.721103286,0
01/01/2025 02:50:00 AM,CRIMINAL DAMAGE,TO PROPERTY,APARTMENT,1,922,9,12,58,14,1157481.0,1873775.0,2025,41.809396821,-87.69791009,0
01/17/2025 07:00:00 AM,BURGLARY,ATTEMPT FORCIBLE ENTRY,CHA APARTMENT,0,1232,12,28,28,05,1168878.0,1894548.0,2025,41.866161043,-87.655506578,0
01/06/2025 03:00:00 PM,BURGLARY,UNLAWFUL ENTRY,WAREHOUSE,0,1612,16,41,10,05,1132320.0,1938147.0,2025,41.986515595,-87.788699154,0
01/07/2025 05:11:00 AM,NARCOTICS,POSSESSION OF DRUG EQUIPMENT,STREET,0,1131,11,24,25,18,1145126.0,1897529.0,2025,41.87482281,-87.74262744,1
01/24/2025 11:53:00 PM,CRIMINAL DAMAGE,TO PROPERTY,RESIDENCE,1,523,5,9,53,14,1177126.0,1824465.0,2025,41.673662931,-87.627339655,0
01/03/2025 01:30:00 AM,BATTERY,SIMPLE,RESIDENCE,0,1135,11,28,27,08B,1156786.0,1896559.0,2025,41.871932851,-87.699842875,0
01/18/2025 12:05:00 AM,ASSAULT,SIMPLE,RESIDENCE,0,623,6,17,44,08A,1175681.0,1851695.0,2025,41.748418256,-87.631816504,0
01/04/2025 04:00:00 PM,BATTERY,DOMESTIC BATTERY SIMPLE,APARTMENT,1,434,4,10,51,08B,1195565.0,1833787.0,2025,41.698809129,-87.559545667,0
01/26/2025 01:30:00 PM,THEFT,RETAIL THEFT,SMALL RETAIL STORE,0,2533,25,37,23,06,1146760.0,1909888.0,2025,41.908706263,-87.736312283,0
01/11/2025 03:41:00 PM,BATTERY,AGGRAVATED PROTECTED EMPLOYEE - OTHER DANGEROUS WEAPON,SIDEWALK,0,1235,12,25,31,04B,1171385.0,1889202.0,2025,41.851436512,-87.646460241,1
01/08/2025 03:00:00 PM,CRIMINAL DAMAGE,TO VEHICLE,STREET,0,914,9,11,60,14,1171891.0,1886988.0,2025,41.845349992,-87.644668277,0
01/21/2025 09:30:00 AM,BATTERY,SIMPLE,STREET,0,913,9,11,60,08B,1167368.0,1885076.0,2025,41.84020161,-87.661322019,0
01/03/2025 12:00:00 AM,OTHER OFFENSE,HARASSMENT BY TELEPHONE,RESIDENCE,1,1524,15,37,25,26,1139791.0,1906132.0,2025,41.898529608,-87.762005282,0
01/02/2025 01:00:00 PM,DECEPTIVE PRACTICE,THEFT OF LOST / MISLAID PROPERTY,STREET,0,1224,12,27,28,11,1165723.0,1901273.0,2025,41.88468277,-87.66689711,0
01/23/2025 07:20:00 AM,NARCOTICS,POSSESS - PCP,STREET,0,1131,11,24,25,18,1145128.0,1897441.0,2025,41.874581289,-87.74262232,1
01/13/2025 06:52:00 PM,BATTERY,DOMESTIC BATTERY SIMPLE,DRIVEWAY - RESIDENTIAL,1,824,8,15,63,08B,1160205.0,1866780.0,2025,41.79014593,-87.688111462,0
01/29/2025 12:00:00 AM,OTHER OFFENSE,VIOLATE ORDER OF PROTECTION,RESIDENCE,1,923,9,14,63,26,1156268.0,1869671.0,2025,41.798159412,-87.702469681,0
01/03/2025 04:00:00 AM,DECEPTIVE PRACTICE,CREDIT CARD FRAUD,GAS STATION,0,2233,22,21,73,11,1172868.0,1834259.0,2025,41.700633897,-87.642636914,0
01/18/2025 06:03:00 PM,ROBBERY,ATTEMPT ARMED - OTHER FIREARM,SIDEWALK,0,2535,25,26,23,03,1150295.0,1910355.0,2025,41.909919504,-87.72331408,0
01/06/2025 10:00:00 AM,MOTOR VEHICLE THEFT,AUTOMOBILE,STREET,0,432,4,10,52,07,1202497.0,1836310.0,2025,41.705558748,-87.53407886,0
01/05/2025 05:00:00 AM,SEX OFFENSE,NON-CONSENSUAL DISSEMINATION OF PRIVATE SEXUAL IMAGES,APARTMENT,0,713,7,16,67,17,1168636.0,1866791.0,2025,41.789998325,-87.657196941,0
01/18/2025 02:00:00 AM,THEFT,$500 AND UNDER,STREET,0,1221,12,36,24,06,1163348.0,1904028.0,2025,41.892292993,-87.67554088,0
01/20/2025 09:00:00 AM,CRIMINAL DAMAGE,TO VEHICLE,STREET,0,533,5,10,54,14,1183490.0,1818546.0,2025,41.657274888,-87.604230251,0
01/07/2025 02:58:00 AM,BATTERY,DOMESTIC BATTERY SIMPLE,APARTMENT,1,923,9,14,63,08B,1159957.0,1868698.0,2025,41.795414282,-87.688968102,0
01/12/2025 04:00:00 PM,MOTOR VEHICLE THEFT,AUTOMOBILE,STREET,0,331,3,5,42,07,1192337.0,1862034.0,2025,41.776400433,-87.570448042,0
01/03/2025 01:42:00 AM,ROBBERY,ARMED - OTHER DANGEROUS WEAPON,ATM (AUTOMATIC TELLER MACHINE),0,414,4,7,46,03,1193570.0,1852889.0,2025,41.751275763,-87.566227001,0
01/06/2025 05:40:00 PM,BATTERY,AGGRAVATED - HANDGUN,SIDEWALK,0,412,4,8,48,04B,1189322.0,1847637.0,2025,41.736966656,-87.581961622,0
01/04/2025 06:04:00 PM,BATTERY,SIMPLE,SMALL RETAIL STORE,0,1814,18,2,7,08B,1174407.0,1911058.0,2025,41.911343842,-87.63471588,0
01/20/2025 07:32:00 PM,DECEPTIVE PRACTICE,ILLEGAL USE CASH CARD,CONVENIENCE STORE,0,1824,18,2,8,11,1175711.0,1908536.0,2025,41.904394115,-87.630001432,0
01/18/2025 02:37:00 PM,THEFT,RETAIL THEFT,DEPARTMENT STORE,0,1822,18,27,8,06,1169405.0,1910555.0,2025,41.91007391,-87.653106106,1
01/01/2025 06:11:00 PM,ASSAULT,AGGRAVATED - KNIFE / CUTTING INSTRUMENT,CTA BUS,0,422,4,7,46,04A,1197125.0,1853151.0,2025,41.751906995,-87.553191248,0
01/17/2025 12:00:00 PM,DECEPTIVE PRACTICE,FINANCIAL IDENTITY THEFT $300 AND UNDER,RESIDENCE,0,2211,22,19,74,11,1154703.0,1829851.0,2025,41.688918021,-87.709267898,0
01/16/2025 04:00:00 AM,CRIMINAL DAMAGE,TO VEHICLE,STREET,0,332,3,5,43,14,1189049.0,1859873.0,2025,41.770549883,-87.582570607,0
01/18/2025 08:39:00 AM,NARCOTICS,POSSESSION OF DRUG EQUIPMENT,STREET,0,1113,11,28,25,18,1145093.0,1898559.0,2025,41.877649878,-87.74272258,1
01/03/2025 06:00:00 PM,THEFT,$500 AND UNDER,APARTMENT,0,1532,15,28,25,06,1142337.0,1901123.0,2025,41.884737409,-87.75277834,0
01/25/2025 11:00:00 PM,BATTERY,AGGRAVATED OF A CHILD,APARTMENT,1,1031,10,22,30,04B,1151794.0,1886297.0,2025,41.843872347,-87.718440499,0
01/18/2025 03:23:00 AM,THEFT,RETAIL THEFT,GAS STATION,0,1022,10,24,30,06,1155271.0,1889197.0,2025,41.851761264,-87.705602716,0
01/14/2025 06:00:00 AM,BATTERY,DOMESTIC BATTERY SIMPLE,APARTMENT,1,611,6,17,71,08B,1165053.0,1852666.0,2025,41.751314002,-87.670733822,0
01/14/2025 02:22:00 AM,THEFT,THEFT FROM MOTOR VEHICLE,APARTMENT,0,1414,14,1,22,06,1156762.0,1914684.0,2025,41.921669962,-87.699439329,0
01/29/2025 01:08:00 PM,MOTOR VEHICLE THEFT,THEFT / RECOVERY - AUTOMOBILE,OTHER (SPECIFY),0,1723,17,33,14,07,1148908.0,1929923.0,2025,41.96364272,-87.727901726,0
01/29/2025 10:00:00 AM,BATTERY,AGGRAVATED DOMESTIC BATTERY - KNIFE / CUTTING INSTRUMENT,APARTMENT,1,1013,10,22,30,04B,1152442.0,1886970.0,2025,41.845706386,-87.716044695,0
01/25/2025 07:00:00 PM,THEFT,RETAIL THEFT,SMALL RETAIL STORE,0,511,5,9,49,06,1175895.0,1836626.0,2025,41.707062135,-87.631482564,0
01/08/2025 03:30:00 AM,BURGLARY,FORCIBLE ENTRY,RESTAURANT,0,924,9,15,61,05,1166398.0,1875976.0,2025,41.815251036,-87.665141242,0
01/14/2025 04:00:00 PM,MOTOR VEHICLE THEFT,AUTOMOBILE,STREET,0,631,6,8,44,07,1184311.0,1851195.0,2025,41.746848774,-87.600209112,0
01/27/2025 08:23:00 AM,ASSAULT,SIMPLE,GOVERNMENT BUILDING / PROPERTY,0,725,7,16,67,08A,1166799.0,1861252.0,2025,41.774838063,-87.664090778,0
01/12/2025 01:00:00 AM,THEFT,POCKET-PICKING,BAR OR TAVERN,0,1824,18,2,8,06,1175901.0,1908369.0,2025,41.903931582,-87.629308553,0
01/17/2025 09:57:00 PM,ASSAULT,SIMPLE,RESIDENCE,0,414,4,7,43,08A,1193210.0,1854136.0,2025,41.754706432,-87.567505523,0
01/20/2025 11:00:00 AM,BURGLARY,FORCIBLE ENTRY,RESIDENCE,0,724,7,16,68,05,1169409.0,1862717.0,2025,41.778802068,-87.65448051,0
01/22/2025 03:00:00 PM,THEFT,$500 AND UNDER,APARTMENT,0,2033,20,47,3,06,1166374.0,1934032.0,2025,41.974561352,-87.663566859,0
01/19/2025 07:01:00 PM,THEFT,RETAIL THEFT,DEPARTMENT STORE,0,513,5,9,50,06,1185440.0,1832668.0,2025,41.695982095,-87.596653142,1
01/20/2025 12:50:00 PM,THEFT,RETAIL THEFT,SMALL RETAIL STORE,0,225,2,20,37,06,1175887.0,1869033.0,2025,41.795991039,-87.630542489,0
01/18/2025 10:09:00 PM,INTERFERENCE WITH PUBLIC OFFICER,OBSTRUCTING IDENTIFICATION,STREET,0,1223,12,27,28,24,1162770.0,1901000.0,2025,41.883996053,-87.67774859,1
01/20/2025 09:30:00 PM,WEAPONS VIOLATION,UNLAWFUL POSSESSION - HANDGUN,APARTMENT,0,1115,11,28,26,15,1148214.0,1899000.0,2025,41.878800526,-87.731251606,1
01/06/2025 09:12:00 PM,OFFENSE INVOLVING CHILDREN,ENDANGERING LIFE / HEALTH OF CHILD,VEHICLE NON-COMMERCIAL,1,726,7,16,67,20,1164033.0,1859559.0,2025,41.770250862,-87.674278114,0
01/27/2025 08:00:00 AM,THEFT,THEFT FROM MOTOR VEHICLE,PARKING LOT / GARAGE (NON RESIDENTIAL),0,511,5,8,50,06,1186531.0,1838828.0,2025,41.7128602,-87.592464611,0
01/29/2025 07:22:00 PM,DECEPTIVE PRACTICE,CREDIT CARD FRAUD,DEPARTMENT STORE,0,1832,18,42,8,11,1176195.0,1906770.0,2025,41.899537224,-87.628276903,0
01/26/2025 12:30:00 PM,MOTOR VEHICLE THEFT,"THEFT / RECOVERY - CYCLE, SCOOTER, BIKE WITH VIN",STREET,0,1421,14,26,22,07,1155202.0,1912553.0,2025,41.915853824,-87.70522855,0
01/28/2025 08:00:00 PM,CRIMINAL DAMAGE,TO PROPERTY,OTHER (SPECIFY),0,2431,24,49,1,14,,,2025,,,0
01/07/2025 07:30:00 PM,BATTERY,SIMPLE,GROCERY FOOD STORE,0,1832,18,42,8,08B,1176106.0,1905725.0,2025,41.896671699,-87.628635323,0
01/10/2025 11:55:00 PM,OTHER OFFENSE,VIOLENT OFFENDER - ANNUAL REGISTRATION,CTA BUS STOP,0,512,5,9,49,26,1178853.0,1835179.0,2025,41.7030247,-87.620694297,0
01/19/2025 12:15:00 PM,CRIMINAL DAMAGE,TO PROPERTY,RESTAURANT,0,122,1,34,32,14,1174916.0,1898956.0,2025,41.878123916,-87.633208786,0
01/27/2025 07:17:00 PM,THEFT,RETAIL THEFT,CONVENIENCE STORE,0,823,8,14,66,06,1156143.0,1862448.0,2025,41.778340981,-87.703122242,0
01/21/2025 10:42:00 AM,ASSAULT,SIMPLE,APARTMENT,1,1111,11,37,23,08A,1146633.0,1905630.0,2025,41.897024285,-87.736887579,0
01/07/2025 07:45:00 PM,OFFENSE INVOLVING CHILDREN,CHILD ABUSE,RESIDENCE,1,432,4,10,52,08B,1201448.0,1842442.0,2025,41.722412101,-87.537712612,0
01/28/2025 10:04:00 AM,HOMICIDE,FIRST DEGREE MURDER,STREET,0,2512,25,29,25,01A,1130432.0,1912718.0,2025,41.916768342,-87.796229477,0
01/08/2025 05:03:00 PM,WEAPONS VIOLATION,UNLAWFUL POSSESSION - HANDGUN,STREET,0,731,7,6,69,15,1176970.0,1857910.0,2025,41.765444001,-87.626906181,1
01/14/2025 04:00:00 PM,BATTERY,SIMPLE,SCHOOL - PUBLIC GROUNDS,0,1014,10,24,29,08B,1151008.0,1891566.0,2025,41.858346536,-87.721187148,0
01/24/2025 09:00:00 PM,THEFT,THEFT FROM MOTOR VEHICLE,STREET,0,2011,20,40,2,06,1158648.0,1937271.0,2025,41.983611555,-87.691888504,0
01/04/2025 12:00:00 PM,THEFT,$500 AND UNDER,APARTMENT,0,313,3,20,42,06,1182179.0,1865389.0,2025,41.785848109,-87.607582382,0
01/24/2025 11:03:00 PM,ROBBERY,ARMED - HANDGUN,APARTMENT,0,2232,22,21,49,03,1173800.0,1836245.0,2025,41.706063215,-87.639165667,0
01/28/2025 11:05:00 PM,MOTOR VEHICLE THEFT,THEFT / RECOVERY - AUTOMOBILE,ALLEY,0,2222,22,21,73,07,,,2025,,,0
01/08/2025 11:58:00 AM,THEFT,$500 AND UNDER,APARTMENT,0,613,6,17,71,06,1171158.0,1847551.0,2025,41.737146558,-87.648511151,0
01/23/2025 02:00:00 AM,BURGLARY,ATTEMPT FORCIBLE ENTRY,SMALL RETAIL STORE,0,1611,16,41,9,05,1127387.0,1947552.0,2025,42.01240843,-87.806630279,0
01/21/2025 02:00:00 AM,THEFT,FROM BUILDING,RESIDENCE,1,1623,16,45,15,06,1141368.0,1930099.0,2025,41.964268527,-87.755619822,0
01/09/2025 06:04:00 AM,BURGLARY,UNLAWFUL ENTRY,APARTMENT,0,1623,16,45,15,05,1141925.0,1929116.0,2025,41.961560767,-87.753596321,0
01/19/2025 11:14:00 AM,ASSAULT,AGGRAVATED - HANDGUN,APARTMENT,0,1113,11,28,26,04A,1146803.0,1898643.0,2025,41.877847922,-87.736441693,0
01/01/2025 02:59:00 AM,BATTERY,"AGGRAVATED P.O. - HANDS, FISTS, FEET, NO / MINOR INJURY",APARTMENT,1,434,4,10,51,08B,1194209.0,1835544.0,2025,41.703663843,-87.564453166,1
01/27/2025 03:20:00 PM,ASSAULT,SIMPLE,STREET,0,732,7,6,68,08A,1172579.0,1857554.0,2025,41.764564927,-87.643010998,0
01/12/2025 01:36:00 PM,WEAPONS VIOLATION,UNLAWFUL POSSESSION - HANDGUN,APARTMENT,0,1013,10,22,30,15,1150095.0,1887578.0,2025,41.847420785,-87.724642233,1
01/15/2025 08:20:00 AM,THEFT,RETAIL THEFT,SMALL RETAIL STORE,0,2524,25,35,22,06,1149541.0,1915660.0,2025,41.924491602,-87.725945966,0
01/12/2025 01:23:00 AM,ASSAULT,AGGRAVATED - HANDGUN,APARTMENT,0,911,9,12,58,04A,1157663.0,1879172.0,2025,41.824203178,-87.697095972,0
01/15/2025 12:00:00 AM,CRIMINAL DAMAGE,TO VEHICLE,APARTMENT,0,914,9,11,60,14,1172437.0,1885346.0,2025,41.840832175,-87.642712987,0
01/28/2025 03:15:00 PM,THEFT,FROM BUILDING,RESIDENCE,0,1631,16,38,17,06,1120714.0,1924412.0,2025,41.949019717,-87.831682725,0
01/29/2025 03:00:00 PM,THEFT,RETAIL THEFT,SMALL RETAIL STORE,0,914,9,11,34,06,1174359.0,1889753.0,2025,41.852882701,-87.635528609,0
01/07/2025 10:55:00 PM,ROBBERY,ATTEMPT ARMED - HANDGUN,PARKING LOT / GARAGE (NON RESIDENTIAL),0,2531,25,29,25,03,1136141.0,1907537.0,2025,41.902451022,-87.775378157,0
01/14/2025 12:00:00 AM,BATTERY,DOMESTIC BATTERY SIMPLE,APARTMENT,1,1722,17,39,16,08B,1146430.0,1929174.0,2025,41.961635091,-87.737031777,0
01/03/2025 10:00:00 AM,THEFT,POCKET-PICKING,STREET,0,111,1,34,32,06,1177144.0,1900833.0,2025,41.883224344,-87.624971297,0
01/09/2025 12:00:00 AM,OTHER OFFENSE,HARASSMENT BY ELECTRONIC MEANS,APARTMENT,0,1021,10,24,29,26,1154282.0,1892290.0,2025,41.860268591,-87.709150096,0
01/04/2025 08:15:00 PM,THEFT,$500 AND UNDER,RESIDENCE,0,1524,15,37,25,06,1139848.0,1906133.0,2025,41.89853131,-87.761795897,0
01/18/2025 07:00:00 AM,CRIMINAL DAMAGE,TO VEHICLE,PARKING LOT / GARAGE (NON RESIDENTIAL),0,1231,12,27,28,14,1165491.0,1897444.0,2025,41.874180626,-87.66785807,0
01/06/2025 03:30:00 AM,ASSAULT,SIMPLE,RESIDENCE,1,835,8,18,66,08A,1156978.0,1855769.0,2025,41.759995962,-87.700241296,0
01/07/2025 11:10:00 AM,ASSAULT,SIMPLE,APARTMENT,0,513,5,9,49,08A,1178427.0,1831870.0,2025,41.693954,-87.622354222,0
01/06/2025 06:55:00 AM,BATTERY,DOMESTIC BATTERY SIMPLE,SIDEWALK,1,733,7,17,68,08B,1170254.0,1856107.0,2025,41.760645062,-87.651574764,0
01/02/2025 09:18:00 PM,WEAPONS VIOLATION,UNLAWFUL POSSESSION - HANDGUN,STREET,0,424,4,10,46,15,1199620.0,1849074.0,2025,41.740656981,-87.544185448,1
01/08/2025 04:50:00 PM,THEFT,RETAIL THEFT,SMALL RETAIL STORE,0,2533,25,37,25,06,1145011.0,1910225.0,2025,41.909664252,-87.742728815,1
01/01/2025 11:00:00 PM,CRIMINAL DAMAGE,TO PROPERTY,APARTMENT,0,2233,22,21,49,14,1173154.0,1835701.0,2025,41.704584663,-87.641547277,0
01/05/2025 10:25:00 AM,THEFT,FROM BUILDING,STREET,0,611,6,17,71,06,1164741.0,1851912.0,2025,41.749251504,-87.671898394,0
01/18/2025 11:30:00 AM,MOTOR VEHICLE THEFT,"CYCLE, SCOOTER, BIKE NO VIN",RESIDENCE,0,512,5,9,50,07,1183442.0,1835266.0,2025,41.703158005,-87.60388791,0
01/13/2025 03:50:00 AM,WEAPONS VIOLATION,RECKLESS FIREARM DISCHARGE,STREET,0,1412,14,35,21,15,1153562.0,1918636.0,2025,41.932578879,-87.711091653,0
01/28/2025 12:00:00 AM,THEFT,OVER $500,RESIDENCE,0,1932,19,32,6,06,,,2025,,,0
01/27/2025 04:30:00 AM,BATTERY,DOMESTIC BATTERY SIMPLE,APARTMENT,1,915,9,11,60,08B,1172823.0,1883486.0,2025,41.83571965,-87.641351509,0
01/21/2025 01:21:00 AM,CRIMINAL SEXUAL ASSAULT,NON-AGGRAVATED,HOSPITAL BUILDING / GROUNDS,0,1834,18,2,8,02,1178056.0,1904830.0,2025,41.894171604,-87.621500665,0
01/01/2025 04:04:00 AM,CRIMINAL DAMAGE,TO VEHICLE,STREET,0,433,4,10,52,14,1201875.0,1832364.0,2025,41.694746403,-87.5364902,0
01/29/2025 12:00:00 AM,CRIMINAL DAMAGE,TO VEHICLE,ALLEY,0,332,3,5,43,14,1188697.0,1860562.0,2025,41.772448981,-87.583838871,0
01/29/2025 09:45:00 AM,ASSAULT,SIMPLE,COMMERCIAL / BUSINESS OFFICE,0,2033,20,46,3,08A,1167433.0,1932608.0,2025,41.970631066,-87.659713788,0
01/28/2025 02:43:00 PM,THEFT,$500 AND UNDER,APARTMENT,0,333,3,5,43,06,1189961.0,1857317.0,2025,41.763514115,-87.579309764,0
01/10/2025 02:45:00 PM,NARCOTICS,FOUND SUSPECT NARCOTICS,SIDEWALK,0,1532,15,37,25,18,1143327.0,1902878.0,2025,41.889534902,-87.749098991,1
01/25/2025 11:00:00 PM,OTHER OFFENSE,TELEPHONE THREAT,APARTMENT,1,731,7,6,69,08A,1175826.0,1858852.0,2025,41.768054662,-87.631071089,0
01/18/2025 09:00:00 PM,MOTOR VEHICLE THEFT,THEFT / RECOVERY - AUTOMOBILE,STREET,0,1124,11,28,27,07,1155709.0,1899372.0,2025,41.879673753,-87.703721244,0
01/17/2025 01:29:00 PM,THEFT,$500 AND UNDER,COMMERCIAL / BUSINESS OFFICE,0,2022,20,48,77,06,1167270.0,1938303.0,2025,41.986261826,-87.660148577,0
01/08/2025 06:00:00 PM,CRIMINAL DAMAGE,TO VEHICLE,STREET,1,725,7,17,67,14,1168177.0,1859373.0,2025,41.769652311,-87.659093232,0
01/23/2025 10:00:00 PM,CRIMINAL DAMAGE,TO VEHICLE,STREET,0,1834,18,42,8,14,1178425.0,1903153.0,2025,41.889561428,-87.620196651,0
01/26/2025 11:00:00 PM,CRIMINAL DAMAGE,TO PROPERTY,RESIDENCE,0,613,6,17,71,14,1170455.0,1848914.0,2025,41.740902141,-87.651047144,0
01/11/2025 12:00:00 AM,THEFT,THEFT FROM MOTOR VEHICLE,STREET,0,1733,17,33,16,06,1153389.0,1924745.0,2025,41.949345875,-87.711564575,0
01/29/2025 09:00:00 AM,THEFT,THEFT FROM MOTOR VEHICLE,RESIDENCE,0,725,7,16,67,06,1167424.0,1862685.0,2025,41.778757027,-87.661758595,0
01/06/2025 09:50:00 PM,OTHER OFFENSE,HARASSMENT BY TELEPHONE,APARTMENT,1,214,2,4,36,26,1184290.0,1877365.0,2025,41.818662027,-87.599467639,0
01/12/2025 12:00:00 AM,CRIMINAL DAMAGE,TO VEHICLE,STREET,0,414,4,8,46,14,1189358.0,1852734.0,2025,41.750952443,-87.581666614,0
01/04/2025 08:59:00 AM,WEAPONS VIOLATION,UNLAWFUL POSSESSION - OTHER FIREARM,PARKING LOT / GARAGE (NON RESIDENTIAL),0,622,6,21,44,15,1177446.0,1847646.0,2025,41.737267637,-87.625471017,1
01/10/2025 06:32:00 PM,LIQUOR LAW VIOLATION,LIQUOR LICENSE VIOLATION,BAR OR TAVERN,0,432,4,10,52,22,1200530.0,1834448.0,2025,41.700499127,-87.541344359,1
01/09/2025 11:35:00 AM,DECEPTIVE PRACTICE,FINANCIAL EXPLOITATION OF AN ELDERLY OR DISABLED PERSON,RESIDENCE,0,524,5,21,53,11,1168132.0,1826242.0,2025,41.678736827,-87.660207794,0
01/22/2025 03:00:00 PM,BURGLARY,FORCIBLE ENTRY,RESIDENCE - GARAGE,0,611,6,18,71,05,1164017.0,1854084.0,2025,41.75522703,-87.674490478,0
01/27/2025 06:55:00 AM,THEFT,OVER $500,OTHER (SPECIFY),0,1931,19,32,7,06,1164222.0,1915991.0,2025,41.92510186,-87.671992307,0
01/29/2025 10:09:00 AM,CRIMINAL TRESPASS,TO LAND,GROCERY FOOD STORE,0,1832,18,42,8,26,1176106.0,1905725.0,2025,41.896671699,-87.628635323,1
01/05/2025 05:00:00 AM,ASSAULT,SIMPLE,APARTMENT,1,1021,10,24,29,08A,1152641.0,1891593.0,2025,41.858388522,-87.715192247,0
01/05/2025 08:27:00 PM,WEAPONS VIOLATION,UNLAWFUL POSSESSION - HANDGUN,STREET,0,1831,18,42,8,15,1173941.0,1904425.0,2025,41.893152949,-87.636625692,1
01/06/2025 01:53:00 AM,BATTERY,SIMPLE,STREET,0,1722,17,45,16,08B,1143818.0,1928495.0,2025,41.959821336,-87.74665215,0
01/22/2025 02:15:00 PM,CRIMINAL DAMAGE,TO VEHICLE,STREET,0,511,5,9,49,14,1179314.0,1839790.0,2025,41.715667421,-87.618866141,0
01/03/2025 12:05:00 PM,OTHER OFFENSE,VIOLATE ORDER OF PROTECTION,APARTMENT,1,1915,19,46,3,26,1168851.0,1927896.0,2025,41.957670472,-87.654636966,1
01/25/2025 02:00:00 AM,THEFT,THEFT FROM MOTOR VEHICLE,STREET,0,132,1,3,33,06,1177540.0,1890150.0,2025,41.853900567,-87.623841404,0
01/04/2025 01:13:00 AM,BATTERY,DOMESTIC BATTERY SIMPLE,RESIDENCE,1,822,8,23,62,08B,1152363.0,1866549.0,2025,41.789669934,-87.716872279,0
01/01/2025 08:15:00 AM,CRIMINAL DAMAGE,TO PROPERTY,APARTMENT,1,614,6,17,71,14,1167418.0,1850849.0,2025,41.746277593,-87.662119177,0
01/23/2025 06:30:00 AM,MOTOR VEHICLE THEFT,THEFT / RECOVERY - AUTOMOBILE,STREET,0,1233,12,25,31,07,1166388.0,1891819.0,2025,41.858726016,-87.664725558,0
01/29/2025 01:40:00 PM,ROBBERY,STRONG ARM - NO WEAPON,CTA BUS STOP,0,722,7,20,68,03,1174710.0,1862996.0,2025,41.779451196,-87.635038395,0
01/23/2025 12:22:00 AM,BURGLARY,FORCIBLE ENTRY,RESTAURANT,0,234,2,5,41,05,1187482.0,1868839.0,2025,41.795190695,-87.588029654,0
01/11/2025 12:01:00 AM,DECEPTIVE PRACTICE,ATTEMPT - FINANCIAL IDENTITY THEFT,APARTMENT,0,1021,10,24,29,11,1153328.0,1890789.0,2025,41.856168653,-87.712691835,0
01/10/2025 12:00:00 PM,OTHER OFFENSE,HARASSMENT BY TELEPHONE,APARTMENT,1,2512,25,36,19,26,1133400.0,1913575.0,2025,41.919068531,-87.785304768,0
01/13/2025 10:50:00 AM,THEFT,THEFT FROM MOTOR VEHICLE,GROCERY FOOD STORE,0,234,2,5,41,06,1187450.0,1868839.0,2025,41.795191456,-87.588146997,0
01/17/2025 07:50:00 PM,ASSAULT,SIMPLE,STREET,0,223,2,20,38,08A,1181259.0,1872000.0,2025,41.804010535,-87.610751768,0
01/23/2025 12:00:00 AM,THEFT,OVER $500,PARKING LOT / GARAGE (NON RESIDENTIAL),0,2433,24,48,77,06,1168522.0,1940739.0,2025,41.992919165,-87.655472861,0
01/06/2025 08:20:00 AM,BATTERY,AGGRAVATED OF A SENIOR CITIZEN,SIDEWALK,0,1814,18,43,7,04B,1173840.0,1912162.0,2025,41.914385924,-87.636765893,1
01/18/2025 05:00:00 PM,CRIMINAL DAMAGE,TO PROPERTY,APARTMENT,0,1925,19,46,6,14,1171046.0,1925829.0,2025,41.951950569,-87.646628367,0
01/12/2025 08:41:00 PM,ROBBERY,ARMED - HANDGUN,SMALL RETAIL STORE,0,1821,18,2,8,03,1174709.0,1908335.0,2025,41.903865045,-87.633688035,0
01/14/2025 02:38:00 PM,BATTERY,AGGRAVATED - HANDGUN,STREET,0,734,7,17,67,04B,1168600.0,1856024.0,2025,41.76045311,-87.657639135,0
01/15/2025 07:58:00 PM,BATTERY,DOMESTIC BATTERY SIMPLE,APARTMENT,1,1024,10,22,30,08B,1153107.0,1886978.0,2025,41.845715197,-87.713603976,0
01/20/2025 11:00:00 PM,BATTERY,SIMPLE,VEHICLE NON-COMMERCIAL,0,111,1,42,32,08B,1176327.0,1901797.0,2025,41.885888079,-87.627942238,0
01/28/2025 01:40:00 PM,BATTERY,DOMESTIC BATTERY SIMPLE,RESIDENCE,1,823,8,15,66,08B,1157435.0,1863820.0,2025,41.782079867,-87.698348521,0
01/18/2025 03:00:00 AM,BATTERY,SIMPLE,APARTMENT,0,531,5,9,49,08B,1181246.0,1830433.0,2025,41.689946357,-87.612077289,0
01/24/2025 12:39:00 PM,CRIMINAL TRESPASS,TO LAND,GROCERY FOOD STORE,0,121,1,34,28,26,1172752.0,1899623.0,2025,41.880002373,-87.641134667,1
01/20/2025 09:00:00 PM,ROBBERY,VEHICULAR HIJACKING,STREET,0,1133,11,24,26,03,1150909.0,1896092.0,2025,41.870768344,-87.72143213,0
01/18/2025 02:00:00 PM,MOTOR VEHICLE THEFT,AUTOMOBILE,STREET,0,2413,24,50,2,07,1159186.0,1941450.0,2025,41.995067825,-87.68979434,0
01/14/2025 09:43:00 PM,ASSAULT,SIMPLE,SIDEWALK,0,1124,11,28,27,08A,1155955.0,1898002.0,2025,41.87590938,-87.702854917,0
01/05/2025 03:56:00 PM,THEFT,FROM BUILDING,RESIDENCE,0,915,9,11,60,06,1173138.0,1884124.0,2025,41.837463408,-87.640176784,0
01/14/2025 01:00:00 PM,CRIMINAL TRESPASS,TO LAND,RESIDENCE,0,831,8,18,66,26,1157608.0,1857085.0,2025,41.763594522,-87.697896693,0
01/19/2025 11:00:00 AM,THEFT,$500 AND UNDER,APARTMENT,0,624,6,8,44,06,1183608.0,1852595.0,2025,41.750706929,-87.602741498,0
01/17/2025 05:00:00 PM,ASSAULT,SIMPLE,STREET,0,2221,22,18,71,08A,1165872.0,1846636.0,2025,41.734749454,-87.667903451,0
01/28/2025 09:40:00 AM,CRIMINAL DAMAGE,TO PROPERTY,RESIDENCE - PORCH / HALLWAY,1,2233,22,21,49,14,1174192.0,1834297.0,2025,41.700708934,-87.637787805,0
01/05/2025 12:30:00 AM,THEFT,THEFT FROM MOTOR VEHICLE,STREET,0,1611,16,41,9,06,1125486.0,1946095.0,2025,42.008442174,-87.813657678,0
01/01/2025 01:34:00 AM,THEFT,$500 AND UNDER,APARTMENT,1,831,8,15,66,06,1156860.0,1860502.0,2025,41.772986419,-87.700546154,0
01/11/2025 07:00:00 PM,CRIMINAL DAMAGE,TO PROPERTY,APARTMENT,0,1921,19,32,5,14,1161612.0,1921231.0,2025,41.939535586,-87.68143624,0
01/16/2025 06:50:00 PM,OTHER OFFENSE,VIOLATION OF CIVIL NO CONTACT ORDER,RESIDENCE,1,1522,15,29,25,26,1141504.0,1898830.0,2025,41.878460552,-87.755893934,1
01/27/2025 11:15:00 PM,BATTERY,DOMESTIC BATTERY SIMPLE,STREET,1,723,7,16,68,08B,1171411.0,1862230.0,2025,41.77742208,-87.647155281,0
01/04/2025 09:15:00 AM,CRIMINAL DAMAGE,TO PROPERTY,SIDEWALK,0,1633,16,30,15,14,1138069.0,1923370.0,2025,41.945863902,-87.767912706,0
01/07/2025 12:00:00 AM,BATTERY,SIMPLE,APARTMENT,1,1214,12,34,28,08B,1173048.0,1902595.0,2025,41.888151171,-87.63995963,0
01/04/2025 09:50:00 PM,ASSAULT,SIMPLE,APARTMENT,0,823,8,14,66,08A,1155497.0,1861858.0,2025,41.776734899,-87.705506325,0
01/03/2025 09:30:00 PM,MOTOR VEHICLE THEFT,AUTOMOBILE,RESIDENCE,0,814,8,22,56,07,1143119.0,1874156.0,2025,41.81072166,-87.750578673,0
01/29/2025 07:30:00 PM,MOTOR VEHICLE THEFT,AUTOMOBILE,STREET,0,324,3,7,43,07,1189632.0,1857151.0,2025,41.763066505,-87.580520922,0
01/21/2025 04:59:00 PM,BATTERY,"AGGRAVATED P.O. - HANDS, FISTS, FEET, SERIOUS INJURY",RESIDENCE,0,1013,10,22,29,04B,1148745.0,1888718.0,2025,41.850575241,-87.729567376,0
01/24/2025 08:00:00 PM,CRIMINAL DAMAGE,TO VEHICLE,APARTMENT,0,2514,25,30,19,14,1136897.0,1918270.0,2025,41.931890096,-87.772343315,0
01/03/2025 12:40:00 PM,BURGLARY,FORCIBLE ENTRY,APARTMENT,0,1121,11,27,23,05,1152893.0,1905401.0,2025,41.896274163,-87.713901444,0
01/19/2025 02:02:00 AM,WEAPONS VIOLATION,RECKLESS FIREARM DISCHARGE,ALLEY,0,1712,17,39,14,15,1146168.0,1931876.0,2025,41.969054585,-87.737926012,0
01/20/2025 12:15:00 PM,ROBBERY,ARMED - HANDGUN,APARTMENT,0,224,2,3,38,03,1177975.0,1872931.0,2025,41.806640412,-87.62276756,0
01/26/2025 07:56:00 PM,ASSAULT,AGGRAVATED - KNIFE / CUTTING INSTRUMENT,RESIDENCE,1,831,8,18,66,04A,1158624.0,1856592.0,2025,41.762220999,-87.694186236,0
01/05/2025 02:00:00 AM,THEFT,OVER $500,APARTMENT,0,233,2,5,41,06,1184017.0,1869811.0,2025,41.797939675,-87.600705307,0
01/17/2025 07:30:00 AM,THEFT,OVER $500,OTHER (SPECIFY),0,821,8,14,57,06,1152040.0,1878901.0,2025,41.82357193,-87.717732231,0
01/19/2025 11:15:00 AM,BATTERY,SIMPLE,OTHER (SPECIFY),0,331,3,5,41,08B,1189729.0,1867390.0,2025,41.791160785,-87.579836586,1
01/15/2025 06:00:00 AM,THEFT,THEFT FROM MOTOR VEHICLE,STREET,0,1633,16,38,17,06,1135543.0,1923981.0,2025,41.947585899,-87.777182988,0
01/29/2025 01:41:00 AM,ASSAULT,SIMPLE,APARTMENT,0,723,7,6,68,08A,1172916.0,1859607.0,2025,41.770191176,-87.6417153,0
