,social_connection_frequency,gathering_size_preference,valued_friendship_traits,conflict_resolution_style,family_support_level,social_battery_recharge,social_orientation_type,social_anxiety_level,emotional_expression_method,primary_anger_sources,target
0,Daily,Small gatherings,Support,Talk it out,Yes,Talking to someone,Introvert,Avoid it,Stay silent,Injustice,1.0
1,Daily,Both,Support,Talk it out,Yes,Talking to someone,Ambivert,Neutral,Stay silent,Being interrupted,0.0
2,Daily,Both,Loyalty,Talk it out,Sometimes,Talking to someone,Extrovert,Neutral,Talk openly,Injustice,0.0
3,Daily,Small gatherings,Honesty,Talk it out,Yes,Alone time,Extrovert,Excited,Talk openly,Selfishness,1.0
4,Daily,Small gatherings,Loyalty,Talk it out,Yes,Alone time,Not sure,Neutral,Talk openly,Unnecessary criticism,1.0
5,Daily,Both,Honesty,Talk it out,Sometimes,None of the above,Introvert,Nervous,Talk openly,Injustice,1.0
6,Daily,Both,Honesty,Apologize first,Yes,Alone time,Ambivert,Excited,Stay silent,Selfishness,0.0
7,Daily,Both,Honesty,Talk it out,Yes,Social media,Ambivert,Neutral,Talk openly,Selfishness,1.0
8,Daily,Small gatherings,Loyalty,Talk it out,Sometimes,Alone time,Introvert,Nervous,Stay silent,Selfishness,1.0
9,Weekly,Both,Loyalty,Avoid conflict,Yes,Social media,Introvert,Avoid it,Talk openly,Selfishness,0.0
10,Daily,Both,Loyalty,Talk it out,Yes,Talking to someone,Introvert,Neutral,Stay silent,Selfishness,0.0
11,Daily,Both,Support,Talk it out,Yes,None of the above,Not sure,Nervous,Stay silent,Unnecessary criticism,1.0
12,Daily,Small gatherings,Loyalty,Avoid conflict,Yes,Social media,Ambivert,Nervous,Stay silent,Unnecessary criticism,0.0
13,Daily,Both,Loyalty,Talk it out,Yes,Talking to someone,Ambivert,Neutral,"Talk openly, Express emotion strongly",Selfishness,1.0
14,Daily,Small gatherings,Support,Let time fix it,Sometimes,Alone time,Ambivert,Nervous,Stay silent,Unnecessary criticism,1.0
15,Daily,Small gatherings,Loyalty,Talk it out,Yes,Talking to someone,Ambivert,Excited,Talk openly,Selfishness,0.0
16,Daily,Both,Honesty,Talk it out,Sometimes,Social media,Introvert,Nervous,Stay silent,Selfishness,0.0
17,Daily,Small gatherings,Loyalty,Talk it out,Yes,None of the above,Ambivert,Excited,Stay silent,Unnecessary criticism,0.0
18,Daily,Small gatherings,Loyalty,Talk it out,Yes,Alone time,Ambivert,Excited,Talk openly,Selfishness,1.0
19,Daily,Both,Support,Apologize first,Yes,Alone time,Introvert,Neutral,Stay silent,Selfishness,0.0
20,Daily,Both,Loyalty,Let time fix it,Sometimes,Social media,Ambivert,Nervous,Express emotion strongly,Unnecessary criticism,1.0
21,Daily,Both,Loyalty,Talk it out,Yes,None of the above,Not sure,Neutral,Stay silent,Being interrupted,0.0
22,Daily,Small gatherings,Honesty,Talk it out,Yes,Alone time,Introvert,Excited,Talk openly,Selfishness,1.0
23,Weekly,Large events,Loyalty,Avoid conflict,No,Social media,Extrovert,Nervous,Stay silent,Unnecessary criticism,0.0
24,Daily,Both,Honesty,Talk it out,Yes,Alone time,Introvert,Excited,Talk openly,Selfishness,1.0
25,Weekly,Large events,Loyalty,Avoid conflict,No,Social media,Extrovert,Nervous,Stay silent,Unnecessary criticism,0.0
26,Never,Large events,Loyalty,Avoid conflict,Sometimes,Talking to someone,Ambivert,Nervous,Express emotion strongly,Being interrupted,0.0
27,Daily,Small gatherings,Loyalty,Talk it out,Yes,Alone time,Introvert,Nervous,Talk openly,Selfishness,1.0
28,Weekly,Large events,Loyalty,Apologize first,Sometimes,Alone time,Extrovert,Nervous,Express emotion strongly,Unnecessary criticism,0.0
29,Daily,Small gatherings,Loyalty,Talk it out,No,Alone time,Introvert,Excited,Talk openly,Selfishness,1.0
30,Monthly,Both,Honesty,Apologize first,Yes,Talking to someone,Ambivert,Nervous,Stay silent,Injustice,1.0
31,Daily,Small gatherings,Honesty,Talk it out,Yes,Alone time,Introvert,Excited,Stay silent,Selfishness,0.0
32,Weekly,Small gatherings,Honesty,Talk it out,No,Social media,Extrovert,Nervous,Stay silent,Unnecessary criticism,0.0
33,Daily,Small gatherings,Loyalty,Talk it out,No,Alone time,Ambivert,Neutral,Stay silent,Selfishness,0.0
34,Daily,Both,Loyalty,Apologize first,No,Talking to someone,Extrovert,Excited,Talk openly,Unnecessary criticism,1.0
35,Daily,Both,Honesty,Apologize first,Sometimes,Talking to someone,Extrovert,Nervous,Talk openly,Unnecessary criticism,0.0
36,Daily,Small gatherings,Honesty,Talk it out,Yes,Alone time,Introvert,Excited,Talk openly,Selfishness,1.0
37,Daily,Both,Loyalty,Talk it out,Yes,Alone time,Not sure,Nervous,Stay silent,Selfishness,0.0
38,Monthly,Large events,Loyalty,Avoid conflict,No,Social media,Introvert,Excited,Express emotion strongly,Being interrupted,1.0
39,Daily,Both,Loyalty,Avoid conflict,Sometimes,Social media,Ambivert,Neutral,Other,Injustice,0.0
40,Monthly,Both,Support,Apologize first,Sometimes,Talking to someone,Ambivert,Neutral,Express emotion strongly,Being interrupted,0.0
41,Daily,Large events,Loyalty,Avoid conflict,Sometimes,Talking to someone,Ambivert,Nervous,Stay silent,Unnecessary criticism,0.0
42,Daily,Both,Honesty,Talk it out,Yes,Social media,Ambivert,Excited,Stay silent,Unnecessary criticism,0.0
43,Daily,Small gatherings,Loyalty,Apologize first,Sometimes,Social media,Not sure,Excited,Stay silent,Injustice,0.0
44,Daily,Small gatherings,Honesty,Avoid conflict,Sometimes,Talking to someone,Not sure,Nervous,Express emotion strongly,Unnecessary criticism,0.0
45,Weekly,Large events,Support,Apologize first,Yes,Social media,Extrovert,Excited,Talk openly,Unnecessary criticism,1.0
46,Daily,Small gatherings,Loyalty,Talk it out,Sometimes,Talking to someone,Extrovert,Neutral,Stay silent,Unnecessary criticism,1.0
47,Weekly,Small gatherings,Honesty,Avoid conflict,No,Social media,Introvert,Excited,Talk openly,Unnecessary criticism,1.0
48,Weekly,Large events,Honesty,Talk it out,No,Social media,Extrovert,Nervous,Stay silent,Unnecessary criticism,0.0
49,Weekly,Large events,Honesty,Talk it out,Yes,Social media,Extrovert,Nervous,Talk openly,Selfishness,0.0
50,Daily,Large events,Honesty,Talk it out,No,Alone time,Introvert,Excited,Talk openly,Unnecessary criticism,1.0
51,Weekly,Both,Honesty,Talk it out,Yes,Alone time,Introvert,Excited,Talk openly,Selfishness,0.0
52,Weekly,Small gatherings,Honesty,Talk it out,Yes,Social media,Introvert,Excited,Stay silent,Being interrupted,0.0
53,Weekly,Never,Support,Apologize first,Sometimes,None of the above,Extrovert,Nervous,Express emotion strongly,Unnecessary criticism,0.0
54,Monthly,Both,Loyalty,Talk it out,Sometimes,Social media,Introvert,Excited,Stay silent,Being interrupted,0.0
55,Weekly,Both,All,Apologize first,Sometimes,None of the above,Extrovert,Excited,Stay silent,Being interrupted,1.0
56,Never,Both,Loyalty,Apologize first,Sometimes,Social media,Extrovert,Excited,Stay silent,Unnecessary criticism,1.0
57,Daily,Large events,Loyalty,Avoid conflict,No,Alone time,Extrovert,Neutral,Stay silent,Selfishness,0.0
58,Daily,Small gatherings,Loyalty,Talk it out,No,Alone time,Introvert,Excited,Stay silent,Selfishness,0.0
59,Daily,Large events,Loyalty,Apologize first,Yes,Alone time,Ambivert,Neutral,Stay silent,Being interrupted,0.0
60,Weekly,Large events,Honesty,Avoid conflict,Sometimes,Alone time,Ambivert,Avoid it,Other,Injustice,0.0
61,Monthly,Never,Loyalty,Apologize first,Sometimes,Social media,Extrovert,Neutral,Express emotion strongly,Being interrupted,0.0
62,Daily,Large events,Support,Apologize first,Yes,Talking to someone,Introvert,Neutral,Stay silent,Selfishness,0.0
63,Weekly,Small gatherings,Loyalty,Avoid conflict,Sometimes,Social media,Ambivert,Excited,Stay silent,Being interrupted,0.0
64,Weekly,Small gatherings,Support,Apologize first,Yes,None of the above,Introvert,Neutral,Stay silent,Selfishness,0.0
65,Weekly,Large events,Loyalty,Talk it out,Sometimes,Talking to someone,Extrovert,Nervous,Talk openly,Unnecessary criticism,1.0
66,Monthly,Small gatherings,All the three and trust ,Talk it out,Yes,Alone time,Introvert,Nervous,Stay silent,Selfishness,1.0
67,Daily,Small gatherings,Honesty,Talk it out,Yes,Alone time,Extrovert,Avoid it,Express emotion strongly,Being interrupted,0.0
68,Daily,Small gatherings,Honesty,Talk it out,Yes,Alone time,Introvert,Excited,Talk openly,Selfishness,1.0
69,Weekly,Large events,Loyalty,Avoid conflict,No,Social media,Extrovert,Nervous,Stay silent,Unnecessary criticism,0.0
70,Daily,Both,Support,Talk it out,Yes,Social media,Extrovert,Nervous,Stay silent,Selfishness,0.0
71,Daily,Both,Support,Let time fix it,Yes,Talking to someone,Extrovert,Nervous,Express emotion strongly,Selfishness,0.0
72,Daily,Large events,Loyalty,Avoid conflict,No,Social media,Ambivert,Excited,Talk openly,Selfishness,0.0
73,Daily,Both,Support,Apologize first,Sometimes,Talking to someone,Ambivert,Neutral,Talk openly,Unnecessary criticism,0.0
74,Daily,Large events,Loyalty,Avoid conflict,No,Social media,Not sure,Excited,Talk openly,Selfishness,1.0
75,Daily,Small gatherings,Honesty,Talk it out,Yes,Alone time,Introvert,Excited,Talk openly,Selfishness,1.0
76,Monthly,Both,Support,Let time fix it,Yes,Talking to someone,Introvert,Nervous,Other,Selfishness,0.0
77,Daily,Small gatherings,Honesty,Talk it out,Yes,Social media,Extrovert,Nervous,Stay silent,Selfishness,0.0
79,Daily,Small gatherings,Honesty,Talk it out,Yes,Social media,Not sure,Avoid it,Express emotion strongly,Injustice,0.0
80,Monthly,Large events,Honesty,Avoid conflict,No,Talking to someone,Ambivert,Nervous,Talk openly,Selfishness,1.0
81,Weekly,Large events,Loyalty,Apologize first,Sometimes,Talking to someone,Extrovert,Nervous,Express emotion strongly,Selfishness,0.0
82,Weekly,Large events,Honesty,Talk it out,Yes,Alone time,Introvert,Neutral,Express emotion strongly,Being interrupted,1.0
83,Daily,Both,Honesty,Talk it out,Yes,None of the above,Not sure,Excited,Other,Injustice,0.0
84,Daily,Small gatherings,Honesty,Talk it out,No,Talking to someone,Extrovert,Neutral,Stay silent,Selfishness,1.0
85,Daily,Large events,Honesty,Talk it out,Yes,None of the above,Not sure,Excited,Other,Injustice,0.0
86,Daily,Small gatherings,Support,Avoid conflict,Sometimes,Social media,Ambivert,Excited,Stay silent,Being interrupted,0.0
87,Daily,Large events,Honesty,Talk it out,Yes,None of the above,Not sure,Excited,Other,Injustice,0.0
88,Daily,Large events,Honesty,Talk it out,Yes,None of the above,Not sure,Excited,Other,Injustice,0.0
89,Weekly,Large events,Loyalty,Apologize first,Sometimes,Social media,Extrovert,Neutral,Express emotion strongly,Being interrupted,1.0
90,Daily,Large events,Honesty,Talk it out,Yes,None of the above,Not sure,Excited,Other,Injustice,0.0
91,Weekly,Both,Loyalty,Apologize first,Sometimes,Talking to someone,Not sure,Avoid it,Stay silent,Being interrupted,0.0
92,Weekly,Both,Loyalty,Avoid conflict,Sometimes,Talking to someone,Extrovert,Nervous,Express emotion strongly,Unnecessary criticism,0.0
93,Daily,Large events,Honesty,Talk it out,Yes,None of the above,Not sure,Excited,Other,Injustice,0.0
94,Weekly,Large events,Support,Avoid conflict,Sometimes,None of the above,Ambivert,Excited,Other,Selfishness,0.0
95,Daily,Large events,Honesty,Talk it out,Yes,None of the above,Not sure,Excited,Other,Injustice,0.0
96,Daily,Both,Honesty,Avoid conflict,No,Social media,Introvert,Excited,Talk openly,Selfishness,1.0
97,Daily,Small gatherings,Honesty,Talk it out,Yes,Social media,Extrovert,Avoid it,Other,Injustice,0.0
98,Daily,Large events,Honesty,Talk it out,Yes,None of the above,Not sure,Excited,Other,Injustice,0.0
99,Weekly,Small gatherings,Loyalty,Avoid conflict,Yes,Social media,Extrovert,Nervous,Express emotion strongly,Being interrupted,0.0
100,Daily,Large events,Honesty,Talk it out,Yes,Social media,Not sure,Excited,Other,Injustice,0.0
101,Daily,Large events,Honesty,Talk it out,Yes,None of the above,Not sure,Excited,Other,Injustice,0.0
102,Daily,Small gatherings,Honesty,Talk it out,Yes,Talking to someone,Not sure,Avoid it,Other,Injustice,0.0
104,Daily,Small gatherings,Loyalty,Avoid conflict,Yes,Alone time,Introvert,Nervous,Stay silent,Unnecessary criticism,0.0
105,Monthly,Small gatherings,Support,Avoid conflict,Sometimes,Talking to someone,Introvert,Excited,Stay silent,Unnecessary criticism,0.0
106,Daily,Both,Loyalty,Talk it out,Yes,Alone time,Introvert,Nervous,Talk openly,Unnecessary criticism,1.0
107,Daily,Small gatherings,Support,Avoid conflict,Sometimes,Social media,Extrovert,Neutral,Other,Injustice,0.0
108,Daily,Both,Support,Talk it out,Yes,Alone time,Introvert,Excited,Talk openly,Selfishness,1.0
109,Daily,Small gatherings,Loyalty,Avoid conflict,Never,Talking to someone,Ambivert,Avoid it,Other,Injustice,0.0
110,Monthly,Both,Honesty,Avoid conflict,Sometimes,Talking to someone,Ambivert,Neutral,Express emotion strongly,Being interrupted,0.0
111,Daily,Small gatherings,Loyalty,Avoid conflict,No,Social media,Extrovert,Excited,Talk openly,Selfishness,1.0
112,Weekly,Small gatherings,Honesty,Avoid conflict,Sometimes,Alone time,Introvert,Nervous,Talk openly,Unnecessary criticism,0.0
113,Daily,Small gatherings,Honesty,Talk it out,No,Alone time,Extrovert,Neutral,Stay silent,Unnecessary criticism,1.0
114,Weekly,Both,Loyalty,Avoid conflict,No,Social media,Extrovert,Nervous,Stay silent,Injustice,0.0
115,Daily,Large events,Honesty,Avoid conflict,No,Social media,Ambivert,Neutral,Express emotion strongly,Being interrupted,0.0
116,Weekly,Small gatherings,Honesty,Avoid conflict,Sometimes,Talking to someone,Not sure,Avoid it,Express emotion strongly,Injustice,0.0
117,Weekly,Both,Loyalty,Let time fix it,Never,None of the above,Not sure,Neutral,Express emotion strongly,Injustice,0.0
118,Daily,Both,Honesty,Avoid conflict,Yes,Social media,Introvert,Excited,Talk openly,Selfishness,1.0
119,Monthly,Large events,Support,Let time fix it,Never,Social media,Extrovert,Nervous,Express emotion strongly,Unnecessary criticism,0.0
120,Daily,Large events,Loyalty,Avoid conflict,No,Social media,Extrovert,Nervous,Talk openly,Unnecessary criticism,1.0
121,Monthly,Large events,Loyalty,Apologize first,Sometimes,Talking to someone,Extrovert,Nervous,Express emotion strongly,Being interrupted,0.0
122,Daily,Large events,Honesty,Avoid conflict,Yes,Social media,Extrovert,Nervous,Stay silent,Unnecessary criticism,0.0
123,Daily,Both,Support,Apologize first,Sometimes,Talking to someone,Extrovert,Neutral,Other,Being interrupted,0.0
124,Monthly,Never,Support,Apologize first,Sometimes,Talking to someone,Ambivert,Avoid it,Express emotion strongly,Injustice,0.0
125,Monthly,Both,Support,Let time fix it,Never,None of the above,Not sure,Neutral,Other,Unnecessary criticism,0.0
126,Monthly,Large events,Loyalty,Avoid conflict,Never,None of the above,Not sure,Avoid it,Stay silent,Unnecessary criticism,0.0
127,Monthly,Large events,Support,Apologize first,Sometimes,Alone time,Extrovert,Nervous,Express emotion strongly,Unnecessary criticism,0.0
128,Weekly,Both,Loyalty,Avoid conflict,Sometimes,Social media,Extrovert,Nervous,Other,Injustice,0.0
129,Never,Both,Loyalty,Talk it out,Yes,Social media,Extrovert,Nervous,Stay silent,Being interrupted,0.0
130,Monthly,Large events,Loyalty,Avoid conflict,No,Social media,Extrovert,Nervous,Stay silent,Unnecessary criticism,0.0
131,Weekly,Large events,Honesty,Talk it out,No,Alone time,Extrovert,Neutral,Express emotion strongly,Being interrupted,0.0
132,Weekly,Large events,Loyalty,Talk it out,Sometimes,Social media,Extrovert,Neutral,Stay silent,Being interrupted,1.0
133,Never,Never,Loyalty,Apologize first,Sometimes,Talking to someone,Not sure,Neutral,Other,Injustice,0.0
134,Weekly,Small gatherings,Loyalty,Apologize first,No,None of the above,Not sure,Avoid it,Express emotion strongly,Unnecessary criticism,0.0
135,Daily,Large events,Loyalty,Apologize first,Yes,Social media,Extrovert,Neutral,Express emotion strongly,Injustice,0.0
136,Daily,Small gatherings,Honesty,Avoid conflict,No,Social media,Extrovert,Nervous,Stay silent,Unnecessary criticism,0.0
137,Weekly,Large events,Loyalty,Apologize first,No,Social media,Extrovert,Neutral,Stay silent,Being interrupted,0.0
138,Monthly,Large events,Support,Avoid conflict,Sometimes,Social media,Extrovert,Nervous,Other,Being interrupted,0.0
139,Weekly,Large events,Loyalty,Avoid conflict,No,Social media,Ambivert,Excited,Express emotion strongly,Unnecessary criticism,0.0
140,Never,Never,Support,Apologize first,Sometimes,Talking to someone,Ambivert,Neutral,Express emotion strongly,Being interrupted,0.0
141,Weekly,Large events,Loyalty,Avoid conflict,Yes,Alone time,Extrovert,Neutral,Other,Being interrupted,1.0
142,Daily,Large events,Loyalty,Avoid conflict,Yes,Alone time,Extrovert,Nervous,Stay silent,Unnecessary criticism,0.0
143,Weekly,Both,Support,Talk it out,Sometimes,Social media,Extrovert,Nervous,Express emotion strongly,Injustice,0.0
144,Daily,Both,Loyalty,Avoid conflict,Yes,Talking to someone,Not sure,Nervous,Stay silent,Unnecessary criticism,0.0
145,Never,Never,Support,Let time fix it,Never,None of the above,Ambivert,Avoid it,Other,Injustice,0.0
146,Daily,Small gatherings,Loyalty,Apologize first,Sometimes,None of the above,Ambivert,Nervous,Talk openly,Selfishness,1.0
147,Daily,Both,Honesty,Talk it out,Sometimes,Social media,Introvert,Neutral,Stay silent,Selfishness,0.0
148,Daily,Large events,Loyalty,Avoid conflict,No,Social media,Extrovert,Nervous,Stay silent,Unnecessary criticism,0.0
149,Daily,Large events,Loyalty,Apologize first,Sometimes,Talking to someone,Introvert,Excited,Stay silent,Unnecessary criticism,0.0
150,Monthly,Large events,Loyalty,Avoid conflict,No,Talking to someone,Introvert,Nervous,Stay silent,Being interrupted,0.0
151,Never,Never,Support,Apologize first,Sometimes,Talking to someone,Ambivert,Avoid it,Other,Injustice,0.0
152,Daily,Small gatherings,Loyalty,Talk it out,No,Social media,Extrovert,Excited,Stay silent,Unnecessary criticism,0.0
153,Weekly,Large events,Honesty,Avoid conflict,No,Social media,Extrovert,Nervous,Stay silent,Selfishness,0.0
154,Monthly,Both,Loyalty,Avoid conflict,Sometimes,Talking to someone,Ambivert,Nervous,Talk openly,Unnecessary criticism,0.0
155,Weekly,Both,Loyalty,Avoid conflict,No,Alone time,Extrovert,Excited,Stay silent,Unnecessary criticism,0.0
156,Weekly,Large events,Loyalty,Avoid conflict,No,Social media,Extrovert,Nervous,Stay silent,Unnecessary criticism,0.0
157,Monthly,Large events,Support,Let time fix it,Sometimes,Talking to someone,Introvert,Neutral,Stay silent,Being interrupted,1.0
158,Daily,Small gatherings,Support,Let time fix it,Never,Talking to someone,Extrovert,Neutral,Stay silent,Being interrupted,0.0
159,Weekly,Large events,Loyalty,Avoid conflict,Sometimes,Talking to someone,Not sure,Nervous,Express emotion strongly,Unnecessary criticism,0.0
160,Weekly,Both,Support,Talk it out,Yes,Talking to someone,Ambivert,Excited,Stay silent,Selfishness,0.0
161,Monthly,Small gatherings,Honesty,Let time fix it,Sometimes,Social media,Extrovert,Nervous,Express emotion strongly,Injustice,0.0
162,Monthly,Never,Support,Avoid conflict,No,Alone time,Extrovert,Neutral,Other,Injustice,0.0
163,Daily,Large events,Support,Avoid conflict,Yes,Alone time,Introvert,Excited,Express emotion strongly,Selfishness,1.0
164,Daily,Small gatherings,Loyalty,Talk it out,No,Talking to someone,Introvert,Neutral,Other,Unnecessary criticism,0.0
165,Weekly,Large events,Loyalty,Apologize first,Sometimes,None of the above,Ambivert,Neutral,Other,Injustice,0.0
166,Weekly,Large events,Loyalty,Avoid conflict,Sometimes,Social media,Ambivert,Nervous,Talk openly,Unnecessary criticism,0.0
167,Daily,Both,Loyalty,Let time fix it,Sometimes,Social media,Not sure,Nervous,Stay silent,Unnecessary criticism,0.0
168,Daily,Both,Support,Talk it out,Yes,Talking to someone,Ambivert,Excited,"Talk openly, Stay silent",Selfishness,0.0
169,Weekly,Never,Loyalty,Apologize first,No,Social media,Introvert,Excited,Stay silent,Unnecessary criticism,0.0
170,Weekly,Large events,Loyalty,Avoid conflict,No,None of the above,Not sure,Nervous,Other,Being interrupted,1.0
171,Daily,Small gatherings,Loyalty,Avoid conflict,Yes,Alone time,Extrovert,Nervous,Talk openly,Selfishness,0.0
172,Weekly,Large events,Honesty,Apologize first,Never,Social media,Ambivert,Neutral,Other,Injustice,0.0
173,Daily,Large events,Loyalty,Talk it out,No,Social media,Extrovert,Nervous,Express emotion strongly,Being interrupted,0.0
174,Monthly,Both,Loyalty,Apologize first,Never,Social media,Extrovert,Avoid it,Talk openly,Selfishness,0.0
175,Weekly,Both,Loyalty,Avoid conflict,Sometimes,Talking to someone,Ambivert,Excited,Express emotion strongly,Being interrupted,0.0
176,Weekly,Large events,Loyalty,Avoid conflict,No,Social media,Extrovert,Nervous,Talk openly,Selfishness,0.0
177,Monthly,Large events,Support,Apologize first,Sometimes,Talking to someone,Introvert,Excited,Express emotion strongly,Unnecessary criticism,1.0
178,Weekly,Small gatherings,Honesty,Talk it out,No,Talking to someone,Ambivert,Nervous,Talk openly,Unnecessary criticism,1.0
179,Weekly,Large events,Honesty,Avoid conflict,Sometimes,Talking to someone,Extrovert,Nervous,Talk openly,Unnecessary criticism,0.0
180,Monthly,Large events,Support,Avoid conflict,No,Talking to someone,Not sure,Avoid it,Other,Injustice,0.0
181,Weekly,Both,Loyalty,Avoid conflict,No,Social media,Extrovert,Excited,Stay silent,Being interrupted,1.0
182,Daily,Small gatherings,Honesty,Talk it out,Yes,None of the above,Not sure,Avoid it,Express emotion strongly,Injustice,0.0
183,Weekly,Small gatherings,Honesty,Talk it out,Sometimes,Alone time,Extrovert,Nervous,Talk openly,Selfishness,1.0
184,Daily,Large events,Loyalty,Avoid conflict,No,Alone time,Extrovert,Excited,Stay silent,Unnecessary criticism,1.0
185,Weekly,Never,Loyalty,Avoid conflict,Yes,Talking to someone,Introvert,Neutral,Express emotion strongly,Being interrupted,0.0
186,Daily,Small gatherings,Loyalty,Avoid conflict,No,Talking to someone,Extrovert,Nervous,Other,Injustice,0.0
187,Daily,Small gatherings,Loyalty,Apologize first,No,Social media,Ambivert,Neutral,Stay silent,Being interrupted,0.0
189,Monthly,Large events,Support,Apologize first,Sometimes,Talking to someone,Not sure,Excited,Other,Unnecessary criticism,1.0
190,Daily,Small gatherings,Honesty,Avoid conflict,No,Talking to someone,Introvert,Neutral,Stay silent,Being interrupted,0.0
191,Daily,Small gatherings,Support,Apologize first,No,Talking to someone,Extrovert,Nervous,Express emotion strongly,Unnecessary criticism,0.0
192,Weekly,Large events,Honesty,Avoid conflict,No,Talking to someone,Extrovert,Neutral,Other,Injustice,1.0
193,Monthly,Large events,Honesty,Talk it out,Yes,Social media,Extrovert,Nervous,Other,Unnecessary criticism,0.0
194,Weekly,Large events,Honesty,Avoid conflict,No,Alone time,Extrovert,Nervous,Stay silent,Unnecessary criticism,0.0
195,Monthly,Large events,Loyalty,Avoid conflict,No,Social media,Ambivert,Avoid it,Talk openly,Selfishness,1.0
196,Daily,Small gatherings,Loyalty,Apologize first,No,Social media,Extrovert,Neutral,Stay silent,Selfishness,0.0
197,Daily,Small gatherings,Loyalty,Talk it out,Yes,Alone time,Extrovert,Nervous,Stay silent,Unnecessary criticism,0.0
198,Weekly,Small gatherings,Honesty,Apologize first,Yes,Alone time,Ambivert,Neutral,Other,Being interrupted,0.0
199,Daily,Small gatherings,Understanding person,Talk it out,Yes,Talking to someone,Ambivert,Nervous,Stay silent,Selfishness,1.0
200,Daily,Never,Support,Avoid conflict,No,Social media,Ambivert,Neutral,Express emotion strongly,Unnecessary criticism,0.0
201,Weekly,Large events,Loyalty,Avoid conflict,No,Talking to someone,Ambivert,Neutral,Stay silent,Unnecessary criticism,0.0
202,Daily,Small gatherings,Loyalty,Avoid conflict,Sometimes,Talking to someone,Extrovert,Neutral,Stay silent,Unnecessary criticism,0.0
203,Monthly,Large events,Loyalty,Avoid conflict,Sometimes,Social media,Ambivert,Neutral,Other,Injustice,0.0
204,Weekly,Large events,Loyalty,Avoid conflict,Sometimes,Talking to someone,Extrovert,Excited,Talk openly,Unnecessary criticism,1.0
205,Daily,Both,Support,Apologize first,Yes,Social media,Not sure,Neutral,Other,Injustice,0.0
206,Monthly,Both,Support,Avoid conflict,No,Talking to someone,Ambivert,Nervous,Express emotion strongly,Unnecessary criticism,0.0
207,Weekly,Small gatherings,Honesty,Avoid conflict,Sometimes,Social media,Extrovert,Nervous,Stay silent,Being interrupted,0.0
208,Never,Never,Honesty,Talk it out,Sometimes,Alone time,Extrovert,Nervous,Other,Unnecessary criticism,0.0
209,Never,Never,Honesty,Talk it out,Yes,Alone time,Introvert,Nervous,Stay silent,Being interrupted,0.0
210,Monthly,Small gatherings,Loyalty,Talk it out,Sometimes,Social media,Ambivert,Neutral,Express emotion strongly,Selfishness,0.0
211,Daily,Small gatherings,Honesty,Let time fix it,Sometimes,Social media,Introvert,Excited,Talk openly,Injustice,1.0
212,Monthly,Large events,Loyalty,Apologize first,Sometimes,Social media,Introvert,Excited,Express emotion strongly,Being interrupted,0.0
213,Weekly,Never,Support,Let time fix it,Never,Talking to someone,Not sure,Avoid it,Other,Being interrupted,0.0
214,Daily,Small gatherings,Honesty,Let time fix it,Never,None of the above,Not sure,Avoid it,Stay silent,Injustice,0.0
215,Daily,Never,Loyalty,Avoid conflict,Yes,Social media,Extrovert,Nervous,Express emotion strongly,Being interrupted,0.0
216,Daily,Large events,Honesty,Talk it out,Yes,Alone time,Not sure,Excited,Other,Injustice,1.0
217,Daily,Both,Support,Let time fix it,Yes,Talking to someone,Ambivert,Excited,Other,Unnecessary criticism,0.0
218,Weekly,Both,Loyalty,Avoid conflict,Sometimes,Talking to someone,Extrovert,Nervous,Stay silent,Unnecessary criticism,0.0
219,Daily,Large events,Loyalty,Avoid conflict,Sometimes,Talking to someone,Ambivert,Nervous,Express emotion strongly,Being interrupted,1.0
220,Daily,Never,Support,Let time fix it,Sometimes,Social media,Ambivert,Avoid it,Talk openly,Being interrupted,0.0
221,Daily,Small gatherings,Honesty,Let time fix it,Sometimes,None of the above,Not sure,Avoid it,Talk openly,Unnecessary criticism,0.0
222,Daily,Both,Honesty,Talk it out,Yes,Social media,Not sure,Neutral,Talk openly,Selfishness,0.0
223,Weekly,Large events,Support,Talk it out,No,Talking to someone,Ambivert,Neutral,Other,Being interrupted,0.0
224,Daily,Small gatherings,Honesty,Avoid conflict,Yes,None of the above,Introvert,Excited,Talk openly,Unnecessary criticism,1.0
225,Never,Small gatherings,Support,Let time fix it,Never,Talking to someone,Introvert,Excited,Other,Being interrupted,0.0
226,Monthly,Large events,Honesty,Avoid conflict,Sometimes,Alone time,Ambivert,Neutral,Express emotion strongly,Selfishness,0.0
227,Never,Both,Honesty,Talk it out,No,Alone time,Extrovert,Excited,Stay silent,Unnecessary criticism,0.0
228,Monthly,Small gatherings,Honesty,Avoid conflict,Yes,Social media,Extrovert,Nervous,Talk openly,Unnecessary criticism,1.0
229,Never,Never,Support,Avoid conflict,No,Talking to someone,Ambivert,Avoid it,Stay silent,Unnecessary criticism,1.0
230,Daily,Small gatherings,Loyalty,Talk it out,Yes,None of the above,Ambivert,Neutral,Stay silent,Unnecessary criticism,0.0
231,Daily,Never,Support,Let time fix it,Sometimes,Talking to someone,Not sure,Avoid it,Stay silent,Unnecessary criticism,0.0
232,Daily,Small gatherings,Loyalty,Talk it out,Yes,Talking to someone,Not sure,Avoid it,Talk openly,Selfishness,0.0
233,Daily,Small gatherings,Honesty,Let time fix it,Never,Talking to someone,Ambivert,Nervous,Talk openly,Being interrupted,1.0
234,Never,Both,Honesty,Talk it out,Sometimes,Alone time,Ambivert,Neutral,Stay silent,Being interrupted,1.0
235,Daily,Both,Honesty,Avoid conflict,Yes,Social media,Introvert,Excited,Talk openly,Selfishness,1.0
236,Never,Never,Honesty,Avoid conflict,Never,Alone time,Introvert,Avoid it,Express emotion strongly,Injustice,0.0
237,Monthly,Small gatherings,Honesty,Talk it out,Yes,Alone time,Introvert,Avoid it,Express emotion strongly,Injustice,0.0
238,Daily,Small gatherings,Loyalty,Talk it out,Yes,Alone time,Not sure,Neutral,Talk openly,Selfishness,1.0
239,Daily,Small gatherings,Loyalty,Talk it out,Yes,Alone time,Not sure,Neutral,Talk openly,Unnecessary criticism,1.0
240,Daily,Never,Support,Apologize first,Yes,Social media,Introvert,Excited,Other,Injustice,0.0
241,Daily,Small gatherings,Loyalty,Talk it out,Yes,Alone time,Not sure,Nervous,Talk openly,Unnecessary criticism,1.0
242,Daily,Small gatherings,Support,Talk it out,Never,Talking to someone,Extrovert,Nervous,Express emotion strongly,Selfishness,0.0
243,Daily,Large events,Honesty,Talk it out,Yes,Talking to someone,Introvert,Nervous,Other,Injustice,0.0
244,Daily,Small gatherings,Loyalty,Talk it out,Yes,Alone time,Not sure,Neutral,Talk openly,Unnecessary criticism,1.0
245,Daily,Small gatherings,Loyalty,Talk it out,Yes,Alone time,Not sure,Neutral,Talk openly,Unnecessary criticism,1.0
246,Daily,Small gatherings,Loyalty,Talk it out,Yes,Alone time,Not sure,Neutral,Talk openly,Unnecessary criticism,1.0
247,Daily,Small gatherings,Loyalty,Talk it out,Yes,Alone time,Not sure,Neutral,Talk openly,Unnecessary criticism,1.0
248,Monthly,Small gatherings,Loyalty,Talk it out,Yes,Alone time,Ambivert,Nervous,Express emotion strongly,Injustice,1.0
249,Weekly,Small gatherings,Support,Avoid conflict,Yes,Talking to someone,Introvert,Excited,Stay silent,Being interrupted,0.0
250,Monthly,Large events,Support,Apologize first,Sometimes,None of the above,Not sure,Neutral,Other,Injustice,0.0
251,Weekly,Large events,Loyalty,Talk it out,Sometimes,Talking to someone,Ambivert,Nervous,Express emotion strongly,Unnecessary criticism,0.0
252,Monthly,Both,Honesty,Avoid conflict,Never,Talking to someone,Ambivert,Nervous,Express emotion strongly,Being interrupted,0.0
253,Never,Large events,Support,Apologize first,Sometimes,Talking to someone,Ambivert,Neutral,Talk openly,Selfishness,0.0
254,Monthly,Large events,Loyalty,Apologize first,Sometimes,Talking to someone,Extrovert,Nervous,Express emotion strongly,Unnecessary criticism,0.0
255,Daily,Large events,Support,Talk it out,Yes,Social media,Extrovert,Nervous,Express emotion strongly,Selfishness,0.0
256,Weekly,Large events,Loyalty,Avoid conflict,Sometimes,Alone time,Introvert,Neutral,Express emotion strongly,Being interrupted,0.0
257,Monthly,Large events,Loyalty,Avoid conflict,Sometimes,Talking to someone,Ambivert,Neutral,Express emotion strongly,Being interrupted,0.0
258,Monthly,Both,Honesty,Avoid conflict,No,Social media,Introvert,Excited,Talk openly,Unnecessary criticism,1.0
259,Monthly,Large events,Support,Avoid conflict,Sometimes,Talking to someone,Ambivert,Neutral,Express emotion strongly,Being interrupted,0.0
260,Weekly,Small gatherings,Loyalty,Apologize first,Sometimes,Alone time,Introvert,Nervous,Express emotion strongly,Injustice,0.0
261,Daily,Both,Support,Let time fix it,Never,Talking to someone,Ambivert,Avoid it,Other,Being interrupted,0.0
262,Monthly,Both,Loyalty,Apologize first,Sometimes,Social media,Ambivert,Excited,Stay silent,Unnecessary criticism,0.0
263,Weekly,Large events,Honesty,Talk it out,Sometimes,Talking to someone,Introvert,Excited,Stay silent,Unnecessary criticism,0.0
264,Monthly,Small gatherings,Support,Avoid conflict,Yes,Social media,Ambivert,Excited,Talk openly,Unnecessary criticism,0.0
265,Monthly,Large events,Honesty,Avoid conflict,Yes,Talking to someone,Extrovert,Excited,Express emotion strongly,Unnecessary criticism,0.0
266,Monthly,Small gatherings,Honesty,Avoid conflict,Sometimes,Alone time,Extrovert,Neutral,Other,Injustice,0.0
267,Monthly,Both,Loyalty,Talk it out,Sometimes,None of the above,Extrovert,Neutral,Talk openly,Unnecessary criticism,0.0
268,Weekly,Large events,Honesty,Avoid conflict,Sometimes,Talking to someone,Ambivert,Nervous,Other,Injustice,0.0
269,Monthly,Both,Loyalty,Avoid conflict,Yes,Alone time,Extrovert,Neutral,Stay silent,Unnecessary criticism,0.0
270,Monthly,Large events,Loyalty,Apologize first,Sometimes,Talking to someone,Extrovert,Excited,Stay silent,Unnecessary criticism,0.0
271,Weekly,Small gatherings,Honesty,Avoid conflict,Sometimes,None of the above,Introvert,Neutral,Express emotion strongly,Unnecessary criticism,0.0
272,Monthly,Large events,Honesty,Talk it out,No,Social media,Extrovert,Nervous,Stay silent,Unnecessary criticism,0.0
273,Monthly,Never,Honesty,Avoid conflict,No,Alone time,Ambivert,Neutral,Talk openly,Unnecessary criticism,0.0
274,Monthly,Small gatherings,Honesty,Talk it out,No,Talking to someone,Ambivert,Nervous,Express emotion strongly,Unnecessary criticism,1.0
275,Monthly,Large events,Support,Apologize first,Sometimes,Talking to someone,Extrovert,Nervous,Talk openly,Selfishness,0.0
276,Weekly,Small gatherings,Honesty,Avoid conflict,Sometimes,Social media,Extrovert,Excited,Stay silent,Unnecessary criticism,1.0
277,Daily,Small gatherings,Honesty,Talk it out,Yes,Alone time,Introvert,Nervous,Talk openly,Selfishness,1.0
278,Weekly,Small gatherings,Loyalty,Avoid conflict,No,Alone time,Introvert,Excited,Stay silent,Selfishness,1.0
279,Daily,Large events,Loyalty,Talk it out,Yes,Social media,Not sure,Excited,Talk openly,Selfishness,1.0
280,Daily,Small gatherings,Honesty,Talk it out,No,Alone time,Introvert,Excited,Stay silent,Unnecessary criticism,1.0
281,Daily,Small gatherings,Support,Avoid conflict,No,Alone time,Extrovert,Nervous,Stay silent,Selfishness,0.0
282,Daily,Never,Honesty,Talk it out,Yes,Talking to someone,Introvert,Excited,Stay silent,Unnecessary criticism,1.0
283,Daily,Small gatherings,Loyalty,Avoid conflict,No,Alone time,Introvert,Excited,Stay silent,Unnecessary criticism,1.0
284,Daily,Small gatherings,Loyalty,Avoid conflict,No,Social media,Extrovert,Nervous,Talk openly,Selfishness,0.0
285,Daily,Large events,Loyalty,Avoid conflict,No,Alone time,Introvert,Nervous,Talk openly,Selfishness,1.0
286,Daily,Small gatherings,Honesty,Avoid conflict,No,Social media,Extrovert,Neutral,Express emotion strongly,Unnecessary criticism,0.0
287,Daily,Small gatherings,Honesty,Talk it out,No,Alone time,Introvert,Excited,Stay silent,Being interrupted,0.0
288,Daily,Small gatherings,Loyalty,Talk it out,Yes,Social media,Extrovert,Nervous,Talk openly,Being interrupted,1.0
289,Weekly,Small gatherings,Honesty,Talk it out,No,Alone time,Introvert,Excited,Talk openly,Selfishness,1.0
290,Daily,Small gatherings,Honesty,Avoid conflict,No,Alone time,Introvert,Excited,Talk openly,Selfishness,1.0
291,Daily,Small gatherings,Honesty,Apologize first,Never,Talking to someone,Introvert,Nervous,Talk openly,Unnecessary criticism,1.0
292,Daily,Small gatherings,Honesty,Avoid conflict,No,Social media,Ambivert,Avoid it,Talk openly,Selfishness,0.0
293,Daily,Large events,Loyalty,Talk it out,Yes,Social media,Extrovert,Neutral,Express emotion strongly,Being interrupted,0.0
294,Daily,Small gatherings,Loyalty,Apologize first,Yes,Social media,Extrovert,Nervous,Talk openly,Unnecessary criticism,0.0
295,Daily,Small gatherings,Honesty,Talk it out,No,Social media,Ambivert,Avoid it,Talk openly,Unnecessary criticism,1.0
296,Daily,Small gatherings,Honesty,Talk it out,No,Alone time,Extrovert,Nervous,Talk openly,Selfishness,1.0
297,Daily,Small gatherings,Honesty,Talk it out,Yes,Alone time,Introvert,Excited,Talk openly,Unnecessary criticism,1.0
298,Daily,Large events,Loyalty,Avoid conflict,No,Social media,Ambivert,Excited,Stay silent,Being interrupted,0.0
299,Daily,Small gatherings,Honesty,Avoid conflict,Yes,Alone time,Introvert,Excited,Talk openly,Selfishness,1.0
300,Daily,Small gatherings,Loyalty,Avoid conflict,No,Social media,Extrovert,Nervous,Stay silent,Unnecessary criticism,0.0
301,Daily,Both,Loyalty,Talk it out,Yes,Alone time,Introvert,Nervous,Stay silent,Being interrupted,1.0
302,Daily,Small gatherings,Loyalty,Avoid conflict,No,Alone time,Extrovert,Excited,Stay silent,Selfishness,1.0
303,Daily,Small gatherings,Honesty,Talk it out,Yes,Alone time,Extrovert,Nervous,Talk openly,Unnecessary criticism,1.0
304,Daily,Small gatherings,Support,Talk it out,No,None of the above,Introvert,Neutral,Stay silent,Selfishness,0.0
305,Daily,Small gatherings,Loyalty,Talk it out,Sometimes,Alone time,Introvert,Excited,Talk openly,Selfishness,1.0
306,Daily,Small gatherings,Honesty,Talk it out,Yes,Alone time,Introvert,Excited,Talk openly,Selfishness,1.0
307,Monthly,Small gatherings,Support,Talk it out,No,None of the above,Ambivert,Excited,Stay silent,Being interrupted,0.0
308,Weekly,Small gatherings,Honesty,Talk it out,Yes,Alone time,Ambivert,Nervous,Express emotion strongly,Selfishness,0.0
309,Daily,Large events,Honesty,Talk it out,Yes,Social media,Ambivert,Neutral,Express emotion strongly,Injustice,0.0
310,Daily,Never,Honesty,Talk it out,No,Social media,Ambivert,Neutral,Talk openly,Unnecessary criticism,0.0
311,Weekly,Both,Honesty,Talk it out,No,Social media,Introvert,Excited,Express emotion strongly,Being interrupted,0.0
312,Monthly,Large events,Honesty,Talk it out,No,Alone time,Not sure,Neutral,Express emotion strongly,Being interrupted,0.0
313,Daily,Large events,Honesty,Avoid conflict,Yes,Social media,Extrovert,Nervous,Talk openly,Unnecessary criticism,1.0
314,Daily,Both,Loyalty,Avoid conflict,No,Alone time,Ambivert,Excited,Talk openly,Unnecessary criticism,1.0
315,Weekly,Large events,Loyalty,Apologize first,Sometimes,Talking to someone,Not sure,Nervous,Other,Selfishness,0.0
316,Weekly,Both,Loyalty,Apologize first,No,Social media,Ambivert,Excited,Stay silent,Selfishness,1.0
317,Weekly,Both,Honesty,Avoid conflict,Yes,Talking to someone,Not sure,Avoid it,Express emotion strongly,Selfishness,1.0
318,Monthly,Both,Loyalty,Let time fix it,Yes,None of the above,Not sure,Avoid it,Other,Unnecessary criticism,0.0
319,Weekly,Both,Honesty,Let time fix it,Never,Social media,Not sure,Neutral,Other,Being interrupted,0.0
320,Monthly,Both,Support,Let time fix it,Sometimes,Social media,Extrovert,Neutral,Other,Injustice,0.0
321,Weekly,Both,Support,Apologize first,Never,Social media,Extrovert,Neutral,Talk openly,Being interrupted,0.0
322,Weekly,Large events,Honesty,Avoid conflict,No,Talking to someone,Ambivert,Nervous,Express emotion strongly,Injustice,0.0
323,Weekly,Never,Loyalty,Avoid conflict,Yes,Social media,Ambivert,Avoid it,Stay silent,Selfishness,1.0
324,Weekly,Both,Honesty,Talk it out,No,Alone time,Extrovert,Neutral,Stay silent,Being interrupted,1.0
325,Weekly,Small gatherings,Honesty,Talk it out,No,Talking to someone,Ambivert,Neutral,Talk openly,Unnecessary criticism,1.0
326,Weekly,Large events,Honesty,Avoid conflict,Sometimes,Alone time,Introvert,Excited,Stay silent,Selfishness,1.0
327,Monthly,Large events,Honesty,Let time fix it,No,Talking to someone,Not sure,Avoid it,Stay silent,Injustice,0.0
328,Weekly,Both,Support,Apologize first,Yes,Talking to someone,Ambivert,Avoid it,Talk openly,Injustice,1.0
329,Monthly,Large events,Loyalty,Apologize first,No,Alone time,Extrovert,Neutral,Stay silent,Unnecessary criticism,0.0
330,Weekly,Small gatherings,Honesty,Talk it out,Never,Talking to someone,Ambivert,Neutral,Other,Being interrupted,0.0
331,Monthly,Large events,Honesty,Talk it out,Sometimes,Talking to someone,Introvert,Avoid it,Talk openly,Unnecessary criticism,0.0
332,Weekly,Small gatherings,Loyalty,Apologize first,Sometimes,Social media,Extrovert,Excited,Express emotion strongly,Being interrupted,0.0
333,Never,Both,Honesty,Let time fix it,No,Social media,Extrovert,Excited,Stay silent,Unnecessary criticism,0.0
334,Weekly,Large events,Honesty,Talk it out,Yes,Social media,Ambivert,Avoid it,Talk openly,Being interrupted,1.0
335,Monthly,Large events,Loyalty,Talk it out,Yes,Alone time,Extrovert,Nervous,Other,Injustice,0.0
336,Weekly,Large events,Honesty,Avoid conflict,No,Alone time,Extrovert,Excited,Talk openly,Being interrupted,1.0
337,Monthly,Large events,Honesty,Talk it out,No,Social media,Extrovert,Nervous,Stay silent,Injustice,0.0
338,Never,Never,Honesty,Talk it out,Yes,Talking to someone,Ambivert,Excited,Talk openly,Being interrupted,1.0
339,Monthly,Both,Support,Talk it out,Yes,Social media,Ambivert,Excited,Talk openly,Unnecessary criticism,0.0
340,Weekly,Large events,Honesty,Avoid conflict,Yes,Alone time,Extrovert,Excited,Stay silent,Injustice,0.0
341,Monthly,Large events,Loyalty,Avoid conflict,No,Social media,Extrovert,Nervous,Express emotion strongly,Being interrupted,0.0
342,Weekly,Both,Honesty,Talk it out,Yes,Alone time,Ambivert,Neutral,Express emotion strongly,Injustice,1.0
343,Weekly,Both,Loyalty,Avoid conflict,No,None of the above,Not sure,Avoid it,Talk openly,Being interrupted,1.0
344,Weekly,Both,Loyalty,Talk it out,Yes,Talking to someone,Introvert,Avoid it,Other,Injustice,0.0
345,Monthly,Small gatherings,Honesty,Apologize first,No,Social media,Ambivert,Avoid it,Stay silent,Being interrupted,0.0
346,Monthly,Never,Support,Avoid conflict,No,Alone time,Extrovert,Avoid it,Express emotion strongly,Being interrupted,0.0
347,Monthly,Large events,Honesty,Apologize first,No,Alone time,Introvert,Nervous,Other,Unnecessary criticism,0.0
348,Never,Small gatherings,Honesty,Avoid conflict,No,Talking to someone,Not sure,Avoid it,Other,Injustice,0.0
349,Never,Small gatherings,Honesty,Talk it out,No,Alone time,Extrovert,Neutral,Other,Injustice,0.0
350,Weekly,Large events,Support,Apologize first,Sometimes,Social media,Extrovert,Neutral,Talk openly,Selfishness,1.0
351,Daily,Small gatherings,Honesty,Avoid conflict,No,Social media,Ambivert,Avoid it,Express emotion strongly,Being interrupted,0.0
352,Monthly,Both,Support,Talk it out,Yes,Alone time,Extrovert,Excited,Stay silent,Being interrupted,1.0
353,Monthly,Large events,Loyalty,Let time fix it,Sometimes,None of the above,Ambivert,Nervous,Stay silent,Unnecessary criticism,0.0
354,Monthly,Large events,Honesty,Avoid conflict,No,Alone time,Introvert,Excited,Stay silent,Unnecessary criticism,0.0
355,Weekly,Large events,Support,Talk it out,No,Alone time,Not sure,Excited,Stay silent,Injustice,0.0
356,Never,Both,Loyalty,Talk it out,No,Talking to someone,Ambivert,Nervous,Talk openly,Selfishness,1.0
357,Monthly,Large events,Honesty,Talk it out,Yes,Alone time,Extrovert,Nervous,Talk openly,Unnecessary criticism,0.0
358,Weekly,Large events,Loyalty,Avoid conflict,No,Social media,Ambivert,Neutral,Stay silent,Being interrupted,0.0
359,Weekly,Large events,Loyalty,Apologize first,Sometimes,Social media,Extrovert,Neutral,Express emotion strongly,Being interrupted,0.0
360,Monthly,Both,Loyalty,Let time fix it,Never,Social media,Extrovert,Nervous,Express emotion strongly,Being interrupted,0.0
361,Monthly,Small gatherings,Honesty,Apologize first,Sometimes,Social media,Introvert,Excited,Express emotion strongly,Injustice,0.0
362,Weekly,Large events,Support,Talk it out,Yes,Alone time,Introvert,Excited,Talk openly,Unnecessary criticism,0.0
363,Weekly,Small gatherings,Loyalty,Avoid conflict,No,Social media,Extrovert,Neutral,Talk openly,Unnecessary criticism,0.0
364,Monthly,Never,Support,Avoid conflict,Sometimes,Talking to someone,Not sure,Excited,Talk openly,Selfishness,0.0
365,Weekly,Small gatherings,Loyalty,Avoid conflict,Sometimes,Talking to someone,Introvert,Excited,Talk openly,Selfishness,1.0
366,Weekly,Small gatherings,Loyalty,Talk it out,Yes,Alone time,Extrovert,Nervous,Stay silent,Being interrupted,1.0
367,Weekly,Both,Support,Avoid conflict,Yes,Alone time,Introvert,Excited,Talk openly,Selfishness,1.0
368,Daily,Large events,Support,Let time fix it,Sometimes,Social media,Extrovert,Neutral,Stay silent,Unnecessary criticism,0.0
369,Monthly,Never,Support,Talk it out,No,Social media,Ambivert,Excited,Express emotion strongly,Selfishness,1.0
370,Weekly,Both,Loyalty,Avoid conflict,Sometimes,Alone time,Not sure,Excited,Express emotion strongly,Selfishness,1.0
371,Monthly,Large events,Support,Let time fix it,No,Talking to someone,Introvert,Avoid it,Stay silent,Injustice,0.0
372,Never,Both,Loyalty,Let time fix it,Never,Alone time,Introvert,Excited,Other,Selfishness,0.0
373,Monthly,Never,Loyalty,Avoid conflict,No,Talking to someone,Not sure,Avoid it,Stay silent,Being interrupted,1.0
374,Never,Small gatherings,Support,Apologize first,Never,Alone time,Introvert,Excited,Other,Injustice,0.0
375,Daily,Small gatherings,Honesty,Avoid conflict,No,Talking to someone,Extrovert,Avoid it,Express emotion strongly,Being interrupted,0.0
376,Monthly,Small gatherings,Honesty,Avoid conflict,Yes,Talking to someone,Ambivert,Neutral,Talk openly,Selfishness,0.0
377,Never,Both,Loyalty,Avoid conflict,Yes,Social media,Not sure,Excited,Stay silent,Being interrupted,1.0
378,Weekly,Small gatherings,Honesty,Avoid conflict,Yes,Social media,Ambivert,Neutral,Talk openly,Selfishness,0.0
379,Daily,Large events,Loyalty,Avoid conflict,No,Alone time,Introvert,Excited,Stay silent,Unnecessary criticism,0.0
380,Daily,Large events,Support,Apologize first,Yes,Alone time,Introvert,Excited,Talk openly,Selfishness,1.0
381,Monthly,Small gatherings,Honesty,Talk it out,Yes,Alone time,Introvert,Excited,Talk openly,Unnecessary criticism,0.0
382,Weekly,Large events,Support,Talk it out,Yes,Alone time,Extrovert,Excited,Talk openly,Unnecessary criticism,0.0
383,Never,Never,Support,Avoid conflict,No,Talking to someone,Ambivert,Excited,Express emotion strongly,Being interrupted,1.0
384,Never,Never,Support,Let time fix it,Sometimes,Social media,Extrovert,Excited,Stay silent,Unnecessary criticism,1.0
385,Weekly,Small gatherings,Honesty,Avoid conflict,No,Social media,Extrovert,Nervous,Talk openly,Selfishness,1.0
386,Daily,Small gatherings,Loyalty,Avoid conflict,Sometimes,Social media,Extrovert,Nervous,Talk openly,Being interrupted,1.0
387,Monthly,Large events,Loyalty,Talk it out,No,Social media,Not sure,Excited,Talk openly,Being interrupted,1.0
388,Weekly,Large events,Loyalty,Avoid conflict,Sometimes,Alone time,Extrovert,Excited,Talk openly,Selfishness,1.0
389,Weekly,Small gatherings,Honesty,Apologize first,Sometimes,Social media,Extrovert,Excited,Talk openly,Selfishness,1.0
390,Monthly,Both,Loyalty,Apologize first,Never,None of the above,Extrovert,Nervous,Other,Selfishness,0.0
391,Monthly,Large events,Support,Talk it out,No,Talking to someone,Not sure,Excited,Stay silent,Being interrupted,1.0
392,Monthly,Large events,Support,Apologize first,No,Social media,Extrovert,Neutral,Express emotion strongly,Selfishness,0.0
393,Weekly,Large events,Loyalty,Apologize first,Sometimes,None of the above,Ambivert,Nervous,Other,Selfishness,1.0
394,Daily,Both,Loyalty,Apologize first,Yes,Talking to someone,Ambivert,Nervous,Stay silent,Being interrupted,0.0
395,Monthly,Small gatherings,Loyalty,Talk it out,No,Social media,Ambivert,Neutral,Express emotion strongly,Injustice,0.0
396,Monthly,Both,Support,Avoid conflict,Sometimes,Social media,Extrovert,Nervous,Other,Selfishness,0.0
397,Monthly,Both,Loyalty,Avoid conflict,Sometimes,Talking to someone,Extrovert,Nervous,Other,Being interrupted,0.0
398,Weekly,Small gatherings,Honesty,Avoid conflict,Yes,Alone time,Ambivert,Avoid it,Stay silent,Unnecessary criticism,0.0
399,Weekly,Both,Honesty,Avoid conflict,Yes,Social media,Extrovert,Nervous,Express emotion strongly,Injustice,1.0
400,Daily,Small gatherings,Support,Apologize first,Sometimes,None of the above,Ambivert,Avoid it,Other,Injustice,0.0
401,Daily,Both,Loyalty,Apologize first,Sometimes,Talking to someone,Not sure,Avoid it,Express emotion strongly,Injustice,0.0
402,Never,Both,Support,Avoid conflict,Sometimes,Social media,Extrovert,Neutral,Express emotion strongly,Selfishness,0.0
403,Monthly,Both,Honesty,Avoid conflict,Sometimes,Social media,Not sure,Nervous,Other,Selfishness,1.0
404,Weekly,Large events,Honesty,Avoid conflict,Sometimes,Talking to someone,Not sure,Avoid it,Express emotion strongly,Unnecessary criticism,0.0
405,Monthly,Large events,Loyalty,Apologize first,Never,None of the above,Ambivert,Neutral,Other,Being interrupted,0.0
406,Weekly,Small gatherings,Loyalty,Let time fix it,Never,None of the above,Not sure,Neutral,Talk openly,Unnecessary criticism,0.0
407,Daily,Large events,Loyalty,Avoid conflict,Sometimes,Talking to someone,Extrovert,Avoid it,Express emotion strongly,Injustice,0.0
408,Weekly,Large events,Support,Let time fix it,Sometimes,Talking to someone,Not sure,Avoid it,Express emotion strongly,Injustice,0.0
409,Never,Never,Support,Let time fix it,Sometimes,None of the above,Not sure,Avoid it,Express emotion strongly,Injustice,0.0
410,Daily,Small gatherings,Loyalty,Talk it out,Yes,Alone time,Ambivert,Neutral,"Talk openly, Express emotion strongly",Unnecessary criticism,0.0
411,Daily,Both,Honesty,Apologize first,Sometimes,Social media,Not sure,Neutral,Talk openly,Being interrupted,0.0
412,Daily,Large events,Loyalty,Apologize first,Sometimes,Talking to someone,Extrovert,Neutral,Express emotion strongly,Unnecessary criticism,0.0
413,Weekly,Small gatherings,Loyalty,Apologize first,Yes,Social media,Not sure,Neutral,Talk openly,Injustice,0.0
414,Weekly,Small gatherings,Honesty,Avoid conflict,Never,Alone time,Not sure,Excited,Express emotion strongly,Injustice,0.0
415,Monthly,Never,Honesty,Talk it out,No,None of the above,Introvert,Avoid it,Stay silent,Selfishness,1.0
416,Weekly,Large events,Honesty,Let time fix it,Never,None of the above,Introvert,Excited,Other,Selfishness,1.0
417,Weekly,Both,Honesty,Let time fix it,Yes,Alone time,Ambivert,Excited,Talk openly,Unnecessary criticism,0.0
418,Monthly,Small gatherings,Loyalty,Avoid conflict,No,Talking to someone,Not sure,Nervous,Stay silent,Being interrupted,1.0
419,Weekly,Large events,Honesty,Avoid conflict,Sometimes,Alone time,Ambivert,Neutral,Talk openly,Selfishness,0.0
420,Monthly,Large events,Honesty,Avoid conflict,No,Social media,Ambivert,Neutral,Express emotion strongly,Selfishness,0.0
421,Weekly,Small gatherings,Support,Apologize first,Sometimes,Alone time,Ambivert,Avoid it,Other,Injustice,1.0
422,Monthly,Never,Support,Let time fix it,Never,Alone time,Not sure,Excited,Talk openly,Injustice,1.0
423,Never,Never,Support,Talk it out,Sometimes,Alone time,Ambivert,Excited,Talk openly,Selfishness,0.0
424,Never,Never,Support,Talk it out,Yes,Alone time,Extrovert,Nervous,Express emotion strongly,Unnecessary criticism,1.0
426,Monthly,Small gatherings,Loyalty,Avoid conflict,Sometimes,None of the above,Not sure,Neutral,Other,Selfishness,0.0
427,Daily,Small gatherings,Honesty,Talk it out,Yes,Social media,Extrovert,Nervous,Stay silent,Selfishness,0.0
428,Monthly,Small gatherings,Support,Let time fix it,Never,None of the above,Extrovert,Avoid it,Stay silent,Being interrupted,0.0
429,Monthly,Large events,Honesty,Talk it out,Never,Alone time,Extrovert,Excited,Other,Injustice,1.0
430,Weekly,Large events,Honesty,Avoid conflict,Yes,Alone time,Extrovert,Neutral,Talk openly,Unnecessary criticism,0.0
431,Monthly,Small gatherings,Support,Avoid conflict,Sometimes,Talking to someone,Not sure,Neutral,Talk openly,Being interrupted,0.0
432,Monthly,Large events,Loyalty,Avoid conflict,Yes,Talking to someone,Not sure,Neutral,Talk openly,Selfishness,0.0
433,Never,Both,Support,Talk it out,Yes,Alone time,Introvert,Avoid it,Talk openly,Selfishness,1.0
434,Never,Never,Loyalty,Apologize first,Sometimes,None of the above,Extrovert,Avoid it,Express emotion strongly,Being interrupted,1.0
435,Never,Never,Honesty,Talk it out,Sometimes,Alone time,Extrovert,Nervous,Talk openly,Injustice,0.0
436,Weekly,Small gatherings,Honesty,Talk it out,Sometimes,Talking to someone,Ambivert,Excited,Other,Unnecessary criticism,0.0
437,Weekly,Large events,Support,Apologize first,Yes,Alone time,Not sure,Avoid it,Other,Being interrupted,1.0
438,Monthly,Both,Loyalty,Apologize first,Never,Social media,Ambivert,Excited,Express emotion strongly,Being interrupted,0.0
439,Monthly,Both,Honesty,Apologize first,No,Talking to someone,Not sure,Excited,Express emotion strongly,Selfishness,0.0
440,Never,Both,Honesty,Avoid conflict,Yes,Alone time,Introvert,Excited,Talk openly,Selfishness,1.0
441,Never,Both,Support,Avoid conflict,Never,Talking to someone,Extrovert,Nervous,Other,Unnecessary criticism,0.0
442,Monthly,Large events,Loyalty,Avoid conflict,Sometimes,Talking to someone,Not sure,Excited,Talk openly,Selfishness,0.0
443,Weekly,Both,Loyalty,Avoid conflict,No,Social media,Ambivert,Neutral,Express emotion strongly,Unnecessary criticism,0.0
444,Monthly,Never,Loyalty,Apologize first,Never,Talking to someone,Not sure,Nervous,Other,Selfishness,0.0
445,Weekly,Both,Loyalty,Apologize first,No,Talking to someone,Not sure,Excited,Talk openly,Selfishness,0.0
446,Weekly,Small gatherings,Honesty,Avoid conflict,Yes,Alone time,Extrovert,Excited,Stay silent,Selfishness,1.0
447,Monthly,Small gatherings,Honesty,Avoid conflict,No,Alone time,Introvert,Excited,Talk openly,Selfishness,0.0
448,Daily,Both,Honesty,Talk it out,Yes,Alone time,Introvert,Excited,Stay silent,Selfishness,1.0
449,Monthly,Both,Honesty,Talk it out,Yes,Alone time,Introvert,Excited,Express emotion strongly,Being interrupted,0.0
450,Weekly,Small gatherings,Honesty,Avoid conflict,Never,None of the above,Introvert,Excited,Stay silent,Selfishness,1.0
451,Monthly,Small gatherings,Honesty,Talk it out,Yes,Alone time,Introvert,Excited,Talk openly,Selfishness,1.0
452,Never,Large events,Loyalty,Avoid conflict,Yes,Alone time,Extrovert,Excited,Talk openly,Selfishness,0.0
453,Daily,Small gatherings,Honesty,Talk it out,Yes,Alone time,Extrovert,Nervous,Express emotion strongly,Being interrupted,0.0
454,Never,Large events,Loyalty,Avoid conflict,No,Social media,Extrovert,Excited,Talk openly,Selfishness,1.0
455,Weekly,Small gatherings,Loyalty,Avoid conflict,Sometimes,None of the above,Introvert,Excited,Talk openly,Selfishness,1.0
456,Weekly,Small gatherings,Honesty,Talk it out,Yes,Alone time,Introvert,Nervous,Stay silent,Unnecessary criticism,0.0
457,Monthly,Both,Support,Avoid conflict,Yes,None of the above,Ambivert,Avoid it,Talk openly,Selfishness,0.0
458,Weekly,Never,Honesty,Talk it out,Yes,Social media,Ambivert,Nervous,Stay silent,Being interrupted,1.0
459,Weekly,Small gatherings,Honesty,Avoid conflict,Sometimes,Talking to someone,Ambivert,Neutral,Other,Unnecessary criticism,0.0
460,Daily,Large events,Honesty,Talk it out,Yes,Social media,Ambivert,Avoid it,Other,Unnecessary criticism,0.0
461,Monthly,Large events,Honesty,Talk it out,Sometimes,Social media,Ambivert,Excited,Other,Selfishness,0.0
462,Monthly,Never,Support,Apologize first,No,Social media,Not sure,Nervous,Talk openly,Injustice,1.0
463,Monthly,Never,Loyalty,Avoid conflict,Yes,Talking to someone,Introvert,Nervous,Stay silent,Being interrupted,0.0
464,Daily,Small gatherings,Honesty,Talk it out,No,Alone time,Extrovert,Excited,Talk openly,Being interrupted,1.0
465,Daily,Small gatherings,Support,Apologize first,Never,None of the above,Not sure,Avoid it,Talk openly,Unnecessary criticism,0.0
466,Weekly,Large events,Loyalty,Avoid conflict,No,Alone time,Introvert,Excited,Express emotion strongly,Unnecessary criticism,1.0
467,Daily,Large events,Loyalty,Avoid conflict,No,Alone time,Introvert,Excited,Stay silent,Unnecessary criticism,1.0
468,Weekly,Large events,Honesty,Avoid conflict,Never,Talking to someone,Ambivert,Neutral,Talk openly,Selfishness,0.0
469,Monthly,Small gatherings,Honesty,Talk it out,Yes,Talking to someone,Ambivert,Nervous,Express emotion strongly,Being interrupted,0.0
470,Monthly,Large events,Loyalty,Talk it out,Yes,Social media,Introvert,Excited,Stay silent,Unnecessary criticism,0.0
471,Monthly,Large events,Honesty,Avoid conflict,Sometimes,Talking to someone,Not sure,Excited,Express emotion strongly,Being interrupted,1.0
472,Monthly,Both,Loyalty,Avoid conflict,Yes,Alone time,Ambivert,Neutral,Express emotion strongly,Being interrupted,0.0
473,Weekly,Large events,Loyalty,Avoid conflict,Sometimes,Talking to someone,Ambivert,Neutral,Express emotion strongly,Unnecessary criticism,1.0
474,Monthly,Large events,Support,Apologize first,Sometimes,Alone time,Extrovert,Excited,Talk openly,Unnecessary criticism,1.0
475,Weekly,Small gatherings,Loyalty,Avoid conflict,No,Social media,Ambivert,Avoid it,Stay silent,Selfishness,1.0
476,Never,Large events,Loyalty,Apologize first,No,Alone time,Introvert,Excited,Other,Selfishness,1.0
477,Monthly,Large events,Loyalty,Apologize first,Sometimes,Talking to someone,Not sure,Excited,Express emotion strongly,Selfishness,0.0
478,Never,Never,Loyalty,Apologize first,Never,None of the above,Not sure,Excited,Other,Unnecessary criticism,1.0
479,Weekly,Large events,Loyalty,Talk it out,Yes,Talking to someone,Not sure,Avoid it,Other,Injustice,0.0
480,Monthly,Never,Loyalty,Talk it out,Never,Social media,Not sure,Nervous,Express emotion strongly,Selfishness,1.0
481,Never,Small gatherings,Loyalty,Avoid conflict,Never,Talking to someone,Introvert,Excited,Stay silent,Injustice,0.0
482,Never,Large events,Loyalty,Talk it out,No,Alone time,Ambivert,Nervous,Talk openly,Unnecessary criticism,0.0
483,Weekly,Never,Honesty,Avoid conflict,Sometimes,None of the above,Introvert,Excited,Talk openly,Unnecessary criticism,1.0
484,Monthly,Never,Honesty,Apologize first,Sometimes,Social media,Extrovert,Nervous,Talk openly,Injustice,0.0
485,Monthly,Never,Loyalty,Talk it out,No,Talking to someone,Introvert,Excited,Express emotion strongly,Injustice,1.0
486,Monthly,Both,Support,Avoid conflict,No,Talking to someone,Introvert,Excited,Talk openly,Selfishness,1.0
487,Monthly,Small gatherings,Support,Talk it out,Yes,Talking to someone,Not sure,Neutral,Other,Selfishness,0.0
488,Daily,Both,Support,Apologize first,Sometimes,Social media,Ambivert,Avoid it,Stay silent,Being interrupted,1.0
489,Daily,Never,Support,Apologize first,Never,Alone time,Ambivert,Neutral,Stay silent,Unnecessary criticism,0.0
490,Monthly,Never,Honesty,Talk it out,No,Talking to someone,Not sure,Nervous,Stay silent,Injustice,0.0
491,Monthly,Both,Loyalty,Let time fix it,No,Alone time,Introvert,Excited,Stay silent,Unnecessary criticism,0.0
492,Weekly,Large events,Honesty,Talk it out,No,Talking to someone,Extrovert,Nervous,Stay silent,Being interrupted,0.0
493,Monthly,Large events,Honesty,Talk it out,No,Alone time,Extrovert,Excited,Stay silent,Being interrupted,0.0
494,Monthly,Large events,Honesty,Avoid conflict,Sometimes,Talking to someone,Extrovert,Nervous,Talk openly,Selfishness,0.0
495,Monthly,Never,Support,Avoid conflict,Yes,Alone time,Introvert,Nervous,Stay silent,Selfishness,0.0
496,Monthly,Never,Honesty,Talk it out,Yes,Alone time,Introvert,Excited,Stay silent,Unnecessary criticism,0.0
497,Weekly,Large events,Loyalty,Talk it out,Sometimes,Alone time,Ambivert,Nervous,Express emotion strongly,Being interrupted,0.0
498,Weekly,Large events,Loyalty,Let time fix it,Never,None of the above,Ambivert,Excited,Talk openly,Injustice,0.0
499,Monthly,Small gatherings,Loyalty,Apologize first,Sometimes,Social media,Extrovert,Neutral,Other,Selfishness,0.0
500,Monthly,Both,Support,Apologize first,Sometimes,Social media,Ambivert,Neutral,Talk openly,Unnecessary criticism,0.0
501,Monthly,Small gatherings,Support,Apologize first,Sometimes,Talking to someone,Extrovert,Neutral,Stay silent,Being interrupted,1.0
502,Weekly,Large events,Loyalty,Avoid conflict,No,Social media,Not sure,Nervous,Other,Being interrupted,1.0
503,Monthly,Small gatherings,Loyalty,Avoid conflict,Sometimes,None of the above,Extrovert,Neutral,Other,Being interrupted,0.0
504,Never,Both,Support,Apologize first,No,Alone time,Extrovert,Excited,Talk openly,Unnecessary criticism,1.0
505,Never,Small gatherings,Support,Avoid conflict,Never,Social media,Extrovert,Neutral,Stay silent,Injustice,0.0
506,Weekly,Small gatherings,Loyalty,Let time fix it,Sometimes,Alone time,Extrovert,Neutral,Stay silent,Being interrupted,0.0
507,Never,Small gatherings,Honesty,Talk it out,No,Social media,Extrovert,Excited,Express emotion strongly,Being interrupted,0.0
508,Monthly,Small gatherings,Support,Apologize first,Yes,Alone time,Ambivert,Nervous,Other,Injustice,0.0
509,Monthly,Large events,Honesty,Avoid conflict,Sometimes,None of the above,Ambivert,Nervous,Stay silent,Unnecessary criticism,1.0
510,Weekly,Small gatherings,Honesty,Apologize first,No,Talking to someone,Not sure,Excited,Talk openly,Selfishness,1.0
511,Monthly,Small gatherings,Honesty,Avoid conflict,No,Social media,Introvert,Excited,Express emotion strongly,Being interrupted,0.0
512,Monthly,Large events,Loyalty,Talk it out,No,None of the above,Introvert,Nervous,Talk openly,Injustice,0.0
513,Monthly,Both,Support,Talk it out,Yes,Social media,Extrovert,Nervous,Talk openly,Selfishness,0.0
514,Weekly,Large events,Loyalty,Avoid conflict,Sometimes,Alone time,Ambivert,Excited,Stay silent,Unnecessary criticism,1.0
515,Daily,Both,Honesty,Talk it out,Yes,Talking to someone,Not sure,Excited,Stay silent,Unnecessary criticism,1.0
516,Weekly,Large events,Honesty,Let time fix it,Sometimes,Alone time,Introvert,Excited,Stay silent,Unnecessary criticism,1.0
517,weekly,Small gatherings,Honesty,Avoid conflict,Sometimes,Talking to someone,Not sure,Nervous,Other,Injustice,0.0
518,Weekly,Never,Loyalty,Apologize first,Sometimes,Talking to someone,Ambivert,Neutral,Talk openly,Injustice,0.0
519,Monthly,Never,Loyalty,Apologize first,Sometimes,Alone time,Introvert,Neutral,Other,Being interrupted,0.0
520,Never,Large events,Loyalty,Talk it out,No,Talking to someone,Not sure,Excited,Other,Being interrupted,0.0
521,Weekly,Large events,Support,Avoid conflict,Never,None of the above,Not sure,Excited,Stay silent,Being interrupted,1.0
522,Monthly,Small gatherings,Support,Let time fix it,Yes,Alone time,Introvert,Nervous,Express emotion strongly,Injustice,0.0
523,Monthly,Large events,Support,Avoid conflict,Yes,Alone time,Extrovert,Nervous,Other,Being interrupted,0.0
524,Monthly,Large events,Honesty,Talk it out,No,Social media,Ambivert,Avoid it,Other,Unnecessary criticism,0.0
525,Never,Never,Loyalty,Talk it out,Yes,Social media,Ambivert,Neutral,Talk openly,Injustice,0.0
526,Never,Large events,Loyalty,Talk it out,Yes,None of the above,Introvert,Excited,Talk openly,Injustice,0.0
527,Never,Large events,Support,Avoid conflict,Yes,Social media,Extrovert,Nervous,Stay silent,Being interrupted,0.0
528,Monthly,Large events,Honesty,Avoid conflict,Sometimes,Alone time,Extrovert,Excited,Stay silent,Unnecessary criticism,1.0
529,Monthly,Small gatherings,Honesty,Let time fix it,Sometimes,Alone time,Ambivert,Excited,Talk openly,Being interrupted,1.0
530,Never,Never,Honesty,Talk it out,Never,Social media,Introvert,Excited,Stay silent,Being interrupted,0.0
531,Never,Small gatherings,Support,Apologize first,Yes,Alone time,Extrovert,Nervous,Stay silent,Being interrupted,0.0
532,Never,Large events,Honesty,Let time fix it,Yes,Social media,Introvert,Nervous,Other,Being interrupted,0.0
533,Monthly,Large events,Honesty,Talk it out,No,Social media,Not sure,Excited,Talk openly,Injustice,0.0
534,Monthly,Large events,Support,Avoid conflict,Sometimes,Talking to someone,Not sure,Neutral,Stay silent,Injustice,1.0
535,Monthly,Large events,Honesty,Apologize first,Never,Talking to someone,Not sure,Avoid it,Talk openly,Unnecessary criticism,1.0
536,Monthly,Small gatherings,Honesty,Let time fix it,Yes,Social media,Ambivert,Avoid it,Talk openly,Injustice,1.0
537,Never,Small gatherings,Honesty,Avoid conflict,Yes,Alone time,Introvert,Nervous,Other,Injustice,0.0
538,Monthly,Never,Support,Avoid conflict,No,Alone time,Extrovert,Neutral,Express emotion strongly,Injustice,0.0
539,Daily,Large events,Loyalty,Apologize first,No,Talking to someone,Ambivert,Neutral,Express emotion strongly,Unnecessary criticism,0.0
540,Daily,Large events,Loyalty,Apologize first,Never,None of the above,Not sure,Neutral,Express emotion strongly,Unnecessary criticism,0.0
541,Monthly,Large events,Honesty,Talk it out,No,Talking to someone,Not sure,Avoid it,Talk openly,Injustice,0.0
542,Daily,Small gatherings,Honesty,Apologize first,Sometimes,Talking to someone,Ambivert,Avoid it,Other,Unnecessary criticism,0.0
543,Monthly,Large events,Honesty,Avoid conflict,Sometimes,Talking to someone,Ambivert,Avoid it,Stay silent,Unnecessary criticism,0.0
544,Weekly,Large events,Loyalty,Apologize first,No,Talking to someone,Ambivert,Neutral,Express emotion strongly,Injustice,0.0
545,Weekly,Small gatherings,Support,Avoid conflict,Sometimes,Talking to someone,Not sure,Avoid it,Other,Unnecessary criticism,0.0
546,Daily,Small gatherings,Honesty,Talk it out,Yes,Alone time,Not sure,Avoid it,Express emotion strongly,Injustice,0.0
547,Monthly,Large events,Honesty,Talk it out,Yes,Social media,Extrovert,Nervous,Stay silent,Being interrupted,0.0
548,Daily,Both,Support,Apologize first,Sometimes,Social media,Extrovert,Excited,Talk openly,Being interrupted,1.0
549,Weekly,Small gatherings,Support,Let time fix it,No,Social media,Ambivert,Nervous,Other,Being interrupted,0.0
550,Daily,Small gatherings,Honesty,Talk it out,Yes,Alone time,Introvert,Excited,Talk openly,Selfishness,1.0
551,Monthly,Never,Loyalty,Apologize first,No,Social media,Extrovert,Neutral,Express emotion strongly,Being interrupted,0.0
552,Weekly,Small gatherings,Support,Apologize first,Sometimes,Social media,Ambivert,Neutral,Express emotion strongly,Being interrupted,0.0
553,Daily,Small gatherings,Honesty,Talk it out,Sometimes,None of the above,Ambivert,Avoid it,Other,Injustice,0.0
554,Monthly,Both,Support,Apologize first,Sometimes,Talking to someone,Ambivert,Nervous,Stay silent,Being interrupted,0.0
555,Monthly,Never,Support,Apologize first,Sometimes,Social media,Extrovert,Nervous,Talk openly,Unnecessary criticism,0.0
556,Daily,Large events,Honesty,Talk it out,No,Social media,Ambivert,Neutral,Express emotion strongly,Being interrupted,0.0
557,Never,Both,Loyalty,Avoid conflict,No,Alone time,Extrovert,Neutral,Express emotion strongly,Being interrupted,0.0
558,Monthly,Large events,Loyalty,Avoid conflict,No,Social media,Ambivert,Avoid it,Stay silent,Unnecessary criticism,0.0
559,Weekly,Small gatherings,Loyalty,Avoid conflict,Sometimes,Talking to someone,Not sure,Neutral,Other,Injustice,0.0
560,Monthly,Large events,Honesty,Talk it out,Sometimes,Talking to someone,Introvert,Avoid it,Stay silent,Being interrupted,0.0
561,Daily,Large events,Honesty,Talk it out,Yes,Alone time,Introvert,Excited,Stay silent,Being interrupted,1.0
562,Daily,Small gatherings,Honesty,Talk it out,No,Talking to someone,Ambivert,Neutral,Express emotion strongly,Being interrupted,0.0
563,Monthly,Large events,Loyalty,Talk it out,Yes,Alone time,Extrovert,Neutral,Express emotion strongly,Injustice,0.0
564,Weekly,Large events,Honesty,Talk it out,No,Social media,Extrovert,Neutral,Stay silent,Injustice,0.0
565,Never,Large events,Loyalty,Apologize first,Sometimes,Social media,Introvert,Nervous,Stay silent,Being interrupted,0.0
566,Monthly,Large events,Honesty,Apologize first,No,Talking to someone,Extrovert,Neutral,Express emotion strongly,Being interrupted,0.0
567,Weekly,Small gatherings,Honesty,Talk it out,Yes,Alone time,Introvert,Nervous,Talk openly,Selfishness,0.0
568,Weekly,Small gatherings,Honesty,Talk it out,Yes,Social media,Not sure,Avoid it,Stay silent,Being interrupted,0.0
569,Monthly,Large events,Honesty,Talk it out,Yes,Social media,Not sure,Avoid it,Other,Injustice,0.0
570,Monthly,Both,Support,Avoid conflict,No,Social media,Extrovert,Nervous,Express emotion strongly,Being interrupted,0.0
571,Never,Large events,Honesty,Apologize first,No,Social media,Not sure,Nervous,Other,Being interrupted,0.0
572,Monthly,Small gatherings,Support,Apologize first,Sometimes,Talking to someone,Ambivert,Nervous,Stay silent,Unnecessary criticism,1.0
573,Daily,Both,Support,Let time fix it,Never,Social media,Extrovert,Neutral,Express emotion strongly,Being interrupted,0.0
574,Daily,Small gatherings,Honesty,Talk it out,Yes,Alone time,Extrovert,Neutral,Express emotion strongly,Injustice,0.0
575,Monthly,Large events,Loyalty,Talk it out,No,Social media,Extrovert,Nervous,Express emotion strongly,Injustice,0.0
576,Monthly,Both,Loyalty,Avoid conflict,Sometimes,None of the above,Not sure,Avoid it,Express emotion strongly,Injustice,0.0
577,Weekly,Small gatherings,Support,Apologize first,Sometimes,Talking to someone,Extrovert,Avoid it,Stay silent,Injustice,0.0
578,Weekly,Both,Loyalty,Avoid conflict,Sometimes,None of the above,Ambivert,Neutral,Express emotion strongly,Injustice,0.0
579,Weekly,Large events,Support,Avoid conflict,Sometimes,None of the above,Not sure,Avoid it,Express emotion strongly,Injustice,0.0
580,Never,Both,Support,Apologize first,Never,None of the above,Extrovert,Neutral,Express emotion strongly,Being interrupted,0.0
581,Weekly,Large events,Loyalty,Avoid conflict,No,Social media,Extrovert,Excited,Talk openly,Selfishness,1.0
582,Monthly,Large events,Honesty,Talk it out,No,Social media,Extrovert,Neutral,Express emotion strongly,Being interrupted,0.0
583,Monthly,Large events,Honesty,Apologize first,Sometimes,Talking to someone,Ambivert,Neutral,Other,Being interrupted,0.0
584,Weekly,Large events,Honesty,Talk it out,Yes,Social media,Ambivert,Avoid it,Express emotion strongly,Being interrupted,0.0
585,Daily,Small gatherings,Loyalty,Avoid conflict,Sometimes,Social media,Not sure,Neutral,Express emotion strongly,Unnecessary criticism,0.0
586,Daily,Both,Support,Apologize first,Sometimes,Alone time,Not sure,Avoid it,Stay silent,Unnecessary criticism,0.0
587,Monthly,Both,Loyalty,Talk it out,Yes,Alone time,Introvert,Avoid it,Other,Injustice,0.0
588,Monthly,Both,Support,Avoid conflict,Sometimes,Social media,Extrovert,Nervous,Express emotion strongly,Being interrupted,0.0
589,Daily,Large events,Honesty,Talk it out,Yes,Alone time,Ambivert,Neutral,Other,Injustice,0.0
590,Weekly,Small gatherings,Loyalty,Avoid conflict,No,Social media,Ambivert,Neutral,Express emotion strongly,Being interrupted,0.0
591,Never,Both,Support,Apologize first,Never,None of the above,Not sure,Neutral,Stay silent,Being interrupted,0.0
592,Weekly,Large events,Honesty,Apologize first,Sometimes,Talking to someone,Ambivert,Avoid it,Other,Injustice,0.0
593,Never,Both,Loyalty,Avoid conflict,Sometimes,Social media,Ambivert,Excited,Express emotion strongly,Being interrupted,0.0
594,Daily,Both,Loyalty,Talk it out,Sometimes,Social media,Ambivert,Nervous,Other,Being interrupted,0.0
595,Weekly,Never,Loyalty,Let time fix it,Sometimes,Alone time,Extrovert,Nervous,Other,Injustice,0.0
596,Monthly,Both,Support,Apologize first,Sometimes,Talking to someone,Extrovert,Nervous,Stay silent,Unnecessary criticism,0.0
597,Weekly,Small gatherings,Loyalty,Avoid conflict,No,Social media,Extrovert,Excited,Stay silent,Unnecessary criticism,0.0
598,Monthly,Large events,Honesty,Avoid conflict,Sometimes,Social media,Extrovert,Nervous,Stay silent,Unnecessary criticism,0.0
599,Weekly,Large events,Loyalty,Apologize first,Yes,Social media,Ambivert,Excited,Stay silent,Unnecessary criticism,1.0
600,Monthly,Both,Loyalty,Avoid conflict,No,Social media,Ambivert,Neutral,Talk openly,Being interrupted,0.0
601,Weekly,Large events,Loyalty,Avoid conflict,No,Social media,Extrovert,Nervous,Stay silent,Unnecessary criticism,0.0
602,Weekly,Never,Loyalty,Apologize first,Sometimes,None of the above,Extrovert,Avoid it,Other,Injustice,0.0
603,Weekly,Small gatherings,Honesty,Let time fix it,No,Social media,Not sure,Avoid it,Other,Injustice,0.0
604,Weekly,Large events,Support,Apologize first,Sometimes,Social media,Ambivert,Neutral,Stay silent,Being interrupted,0.0
605,Weekly,Large events,Support,Apologize first,Sometimes,Talking to someone,Extrovert,Neutral,Express emotion strongly,Injustice,0.0
606,Weekly,Large events,Honesty,Let time fix it,Sometimes,Talking to someone,Extrovert,Nervous,Stay silent,Being interrupted,1.0
607,Weekly,Large events,Honesty,Avoid conflict,Sometimes,Talking to someone,Not sure,Avoid it,Other,Injustice,0.0
608,Weekly,Small gatherings,Honesty,Talk it out,No,Social media,Extrovert,Nervous,Express emotion strongly,Injustice,0.0
609,Weekly,Small gatherings,Honesty,Talk it out,No,Talking to someone,Not sure,Avoid it,Express emotion strongly,Being interrupted,0.0
610,Weekly,Both,Support,Apologize first,Never,Talking to someone,Not sure,Avoid it,Express emotion strongly,Injustice,0.0
611,Never,Both,Support,Avoid conflict,No,Talking to someone,Extrovert,Neutral,Express emotion strongly,Being interrupted,0.0
612,Weekly,Large events,Honesty,Avoid conflict,Never,None of the above,Ambivert,Nervous,Stay silent,Unnecessary criticism,0.0
613,Daily,Small gatherings,Support,Apologize first,Sometimes,Talking to someone,Ambivert,Nervous,Express emotion strongly,Injustice,0.0
614,Monthly,Small gatherings,Honesty,Talk it out,Yes,Social media,Extrovert,Neutral,Express emotion strongly,Injustice,0.0
615,Weekly,Both,Support,Apologize first,No,Social media,Ambivert,Avoid it,Express emotion strongly,Being interrupted,0.0
616,Daily,Small gatherings,Honesty,Talk it out,Yes,Alone time,Not sure,Neutral,Express emotion strongly,Unnecessary criticism,0.0
617,Daily,Large events,Loyalty,Avoid conflict,Yes,Alone time,Ambivert,Neutral,Express emotion strongly,Being interrupted,0.0
618,Daily,Large events,Support,Apologize first,Never,Talking to someone,Not sure,Neutral,Other,Injustice,0.0
619,Monthly,Large events,Honesty,Talk it out,No,Social media,Ambivert,Neutral,Other,Unnecessary criticism,0.0
620,Monthly,Small gatherings,Support,Apologize first,Sometimes,Talking to someone,Extrovert,Excited,Stay silent,Injustice,0.0
621,Weekly,Large events,Support,Apologize first,No,Social media,Ambivert,Neutral,Express emotion strongly,Being interrupted,0.0
622,Weekly,Small gatherings,Loyalty,Avoid conflict,Never,Talking to someone,Ambivert,Neutral,Stay silent,Being interrupted,0.0
623,Never,Large events,Loyalty,Let time fix it,No,Social media,Extrovert,Excited,Talk openly,Unnecessary criticism,1.0
624,Monthly,Large events,Honesty,Apologize first,Yes,Social media,Ambivert,Neutral,Talk openly,Injustice,0.0
625,Weekly,Small gatherings,Honesty,Avoid conflict,Never,None of the above,Not sure,Avoid it,Stay silent,Unnecessary criticism,0.0
626,Weekly,Large events,Honesty,Avoid conflict,Sometimes,None of the above,Ambivert,Neutral,Other,Injustice,0.0
627,Weekly,Small gatherings,Support,Apologize first,Sometimes,Talking to someone,Not sure,Nervous,Stay silent,Unnecessary criticism,0.0
628,Weekly,Large events,Support,Let time fix it,No,Talking to someone,Not sure,Avoid it,Express emotion strongly,Being interrupted,0.0
629,Weekly,Small gatherings,Loyalty,Avoid conflict,No,Talking to someone,Ambivert,Neutral,Stay silent,Injustice,0.0
630,Weekly,Small gatherings,Loyalty,Avoid conflict,Sometimes,None of the above,Not sure,Avoid it,Express emotion strongly,Being interrupted,0.0
631,Weekly,Small gatherings,Honesty,Avoid conflict,Sometimes,Talking to someone,Ambivert,Nervous,Express emotion strongly,Injustice,0.0
632,Never,Large events,Support,Apologize first,Sometimes,None of the above,Not sure,Avoid it,Talk openly,Unnecessary criticism,0.0
633,Daily,Small gatherings,Loyalty,Talk it out,No,Social media,Not sure,Avoid it,Express emotion strongly,Injustice,0.0
634,Weekly,Small gatherings,Honesty,Talk it out,Yes,Talking to someone,Ambivert,Avoid it,Other,Injustice,0.0
635,Weekly,Small gatherings,Honesty,Avoid conflict,No,Talking to someone,Not sure,Avoid it,Other,Injustice,0.0
636,Weekly,Small gatherings,Honesty,Talk it out,No,Social media,Ambivert,Neutral,Other,Injustice,0.0
637,Weekly,Small gatherings,Support,Apologize first,No,Alone time,Extrovert,Nervous,Stay silent,Injustice,0.0
638,Weekly,Never,Loyalty,Apologize first,Never,None of the above,Not sure,Avoid it,Other,Being interrupted,0.0
639,Daily,Large events,Loyalty,Talk it out,No,Talking to someone,Extrovert,Neutral,Express emotion strongly,Being interrupted,0.0
640,Weekly,Both,Support,Let time fix it,Sometimes,None of the above,Not sure,Neutral,Express emotion strongly,Injustice,0.0
641,Never,Never,Loyalty,Avoid conflict,No,None of the above,Introvert,Nervous,Talk openly,Being interrupted,0.0
642,Weekly,Never,Honesty,Talk it out,Sometimes,Alone time,Introvert,Nervous,Express emotion strongly,Unnecessary criticism,0.0
643,Daily,Small gatherings,Support,Avoid conflict,Sometimes,Talking to someone,Not sure,Nervous,Stay silent,Being interrupted,0.0
644,Weekly,Large events,Honesty,Talk it out,Never,Talking to someone,Not sure,Nervous,Express emotion strongly,Being interrupted,0.0
645,Weekly,Large events,Loyalty,Talk it out,No,Talking to someone,Ambivert,Neutral,Other,Injustice,0.0
646,Weekly,Large events,Loyalty,Talk it out,Sometimes,Talking to someone,Ambivert,Nervous,Express emotion strongly,Injustice,0.0
647,Weekly,Small gatherings,Honesty,Avoid conflict,Sometimes,Social media,Extrovert,Neutral,Express emotion strongly,Unnecessary criticism,0.0
648,Weekly,Both,Support,Apologize first,No,Talking to someone,Ambivert,Neutral,Other,Being interrupted,0.0
649,Daily,Large events,Honesty,Apologize first,Never,None of the above,Not sure,Neutral,Express emotion strongly,Injustice,0.0
650,Monthly,Large events,Support,Apologize first,Sometimes,None of the above,Extrovert,Neutral,Talk openly,Selfishness,0.0
651,Weekly,Small gatherings,Support,Avoid conflict,Sometimes,None of the above,Ambivert,Neutral,Other,Injustice,0.0
652,Weekly,Small gatherings,Honesty,Talk it out,No,Alone time,Introvert,Excited,Stay silent,Being interrupted,1.0
653,Weekly,Both,Loyalty,Let time fix it,No,Social media,Extrovert,Nervous,Other,Injustice,0.0
654,Weekly,Large events,Loyalty,Apologize first,Sometimes,None of the above,Not sure,Neutral,Talk openly,Unnecessary criticism,0.0
655,Weekly,Both,Support,Talk it out,No,None of the above,Not sure,Nervous,Express emotion strongly,Injustice,0.0
656,Daily,Small gatherings,Loyalty,Let time fix it,Never,None of the above,Extrovert,Nervous,Stay silent,Unnecessary criticism,0.0
657,Weekly,Large events,Honesty,Talk it out,Yes,Alone time,Introvert,Nervous,Stay silent,Injustice,0.0
658,Monthly,Large events,Honesty,Avoid conflict,Yes,Alone time,Extrovert,Nervous,Stay silent,Unnecessary criticism,0.0
659,Weekly,Large events,Honesty,Talk it out,Yes,Alone time,Introvert,Nervous,Stay silent,Injustice,0.0
660,Weekly,Both,Loyalty,Talk it out,Yes,Alone time,Extrovert,Neutral,Express emotion strongly,Injustice,0.0
661,Monthly,Large events,Loyalty,Apologize first,Sometimes,Talking to someone,Not sure,Avoid it,Other,Injustice,0.0
662,Weekly,Large events,Honesty,Apologize first,Never,Alone time,Ambivert,Nervous,Talk openly,Injustice,1.0
663,Daily,Large events,Honesty,Talk it out,Yes,Alone time,Introvert,Nervous,Express emotion strongly,Selfishness,0.0
664,Daily,Large events,Loyalty,Apologize first,Sometimes,Talking to someone,Ambivert,Neutral,Stay silent,Injustice,0.0
665,Monthly,Small gatherings,Support,Apologize first,Sometimes,Social media,Ambivert,Avoid it,Express emotion strongly,Being interrupted,0.0
666,Daily,Small gatherings,Loyalty,Talk it out,No,Talking to someone,Ambivert,Excited,Express emotion strongly,Being interrupted,0.0
667,Daily,Large events,Loyalty,Talk it out,Yes,Alone time,Introvert,Excited,Express emotion strongly,Being interrupted,0.0
668,Daily,Small gatherings,Loyalty,Talk it out,Yes,Social media,Extrovert,Neutral,Other,Being interrupted,0.0
669,Daily,Large events,Support,Apologize first,Never,None of the above,Introvert,Nervous,Express emotion strongly,Being interrupted,0.0
670,Weekly,Large events,Loyalty,Avoid conflict,Sometimes,Social media,Ambivert,Nervous,Talk openly,Selfishness,1.0
671,Daily,Both,Loyalty,Avoid conflict,Sometimes,Social media,Ambivert,Nervous,Stay silent,Unnecessary criticism,0.0
672,Never,Both,Loyalty,Avoid conflict,No,Social media,Ambivert,Nervous,Talk openly,Unnecessary criticism,1.0
673,Daily,Small gatherings,Support,Apologize first,Sometimes,Talking to someone,Ambivert,Avoid it,Other,Being interrupted,0.0
674,Daily,Both,Support,Avoid conflict,No,Talking to someone,Extrovert,Nervous,"Stay silent, Express emotion strongly",Unnecessary criticism,0.0
675,Weekly,Large events,Honesty,Avoid conflict,Sometimes,Talking to someone,Ambivert,Avoid it,Express emotion strongly,Injustice,0.0
676,Daily,Small gatherings,Honesty,Talk it out,Yes,Alone time,Introvert,Excited,Stay silent,Unnecessary criticism,0.0
677,Daily,Large events,Loyalty,Apologize first,Sometimes,Talking to someone,Not sure,Avoid it,Talk openly,Being interrupted,0.0
678,Weekly,Both,Loyalty,Apologize first,Sometimes,Talking to someone,Ambivert,Neutral,Other,Injustice,0.0
679,Daily,Large events,Support,Talk it out,Yes,Social media,Extrovert,Nervous,Talk openly,Unnecessary criticism,0.0
680,Daily,Large events,Support,Avoid conflict,Yes,Social media,Extrovert,Nervous,Other,Injustice,0.0
681,Daily,Small gatherings,Loyalty,Avoid conflict,Never,None of the above,Extrovert,Neutral,Express emotion strongly,Unnecessary criticism,0.0
682,Monthly,Both,Support,Apologize first,No,Talking to someone,Introvert,Excited,"Talk openly, Stay silent, Express emotion strongly, Other",Unnecessary criticism,0.0
683,Weekly,Small gatherings,Honesty,Avoid conflict,No,Alone time,Introvert,Excited,Stay silent,Unnecessary criticism,1.0
684,Monthly,Both,Loyalty,Avoid conflict,Sometimes,Social media,Ambivert,Nervous,Other,Unnecessary criticism,1.0
685,Daily,Small gatherings,Loyalty,Avoid conflict,Sometimes,Talking to someone,Ambivert,Avoid it,Other,Injustice,0.0
686,Daily,Small gatherings,Honesty,Talk it out,Yes,Alone time,Extrovert,Excited,Stay silent,Selfishness,1.0
687,Daily,Large events,Honesty,Avoid conflict,Yes,Social media,Extrovert,Nervous,Talk openly,Unnecessary criticism,1.0
688,Daily,Large events,Honesty,Talk it out,Yes,Alone time,Extrovert,Excited,Stay silent,Unnecessary criticism,0.0
689,Daily,Small gatherings,Honesty,Avoid conflict,No,Alone time,Extrovert,Excited,Talk openly,Selfishness,1.0
690,Daily,Large events,Honesty,Talk it out,No,Social media,Extrovert,Nervous,Talk openly,Being interrupted,1.0
691,Weekly,Small gatherings,Honesty,Talk it out,Yes,Alone time,Ambivert,Nervous,Stay silent,Being interrupted,0.0
692,Weekly,Small gatherings,Honesty,Talk it out,Yes,Alone time,Introvert,Excited,Express emotion strongly,Being interrupted,0.0
693,Monthly,Large events,Loyalty,Apologize first,Sometimes,Social media,Extrovert,Nervous,Talk openly,Unnecessary criticism,1.0
694,Monthly,Large events,Honesty,Talk it out,Yes,Alone time,Extrovert,Neutral,Express emotion strongly,Being interrupted,0.0
695,Weekly,Small gatherings,Honesty,Avoid conflict,Sometimes,Talking to someone,Ambivert,Avoid it,Stay silent,Unnecessary criticism,0.0
696,Monthly,Small gatherings,Honesty,Talk it out,No,Social media,Ambivert,Neutral,Express emotion strongly,Injustice,0.0
697,Never,Both,Loyalty,Apologize first,Sometimes,Alone time,Introvert,Avoid it,Other,Injustice,0.0
699,Monthly,Both,Loyalty,Let time fix it,Never,Talking to someone,Extrovert,Excited,Express emotion strongly,Being interrupted,1.0
700,Weekly,Small gatherings,Honesty,Talk it out,Yes,Alone time,Introvert,Nervous,Express emotion strongly,Unnecessary criticism,0.0
701,Weekly,Small gatherings,Honesty,Talk it out,Sometimes,None of the above,Not sure,Nervous,Talk openly,Unnecessary criticism,0.0
702,Daily,Large events,Honesty,Talk it out,Yes,Alone time,Introvert,Excited,Other,Being interrupted,0.0
703,Monthly,Both,Honesty,Apologize first,Yes,Alone time,Introvert,Neutral,Express emotion strongly,Injustice,1.0
704,Weekly,Small gatherings,Loyalty,Let time fix it,No,Alone time,Introvert,Nervous,Stay silent,Unnecessary criticism,1.0
705,Monthly,Never,Loyalty,Talk it out,Yes,Social media,Not sure,Excited,Stay silent,Selfishness,0.0
706,Weekly,Large events,Loyalty,Talk it out,Yes,Alone time,Introvert,Excited,Express emotion strongly,Selfishness,0.0
707,Monthly,Large events,Honesty,Talk it out,Sometimes,Social media,Not sure,Excited,Talk openly,Unnecessary criticism,0.0
708,Monthly,Large events,Honesty,Talk it out,No,Talking to someone,Ambivert,Nervous,Stay silent,Unnecessary criticism,1.0
709,Monthly,Small gatherings,Honesty,Avoid conflict,No,Talking to someone,Ambivert,Nervous,Talk openly,Unnecessary criticism,0.0
710,Weekly,Large events,Support,Avoid conflict,Yes,Social media,Ambivert,Nervous,Stay silent,Unnecessary criticism,1.0
711,Monthly,Large events,Honesty,Avoid conflict,Yes,Social media,Extrovert,Nervous,Stay silent,Selfishness,0.0
712,Monthly,Never,Loyalty,Avoid conflict,No,Alone time,Extrovert,Excited,Talk openly,Unnecessary criticism,0.0
713,Weekly,Small gatherings,Support,Talk it out,Yes,Alone time,Introvert,Nervous,Talk openly,Being interrupted,0.0
714,Never,Both,Honesty,Talk it out,Yes,Alone time,Extrovert,Excited,Stay silent,Being interrupted,0.0
715,Never,Both,Loyalty,Talk it out,Yes,Alone time,Extrovert,Excited,Stay silent,Selfishness,1.0
716,Daily,Large events,Loyalty,Avoid conflict,No,Alone time,Introvert,Excited,Talk openly,Unnecessary criticism,0.0
717,Monthly,Small gatherings,Honesty,Talk it out,Yes,Alone time,Introvert,Excited,Talk openly,Being interrupted,1.0
718,Daily,Never,Support,Apologize first,Sometimes,Talking to someone,Ambivert,Excited,Talk openly,Being interrupted,0.0
719,Monthly,Never,Support,Avoid conflict,Never,Social media,Extrovert,Nervous,Talk openly,Selfishness,0.0
720,Never,Large events,Honesty,Avoid conflict,Sometimes,Talking to someone,Extrovert,Excited,Talk openly,Being interrupted,0.0
721,Never,Large events,Loyalty,Avoid conflict,Yes,Alone time,Introvert,Avoid it,Stay silent,Injustice,1.0
722,Weekly,Small gatherings,Loyalty,Apologize first,Yes,Social media,Introvert,Excited,Stay silent,Unnecessary criticism,0.0
723,Weekly,Small gatherings,Honesty,Talk it out,Yes,Talking to someone,Ambivert,Nervous,Talk openly,Unnecessary criticism,0.0
724,Never,Large events,Honesty,Let time fix it,Yes,Alone time,Extrovert,Nervous,Talk openly,Selfishness,1.0
725,Weekly,Small gatherings,Honesty,Talk it out,No,Social media,Ambivert,Nervous,Talk openly,Selfishness,0.0
726,Never,Both,Loyalty,Apologize first,Yes,Social media,Introvert,Excited,Talk openly,Selfishness,1.0
727,Weekly,Small gatherings,Support,Talk it out,Yes,Talking to someone,Ambivert,Excited,Talk openly,Unnecessary criticism,1.0
728,Daily,Small gatherings,Honesty,Avoid conflict,No,Social media,Extrovert,Nervous,Talk openly,Selfishness,0.0
729,Daily,Both,Honesty,Talk it out,Yes,Talking to someone,Extrovert,Neutral,Stay silent,Selfishness,1.0
730,Weekly,Small gatherings,Loyalty,Avoid conflict,Yes,Social media,Extrovert,Nervous,Express emotion strongly,Unnecessary criticism,0.0
731,Weekly,Large events,Loyalty,Talk it out,Yes,Alone time,Ambivert,Nervous,Stay silent,Unnecessary criticism,1.0
732,Weekly,Small gatherings,Loyalty,Avoid conflict,Yes,Talking to someone,Introvert,Excited,Talk openly,Unnecessary criticism,1.0
733,Never,Small gatherings,Honesty,Avoid conflict,Sometimes,Alone time,Extrovert,Excited,Express emotion strongly,Unnecessary criticism,0.0
734,Never,Both,Loyalty,Let time fix it,Yes,Alone time,Extrovert,Excited,Stay silent,Injustice,1.0
735,Monthly,Both,Honesty,Avoid conflict,No,Social media,Not sure,Excited,Stay silent,Injustice,1.0
736,Weekly,Both,Loyalty,Talk it out,No,Social media,Extrovert,Excited,Express emotion strongly,Selfishness,0.0
737,Weekly,Never,Loyalty,Talk it out,Yes,Alone time,Introvert,Excited,Talk openly,Unnecessary criticism,1.0
738,Monthly,Both,Honesty,Talk it out,Yes,Social media,Ambivert,Nervous,Stay silent,Selfishness,0.0
739,Weekly,Small gatherings,Support,Talk it out,Yes,Alone time,Ambivert,Neutral,Talk openly,Selfishness,0.0
740,Weekly,Large events,Loyalty,Apologize first,No,Social media,Introvert,Excited,Talk openly,Selfishness,0.0
741,Weekly,Large events,Loyalty,Avoid conflict,Sometimes,Social media,Introvert,Neutral,Talk openly,Being interrupted,0.0
742,Weekly,Large events,Loyalty,Apologize first,No,Alone time,Extrovert,Nervous,Stay silent,Unnecessary criticism,1.0
743,Weekly,Small gatherings,Loyalty,Avoid conflict,Sometimes,Talking to someone,Ambivert,Excited,Stay silent,Being interrupted,1.0
744,Weekly,Small gatherings,Support,Talk it out,Yes,Social media,Ambivert,Nervous,Stay silent,Being interrupted,0.0
745,Monthly,Large events,Support,Apologize first,No,Social media,Introvert,Nervous,Talk openly,Being interrupted,0.0
746,Monthly,Small gatherings,Support,Talk it out,No,Talking to someone,Extrovert,Excited,Stay silent,Unnecessary criticism,0.0
747,Weekly,Small gatherings,Loyalty,Avoid conflict,Sometimes,Social media,Extrovert,Nervous,Stay silent,Unnecessary criticism,0.0
748,Daily,Small gatherings,Honesty,Apologize first,Sometimes,Alone time,Not sure,Nervous,Stay silent,Unnecessary criticism,1.0
749,Weekly,Large events,Honesty,Avoid conflict,No,Social media,Not sure,Nervous,Stay silent,Unnecessary criticism,1.0
750,Monthly,Small gatherings,Loyalty,Let time fix it,No,Alone time,Ambivert,Excited,Express emotion strongly,Being interrupted,0.0
751,Weekly,Never,Loyalty,Avoid conflict,Sometimes,None of the above,Extrovert,Nervous,Express emotion strongly,Being interrupted,1.0
752,Weekly,Small gatherings,Support,Avoid conflict,No,Alone time,Introvert,Nervous,Talk openly,Unnecessary criticism,1.0
753,Monthly,Never,Support,Apologize first,Sometimes,Social media,Introvert,Excited,Express emotion strongly,Unnecessary criticism,1.0
754,Daily,Small gatherings,Support,Talk it out,Sometimes,Alone time,Introvert,Excited,Other,Being interrupted,1.0
755,Weekly,Both,Honesty,Let time fix it,Sometimes,Talking to someone,Introvert,Excited,Other,Selfishness,1.0
756,Monthly,Large events,Loyalty,Talk it out,No,Alone time,Ambivert,Excited,Talk openly,Injustice,1.0
757,Never,Small gatherings,Loyalty,Avoid conflict,No,Alone time,Introvert,Excited,Express emotion strongly,Being interrupted,1.0
758,Daily,Large events,Support,Avoid conflict,Sometimes,Alone time,Extrovert,Neutral,Other,Injustice,0.0
759,Weekly,Small gatherings,Support,Avoid conflict,No,Alone time,Introvert,Nervous,Stay silent,Unnecessary criticism,1.0
760,Monthly,Large events,Loyalty,Talk it out,Yes,Alone time,Introvert,Neutral,Stay silent,Being interrupted,0.0
761,Monthly,Large events,Honesty,Talk it out,No,Social media,Extrovert,Nervous,Talk openly,Selfishness,1.0
762,Monthly,Large events,Loyalty,Talk it out,Yes,Social media,Extrovert,Avoid it,Stay silent,Injustice,1.0
763,Monthly,Both,Honesty,Avoid conflict,No,Social media,Extrovert,Nervous,Stay silent,Unnecessary criticism,0.0
764,Monthly,Both,Loyalty,Apologize first,Sometimes,None of the above,Not sure,Avoid it,Express emotion strongly,Being interrupted,0.0
765,Monthly,Small gatherings,Loyalty,Avoid conflict,No,Alone time,Extrovert,Neutral,Stay silent,Being interrupted,0.0
766,Daily,Never,Honesty,Talk it out,Yes,Alone time,Extrovert,Excited,Talk openly,Selfishness,0.0
767,Monthly,Both,Support,Talk it out,No,None of the above,Extrovert,Excited,Talk openly,Injustice,0.0
768,Monthly,Small gatherings,Honesty,Avoid conflict,No,Alone time,Not sure,Nervous,Express emotion strongly,Injustice,0.0
769,Never,Never,Honesty,Avoid conflict,Sometimes,Alone time,Extrovert,Nervous,Talk openly,Unnecessary criticism,0.0
770,Monthly,Large events,Support,Avoid conflict,Yes,Social media,Ambivert,Nervous,Stay silent,Injustice,0.0
771,Monthly,Both,Support,Avoid conflict,Sometimes,Social media,Ambivert,Neutral,Express emotion strongly,Being interrupted,0.0
772,Daily,Both,Support,Apologize first,Never,Talking to someone,Not sure,Avoid it,Talk openly,Being interrupted,0.0
773,Weekly,Small gatherings,Support,Apologize first,Never,Alone time,Not sure,Nervous,Talk openly,Selfishness,0.0
774,Never,Both,Loyalty,Talk it out,Yes,Alone time,Ambivert,Excited,Talk openly,Unnecessary criticism,0.0
775,Daily,Small gatherings,Honesty,Avoid conflict,Sometimes,Talking to someone,Not sure,Avoid it,Talk openly,Selfishness,0.0
776,Weekly,Large events,Support,Talk it out,No,Talking to someone,Not sure,Excited,Other,Being interrupted,1.0
777,Monthly,Both,Support,Let time fix it,Never,None of the above,Ambivert,Excited,Other,Unnecessary criticism,0.0
778,Monthly,Both,Support,Apologize first,Sometimes,Social media,Ambivert,Excited,Talk openly,Selfishness,0.0
779,Never,Both,Honesty,Let time fix it,Never,Alone time,Extrovert,Nervous,Talk openly,Selfishness,0.0
780,Weekly,Never,Support,Apologize first,Sometimes,None of the above,Extrovert,Neutral,Other,Injustice,0.0
781,Never,Small gatherings,Support,Talk it out,Yes,Alone time,Ambivert,Avoid it,Other,Injustice,0.0
782,Never,Small gatherings,Honesty,Let time fix it,Never,None of the above,Not sure,Nervous,Other,Being interrupted,0.0
783,Monthly,Small gatherings,Loyalty,Apologize first,Never,Talking to someone,Not sure,Neutral,Stay silent,Being interrupted,0.0
784,Monthly,Both,Support,Avoid conflict,Sometimes,Talking to someone,Not sure,Avoid it,Talk openly,Being interrupted,1.0
785,Weekly,Large events,Support,Apologize first,No,Alone time,Not sure,Avoid it,Talk openly,Unnecessary criticism,0.0
786,Weekly,Never,Support,Talk it out,Yes,Social media,Introvert,Excited,Express emotion strongly,Being interrupted,0.0
787,Weekly,Small gatherings,Support,Let time fix it,No,Alone time,Ambivert,Excited,Other,Injustice,0.0
788,Daily,Large events,Honesty,Avoid conflict,Sometimes,None of the above,Not sure,Neutral,Stay silent,Selfishness,0.0
789,Daily,Small gatherings,Honesty,Talk it out,Yes,Alone time,Introvert,Excited,Talk openly,Selfishness,1.0
790,Monthly,Large events,Support,Let time fix it,No,Talking to someone,Extrovert,Excited,Talk openly,Selfishness,1.0
791,Monthly,Both,Support,Avoid conflict,No,Talking to someone,Introvert,Nervous,Stay silent,Being interrupted,1.0
792,Daily,Never,Support,Talk it out,Yes,Alone time,Ambivert,Excited,Express emotion strongly,Injustice,1.0
793,Monthly,Both,Loyalty,Talk it out,Sometimes,Talking to someone,Ambivert,Nervous,Talk openly,Unnecessary criticism,0.0
794,Weekly,Small gatherings,Honesty,Apologize first,No,Alone time,Extrovert,Nervous,Talk openly,Being interrupted,1.0
795,Weekly,Both,Honesty,Avoid conflict,Yes,Social media,Extrovert,Excited,Talk openly,Selfishness,0.0
796,Never,Never,Honesty,Apologize first,Yes,Alone time,Introvert,Neutral,Other,Unnecessary criticism,1.0
797,Monthly,Never,Loyalty,Avoid conflict,No,Talking to someone,Ambivert,Neutral,Other,Injustice,1.0
798,Monthly,Large events,Support,Let time fix it,Never,Alone time,Not sure,Excited,Other,Selfishness,0.0
799,Never,Never,Support,Apologize first,Yes,Alone time,Not sure,Excited,Other,Selfishness,1.0
800,Monthly,Both,Support,Apologize first,No,Talking to someone,Not sure,Avoid it,Other,Injustice,0.0
801,Never,Both,Support,Avoid conflict,Never,None of the above,Extrovert,Avoid it,Other,Injustice,0.0
802,Monthly,Never,Loyalty,Avoid conflict,Sometimes,None of the above,Not sure,Neutral,Express emotion strongly,Injustice,0.0
803,Monthly,Small gatherings,Honesty,Talk it out,No,Talking to someone,Not sure,Nervous,Talk openly,Injustice,0.0
804,Monthly,Never,Loyalty,Avoid conflict,Sometimes,Alone time,Introvert,Excited,Stay silent,Injustice,1.0
805,Monthly,Both,Support,Avoid conflict,No,None of the above,Introvert,Neutral,Stay silent,Being interrupted,0.0
806,Monthly,Never,Loyalty,Talk it out,Never,Alone time,Not sure,Excited,Other,Selfishness,0.0
807,Weekly,Large events,Loyalty,Avoid conflict,No,Social media,Introvert,Excited,Express emotion strongly,Selfishness,1.0
808,Monthly,Both,Support,Apologize first,Yes,Alone time,Ambivert,Neutral,Talk openly,Being interrupted,1.0
809,Weekly,Both,Support,Talk it out,No,Alone time,Introvert,Nervous,Express emotion strongly,Unnecessary criticism,0.0
810,Weekly,Small gatherings,Honesty,Talk it out,Yes,Talking to someone,Ambivert,Neutral,Talk openly,Being interrupted,1.0
811,Weekly,Both,Support,Let time fix it,Yes,Alone time,Not sure,Neutral,Stay silent,Being interrupted,0.0
812,Never,Both,Honesty,Talk it out,Yes,Alone time,Not sure,Nervous,Express emotion strongly,Selfishness,0.0
813,Never,Small gatherings,Loyalty,Talk it out,Yes,Social media,Introvert,Nervous,Express emotion strongly,Being interrupted,0.0
814,Monthly,Large events,Honesty,Talk it out,Sometimes,Talking to someone,Introvert,Nervous,Express emotion strongly,Selfishness,1.0
815,Monthly,Never,Honesty,Talk it out,Sometimes,Talking to someone,Not sure,Nervous,Stay silent,Unnecessary criticism,0.0
816,Never,Never,Honesty,Avoid conflict,Yes,Alone time,Introvert,Nervous,Other,Unnecessary criticism,0.0
817,Never,Both,Loyalty,Avoid conflict,Sometimes,Alone time,Introvert,Nervous,Express emotion strongly,Unnecessary criticism,0.0
818,Never,Both,Loyalty,Avoid conflict,No,Social media,Ambivert,Avoid it,Talk openly,Unnecessary criticism,0.0
819,Never,Both,Honesty,Avoid conflict,No,Social media,Extrovert,Neutral,Other,Injustice,0.0
820,Never,Both,Loyalty,Avoid conflict,Yes,Social media,Introvert,Excited,Talk openly,Unnecessary criticism,1.0
821,Daily,Small gatherings,Honesty,Talk it out,No,Alone time,Ambivert,Nervous,Stay silent,Injustice,0.0
822,Never,Both,Honesty,Talk it out,Yes,Alone time,Introvert,Excited,Express emotion strongly,Unnecessary criticism,1.0
823,Monthly,Both,Support,Talk it out,No,None of the above,Extrovert,Nervous,Talk openly,Being interrupted,0.0
824,Monthly,Small gatherings,Honesty,Talk it out,Yes,Alone time,Extrovert,Nervous,Other,Unnecessary criticism,0.0
825,Monthly,Small gatherings,Honesty,Apologize first,Never,None of the above,Ambivert,Excited,Stay silent,Injustice,0.0
826,Never,Large events,Loyalty,Avoid conflict,No,Talking to someone,Not sure,Avoid it,Talk openly,Being interrupted,1.0
827,Never,Both,Loyalty,Talk it out,Yes,Alone time,Ambivert,Nervous,Talk openly,Selfishness,1.0
828,Daily,Large events,Loyalty,Apologize first,Sometimes,Talking to someone,Ambivert,Nervous,Other,Unnecessary criticism,0.0
829,Weekly,Small gatherings,Loyalty,Talk it out,Yes,Alone time,Extrovert,Nervous,Express emotion strongly,Unnecessary criticism,0.0
830,Never,Large events,Honesty,Apologize first,Never,Social media,Not sure,Nervous,Express emotion strongly,Being interrupted,0.0
831,Daily,Small gatherings,Support,Apologize first,Yes,Talking to someone,Not sure,Avoid it,Express emotion strongly,Unnecessary criticism,0.0
832,Monthly,Small gatherings,Support,Avoid conflict,Yes,Social media,Extrovert,Nervous,Stay silent,Being interrupted,0.0
833,Monthly,Both,Loyalty,Talk it out,Sometimes,Talking to someone,Ambivert,Excited,Talk openly,Unnecessary criticism,0.0
834,Weekly,Both,Loyalty,Talk it out,Yes,None of the above,Extrovert,Neutral,Stay silent,Being interrupted,0.0
835,Monthly,Both,Honesty,Talk it out,No,Talking to someone,Introvert,Avoid it,Express emotion strongly,Being interrupted,0.0
836,Weekly,Large events,Honesty,Avoid conflict,No,Social media,Extrovert,Nervous,Stay silent,Being interrupted,1.0
837,Monthly,Large events,Honesty,Avoid conflict,No,Alone time,Introvert,Excited,Talk openly,Selfishness,1.0
838,Never,Large events,Honesty,Apologize first,Yes,None of the above,Introvert,Excited,Talk openly,Being interrupted,0.0
839,Weekly,Large events,Honesty,Talk it out,No,Social media,Extrovert,Nervous,Stay silent,Selfishness,1.0
840,Never,Large events,Honesty,Avoid conflict,No,Social media,Extrovert,Nervous,Express emotion strongly,Injustice,1.0
841,Never,Both,Loyalty,Avoid conflict,Sometimes,Talking to someone,Ambivert,Excited,Other,Injustice,1.0
842,Never,Large events,Loyalty,Talk it out,No,Social media,Extrovert,Avoid it,Talk openly,Being interrupted,0.0
843,Never,Both,Honesty,Avoid conflict,No,Talking to someone,Not sure,Excited,Stay silent,Unnecessary criticism,1.0
844,Monthly,Both,Honesty,Avoid conflict,No,Talking to someone,Introvert,Excited,Stay silent,Being interrupted,1.0
845,Weekly,Large events,Loyalty,Talk it out,No,Talking to someone,Extrovert,Neutral,Express emotion strongly,Injustice,0.0
846,Weekly,Both,Honesty,Avoid conflict,No,Alone time,Ambivert,Nervous,Express emotion strongly,Being interrupted,0.0
847,Never,Large events,Support,Avoid conflict,No,Social media,Ambivert,Neutral,Stay silent,Unnecessary criticism,0.0
849,Weekly,Large events,Loyalty,Avoid conflict,Yes,Social media,Extrovert,Excited,Stay silent,Being interrupted,0.0
850,Monthly,Large events,Honesty,Avoid conflict,Yes,Alone time,Ambivert,Nervous,Express emotion strongly,Injustice,0.0
851,Daily,Large events,Honesty,Avoid conflict,No,Alone time,Extrovert,Excited,Talk openly,Unnecessary criticism,0.0
852,Weekly,Large events,Support,Avoid conflict,No,Social media,Ambivert,Avoid it,Talk openly,Being interrupted,0.0
853,Weekly,Large events,Loyalty,Talk it out,No,Talking to someone,Extrovert,Excited,Express emotion strongly,Injustice,0.0
854,Weekly,Large events,Honesty,Avoid conflict,No,Alone time,Extrovert,Nervous,Express emotion strongly,Selfishness,0.0
855,Daily,Both,Honesty,Avoid conflict,No,Social media,Extrovert,Nervous,Talk openly,Selfishness,0.0
856,Monthly,Both,Honesty,Let time fix it,No,Alone time,Introvert,Neutral,Talk openly,Being interrupted,0.0
857,Daily,Small gatherings,Honesty,Avoid conflict,No,Alone time,Extrovert,Nervous,Talk openly,Unnecessary criticism,0.0
858,Monthly,Both,Loyalty,Apologize first,Sometimes,None of the above,Ambivert,Excited,Talk openly,Being interrupted,1.0
859,Daily,Both,Honesty,Talk it out,Yes,Talking to someone,Introvert,Excited,Stay silent,Unnecessary criticism,0.0
860,Monthly,Both,Support,Apologize first,Sometimes,Talking to someone,Ambivert,Nervous,Express emotion strongly,Being interrupted,0.0
861,Monthly,Both,Honesty,Talk it out,Yes,Alone time,Ambivert,Nervous,Talk openly,Unnecessary criticism,0.0
862,Weekly,Large events,Honesty,Apologize first,Yes,Social media,Extrovert,Excited,Talk openly,Selfishness,0.0
863,Monthly,Large events,Honesty,Avoid conflict,No,Social media,Extrovert,Nervous,Stay silent,Selfishness,0.0
864,Daily,Small gatherings,Honesty,Talk it out,Yes,Alone time,Introvert,Excited,Stay silent,Unnecessary criticism,1.0
865,Daily,Both,Honesty,Apologize first,No,Alone time,Extrovert,Excited,Stay silent,Being interrupted,0.0
866,Daily,Small gatherings,Honesty,Avoid conflict,Yes,Social media,Extrovert,Excited,Express emotion strongly,Selfishness,1.0
867,Weekly,Never,Support,Talk it out,No,Talking to someone,Ambivert,Nervous,Talk openly,Being interrupted,0.0
868,Daily,Large events,Loyalty,Talk it out,Yes,None of the above,Extrovert,Nervous,Talk openly,Selfishness,1.0
869,Weekly,Small gatherings,Honesty,Talk it out,No,Alone time,Introvert,Neutral,Express emotion strongly,Unnecessary criticism,1.0
870,Daily,Small gatherings,Loyalty,Avoid conflict,No,Alone time,Extrovert,Neutral,Talk openly,Selfishness,1.0
871,Weekly,Small gatherings,Honesty,Avoid conflict,No,Alone time,Introvert,Nervous,Talk openly,Selfishness,0.0
872,Daily,Both,Honesty,Let time fix it,Sometimes,Alone time,Extrovert,Nervous,Stay silent,Selfishness,0.0
873,Daily,Small gatherings,Loyalty,Apologize first,Sometimes,Social media,Introvert,Nervous,Stay silent,Being interrupted,1.0
874,Weekly,Small gatherings,Honesty,Avoid conflict,Yes,Talking to someone,Introvert,Nervous,Stay silent,Selfishness,1.0
875,Daily,Small gatherings,Loyalty,Avoid conflict,Sometimes,Talking to someone,Introvert,Neutral,Stay silent,Selfishness,0.0
876,Daily,Small gatherings,Honesty,Avoid conflict,Never,Social media,Introvert,Excited,Express emotion strongly,Selfishness,1.0
877,Daily,Large events,Loyalty,Apologize first,Never,Alone time,Introvert,Nervous,Talk openly,Unnecessary criticism,0.0
878,Daily,Small gatherings,Loyalty,Avoid conflict,No,Alone time,Introvert,Nervous,Talk openly,Selfishness,1.0
879,Daily,Small gatherings,Honesty,Talk it out,Sometimes,Social media,Not sure,Nervous,Talk openly,Unnecessary criticism,0.0
880,Monthly,Both,Honesty,Talk it out,Yes,Social media,Extrovert,Nervous,Express emotion strongly,Unnecessary criticism,0.0
881,Weekly,Small gatherings,Support,Talk it out,Yes,Talking to someone,Introvert,Excited,Talk openly,Injustice,0.0
882,Daily,Small gatherings,Loyalty,Apologize first,No,Social media,Extrovert,Excited,Talk openly,Selfishness,0.0
883,Monthly,Both,Loyalty,Avoid conflict,No,Talking to someone,Not sure,Nervous,Express emotion strongly,Being interrupted,1.0
884,Monthly,Small gatherings,Support,Apologize first,Sometimes,Alone time,Extrovert,Nervous,Talk openly,Selfishness,1.0
885,Weekly,Small gatherings,Honesty,Avoid conflict,No,Social media,Introvert,Excited,Talk openly,Injustice,1.0
886,Weekly,Never,Loyalty,Avoid conflict,No,Social media,Not sure,Neutral,Express emotion strongly,Unnecessary criticism,0.0
887,Daily,Large events,Loyalty,Avoid conflict,Yes,Social media,Introvert,Neutral,Express emotion strongly,Being interrupted,1.0
888,Daily,Large events,Honesty,Avoid conflict,Yes,Talking to someone,Extrovert,Neutral,Talk openly,Selfishness,1.0
889,Weekly,Small gatherings,Honesty,Apologize first,Yes,Social media,Ambivert,Nervous,Talk openly,Unnecessary criticism,1.0
890,Daily,Never,Loyalty,Apologize first,Yes,Social media,Ambivert,Neutral,Express emotion strongly,Being interrupted,0.0
891,Monthly,Small gatherings,Honesty,Avoid conflict,No,Talking to someone,Introvert,Avoid it,Talk openly,Being interrupted,1.0
892,Daily,Large events,Loyalty,Avoid conflict,Yes,Social media,Extrovert,Neutral,Talk openly,Being interrupted,1.0
893,Monthly,Both,Honesty,Apologize first,Yes,Alone time,Ambivert,Neutral,Stay silent,Unnecessary criticism,0.0
894,Weekly,Both,Support,Apologize first,No,Social media,Extrovert,Excited,Express emotion strongly,Selfishness,0.0
895,Daily,Both,Support,Let time fix it,Yes,Social media,Ambivert,Neutral,Talk openly,Being interrupted,1.0
896,Daily,Small gatherings,Honesty,Apologize first,No,Social media,Ambivert,Neutral,Stay silent,Unnecessary criticism,0.0
897,Weekly,Small gatherings,Honesty,Avoid conflict,Yes,Social media,Not sure,Neutral,Express emotion strongly,Unnecessary criticism,0.0
898,Weekly,Large events,Support,Talk it out,Yes,Social media,Ambivert,Nervous,Talk openly,Being interrupted,1.0
899,Never,Both,Loyalty,Talk it out,Yes,Social media,Extrovert,Nervous,Stay silent,Being interrupted,0.0
900,Monthly,Large events,Support,Avoid conflict,No,Social media,Extrovert,Nervous,Stay silent,Unnecessary criticism,0.0
901,Monthly,Large events,Loyalty,Talk it out,Sometimes,Social media,Extrovert,Nervous,Stay silent,Unnecessary criticism,0.0
902,Monthly,Small gatherings,Honesty,Apologize first,Yes,Alone time,Introvert,Nervous,Talk openly,Selfishness,0.0
903,Monthly,Both,Loyalty,Avoid conflict,No,Alone time,Ambivert,Nervous,Stay silent,Unnecessary criticism,0.0
904,Monthly,Both,Loyalty,Avoid conflict,No,Talking to someone,Ambivert,Neutral,Express emotion strongly,Being interrupted,0.0
905,Monthly,Both,Honesty,Talk it out,Yes,Social media,Extrovert,Nervous,Stay silent,Unnecessary criticism,0.0
906,Monthly,Large events,Honesty,Talk it out,Yes,Social media,Extrovert,Nervous,Stay silent,Unnecessary criticism,0.0
907,Weekly,Large events,Honesty,Avoid conflict,No,Social media,Extrovert,Nervous,Talk openly,Being interrupted,0.0
908,Monthly,Never,Support,Talk it out,No,Social media,Extrovert,Nervous,Express emotion strongly,Being interrupted,0.0
909,Weekly,Large events,Honesty,Avoid conflict,No,Talking to someone,Ambivert,Nervous,Stay silent,Unnecessary criticism,0.0
910,Weekly,Small gatherings,Honesty,Talk it out,Yes,Social media,Extrovert,Nervous,Stay silent,Unnecessary criticism,0.0
911,Weekly,Large events,Honesty,Avoid conflict,Yes,Talking to someone,Ambivert,Nervous,Talk openly,Selfishness,0.0
912,Weekly,Large events,Loyalty,Avoid conflict,No,Social media,Extrovert,Excited,Talk openly,Unnecessary criticism,1.0
913,Weekly,Both,Loyalty,Apologize first,No,Social media,Extrovert,Neutral,Stay silent,Unnecessary criticism,0.0
914,Daily,Both,Loyalty,Avoid conflict,Sometimes,Social media,Extrovert,Nervous,Express emotion strongly,Unnecessary criticism,0.0
915,Weekly,Large events,Loyalty,Apologize first,Yes,Alone time,Extrovert,Nervous,Stay silent,Unnecessary criticism,1.0
916,Monthly,Both,Loyalty,Talk it out,Sometimes,Social media,Extrovert,Nervous,Express emotion strongly,Unnecessary criticism,1.0
917,Weekly,Large events,Honesty,Talk it out,Yes,Alone time,Introvert,Excited,Stay silent,Being interrupted,1.0
918,Weekly,Both,Loyalty,Apologize first,Sometimes,Social media,Ambivert,Neutral,Express emotion strongly,Being interrupted,0.0
919,Weekly,Large events,Loyalty,Talk it out,No,Social media,Ambivert,Nervous,Stay silent,Unnecessary criticism,0.0
920,Daily,Large events,Honesty,Talk it out,Yes,Social media,Extrovert,Nervous,Stay silent,Being interrupted,0.0
921,Monthly,Both,Loyalty,Avoid conflict,Sometimes,Talking to someone,Ambivert,Neutral,Express emotion strongly,Being interrupted,0.0
922,Monthly,Large events,Loyalty,Avoid conflict,Yes,Alone time,Introvert,Excited,Stay silent,Being interrupted,1.0
923,Weekly,Both,Loyalty,Talk it out,No,Social media,Ambivert,Neutral,Express emotion strongly,Being interrupted,0.0
924,Weekly,Both,Honesty,Avoid conflict,No,Social media,Extrovert,Neutral,Stay silent,Unnecessary criticism,0.0
925,Weekly,Large events,Loyalty,Avoid conflict,No,Social media,Ambivert,Nervous,Stay silent,Unnecessary criticism,0.0
926,Weekly,Large events,Honesty,Avoid conflict,No,Social media,Extrovert,Excited,Stay silent,Unnecessary criticism,0.0
927,Monthly,Small gatherings,Loyalty,Talk it out,Sometimes,Alone time,Extrovert,Excited,Stay silent,Selfishness,0.0
928,Weekly,Large events,Support,Apologize first,Sometimes,Talking to someone,Ambivert,Nervous,Express emotion strongly,Being interrupted,0.0
929,Weekly,Large events,Loyalty,Talk it out,Never,Social media,Extrovert,Nervous,Stay silent,Unnecessary criticism,0.0
930,Monthly,Both,Loyalty,Apologize first,Sometimes,Social media,Ambivert,Nervous,Express emotion strongly,Being interrupted,0.0
931,Weekly,Large events,Honesty,Talk it out,No,Social media,Extrovert,Excited,Stay silent,Selfishness,0.0
932,Monthly,Both,Support,Avoid conflict,No,Social media,Extrovert,Nervous,Stay silent,Unnecessary criticism,0.0
933,Monthly,Both,Loyalty,Avoid conflict,No,Social media,Ambivert,Nervous,Stay silent,Unnecessary criticism,0.0
934,Weekly,Large events,Honesty,Avoid conflict,No,Alone time,Extrovert,Nervous,Stay silent,Selfishness,0.0
935,Monthly,Small gatherings,Support,Avoid conflict,No,Social media,Extrovert,Nervous,Express emotion strongly,Being interrupted,0.0
936,Weekly,Large events,Loyalty,Apologize first,Sometimes,Talking to someone,Ambivert,Neutral,Express emotion strongly,Being interrupted,0.0
937,Monthly,Large events,Loyalty,Avoid conflict,No,Social media,Extrovert,Excited,Talk openly,Unnecessary criticism,0.0
938,Weekly,Both,Loyalty,Apologize first,No,Talking to someone,Not sure,Avoid it,Express emotion strongly,Being interrupted,0.0
939,Monthly,Large events,Loyalty,Talk it out,No,Social media,Extrovert,Excited,Stay silent,Unnecessary criticism,0.0
940,Weekly,Large events,Loyalty,Avoid conflict,Sometimes,Talking to someone,Introvert,Nervous,Stay silent,Unnecessary criticism,0.0
941,Weekly,Small gatherings,Loyalty,Avoid conflict,No,Social media,Extrovert,Nervous,Stay silent,Unnecessary criticism,0.0
942,Weekly,Small gatherings,Loyalty,Avoid conflict,No,Alone time,Introvert,Excited,Stay silent,Unnecessary criticism,0.0
943,Weekly,Large events,Honesty,Apologize first,Sometimes,Talking to someone,Ambivert,Neutral,Express emotion strongly,Being interrupted,0.0
944,Weekly,Both,Loyalty,Apologize first,No,Alone time,Ambivert,Nervous,Express emotion strongly,Being interrupted,1.0
945,Monthly,Small gatherings,Honesty,Talk it out,No,Social media,Extrovert,Nervous,Stay silent,Being interrupted,0.0
946,Monthly,Both,Support,Apologize first,No,Social media,Not sure,Neutral,Stay silent,Unnecessary criticism,1.0
947,Monthly,Large events,Loyalty,Talk it out,No,Alone time,Extrovert,Excited,Stay silent,Unnecessary criticism,0.0
948,Weekly,Large events,Loyalty,Talk it out,No,Social media,Extrovert,Avoid it,Stay silent,Unnecessary criticism,0.0
949,Monthly,Large events,Loyalty,Avoid conflict,No,Social media,Ambivert,Neutral,Express emotion strongly,Unnecessary criticism,0.0
950,Weekly,Large events,Loyalty,Avoid conflict,Sometimes,Social media,Extrovert,Nervous,Talk openly,Unnecessary criticism,0.0
951,Daily,Both,Loyalty,Talk it out,No,Alone time,Introvert,Excited,Stay silent,Selfishness,0.0
952,Monthly,Both,Loyalty,Talk it out,No,Social media,Introvert,Neutral,Stay silent,Selfishness,0.0
953,Daily,Large events,Honesty,Avoid conflict,No,Social media,Extrovert,Excited,Stay silent,Unnecessary criticism,1.0
954,Weekly,Large events,Honesty,Talk it out,Yes,Alone time,Extrovert,Nervous,Stay silent,Unnecessary criticism,0.0
955,Weekly,Both,Honesty,Talk it out,No,Social media,Extrovert,Nervous,Stay silent,Unnecessary criticism,0.0
956,Weekly,Both,Honesty,Avoid conflict,Yes,Social media,Introvert,Neutral,Stay silent,Unnecessary criticism,1.0
957,Monthly,Never,Honesty,Talk it out,Yes,Social media,Extrovert,Nervous,Stay silent,Being interrupted,0.0
958,Weekly,Large events,Loyalty,Talk it out,Yes,Alone time,Extrovert,Excited,Talk openly,Unnecessary criticism,1.0
959,Weekly,Large events,Honesty,Talk it out,No,Alone time,Extrovert,Nervous,Talk openly,Selfishness,1.0
960,Monthly,Never,Honesty,Talk it out,Sometimes,None of the above,Ambivert,Nervous,"Stay silent, Express emotion strongly",Unnecessary criticism,1.0
961,Weekly,Large events,Loyalty,Avoid conflict,Yes,Alone time,Introvert,Nervous,Stay silent,Selfishness,0.0
962,Never,Large events,Loyalty,Apologize first,Yes,Talking to someone,Extrovert,Nervous,Express emotion strongly,Unnecessary criticism,0.0
963,Weekly,Large events,Honesty,Talk it out,Yes,Alone time,Extrovert,Excited,Talk openly,Unnecessary criticism,0.0
964,Never,Small gatherings,Loyalty,Avoid conflict,Sometimes,None of the above,Introvert,Nervous,"Stay silent, Express emotion strongly, Other",Being interrupted,0.0
965,Weekly,Large events,Loyalty,Talk it out,Yes,Alone time,Introvert,Excited,Stay silent,Unnecessary criticism,0.0
966,Monthly,Large events,Honesty,Apologize first,Yes,Talking to someone,Ambivert,Nervous,"Stay silent, Express emotion strongly",Selfishness,0.0
967,Daily,Both,Honesty,Talk it out,Yes,Alone time,Introvert,Excited,Stay silent,Unnecessary criticism,1.0
968,Monthly,Large events,Honesty,Let time fix it,Sometimes,Alone time,Extrovert,Excited,"Stay silent, Express emotion strongly",Unnecessary criticism,0.0
969,Weekly,Small gatherings,Honesty,Avoid conflict,Yes,Alone time,Ambivert,Nervous,Talk openly,Selfishness,1.0
970,Weekly,Never,Honesty,Apologize first,No,Social media,Ambivert,Excited,Express emotion strongly,Being interrupted,0.0
971,Weekly,Both,Loyalty,Talk it out,No,Social media,Extrovert,Nervous,Talk openly,Unnecessary criticism,0.0
972,Never,Large events,Honesty,Let time fix it,No,Social media,Introvert,Neutral,Talk openly,Unnecessary criticism,0.0
973,Monthly,Both,Honesty,Apologize first,Yes,Social media,Extrovert,Excited,Talk openly,Selfishness,0.0
974,Monthly,Never,Honesty,Avoid conflict,No,Talking to someone,Introvert,Nervous,"Talk openly, Stay silent",Selfishness,0.0
975,Weekly,Both,Loyalty,Avoid conflict,No,Alone time,Extrovert,Nervous,Stay silent,Unnecessary criticism,1.0
976,Never,Both,Honesty,Apologize first,Never,Talking to someone,Ambivert,Nervous,Talk openly,Unnecessary criticism,0.0
977,Weekly,Large events,Honesty,Talk it out,Yes,Social media,Ambivert,Nervous,Stay silent,Unnecessary criticism,1.0
978,Monthly,Large events,Honesty,Avoid conflict,No,Alone time,Extrovert,Excited,Talk openly,Selfishness,1.0
979,Monthly,Never,Loyalty,Talk it out,Yes,Alone time,Extrovert,Excited,Stay silent,Unnecessary criticism,0.0
980,Weekly,Both,Loyalty,Avoid conflict,No,Alone time,Ambivert,Excited,"Stay silent, Express emotion strongly",Unnecessary criticism,0.0
981,Weekly,Both,Loyalty,Avoid conflict,Sometimes,Social media,Ambivert,Nervous,Talk openly,Unnecessary criticism,1.0
982,Monthly,Small gatherings,Loyalty,Talk it out,No,Social media,Introvert,Nervous,Talk openly,Unnecessary criticism,0.0
983,Monthly,Large events,Honesty,Talk it out,No,Social media,Extrovert,Excited,Stay silent,Unnecessary criticism,1.0
984,Weekly,Never,Loyalty,Let time fix it,No,Social media,Introvert,Neutral,Stay silent,Unnecessary criticism,1.0
985,Monthly,Both,Loyalty,Avoid conflict,No,Alone time,Extrovert,Excited,Stay silent,Unnecessary criticism,1.0
986,Monthly,Large events,Loyalty,Avoid conflict,Yes,Social media,Introvert,Excited,Talk openly,Unnecessary criticism,1.0
987,Never,Small gatherings,Support,Apologize first,No,Alone time,Extrovert,Nervous,Talk openly,Unnecessary criticism,1.0
988,Weekly,Both,Loyalty,Talk it out,No,Social media,Ambivert,Excited,Talk openly,Unnecessary criticism,1.0
989,Never,Small gatherings,Loyalty,Talk it out,No,Talking to someone,Extrovert,Neutral,"Stay silent, Express emotion strongly",Injustice,0.0
990,Weekly,Large events,Loyalty,Avoid conflict,No,Alone time,Extrovert,Nervous,Stay silent,Unnecessary criticism,0.0
991,Weekly,Both,Loyalty,Avoid conflict,Yes,Social media,Introvert,Excited,Stay silent,Selfishness,0.0
992,Monthly,Small gatherings,Support,Talk it out,No,Alone time,Not sure,Nervous,Talk openly,Unnecessary criticism,1.0
993,Weekly,Large events,Loyalty,Avoid conflict,Sometimes,Alone time,Extrovert,Nervous,Talk openly,Unnecessary criticism,0.0
994,Weekly,Small gatherings,Support,Apologize first,No,Talking to someone,Extrovert,Nervous,Talk openly,Unnecessary criticism,0.0
995,Weekly,Both,Loyalty,Avoid conflict,Yes,Alone time,Ambivert,Nervous,Stay silent,Unnecessary criticism,0.0
996,Monthly,Both,Loyalty,Avoid conflict,Yes,Talking to someone,Ambivert,Excited,Express emotion strongly,Being interrupted,1.0
997,Weekly,Large events,Honesty,Avoid conflict,No,Alone time,Introvert,Excited,Talk openly,Unnecessary criticism,0.0
998,Weekly,Large events,Loyalty,Talk it out,Yes,Alone time,Introvert,Nervous,Talk openly,Selfishness,1.0
999,Never,Small gatherings,Honesty,Apologize first,Sometimes,Talking to someone,Extrovert,Nervous,Stay silent,Unnecessary criticism,1.0
1000,Weekly,Both,Loyalty,Apologize first,No,Social media,Introvert,Excited,Stay silent,Unnecessary criticism,1.0
1001,Weekly,Both,Honesty,Apologize first,Yes,Alone time,Extrovert,Excited,Stay silent,Unnecessary criticism,0.0
1002,Daily,Both,Support,Let time fix it,No,Alone time,Ambivert,Neutral,"Stay silent, Express emotion strongly, Other",Injustice,0.0
1003,Weekly,Large events,Loyalty,Let time fix it,Yes,Alone time,Extrovert,Nervous,Other,Injustice,0.0
1004,Never,Large events,Honesty,Talk it out,Sometimes,None of the above,Extrovert,Neutral,"Express emotion strongly, Other",Unnecessary criticism,0.0
1005,Weekly,Both,Loyalty,Avoid conflict,Yes,Alone time,Not sure,Nervous,Talk openly,Selfishness,1.0
1006,Daily,Large events,Loyalty,Talk it out,Never,Social media,Ambivert,Avoid it,Other,Being interrupted,0.0
1007,Monthly,Large events,Support,Avoid conflict,Sometimes,Alone time,Introvert,Nervous,Stay silent,Unnecessary criticism,0.0
1008,Monthly,Large events,Support,Avoid conflict,Yes,Talking to someone,Extrovert,Nervous,"Stay silent, Other",Unnecessary criticism,0.0
1009,Daily,Large events,Support,Avoid conflict,Yes,Alone time,Introvert,Excited,Stay silent,Unnecessary criticism,1.0
1010,Weekly,Both,Honesty,Apologize first,No,Social media,Introvert,Nervous,"Talk openly, Stay silent",Unnecessary criticism,0.0
1011,Daily,Small gatherings,Honesty,Avoid conflict,No,Social media,Ambivert,Nervous,Express emotion strongly,Being interrupted,0.0
1012,Never,Large events,Honesty,Talk it out,yes,None of the above,Introvert,Excited,Talk openly,Being interrupted,0.0
